fid,objectid,gthcode,globalid,st_area(shape),reg_name,prov_name,city_name,brgy_name,reg_code,prov_code,city_code,brgy_code,psgc_10d,geographic_level,old_names,class,income_class,urban_rural2015,bgypop2015,bgypop2020,bgyarea_sqkm,gida,gida_yr,st_perimeter(shape),created_user,created_date,last_edited_user,last_edited_date,flood5_summary_fid,flood5_summary_count,flood5_summary_unique,flood5_summary_min,flood5_summary_max,flood5_summary_range,flood5_summary_sum,flood5_summary_mean,flood5_summary_median,flood5_summary_stddev,flood5_summary_minority,flood5_summary_majority,flood5_summary_q1,flood5_summary_q3,flood5_summary_iqr,flood25_summary_fid,flood25_summary_count,flood25_summary_unique,flood25_summary_min,flood25_summary_max,flood25_summary_range,flood25_summary_sum,flood25_summary_mean,flood25_summary_median,flood25_summary_stddev,flood25_summary_minority,flood25_summary_majority,flood25_summary_q1,flood25_summary_q3,flood25_summary_iqr,flood100_summary_fid,flood100_summary_count,flood100_summary_unique,flood100_summary_min,flood100_summary_max,flood100_summary_range,flood100_summary_sum,flood100_summary_mean,flood100_summary_median,flood100_summary_stddev,flood100_summary_minority,flood100_summary_majority,flood100_summary_q1,flood100_summary_q3,flood100_summary_iqr
"1","3930","8011339011050000",{DEAFDEBB-6758-4900-9128-49B0283B17AC},"4.24594399720037e-05",National Capital Region (NCR),"NCR, First District, City of Manila",City of Manila - Tondo I / II,Barangay 105,"130000000","133900000","133901000","133901105","1380601105",Bgy,,Highly Urbanized Cities (HUC),,U,"23206","24971","0.50613655",No,,"0.0359854520357194",,,ADMIN2,"1748789491000","1","3","3","39430.9560626204","355093.82841231","315662.872349689","490155.087727046","163385.029242349","95630.3032521155","137486.45852234","39430.9560626204","39430.9560626204","67530.629657368","225362.065832213","157831.436174845","1","3","3","29632.6320609022","381256.248142373","351623.616081471","490155.094589156","163385.031529719","79266.2143858802","155385.055898374","29632.6320609022","29632.6320609022","54449.4232233912","230261.231264127","175811.808040736","1","3","3","39430.9560626204","355093.82841231","315662.872349689","490155.087727046","163385.029242349","95630.3032521155","137486.45852234","39430.9560626204","39430.9560626204","67530.629657368","225362.065832213","157831.436174845"
"2","3926","8011339011040000",{680F33AB-45B0-47C5-9860-53CB2A8106A6},"3.2651391600871e-06",National Capital Region (NCR),"NCR, First District, City of Manila",City of Manila - Tondo I / II,Barangay 104,"130000000","133900000","133901000","133901104","1380601104",Bgy,,Highly Urbanized Cities (HUC),,U,"5334","5741","0.03892261",No,,"0.00749025921060779",,,ADMIN2,"1748789491000","2","3","3","1313.23087316418","19613.6847557149","18300.4538825508","38922.6131828362","12974.2043942787","17995.697553957","8271.96865892531","1313.23087316418","1313.23087316418","9654.46421356061","18804.691154836","9150.22694127538","2","2","2","10312.9715036227","28609.6342936287","18296.6627900061","38922.6057972514","19461.3028986257","19461.3028986257","9148.33139500303","10312.9715036227","10312.9715036227","10312.9715036227","28609.6342936287","18296.6627900061","2","3","3","1313.23087316418","19613.6847557149","18300.4538825508","38922.6131828362","12974.2043942787","17995.697553957","8271.96865892531","1313.23087316418","1313.23087316418","9654.46421356061","18804.691154836","9150.22694127538"
"3","3942","8011339011080000",{71C86B2A-8374-47AC-B319-99E53FABB0DF},"2.68747415417923e-06",National Capital Region (NCR),"NCR, First District, City of Manila",City of Manila - Tondo I / II,Barangay 108,"130000000","133900000","133901000","133901108","1380601108",Bgy,,Highly Urbanized Cities (HUC),,U,"5079","5391","0.03203667",No,,"0.00717149730335906",,,ADMIN2,"1748789491000","3","2","2","6235.43138954816","25801.2358057528","19565.8044162047","32036.667195301","16018.3335976505","16018.3335976505","9782.90220810233","6235.43138954816","6235.43138954816","6235.43138954816","25801.2358057528","19565.8044162047","3","2","2","2132.84087222417","29903.827928957","27770.9870567328","32036.6688011811","16018.3344005906","16018.3344005906","13885.4935283664","2132.84087222417","2132.84087222417","2132.84087222417","29903.827928957","27770.9870567328","3","2","2","6235.43138954816","25801.2358057528","19565.8044162047","32036.667195301","16018.3335976505","16018.3335976505","9782.90220810233","6235.43138954816","6235.43138954816","6235.43138954816","25801.2358057528","19565.8044162047"
"4","3951","8011339010110000",{6EAE55A3-6E84-4111-8A84-7791D8B373B8},"1.12033728320752e-06",National Capital Region (NCR),"NCR, First District, City of Manila",City of Manila - Tondo I / II,Barangay 11,"130000000","133900000","133901000","133901011","1380601011",Bgy,,Highly Urbanized Cities (HUC),,U,"2188","2758","0.01335627",No,,"0.00635861231853372",,,ADMIN2,"1748789491000","4","2","2","3165.03208045006","10191.2383250767","7026.20624462666","13356.2704055268","6678.13520276339","6678.13520276339","3513.10312231333","3165.03208045006","3165.03208045006","3165.03208045006","10191.2383250767","7026.20624462666","4","3","3","16.7074326217262","10831.3039108096","10814.5964781878","13356.2666412329","4452.08888041096","2508.25529780159","4624.04880266693","16.7074326217262","16.7074326217262","1262.48136521166","6669.77960430558","5407.29823909392","4","2","2","3165.03208045006","10191.2383250767","7026.20624462666","13356.2704055268","6678.13520276339","6678.13520276339","3513.10312231333","3165.03208045006","3165.03208045006","3165.03208045006","10191.2383250767","7026.20624462666"
"5","3977","8011339011120000",{3D681ED2-035C-4BDA-B95E-12FE33B5AF39},"2.30142054408934e-06",National Capital Region (NCR),"NCR, First District, City of Manila",City of Manila - Tondo I / II,Barangay 112,"130000000","133900000","133901000","133901112","1380601112",Bgy,,Highly Urbanized Cities (HUC),,U,"3752","5593","0.02743483",No,,"0.00622298669948392",,,ADMIN2,"1748789491000","5","3","3","5071.26972338509","17069.0323073901","11997.762584005","27434.831402001","9144.943800667","5294.52937122581","5603.91798740692","5071.26972338509","5071.26972338509","5182.89954730545","11181.780839308","5998.8812920025","5","3","3","3871.74072757395","13552.92265442","9681.18192684607","27434.8344986081","9144.94483286936","10010.1711166141","3999.39856034503","3871.74072757395","3871.74072757395","6940.95592209403","11781.5468855171","4840.59096342304","5","3","3","5071.26972338509","17069.0323073901","11997.762584005","27434.831402001","9144.943800667","5294.52937122581","5603.91798740692","5071.26972338509","5071.26972338509","5182.89954730545","11181.780839308","5998.8812920025"
"6","3974","8011339011110000",{E6C7CCD3-7EB1-46A0-960A-D88E331D88F6},"1.21827837602306e-06",National Capital Region (NCR),"NCR, First District, City of Manila",City of Manila - Tondo I / II,Barangay 111,"130000000","133900000","133901000","133901111","1380601111",Bgy,,Highly Urbanized Cities (HUC),,U,"1978","2661","0.01452287",No,,"0.00471087071238826",,,ADMIN2,"1748789491000","6","2","2","5675.58269300032","8847.28786908032","3171.70517608","14522.8705620806","7261.43528104032","7261.43528104032","1585.85258804","5675.58269300032","5675.58269300032","5675.58269300032","8847.28786908032","3171.70517608","6","2","2","5218.73402621406","9304.13596864177","4085.40194242771","14522.8699948558","7261.43499742792","7261.43499742792","2042.70097121385","5218.73402621406","5218.73402621406","5218.73402621406","9304.13596864177","4085.40194242771","6","2","2","5675.58269300032","8847.28786908032","3171.70517608","14522.8705620806","7261.43528104032","7261.43528104032","1585.85258804","5675.58269300032","5675.58269300032","5675.58269300032","8847.28786908032","3171.70517608"
"7","4519","8011339012550000",{B39974CB-D8D3-46CD-9C78-8504F45B70C5},"4.0682832094022e-06",National Capital Region (NCR),"NCR, First District, City of Manila",City of Manila - Tondo I / II,Barangay 254,"130000000","133900000","133901000","133901255","1380601255",Bgy,,Highly Urbanized Cities (HUC),,U,"2853","3713","0.04849847",No,,"0.00890884301313226",,,ADMIN2,"1748789491000","7","3","3","4081.51417802445","31660.7966316421","27579.2824536177","48498.4651492413","16166.1550497471","12756.1543395747","11514.4918485833","4081.51417802445","4081.51417802445","8418.8342587996","22208.4754856084","13789.6412268088","7","3","3","12027.5047459117","23463.9363031225","11436.4315572109","48498.4669548354","16166.1556516118","13007.0259058012","5175.78124562473","12027.5047459117","12027.5047459117","12517.2653258564","18235.4811044619","5718.21577860543","7","3","3","4081.51417802445","31660.7966316421","27579.2824536177","48498.4651492413","16166.1550497471","12756.1543395747","11514.4918485833","4081.51417802445","4081.51417802445","8418.8342587996","22208.4754856084","13789.6412268088"
"8","3995","8011339011190000",{04EE3D10-3193-4A96-B55C-A4224FAC9418},"1.56269367585079e-06",National Capital Region (NCR),"NCR, First District, City of Manila",City of Manila - Tondo I / II,Barangay 119,"130000000","133900000","133901000","133901119","1380601119",Bgy,,Highly Urbanized Cities (HUC),,U,"3251","2345","0.01862886",No,,"0.00601070175027005",,,ADMIN2,"1748789491000","8","2","2","8859.81216165493","9769.05119904723","909.239037392304","18628.8633607022","9314.43168035108","9314.43168035108","454.619518696152","8859.81216165493","8859.81216165493","8859.81216165493","9769.05119904723","909.239037392304","8","2","2","7030.87983744418","11597.9764901634","4567.09665271926","18628.8563276076","9314.42816380382","9314.42816380382","2283.54832635963","7030.87983744418","7030.87983744418","7030.87983744418","11597.9764901634","4567.09665271926","8","2","2","8859.81216165493","9769.05119904723","909.239037392304","18628.8633607022","9314.43168035108","9314.43168035108","454.619518696152","8859.81216165493","8859.81216165493","8859.81216165493","9769.05119904723","909.239037392304"
"9","4032","8011339011250000",{57150844-3C55-4ADD-BAD1-3CC643DA982D},"1.29214762659321e-06",National Capital Region (NCR),"NCR, First District, City of Manila",City of Manila - Tondo I / II,Barangay 125,"130000000","133900000","133901000","133901125","1380601125",Bgy,,Highly Urbanized Cities (HUC),,U,"2098","4510","0.01540229",No,,"0.00797495695607306",,,ADMIN2,"1748789491000","9","4","4","24.3294511213971","10752.3089925052","10727.9795413838","15402.3137009831","3850.57842524578","2312.83762867826","4332.62750837789","24.3294511213971","24.3294511213971","163.391707740178","7537.76514275139","7374.37343501121","9","3","3","3177.13590007613","6986.27329482958","3809.13739475345","15402.3166462119","5134.10554873732","5238.90745130624","1556.83857054691","3177.13590007613","3177.13590007613","4208.02167569118","6112.59037306791","1904.56869737672","9","4","4","24.3294511213971","10752.3089925052","10727.9795413838","15402.3137009831","3850.57842524578","2312.83762867826","4332.62750837789","24.3294511213971","24.3294511213971","163.391707740178","7537.76514275139","7374.37343501121"
"10","4026","8011339011230000",{89450907-7B69-49FE-993D-F493BE76866D},"8.28343678902288e-06",National Capital Region (NCR),"NCR, First District, City of Manila",City of Manila - Tondo I / II,Barangay 123,"130000000","133900000","133901000","133901123","1380601123",Bgy,,Highly Urbanized Cities (HUC),,U,"8490","8660","0.09874841",No,,"0.0152748504021683",,,ADMIN2,"1748789491000","10","3","3","99.9606465261895","82115.1802185402","82015.219572014","93896.9083838932","31298.9694612977","11681.7675188269","36242.2407272709","99.9606465261895","99.9606465261895","5890.86408267652","46898.4738686835","41007.609786007","10","2","2","8799.21055907962","85097.7043250291","76298.4937659495","93896.9148841087","46948.4574420544","46948.4574420544","38149.2468829747","8799.21055907962","8799.21055907962","8799.21055907962","85097.7043250291","76298.4937659495","10","3","3","99.9606465261895","82115.1802185402","82015.219572014","93896.9083838932","31298.9694612977","11681.7675188269","36242.2407272709","99.9606465261895","99.9606465261895","5890.86408267652","46898.4738686835","41007.609786007"
"11","4029","8011339011240000",{D1B93F67-DA34-412B-81CA-7CAAF5FC4B28},"2.57580078232517e-06",National Capital Region (NCR),"NCR, First District, City of Manila",City of Manila - Tondo I / II,Barangay 124,"130000000","133900000","133901000","133901124","1380601124",Bgy,,Highly Urbanized Cities (HUC),,U,"2626","159","0.03070363",No,,"0.00765912017393691",,,ADMIN2,"1748789491000","11","2","2","1565.85195961728","29137.7760727713","27571.9241131541","30703.6280323886","15351.8140161943","15351.8140161943","13785.962056577","1565.85195961728","1565.85195961728","1565.85195961728","29137.7760727713","27571.9241131541","11","3","3","299.883557217137","16549.0475263619","16249.1639691447","30703.6283294081","10234.5427764694","13854.6972458291","7110.46042628073","299.883557217137","299.883557217137","7077.2904015231","15201.8723860955","8124.58198457236","11","2","2","1565.85195961728","29137.7760727713","27571.9241131541","30703.6280323886","15351.8140161943","15351.8140161943","13785.962056577","1565.85195961728","1565.85195961728","1565.85195961728","29137.7760727713","27571.9241131541"
"12","4023","8011339011220000",{00FCEF8D-B9FE-4335-BA4A-B088FFCE0563},"1.94804591330851e-06",National Capital Region (NCR),"NCR, First District, City of Manila",City of Manila - Tondo I / II,Barangay 122,"130000000","133900000","133901000","133901122","1380601122",Bgy,,Highly Urbanized Cities (HUC),,U,"4257","3824","0.02322255",No,,"0.00576031981806421",,,ADMIN2,"1748789491000","12","3","3","1071.04037195561","20202.590725969","19131.5503540134","23222.5553656816","7740.85178856054","1948.92426775704","8819.06544715172","1071.04037195561","1071.04037195561","1509.98231985632","11075.757496863","9565.77517700669","12","2","2","8173.06695508913","15049.484324757","6876.41736966792","23222.5512798462","11611.2756399231","11611.2756399231","3438.20868483396","8173.06695508913","8173.06695508913","8173.06695508913","15049.484324757","6876.41736966792","12","3","3","1071.04037195561","20202.590725969","19131.5503540134","23222.5553656816","7740.85178856054","1948.92426775704","8819.06544715172","1071.04037195561","1071.04037195561","1509.98231985632","11075.757496863","9565.77517700669"
"13","4041","8011339011280000",{3A36B841-208E-4859-9FFF-F0611F0900FE},"8.9530281860438e-05",National Capital Region (NCR),"NCR, First District, City of Manila",City of Manila - Tondo I / II,Barangay 128,"130000000","133900000","133901000","133901128","1380601128",Bgy,,Highly Urbanized Cities (HUC),,U,"18218","23702","1.06720511",No,,"0.0687946351754914",,,ADMIN2,"1748789491000","13","4","4","5282.69009769389","666342.516905993","661059.826808299","1034030.66728561","258507.666821402","181202.730140961","249115.025302156","5282.69009769389","5282.69009769389","66249.8335715255","450765.500071278","384515.666499753","13","4","4","47.2108644902182","705108.085404288","705060.874539798","1034030.65651494","258507.664128735","164437.68012308","269395.944198671","47.2108644902182","47.2108644902182","54080.7848625648","462934.543394904","408853.758532339","13","4","4","5282.69009769389","666342.516905993","661059.826808299","1034030.66728561","258507.666821402","181202.730140961","249115.025302156","5282.69009769389","5282.69009769389","66249.8335715255","450765.500071278","384515.666499753"
"14","4038","8011339011270000",{DE79D6A8-E4BE-42E7-9388-1319E22B2ACE},"3.79181176308616e-06",National Capital Region (NCR),"NCR, First District, City of Manila",City of Manila - Tondo I / II,Barangay 127,"130000000","133900000","133901000","133901127","1380601127",Bgy,,Highly Urbanized Cities (HUC),,U,"597","565","0.045198",No,,"0.0107208447301212",,,ADMIN2,"1748789491000","14","3","3","75.7048945209608","43055.5926370515","42979.8877425305","45197.9984235908","15065.9994745303","2066.70089201833","19808.314926113","75.7048945209608","75.7048945209608","1071.20289326964","22561.1467645349","21489.9438712653","14","3","3","1136.57614445624","28828.2312103958","27691.6550659396","45197.9962624595","15065.9987541532","15233.1889076074","11305.6889656875","1136.57614445624","1136.57614445624","8184.88252603184","22030.7100590016","13845.8275329698","14","3","3","75.7048945209608","43055.5926370515","42979.8877425305","45197.9984235908","15065.9994745303","2066.70089201833","19808.314926113","75.7048945209608","75.7048945209608","1071.20289326964","22561.1467645349","21489.9438712653"
"15","4206","8011339011650000",{78087169-2EDE-4B8A-A299-209D8E218DF4},"1.90385885867731e-06",National Capital Region (NCR),"NCR, First District, City of Manila",City of Manila - Tondo I / II,Barangay 165,"130000000","133900000","133901000","133901165","1380601165",Bgy,,Highly Urbanized Cities (HUC),,U,"989","1014","0.02269469",No,,"0.00685323238737559",,,ADMIN2,"1748789491000","15","3","3","299.886669937638","17438.8322161484","17138.9455462107","22694.6850724817","7564.89502416058","4955.96618639575","7236.05536506297","299.886669937638","299.886669937638","2627.92642816669","11197.3992012721","8569.47277310536","15","3","3","1351.7800515046","13555.2644006789","12203.4843491743","22694.6839034015","7564.89463446718","7787.63945121803","4984.5407013537","1351.7800515046","1351.7800515046","4569.70975136132","10671.4519259485","6101.74217458715","15","3","3","299.886669937638","17438.8322161484","17138.9455462107","22694.6850724817","7564.89502416058","4955.96618639575","7236.05536506297","299.886669937638","299.886669937638","2627.92642816669","11197.3992012721","8569.47277310536"
"16","4048","8011339010130000",{63BB5652-AE84-4855-BEB6-B0F87B62D9E4},"1.04137994782065e-06",National Capital Region (NCR),"NCR, First District, City of Manila",City of Manila - Tondo I / II,Barangay 13,"130000000","133900000","133901000","133901013","1380601013",Bgy,,Highly Urbanized Cities (HUC),,U,"2280","2371","0.01241489",No,,"0.00473949161754655",,,ADMIN2,"1748789491000","16","2","2","3862.26222755387","8552.63007949691","4690.36785194304","12414.8923070508","6207.44615352539","6207.44615352539","2345.18392597152","3862.26222755387","3862.26222755387","3862.26222755387","8552.63007949691","4690.36785194304","16","3","3","120.397033383182","11064.9430201353","10944.5459867521","12414.8926350261","4138.29754500871","1229.5525815076","4918.76472711411","120.397033383182","120.397033383182","674.974807445393","6147.24780082147","5472.27299337607","16","2","2","3862.26222755387","8552.63007949691","4690.36785194304","12414.8923070508","6207.44615352539","6207.44615352539","2345.18392597152","3862.26222755387","3862.26222755387","3862.26222755387","8552.63007949691","4690.36785194304"
"17","4066","8011339011310000",{D227F0A5-C39A-4403-A207-FB13BD5C18A3},"2.15679226601732e-06",National Capital Region (NCR),"NCR, First District, City of Manila",City of Manila - Tondo I / II,Barangay 131,"130000000","133900000","133901000","133901131","1380601131",Bgy,,Highly Urbanized Cities (HUC),,U,"1443","1621","0.02570916",No,,"0.00612058339129204",,,ADMIN2,"1748789491000","17","1","1","25709.1683170646","25709.1683170646","0","25709.1683170646","25709.1683170646","25709.1683170646","0","25709.1683170646","25709.1683170646","25709.1683170646","25709.1683170646","0","17","2","2","1184.66805857167","24524.4997849827","23339.8317264111","25709.1678435544","12854.5839217772","12854.5839217772","11669.9158632055","1184.66805857167","1184.66805857167","1184.66805857167","24524.4997849827","23339.8317264111","17","1","1","25709.1683170646","25709.1683170646","0","25709.1683170646","25709.1683170646","25709.1683170646","0","25709.1683170646","25709.1683170646","25709.1683170646","25709.1683170646","0"
"18","4081","8011339011360000",{B8B5CA5C-F524-4E5A-862C-3D786731A84B},"2.40902221196137e-06",National Capital Region (NCR),"NCR, First District, City of Manila",City of Manila - Tondo I / II,Barangay 136,"130000000","133900000","133901000","133901136","1380601136",Bgy,,Highly Urbanized Cities (HUC),,U,"928","1197","0.02871575",No,,"0.00864685396780461",,,ADMIN2,"1748789491000","18","2","2","1767.7999776286","26947.9430238694","25180.1430462408","28715.743001498","14357.871500749","14357.871500749","12590.0715231204","1767.7999776286","1767.7999776286","1767.7999776286","26947.9430238694","25180.1430462408","18","3","3","1567.87937856108","23546.3186570421","21978.439278481","28715.7426702124","9571.91422340414","3601.54463460923","9916.21342548235","1567.87937856108","1567.87937856108","2584.71200658515","13573.9316458257","10989.2196392405","18","2","2","1767.7999776286","26947.9430238694","25180.1430462408","28715.743001498","14357.871500749","14357.871500749","12590.0715231204","1767.7999776286","1767.7999776286","1767.7999776286","26947.9430238694","25180.1430462408"
"19","5054","8011339060950000",{737BCC70-8620-4FBD-9D67-B7B80B6D706C},"1.8964941585697e-06",National Capital Region (NCR),"NCR, First District, City of Manila",City of Manila - Sampaloc,Barangay 489,"130000000","133900000","133906000","133906095","1380606095",Bgy,,Highly Urbanized Cities (HUC),,U,"921","1142","0.02260807",No,,"0.00551948227379543",,,ADMIN2,"1748789491000","19","2","2","99.964131851506","22508.1034914583","22408.1393596068","22608.0676233098","11304.0338116549","11304.0338116549","11204.0696798034","99.964131851506","99.964131851506","99.964131851506","22508.1034914583","22408.1393596068","19","2","2","1664.80769937977","20943.2611872337","19278.4534878539","22608.0688866135","11304.0344433067","11304.0344433067","9639.22674392696","1664.80769937977","1664.80769937977","1664.80769937977","20943.2611872337","19278.4534878539","19","2","2","99.964131851506","22508.1034914583","22408.1393596068","22608.0676233098","11304.0338116549","11304.0338116549","11204.0696798034","99.964131851506","99.964131851506","99.964131851506","22508.1034914583","22408.1393596068"
"20","4113","8011339011420000",{9826C09A-B5A2-44C4-81A2-2BD0D1A4825A},"1.40603864474315e-06",National Capital Region (NCR),"NCR, First District, City of Manila",City of Manila - Tondo I / II,Barangay 142,"130000000","133900000","133901000","133901142","1380601142",Bgy,,Highly Urbanized Cities (HUC),,U,"1729","1710","0.01675995",No,,"0.00600635312206189",,,ADMIN2,"1748789491000","20","2","2","409.858173819943","16350.0910641196","15940.2328902997","16759.9492379396","8379.97461896978","8379.97461896978","7970.11644514983","409.858173819943","409.858173819943","409.858173819943","16350.0910641196","15940.2328902997","20","3","3","58.686611909754","9544.51985684258","9485.83324493283","16759.9509876645","5586.65032922149","7156.74451891212","4028.57749179066","58.686611909754","58.686611909754","3607.71556541094","8350.63218787735","4742.91662246641","20","2","2","409.858173819943","16350.0910641196","15940.2328902997","16759.9492379396","8379.97461896978","8379.97461896978","7970.11644514983","409.858173819943","409.858173819943","409.858173819943","16350.0910641196","15940.2328902997"
"21","4110","8011339011410000",{803FEC2F-884A-4B78-8B5C-0714DFADB752},"5.8400447590063e-07",National Capital Region (NCR),"NCR, First District, City of Manila",City of Manila - Tondo I / II,Barangay 141,"130000000","133900000","133901000","133901141","1380601141",Bgy,,Highly Urbanized Cities (HUC),,U,"506","529","0.00696137",No,,"0.00319209576698096",,,ADMIN2,"1748789491000","21","1","1","6961.36868094653","6961.36868094653","0","6961.36868094653","6961.36868094653","6961.36868094653","0","6961.36868094653","6961.36868094653","6961.36868094653","6961.36868094653","0","21","2","2","1360.61832164165","5600.75087140167","4240.13254976002","6961.36919304333","3480.68459652166","3480.68459652166","2120.06627488001","1360.61832164165","1360.61832164165","1360.61832164165","5600.75087140167","4240.13254976002","21","1","1","6961.36868094653","6961.36868094653","0","6961.36868094653","6961.36868094653","6961.36868094653","0","6961.36868094653","6961.36868094653","6961.36868094653","6961.36868094653","0"
"22","4125","8011339011460000",{DAE3EC51-901B-4F41-9C10-74656A9BD92F},"3.13972732878455e-06",National Capital Region (NCR),"NCR, First District, City of Manila",City of Manila - Tondo I / II,Barangay 146,"130000000","133900000","133901000","133901146","1380601146",Bgy,,Highly Urbanized Cities (HUC),,U,"2734","2895","0.03742542",No,,"0.00756186503235208",,,ADMIN2,"1748789491000","22","3","3","4.29613910242188","36170.9344317692","36166.6382926668","37425.4250471595","12475.1416823865","1250.1944762879","16763.1741461837","4.29613910242188","4.29613910242188","627.245307695163","18710.5644540286","18083.3191463334","22","3","3","172.157761694449","21502.3671686982","21330.2094070037","37425.4254922264","12475.1418307421","15750.9005618338","9010.82329885936","172.157761694449","172.157761694449","7961.52916176412","18626.633865266","10665.1047035019","22","3","3","4.29613910242188","36170.9344317692","36166.6382926668","37425.4250471595","12475.1416823865","1250.1944762879","16763.1741461837","4.29613910242188","4.29613910242188","627.245307695163","18710.5644540286","18083.3191463334"
"23","4122","8011339011450000",{70CA504C-EB68-43FE-AD02-43E3F68C4B47},"1.47874850467727e-06",National Capital Region (NCR),"NCR, First District, City of Manila",City of Manila - Tondo I / II,Barangay 145,"130000000","133900000","133901000","133901145","1380601145",Bgy,,Highly Urbanized Cities (HUC),,U,"1117","1029","0.0176267",No,,"0.00510437154855597",,,ADMIN2,"1748789491000","23","2","2","1140.04978423157","16486.652456052","15346.6026718205","17626.7022402836","8813.3511201418","8813.3511201418","7673.30133591023","1140.04978423157","1140.04978423157","1140.04978423157","16486.652456052","15346.6026718205","23","3","3","205.65142309088","16947.4063064588","16741.754883368","17626.7021503975","5875.56738346582","473.644420847748","7829.73681610645","205.65142309088","205.65142309088","339.647921969314","8710.52536365329","8370.87744168398","23","2","2","1140.04978423157","16486.652456052","15346.6026718205","17626.7022402836","8813.3511201418","8813.3511201418","7673.30133591023","1140.04978423157","1140.04978423157","1140.04978423157","16486.652456052","15346.6026718205"
"24","4134","8011339011490000",{FE4FA672-D966-4B25-A94F-618DC06586F1},"1.80218171978154e-06",National Capital Region (NCR),"NCR, First District, City of Manila",City of Manila - Tondo I / II,Barangay 149,"130000000","133900000","133901000","133901149","1380601149",Bgy,,Highly Urbanized Cities (HUC),,U,"1739","1554","0.02148316",No,,"0.00602855048131717",,,ADMIN2,"1748789491000","24","2","2","10391.544463559","11091.6264878834","700.082024324438","21483.1709514424","10741.5854757212","10741.5854757212","350.041012162219","10391.544463559","10391.544463559","10391.544463559","11091.6264878834","700.082024324438","24","3","3","6.7647451910052","19224.2350612839","19217.4703160929","21483.1707874867","7161.05692916222","2252.17098101179","8579.06996810412","6.7647451910052","6.7647451910052","1129.4678631014","10738.2030211478","9608.73515804643","24","2","2","10391.544463559","11091.6264878834","700.082024324438","21483.1709514424","10741.5854757212","10741.5854757212","350.041012162219","10391.544463559","10391.544463559","10391.544463559","11091.6264878834","700.082024324438"
"25","4131","8011339011480000",{093FC88E-631A-40E9-88F7-C24EF652F041},"8.78758483794901e-06",National Capital Region (NCR),"NCR, First District, City of Manila",City of Manila - Tondo I / II,Barangay 148,"130000000","133900000","133901000","133901148","1380601148",Bgy,,Highly Urbanized Cities (HUC),,U,"2414","2333","0.10475209",No,,"0.0177783549709642",,,ADMIN2,"1748789491000","25","4","4","4540.89123965876","79417.10667132","74876.2154316613","104752.062321769","26188.0155804423","10397.0322053953","30863.9187568761","4540.89123965876","4540.89123965876","6368.8775418914","46007.1536189933","39638.2760771019","25","4","4","2244.44977884337","68314.6552878863","66070.205509043","104752.061860342","26188.0154650856","17096.4783968063","25102.112586901","2244.44977884337","2244.44977884337","8721.51649689542","43654.5144332758","34932.9979363804","25","4","4","4540.89123965876","79417.10667132","74876.2154316613","104752.062321769","26188.0155804423","10397.0322053953","30863.9187568761","4540.89123965876","4540.89123965876","6368.8775418914","46007.1536189933","39638.2760771019"
"26","4156","8011339011520000",{FF5B57B8-395B-44B0-8B3A-D9948896BCBB},"2.11127385546491e-06",National Capital Region (NCR),"NCR, First District, City of Manila",City of Manila - Tondo I / II,Barangay 152,"130000000","133900000","133901000","133901152","1380601152",Bgy,,Highly Urbanized Cities (HUC),,U,"3502","6218","0.02516757",No,,"0.00617513370232986",,,ADMIN2,"1748789491000","26","3","3","45.299074865201","24549.9812290522","24504.682154187","25167.5659387159","8389.18864623864","572.285634798476","11429.4310557476","45.299074865201","45.299074865201","308.792354831839","12561.1334319254","12252.3410770935","26","2","2","3162.58387986262","22004.9820650733","18842.3981852107","25167.565944936","12583.782972468","12583.782972468","9421.19909260536","3162.58387986262","3162.58387986262","3162.58387986262","22004.9820650733","18842.3981852107","26","3","3","45.299074865201","24549.9812290522","24504.682154187","25167.5659387159","8389.18864623864","572.285634798476","11429.4310557476","45.299074865201","45.299074865201","308.792354831839","12561.1334319254","12252.3410770935"
"27","4153","8011339011510000",{D71903BA-DCB2-4FC9-BC65-C040E0861F1E},"4.39846955011915e-06",National Capital Region (NCR),"NCR, First District, City of Manila",City of Manila - Tondo I / II,Barangay 151,"130000000","133900000","133901000","133901151","1380601151",Bgy,,Highly Urbanized Cities (HUC),,U,"1399","1639","0.05243292",No,,"0.00893411266570394",,,ADMIN2,"1748789491000","27","4","4","4114.2999089134","36242.0682287858","32127.7683198724","52432.9141780453","13108.2285445113","6038.27302017306","13439.9328455966","4114.2999089134","4114.2999089134","4175.36010070962","22041.096988313","17865.7368876034","27","4","4","3732.45423767178","26246.9618656363","22514.5076279646","52432.917127958","13108.2292819895","11226.750512325","8287.06638081936","3732.45423767178","3732.45423767178","6538.16062873928","19678.2979352397","13140.1373065005","27","4","4","4114.2999089134","36242.0682287858","32127.7683198724","52432.9141780453","13108.2285445113","6038.27302017306","13439.9328455966","4114.2999089134","4114.2999089134","4175.36010070962","22041.096988313","17865.7368876034"
"28","4168","8011339011560000",{1FC72D72-0091-4C02-A9B8-606A9A5097BB},"3.63763348604775e-06",National Capital Region (NCR),"NCR, First District, City of Manila",City of Manila - Tondo I / II,Barangay 156,"130000000","133900000","133901000","133901156","1380601156",Bgy,,Highly Urbanized Cities (HUC),,U,"1581","1615","0.04336345",No,,"0.00926999816172666",,,ADMIN2,"1748789491000","28","4","4","409.825888852312","33848.1900806022","33438.3641917499","43363.4348758749","10840.8587189687","4552.70945321018","13624.4273058134","409.825888852312","409.825888852312","703.815386802296","20977.9020511352","20274.0866643329","28","4","4","295.527018578599","19788.292922421","19492.7659038424","43363.4365003928","10840.8591250982","11639.8082796966","8633.59739212753","295.527018578599","295.527018578599","2334.16425331095","19347.5539968855","17013.3897435745","28","4","4","409.825888852312","33848.1900806022","33438.3641917499","43363.4348758749","10840.8587189687","4552.70945321018","13624.4273058134","409.825888852312","409.825888852312","703.815386802296","20977.9020511352","20274.0866643329"
"29","4520","8011339012560000",{14FCF708-C631-42E3-9E92-517962FB452E},"1.88963762884832e-06",National Capital Region (NCR),"NCR, First District, City of Manila",City of Manila - Tondo I / II,Barangay 255,"130000000","133900000","133901000","133901256","1380601256",Bgy,,Highly Urbanized Cities (HUC),,U,"2000","1086","0.02252636",No,,"0.00583702412468884",,,ADMIN2,"1748789491000","29","3","3","6565.69908481606","8194.92940420577","1629.23031938971","22526.3608166299","7508.78693887663","7765.73232760806","689.499121583889","6565.69908481606","6565.69908481606","7165.71570621206","7980.33086590692","814.615159694855","29","3","3","1656.42132614893","11453.8064866855","9797.38516053658","22526.3698715306","7508.78995717685","9416.1420586961","4221.03328782207","1656.42132614893","1656.42132614893","5536.28169242252","10434.9742726908","4898.69258026829","29","3","3","6565.69908481606","8194.92940420577","1629.23031938971","22526.3608166299","7508.78693887663","7765.73232760806","689.499121583889","6565.69908481606","6565.69908481606","7165.71570621206","7980.33086590692","814.615159694855"
"30","4165","8011339011550000",{C9AAB4CA-E05C-4633-B6E8-BF1C650981A5},"1.51590943382727e-06",National Capital Region (NCR),"NCR, First District, City of Manila",City of Manila - Tondo I / II,Barangay 155,"130000000","133900000","133901000","133901155","1380601155",Bgy,,Highly Urbanized Cities (HUC),,U,"2916","3257","0.01807058",No,,"0.00521330091069905",,,ADMIN2,"1748789491000","30","3","3","254.587347645429","15627.5630466094","15372.975698964","18070.5833142122","6023.52777140405","2188.43291995734","6836.81504064229","254.587347645429","254.587347645429","1221.51013380138","8907.99798328336","7686.48784948198","30","3","3","699.676418486095","14305.9636802323","13606.2872617462","18070.5832920569","6023.52776401896","3064.94319333849","5935.63702049975","699.676418486095","699.676418486095","1882.30980591229","8685.4534367854","6803.14363087311","30","3","3","254.587347645429","15627.5630466094","15372.975698964","18070.5833142122","6023.52777140405","2188.43291995734","6836.81504064229","254.587347645429","254.587347645429","1221.51013380138","8907.99798328336","7686.48784948198"
"31","4706","8011339050260000",{23EB92F1-8DC3-4442-9C27-D0361FAFF17B},"1.04540312272264e-06",National Capital Region (NCR),"NCR, First District, City of Manila",City of Manila - Santa Cruz,Barangay 324,"130000000","133900000","133905000","133905026","1380605026",Bgy,,Highly Urbanized Cities (HUC),,U,"868","605","0.01246234",No,,"0.00408257042327018",,,ADMIN2,"1748789491000","31","2","2","399.853250168875","12062.4827479095","11662.6294977406","12462.3359980783","6231.16799903917","6231.16799903917","5831.3147488703","399.853250168875","399.853250168875","399.853250168875","12062.4827479095","11662.6294977406","31","3","3","399.853248385683","10363.1060302177","9963.25278183201","12462.3359971724","4154.11199905747","1699.37671856902","4422.35951136395","399.853248385683","399.853248385683","1049.61498347735","6031.24137439336","4981.626390916","31","2","2","399.853250168875","12062.4827479095","11662.6294977406","12462.3359980783","6231.16799903917","6231.16799903917","5831.3147488703","399.853250168875","399.853250168875","399.853250168875","12062.4827479095","11662.6294977406"
"32","4174","8011339011580000",{1C93B4F3-4403-48EE-ABB8-8608F2EA9E8F},"2.02352721135227e-06",National Capital Region (NCR),"NCR, First District, City of Manila",City of Manila - Tondo I / II,Barangay 158,"130000000","133900000","133901000","133901158","1380601158",Bgy,,Highly Urbanized Cities (HUC),,U,"2213","1934","0.02412174",No,,"0.0057621842406745",,,ADMIN2,"1748789491000","32","3","3","15.7061416762981","18803.8038612447","18788.0977195684","24121.7367193462","8040.57890644873","5302.22671642513","7910.83996877991","15.7061416762981","15.7061416762981","2658.96642905071","12053.0152888349","9394.04885978422","32","3","3","1090.70246149293","13277.6707029007","12186.9682414077","24121.735097745","8040.578365915","9753.36193335142","5120.59693075787","1090.70246149293","1090.70246149293","5422.03219742217","11515.516318126","6093.48412070386","32","3","3","15.7061416762981","18803.8038612447","18788.0977195684","24121.7367193462","8040.57890644873","5302.22671642513","7910.83996877991","15.7061416762981","15.7061416762981","2658.96642905071","12053.0152888349","9394.04885978422"
"33","4194","8011339011610000",{D1EB7A96-18BB-4BF3-B084-1EC919815F32},"2.52108441913817e-06",National Capital Region (NCR),"NCR, First District, City of Manila",City of Manila - Tondo I / II,Barangay 161,"130000000","133900000","133901000","133901161","1380601161",Bgy,,Highly Urbanized Cities (HUC),,U,"1157","1004","0.03005197",No,,"0.00648985471480063",,,ADMIN2,"1748789491000","33","3","3","3372.11962478666","14741.8069621791","11369.6873373924","30051.9714291042","10017.3238097014","11938.0448421385","4836.27435814319","3372.11962478666","3372.11962478666","7655.08223346258","13339.9259021588","5684.8436686962","33","3","3","7631.34173466745","13167.4552675864","5536.11353291893","30051.9795742595","10017.3265247532","9253.18257200567","2323.80080152215","7631.34173466745","7631.34173466745","8442.26215333656","11210.318919796","2768.05676645947","33","3","3","3372.11962478666","14741.8069621791","11369.6873373924","30051.9714291042","10017.3238097014","11938.0448421385","4836.27435814319","3372.11962478666","3372.11962478666","7655.08223346258","13339.9259021588","5684.8436686962"
"34","4200","8011339011630000",{6A8AF432-AFE6-45F7-8B67-18536FE5B2FA},"3.80307807651542e-06",National Capital Region (NCR),"NCR, First District, City of Manila",City of Manila - Tondo I / II,Barangay 163,"130000000","133900000","133901000","133901163","1380601163",Bgy,,Highly Urbanized Cities (HUC),,U,"5390","3840","0.0453345",No,,"0.00851891836323532",,,ADMIN2,"1748789491000","34","3","3","1399.46976799332","29965.6047597593","28566.134991766","45334.5073094755","15111.5024364918","13969.4327817229","11690.00311988","1399.46976799332","1399.46976799332","7684.4512748581","21967.5187707411","14283.067495883","34","3","3","2986.53889078281","28911.2876837976","25924.7487930148","45334.5092236119","15111.5030745373","13436.6826490315","10649.7861508576","2986.53889078281","2986.53889078281","8211.61076990715","21173.9851664145","12962.3743965074","34","3","3","1399.46976799332","29965.6047597593","28566.134991766","45334.5073094755","15111.5024364918","13969.4327817229","11690.00311988","1399.46976799332","1399.46976799332","7684.4512748581","21967.5187707411","14283.067495883"
"35","4238","8011339011720000",{4FE739A4-A004-4942-B9E5-58B1F351A025},"3.79668415230269e-06",National Capital Region (NCR),"NCR, First District, City of Manila",City of Manila - Tondo I / II,Barangay 172,"130000000","133900000","133901000","133901172","1380601172",Bgy,,Highly Urbanized Cities (HUC),,U,"1464","1210","0.04525752",No,,"0.00815085200482259",,,ADMIN2,"1748789491000","35","2","2","9746.01083418269","35511.5172286112","25765.5063944285","45257.5280627939","22628.7640313969","22628.7640313969","12882.7531972142","9746.01083418269","9746.01083418269","9746.01083418269","35511.5172286112","25765.5063944285","35","2","2","8362.72233728151","36894.8058323865","28532.083495105","45257.528169668","22628.764084834","22628.764084834","14266.0417475525","8362.72233728151","8362.72233728151","8362.72233728151","36894.8058323865","28532.083495105","35","2","2","9746.01083418269","35511.5172286112","25765.5063944285","45257.5280627939","22628.7640313969","22628.7640313969","12882.7531972142","9746.01083418269","9746.01083418269","9746.01083418269","35511.5172286112","25765.5063944285"
"36","4274","8011339011800000",{0B9FC3F4-141F-45B1-8DD4-C0A08F2D01BF},"2.95338436544936e-06",National Capital Region (NCR),"NCR, First District, City of Manila",City of Manila - Tondo I / II,Barangay 180,"130000000","133900000","133901000","133901180","1380601180",Bgy,,Highly Urbanized Cities (HUC),,U,"3267","2145","0.03520479",No,,"0.00689235152353474",,,ADMIN2,"1748789491000","36","4","4","1780.25317512966","16574.1552117238","14793.9020365942","35204.7799346044","8801.19498365109","8425.18577387544","6867.59389132218","1780.25317512966","1780.25317512966","1967.03607636216","15635.35389094","13668.3178145779","36","4","4","1943.65421849929","15976.996038718","14033.3418202187","35204.7832372233","8801.19580930582","8642.06649000301","5490.2382310182","1943.65421849929","1943.65421849929","3634.46378486783","13967.9278337438","10333.464048876","36","4","4","1780.25317512966","16574.1552117238","14793.9020365942","35204.7799346044","8801.19498365109","8425.18577387544","6867.59389132218","1780.25317512966","1780.25317512966","1967.03607636216","15635.35389094","13668.3178145779"
"37","4235","8011339011710000",{A06970FA-B584-4D1F-82B2-03C1540F73CD},"2.26820502531408e-06",National Capital Region (NCR),"NCR, First District, City of Manila",City of Manila - Tondo I / II,Barangay 171,"130000000","133900000","133901000","133901171","1380601171",Bgy,,Highly Urbanized Cities (HUC),,U,"1383","1124","0.02703784",No,,"0.00616641315454559",,,ADMIN2,"1748789491000","37","2","2","112.739325252449","26925.1008122991","26812.3614870466","27037.8401375515","13518.9200687758","13518.9200687758","13406.1807435233","112.739325252449","112.739325252449","112.739325252449","26925.1008122991","26812.3614870466","37","1","1","27037.8400980383","27037.8400980383","0","27037.8400980383","27037.8400980383","27037.8400980383","0","27037.8400980383","27037.8400980383","27037.8400980383","27037.8400980383","0","37","2","2","112.739325252449","26925.1008122991","26812.3614870466","27037.8401375515","13518.9200687758","13518.9200687758","13406.1807435233","112.739325252449","112.739325252449","112.739325252449","26925.1008122991","26812.3614870466"
"38","4244","8011339011740000",{62EFC1F2-FAE5-4B9C-8E0F-9293DA214C12},"2.14684503089342e-06",National Capital Region (NCR),"NCR, First District, City of Manila",City of Manila - Tondo I / II,Barangay 174,"130000000","133900000","133901000","133901174","1380601174",Bgy,,Highly Urbanized Cities (HUC),,U,"635","715","0.02559104",No,,"0.00614293229400055",,,ADMIN2,"1748789491000","38","3","3","405.867326703803","20171.0140390154","19765.1467123116","25591.0378951843","8530.34596506144","5014.15652946509","8443.45692435076","405.867326703803","405.867326703803","2710.01192808444","12592.5852842403","9882.57335615581","38","3","3","3283.93847725916","13267.4205336094","9983.48205635024","25591.0387802011","8530.34626006702","9039.6797693325","4091.62102840364","3283.93847725916","3283.93847725916","6161.80912329583","11153.550151471","4991.74102817512","38","3","3","405.867326703803","20171.0140390154","19765.1467123116","25591.0378951843","8530.34596506144","5014.15652946509","8443.45692435076","405.867326703803","405.867326703803","2710.01192808444","12592.5852842403","9882.57335615581"
"39","4318","8011339011920000",{ADF78A65-4130-4432-B68E-752985AA657C},"2.85794407933956e-06",National Capital Region (NCR),"NCR, First District, City of Manila",City of Manila - Tondo I / II,Barangay 192,"130000000","133900000","133901000","133901192","1380601192",Bgy,,Highly Urbanized Cities (HUC),,U,"1638","1878","0.03406587",No,,"0.00852726552482149",,,ADMIN2,"1748789491000","39","3","3","498.28897847941","24850.4277471977","24352.1387687183","34065.8700370603","11355.2900123534","8717.15331138326","10115.2192130631","498.28897847941","498.28897847941","4607.72114493133","16783.7905292905","12176.0693843591","39","2","2","7673.66597349118","26392.2026667235","18718.5366932324","34065.8686402147","17032.9343201074","17032.9343201074","9359.26834661618","7673.66597349118","7673.66597349118","7673.66597349118","26392.2026667235","18718.5366932324","39","3","3","498.28897847941","24850.4277471977","24352.1387687183","34065.8700370603","11355.2900123534","8717.15331138326","10115.2192130631","498.28897847941","498.28897847941","4607.72114493133","16783.7905292905","12176.0693843591"
"40","4250","8011339011760000",{ABA9CFAF-6901-4188-8BCA-EC31B5FB18AA},"3.71465530102899e-06",National Capital Region (NCR),"NCR, First District, City of Manila",City of Manila - Tondo I / II,Barangay 176,"130000000","133900000","133901000","133901176","1380601176",Bgy,,Highly Urbanized Cities (HUC),,U,"1396","1278","0.04427964",No,,"0.00894293805127201",,,ADMIN2,"1748789491000","40","2","2","3850.96308655653","40428.6737551597","36577.7106686032","44279.6368417162","22139.8184208581","22139.8184208581","18288.8553343016","3850.96308655653","3850.96308655653","3850.96308655653","40428.6737551597","36577.7106686032","40","2","2","3303.81260255428","40975.8242330404","37672.0116304861","44279.6368355947","22139.8184177973","22139.8184177973","18836.0058152431","3303.81260255428","3303.81260255428","3303.81260255428","40975.8242330404","37672.0116304861","40","2","2","3850.96308655653","40428.6737551597","36577.7106686032","44279.6368417162","22139.8184208581","22139.8184208581","18288.8553343016","3850.96308655653","3850.96308655653","3850.96308655653","40428.6737551597","36577.7106686032"
"41","4320","8011339011930000",{121B1613-361E-4096-8C9C-644F1CCF08B8},"9.49783349448597e-07",National Capital Region (NCR),"NCR, First District, City of Manila",City of Manila - Tondo I / II,Barangay 193,"130000000","133900000","133901000","133901193","1380601193",Bgy,,Highly Urbanized Cities (HUC),,U,"1183","979","0.01132133",No,,"0.00486644224823612",,,ADMIN2,"1748789491000","41","4","4","25.4211702975754","11002.2317113356","10976.810541038","11321.3329581235","2830.33323953088","146.840038245172","4718.30839948227","25.4211702975754","25.4211702975754","85.085485187491","5575.58099387428","5490.49550868679","41","4","4","3.48333839904444","11047.0185956995","11043.5352573005","11321.3349644402","2830.33374111005","135.416515170831","4744.27720600549","3.48333839904444","3.48333839904444","51.7231059406386","5608.94437627947","5557.22127033883","41","4","4","25.4211702975754","11002.2317113356","10976.810541038","11321.3329581235","2830.33323953088","146.840038245172","4718.30839948227","25.4211702975754","25.4211702975754","85.085485187491","5575.58099387428","5490.49550868679"
"42","4283","8011339011830000",{2324C55D-8505-4719-9404-D5E3811CA995},"3.45302111276206e-06",National Capital Region (NCR),"NCR, First District, City of Manila",City of Manila - Tondo I / II,Barangay 183,"130000000","133900000","133901000","133901183","1380601183",Bgy,,Highly Urbanized Cities (HUC),,U,"2874","8424","0.04116015",No,,"0.00817921616092698",,,ADMIN2,"1748789491000","42","4","4","1018.19988640476","27152.9648046998","26134.764918295","41160.1529041596","10290.0382260399","6494.49410652753","10701.7201601245","1018.19988640476","1018.19988640476","1041.35003001912","19538.7264220607","18497.3763920416","42","4","4","897.858842606329","24649.8217830403","23751.9629404339","41160.1558388271","10290.0389597068","7806.23760659026","9348.15094927724","897.858842606329","897.858842606329","2039.12917410591","18540.9487453076","16501.8195712017","42","4","4","1018.19988640476","27152.9648046998","26134.764918295","41160.1529041596","10290.0382260399","6494.49410652753","10701.7201601245","1018.19988640476","1018.19988640476","1041.35003001912","19538.7264220607","18497.3763920416"
"43","4289","8011339011850000",{BA2053B0-2EBB-40AF-9446-A3DDCD3F46B5},"2.8770328853915e-06",National Capital Region (NCR),"NCR, First District, City of Manila",City of Manila - Tondo I / II,Barangay 185,"130000000","133900000","133901000","133901185","1380601185",Bgy,,Highly Urbanized Cities (HUC),,U,"3497","3532","0.03429475",No,,"0.00702680711046679",,,ADMIN2,"1748789491000","43","3","3","799.330046370374","20717.6763323759","19918.3462860056","34294.7522809709","11431.584093657","12777.7459022246","8187.15430429248","799.330046370374","799.330046370374","6788.5379742975","16747.7111173003","9959.17314300278","43","3","3","129.248582595559","24822.3456397314","24693.0970571359","34294.7536620348","11431.5845540116","9343.15943970776","10188.5033301208","129.248582595559","129.248582595559","4736.20401115166","17082.7525397196","12346.5485285679","43","3","3","799.330046370374","20717.6763323759","19918.3462860056","34294.7522809709","11431.584093657","12777.7459022246","8187.15430429248","799.330046370374","799.330046370374","6788.5379742975","16747.7111173003","9959.17314300278"
"44","4301","8011339011890000",{F8A076FE-5430-4FB4-A166-250CAFE3F5D2},"2.03211615918388e-06",National Capital Region (NCR),"NCR, First District, City of Manila",City of Manila - Tondo I / II,Barangay 189,"130000000","133900000","133901000","133901189","1380601189",Bgy,,Highly Urbanized Cities (HUC),,U,"1546","1481","0.02422242",No,,"0.00710795541245186",,,ADMIN2,"1748789491000","44","4","4","337.867863002762","21257.6232304071","20919.7553674043","24222.419034194","6055.60475854851","1313.4639703921","8796.18744781904","337.867863002762","337.867863002762","525.254712289604","11585.9548048074","11060.7000925178","44","4","4","419.621605312845","21595.4910962287","21175.8694909159","24222.4230978092","6055.60577445231","1103.65519813384","8979.99844428489","419.621605312845","419.621605312845","579.462028364178","11531.7495205404","10952.2874921763","44","4","4","337.867863002762","21257.6232304071","20919.7553674043","24222.419034194","6055.60475854851","1313.4639703921","8796.18744781904","337.867863002762","337.867863002762","525.254712289604","11585.9548048074","11060.7000925178"
"45","4304","8011339010190000",{CF8D43B2-BDB2-45B8-8336-665F4234428B},"1.57502474757864e-06",National Capital Region (NCR),"NCR, First District, City of Manila",City of Manila - Tondo I / II,Barangay 19,"130000000","133900000","133901000","133901019","1380601019",Bgy,,Highly Urbanized Cities (HUC),,U,"2361","2272","0.01877684",No,,"0.00523660774302944",,,ADMIN2,"1748789491000","45","2","2","7563.14693827015","11213.7049434639","3650.55800519373","18776.851881734","9388.42594086702","9388.42594086702","1825.27900259687","7563.14693827015","7563.14693827015","7563.14693827015","11213.7049434639","3650.55800519373","45","2","2","3269.98432225979","15506.8593372086","12236.8750149488","18776.8436594684","9388.4218297342","9388.4218297342","6118.43750747441","3269.98432225979","3269.98432225979","3269.98432225979","15506.8593372086","12236.8750149488","45","2","2","7563.14693827015","11213.7049434639","3650.55800519373","18776.851881734","9388.42594086702","9388.42594086702","1825.27900259687","7563.14693827015","7563.14693827015","7563.14693827015","11213.7049434639","3650.55800519373"
"46","4326","8011339011960000",{1634ABF9-7572-47A0-A29C-E9FF13F439BD},"1.69050213474518e-06",National Capital Region (NCR),"NCR, First District, City of Manila",City of Manila - Tondo I / II,Barangay 196,"130000000","133900000","133901000","133901196","1380601196",Bgy,,Highly Urbanized Cities (HUC),,U,"1029","1631","0.0201506",No,,"0.00570749000955284",,,ADMIN2,"1748789491000","46","4","4","1905.74968170046","6939.16894620507","5033.41926450461","20150.596390612","5037.649097653","5652.83888135324","1968.60994468129","1905.74968170046","1905.74968170046","3373.05976933397","6702.23842597203","3329.17865663805","46","4","4","2566.9732287284","7676.03821456268","5109.06498583428","20150.6029025515","5037.65072563787","4953.7957296302","2032.23503155067","2566.9732287284","2566.9732287284","3104.59128219508","6970.71016908066","3866.11888688558","46","4","4","1905.74968170046","6939.16894620507","5033.41926450461","20150.596390612","5037.649097653","5652.83888135324","1968.60994468129","1905.74968170046","1905.74968170046","3373.05976933397","6702.23842597203","3329.17865663805"
"47","4324","8011339011950000",{92317DED-5D29-41B3-B688-722AA7C1324E},"8.85956882447545e-07",National Capital Region (NCR),"NCR, First District, City of Manila",City of Manila - Tondo I / II,Barangay 195,"130000000","133900000","133901000","133901195","1380601195",Bgy,,Highly Urbanized Cities (HUC),,U,"1225","1401","0.01056054",No,,"0.00403404941140374",,,ADMIN2,"1748789491000","47","4","4","199.925467205903","8214.92628023164","8015.00081302573","10560.5383081049","2640.13457702622","1072.84328033368","3261.38493364606","199.925467205903","199.925467205903","362.340652235358","4917.92850181709","4555.58784958173","47","4","4","164.510440449434","8214.92628023164","8050.4158397822","10560.5403693818","2640.13509234544","1090.55182435035","3277.33035942261","164.510440449434","164.510440449434","282.178717346993","4998.09146734389","4715.9127499969","47","4","4","199.925467205903","8214.92628023164","8015.00081302573","10560.5383081049","2640.13457702622","1072.84328033368","3261.38493364606","199.925467205903","199.925467205903","362.340652235358","4917.92850181709","4555.58784958173"
"48","4335","8011339010020000",{FEAE87CE-877E-4C69-AE86-39AC13BAAA75},"3.17673645757308e-06",National Capital Region (NCR),"NCR, First District, City of Manila",City of Manila - Tondo I / II,Barangay 2,"130000000","133900000","133901000","133901002","1380601002",Bgy,,Highly Urbanized Cities (HUC),,U,"1662","1887","0.03787134",No,,"0.0090075842164471",,,ADMIN2,"1748789491000","48","3","3","5709.64211153772","21505.1188139187","15795.476702381","37871.3430688936","12623.7810229645","10656.5821434372","6596.80097408714","5709.64211153772","5709.64211153772","8183.11212748745","16080.8504786779","7897.7383511905","48","3","3","1592.33417508914","21366.8953654203","19774.5611903312","37871.3415747215","12623.7805249072","14912.112034212","8233.4951424004","1592.33417508914","1592.33417508914","8252.22310465059","18139.5036998162","9887.2805951656","48","3","3","5709.64211153772","21505.1188139187","15795.476702381","37871.3430688936","12623.7810229645","10656.5821434372","6596.80097408714","5709.64211153772","5709.64211153772","8183.11212748745","16080.8504786779","7897.7383511905"
"49","4409","8011339012010000",{C770C987-A33B-4D06-8F09-AB9A3202CC67},"4.38211511391786e-06",National Capital Region (NCR),"NCR, First District, City of Manila",City of Manila - Tondo I / II,Barangay 201,"130000000","133900000","133901000","133901201","1380601201",Bgy,,Highly Urbanized Cities (HUC),,U,"1711","1152","0.05223512",No,,"0.0087231067182164",,,ADMIN2,"1748789491000","49","3","3","1978.06506074596","45478.384171267","43500.3191105211","52235.1094618555","17411.7031539518","4778.66022984254","19879.0471069597","1978.06506074596","1978.06506074596","3378.36264529425","25128.5222005548","21750.1595552605","49","3","3","4056.69756107705","41042.5797615172","36985.8822004402","52235.1056154049","17411.7018718016","7135.82829281063","16756.7708483221","4056.69756107705","4056.69756107705","5596.26292694384","24089.2040271639","18492.9411002201","49","3","3","1978.06506074596","45478.384171267","43500.3191105211","52235.1094618555","17411.7031539518","4778.66022984254","19879.0471069597","1978.06506074596","1978.06506074596","3378.36264529425","25128.5222005548","21750.1595552605"
"50","4415","8011339012060000",{545F858E-7C3F-416F-8985-D00F71E31ACD},"3.89285016045673e-06",National Capital Region (NCR),"NCR, First District, City of Manila",City of Manila - Tondo I / II,Barangay 205,"130000000","133900000","133901000","133901206","1380601206",Bgy,,Highly Urbanized Cities (HUC),,U,"1496","1760","0.04640336",No,,"0.00810561204527466",,,ADMIN2,"1748789491000","50","3","3","399.851287647878","42956.7577908454","42556.9065031975","46403.3635672824","15467.7878557608","3046.75448878915","19467.6505209376","399.851287647878","399.851287647878","1723.30288821851","23001.7561398173","21278.4532515988","50","3","3","1099.59122414354","37417.5481072294","36317.9568830859","46403.3635207619","15467.787840254","7886.22418938893","15766.1785389804","1099.59122414354","1099.59122414354","4492.90770676623","22651.8861483092","18158.978441543","50","3","3","399.851287647878","42956.7577908454","42556.9065031975","46403.3635672824","15467.7878557608","3046.75448878915","19467.6505209376","399.851287647878","399.851287647878","1723.30288821851","23001.7561398173","21278.4532515988"
"51","4416","8011339012070000",{748E89BF-2606-441C-A50B-24179A48EC72},"3.47759441432876e-06",National Capital Region (NCR),"NCR, First District, City of Manila",City of Manila - Tondo I / II,Barangay 206,"130000000","133900000","133901000","133901207","1380601207",Bgy,,Highly Urbanized Cities (HUC),,U,"2065","2433","0.0414535",No,,"0.0101577543436916",,,ADMIN2,"1748789491000","51","3","3","10858.03611413","15701.8194016223","4843.78328749233","41453.5029581333","13817.8343193778","14893.647442381","2118.74011946832","10858.03611413","10858.03611413","12875.8417782555","15297.7334220016","2421.89164374617","51","3","3","8893.31410532015","17258.919258375","8365.60515305483","41453.5024612388","13817.8341537463","15301.2690975437","3572.69942933573","8893.31410532015","8893.31410532015","12097.2916014319","16280.0941779593","4182.80257652742","51","3","3","10858.03611413","15701.8194016223","4843.78328749233","41453.5029581333","13817.8343193778","14893.647442381","2118.74011946832","10858.03611413","10858.03611413","12875.8417782555","15297.7334220016","2421.89164374617"
"52","5017","8011339060730000",{8AC20244-D1BF-41EE-A2C6-1634DA1DD827},"1.04102910172749e-06",National Capital Region (NCR),"NCR, First District, City of Manila",City of Manila - Sampaloc,Barangay 467,"130000000","133900000","133906000","133906073","1380606073",Bgy,,Highly Urbanized Cities (HUC),,U,"820","1160","0.01241046",No,,"0.00437144989021515",,,ADMIN2,"1748789491000","52","1","1","12410.4623192176","12410.4623192176","0","12410.4623192176","12410.4623192176","12410.4623192176","0","12410.4623192176","12410.4623192176","12410.4623192176","12410.4623192176","0","52","1","1","12410.4623192176","12410.4623192176","0","12410.4623192176","12410.4623192176","12410.4623192176","0","12410.4623192176","12410.4623192176","12410.4623192176","12410.4623192176","0","52","1","1","12410.4623192176","12410.4623192176","0","12410.4623192176","12410.4623192176","12410.4623192176","0","12410.4623192176","12410.4623192176","12410.4623192176","12410.4623192176","0"
"53","4412","8011339012030000",{95F817BC-E05A-4DF1-8D6B-866A6A9116E6},"1.63610889391722e-06",National Capital Region (NCR),"NCR, First District, City of Manila",City of Manila - Tondo I / II,Barangay 202-A,"130000000","133900000","133901000","133901203","1380601203",Bgy,,Highly Urbanized Cities (HUC),,U,"578","1213","0.01950243",No,,"0.00576976354860762",,,ADMIN2,"1748789491000","53","4","4","1376.72576255717","10913.7760699617","9537.05030740456","19502.4261245317","4875.60653113293","3605.96214600642","3853.4673584606","1376.72576255717","1376.72576255717","1524.95952060844","8226.25354165743","6701.294021049","53","4","4","804.378794900731","10507.5556959422","9703.17690104146","19502.4194330192","4875.60485825481","4095.24247108816","3970.16210784169","804.378794900731","804.378794900731","1148.9904185481","8602.21929796152","7453.22887941342","53","4","4","1376.72576255717","10913.7760699617","9537.05030740456","19502.4261245317","4875.60653113293","3605.96214600642","3853.4673584606","1376.72576255717","1376.72576255717","1524.95952060844","8226.25354165743","6701.294021049"
"54","4413","8011339012040000",{28764BBB-A5B6-4CC2-82A3-27E6F6532AE0},"5.0840908094813e-06",National Capital Region (NCR),"NCR, First District, City of Manila",City of Manila - Tondo I / II,Barangay 203,"130000000","133900000","133901000","133901204","1380601204",Bgy,,Highly Urbanized Cities (HUC),,U,"2816","2462","0.06060352",No,,"0.0113068456510979",,,ADMIN2,"1748789491000","54","3","3","2206.16034005032","49575.5023573621","47369.3420173117","60603.5124177867","20201.1708059289","8821.84972037433","20945.6495413626","2206.16034005032","2206.16034005032","5514.00503021232","29198.6760388682","23684.6710086559","54","3","3","3715.04458891148","35055.1528361903","31340.1082472788","60603.5123885026","20201.1707961675","21833.3149634008","12846.4915359477","3715.04458891148","3715.04458891148","12774.1797761561","28444.2338997956","15670.0541236394","54","3","3","2206.16034005032","49575.5023573621","47369.3420173117","60603.5124177867","20201.1708059289","8821.84972037433","20945.6495413626","2206.16034005032","2206.16034005032","5514.00503021232","29198.6760388682","23684.6710086559"
"55","4417","8011339012080000",{9798AA33-7B92-4CF3-A9E0-61D1784050DE},"4.15719066304242e-06",National Capital Region (NCR),"NCR, First District, City of Manila",City of Manila - Tondo I / II,Barangay 207,"130000000","133900000","133901000","133901208","1380601208",Bgy,,Highly Urbanized Cities (HUC),,U,"1101","1541","0.04955477",No,,"0.0114940372600074",,,ADMIN2,"1748789491000","55","3","3","12652.0113127942","19790.86298091","7138.85166811587","49554.7943488268","16518.2647829423","17111.9200551226","2944.5000392235","12652.0113127942","12652.0113127942","14881.9656839584","18451.3915180163","3569.42583405794","55","3","3","10168.1023162828","24452.0868786054","14283.9845623225","49554.798066032","16518.2660220107","14934.6088711438","5937.95875267958","10168.1023162828","10168.1023162828","12551.3555937133","19693.3478748746","7141.99228116127","55","3","3","12652.0113127942","19790.86298091","7138.85166811587","49554.7943488268","16518.2647829423","17111.9200551226","2944.5000392235","12652.0113127942","12652.0113127942","14881.9656839584","18451.3915180163","3569.42583405794"
"56","4433","8011339012130000",{94584735-0C91-4008-96F2-44EBB1EAF9E2},"2.44367745445883e-06",National Capital Region (NCR),"NCR, First District, City of Manila",City of Manila - Tondo I / II,Barangay 212,"130000000","133900000","133901000","133901213","1380601213",Bgy,,Highly Urbanized Cities (HUC),,U,"2649","2675","0.02912948",No,,"0.00667841825263886",,,ADMIN2,"1748789491000","56","3","3","7102.64021997217","13345.5869686624","6242.94674869021","29129.4813970647","9709.8271323549","8681.25420843015","2650.41729061906","7102.64021997217","7102.64021997217","7891.94721420116","11013.4205885463","3121.4733743451","56","3","3","5366.20022318826","16784.8709499167","11418.6707267284","29129.4758814241","9709.82529380803","6978.40470831914","5045.92271723652","5366.20022318826","5366.20022318826","6172.3024657537","11881.6378291179","5709.3353633642","56","3","3","7102.64021997217","13345.5869686624","6242.94674869021","29129.4813970647","9709.8271323549","8681.25420843015","2650.41729061906","7102.64021997217","7102.64021997217","7891.94721420116","11013.4205885463","3121.4733743451"
"57","4434","8011339012140000",{DD14E6D8-EF2A-491F-A8B8-F3693C61F33B},"2.6731818903102e-06",National Capital Region (NCR),"NCR, First District, City of Manila",City of Manila - Tondo I / II,Barangay 213,"130000000","133900000","133901000","133901214","1380601214",Bgy,,Highly Urbanized Cities (HUC),,U,"2913","3231","0.03186546",No,,"0.00738066298071844",,,ADMIN2,"1748789491000","57","3","3","78.430326966045","28376.6521850482","28298.2218580822","31865.4652409551","10621.821746985","3410.3827289408","12628.0370502977","78.430326966045","78.430326966045","1744.40652795342","15893.5174569945","14149.1109290411","57","3","3","237.085721222313","21582.4678789577","21345.3821577354","31865.4636617301","10621.8212205767","10045.9100615501","8723.72589024745","237.085721222313","237.085721222313","5141.4978913862","15814.1889702539","10672.6910788677","57","3","3","78.430326966045","28376.6521850482","28298.2218580822","31865.4652409551","10621.821746985","3410.3827289408","12628.0370502977","78.430326966045","78.430326966045","1744.40652795342","15893.5174569945","14149.1109290411"
"58","4435","8011339012150000",{901BBF43-B048-4B6C-8472-B805611C1EA7},"1.33907661502661e-06",National Capital Region (NCR),"NCR, First District, City of Manila",City of Manila - Tondo I / II,Barangay 214,"130000000","133900000","133901000","133901215","1380601215",Bgy,,Highly Urbanized Cities (HUC),,U,"1373","1577","0.01596229",No,,"0.00572547112580048",,,ADMIN2,"1748789491000","58","2","2","499.812290286587","15462.4748506108","14962.6625603242","15962.2871408974","7981.14357044868","7981.14357044868","7481.33128016209","499.812290286587","499.812290286587","499.812290286587","15462.4748506108","14962.6625603242","58","2","2","983.164385700336","14979.1233817049","13995.9589960046","15962.2877674053","7981.14388370263","7981.14388370263","6997.9794980023","983.164385700336","983.164385700336","983.164385700336","14979.1233817049","13995.9589960046","58","2","2","499.812290286587","15462.4748506108","14962.6625603242","15962.2871408974","7981.14357044868","7981.14357044868","7481.33128016209","499.812290286587","499.812290286587","499.812290286587","15462.4748506108","14962.6625603242"
"59","4436","8011339012160000",{BF7A646B-3855-48AD-9257-D922BB7A4FAE},"1.49332143569795e-06",National Capital Region (NCR),"NCR, First District, City of Manila",City of Manila - Tondo I / II,Barangay 215,"130000000","133900000","133901000","133901216","1380601216",Bgy,,Highly Urbanized Cities (HUC),,U,"2896","3106","0.01780091",No,,"0.00542324608200405",,,ADMIN2,"1748789491000","59","2","2","1929.71005338497","15871.1990338451","13941.4889804601","17800.90908723","8900.45454361502","8900.45454361502","6970.74449023005","1929.71005338497","1929.71005338497","1929.71005338497","15871.1990338451","13941.4889804601","59","2","2","4959.10615839648","12841.8029099279","7882.69675153142","17800.9090683244","8900.45453416219","8900.45453416219","3941.34837576571","4959.10615839648","4959.10615839648","4959.10615839648","12841.8029099279","7882.69675153142","59","2","2","1929.71005338497","15871.1990338451","13941.4889804601","17800.90908723","8900.45454361502","8900.45454361502","6970.74449023005","1929.71005338497","1929.71005338497","1929.71005338497","15871.1990338451","13941.4889804601"
"60","4437","8011339012170000",{7D27F87C-3E26-40E7-BC7D-8DEC64DED724},"2.66436731906255e-06",National Capital Region (NCR),"NCR, First District, City of Manila",City of Manila - Tondo I / II,Barangay 216,"130000000","133900000","133901000","133901217","1380601217",Bgy,,Highly Urbanized Cities (HUC),,U,"2787","2431","0.03176044",No,,"0.00741679027724931",,,ADMIN2,"1748789491000","60","3","3","321.420271868294","25683.3224539602","25361.9021820919","31760.4413960917","10586.8137986972","5755.69867026317","10902.943810783","321.420271868294","321.420271868294","3038.55947106573","15719.5105621117","12680.951091046","60","3","3","1862.1303163288","17642.3385419777","15780.2082256489","31760.4425801617","10586.8141933872","12255.9737218551","6549.46883646891","1862.1303163288","1862.1303163288","7059.05201909197","14949.1561319164","7890.10411282447","60","3","3","321.420271868294","25683.3224539602","25361.9021820919","31760.4413960917","10586.8137986972","5755.69867026317","10902.943810783","321.420271868294","321.420271868294","3038.55947106573","15719.5105621117","12680.951091046"
"61","4438","8011339012180000",{B64E6389-D345-49CF-A75E-B19DD1812CEB},"2.35117219930373e-06",National Capital Region (NCR),"NCR, First District, City of Manila",City of Manila - Tondo I / II,Barangay 217,"130000000","133900000","133901000","133901218","1380601218",Bgy,,Highly Urbanized Cities (HUC),,U,"1053","1263","0.02802702",No,,"0.00972051601640342",,,ADMIN2,"1748789491000","61","2","2","1297.47510767143","26729.5067119801","25432.0316043087","28026.9818196516","14013.4909098258","14013.4909098258","12716.0158021544","1297.47510767143","1297.47510767143","1297.47510767143","26729.5067119801","25432.0316043087","61","3","3","126.240633896899","24393.9877145756","24267.7470806787","28026.9829399003","9342.32764663345","3506.75459142785","10732.2356091335","126.240633896899","126.240633896899","1816.49761266237","13950.3711530017","12133.8735403394","61","2","2","1297.47510767143","26729.5067119801","25432.0316043087","28026.9818196516","14013.4909098258","14013.4909098258","12716.0158021544","1297.47510767143","1297.47510767143","1297.47510767143","26729.5067119801","25432.0316043087"
"62","4439","8011339012190000",{26FACAF9-A8E5-4C10-8236-C2083CDCE74D},"1.88759511001343e-06",National Capital Region (NCR),"NCR, First District, City of Manila",City of Manila - Tondo I / II,Barangay 218,"130000000","133900000","133901000","133901219","1380601219",Bgy,,Highly Urbanized Cities (HUC),,U,"682","321","0.02250114",No,,"0.00872426039825277",,,ADMIN2,"1748789491000","62","2","2","7423.42412236591","15077.7569893023","7654.33286693636","22501.1811116682","11250.5905558341","11250.5905558341","3827.16643346818","7423.42412236591","7423.42412236591","7423.42412236591","15077.7569893023","7654.33286693636","62","3","3","332.099106124428","11263.6170153128","10931.5179091883","22501.1817947069","7500.39393156898","10905.4656732697","5070.85831816292","332.099106124428","332.099106124428","5618.78238969708","11084.5413442913","5465.75895459417","62","2","2","7423.42412236591","15077.7569893023","7654.33286693636","22501.1811116682","11250.5905558341","11250.5905558341","3827.16643346818","7423.42412236591","7423.42412236591","7423.42412236591","15077.7569893023","7654.33286693636"
"63","4432","8011339012120000",{02CE7554-BECA-4C2D-9F6F-FD68732AE3F1},"2.61655579370885e-06",National Capital Region (NCR),"NCR, First District, City of Manila",City of Manila - Tondo I / II,Barangay 211,"130000000","133900000","133901000","133901212","1380601212",Bgy,,Highly Urbanized Cities (HUC),,U,"2688","2007","0.03119022",No,,"0.00676702009370696",,,ADMIN2,"1748789491000","63","3","3","3986.5443090295","14085.1487865667","10098.6044775372","31190.2162201748","10396.7387400583","13118.5231245786","4549.8377828444","3986.5443090295","3986.5443090295","8552.53371680405","13601.8359555726","5049.3022387686","63","3","3","1441.28328955287","19874.4251755897","18433.1418860369","31190.2115891668","10396.7371963889","9874.50312402424","7534.35360056171","1441.28328955287","1441.28328955287","5657.89320678855","14874.464149807","9216.57094301844","63","3","3","3986.5443090295","14085.1487865667","10098.6044775372","31190.2162201748","10396.7387400583","13118.5231245786","4549.8377828444","3986.5443090295","3986.5443090295","8552.53371680405","13601.8359555726","5049.3022387686"
"64","5018","8011339060740000",{AC9FDE87-97D9-47BE-ABE9-291996462739},"1.12254298327531e-06",National Capital Region (NCR),"NCR, First District, City of Manila",City of Manila - Sampaloc,Barangay 468,"130000000","133900000","133906000","133906074","1380606074",Bgy,,Highly Urbanized Cities (HUC),,U,"453","1300","0.01338228",No,,"0.00458374862771972",,,ADMIN2,"1748789491000","64","2","2","480.774258165358","12901.5107850251","12420.7365268597","13382.2850431905","6691.14252159523","6691.14252159523","6210.36826342987","480.774258165358","480.774258165358","480.774258165358","12901.5107850251","12420.7365268597","64","2","2","99.9638329342997","13282.3208248123","13182.356991878","13382.2846577466","6691.14232887328","6691.14232887328","6591.17849593898","99.9638329342997","99.9638329342997","99.9638329342997","13282.3208248123","13182.356991878","64","2","2","480.774258165358","12901.5107850251","12420.7365268597","13382.2850431905","6691.14252159523","6691.14252159523","6210.36826342987","480.774258165358","480.774258165358","480.774258165358","12901.5107850251","12420.7365268597"
"65","4456","8011339012240000",{7018B66F-2CE7-4434-80FF-3FE6E6CC5FB5},"1.58324139021368e-06",National Capital Region (NCR),"NCR, First District, City of Manila",City of Manila - Tondo I / II,Barangay 223,"130000000","133900000","133901000","133901224","1380601224",Bgy,,Highly Urbanized Cities (HUC),,U,"1489","1629","0.01887331",No,,"0.00505685519405525",,,ADMIN2,"1748789491000","65","2","2","4200.52828868342","14672.7774240519","10472.2491353685","18873.3057127353","9436.65285636767","9436.65285636767","5236.12456768425","4200.52828868342","4200.52828868342","4200.52828868342","14672.7774240519","10472.2491353685","65","2","2","8314.6850042557","10558.6206402455","2243.93563598976","18873.3056445012","9436.65282225058","9436.65282225058","1121.96781799488","8314.6850042557","8314.6850042557","8314.6850042557","10558.6206402455","2243.93563598976","65","2","2","4200.52828868342","14672.7774240519","10472.2491353685","18873.3057127353","9436.65285636767","9436.65285636767","5236.12456768425","4200.52828868342","4200.52828868342","4200.52828868342","14672.7774240519","10472.2491353685"
"66","4457","8011339012250000",{AECCE868-D875-426C-9DE5-952406CEE3C8},"3.17443540188246e-06",National Capital Region (NCR),"NCR, First District, City of Manila",City of Manila - Tondo I / II,Barangay 224,"130000000","133900000","133901000","133901225","1380601225",Bgy,,Highly Urbanized Cities (HUC),,U,"1039","1069","0.03784111",No,,"0.0072003979790472",,,ADMIN2,"1748789491000","66","2","2","5298.02621527671","32543.0971998087","27245.070984532","37841.1234150854","18920.5617075427","18920.5617075427","13622.535492266","5298.02621527671","5298.02621527671","5298.02621527671","32543.0971998087","27245.070984532","66","3","3","99.9627548996359","24882.5393899356","24782.576635036","37841.1233759215","12613.7077919738","12858.6212310863","10118.9265936775","99.9627548996359","99.9627548996359","6479.29199299295","18870.5803105109","12391.288317518","66","2","2","5298.02621527671","32543.0971998087","27245.070984532","37841.1234150854","18920.5617075427","18920.5617075427","13622.535492266","5298.02621527671","5298.02621527671","5298.02621527671","32543.0971998087","27245.070984532"
"67","4458","8011339012260000",{2253BB50-6211-413C-88C1-D1E0B33A2F70},"1.31313808778547e-06",National Capital Region (NCR),"NCR, First District, City of Manila",City of Manila - Tondo I / II,Barangay 225,"130000000","133900000","133901000","133901226","1380601226",Bgy,,Highly Urbanized Cities (HUC),,U,"2444","2419","0.01565364",No,,"0.0069549551756349",,,ADMIN2,"1748789491000","67","3","3","99.9627115991898","10946.4544165298","10846.4917049306","15653.641658114","5217.88055270465","4607.22452998502","4449.06515722458","99.9627115991898","99.9627115991898","2353.5936207921","7776.83947325739","5423.24585246528","67","3","3","299.888135806774","8597.12729372542","8297.23915791864","15653.6416666207","5217.88055554022","6756.62623708847","3557.79408391278","299.888135806774","299.888135806774","3528.25718644762","7676.87676540694","4148.61957895932","67","3","3","99.9627115991898","10946.4544165298","10846.4917049306","15653.641658114","5217.88055270465","4607.22452998502","4449.06515722458","99.9627115991898","99.9627115991898","2353.5936207921","7776.83947325739","5423.24585246528"
"68","4459","8011339012270000",{41D23318-7B83-4F62-B9D9-0948B9C1275C},"2.05121791659687e-06",National Capital Region (NCR),"NCR, First District, City of Manila",City of Manila - Tondo I / II,Barangay 226,"130000000","133900000","133901000","133901227","1380601227",Bgy,,Highly Urbanized Cities (HUC),,U,"1513","1562","0.02445214",No,,"0.00716993981637622",,,ADMIN2,"1748789491000","68","3","3","99.962669414439","17148.972187466","17049.0095180516","24452.136907181","8150.71230239368","7203.20205030059","6992.40126351549","99.962669414439","99.962669414439","3651.58235985752","12176.0871188833","8524.50475902579","68","3","3","1099.58924071296","12793.0594213055","11693.4701805925","24452.1359268347","8150.71197561156","10559.4872648163","5068.59349402534","1099.58924071296","1099.58924071296","5829.53825276461","11676.2733430609","5846.73509029626","68","3","3","99.962669414439","17148.972187466","17049.0095180516","24452.136907181","8150.71230239368","7203.20205030059","6992.40126351549","99.962669414439","99.962669414439","3651.58235985752","12176.0871188833","8524.50475902579"
"69","4460","8011339012280000",{0FEEFAFD-3C34-4D58-AF31-8EAD384B7676},"3.88991194934511e-06",National Capital Region (NCR),"NCR, First District, City of Manila",City of Manila - Tondo I / II,Barangay 227,"130000000","133900000","133901000","133901228","1380601228",Bgy,,Highly Urbanized Cities (HUC),,U,"2939","1836","0.04636999",No,,"0.00778040521653731",,,ADMIN2,"1748789491000","69","2","2","3149.51206514789","43220.4737373583","40070.9616722104","46369.9858025062","23184.9929012531","23184.9929012531","20035.4808361052","3149.51206514789","3149.51206514789","3149.51206514789","43220.4737373583","40070.9616722104","69","2","2","16301.659681215","30068.3261851805","13766.6665039655","46369.9858663955","23184.9929331978","23184.9929331978","6883.33325198275","16301.659681215","16301.659681215","16301.659681215","30068.3261851805","13766.6665039655","69","2","2","3149.51206514789","43220.4737373583","40070.9616722104","46369.9858025062","23184.9929012531","23184.9929012531","20035.4808361052","3149.51206514789","3149.51206514789","3149.51206514789","43220.4737373583","40070.9616722104"
"70","4455","8011339012230000",{C57DD811-871F-453F-923F-D8C99CC6AAFF},"1.45400034795389e-06",National Capital Region (NCR),"NCR, First District, City of Manila",City of Manila - Tondo I / II,Barangay 222,"130000000","133900000","133901000","133901223","1380601223",Bgy,,Highly Urbanized Cities (HUC),,U,"1966","2040","0.01733275",No,,"0.0048613582170517",,,ADMIN2,"1748789491000","70","3","3","3800.49001262317","8593.52870228664","4793.03868966347","17332.7448279259","5777.58160930862","4938.72611301607","2044.67827589866","3800.49001262317","3800.49001262317","4369.60806281962","6766.12740765135","2396.51934483173","70","3","3","1199.54977647026","8286.87374042175","7087.32396395149","17332.7450932821","5777.58169776071","7846.32157639012","3242.14987897167","1199.54977647026","1199.54977647026","4522.93567643019","8066.59765840594","3543.66198197575","70","3","3","3800.49001262317","8593.52870228664","4793.03868966347","17332.7448279259","5777.58160930862","4938.72611301607","2044.67827589866","3800.49001262317","3800.49001262317","4369.60806281962","6766.12740765135","2396.51934483173"
"71","4478","8011339012350000",{B9E6B7A8-1A29-4D8A-A7BC-34F29EC4387E},"3.46286369494754e-06",National Capital Region (NCR),"NCR, First District, City of Manila",City of Manila - Tondo I / II,Barangay 234,"130000000","133900000","133901000","133901235","1380601235",Bgy,,Highly Urbanized Cities (HUC),,U,"1650","1945","0.04128036",No,,"0.00812299298790215",,,ADMIN2,"1748789491000","71","3","3","1799.32200543964","31490.3179383361","29690.9959328965","41280.2819218363","13760.0939739454","7990.64197806058","12789.4159919165","1799.32200543964","1799.32200543964","4894.98199175011","19740.4799581983","14845.4979664482","71","3","3","4821.66123649191","19516.3942462142","14694.7330097223","41280.281171778","13760.093723926","16942.2256890719","6407.19738208305","4821.66123649191","4821.66123649191","10881.9434627819","18229.309967643","7347.36650486115","71","3","3","1799.32200543964","31490.3179383361","29690.9959328965","41280.2819218363","13760.0939739454","7990.64197806058","12789.4159919165","1799.32200543964","1799.32200543964","4894.98199175011","19740.4799581983","14845.4979664482"
"72","4479","8011339012360000",{DCE2B8E5-E33B-446C-9771-439A2AFE3646},"2.03498843721941e-06",National Capital Region (NCR),"NCR, First District, City of Manila",City of Manila - Tondo I / II,Barangay 235,"130000000","133900000","133901000","133901236","1380601236",Bgy,,Highly Urbanized Cities (HUC),,U,"1721","1557","0.02425897",No,,"0.00710608003587689",,,ADMIN2,"1748789491000","72","3","3","1499.43751259078","19584.9130903426","18085.4755777518","24258.9629633223","8086.3209877741","3174.61236038894","8159.44311615327","1499.43751259078","1499.43751259078","2337.02493648986","11379.7627253658","9042.73778887589","72","3","3","2210.82199191864","14199.4790266825","11988.6570347639","24258.9632905911","8086.32109686369","7848.66227198992","4897.23293721932","2210.82199191864","2210.82199191864","5029.74213195428","11024.0706493362","5994.32851738194","72","3","3","1499.43751259078","19584.9130903426","18085.4755777518","24258.9629633223","8086.3209877741","3174.61236038894","8159.44311615327","1499.43751259078","1499.43751259078","2337.02493648986","11379.7627253658","9042.73778887589"
"73","4480","8011339012370000",{3EB6D060-B800-4D66-A535-5E6D6C49BD16},"2.40018877383784e-06",National Capital Region (NCR),"NCR, First District, City of Manila",City of Manila - Tondo I / II,Barangay 236,"130000000","133900000","133901000","133901237","1380601237",Bgy,,Highly Urbanized Cities (HUC),,U,"620","801","0.02861248",No,,"0.00712629264633971",,,ADMIN2,"1748789491000","73","2","2","3881.51316265199","24730.9685784494","20849.4554157974","28612.4817411014","14306.2408705507","14306.2408705507","10424.7277078987","3881.51316265199","3881.51316265199","3881.51316265199","24730.9685784494","20849.4554157974","73","3","3","414.550090433815","17024.8455233021","16610.2954328683","28612.4831546091","9537.4943848697","11173.0875408732","6879.04316605952","414.550090433815","414.550090433815","5793.81881565351","14098.9665320876","8305.14771643414","73","2","2","3881.51316265199","24730.9685784494","20849.4554157974","28612.4817411014","14306.2408705507","14306.2408705507","10424.7277078987","3881.51316265199","3881.51316265199","3881.51316265199","24730.9685784494","20849.4554157974"
"74","4481","8011339012380000",{CE0DC488-C437-48E0-BED3-F9E9546BBC7C},"1.86430594679507e-06",National Capital Region (NCR),"NCR, First District, City of Manila",City of Manila - Tondo I / II,Barangay 237,"130000000","133900000","133901000","133901238","1380601238",Bgy,,Highly Urbanized Cities (HUC),,U,"605","452","0.02222434",No,,"0.00676224317729896",,,ADMIN2,"1748789491000","74","3","3","711.798194298734","15743.9641317502","15032.1659374514","22224.3847208532","7408.12824028439","5768.62239480427","6245.3976524473","711.798194298734","711.798194298734","3240.2102945515","10756.2932632772","7516.08296872572","74","3","3","3576.54436255582","10064.9202632542","6488.37590069835","22224.3842144124","7408.12807147081","8582.91958860243","2776.07117929087","3576.54436255582","3576.54436255582","6079.73197557912","9323.9199259283","3244.18795034917","74","3","3","711.798194298734","15743.9641317502","15032.1659374514","22224.3847208532","7408.12824028439","5768.62239480427","6245.3976524473","711.798194298734","711.798194298734","3240.2102945515","10756.2932632772","7516.08296872572"
"75","4482","8011339012390000",{9B6378EB-D66F-49B4-8A98-DD657815A8BE},"1.38850692731626e-06",National Capital Region (NCR),"NCR, First District, City of Manila",City of Manila - Tondo I / II,Barangay 238,"130000000","133900000","133901000","133901239","1380601239",Bgy,,Highly Urbanized Cities (HUC),,U,"464","364","0.01655275",No,,"0.00549985066183196",,,ADMIN2,"1748789491000","75","2","2","799.295147278754","15753.4511911148","14954.156043836","16552.7463383935","8276.37316919677","8276.37316919677","7477.07802191802","799.295147278754","799.295147278754","799.295147278754","15753.4511911148","14954.156043836","75","2","2","199.92468623165","16352.821653503","16152.8969672713","16552.7463397346","8276.37316986732","8276.37316986732","8076.44848363567","199.92468623165","199.92468623165","199.92468623165","16352.821653503","16152.8969672713","75","2","2","799.295147278754","15753.4511911148","14954.156043836","16552.7463383935","8276.37316919677","8276.37316919677","7477.07802191802","799.295147278754","799.295147278754","799.295147278754","15753.4511911148","14954.156043836"
"76","4483","8011339012400000",{D460E455-8D45-48DA-8F1B-01EF69ED163D},"1.89972979826274e-06",National Capital Region (NCR),"NCR, First District, City of Manila",City of Manila - Tondo I / II,Barangay 239,"130000000","133900000","133901000","133901240","1380601240",Bgy,,Highly Urbanized Cities (HUC),,U,"1744","1785","0.02264675",No,,"0.00548722496288692",,,ADMIN2,"1748789491000","76","1","1","22646.7502941382","22646.7502941382","0","22646.7502941382","22646.7502941382","22646.7502941382","0","22646.7502941382","22646.7502941382","22646.7502941382","22646.7502941382","0","76","2","2","711.580425958731","21935.1700683876","21223.5896424289","22646.7504943463","11323.3752471732","11323.3752471732","10611.7948212144","711.580425958731","711.580425958731","711.580425958731","21935.1700683876","21223.5896424289","76","1","1","22646.7502941382","22646.7502941382","0","22646.7502941382","22646.7502941382","22646.7502941382","0","22646.7502941382","22646.7502941382","22646.7502941382","22646.7502941382","0"
"77","4476","8011339012330000",{88403A4D-F968-4A38-9707-33DED382042B},"3.13691816798264e-06",National Capital Region (NCR),"NCR, First District, City of Manila",City of Manila - Tondo I / II,Barangay 232,"130000000","133900000","133901000","133901233","1380601233",Bgy,,Highly Urbanized Cities (HUC),,U,"2339","1778","0.03739445",No,,"0.00784106646228153",,,ADMIN2,"1748789491000","77","3","3","8664.16615971532","17177.2054862478","8513.03932653244","37394.4507684304","12464.8169228101","11553.0791224673","3534.72384646971","8664.16615971532","8664.16615971532","10108.6226410913","14365.1423043575","4256.51966326622","77","3","3","4039.53015482755","20290.5848689725","16251.054714145","37394.4497461831","12464.816582061","13064.334722383","6647.99525325567","4039.53015482755","4039.53015482755","8551.93243860529","16677.4597956778","8125.52735707249","77","3","3","8664.16615971532","17177.2054862478","8513.03932653244","37394.4507684304","12464.8169228101","11553.0791224673","3534.72384646971","8664.16615971532","8664.16615971532","10108.6226410913","14365.1423043575","4256.51966326622"
"78","4477","8011339012340000",{78624A64-07A4-40AE-AB14-C5711E74322F},"1.79124547093609e-06",National Capital Region (NCR),"NCR, First District, City of Manila",City of Manila - Tondo I / II,Barangay 233,"130000000","133900000","133901000","133901234","1380601234",Bgy,,Highly Urbanized Cities (HUC),,U,"1648","735","0.0213531",No,,"0.00539107990796538",,,ADMIN2,"1748789491000","78","3","3","931.582233909226","10496.3969114573","9564.81467754811","21353.1025355499","7117.70084518329","9925.1233901833","4380.45933387438","931.582233909226","931.582233909226","5428.35281204627","10210.7601508203","4782.40733877406","78","3","3","3602.45367329282","13554.1437315434","9951.69005825057","21353.0998677262","7117.69995590874","4196.50246289001","4557.70994022107","3602.45367329282","3602.45367329282","3899.47806809142","8875.3230972167","4975.84502912528","78","3","3","931.582233909226","10496.3969114573","9564.81467754811","21353.1025355499","7117.70084518329","9925.1233901833","4380.45933387438","931.582233909226","931.582233909226","5428.35281204627","10210.7601508203","4782.40733877406"
"79","4498","8011339012440000",{A96D0A94-FE28-4C19-9D76-C99F8E480E6C},"1.24469507103342e-06",National Capital Region (NCR),"NCR, First District, City of Manila",City of Manila - Tondo I / II,Barangay 243,"130000000","133900000","133901000","133901244","1380601244",Bgy,,Highly Urbanized Cities (HUC),,U,"338","436","0.01483818",No,,"0.00600383281809627",,,ADMIN2,"1748789491000","79","1","1","14838.1927959323","14838.1927959323","0","14838.1927959323","14838.1927959323","14838.1927959323","0","14838.1927959323","14838.1927959323","14838.1927959323","14838.1927959323","0","79","2","2","133.472187161275","14704.7128012222","14571.2406140609","14838.1849883834","7419.09249419172","7419.09249419172","7285.62030703044","133.472187161275","133.472187161275","133.472187161275","14704.7128012222","14571.2406140609","79","1","1","14838.1927959323","14838.1927959323","0","14838.1927959323","14838.1927959323","14838.1927959323","0","14838.1927959323","14838.1927959323","14838.1927959323","14838.1927959323","0"
"80","4499","8011339012450000",{B6011614-770D-4D7F-89A4-0C383F0893DB},"1.11011901000282e-06",National Capital Region (NCR),"NCR, First District, City of Manila",City of Manila - Tondo I / II,Barangay 244,"130000000","133900000","133901000","133901245","1380601245",Bgy,,Highly Urbanized Cities (HUC),,U,"1029","640","0.01323388",No,,"0.00582548014191497",,,ADMIN2,"1748789491000","80","1","1","13233.8955479488","13233.8955479488","0","13233.8955479488","13233.8955479488","13233.8955479488","0","13233.8955479488","13233.8955479488","13233.8955479488","13233.8955479488","0","80","1","1","13233.8955479488","13233.8955479488","0","13233.8955479488","13233.8955479488","13233.8955479488","0","13233.8955479488","13233.8955479488","13233.8955479488","13233.8955479488","0","80","1","1","13233.8955479488","13233.8955479488","0","13233.8955479488","13233.8955479488","13233.8955479488","0","13233.8955479488","13233.8955479488","13233.8955479488","13233.8955479488","0"
"81","4500","8011339012460000",{08858FEE-984E-4C5E-801E-A46821360A9B},"8.42466349157361e-07",National Capital Region (NCR),"NCR, First District, City of Manila",City of Manila - Tondo I / II,Barangay 245,"130000000","133900000","133901000","133901246","1380601246",Bgy,,Highly Urbanized Cities (HUC),,U,"350","281","0.01004328",No,,"0.00377144676668788",,,ADMIN2,"1748789491000","81","2","2","152.071551677407","9891.20418853256","9739.13263685515","10043.27574021","5021.63787010498","5021.63787010498","4869.56631842758","152.071551677407","152.071551677407","152.071551677407","9891.20418853256","9739.13263685515","81","3","3","152.073562578502","9525.28720863381","9373.21364605531","10043.2773011119","3347.75910037063","365.916529899579","4369.04431578611","152.073562578502","152.073562578502","258.995046239041","4945.60186926669","4686.60682302765","81","2","2","152.071551677407","9891.20418853256","9739.13263685515","10043.27574021","5021.63787010498","5021.63787010498","4869.56631842758","152.071551677407","152.071551677407","152.071551677407","9891.20418853256","9739.13263685515"
"82","4501","8011339012470000",{3EF39090-EAC2-42B0-87F4-8F05A9B55F63},"1.55814460921134e-06",National Capital Region (NCR),"NCR, First District, City of Manila",City of Manila - Tondo I / II,Barangay 246,"130000000","133900000","133901000","133901247","1380601247",Bgy,,Highly Urbanized Cities (HUC),,U,"1260","1254","0.01857486",No,,"0.00614968257263849",,,ADMIN2,"1748789491000","82","2","2","256.062444475247","18318.8021896521","18062.7397451769","18574.8646341274","9287.43231706368","9287.43231706368","9031.36987258843","256.062444475247","256.062444475247","256.062444475247","18318.8021896521","18062.7397451769","82","3","3","69.9737033189231","17981.7707417557","17911.7970384367","18574.8647052378","6191.62156841261","523.120260163249","8338.94671997035","69.9737033189231","69.9737033189231","296.546981741086","9252.44550095946","8955.89851921837","82","2","2","256.062444475247","18318.8021896521","18062.7397451769","18574.8646341274","9287.43231706368","9287.43231706368","9031.36987258843","256.062444475247","256.062444475247","256.062444475247","18318.8021896521","18062.7397451769"
"83","4502","8011339012480000",{892FAFFD-415D-4074-8C0E-801DB3BCF19B},"1.18318084180233e-06",National Capital Region (NCR),"NCR, First District, City of Manila",City of Manila - Tondo I / II,Barangay 247,"130000000","133900000","133901000","133901248","1380601248",Bgy,,Highly Urbanized Cities (HUC),,U,"542","737","0.01410511",No,,"0.00498288129748273",,,ADMIN2,"1748789491000","83","2","2","302.903056261799","13802.2089512575","13499.3058949957","14105.1120075193","7052.55600375964","7052.55600375964","6749.65294749785","302.903056261799","302.903056261799","302.903056261799","13802.2089512575","13499.3058949957","83","1","1","14105.1119537875","14105.1119537875","0","14105.1119537875","14105.1119537875","14105.1119537875","0","14105.1119537875","14105.1119537875","14105.1119537875","14105.1119537875","0","83","2","2","302.903056261799","13802.2089512575","13499.3058949957","14105.1120075193","7052.55600375964","7052.55600375964","6749.65294749785","302.903056261799","302.903056261799","302.903056261799","13802.2089512575","13499.3058949957"
"84","4503","8011339012490000",{809901F1-130B-4312-A2AB-9CB1A76AEB31},"7.24436044925837e-07",National Capital Region (NCR),"NCR, First District, City of Manila",City of Manila - Tondo I / II,Barangay 248,"130000000","133900000","133901000","133901249","1380601249",Bgy,,Highly Urbanized Cities (HUC),,U,"485","503","0.00863616",No,,"0.00351362008632296",,,ADMIN2,"1748789491000","84","3","3","5.29173015932611","8434.58188381376","8429.29015365443","8636.16240900165","2878.72080300055","196.288795028566","3929.36078191422","5.29173015932611","5.29173015932611","100.790262593946","4315.43533942116","4214.64507682722","84","3","3","123.167594181796","8311.41394800587","8188.24635382408","8636.16434099609","2878.7214469987","201.58279880842","3841.62709399319","123.167594181796","123.167594181796","162.375196495108","4256.49837340715","4094.12317691204","84","3","3","5.29173015932611","8434.58188381376","8429.29015365443","8636.16240900165","2878.72080300055","196.288795028566","3929.36078191422","5.29173015932611","5.29173015932611","100.790262593946","4315.43533942116","4214.64507682722"
"85","4504","8011339012500000",{93852338-5057-4825-A138-2F0D58F546F0},"1.23768941072992e-06",National Capital Region (NCR),"NCR, First District, City of Manila",City of Manila - Tondo I / II,Barangay 249,"130000000","133900000","133901000","133901250","1380601250",Bgy,,Highly Urbanized Cities (HUC),,U,"784","1610","0.01475437",No,,"0.0045668005322483",,,ADMIN2,"1748789491000","85","3","3","298.435084772529","9792.41838583889","9493.98330106636","14754.3720459841","4918.12401532803","4663.51857537267","3880.08141476205","298.435084772529","298.435084772529","2480.9768300726","7227.96848060578","4746.99165053318","85","3","3","1167.05965393048","7229.60742124319","6062.54776731271","14754.3697283862","4918.12324279541","6357.70265321257","2676.18048929313","1167.05965393048","1167.05965393048","3762.38115357152","6793.65503722788","3031.27388365635","85","3","3","298.435084772529","9792.41838583889","9493.98330106636","14754.3720459841","4918.12401532803","4663.51857537267","3880.08141476205","298.435084772529","298.435084772529","2480.9768300726","7227.96848060578","4746.99165053318"
"86","4506","8011339010250000",{9DA0A7B4-135A-406B-BA93-37F2C61023B1},"1.84503844320432e-06",National Capital Region (NCR),"NCR, First District, City of Manila",City of Manila - Tondo I / II,Barangay 25,"130000000","133900000","133901000","133901025","1380601025",Bgy,,Highly Urbanized Cities (HUC),,U,"2606","2545","0.02199568",No,,"0.00547362479626607",,,ADMIN2,"1748789491000","86","3","3","2620.10189228716","14728.275394616","12108.1735023289","21995.6768464297","7331.89228214324","4647.29955952655","5295.10748744346","2620.10189228716","2620.10189228716","3633.70072590685","9687.78747707129","6054.08675116444","86","2","2","9298.04809764292","12697.6356548001","3399.58755715716","21995.683752443","10997.8418762215","10997.8418762215","1699.79377857858","9298.04809764292","9298.04809764292","9298.04809764292","12697.6356548001","3399.58755715716","86","3","3","2620.10189228716","14728.275394616","12108.1735023289","21995.6768464297","7331.89228214324","4647.29955952655","5295.10748744346","2620.10189228716","2620.10189228716","3633.70072590685","9687.78747707129","6054.08675116444"
"87","5019","8011339060750000",{82A61F74-9C5D-4AE5-88E8-2993E4EB7A90},"1.18623936485959e-06",National Capital Region (NCR),"NCR, First District, City of Manila",City of Manila - Sampaloc,Barangay 469,"130000000","133900000","133906000","133906075","1380606075",Bgy,,Highly Urbanized Cities (HUC),,U,"513","1956","0.0141416",No,,"0.00465382685815027",,,ADMIN2,"1748789491000","87","2","2","874.617854594744","13266.9836088852","12392.3657542904","14141.6014634799","7070.80073173996","7070.80073173996","6196.18287714522","874.617854594744","874.617854594744","874.617854594744","13266.9836088852","12392.3657542904","87","1","1","14141.6017406434","14141.6017406434","0","14141.6017406434","14141.6017406434","14141.6017406434","0","14141.6017406434","14141.6017406434","14141.6017406434","14141.6017406434","0","87","2","2","874.617854594744","13266.9836088852","12392.3657542904","14141.6014634799","7070.80073173996","7070.80073173996","6196.18287714522","874.617854594744","874.617854594744","874.617854594744","13266.9836088852","12392.3657542904"
"88","4497","8011339012430000",{4B91C4B1-65BC-4D08-83AD-DB8160C09703},"1.99888387568005e-06",National Capital Region (NCR),"NCR, First District, City of Manila",City of Manila - Tondo I / II,Barangay 242,"130000000","133900000","133901000","133901243","1380601243",Bgy,,Highly Urbanized Cities (HUC),,U,"712","448","0.0238293",No,,"0.00915483791448209",,,ADMIN2,"1748789491000","88","2","2","1070.60352122772","22758.6882329899","21688.0847117622","23829.2917542176","11914.6458771088","11914.6458771088","10844.0423558811","1070.60352122772","1070.60352122772","1070.60352122772","22758.6882329899","21688.0847117622","88","1","1","23829.2918067332","23829.2918067332","0","23829.2918067332","23829.2918067332","23829.2918067332","0","23829.2918067332","23829.2918067332","23829.2918067332","23829.2918067332","0","88","2","2","1070.60352122772","22758.6882329899","21688.0847117622","23829.2917542176","11914.6458771088","11914.6458771088","10844.0423558811","1070.60352122772","1070.60352122772","1070.60352122772","22758.6882329899","21688.0847117622"
"89","4517","8011339012530000",{6AE8483C-9B7E-4328-9640-CD686EE9CFFE},"7.44789292884559e-07",National Capital Region (NCR),"NCR, First District, City of Manila",City of Manila - Tondo I / II,Barangay 252,"130000000","133900000","133901000","133901253","1380601253",Bgy,,Highly Urbanized Cities (HUC),,U,"253","910","0.00887861",No,,"0.00418095242481735",,,ADMIN2,"1748789491000","89","2","2","473.937685159704","8404.67290537155","7930.73522021185","8878.61059053126","4439.30529526563","4439.30529526563","3965.36761010592","473.937685159704","473.937685159704","473.937685159704","8404.67290537155","7930.73522021185","89","2","2","4350.57331765797","4528.03624133319","177.462923675215","8878.60955899116","4439.30477949558","4439.30477949558","88.7314618376076","4350.57331765797","4350.57331765797","4350.57331765797","4528.03624133319","177.462923675215","89","2","2","473.937685159704","8404.67290537155","7930.73522021185","8878.61059053126","4439.30529526563","4439.30529526563","3965.36761010592","473.937685159704","473.937685159704","473.937685159704","8404.67290537155","7930.73522021185"
"90","4516","8011339012520000",{6A5ADB30-0F18-4CDC-889D-88856C695EA3},"8.06338240989438e-07",National Capital Region (NCR),"NCR, First District, City of Manila",City of Manila - Tondo I / II,Barangay 251,"130000000","133900000","133901000","133901252","1380601252",Bgy,,Highly Urbanized Cities (HUC),,U,"723","1181","0.00961234",No,,"0.00388183100428653",,,ADMIN2,"1748789491000","90","2","2","3412.28958928856","6200.04493661466","2787.75534732611","9612.33452590322","4806.16726295161","4806.16726295161","1393.87767366305","3412.28958928856","3412.28958928856","3412.28958928856","6200.04493661466","2787.75534732611","90","2","2","969.774897425668","8642.56145997486","7672.78656254919","9612.33635740053","4806.16817870026","4806.16817870026","3836.3932812746","969.774897425668","969.774897425668","969.774897425668","8642.56145997486","7672.78656254919","90","2","2","3412.28958928856","6200.04493661466","2787.75534732611","9612.33452590322","4806.16726295161","4806.16726295161","1393.87767366305","3412.28958928856","3412.28958928856","3412.28958928856","6200.04493661466","2787.75534732611"
"91","4523","8011339012590000",{AD2DCCD3-4610-450F-BAE1-8507DCF7C275},"1.84278729413997e-06",National Capital Region (NCR),"NCR, First District, City of Manila",City of Manila - Tondo I / II,Barangay 258,"130000000","133900000","133901000","133901259","1380601259",Bgy,,Highly Urbanized Cities (HUC),,U,"908","1181","0.02196802",No,,"0.00649660301564479",,,ADMIN2,"1748789491000","91","3","3","4339.37235321266","11919.6779541243","7580.30560091167","21968.026495307","7322.67549843566","5708.97618796999","3298.31041082666","4339.37235321266","4339.37235321266","5024.17427059132","8814.32707104716","3790.15280045584","91","3","3","5903.93230030638","8097.73651259048","2193.8042122841","21968.0284667697","7322.67615558991","7966.35965387287","1004.63610822699","5903.93230030638","5903.93230030638","6935.14597708963","8032.04808323168","1096.90210614205","91","3","3","4339.37235321266","11919.6779541243","7580.30560091167","21968.026495307","7322.67549843566","5708.97618796999","3298.31041082666","4339.37235321266","4339.37235321266","5024.17427059132","8814.32707104716","3790.15280045584"
"92","4526","8011339010260000",{9B9E26D0-450D-483B-865B-D180A6724445},"1.6448500900168e-06",National Capital Region (NCR),"NCR, First District, City of Manila",City of Manila - Tondo I / II,Barangay 26,"130000000","133900000","133901000","133901026","1380601026",Bgy,,Highly Urbanized Cities (HUC),,U,"2806","2555","0.01960902",No,,"0.00516618263114676",,,ADMIN2,"1748789491000","92","2","2","7259.07392786148","12349.9412924353","5090.86736457383","19609.0152202968","9804.5076101484","9804.5076101484","2545.43368228691","7259.07392786148","7259.07392786148","7259.07392786148","12349.9412924353","5090.86736457383","92","2","2","8508.61085555802","11100.4015354767","2591.79067991872","19609.0123910348","9804.50619551738","9804.50619551738","1295.89533995936","8508.61085555802","8508.61085555802","8508.61085555802","11100.4015354767","2591.79067991872","92","2","2","7259.07392786148","12349.9412924353","5090.86736457383","19609.0152202968","9804.5076101484","9804.5076101484","2545.43368228691","7259.07392786148","7259.07392786148","7259.07392786148","12349.9412924353","5090.86736457383"
"93","4537","8011339012630000",{F76B02B6-23E5-4611-833B-04649942E19B},"3.75624783178479e-06",National Capital Region (NCR),"NCR, First District, City of Manila",City of Manila - Tondo I / II,Barangay 262,"130000000","133900000","133901000","133901263","1380601263",Bgy,,Highly Urbanized Cities (HUC),,U,"2226","1736","0.04477923",No,,"0.00913668915056564",,,ADMIN2,"1748789491000","93","2","2","15302.5088578803","29476.7263704799","14174.2175125996","44779.2352283602","22389.6176141801","22389.6176141801","7087.10875629979","15302.5088578803","15302.5088578803","15302.5088578803","29476.7263704799","14174.2175125996","93","3","3","199.925334484142","40733.4716841186","40533.5463496345","44779.2353600793","14926.4117866931","3845.83834147658","18308.9491019305","199.925334484142","199.925334484142","2022.88183798036","22289.6550127976","20266.7731748172","93","2","2","15302.5088578803","29476.7263704799","14174.2175125996","44779.2352283602","22389.6176141801","22389.6176141801","7087.10875629979","15302.5088578803","15302.5088578803","15302.5088578803","29476.7263704799","14174.2175125996"
"94","4538","8011339012640000",{03583516-0037-4EC5-9B1D-997F93A09E0F},"1.26769989983368e-06",National Capital Region (NCR),"NCR, First District, City of Manila",City of Manila - Tondo I / II,Barangay 263,"130000000","133900000","133901000","133901264","1380601264",Bgy,,Highly Urbanized Cities (HUC),,U,"1786","1306","0.01511266",No,,"0.00454725481019186",,,ADMIN2,"1748789491000","94","2","2","4345.99995656331","10766.6576818066","6420.6577252433","15112.6576383699","7556.32881918496","7556.32881918496","3210.32886262165","4345.99995656331","4345.99995656331","4345.99995656331","10766.6576818066","6420.6577252433","94","1","1","15112.657732971","15112.657732971","0","15112.657732971","15112.657732971","15112.657732971","0","15112.657732971","15112.657732971","15112.657732971","15112.657732971","0","94","2","2","4345.99995656331","10766.6576818066","6420.6577252433","15112.6576383699","7556.32881918496","7556.32881918496","3210.32886262165","4345.99995656331","4345.99995656331","4345.99995656331","10766.6576818066","6420.6577252433"
"95","4539","8011339012650000",{BEA97688-FFE6-48CF-81A8-56949CC0A6FF},"2.16910261016459e-06",National Capital Region (NCR),"NCR, First District, City of Manila",City of Manila - Tondo I / II,Barangay 264,"130000000","133900000","133901000","133901265","1380601265",Bgy,,Highly Urbanized Cities (HUC),,U,"1823","2443","0.02585829",No,,"0.00660248041046332",,,ADMIN2,"1748789491000","95","3","3","199.925742215099","20661.2636606391","20461.337918424","25858.2648407744","8619.42161359145","4997.0754379202","8737.18609222609","199.925742215099","199.925742215099","2598.50059006765","12829.1695492796","10230.668959212","95","4","4","99.9628770112759","23129.9579941258","23029.9951171145","25858.2647953373","6464.56619883432","1314.17196210009","9634.53998850706","99.9628770112759","99.9628770112759","696.684511326719","12232.4478863419","11535.7633750152","95","3","3","199.925742215099","20661.2636606391","20461.337918424","25858.2648407744","8619.42161359145","4997.0754379202","8737.18609222609","199.925742215099","199.925742215099","2598.50059006765","12829.1695492796","10230.668959212"
"96","4540","8011339012660000",{CA761A9E-CB7C-4851-8065-33EAD090A373},"1.24096343358491e-06",National Capital Region (NCR),"NCR, First District, City of Manila",City of Manila - Tondo I / II,Barangay 265,"130000000","133900000","133901000","133901266","1380601266",Bgy,,Highly Urbanized Cities (HUC),,U,"593","125","0.0147937",No,,"0.00518647947232432",,,ADMIN2,"1748789491000","96","3","3","102.643168017821","14026.2368383518","13923.593670334","14793.699688992","4931.233229664","664.819682622347","6435.2326344858","102.643168017821","102.643168017821","383.731425320084","7345.52826048708","6961.796835167","96","3","3","142.792176934458","13386.7883267978","13243.9961498633","14793.6997173662","4931.23323912205","1264.11921363392","5996.47965956402","142.792176934458","142.792176934458","703.455695284187","7325.45377021585","6621.99807493166","96","3","3","102.643168017821","14026.2368383518","13923.593670334","14793.699688992","4931.233229664","664.819682622347","6435.2326344858","102.643168017821","102.643168017821","383.731425320084","7345.52826048708","6961.796835167"
"97","4536","8011339012620000",{E1858807-531F-4B0C-9B3A-C95AD3EF5FCF},"1.29560467968714e-06",National Capital Region (NCR),"NCR, First District, City of Manila",City of Manila - Tondo I / II,Barangay 261,"130000000","133900000","133901000","133901262","1380601262",Bgy,,Highly Urbanized Cities (HUC),,U,"800","735","0.01544519",No,,"0.00517257591641275",,,ADMIN2,"1748789491000","97","2","2","423.508647131799","15021.7024014168","14598.193754285","15445.2110485486","7722.60552427429","7722.60552427429","7299.09687714249","423.508647131799","423.508647131799","423.508647131799","15021.7024014168","14598.193754285","97","3","3","170.492459892979","14974.8299408034","14804.3374809104","15445.2110653794","5148.40368845981","299.888664683094","6948.53344306137","170.492459892979","170.492459892979","235.190562288037","7637.35930274323","7402.16874045519","97","2","2","423.508647131799","15021.7024014168","14598.193754285","15445.2110485486","7722.60552427429","7722.60552427429","7299.09687714249","423.508647131799","423.508647131799","423.508647131799","15021.7024014168","14598.193754285"
"98","4543","8011339040010000",{3C198998-346D-42B4-9D6C-DCD48BCB3189},"3.66856427345029e-06",National Capital Region (NCR),"NCR, First District, City of Manila",City of Manila - San Nicolas,Barangay 268,"130000000","133900000","133904000","133904001","1380604001",Bgy,,Highly Urbanized Cities (HUC),,U,"885","489","0.04373485",No,,"0.00966109632551491",,,ADMIN2,"1748789491000","98","2","2","15723.0311708706","28011.7790576177","12288.7478867471","43734.8102284883","21867.4051142441","21867.4051142441","6144.37394337356","15723.0311708706","15723.0311708706","15723.0311708706","28011.7790576177","12288.7478867471","98","3","3","99.9618515467155","40517.1818622754","40417.2200107287","43734.8137999432","14578.2712666477","3117.67008612106","18382.9078750385","99.9618515467155","99.9618515467155","1608.81596883389","21817.4259741982","20208.6100053644","98","2","2","15723.0311708706","28011.7790576177","12288.7478867471","43734.8102284883","21867.4051142441","21867.4051142441","6144.37394337356","15723.0311708706","15723.0311708706","15723.0311708706","28011.7790576177","12288.7478867471"
"99","4544","8011339040020000",{93382D52-81A3-49BF-93D0-E64242413351},"3.53741242125833e-06",National Capital Region (NCR),"NCR, First District, City of Manila",City of Manila - San Nicolas,Barangay 269,"130000000","133900000","133904000","133904002","1380604002",Bgy,,Highly Urbanized Cities (HUC),,U,"1050","904","0.04217141",No,,"0.00760798965682912",,,ADMIN2,"1748789491000","99","2","2","9485.06163497201","32686.3716299112","23201.3099949392","42171.4332648832","21085.7166324416","21085.7166324416","11600.6549974696","9485.06163497201","9485.06163497201","9485.06163497201","32686.3716299112","23201.3099949392","99","2","2","368.891156378602","41802.5398736447","41433.6487172661","42171.4310300233","21085.7155150116","21085.7155150116","20716.824358633","368.891156378602","368.891156378602","368.891156378602","41802.5398736447","41433.6487172661","99","2","2","9485.06163497201","32686.3716299112","23201.3099949392","42171.4332648832","21085.7166324416","21085.7166324416","11600.6549974696","9485.06163497201","9485.06163497201","9485.06163497201","32686.3716299112","23201.3099949392"
"100","4554","8011339040040000",{3D8C9A46-87D6-4C18-87A7-583B1679513C},"5.14927636937653e-06",National Capital Region (NCR),"NCR, First District, City of Manila",City of Manila - San Nicolas,Barangay 271,"130000000","133900000","133904000","133904004","1380604004",Bgy,,Highly Urbanized Cities (HUC),,U,"572","633","0.0613878",No,,"0.0117977685999107",,,ADMIN2,"1748789491000","100","3","3","673.279700612307","59631.7365690538","58958.4568684415","61387.8115271674","20462.6038423891","1082.79525750138","27697.26394029","673.279700612307","673.279700612307","878.037479056842","30357.2659132776","29479.2284342207","100","3","3","768.275057888866","51775.1945407159","51006.919482827","61387.8098682171","20462.6032894057","8844.34026961234","22385.4787080036","768.275057888866","768.275057888866","4806.3076637506","30309.7674051641","25503.4597414135","100","3","3","673.279700612307","59631.7365690538","58958.4568684415","61387.8115271674","20462.6038423891","1082.79525750138","27697.26394029","673.279700612307","673.279700612307","878.037479056842","30357.2659132776","29479.2284342207"
"101","4555","8011339040050000",{44106B38-01FA-4649-9CE5-427F3E2570DC},"1.65218961084471e-06",National Capital Region (NCR),"NCR, First District, City of Manila",City of Manila - San Nicolas,Barangay 272,"130000000","133900000","133904000","133904005","1380604005",Bgy,,Highly Urbanized Cities (HUC),,U,"1255","1064","0.019697",No,,"0.00708383868877894",,,ADMIN2,"1748789491000","101","3","3","243.02986836819","11410.2353443431","11167.2054759749","19696.9985435578","6565.66618118593","8043.73333084653","4677.25926940413","243.02986836819","243.02986836819","4143.38159960736","9726.9843375948","5583.60273798744","101","3","3","99.9615273394738","15601.754878104","15501.7933507646","19696.9964000713","6565.66546669045","3995.27999462784","6584.40381399839","99.9615273394738","99.9615273394738","2047.62076098366","9798.51743636593","7750.89667538228","101","3","3","243.02986836819","11410.2353443431","11167.2054759749","19696.9985435578","6565.66618118593","8043.73333084653","4677.25926940413","243.02986836819","243.02986836819","4143.38159960736","9726.9843375948","5583.60273798744"
"102","4542","8011339012680000",{CBD9A5B5-5F36-4327-9597-42DADA9820E1},"1.09047156653466e-06",National Capital Region (NCR),"NCR, First District, City of Manila",City of Manila - Tondo I / II,Barangay 267,"130000000","133900000","133901000","133901268","1380601268",Bgy,,Highly Urbanized Cities (HUC),,U,"2195","1952","0.0129996",No,,"0.0045170622526574",,,ADMIN2,"1748789491000","102","2","2","87.2865235742211","12912.3173159766","12825.0307924024","12999.6038395509","6499.80191977543","6499.80191977543","6412.51539620121","87.2865235742211","87.2865235742211","87.2865235742211","12912.3173159766","12825.0307924024","102","2","2","626.043843247994","12373.560049676","11747.516206428","12999.603892924","6499.80194646198","6499.80194646198","5873.75810321399","626.043843247994","626.043843247994","626.043843247994","12373.560049676","11747.516206428","102","2","2","87.2865235742211","12912.3173159766","12825.0307924024","12999.6038395509","6499.80191977543","6499.80191977543","6412.51539620121","87.2865235742211","87.2865235742211","87.2865235742211","12912.3173159766","12825.0307924024"
"103","4556","8011339040060000",{2D1A2DAB-AB25-4565-90CF-BF7069B624E4},"1.71184409214107e-06",National Capital Region (NCR),"NCR, First District, City of Manila",City of Manila - San Nicolas,Barangay 273,"130000000","133900000","133904000","133904006","1380604006",Bgy,,Highly Urbanized Cities (HUC),,U,"988","825","0.02040823",No,,"0.0070045691884678",,,ADMIN2,"1748789491000","103","3","3","199.950505029449","13903.5536409546","13703.6031359251","20408.2293379149","6802.74311263829","6304.72519193084","5605.54494013107","199.950505029449","199.950505029449","3252.33784848015","10104.1394164427","6851.80156796257","103","3","3","309.793680208153","13400.7665292635","13090.9728490554","20408.2344101774","6802.74480339247","6697.67420070572","5344.88368487959","309.793680208153","309.793680208153","3503.73394045693","10049.2203649846","6545.48642452769","103","3","3","199.950505029449","13903.5536409546","13703.6031359251","20408.2293379149","6802.74311263829","6304.72519193084","5605.54494013107","199.950505029449","199.950505029449","3252.33784848015","10104.1394164427","6851.80156796257"
"104","4561","8011339010280000",{52BA5A6F-D191-4D9A-98DD-601F913EAE5F},"1.89379404359667e-06",National Capital Region (NCR),"NCR, First District, City of Manila",City of Manila - Tondo I / II,Barangay 28,"130000000","133900000","133901000","133901028","1380601028",Bgy,,Highly Urbanized Cities (HUC),,U,"2578","2787","0.02257695",No,,"0.00614504513010999",,,ADMIN2,"1748789491000","104","3","3","2199.14085331524","16407.7434961177","14208.6026428024","22576.9448255321","7525.64827517736","3970.06047609916","6322.06457380174","2199.14085331524","2199.14085331524","3084.6006647072","10188.9019861084","7104.30132140122","104","3","3","599.76568727041","12229.1495089729","11629.3838217025","22576.9470279201","7525.64900930669","9748.03183167674","5000.99197326511","599.76568727041","599.76568727041","5173.89875947358","10988.5906703248","5814.69191085125","104","3","3","2199.14085331524","16407.7434961177","14208.6026428024","22576.9448255321","7525.64827517736","3970.06047609916","6322.06457380174","2199.14085331524","2199.14085331524","3084.6006647072","10188.9019861084","7104.30132140122"
"105","4558","8011339040080000",{80D52D78-0412-451A-A9D1-37EAFBA16FDD},"2.26110862644849e-05",National Capital Region (NCR),"NCR, First District, City of Manila",City of Manila - San Nicolas,Barangay 275,"130000000","133900000","133904000","133904008","1380604008",Bgy,,Highly Urbanized Cities (HUC),,U,"19031","19809","0.26956627",No,,"0.0333476530443581",,,ADMIN2,"1748789491000","105","4","4","5248.17255053668","167460.758367958","162212.585817421","269566.271659491","67391.5679148727","48428.6703704981","66618.435054546","5248.17255053668","5248.17255053668","6972.50805159581","127810.62777815","120838.119726554","105","4","4","2824.35273350132","190635.800648947","187811.447915446","269566.290115163","67391.5725287907","38053.0683663571","75663.6798918262","2824.35273350132","2824.35273350132","5353.91468999819","129429.230367583","124075.315677585","105","4","4","5248.17255053668","167460.758367958","162212.585817421","269566.271659491","67391.5679148727","48428.6703704981","66618.435054546","5248.17255053668","5248.17255053668","6972.50805159581","127810.62777815","120838.119726554"
"106","4559","8011339040090000",{9E83978E-8585-42A4-A749-E20F9D1A7883},"1.74499680737588e-06",National Capital Region (NCR),"NCR, First District, City of Manila",City of Manila - San Nicolas,Barangay 276,"130000000","133900000","133904000","133904009","1380604009",Bgy,,Highly Urbanized Cities (HUC),,U,"2524","2543","0.0208033",No,,"0.00547391826368724",,,ADMIN2,"1748789491000","106","2","2","4091.96490626939","16711.336595148","12619.3716888786","20803.3015014174","10401.6507507087","10401.6507507087","6309.68584443931","4091.96490626939","4091.96490626939","4091.96490626939","16711.336595148","12619.3716888786","106","3","3","714.180122211095","13345.640603276","12631.460481065","20803.301390991","6934.43379699701","6743.48066550388","5158.53957336743","714.180122211095","714.180122211095","3728.83039385749","10044.56063439","6315.73024053248","106","2","2","4091.96490626939","16711.336595148","12619.3716888786","20803.3015014174","10401.6507507087","10401.6507507087","6309.68584443931","4091.96490626939","4091.96490626939","4091.96490626939","16711.336595148","12619.3716888786"
"107","4571","8011339040160000",{B7835F0E-5B8C-458B-9D6B-3A9E13BCF22F},"4.22292628922679e-06",National Capital Region (NCR),"NCR, First District, City of Manila",City of Manila - San Nicolas,Barangay 283,"130000000","133900000","133904000","133904016","1380604016",Bgy,,Highly Urbanized Cities (HUC),,U,"1982","1345","0.05034523",No,,"0.00946049121562302",,,ADMIN2,"1748789491000","107","4","4","7633.09910771335","19943.7788053512","12310.6796976379","50345.2299881942","12586.3074970485","11384.1760375648","4515.66163883677","7633.09910771335","7633.09910771335","9477.20778301003","15695.4072110871","6218.19942807703","107","4","4","2265.99530484271","19944.1532291613","17678.1579243186","50345.2354895475","12586.3088723869","14067.5434777718","6851.46354017656","2265.99530484271","2265.99530484271","6480.9701392408","18691.647605533","12210.6774662922","107","4","4","7633.09910771335","19943.7788053512","12310.6796976379","50345.2299881942","12586.3074970485","11384.1760375648","4515.66163883677","7633.09910771335","7633.09910771335","9477.20778301003","15695.4072110871","6218.19942807703"
"108","4708","8011339050280000",{1EBF9A97-EB3D-4DD6-9BCE-5EAE631CCDBE},"1.02825334389175e-06",National Capital Region (NCR),"NCR, First District, City of Manila",City of Manila - Santa Cruz,Barangay 326,"130000000","133900000","133905000","133905028","1380605028",Bgy,,Highly Urbanized Cities (HUC),,U,"927","825","0.01225801",No,,"0.0041639697762641",,,ADMIN2,"1748789491000","108","2","2","468.69113759972","11789.3127642149","11320.6216266151","12258.0039018146","6129.00195090729","6129.00195090729","5660.31081330757","468.69113759972","468.69113759972","468.69113759972","11789.3127642149","11320.6216266151","108","1","1","12258.0038948506","12258.0038948506","0","12258.0038948506","12258.0038948506","12258.0038948506","0","12258.0038948506","12258.0038948506","12258.0038948506","12258.0038948506","0","108","2","2","468.69113759972","11789.3127642149","11320.6216266151","12258.0039018146","6129.00195090729","6129.00195090729","5660.31081330757","468.69113759972","468.69113759972","468.69113759972","11789.3127642149","11320.6216266151"
"109","4573","8011339040180000",{51D87C2D-FB55-41FC-BDE5-853157F9B098},"4.60386363905245e-06",National Capital Region (NCR),"NCR, First District, City of Manila",City of Manila - San Nicolas,Barangay 285,"130000000","133900000","133904000","133904018","1380604018",Bgy,,Highly Urbanized Cities (HUC),,U,"2306","2066","0.05488668",No,,"0.0125621154076781",,,ADMIN2,"1748789491000","109","4","4","10548.7098357999","19069.0104581109","8520.30062231098","54886.6870747938","13721.6717686985","12634.4833904415","3431.8304366494","10548.7098357999","10548.7098357999","10719.5182796904","16723.8252577065","6004.30697801613","109","4","4","936.161542509264","30328.4123023305","29392.2507598213","54886.6869930797","13721.6717482699","11811.05657412","10603.5496728283","936.161542509264","936.161542509264","5742.43367483593","21700.9098217039","15958.476146868","109","4","4","10548.7098357999","19069.0104581109","8520.30062231098","54886.6870747938","13721.6717686985","12634.4833904415","3431.8304366494","10548.7098357999","10548.7098357999","10719.5182796904","16723.8252577065","6004.30697801613"
"110","4574","8011339040190000",{2FB0B47E-F39A-43F5-B432-9FA769BB91B7},"3.8543880258921e-06",National Capital Region (NCR),"NCR, First District, City of Manila",City of Manila - San Nicolas,Barangay 286,"130000000","133900000","133904000","133904019","1380604019",Bgy,,Highly Urbanized Cities (HUC),,U,"3679","4710","0.0459516",No,,"0.00885143509066183",,,ADMIN2,"1748789491000","110","4","4","4901.70806604383","15471.0763239298","10569.3682578859","45951.6067637521","11487.901690938","12789.4111868893","4158.90345451436","4901.70806604383","4901.70806604383","7940.40554992229","15035.3978319538","7094.99228203149","110","3","3","11897.9995775805","22084.7443276704","10186.7447500899","45951.6052728941","15317.2017576314","11968.8613676431","4785.46268583583","11897.9995775805","11897.9995775805","11933.4304726118","17026.8028476568","5093.37237504493","110","4","4","4901.70806604383","15471.0763239298","10569.3682578859","45951.6067637521","11487.901690938","12789.4111868893","4158.90345451436","4901.70806604383","4901.70806604383","7940.40554992229","15035.3978319538","7094.99228203149"
"111","4576","8011339020020000",{712BC387-1672-4721-8A9A-C2EE48CEB891},"3.11878245341425e-06",National Capital Region (NCR),"NCR, First District, City of Manila",City of Manila - Binondo,Barangay 288,"130000000","133900000","133902000","133902002","1380602002",Bgy,,Highly Urbanized Cities (HUC),,U,"1549","2538","0.03718119",No,,"0.007218763544549",,,ADMIN2,"1748789491000","111","4","4","299.886505842413","19528.9539987465","19229.0674929041","37181.1820170087","9295.29550425216","8676.17075620988","9022.53409594426","299.886505842413","299.886505842413","316.507536868419","18274.0834716359","17957.5759347675","111","4","4","288.728968633775","27354.3407144289","27065.6117457952","37181.1823889517","9295.29559723793","4769.0563529445","10999.0871488786","288.728968633775","288.728968633775","416.46999767478","18174.1211968011","17757.6511991263","111","4","4","299.886505842413","19528.9539987465","19229.0674929041","37181.1820170087","9295.29550425216","8676.17075620988","9022.53409594426","299.886505842413","299.886505842413","316.507536868419","18274.0834716359","17957.5759347675"
"112","4577","8011339020030000",{CEA66118-F0FB-43C3-8117-2C9F52B7E384},"3.73217166754709e-06",National Capital Region (NCR),"NCR, First District, City of Manila",City of Manila - Binondo,Barangay 289,"130000000","133900000","133902000","133902003","1380602003",Bgy,,Highly Urbanized Cities (HUC),,U,"571","1017","0.0444942",No,,"0.00813997574228693",,,ADMIN2,"1748789491000","112","2","2","3419.39105082073","41074.7171082574","37655.3260574367","44494.1081590781","22247.0540795391","22247.0540795391","18827.6630287183","3419.39105082073","3419.39105082073","3419.39105082073","41074.7171082574","37655.3260574367","112","1","1","44494.1162556317","44494.1162556317","0","44494.1162556317","44494.1162556317","44494.1162556317","0","44494.1162556317","44494.1162556317","44494.1162556317","44494.1162556317","0","112","2","2","3419.39105082073","41074.7171082574","37655.3260574367","44494.1081590781","22247.0540795391","22247.0540795391","18827.6630287183","3419.39105082073","3419.39105082073","3419.39105082073","41074.7171082574","37655.3260574367"
"113","4590","8011339020060000",{F7C3CE57-84D6-41A8-806C-7492A3A730F7},"4.495013542114e-06",National Capital Region (NCR),"NCR, First District, City of Manila",City of Manila - Binondo,Barangay 292,"130000000","133900000","133902000","133902006","1380602006",Bgy,,Highly Urbanized Cities (HUC),,U,"3144","2846","0.05358756",No,,"0.0113728800279924",,,ADMIN2,"1748789491000","113","2","2","23314.0943479054","30273.4747898846","6959.3804419792","53587.56913779","26793.784568895","26793.784568895","3479.6902209896","23314.0943479054","23314.0943479054","23314.0943479054","30273.4747898846","6959.3804419792","113","3","3","299.886560375046","48586.490376592","48286.6038162169","53587.5694208336","17862.5231402779","4701.19248386659","21799.3042016118","299.886560375046","299.886560375046","2500.53952212082","26643.8414302293","24143.3019081085","113","2","2","23314.0943479054","30273.4747898846","6959.3804419792","53587.56913779","26793.784568895","26793.784568895","3479.6902209896","23314.0943479054","23314.0943479054","23314.0943479054","30273.4747898846","6959.3804419792"
"114","4592","8011339020080000",{8C7D7F4D-C269-4014-87DA-B865B2DE8644},"4.25069058775287e-06",National Capital Region (NCR),"NCR, First District, City of Manila",City of Manila - Binondo,Barangay 294,"130000000","133900000","133902000","133902008","1380602008",Bgy,,Highly Urbanized Cities (HUC),,U,"2415","1881","0.05067459",No,,"0.00905646802727023",,,ADMIN2,"1748789491000","114","2","2","25085.3677057343","25589.2207290397","503.853023305419","50674.588434774","25337.294217387","25337.294217387","251.926511652709","25085.3677057343","25085.3677057343","25085.3677057343","25589.2207290397","503.853023305419","114","3","3","558.830723701365","41195.2384683751","40636.4077446737","50674.5885589621","16891.529519654","8920.51936688567","17521.0760845236","558.830723701365","558.830723701365","4739.67504529352","25057.8789176304","20318.2038723369","114","2","2","25085.3677057343","25589.2207290397","503.853023305419","50674.588434774","25337.294217387","25337.294217387","251.926511652709","25085.3677057343","25085.3677057343","25085.3677057343","25589.2207290397","503.853023305419"
"115","4589","8011339020050000",{8558BE58-FBC0-4722-BB6E-20CB5A7824C9},"8.92226371259847e-06",National Capital Region (NCR),"NCR, First District, City of Manila",City of Manila - Binondo,Barangay 291,"130000000","133900000","133902000","133902005","1380602005",Bgy,,Highly Urbanized Cities (HUC),,U,"1383","2279","0.10637012",No,,"0.012523057333714",,,ADMIN2,"1748789491000","115","2","2","51111.1688479292","55258.9352029476","4147.76635501838","106370.104050877","53185.0520254384","53185.0520254384","2073.88317750919","51111.1688479292","51111.1688479292","51111.1688479292","55258.9352029476","4147.76635501838","115","2","2","27162.0907625572","79208.0150536757","52045.9242911185","106370.105816233","53185.0529081165","53185.0529081165","26022.9621455593","27162.0907625572","27162.0907625572","27162.0907625572","79208.0150536757","52045.9242911185","115","2","2","51111.1688479292","55258.9352029476","4147.76635501838","106370.104050877","53185.0520254384","53185.0520254384","2073.88317750919","51111.1688479292","51111.1688479292","51111.1688479292","55258.9352029476","4147.76635501838"
"116","4596","8011339050020000",{F37A42B9-11E2-484C-BD87-1E6DC399AAE2},"2.89415601601065e-06",National Capital Region (NCR),"NCR, First District, City of Manila",City of Manila - Santa Cruz,Barangay 298,"130000000","133900000","133905000","133905002","1380605002",Bgy,,Highly Urbanized Cities (HUC),,U,"698","1020","0.03450331",No,,"0.00680313453351047",,,ADMIN2,"1748789491000","116","2","2","12041.4824335936","22461.8298376529","10420.3474040593","34503.3122712465","17251.6561356232","17251.6561356232","5210.17370202965","12041.4824335936","12041.4824335936","12041.4824335936","22461.8298376529","10420.3474040593","116","3","3","816.864950913106","31167.5233162149","30350.6583653018","34503.312375529","11501.1041251763","2518.92410840097","13923.6078703794","816.864950913106","816.864950913106","1667.89452965704","16843.2237123079","15175.3291826509","116","2","2","12041.4824335936","22461.8298376529","10420.3474040593","34503.3122712465","17251.6561356232","17251.6561356232","5210.17370202965","12041.4824335936","12041.4824335936","12041.4824335936","22461.8298376529","10420.3474040593"
"117","4595","8011339050010000",{BBFDE9E6-D08C-4C14-A8ED-2FA796EF84E6},"2.74484541287137e-06",National Capital Region (NCR),"NCR, First District, City of Manila",City of Manila - Santa Cruz,Barangay 297,"130000000","133900000","133905000","133905001","1380605001",Bgy,,Highly Urbanized Cities (HUC),,U,"1076","2005","0.03272317",No,,"0.00779515263676453",,,ADMIN2,"1748789491000","117","2","2","14375.5769839987","18347.5967969442","3972.01981294545","32723.1737809429","16361.5868904715","16361.5868904715","1986.00990647273","14375.5769839987","14375.5769839987","14375.5769839987","18347.5967969442","3972.01981294545","117","2","2","11373.8314200267","21349.342181069","9975.51076104233","32723.1736010958","16361.5868005479","16361.5868005479","4987.75538052116","11373.8314200267","11373.8314200267","11373.8314200267","21349.342181069","9975.51076104233","117","2","2","14375.5769839987","18347.5967969442","3972.01981294545","32723.1737809429","16361.5868904715","16361.5868904715","1986.00990647273","14375.5769839987","14375.5769839987","14375.5769839987","18347.5967969442","3972.01981294545"
"118","4597","8011339050030000",{63132D38-5DEC-4041-9ED3-46310600B649},"2.69692445423746e-06",National Capital Region (NCR),"NCR, First District, City of Manila",City of Manila - Santa Cruz,Barangay 299,"130000000","133900000","133905000","133905003","1380605003",Bgy,,Highly Urbanized Cities (HUC),,U,"1684","1300","0.03215153",No,,"0.00657495990315464",,,ADMIN2,"1748789491000","118","2","2","11299.1494803039","20852.3740957597","9553.22461545585","32151.5235760636","16075.7617880318","16075.7617880318","4776.61230772793","11299.1494803039","11299.1494803039","11299.1494803039","20852.3740957597","9553.22461545585","118","3","3","199.925242867932","28717.05143439","28517.126191522","32151.5233825769","10717.174460859","3234.54670531898","12787.9868145011","199.925242867932","199.925242867932","1717.23597409346","15975.7990698545","14258.563095761","118","2","2","11299.1494803039","20852.3740957597","9553.22461545585","32151.5235760636","16075.7617880318","16075.7617880318","4776.61230772793","11299.1494803039","11299.1494803039","11299.1494803039","20852.3740957597","9553.22461545585"
"119","4598","8011339010030000",{175AE5C8-733C-425D-9CBA-7204972AB29A},"3.26517362051543e-06",National Capital Region (NCR),"NCR, First District, City of Manila",City of Manila - Tondo I / II,Barangay 3,"130000000","133900000","133901000","133901003","1380601003",Bgy,,Highly Urbanized Cities (HUC),,U,"1134","1341","0.03892557",No,,"0.00896362908620085",,,ADMIN2,"1748789491000","119","2","2","5746.67337059071","33178.894995012","27432.2216244213","38925.5683656028","19462.7841828014","19462.7841828014","13716.1108122107","5746.67337059071","5746.67337059071","5746.67337059071","33178.894995012","27432.2216244213","119","3","3","1229.81336149462","24730.8515705108","23501.0382090162","38925.5716736997","12975.1905578999","12964.9067416943","9594.26142868977","1229.81336149462","1229.81336149462","7097.36005159446","18847.8791561026","11750.5191045081","119","2","2","5746.67337059071","33178.894995012","27432.2216244213","38925.5683656028","19462.7841828014","19462.7841828014","13716.1108122107","5746.67337059071","5746.67337059071","5746.67337059071","33178.894995012","27432.2216244213"
"120","4668","8011339050060000",{129432CB-1CF2-4C1D-AF38-09EF86CC9778},"8.64585220315104e-07",National Capital Region (NCR),"NCR, First District, City of Manila",City of Manila - Santa Cruz,Barangay 302,"130000000","133900000","133905000","133905006","1380605006",Bgy,,Highly Urbanized Cities (HUC),,U,"682","654","0.01030728",No,,"0.00375506293901619",,,ADMIN2,"1748789491000","120","2","2","4249.57224414461","6057.70956450597","1808.13732036136","10307.2818086506","5153.64090432529","5153.64090432529","904.068660180681","4249.57224414461","4249.57224414461","4249.57224414461","6057.70956450597","1808.13732036136","120","2","2","81.0806931169755","10226.2011454248","10145.1204523078","10307.2818385418","5153.64091927088","5153.64091927088","5072.56022615391","81.0806931169755","81.0806931169755","81.0806931169755","10226.2011454248","10145.1204523078","120","2","2","4249.57224414461","6057.70956450597","1808.13732036136","10307.2818086506","5153.64090432529","5153.64090432529","904.068660180681","4249.57224414461","4249.57224414461","4249.57224414461","6057.70956450597","1808.13732036136"
"121","4667","8011339050050000",{52576D8C-B10E-41BA-8D6B-139D55441E4C},"1.48229878561787e-06",National Capital Region (NCR),"NCR, First District, City of Manila",City of Manila - Santa Cruz,Barangay 301,"130000000","133900000","133905000","133905005","1380605005",Bgy,,Highly Urbanized Cities (HUC),,U,"271","448","0.0176714",No,,"0.00616651105056096",,,ADMIN2,"1748789491000","121","2","2","3794.09846410802","13877.3020399041","10083.2035757961","17671.4005040121","8835.70025200606","8835.70025200606","5041.60178789805","3794.09846410802","3794.09846410802","3794.09846410802","13877.3020399041","10083.2035757961","121","2","2","18.8820866204769","17652.5184978687","17633.6364112482","17671.4005844892","8835.7002922446","8835.7002922446","8816.81820562412","18.8820866204769","18.8820866204769","18.8820866204769","17652.5184978687","17633.6364112482","121","2","2","3794.09846410802","13877.3020399041","10083.2035757961","17671.4005040121","8835.70025200606","8835.70025200606","5041.60178789805","3794.09846410802","3794.09846410802","3794.09846410802","13877.3020399041","10083.2035757961"
"122","4670","8011339050080000",{6F29AF75-2782-4780-A758-C69D77347D4C},"2.34221103863318e-06",National Capital Region (NCR),"NCR, First District, City of Manila",City of Manila - Santa Cruz,Barangay 304,"130000000","133900000","133905000","133905008","1380605008",Bgy,,Highly Urbanized Cities (HUC),,U,"250","298","0.0279229",No,,"0.00639182282506891",,,ADMIN2,"1748789491000","122","4","4","199.926045444416","20791.30070145","20591.3746560055","27922.9089718848","6980.7272429712","3465.84111249521","8388.48254990409","199.926045444416","199.926045444416","249.907552329707","13711.5469336127","13461.639381283","122","4","4","177.133467012594","25746.5156052708","25569.3821382582","27922.9095611442","6980.72739028605","999.630244430402","10845.3950376634","177.133467012594","177.133467012594","338.474284531469","13622.9804960406","13284.5062115092","122","4","4","199.926045444416","20791.30070145","20591.3746560055","27922.9089718848","6980.7272429712","3465.84111249521","8388.48254990409","199.926045444416","199.926045444416","249.907552329707","13711.5469336127","13461.639381283"
"123","4675","8011339030180000",{D9F13623-2733-44D6-BFD6-13399E7D4C18},"5.08394184050238e-06",National Capital Region (NCR),"NCR, First District, City of Manila",City of Manila - Quiapo,Barangay 309,"130000000","133900000","133903000","133903018","1380603018",Bgy,,Highly Urbanized Cities (HUC),,U,"1283","1151","0.06060886",No,,"0.0093888772584001",,,ADMIN2,"1748789491000","123","4","4","99.9632202441862","59129.6209122502","59029.657692006","60608.8622517564","15152.2155629391","689.639059631005","25392.3348283682","99.9632202441862","99.9632202441862","249.908045737946","30054.5230801403","29804.6150344023","123","3","3","499.816092584049","59309.3405473197","58809.5244547357","60608.8622846505","20202.9540948835","799.705644746689","27652.6620715058","499.816092584049","499.816092584049","649.760868665369","30054.5230960332","29404.7622273678","123","4","4","99.9632202441862","59129.6209122502","59029.657692006","60608.8622517564","15152.2155629391","689.639059631005","25392.3348283682","99.9632202441862","99.9632202441862","249.908045737946","30054.5230801403","29804.6150344023"
"124","4677","8011339010310000",{8571A2CE-47CA-4FE9-8646-3606CFCF240E},"1.46791852481433e-06",National Capital Region (NCR),"NCR, First District, City of Manila",City of Manila - Tondo I / II,Barangay 31,"130000000","133900000","133901000","133901031","1380601031",Bgy,,Highly Urbanized Cities (HUC),,U,"2835","2881","0.01749978",No,,"0.00485947735040911",,,ADMIN2,"1748789491000","124","2","2","5457.28486884191","12042.4912145453","6585.20634570342","17499.7760833872","8749.88804169362","8749.88804169362","3292.60317285171","5457.28486884191","5457.28486884191","5457.28486884191","12042.4912145453","6585.20634570342","124","2","2","3375.93599793538","14123.8355705714","10747.899572636","17499.7715685068","8749.88578425338","8749.88578425338","5373.949786318","3375.93599793538","3375.93599793538","3375.93599793538","14123.8355705714","10747.899572636","124","2","2","5457.28486884191","12042.4912145453","6585.20634570342","17499.7760833872","8749.88804169362","8749.88804169362","3292.60317285171","5457.28486884191","5457.28486884191","5457.28486884191","12042.4912145453","6585.20634570342"
"125","4673","8011339030160000",{0343067C-F6E1-46D5-86F0-3C55DECB3EC4},"6.07822927973689e-06",National Capital Region (NCR),"NCR, First District, City of Manila",City of Manila - Quiapo,Barangay 307,"130000000","133900000","133903000","133903016","1380603016",Bgy,,Highly Urbanized Cities (HUC),,U,"1142","1378","0.0724632",No,,"0.0109528125573135",,,ADMIN2,"1748789491000","125","2","2","107.629476422808","72355.5714536711","72247.9419772483","72463.2009300939","36231.6004650469","36231.6004650469","36123.9709886241","107.629476422808","107.629476422808","107.629476422808","72355.5714536711","72247.9419772483","125","2","2","1434.95122935007","71028.2494491706","69593.2982198206","72463.2006785207","36231.6003392604","36231.6003392604","34796.6491099103","1434.95122935007","1434.95122935007","1434.95122935007","71028.2494491706","69593.2982198206","125","2","2","107.629476422808","72355.5714536711","72247.9419772483","72463.2009300939","36231.6004650469","36231.6004650469","36123.9709886241","107.629476422808","107.629476422808","107.629476422808","72355.5714536711","72247.9419772483"
"126","4674","8011339030170000",{A3421049-071D-468B-B25A-BDDBAA54E47E},"3.3571249627448e-06",National Capital Region (NCR),"NCR, First District, City of Manila",City of Manila - Quiapo,Barangay 308,"130000000","133900000","133903000","133903017","1380603017",Bgy,,Highly Urbanized Cities (HUC),,U,"925","1033","0.04002242",No,,"0.00793122938088433",,,ADMIN2,"1748789491000","126","3","3","299.890005635621","38991.5671465987","38691.6771409631","40022.412368326","13340.8041227753","730.955216091621","18138.6821844399","299.890005635621","299.890005635621","515.422610863621","19861.2611813452","19345.8385704816","126","4","4","199.92667710266","37689.8964972917","37489.969820189","40022.4124312997","10005.6031078249","1066.29462845266","15993.7132098834","199.92667710266","199.92667710266","316.569572674147","19694.6366429757","19378.0670703015","126","3","3","299.890005635621","38991.5671465987","38691.6771409631","40022.412368326","13340.8041227753","730.955216091621","18138.6821844399","299.890005635621","299.890005635621","515.422610863621","19861.2611813452","19345.8385704816"
"127","4686","8011339050140000",{8F1DB51D-B3F6-432B-96D3-286746E407BB},"3.04131854849448e-06",National Capital Region (NCR),"NCR, First District, City of Manila",City of Manila - Santa Cruz,Barangay 312,"130000000","133900000","133905000","133905014","1380605014",Bgy,,Highly Urbanized Cities (HUC),,U,"2887","3328","0.03625677",No,,"0.00769432730318433",,,ADMIN2,"1748789491000","127","2","2","299.889478271507","35956.8784019205","35656.988923649","36256.767880192","18128.383940096","18128.383940096","17828.4944618245","299.889478271507","299.889478271507","299.889478271507","35956.8784019205","35656.988923649","127","3","3","99.9631670714007","32990.7283324938","32890.7651654224","36256.7677666395","12085.5892555465","3166.07626707433","14835.0686383174","99.9631670714007","99.9631670714007","1633.01971707286","18078.4022997841","16445.3825827112","127","2","2","299.889478271507","35956.8784019205","35656.988923649","36256.767880192","18128.383940096","18128.383940096","17828.4944618245","299.889478271507","299.889478271507","299.889478271507","35956.8784019205","35656.988923649"
"128","4687","8011339050150000",{FCFCCFDC-1874-4B42-B407-C341A7A67372},"4.55817596904572e-06",National Capital Region (NCR),"NCR, First District, City of Manila",City of Manila - Santa Cruz,Barangay 313,"130000000","133900000","133905000","133905015","1380605015",Bgy,,Highly Urbanized Cities (HUC),,U,"1534","2848","0.05434027",No,,"0.00978035877752092",,,ADMIN2,"1748789491000","128","3","3","399.852183095354","38266.3514150532","37866.4992319578","54340.2703137823","18113.4234379274","15674.0667156337","15554.8660539591","399.852183095354","399.852183095354","8036.95944936455","26970.2090653435","18933.2496159789","128","4","4","99.9630377071735","45731.8657744808","45631.9027367737","54340.2689173699","13585.0672293425","4254.22005259095","18638.8766450774","99.9630377071735","99.9630377071735","2005.05211329549","25165.0823453895","23160.030232094","128","3","3","399.852183095354","38266.3514150532","37866.4992319578","54340.2703137823","18113.4234379274","15674.0667156337","15554.8660539591","399.852183095354","399.852183095354","8036.95944936455","26970.2090653435","18933.2496159789"
"129","4685","8011339050130000",{6A751FD0-9692-4264-BE60-2A4FE98CF940},"3.8386315802658e-06",National Capital Region (NCR),"NCR, First District, City of Manila",City of Manila - Santa Cruz,Barangay 311,"130000000","133900000","133905000","133905013","1380605013",Bgy,,Highly Urbanized Cities (HUC),,U,"1891","2401","0.04576182",No,,"0.00796404272194983",,,ADMIN2,"1748789491000","129","2","2","2898.94129315545","42862.8753630038","39963.9340698483","45761.8166561592","22880.9083280796","22880.9083280796","19981.9670349242","2898.94129315545","2898.94129315545","2898.94129315545","42862.8753630038","39963.9340698483","129","2","2","1466.48726482485","44295.3293752449","42828.84211042","45761.8166400697","22880.9083200349","22880.9083200349","21414.42105521","1466.48726482485","1466.48726482485","1466.48726482485","44295.3293752449","42828.84211042","129","2","2","2898.94129315545","42862.8753630038","39963.9340698483","45761.8166561592","22880.9083280796","22880.9083280796","19981.9670349242","2898.94129315545","2898.94129315545","2898.94129315545","42862.8753630038","39963.9340698483"
"130","4691","8011339050190000",{BFBC933A-2A47-42DC-B5F3-850AC5466181},"2.08008265300044e-06",National Capital Region (NCR),"NCR, First District, City of Manila",City of Manila - Santa Cruz,Barangay 317,"130000000","133900000","133905000","133905019","1380605019",Bgy,,Highly Urbanized Cities (HUC),,U,"1619","1542","0.02479696",No,,"0.00602176323782208",,,ADMIN2,"1748789491000","130","1","1","24796.9657281727","24796.9657281727","0","24796.9657281727","24796.9657281727","24796.9657281727","0","24796.9657281727","24796.9657281727","24796.9657281727","24796.9657281727","0","130","2","2","199.92701145116","24597.0387167215","24397.1117052704","24796.9657281727","12398.4828640863","12398.4828640863","12198.5558526352","199.92701145116","199.92701145116","199.92701145116","24597.0387167215","24397.1117052704","130","1","1","24796.9657281727","24796.9657281727","0","24796.9657281727","24796.9657281727","24796.9657281727","0","24796.9657281727","24796.9657281727","24796.9657281727","24796.9657281727","0"
"131","4692","8011339050200000",{018D9C9C-7F43-4617-A938-3A8BBB201050},"1.06383581895184e-06",National Capital Region (NCR),"NCR, First District, City of Manila",City of Manila - Santa Cruz,Barangay 318,"130000000","133900000","133905000","133905020","1380605020",Bgy,,Highly Urbanized Cities (HUC),,U,"1057","740","0.0126822",No,,"0.00423292062932251",,,ADMIN2,"1748789491000","131","1","1","12682.2045337707","12682.2045337707","0","12682.2045337707","12682.2045337707","12682.2045337707","0","12682.2045337707","12682.2045337707","12682.2045337707","12682.2045337707","0","131","1","1","12682.2045337707","12682.2045337707","0","12682.2045337707","12682.2045337707","12682.2045337707","0","12682.2045337707","12682.2045337707","12682.2045337707","12682.2045337707","0","131","1","1","12682.2045337707","12682.2045337707","0","12682.2045337707","12682.2045337707","12682.2045337707","0","12682.2045337707","12682.2045337707","12682.2045337707","12682.2045337707","0"
"132","4693","8011339050210000",{FF211E17-2332-4AFF-8D7F-8F79906C957C},"1.43009166941759e-06",National Capital Region (NCR),"NCR, First District, City of Manila",City of Manila - Santa Cruz,Barangay 319,"130000000","133900000","133905000","133905021","1380605021",Bgy,,Highly Urbanized Cities (HUC),,U,"1036","1209","0.01704842",No,,"0.00479032752112576",,,ADMIN2,"1748789491000","132","1","1","17048.4208341009","17048.4208341009","0","17048.4208341009","17048.4208341009","17048.4208341009","0","17048.4208341009","17048.4208341009","17048.4208341009","17048.4208341009","0","132","2","2","799.708534310019","16248.7122997909","15449.0037654809","17048.4208341009","8524.21041705046","8524.21041705046","7724.50188274044","799.708534310019","799.708534310019","799.708534310019","16248.7122997909","15449.0037654809","132","1","1","17048.4208341009","17048.4208341009","0","17048.4208341009","17048.4208341009","17048.4208341009","0","17048.4208341009","17048.4208341009","17048.4208341009","17048.4208341009","0"
"133","4695","8011339010320000",{08C355B5-C5ED-4B81-9FF8-E6DB45246ADA},"1.3475014722003e-06",National Capital Region (NCR),"NCR, First District, City of Manila",City of Manila - Tondo I / II,Barangay 32,"130000000","133900000","133901000","133901032","1380601032",Bgy,,Highly Urbanized Cities (HUC),,U,"2221","2219","0.01606431",No,,"0.00472628627878337",,,ADMIN2,"1748789491000","133","3","3","373.550982486195","13767.4166001331","13393.8656176469","16064.3090502833","5354.76968342777","1923.34146766403","5982.19211470458","373.550982486195","373.550982486195","1148.44622507511","7845.37903389855","6696.93280882344","133","2","2","6909.34081642608","9154.97419373071","2245.63337730464","16064.3150101568","8032.15750507839","8032.15750507839","1122.81668865232","6909.34081642608","6909.34081642608","6909.34081642608","9154.97419373071","2245.63337730464","133","3","3","373.550982486195","13767.4166001331","13393.8656176469","16064.3090502833","5354.76968342777","1923.34146766403","5982.19211470458","373.550982486195","373.550982486195","1148.44622507511","7845.37903389855","6696.93280882344"
"134","4690","8011339050180000",{CEA1B504-7C74-4D53-B5A1-F943CC213C11},"1.62238941204127e-06",National Capital Region (NCR),"NCR, First District, City of Manila",City of Manila - Santa Cruz,Barangay 316,"130000000","133900000","133905000","133905018","1380605018",Bgy,,Highly Urbanized Cities (HUC),,U,"1217","829","0.01934096",No,,"0.00556321028403399",,,ADMIN2,"1748789491000","134","1","1","19340.9646319784","19340.9646319784","0","19340.9646319784","19340.9646319784","19340.9646319784","0","19340.9646319784","19340.9646319784","19340.9646319784","19340.9646319784","0","134","1","1","19340.9646319784","19340.9646319784","0","19340.9646319784","19340.9646319784","19340.9646319784","0","19340.9646319784","19340.9646319784","19340.9646319784","19340.9646319784","0","134","1","1","19340.9646319784","19340.9646319784","0","19340.9646319784","19340.9646319784","19340.9646319784","0","19340.9646319784","19340.9646319784","19340.9646319784","19340.9646319784","0"
"135","4711","8011339050310000",{C06D2364-713A-40DA-8F9D-54ED4B163B5D},"1.36656791325489e-06",National Capital Region (NCR),"NCR, First District, City of Manila",City of Manila - Santa Cruz,Barangay 329,"130000000","133900000","133905000","133905031","1380605031",Bgy,,Highly Urbanized Cities (HUC),,U,"728","439","0.01629131",No,,"0.00565533675933505",,,ADMIN2,"1748789491000","135","2","2","4632.34816504924","11658.9636499303","7026.61548488111","16291.3118149796","8145.65590748979","8145.65590748979","3513.30774244055","4632.34816504924","4632.34816504924","4632.34816504924","11658.9636499303","7026.61548488111","135","1","1","16291.3128990186","16291.3128990186","0","16291.3128990186","16291.3128990186","16291.3128990186","0","16291.3128990186","16291.3128990186","16291.3128990186","16291.3128990186","0","135","2","2","4632.34816504924","11658.9636499303","7026.61548488111","16291.3118149796","8145.65590748979","8145.65590748979","3513.30774244055","4632.34816504924","4632.34816504924","4632.34816504924","11658.9636499303","7026.61548488111"
"136","4713","8011339010330000",{2E2181EF-037E-4FE9-8139-09F853E38E20},"2.00238270642038e-06",National Capital Region (NCR),"NCR, First District, City of Manila",City of Manila - Tondo I / II,Barangay 33,"130000000","133900000","133901000","133901033","1380601033",Bgy,,Highly Urbanized Cities (HUC),,U,"4206","4082","0.02387124",No,,"0.00587154331104632",,,ADMIN2,"1748789491000","136","2","2","9407.5228971314","14463.7138319457","5056.19093481431","23871.2367290771","11935.6183645386","11935.6183645386","2528.09546740715","9407.5228971314","9407.5228971314","9407.5228971314","14463.7138319457","5056.19093481431","136","2","2","5832.92603285242","18038.3106428799","12205.3846100275","23871.2366757323","11935.6183378662","11935.6183378662","6102.69230501373","5832.92603285242","5832.92603285242","5832.92603285242","18038.3106428799","12205.3846100275","136","2","2","9407.5228971314","14463.7138319457","5056.19093481431","23871.2367290771","11935.6183645386","11935.6183645386","2528.09546740715","9407.5228971314","9407.5228971314","9407.5228971314","14463.7138319457","5056.19093481431"
"137","4710","8011339050300000",{EBA86DC1-2D50-4929-BA99-5D87D3A67F46},"9.65993115782879e-07",National Capital Region (NCR),"NCR, First District, City of Manila",City of Manila - Santa Cruz,Barangay 328,"130000000","133900000","133905000","133905030","1380605030",Bgy,,Highly Urbanized Cities (HUC),,U,"752","679","0.01151585",No,,"0.00397663854833648",,,ADMIN2,"1748789491000","137","2","2","2556.92340090615","8958.92277151695","6401.9993706108","11515.8461724231","5757.92308621155","5757.92308621155","3200.9996853054","2556.92340090615","2556.92340090615","2556.92340090615","8958.92277151695","6401.9993706108","137","2","2","1029.06251325225","10486.7836436052","9457.72113035295","11515.8461568574","5757.92307842872","5757.92307842872","4728.86056517647","1029.06251325225","1029.06251325225","1029.06251325225","10486.7836436052","9457.72113035295","137","2","2","2556.92340090615","8958.92277151695","6401.9993706108","11515.8461724231","5757.92308621155","5757.92308621155","3200.9996853054","2556.92340090615","2556.92340090615","2556.92340090615","8958.92277151695","6401.9993706108"
"138","4725","8011339050370000",{D56EDFD5-3E6A-4185-A086-EFDB6F4F60F5},"2.41452324828022e-06",National Capital Region (NCR),"NCR, First District, City of Manila",City of Manila - Santa Cruz,Barangay 335,"130000000","133900000","133905000","133905037","1380605037",Bgy,,Highly Urbanized Cities (HUC),,U,"1753","1350","0.02878435",No,,"0.0066015087992916",,,ADMIN2,"1748789491000","138","1","1","28784.347319603","28784.347319603","0","28784.347319603","28784.347319603","28784.347319603","0","28784.347319603","28784.347319603","28784.347319603","28784.347319603","0","138","2","2","399.852185213938","28384.495134389","27984.6429491751","28784.347319603","14392.1736598015","14392.1736598015","13992.3214745875","399.852185213938","399.852185213938","399.852185213938","28384.495134389","27984.6429491751","138","1","1","28784.347319603","28784.347319603","0","28784.347319603","28784.347319603","28784.347319603","0","28784.347319603","28784.347319603","28784.347319603","28784.347319603","0"
"139","4726","8011339050380000",{0311F4D9-28DD-47C1-881E-687EAC9DFFBB},"2.73934132616094e-06",National Capital Region (NCR),"NCR, First District, City of Manila",City of Manila - Santa Cruz,Barangay 336,"130000000","133900000","133905000","133905038","1380605038",Bgy,,Highly Urbanized Cities (HUC),,U,"2108","2134","0.03265537",No,,"0.00673057391990081",,,ADMIN2,"1748789491000","139","2","2","3133.5769128486","29521.7941967773","26388.2172839287","32655.3711096259","16327.685554813","16327.685554813","13194.1086419644","3133.5769128486","3133.5769128486","3133.5769128486","29521.7941967773","26388.2172839287","139","3","3","2733.72630223818","17758.898300974","15025.1719987359","32655.3743307703","10885.1247769234","12162.7497275581","6200.17163922431","2733.72630223818","2733.72630223818","7448.23801489812","14960.824014266","7512.58599936793","139","2","2","3133.5769128486","29521.7941967773","26388.2172839287","32655.3711096259","16327.685554813","16327.685554813","13194.1086419644","3133.5769128486","3133.5769128486","3133.5769128486","29521.7941967773","26388.2172839287"
"140","4727","8011339050390000",{DF301E74-4AAC-46CE-AD3B-B33B58C8A7A1},"2.41936563858387e-06",National Capital Region (NCR),"NCR, First District, City of Manila",City of Manila - Santa Cruz,Barangay 337,"130000000","133900000","133905000","133905039","1380605039",Bgy,,Highly Urbanized Cities (HUC),,U,"1662","1386","0.02884115",No,,"0.00636390236284164",,,ADMIN2,"1748789491000","140","3","3","99.9632533542463","26956.520310875","26856.5570575208","28841.1468981558","9613.71563271859","1784.66333392652","12282.4864249571","99.9632533542463","99.9632533542463","942.313293640385","14370.5918224008","13428.2785287604","140","3","3","1384.81193310956","19273.5235374036","17888.711604294","28841.1480923536","9613.71603078454","8182.81262184046","7372.79296421181","1384.81193310956","1384.81193310956","4783.81227747501","13728.168079622","8944.35580214702","140","3","3","99.9632533542463","26956.520310875","26856.5570575208","28841.1468981558","9613.71563271859","1784.66333392652","12282.4864249571","99.9632533542463","99.9632533542463","942.313293640385","14370.5918224008","13428.2785287604"
"141","4728","8011339050400000",{5F734432-B795-4C8A-9DB9-F50786F9980E},"2.40352676980103e-06",National Capital Region (NCR),"NCR, First District, City of Manila",City of Manila - Santa Cruz,Barangay 338,"130000000","133900000","133905000","133905040","1380605040",Bgy,,Highly Urbanized Cities (HUC),,U,"1281","1378","0.02865235",No,,"0.00634368238035515",,,ADMIN2,"1748789491000","141","2","2","1199.56273854163","27452.7886682517","26253.22592971","28652.3514067933","14326.1757033966","14326.1757033966","13126.612964855","1199.56273854163","1199.56273854163","1199.56273854163","27452.7886682517","26253.22592971","141","3","3","1099.59919023537","18642.833851131","17543.2346608956","28652.3517544684","9550.78391815614","8909.91871310209","7176.31761421315","1099.59919023537","1099.59919023537","5004.75895166873","13776.3762821165","8771.6173304478","141","2","2","1199.56273854163","27452.7886682517","26253.22592971","28652.3514067933","14326.1757033966","14326.1757033966","13126.612964855","1199.56273854163","1199.56273854163","1199.56273854163","27452.7886682517","26253.22592971"
"142","4729","8011339050410000",{782D2806-1D88-4E38-957D-5D597C07F4CB},"2.30511623092567e-06",National Capital Region (NCR),"NCR, First District, City of Manila",City of Manila - Santa Cruz,Barangay 339,"130000000","133900000","133905000","133905041","1380605041",Bgy,,Highly Urbanized Cities (HUC),,U,"1705","1265","0.02747934",No,,"0.00621385756926478",,,ADMIN2,"1748789491000","142","1","1","27479.3364992235","27479.3364992235","0","27479.3364992235","27479.3364992235","27479.3364992235","0","27479.3364992235","27479.3364992235","27479.3364992235","27479.3364992235","0","142","2","2","615.103878415513","26864.2326167674","26249.1287383519","27479.3364951829","13739.6682475915","13739.6682475915","13124.564369176","615.103878415513","615.103878415513","615.103878415513","26864.2326167674","26249.1287383519","142","1","1","27479.3364992235","27479.3364992235","0","27479.3364992235","27479.3364992235","27479.3364992235","0","27479.3364992235","27479.3364992235","27479.3364992235","27479.3364992235","0"
"143","4731","8011339010340000",{C30F628C-282F-4B11-AFEB-A2BFB617B326},"9.69608367503454e-07",National Capital Region (NCR),"NCR, First District, City of Manila",City of Manila - Tondo I / II,Barangay 34,"130000000","133900000","133901000","133901034","1380601034",Bgy,,Highly Urbanized Cities (HUC),,U,"1612","1854","0.01155912",No,,"0.00515326443763011",,,ADMIN2,"1748789491000","143","2","2","3769.79049591555","7789.33084141877","4019.54034550323","11559.1213373343","5779.56066866716","5779.56066866716","2009.77017275161","3769.79049591555","3769.79049591555","3769.79049591555","7789.33084141877","4019.54034550323","143","2","2","1587.86718431265","9971.25210426565","8383.384919953","11559.1192885783","5779.55964428915","5779.55964428915","4191.6924599765","1587.86718431265","1587.86718431265","1587.86718431265","9971.25210426565","8383.384919953","143","2","2","3769.79049591555","7789.33084141877","4019.54034550323","11559.1213373343","5779.56066866716","5779.56066866716","2009.77017275161","3769.79049591555","3769.79049591555","3769.79049591555","7789.33084141877","4019.54034550323"
"144","4722","8011339050340000",{AF11956E-9815-43B3-BA01-5AAD435285B2},"1.04644656666138e-06",National Capital Region (NCR),"NCR, First District, City of Manila",City of Manila - Santa Cruz,Barangay 332,"130000000","133900000","133905000","133905034","1380605034",Bgy,,Highly Urbanized Cities (HUC),,U,"482","582","0.01247496",No,,"0.00410806412910183",,,ADMIN2,"1748789491000","144","1","1","12474.9554224573","12474.9554224573","0","12474.9554224573","12474.9554224573","12474.9554224573","0","12474.9554224573","12474.9554224573","12474.9554224573","12474.9554224573","0","144","1","1","12474.9554224573","12474.9554224573","0","12474.9554224573","12474.9554224573","12474.9554224573","0","12474.9554224573","12474.9554224573","12474.9554224573","12474.9554224573","0","144","1","1","12474.9554224573","12474.9554224573","0","12474.9554224573","12474.9554224573","12474.9554224573","0","12474.9554224573","12474.9554224573","12474.9554224573","12474.9554224573","0"
"145","4723","8011339050350000",{320F629B-18ED-4916-ACEA-55C8B400272D},"1.3862982802864e-06",National Capital Region (NCR),"NCR, First District, City of Manila",City of Manila - Santa Cruz,Barangay 333,"130000000","133900000","133905000","133905035","1380605035",Bgy,,Highly Urbanized Cities (HUC),,U,"967","877","0.01652633",No,,"0.00472888505046629",,,ADMIN2,"1748789491000","145","1","1","16526.3357163873","16526.3357163873","0","16526.3357163873","16526.3357163873","16526.3357163873","0","16526.3357163873","16526.3357163873","16526.3357163873","16526.3357163873","0","145","1","1","16526.3357163873","16526.3357163873","0","16526.3357163873","16526.3357163873","16526.3357163873","0","16526.3357163873","16526.3357163873","16526.3357163873","16526.3357163873","0","145","1","1","16526.3357163873","16526.3357163873","0","16526.3357163873","16526.3357163873","16526.3357163873","0","16526.3357163873","16526.3357163873","16526.3357163873","16526.3357163873","0"
"146","4724","8011339050360000",{464312DC-9649-4069-B149-643845F30187},"2.5461652899424e-06",National Capital Region (NCR),"NCR, First District, City of Manila",City of Manila - Santa Cruz,Barangay 334,"130000000","133900000","133905000","133905036","1380605036",Bgy,,Highly Urbanized Cities (HUC),,U,"1751","1461","0.03035309",No,,"0.00698326795342619",,,ADMIN2,"1748789491000","146","2","2","931.999897445639","29421.0912995286","28489.091402083","30353.0911969743","15176.5455984871","15176.5455984871","14244.5457010415","931.999897445639","931.999897445639","931.999897445639","29421.0912995286","28489.091402083","146","3","3","932.00142321852","25537.155690644","24605.1542674255","30353.0926143155","10117.6975381052","3883.93550045299","10969.6018155479","932.00142321852","932.00142321852","2407.96846183576","14710.5455955485","12302.5771337128","146","2","2","931.999897445639","29421.0912995286","28489.091402083","30353.0911969743","15176.5455984871","15176.5455984871","14244.5457010415","931.999897445639","931.999897445639","931.999897445639","29421.0912995286","28489.091402083"
"147","4740","8011339050440000",{8D7083E8-C034-481F-993F-981745E3E726},"4.79299067226674e-06",National Capital Region (NCR),"NCR, First District, City of Manila",City of Manila - Santa Cruz,Barangay 342,"130000000","133900000","133905000","133905044","1380605044",Bgy,,Highly Urbanized Cities (HUC),,U,"1877","1634","0.05713728",No,,"0.0105044774673325",,,ADMIN2,"1748789491000","147","2","2","499.81841140808","56637.4798194138","56137.6614080057","57137.2982308218","28568.6491154109","28568.6491154109","28068.8307040028","499.81841140808","499.81841140808","499.81841140808","56637.4798194138","56137.6614080057","147","3","3","299.891047685087","45311.8389100255","45011.9478623404","57137.2982647413","19045.7660882471","11525.5683070307","19129.9746225998","299.891047685087","299.891047685087","5912.72967735791","28418.7036085281","22505.9739311702","147","2","2","499.81841140808","56637.4798194138","56137.6614080057","57137.2982308218","28568.6491154109","28568.6491154109","28068.8307040028","499.81841140808","499.81841140808","499.81841140808","56637.4798194138","56137.6614080057"
"148","4741","8011339050450000",{F1FF0C4D-C0FD-4FF3-A20D-A30ADCA22490},"3.48583928504003e-06",National Capital Region (NCR),"NCR, First District, City of Manila",City of Manila - Santa Cruz,Barangay 343,"130000000","133900000","133905000","133905045","1380605045",Bgy,,Highly Urbanized Cities (HUC),,U,"1880","2209","0.0415544",No,,"0.00802094893235356",,,ADMIN2,"1748789491000","148","3","3","599.782480352122","34869.1105121842","34269.3280318321","41554.3786549761","13851.4595516587","6085.48566243982","15029.5148241574","599.782480352122","599.782480352122","3342.63407139597","20477.298087312","17134.664015916","148","3","3","6137.60083274121","21802.3937116603","15664.7928789191","41554.3796425603","13851.4598808534","13614.3850981588","6397.32169605901","6137.60083274121","6137.60083274121","9875.99296545","17708.3894049095","7832.39643945955","148","3","3","599.782480352122","34869.1105121842","34269.3280318321","41554.3786549761","13851.4595516587","6085.48566243982","15029.5148241574","599.782480352122","599.782480352122","3342.63407139597","20477.298087312","17134.664015916"
"149","4742","8011339050460000",{7A1B697F-680C-4FA2-9FB3-C394CB81E596},"2.93420606120271e-06",National Capital Region (NCR),"NCR, First District, City of Manila",City of Manila - Santa Cruz,Barangay 344,"130000000","133900000","133905000","133905046","1380605046",Bgy,,Highly Urbanized Cities (HUC),,U,"633","536","0.03497814",No,,"0.00777292503556785",,,ADMIN2,"1748789491000","149","3","3","99.963477656187","26406.2264395827","26306.2629619265","34978.1386660115","11659.3795553372","8471.94874877263","10973.4423075437","99.963477656187","99.963477656187","4285.95611321441","17439.0875941777","13153.1314809633","149","3","3","7036.6380806124","20207.093837776","13170.4557571636","34978.1403587164","11659.3801195721","7734.40844032796","6050.85548910251","7036.6380806124","7036.6380806124","7385.52326047018","13970.751139052","6585.22787858182","149","3","3","99.963477656187","26406.2264395827","26306.2629619265","34978.1386660115","11659.3795553372","8471.94874877263","10973.4423075437","99.963477656187","99.963477656187","4285.95611321441","17439.0875941777","13153.1314809633"
"150","4743","8011339050470000",{D8B87F51-F1D5-4AC0-A7AE-6BC07BAD0107},"2.47747728146306e-06",National Capital Region (NCR),"NCR, First District, City of Manila",City of Manila - Santa Cruz,Barangay 345,"130000000","133900000","133905000","133905047","1380605047",Bgy,,Highly Urbanized Cities (HUC),,U,"1324","1149","0.02953323",No,,"0.00643802038267986",,,ADMIN2,"1748789491000","150","3","3","359.867763050563","22525.9024665226","22166.0347034721","29533.2343333761","9844.4114444587","6647.46410380289","9327.33001607201","359.867763050563","359.867763050563","3503.66593342673","14586.6832851628","11083.017351736","150","3","3","729.291771074058","25994.398574935","25265.106803861","29533.2357095102","9844.41190317007","2809.54536350114","11451.3002427917","729.291771074058","729.291771074058","1769.4185672876","14401.9719692181","12632.5534019305","150","3","3","359.867763050563","22525.9024665226","22166.0347034721","29533.2343333761","9844.4114444587","6647.46410380289","9327.33001607201","359.867763050563","359.867763050563","3503.66593342673","14586.6832851628","11083.017351736"
"151","4739","8011339050430000",{D932777A-1F2B-4A7B-892C-94A257287D07},"2.78472907422e-06",National Capital Region (NCR),"NCR, First District, City of Manila",City of Manila - Santa Cruz,Barangay 341,"130000000","133900000","133905000","133905043","1380605043",Bgy,,Highly Urbanized Cities (HUC),,U,"1819","1463","0.03319645",No,,"0.00660549027346214",,,ADMIN2,"1748789491000","151","2","2","761.397238381495","32435.0565327347","31673.6592943532","33196.4537711162","16598.2268855581","16598.2268855581","15836.8296471766","761.397238381495","761.397238381495","761.397238381495","32435.0565327347","31673.6592943532","151","3","3","599.781804629951","19065.0007075984","18465.2189029685","33196.4521874414","11065.4840624805","13531.669675213","7737.46861667185","599.781804629951","599.781804629951","7065.72573992147","16298.3351914057","9232.60945148424","151","2","2","761.397238381495","32435.0565327347","31673.6592943532","33196.4537711162","16598.2268855581","16598.2268855581","15836.8296471766","761.397238381495","761.397238381495","761.397238381495","32435.0565327347","31673.6592943532"
"152","4747","8011339050510000",{4A40B284-E65E-4FE1-B52B-42A643B3B087},"1.17049841747321e-06",National Capital Region (NCR),"NCR, First District, City of Manila",City of Manila - Santa Cruz,Barangay 349,"130000000","133900000","133905000","133905051","1380605051",Bgy,,Highly Urbanized Cities (HUC),,U,"704","788","0.013953",No,,"0.00615217372468822",,,ADMIN2,"1748789491000","152","3","3","548.87694725347","12596.659550592","12047.7826033385","13952.9687673932","4650.98958913106","807.432269547731","5619.42856323894","548.87694725347","548.87694725347","678.1546084006","6702.04591006986","6023.89130166926","152","3","3","735.869084515711","11653.5230257603","10917.6539412446","13952.959508729","4650.98650290965","1563.56739845298","4963.05748775331","735.869084515711","735.869084515711","1149.71824148434","6608.54521210662","5458.82697062228","152","3","3","548.87694725347","12596.659550592","12047.7826033385","13952.9687673932","4650.98958913106","807.432269547731","5619.42856323894","548.87694725347","548.87694725347","678.1546084006","6702.04591006986","6023.89130166926"
"153","4745","8011339050490000",{80AFC1FD-E9DF-4ECF-B8B0-C5475420FCD9},"2.48541883575937e-06",National Capital Region (NCR),"NCR, First District, City of Manila",City of Manila - Santa Cruz,Barangay 347,"130000000","133900000","133905000","133905049","1380605049",Bgy,,Highly Urbanized Cities (HUC),,U,"1320","1266","0.02962774",No,,"0.00653444440391025",,,ADMIN2,"1748789491000","153","3","3","610.776268769747","17681.0668800255","17070.2906112558","29627.7402379523","9875.91341265075","11335.897089157","7044.96840020973","610.776268769747","610.776268769747","5973.33667896336","14508.4819845913","8535.1453056279","153","3","3","3811.36354209215","21872.689197105","18061.3256550129","29627.7405200317","9875.91350667724","3943.68778083455","8483.17344908413","3811.36354209215","3811.36354209215","3877.52566146335","12908.1884889698","9030.66282750644","153","3","3","610.776268769747","17681.0668800255","17070.2906112558","29627.7402379523","9875.91341265075","11335.897089157","7044.96840020973","610.776268769747","610.776268769747","5973.33667896336","14508.4819845913","8535.1453056279"
"154","4746","8011339050500000",{4B420F4C-E117-4CDD-8D91-8F11D9E65DE6},"1.9029577574393e-06",National Capital Region (NCR),"NCR, First District, City of Manila",City of Manila - Santa Cruz,Barangay 348,"130000000","133900000","133905000","133905050","1380605050",Bgy,,Highly Urbanized Cities (HUC),,U,"1049","1249","0.02268433",No,,"0.00590470011003337",,,ADMIN2,"1748789491000","154","3","3","199.926855177328","15308.5175149384","15108.5906597611","22684.3349079523","7561.44496931742","7175.89053783652","6174.07845192467","199.926855177328","199.926855177328","3687.90869650693","11242.2040263875","7554.29532988054","154","3","3","999.634141245595","11587.2876939649","10587.6535527193","22684.3347480897","7561.4449160299","10097.4129128792","4679.59771767369","999.634141245595","999.634141245595","5548.52352706241","10842.350303422","5293.82677635963","154","3","3","199.926855177328","15308.5175149384","15108.5906597611","22684.3349079523","7561.44496931742","7175.89053783652","6174.07845192467","199.926855177328","199.926855177328","3687.90869650693","11242.2040263875","7554.29532988054"
"155","4768","8011339010360000",{946AC79D-C000-4AD4-8AA4-4B62C4FB347B},"9.84195198400615e-07",National Capital Region (NCR),"NCR, First District, City of Manila",City of Manila - Tondo I / II,Barangay 36,"130000000","133900000","133901000","133901036","1380601036",Bgy,,Highly Urbanized Cities (HUC),,U,"2024","2231","0.01173294",No,,"0.00538005344269448",,,ADMIN2,"1748789491000","155","2","2","3493.10214276539","8239.84207399921","4746.73993123381","11732.9442167646","5866.4721083823","5866.4721083823","2373.36996561691","3493.10214276539","3493.10214276539","3493.10214276539","8239.84207399921","4746.73993123381","155","2","2","1894.56589513129","9838.37675740733","7943.81086227604","11732.9426525386","5866.47132626931","5866.47132626931","3971.90543113802","1894.56589513129","1894.56589513129","1894.56589513129","9838.37675740733","7943.81086227604","155","2","2","3493.10214276539","8239.84207399921","4746.73993123381","11732.9442167646","5866.4721083823","5866.4721083823","2373.36996561691","3493.10214276539","3493.10214276539","3493.10214276539","8239.84207399921","4746.73993123381"
"156","4764","8011339050590000",{1DE34DF1-4B33-4C18-A911-A3D5FD1FAD8D},"1.73037526466074e-06",National Capital Region (NCR),"NCR, First District, City of Manila",City of Manila - Santa Cruz,Barangay 357,"130000000","133900000","133905000","133905059","1380605059",Bgy,,Highly Urbanized Cities (HUC),,U,"884","736","0.02062715",No,,"0.00526885943498588",,,ADMIN2,"1748789491000","156","2","2","5531.0450052947","15096.1022833312","9565.05727803655","20627.1472886259","10313.573644313","10313.573644313","4782.52863901827","5531.0450052947","5531.0450052947","5531.0450052947","15096.1022833312","9565.05727803655","156","3","3","99.9631636262056","13848.6714626084","13748.7082989822","20627.1465864387","6875.7155288129","6678.5119602041","5614.61853309314","99.9631636262056","99.9631636262056","3389.23756191515","10263.5917114063","6874.3541494911","156","2","2","5531.0450052947","15096.1022833312","9565.05727803655","20627.1472886259","10313.573644313","10313.573644313","4782.52863901827","5531.0450052947","5531.0450052947","5531.0450052947","15096.1022833312","9565.05727803655"
"157","4765","8011339050600000",{C8CEA596-B496-4014-B247-F187035FED07},"1.69725759772903e-06",National Capital Region (NCR),"NCR, First District, City of Manila",City of Manila - Santa Cruz,Barangay 358,"130000000","133900000","133905000","133905060","1380605060",Bgy,,Highly Urbanized Cities (HUC),,U,"831","1029","0.02023248",No,,"0.0051965458299051",,,ADMIN2,"1748789491000","157","3","3","449.834341712522","11028.1098892811","10578.2755475686","20232.4766967519","6744.15889891731","8754.53246575833","4546.51366791167","449.834341712522","449.834341712522","4602.18340373542","9891.3211775197","5289.13777378428","157","3","3","2498.50990085849","14873.9582732339","12375.4483723755","20232.475984461","6744.158661487","2860.00781036857","5750.53049610878","2498.50990085849","2498.50990085849","2679.25885561353","8866.98304180125","6187.72418618773","157","3","3","449.834341712522","11028.1098892811","10578.2755475686","20232.4766967519","6744.15889891731","8754.53246575833","4546.51366791167","449.834341712522","449.834341712522","4602.18340373542","9891.3211775197","5289.13777378428"
"158","4760","8011339050550000",{5CE89433-1D71-4968-866A-08D30EA635CF},"4.11552650068071e-06",National Capital Region (NCR),"NCR, First District, City of Manila",City of Manila - Santa Cruz,Barangay 353,"130000000","133900000","133905000","133905055","1380605055",Bgy,,Highly Urbanized Cities (HUC),,U,"2246","2232","0.04906047",No,,"0.00844776617583295",,,ADMIN2,"1748789491000","158","3","3","1605.2100156213","29242.0540990335","27636.8440834122","49060.4698335986","16353.4899445329","18213.2057189439","11359.0696448228","1605.2100156213","1605.2100156213","9909.20786728258","23727.6299089887","13818.4220417061","158","3","3","4464.1779437496","34142.7924752156","29678.614531466","49060.4669883355","16353.4889961118","10453.4965693704","12814.3792437387","4464.1779437496","4464.1779437496","7458.83725655998","22298.144522293","14839.307265733","158","3","3","1605.2100156213","29242.0540990335","27636.8440834122","49060.4698335986","16353.4899445329","18213.2057189439","11359.0696448228","1605.2100156213","1605.2100156213","9909.20786728258","23727.6299089887","13818.4220417061"
"159","4761","8011339050560000",{8C24F999-B22A-44F2-AAE3-628405CA88AC},"3.49104558758522e-06",National Capital Region (NCR),"NCR, First District, City of Manila",City of Manila - Santa Cruz,Barangay 354,"130000000","133900000","133905000","133905056","1380605056",Bgy,,Highly Urbanized Cities (HUC),,U,"1824","1810","0.04161589",No,,"0.00806172891115626",,,ADMIN2,"1748789491000","159","3","3","1067.09815087078","24332.9550827633","23265.8569318925","41615.8885245939","13871.9628415313","16215.8352909599","9641.76084326977","1067.09815087078","1067.09815087078","8641.46672091533","20274.3951868616","11632.9284659463","159","3","3","2980.65320915902","32044.2654664721","29063.612257313","41615.883224657","13871.9610748857","6590.96454902595","12934.0138695881","2980.65320915902","2980.65320915902","4785.80887909248","19317.615007749","14531.8061286565","159","3","3","1067.09815087078","24332.9550827633","23265.8569318925","41615.8885245939","13871.9628415313","16215.8352909599","9641.76084326977","1067.09815087078","1067.09815087078","8641.46672091533","20274.3951868616","11632.9284659463"
"160","4758","8011339050530000",{66F2ADB7-2464-4B84-8EC4-2E255B45ED78},"4.27659889156646e-06",National Capital Region (NCR),"NCR, First District, City of Manila",City of Manila - Santa Cruz,Barangay 351,"130000000","133900000","133905000","133905053","1380605053",Bgy,,Highly Urbanized Cities (HUC),,U,"3805","3401","0.05098001",No,,"0.00952652839197465",,,ADMIN2,"1748789491000","160","3","3","2039.69419022648","40900.2956732346","38860.6014830081","50979.9667907797","16993.3222635932","8039.97692731862","17081.3422860195","2039.69419022648","2039.69419022648","5039.83555877255","24470.1363002766","19430.3007415041","160","3","3","8094.64664950565","33005.5772888558","24910.9306393502","50979.9626672962","16993.3208890987","9879.73872893476","11345.8040611697","8094.64664950565","8094.64664950565","8987.19268922021","21442.6580088953","12455.4653196751","160","3","3","2039.69419022648","40900.2956732346","38860.6014830081","50979.9667907797","16993.3222635932","8039.97692731862","17081.3422860195","2039.69419022648","2039.69419022648","5039.83555877255","24470.1363002766","19430.3007415041"
"161","4779","8011339050640000",{7777B7A1-D5A3-442D-B13D-FC1A43BE4B72},"1.44425958863259e-06",National Capital Region (NCR),"NCR, First District, City of Manila",City of Manila - Santa Cruz,Barangay 362,"130000000","133900000","133905000","133905064","1380605064",Bgy,,Highly Urbanized Cities (HUC),,U,"575","252","0.01721656",No,,"0.00483697369019152",,,ADMIN2,"1748789491000","161","2","2","2425.59697335677","14790.9673212006","12365.3703478438","17216.5642945574","8608.28214727869","8608.28214727869","6182.68517392192","2425.59697335677","2425.59697335677","2425.59697335677","14790.9673212006","12365.3703478438","161","3","3","299.888468241028","11292.5250637183","10992.6365954772","17216.564155102","5738.85471836733","5624.15062314269","4488.45798332808","299.888468241028","299.888468241028","2962.01954569186","8458.33784343048","5496.31829773862","161","2","2","2425.59697335677","14790.9673212006","12365.3703478438","17216.5642945574","8608.28214727869","8608.28214727869","6182.68517392192","2425.59697335677","2425.59697335677","2425.59697335677","14790.9673212006","12365.3703478438"
"162","4780","8011339050650000",{4D276E2A-FACA-4E36-AB27-D43F56CDF37F},"1.99830856572363e-06",National Capital Region (NCR),"NCR, First District, City of Manila",City of Manila - Santa Cruz,Barangay 363,"130000000","133900000","133905000","133905065","1380605065",Bgy,,Highly Urbanized Cities (HUC),,U,"562","559","0.02382081",No,,"0.00734797032057381",,,ADMIN2,"1748789491000","162","2","2","9157.5819076144","14663.2274043929","5505.64549677847","23820.8093120073","11910.4046560036","11910.4046560036","2752.82274838924","9157.5819076144","9157.5819076144","9157.5819076144","14663.2274043929","5505.64549677847","162","2","2","6684.39441097001","17136.4149320172","10452.0205210472","23820.8093429873","11910.4046714936","11910.4046714936","5226.01026052362","6684.39441097001","6684.39441097001","6684.39441097001","17136.4149320172","10452.0205210472","162","2","2","9157.5819076144","14663.2274043929","5505.64549677847","23820.8093120073","11910.4046560036","11910.4046560036","2752.82274838924","9157.5819076144","9157.5819076144","9157.5819076144","14663.2274043929","5505.64549677847"
"163","4781","8011339050660000",{08DC3BE0-CFEC-42E0-B9F8-CBDFF0780544},"1.88045199786135e-06",National Capital Region (NCR),"NCR, First District, City of Manila",City of Manila - Santa Cruz,Barangay 364,"130000000","133900000","133905000","133905066","1380605066",Bgy,,Highly Urbanized Cities (HUC),,U,"2039","1985","0.02241594",No,,"0.0054372607286943",,,ADMIN2,"1748789491000","163","2","2","1410.41241863482","21005.5318044042","19595.1193857694","22415.9442230391","11207.9721115195","11207.9721115195","9797.55969288471","1410.41241863482","1410.41241863482","1410.41241863482","21005.5318044042","19595.1193857694","163","3","3","99.9636359672586","19014.7288066173","18914.7651706501","22415.9442054792","7471.9814018264","3301.2517628946","8265.92703637479","99.9636359672586","99.9636359672586","1700.60769943093","11157.990284756","9457.38258532505","163","2","2","1410.41241863482","21005.5318044042","19595.1193857694","22415.9442230391","11207.9721115195","11207.9721115195","9797.55969288471","1410.41241863482","1410.41241863482","1410.41241863482","21005.5318044042","19595.1193857694"
"164","4782","8011339050670000",{272BC1CC-3957-48A8-AAD1-E9F9C95BA7F2},"1.61312941743226e-06",National Capital Region (NCR),"NCR, First District, City of Manila",City of Manila - Santa Cruz,Barangay 365,"130000000","133900000","133905000","133905067","1380605067",Bgy,,Highly Urbanized Cities (HUC),,U,"1328","1278","0.01922934",No,,"0.00639818608224707",,,ADMIN2,"1748789491000","164","2","2","8672.30311703301","10557.0341950179","1884.73107798491","19229.3373120509","9614.66865602546","9614.66865602546","942.365538992457","8672.30311703301","8672.30311703301","8672.30311703301","10557.0341950179","1884.73107798491","164","3","3","899.670601180464","15616.2007719689","14716.5301707884","19229.3373078667","6409.77910262224","2713.46593471737","6551.90116649876","899.670601180464","899.670601180464","1806.56826794892","9164.83335334313","7358.26508539422","164","2","2","8672.30311703301","10557.0341950179","1884.73107798491","19229.3373120509","9614.66865602546","9614.66865602546","942.365538992457","8672.30311703301","8672.30311703301","8672.30311703301","10557.0341950179","1884.73107798491"
"165","4783","8011339050690000",{2EA2C71A-68A1-40EC-B574-59E10E36C594},"1.87871317592945e-06",National Capital Region (NCR),"NCR, First District, City of Manila",City of Manila - Santa Cruz,Barangay 366,"130000000","133900000","133905000","133905069","1380605069",Bgy,,Highly Urbanized Cities (HUC),,U,"1062","1193","0.02239507",No,,"0.00549930694182621",,,ADMIN2,"1748789491000","165","2","2","6053.23614958819","16341.8313629587","10288.5952133705","22395.0675125469","11197.5337562734","11197.5337562734","5144.29760668525","6053.23614958819","6053.23614958819","6053.23614958819","16341.8313629587","10288.5952133705","165","3","3","32.948475034209","15639.5007745999","15606.5522995657","22395.0683384277","7465.0227794759","6722.61908879362","6392.93834892446","32.948475034209","32.948475034209","3377.78378191392","11181.0599316967","7803.27614978283","165","2","2","6053.23614958819","16341.8313629587","10288.5952133705","22395.0675125469","11197.5337562734","11197.5337562734","5144.29760668525","6053.23614958819","6053.23614958819","6053.23614958819","16341.8313629587","10288.5952133705"
"166","4784","8011339050700000",{80F35FDE-573A-48B1-B563-075AE1D8684E},"2.61086343524068e-06",National Capital Region (NCR),"NCR, First District, City of Manila",City of Manila - Santa Cruz,Barangay 367,"130000000","133900000","133905000","133905070","1380605070",Bgy,,Highly Urbanized Cities (HUC),,U,"1653","1708","0.03112262",No,,"0.00667630202559414",,,ADMIN2,"1748789491000","166","3","3","399.85381496785","24003.3884171922","23603.5346022244","31122.6193465234","10374.2064488411","6719.37711436328","9976.64086847274","399.85381496785","399.85381496785","3559.61546466557","15361.3827657778","11801.7673011122","166","3","3","899.671087211987","17017.6326183205","16117.9615311085","31122.6193545646","10374.2064515215","13205.3156490322","6877.91419185328","899.671087211987","899.671087211987","7052.49336812208","15111.4741336763","8058.98076555424","166","3","3","399.85381496785","24003.3884171922","23603.5346022244","31122.6193465234","10374.2064488411","6719.37711436328","9976.64086847274","399.85381496785","399.85381496785","3559.61546466557","15361.3827657778","11801.7673011122"
"167","4785","8011339050710000",{772E191B-236A-4349-AB13-F8BCCD23117D},"2.19484346574679e-06",National Capital Region (NCR),"NCR, First District, City of Manila",City of Manila - Santa Cruz,Barangay 368,"130000000","133900000","133905000","133905071","1380605071",Bgy,,Highly Urbanized Cities (HUC),,U,"1293","1337","0.02616382",No,,"0.00666289283028374",,,ADMIN2,"1748789491000","167","1","1","26163.8175280215","26163.8175280215","0","26163.8175280215","26163.8175280215","26163.8175280215","0","26163.8175280215","26163.8175280215","26163.8175280215","26163.8175280215","0","167","2","2","199.927830003027","25963.8896980185","25763.9618680155","26163.8175280215","13081.9087640108","13081.9087640108","12881.9809340077","199.927830003027","199.927830003027","199.927830003027","25963.8896980185","25763.9618680155","167","1","1","26163.8175280215","26163.8175280215","0","26163.8175280215","26163.8175280215","26163.8175280215","0","26163.8175280215","26163.8175280215","26163.8175280215","26163.8175280215","0"
"168","4778","8011339050630000",{59092124-1C8C-4219-81F0-4346D1D0D220},"1.72340232845656e-06",National Capital Region (NCR),"NCR, First District, City of Manila",City of Manila - Santa Cruz,Barangay 361,"130000000","133900000","133905000","133905063","1380605063",Bgy,,Highly Urbanized Cities (HUC),,U,"781","715","0.02054413",No,,"0.00526041006536585",,,ADMIN2,"1748789491000","168","2","2","5188.16053679535","15355.974687032","10167.8141502366","20544.1352238273","10272.0676119137","10272.0676119137","5083.90707511832","5188.16053679535","5188.16053679535","5188.16053679535","15355.974687032","10167.8141502366","168","2","2","4859.88981566238","15684.244469407","10824.3546537446","20544.1342850694","10272.0671425347","10272.0671425347","5412.17732687232","4859.88981566238","4859.88981566238","4859.88981566238","15684.244469407","10824.3546537446","168","2","2","5188.16053679535","15355.974687032","10167.8141502366","20544.1352238273","10272.0676119137","10272.0676119137","5083.90707511832","5188.16053679535","5188.16053679535","5188.16053679535","15355.974687032","10167.8141502366"
"169","4803","8011339050790000",{4376A947-3396-4445-A02C-D97F878C2E61},"3.6434723102729e-06",National Capital Region (NCR),"NCR, First District, City of Manila",City of Manila - Santa Cruz,Barangay 376,"130000000","133900000","133905000","133905079","1380605079",Bgy,,Highly Urbanized Cities (HUC),,U,"1006","930","0.04343146",No,,"0.0100734916625849",,,ADMIN2,"1748789491000","169","3","3","3890.80778303808","28178.5022176063","24287.6944345682","43431.4704237263","14477.1568079088","11362.1604230819","10157.113339752","3890.80778303808","3890.80778303808","7626.48410306001","19770.3313203441","12143.8472172841","169","3","3","1328.76393745303","29708.5695050156","28379.8055675626","43431.4760525696","14477.1586841899","12394.142610101","11679.2567682151","1328.76393745303","1328.76393745303","6861.45327377701","21051.3560575583","14189.9027837813","169","3","3","3890.80778303808","28178.5022176063","24287.6944345682","43431.4704237263","14477.1568079088","11362.1604230819","10157.113339752","3890.80778303808","3890.80778303808","7626.48410306001","19770.3313203441","12143.8472172841"
"170","4802","8011339050780000",{788CB51E-C91A-4CF5-B4DA-BAFAF8BB8A87},"1.45699042628103e-06",National Capital Region (NCR),"NCR, First District, City of Manila",City of Manila - Santa Cruz,Barangay 375,"130000000","133900000","133905000","133905078","1380605078",Bgy,,Highly Urbanized Cities (HUC),,U,"3711","3909","0.0173676",No,,"0.00591036425659798",,,ADMIN2,"1748789491000","170","3","3","171.25330759499","12919.7799194145","12748.5266118195","17367.6058334017","5789.20194446723","4276.57260639224","5313.33343761216","171.25330759499","171.25330759499","2223.91295699362","8598.17626290335","6374.26330590974","170","2","2","2625.16451733966","14742.4424184182","12117.2779010786","17367.6069357579","8683.80346787895","8683.80346787895","6058.63895053929","2625.16451733966","2625.16451733966","2625.16451733966","14742.4424184182","12117.2779010786","170","3","3","171.25330759499","12919.7799194145","12748.5266118195","17367.6058334017","5789.20194446723","4276.57260639224","5313.33343761216","171.25330759499","171.25330759499","2223.91295699362","8598.17626290335","6374.26330590974"
"171","4798","8011339050740000",{B7D6C81E-1EA6-4DE0-9024-FA5D57A3F912},"2.08587858330206e-06",National Capital Region (NCR),"NCR, First District, City of Manila",City of Manila - Santa Cruz,Barangay 371,"130000000","133900000","133905000","133905074","1380605074",Bgy,,Highly Urbanized Cities (HUC),,U,"839","842","0.02486473",No,,"0.00565826130474738",,,ADMIN2,"1748789491000","171","1","1","24864.736099591","24864.736099591","0","24864.736099591","24864.736099591","24864.736099591","0","24864.736099591","24864.736099591","24864.736099591","24864.736099591","0","171","2","2","499.819606609031","24364.916492982","23865.096886373","24864.736099591","12432.3680497955","12432.3680497955","11932.5484431865","499.819606609031","499.819606609031","499.819606609031","24364.916492982","23865.096886373","171","1","1","24864.736099591","24864.736099591","0","24864.736099591","24864.736099591","24864.736099591","0","24864.736099591","24864.736099591","24864.736099591","24864.736099591","0"
"172","4800","8011339050760000",{132A8EC9-750D-4D04-9772-8269740CF6ED},"1.64640654993604e-06",National Capital Region (NCR),"NCR, First District, City of Manila",City of Manila - Santa Cruz,Barangay 373,"130000000","133900000","133905000","133905076","1380605076",Bgy,,Highly Urbanized Cities (HUC),,U,"4004","3788","0.0196254",No,,"0.00579463209936254",,,ADMIN2,"1748789491000","172","2","2","4480.2308117392","15145.1711859777","10664.9403742385","19625.4019977169","9812.70099885844","9812.70099885844","5332.47018711924","4480.2308117392","4480.2308117392","4480.2308117392","15145.1711859777","10664.9403742385","172","2","2","3311.37774441449","16314.0247313964","13002.6469869819","19625.4024758109","9812.70123790546","9812.70123790546","6501.32349349097","3311.37774441449","3311.37774441449","3311.37774441449","16314.0247313964","13002.6469869819","172","2","2","4480.2308117392","15145.1711859777","10664.9403742385","19625.4019977169","9812.70099885844","9812.70099885844","5332.47018711924","4480.2308117392","4480.2308117392","4480.2308117392","15145.1711859777","10664.9403742385"
"173","4801","8011339050770000",{2A893585-E50F-4F0C-8FF8-74E5D6BD2FC8},"2.22881227579888e-06",National Capital Region (NCR),"NCR, First District, City of Manila",City of Manila - Santa Cruz,Barangay 374,"130000000","133900000","133905000","133905077","1380605077",Bgy,,Highly Urbanized Cities (HUC),,U,"3615","3277","0.0265677",No,,"0.00696415580828938",,,ADMIN2,"1748789491000","173","2","2","6744.18160006332","19823.513125136","13079.3315250727","26567.6947251994","13283.8473625997","13283.8473625997","6539.66576253636","6744.18160006332","6744.18160006332","6744.18160006332","19823.513125136","13079.3315250727","173","2","2","4976.73689105203","21590.9607884815","16614.2238974295","26567.6976795335","13283.8488397668","13283.8488397668","8307.11194871474","4976.73689105203","4976.73689105203","4976.73689105203","21590.9607884815","16614.2238974295","173","2","2","6744.18160006332","19823.513125136","13079.3315250727","26567.6947251994","13283.8473625997","13283.8473625997","6539.66576253636","6744.18160006332","6744.18160006332","6744.18160006332","19823.513125136","13079.3315250727"
"174","4806","8011339050820000",{74F01A2F-AD44-4C96-9E73-33E2F8B67B31},"7.93569261620971e-07",National Capital Region (NCR),"NCR, First District, City of Manila",City of Manila - Santa Cruz,Barangay 379,"130000000","133900000","133905000","133905082","1380605082",Bgy,,Highly Urbanized Cities (HUC),,U,"680","654","0.00945965",No,,"0.00438182624859219",,,ADMIN2,"1748789491000","174","2","2","1012.82244507576","8446.82585281992","7434.00340774416","9459.64829789568","4729.82414894784","4729.82414894784","3717.00170387208","1012.82244507576","1012.82244507576","1012.82244507576","8446.82585281992","7434.00340774416","174","2","2","4071.46465102131","5388.18364525279","1316.71899423148","9459.64829627411","4729.82414813705","4729.82414813705","658.35949711574","4071.46465102131","4071.46465102131","4071.46465102131","5388.18364525279","1316.71899423148","174","2","2","1012.82244507576","8446.82585281992","7434.00340774416","9459.64829789568","4729.82414894784","4729.82414894784","3717.00170387208","1012.82244507576","1012.82244507576","1012.82244507576","8446.82585281992","7434.00340774416"
"175","4818","8011339050850000",{B3A0CC93-9130-4811-8B80-C4931A08F3CA},"2.78053043721395e-06",National Capital Region (NCR),"NCR, First District, City of Manila",City of Manila - Santa Cruz,Barangay 382,"130000000","133900000","133905000","133905085","1380605085",Bgy,,Highly Urbanized Cities (HUC),,U,"946","896","0.03314472",No,,"0.00803677609446829",,,ADMIN2,"1748789491000","175","3","3","99.9634211060766","26477.0091665747","26377.0457454687","33144.7251094248","11048.2417031416","6567.75252174396","11224.7709120826","99.9634211060766","99.9634211060766","3333.85797142502","16522.3808441594","13188.5228727343","175","3","3","1594.50245685567","19851.147216701","18256.6447598453","33144.7256131472","11048.2418710491","11699.0759395905","7467.43857068261","1594.50245685567","1594.50245685567","6646.7891982231","15775.1115781458","9128.32237992266","175","3","3","99.9634211060766","26477.0091665747","26377.0457454687","33144.7251094248","11048.2417031416","6567.75252174396","11224.7709120826","99.9634211060766","99.9634211060766","3333.85797142502","16522.3808441594","13188.5228727343"
"176","4821","8011339030050000",{7CC3F302-5127-4A4C-86D3-982EAF3D7F41},"6.23466917505673e-06",National Capital Region (NCR),"NCR, First District, City of Manila",City of Manila - Quiapo,Barangay 385,"130000000","133900000","133903000","133903005","1380603005",Bgy,,Highly Urbanized Cities (HUC),,U,"2920","3406","0.07432947",No,,"0.0111569985718826",,,ADMIN2,"1748789491000","176","3","3","99.9637569231854","58411.8612646845","58311.8975077614","74329.4932317289","24776.4977439096","15817.6682101212","24634.1878656543","99.9637569231854","99.9637569231854","7958.81598352218","37114.7647374029","29155.9487538807","176","3","3","2909.23157632607","63271.0976669041","60361.866090578","74329.4930452006","24776.4976817335","8149.16380197046","27303.7224989079","2909.23157632607","2909.23157632607","5529.19768914826","35710.1307344373","30180.933045289","176","3","3","99.9637569231854","58411.8612646845","58311.8975077614","74329.4932317289","24776.4977439096","15817.6682101212","24634.1878656543","99.9637569231854","99.9637569231854","7958.81598352218","37114.7647374029","29155.9487538807"
"177","4822","8011339030060000",{AB447668-0422-4BF7-80AA-32B016D17222},"6.20457812304746e-06",National Capital Region (NCR),"NCR, First District, City of Manila",City of Manila - Quiapo,Barangay 386,"130000000","133900000","133903000","133903006","1380603006",Bgy,,Highly Urbanized Cities (HUC),,U,"1341","1213","0.07397106",No,,"0.00959331163865201",,,ADMIN2,"1748789491000","177","3","3","499.820486881043","42357.1418179812","41857.3213311002","73971.0686586217","24657.0228862072","31114.1063537595","17687.6469592754","499.820486881043","499.820486881043","15806.9634203203","36735.6240858703","20928.6606655501","177","4","4","399.85639949661","61099.4876062801","60699.6312067835","73971.0687625446","18492.7671906361","6235.86237838395","24979.5551014847","399.85639949661","399.85639949661","749.707922266156","36235.8264590061","35486.11853674","177","3","3","499.820486881043","42357.1418179812","41857.3213311002","73971.0686586217","24657.0228862072","31114.1063537595","17687.6469592754","499.820486881043","499.820486881043","15806.9634203203","36735.6240858703","20928.6606655501"
"178","4823","8011339030070000",{107FDD43-A496-4E4F-9ACD-942814F8E7B3},"3.03838888010302e-06",National Capital Region (NCR),"NCR, First District, City of Manila",City of Manila - Quiapo,Barangay 387,"130000000","133900000","133903000","133903007","1380603007",Bgy,,Highly Urbanized Cities (HUC),,U,"2994","2654","0.03622335",No,,"0.00942525073749123",,,ADMIN2,"1748789491000","178","3","3","199.927889984887","25088.9563446772","24889.0284546923","36223.3212723099","12074.4404241033","10934.4370376478","10192.8288564549","199.927889984887","199.927889984887","5567.18246381635","18011.6966911625","12444.5142273462","178","4","4","99.9639389638323","31907.2861996533","31807.3222606895","36223.3214628728","9055.83036571819","2108.0356621278","13253.7060961833","99.9639389638323","99.9639389638323","423.685400305991","17687.9753311304","17264.2899308244","178","3","3","199.927889984887","25088.9563446772","24889.0284546923","36223.3212723099","12074.4404241033","10934.4370376478","10192.8288564549","199.927889984887","199.927889984887","5567.18246381635","18011.6966911625","12444.5142273462"
"179","4824","8011339030080000",{862DB5B2-F44F-4213-97DB-0676D9327AC3},"2.11560797529285e-06",National Capital Region (NCR),"NCR, First District, City of Manila",City of Manila - Quiapo,Barangay 388,"130000000","133900000","133903000","133903008","1380603008",Bgy,,Highly Urbanized Cities (HUC),,U,"989","1260","0.02522197",No,,"0.00706718802428358",,,ADMIN2,"1748789491000","179","3","3","38.9094058217124","18275.7363087892","18236.8269029675","25221.9699054782","8407.32330182606","6907.32419086726","7520.32631702719","38.9094058217124","38.9094058217124","3473.11679834448","12591.5302498282","9118.41345148375","179","4","4","22.1285138308449","21959.8095667839","21937.681052953","25221.9700935445","6305.49252338613","1620.01600646491","9089.37491865531","22.1285138308449","22.1285138308449","318.421798284423","12292.5632484878","11974.1414502034","179","3","3","38.9094058217124","18275.7363087892","18236.8269029675","25221.9699054782","8407.32330182606","6907.32419086726","7520.32631702719","38.9094058217124","38.9094058217124","3473.11679834448","12591.5302498282","9118.41345148375"
"180","4817","8011339050840000",{50049A1D-2F27-477B-AEE5-F6A7E170E3D0},"2.49794141668967e-06",National Capital Region (NCR),"NCR, First District, City of Manila",City of Manila - Santa Cruz,Barangay 381,"130000000","133900000","133905000","133905084","1380605084",Bgy,,Highly Urbanized Cities (HUC),,U,"1376","1591","0.02977637",No,,"0.00648570299468772",,,ADMIN2,"1748789491000","180","2","2","599.808403510164","29176.5618329807","28576.7534294706","29776.3702364909","14888.1851182455","14888.1851182455","14288.3767147353","599.808403510164","599.808403510164","599.808403510164","29176.5618329807","28576.7534294706","180","2","2","9547.52229650802","20228.8479454196","10681.3256489115","29776.3702419276","14888.1851209638","14888.1851209638","5340.66282445577","9547.52229650802","9547.52229650802","9547.52229650802","20228.8479454196","10681.3256489115","180","2","2","599.808403510164","29176.5618329807","28576.7534294706","29776.3702364909","14888.1851182455","14888.1851182455","14288.3767147353","599.808403510164","599.808403510164","599.808403510164","29176.5618329807","28576.7534294706"
"181","4819","8011339030030000",{CAA55CF9-B4E4-44BC-A642-F00034B79221},"1.71861231447493e-06",National Capital Region (NCR),"NCR, First District, City of Manila",City of Manila - Quiapo,Barangay 383,"130000000","133900000","133903000","133903003","1380603003",Bgy,,Highly Urbanized Cities (HUC),,U,"1821","2267","0.0204891",No,,"0.00575856326640102",,,ADMIN2,"1748789491000","181","2","2","2983.77460055891","17505.3276297741","14521.5530292152","20489.102230333","10244.5511151665","10244.5511151665","7260.77651460758","2983.77460055891","2983.77460055891","2983.77460055891","17505.3276297741","14521.5530292152","181","3","3","726.613419606751","18419.0518751639","17692.4384555571","20489.1021182034","6829.70070606781","1343.4368234328","8198.77686684008","726.613419606751","726.613419606751","1035.02512151977","9881.24434929833","8846.21922777856","181","2","2","2983.77460055891","17505.3276297741","14521.5530292152","20489.102230333","10244.5511151665","10244.5511151665","7260.77651460758","2983.77460055891","2983.77460055891","2983.77460055891","17505.3276297741","14521.5530292152"
"182","4842","8011339060040000",{DFCCA553-1561-437E-8DDB-29A81647170B},"1.69237523159595e-06",National Capital Region (NCR),"NCR, First District, City of Manila",City of Manila - Sampaloc,Barangay 398,"130000000","133900000","133906000","133906004","1380606004",Bgy,,Highly Urbanized Cities (HUC),,U,"2228","3068","0.02017556",No,,"0.00560552228506574",,,ADMIN2,"1748789491000","182","2","2","41.3789485569578","20134.1864424927","20092.8074939357","20175.5653910497","10087.7826955248","10087.7826955248","10046.4037469679","41.3789485569578","41.3789485569578","41.3789485569578","20134.1864424927","20092.8074939357","182","2","2","520.474189391476","19655.0917248165","19134.6175354251","20175.565914208","10087.782957104","10087.782957104","9567.30876771253","520.474189391476","520.474189391476","520.474189391476","19655.0917248165","19134.6175354251","182","2","2","41.3789485569578","20134.1864424927","20092.8074939357","20175.5653910497","10087.7826955248","10087.7826955248","10046.4037469679","41.3789485569578","41.3789485569578","41.3789485569578","20134.1864424927","20092.8074939357"
"183","4843","8011339060050000",{59D5E690-9854-4DD4-A68B-0FFB05B3B66E},"1.31581101002267e-06",National Capital Region (NCR),"NCR, First District, City of Manila",City of Manila - Sampaloc,Barangay 399,"130000000","133900000","133906000","133906005","1380606005",Bgy,,Highly Urbanized Cities (HUC),,U,"909","1068","0.01568643",No,,"0.00508806001798794",,,ADMIN2,"1748789491000","183","2","2","147.272606136758","15539.1569613458","15391.8843552091","15686.4295674826","7843.21478374129","7843.21478374129","7695.94217760453","147.272606136758","147.272606136758","147.272606136758","15539.1569613458","15391.8843552091","183","2","2","1272.89340673492","14413.5361457811","13140.6427390462","15686.429552516","7843.214776258","7843.214776258","6570.32136952308","1272.89340673492","1272.89340673492","1272.89340673492","14413.5361457811","13140.6427390462","183","2","2","147.272606136758","15539.1569613458","15391.8843552091","15686.4295674826","7843.21478374129","7843.21478374129","7695.94217760453","147.272606136758","147.272606136758","147.272606136758","15539.1569613458","15391.8843552091"
"184","4827","8011339010390000",{49B17D62-922C-480F-BE9D-9D8BFF6C0429},"8.70447376890917e-06",National Capital Region (NCR),"NCR, First District, City of Manila",City of Manila - Tondo I / II,Barangay 39,"130000000","133900000","133901000","133901039","1380601039",Bgy,,Highly Urbanized Cities (HUC),,U,"2460","2324","0.10376971",No,,"0.0189618460502443",,,ADMIN2,"1748789491000","184","3","3","389.150478775733","86934.2755102961","86545.1250315204","97754.3706791085","32584.7902263695","10430.9446900367","38648.9268563061","389.150478775733","389.150478775733","5410.04758440619","48682.6101001664","43272.5625157602","184","3","3","199.921454277355","89036.3937241923","88836.4722699149","97754.369434964","32584.7898116547","8518.0542564944","40061.4987367535","199.921454277355","199.921454277355","4358.98785538588","48777.2239903433","44418.2361349574","184","3","3","389.150478775733","86934.2755102961","86545.1250315204","97754.3706791085","32584.7902263695","10430.9446900367","38648.9268563061","389.150478775733","389.150478775733","5410.04758440619","48682.6101001664","43272.5625157602"
"185","4838","8011339030140000",{C39F6231-FBBA-4E70-A7BE-0726DFFAB992},"2.23347966542312e-06",National Capital Region (NCR),"NCR, First District, City of Manila",City of Manila - Quiapo,Barangay 394,"130000000","133900000","133903000","133903014","1380603014",Bgy,,Highly Urbanized Cities (HUC),,U,"1548","1433","0.02662698",No,,"0.00723631575924073",,,ADMIN2,"1748789491000","185","2","2","5598.21649764667","21028.7657431442","15430.5492454975","26626.9822407909","13313.4911203954","13313.4911203954","7715.27462274877","5598.21649764667","5598.21649764667","5598.21649764667","21028.7657431442","15430.5492454975","185","2","2","2529.28561852489","24097.6968821339","21568.411263609","26626.9825006588","13313.4912503294","13313.4912503294","10784.2056318045","2529.28561852489","2529.28561852489","2529.28561852489","24097.6968821339","21568.411263609","185","2","2","5598.21649764667","21028.7657431442","15430.5492454975","26626.9822407909","13313.4911203954","13313.4911203954","7715.27462274877","5598.21649764667","5598.21649764667","5598.21649764667","21028.7657431442","15430.5492454975"
"186","4836","8011339030120000",{063A6DDB-20A0-480F-8F8E-8699F741026F},"2.48492006437978e-06",National Capital Region (NCR),"NCR, First District, City of Manila",City of Manila - Quiapo,Barangay 392,"130000000","133900000","133903000","133903012","1380603012",Bgy,,Highly Urbanized Cities (HUC),,U,"677","695","0.02962438",No,,"0.00689918434433364",,,ADMIN2,"1748789491000","186","2","2","2045.98855293769","27578.3924775858","25532.4039246481","29624.3810305235","14812.1905152617","14812.1905152617","12766.201962324","2045.98855293769","2045.98855293769","2045.98855293769","27578.3924775858","25532.4039246481","186","2","2","199.92726844651","29424.4534989469","29224.5262305004","29624.3807673934","14812.1903836967","14812.1903836967","14612.2631152502","199.92726844651","199.92726844651","199.92726844651","29424.4534989469","29224.5262305004","186","2","2","2045.98855293769","27578.3924775858","25532.4039246481","29624.3810305235","14812.1905152617","14812.1905152617","12766.201962324","2045.98855293769","2045.98855293769","2045.98855293769","27578.3924775858","25532.4039246481"
"187","4839","8011339060010000",{AA72B5F8-1765-46FF-8938-CA2C4D3E3581},"8.15621644178776e-06",National Capital Region (NCR),"NCR, First District, City of Manila",City of Manila - Sampaloc,Barangay 395,"130000000","133900000","133906000","133906001","1380606001",Bgy,,Highly Urbanized Cities (HUC),,U,"632","1222","0.09723479",No,,"0.0117679585688431",,,ADMIN2,"1748789491000","187","3","3","277.846094557599","87532.9115334966","87255.065438939","97234.7846544708","32411.5948848236","9424.02702641655","39155.1002912097","277.846094557599","277.846094557599","4850.93656048708","48478.4692799566","43627.5327194695","187","4","4","201.311680448252","87487.1713624164","87285.8596819681","97234.7850036059","24308.6962509015","4773.15098037061","36567.6123211391","201.311680448252","201.311680448252","1222.30459347265","47395.0879083303","46172.7833148576","187","3","3","277.846094557599","87532.9115334966","87255.065438939","97234.7846544708","32411.5948848236","9424.02702641655","39155.1002912097","277.846094557599","277.846094557599","4850.93656048708","48478.4692799566","43627.5327194695"
"188","4840","8011339060020000",{F22B4B92-87EC-4629-931B-55DE3F56AEDB},"3.78102958089993e-06",National Capital Region (NCR),"NCR, First District, City of Manila",City of Manila - Sampaloc,Barangay 396,"130000000","133900000","133906000","133906002","1380606002",Bgy,,Highly Urbanized Cities (HUC),,U,"1709","1666","0.04507552",No,,"0.00806298608468629",,,ADMIN2,"1748789491000","188","2","2","4739.40730151859","40336.1129543041","35596.7056527855","45075.5202558227","22537.7601279114","22537.7601279114","17798.3528263928","4739.40730151859","4739.40730151859","4739.40730151859","40336.1129543041","35596.7056527855","188","2","2","699.747087169322","44375.7732919905","43676.0262048212","45075.5203791598","22537.7601895799","22537.7601895799","21838.0131024106","699.747087169322","699.747087169322","699.747087169322","44375.7732919905","43676.0262048212","188","2","2","4739.40730151859","40336.1129543041","35596.7056527855","45075.5202558227","22537.7601279114","22537.7601279114","17798.3528263928","4739.40730151859","4739.40730151859","4739.40730151859","40336.1129543041","35596.7056527855"
"189","4913","8011339060080000",{EBDDDA3B-AE0F-42D7-9F47-7ED39C8390C9},"2.47545792991469e-06",National Capital Region (NCR),"NCR, First District, City of Manila",City of Manila - Sampaloc,Barangay 402,"130000000","133900000","133906000","133906008","1380606008",Bgy,,Highly Urbanized Cities (HUC),,U,"3649","2758","0.02951147",No,,"0.0064920090631672",,,ADMIN2,"1748789491000","189","2","2","463.345323484922","29048.1206002576","28584.7752767727","29511.4659237426","14755.7329618713","14755.7329618713","14292.3876383864","463.345323484922","463.345323484922","463.345323484922","29048.1206002576","28584.7752767727","189","2","2","899.678901343228","28611.7870733352","27712.1081719919","29511.4659746784","14755.7329873392","14755.7329873392","13856.054085996","899.678901343228","899.678901343228","899.678901343228","28611.7870733352","27712.1081719919","189","2","2","463.345323484922","29048.1206002576","28584.7752767727","29511.4659237426","14755.7329618713","14755.7329618713","14292.3876383864","463.345323484922","463.345323484922","463.345323484922","29048.1206002576","28584.7752767727"
"190","4917","8011339060120000",{B96BEE23-0C20-409C-A363-4A46A07F9CF1},"8.03747205907894e-07",National Capital Region (NCR),"NCR, First District, City of Manila",City of Manila - Sampaloc,Barangay 406,"130000000","133900000","133906000","133906012","1380606012",Bgy,,Highly Urbanized Cities (HUC),,U,"622","449","0.00958182",No,,"0.00401741274405575",,,ADMIN2,"1748789491000","190","1","1","9581.82330208272","9581.82330208272","0","9581.82330208272","9581.82330208272","9581.82330208272","0","9581.82330208272","9581.82330208272","9581.82330208272","9581.82330208272","0","190","1","1","9581.82330208272","9581.82330208272","0","9581.82330208272","9581.82330208272","9581.82330208272","0","9581.82330208272","9581.82330208272","9581.82330208272","9581.82330208272","0","190","1","1","9581.82330208272","9581.82330208272","0","9581.82330208272","9581.82330208272","9581.82330208272","0","9581.82330208272","9581.82330208272","9581.82330208272","9581.82330208272","0"
"191","4918","8011339060130000",{913F9909-DF30-4FC3-9AB5-D05156F7BA69},"2.43055359079067e-06",National Capital Region (NCR),"NCR, First District, City of Manila",City of Manila - Sampaloc,Barangay 407,"130000000","133900000","133906000","133906013","1380606013",Bgy,,Highly Urbanized Cities (HUC),,U,"1155","1571","0.02897595",No,,"0.00829190207793924",,,ADMIN2,"1748789491000","191","1","1","28975.9586415149","28975.9586415149","0","28975.9586415149","28975.9586415149","28975.9586415149","0","28975.9586415149","28975.9586415149","28975.9586415149","28975.9586415149","0","191","2","2","1792.70794614003","27183.250746267","25390.5428001269","28975.958692407","14487.9793462035","14487.9793462035","12695.2714000635","1792.70794614003","1792.70794614003","1792.70794614003","27183.250746267","25390.5428001269","191","1","1","28975.9586415149","28975.9586415149","0","28975.9586415149","28975.9586415149","28975.9586415149","0","28975.9586415149","28975.9586415149","28975.9586415149","28975.9586415149","0"
"192","4919","8011339060140000",{59A65CAE-B849-4444-A45D-DBC4ACA47AA2},"2.064660330303e-06",National Capital Region (NCR),"NCR, First District, City of Manila",City of Manila - Sampaloc,Barangay 408,"130000000","133900000","133906000","133906014","1380606014",Bgy,,Highly Urbanized Cities (HUC),,U,"1199","1768","0.0246139",No,,"0.00697642735646394",,,ADMIN2,"1748789491000","192","1","1","24613.9019529037","24613.9019529037","0","24613.9019529037","24613.9019529037","24613.9019529037","0","24613.9019529037","24613.9019529037","24613.9019529037","24613.9019529037","0","192","2","2","2311.03830389003","22302.8633181464","19991.8250142564","24613.9016220365","12306.9508110182","12306.9508110182","9995.9125071282","2311.03830389003","2311.03830389003","2311.03830389003","22302.8633181464","19991.8250142564","192","1","1","24613.9019529037","24613.9019529037","0","24613.9019529037","24613.9019529037","24613.9019529037","0","24613.9019529037","24613.9019529037","24613.9019529037","24613.9019529037","0"
"193","4920","8011339060150000",{1302E8E0-C522-4DBA-97EF-43E8B439491F},"2.46657011304743e-06",National Capital Region (NCR),"NCR, First District, City of Manila",City of Manila - Sampaloc,Barangay 409,"130000000","133900000","133906000","133906015","1380606015",Bgy,,Highly Urbanized Cities (HUC),,U,"2379","1921","0.02940556",No,,"0.00772879016241294",,,ADMIN2,"1748789491000","193","2","2","8365.88307179171","21039.6886189224","12673.8055471307","29405.5716907142","14702.7858453571","14702.7858453571","6336.90277356537","8365.88307179171","8365.88307179171","8365.88307179171","21039.6886189224","12673.8055471307","193","2","2","3.30804953422194","29402.2639265622","29398.955877028","29405.5719760964","14702.7859880482","14702.7859880482","14699.477938514","3.30804953422194","3.30804953422194","3.30804953422194","29402.2639265622","29398.955877028","193","2","2","8365.88307179171","21039.6886189224","12673.8055471307","29405.5716907142","14702.7858453571","14702.7858453571","6336.90277356537","8365.88307179171","8365.88307179171","8365.88307179171","21039.6886189224","12673.8055471307"
"194","4922","8011339010410000",{98DB38E6-3A37-4D33-960C-5F56FEF37CBF},"1.77110630584645e-06",National Capital Region (NCR),"NCR, First District, City of Manila",City of Manila - Tondo I / II,Barangay 41,"130000000","133900000","133901000","133901041","1380601041",Bgy,,Highly Urbanized Cities (HUC),,U,"3706","3825","0.02111391",No,,"0.00660185608081852",,,ADMIN2,"1748789491000","194","3","3","3066.71154878305","11067.8155338518","8001.10398506871","21113.9110623259","7037.97035410863","6979.38397969111","3266.69971249487","3066.71154878305","3066.71154878305","5023.04776423708","9023.59975677143","4000.55199253435","194","3","3","3186.06579459138","14018.8179408135","10832.7521462221","21113.9146941026","7037.97156470085","3909.03095869767","4945.01983496472","3186.06579459138","3186.06579459138","3547.54837664452","8963.92444975559","5416.37607311106","194","3","3","3066.71154878305","11067.8155338518","8001.10398506871","21113.9110623259","7037.97035410863","6979.38397969111","3266.69971249487","3066.71154878305","3066.71154878305","5023.04776423708","9023.59975677143","4000.55199253435"
"195","4915","8011339060100000",{FE024190-82B5-48AB-8627-E4656C2C9799},"5.9227621467858e-06",National Capital Region (NCR),"NCR, First District, City of Manila",City of Manila - Sampaloc,Barangay 404,"130000000","133900000","133906000","133906010","1380606010",Bgy,,Highly Urbanized Cities (HUC),,U,"903","723","0.07060897",No,,"0.0106927535011844",,,ADMIN2,"1748789491000","195","4","4","299.891946747171","68055.4333973546","67755.5414506074","70609.0215409138","17652.2553852285","1126.84809840602","29105.0624730534","299.891946747171","299.891946747171","427.100126451249","34877.4106440057","34450.3105175544","195","3","3","1499.45986125336","64911.0741233213","63411.6142620679","70609.021555706","23536.3405185687","4198.48757113129","29277.09711581","1499.45986125336","1499.45986125336","2848.97371619233","34554.7808472263","31705.807131034","195","4","4","299.891946747171","68055.4333973546","67755.5414506074","70609.0215409138","17652.2553852285","1126.84809840602","29105.0624730534","299.891946747171","299.891946747171","427.100126451249","34877.4106440057","34450.3105175544"
"196","4916","8011339060110000",{EAE447BE-8759-45CF-B35C-F46E2303A2B6},"1.36242762642972e-06",National Capital Region (NCR),"NCR, First District, City of Manila",City of Manila - Sampaloc,Barangay 405,"130000000","133900000","133906000","133906011","1380606011",Bgy,,Highly Urbanized Cities (HUC),,U,"1005","999","0.01624215",No,,"0.00538211900186667",,,ADMIN2,"1748789491000","196","1","1","16242.1635623691","16242.1635623691","0","16242.1635623691","16242.1635623691","16242.1635623691","0","16242.1635623691","16242.1635623691","16242.1635623691","16242.1635623691","0","196","2","2","199.928916934849","16042.2346454342","15842.3057284994","16242.1635623691","8121.08178118454","8121.08178118454","7921.15286424969","199.928916934849","199.928916934849","199.928916934849","16042.2346454342","15842.3057284994","196","1","1","16242.1635623691","16242.1635623691","0","16242.1635623691","16242.1635623691","16242.1635623691","0","16242.1635623691","16242.1635623691","16242.1635623691","16242.1635623691","0"
"197","4929","8011339060180000",{034F52B3-7866-4E2F-955D-401E33F874B7},"2.90336559501223e-06",National Capital Region (NCR),"NCR, First District, City of Manila",City of Manila - Sampaloc,Barangay 412,"130000000","133900000","133906000","133906018","1380606018",Bgy,,Highly Urbanized Cities (HUC),,U,"1646","1890","0.03461305",No,,"0.00719855864702727",,,ADMIN2,"1748789491000","197","2","2","2827.00052715637","31786.1145861344","28959.114058978","34613.1151132907","17306.5575566454","17306.5575566454","14479.557029489","2827.00052715637","2827.00052715637","2827.00052715637","31786.1145861344","28959.114058978","197","3","3","121.100778701511","33602.7521522342","33481.6513735327","34613.1149267438","11537.7049755813","889.261995808032","15605.4957860964","121.100778701511","121.100778701511","505.181387254772","17246.0070740211","16740.8256867664","197","2","2","2827.00052715637","31786.1145861344","28959.114058978","34613.1151132907","17306.5575566454","17306.5575566454","14479.557029489","2827.00052715637","2827.00052715637","2827.00052715637","31786.1145861344","28959.114058978"
"198","4930","8011339060190000",{EE65EEFE-8D75-4213-9BDC-E38ED3AE408E},"1.44277002022263e-06",National Capital Region (NCR),"NCR, First District, City of Manila",City of Manila - Sampaloc,Barangay 413,"130000000","133900000","133906000","133906019","1380606019",Bgy,,Highly Urbanized Cities (HUC),,U,"2283","1702","0.01720021",No,,"0.00601881056569855",,,ADMIN2,"1748789491000","198","1","1","17200.2013784345","17200.2013784345","0","17200.2013784345","17200.2013784345","17200.2013784345","0","17200.2013784345","17200.2013784345","17200.2013784345","17200.2013784345","0","198","2","2","165.145354149226","17035.0554151835","16869.9100610343","17200.2007693328","8600.10038466638","8600.10038466638","8434.95503051716","165.145354149226","165.145354149226","165.145354149226","17035.0554151835","16869.9100610343","198","1","1","17200.2013784345","17200.2013784345","0","17200.2013784345","17200.2013784345","17200.2013784345","0","17200.2013784345","17200.2013784345","17200.2013784345","17200.2013784345","0"
"199","4931","8011339060200000",{6CA5FE14-FC59-4950-B36C-60B7E1F918AD},"1.36683542688747e-06",National Capital Region (NCR),"NCR, First District, City of Manila",City of Manila - Sampaloc,Barangay 414,"130000000","133900000","133906000","133906020","1380606020",Bgy,,Highly Urbanized Cities (HUC),,U,"1220","1716","0.01629489",No,,"0.00603506070757394",,,ADMIN2,"1748789491000","199","1","1","16294.8355002236","16294.8355002236","0","16294.8355002236","16294.8355002236","16294.8355002236","0","16294.8355002236","16294.8355002236","16294.8355002236","16294.8355002236","0","199","2","2","634.571328512378","15660.2647808129","15025.6934523005","16294.8361093253","8147.41805466264","8147.41805466264","7512.84672615027","634.571328512378","634.571328512378","634.571328512378","15660.2647808129","15025.6934523005","199","1","1","16294.8355002236","16294.8355002236","0","16294.8355002236","16294.8355002236","16294.8355002236","0","16294.8355002236","16294.8355002236","16294.8355002236","16294.8355002236","0"
"200","4932","8011339060210000",{07CBF594-2AE8-4C60-9A05-F28E29D8B9E5},"1.98040293068889e-06",National Capital Region (NCR),"NCR, First District, City of Manila",City of Manila - Sampaloc,Barangay 415,"130000000","133900000","133906000","133906021","1380606021",Bgy,,Highly Urbanized Cities (HUC),,U,"840","884","0.02360955",No,,"0.00541569938411648",,,ADMIN2,"1748789491000","200","3","3","1799.36078405511","19311.0741262003","17511.7133421452","23609.5469648848","7869.84898829493","2499.1120546294","8095.21000149041","1799.36078405511","1799.36078405511","2149.23641934225","10905.0930904148","8755.85667107259","200","3","3","3898.61482807397","14917.834565393","11019.219737319","23609.5472501357","7869.84908337855","4793.0978566687","4997.03908917575","3898.61482807397","3898.61482807397","4345.85634237133","9855.46621103084","5509.60986865951","200","3","3","1799.36078405511","19311.0741262003","17511.7133421452","23609.5469648848","7869.84898829493","2499.1120546294","8095.21000149041","1799.36078405511","1799.36078405511","2149.23641934225","10905.0930904148","8755.85667107259"
"201","4934","8011339060230000",{2BB89560-EF18-4F2E-9A41-9C9BE8F27A2B},"2.01091212813447e-06",National Capital Region (NCR),"NCR, First District, City of Manila",City of Manila - Sampaloc,Barangay 417,"130000000","133900000","133906000","133906023","1380606023",Bgy,,Highly Urbanized Cities (HUC),,U,"1748","2011","0.02397314",No,,"0.00603543429118058",,,ADMIN2,"1748789491000","201","2","2","102.800262255531","23870.3395754894","23767.5393132338","23973.1398377449","11986.5699188725","11986.5699188725","11883.7696566169","102.800262255531","102.800262255531","102.800262255531","23870.3395754894","23767.5393132338","201","2","2","299.89536486732","23673.2439265346","23373.3485616673","23973.139291402","11986.569645701","11986.569645701","11686.6742808337","299.89536486732","299.89536486732","299.89536486732","23673.2439265346","23373.3485616673","201","2","2","102.800262255531","23870.3395754894","23767.5393132338","23973.1398377449","11986.5699188725","11986.5699188725","11883.7696566169","102.800262255531","102.800262255531","102.800262255531","23870.3395754894","23767.5393132338"
"202","4928","8011339060170000",{221369FC-CCA3-4F39-A71B-7689A4260A49},"2.64455514559346e-06",National Capital Region (NCR),"NCR, First District, City of Manila",City of Manila - Sampaloc,Barangay 411,"130000000","133900000","133906000","133906017","1380606017",Bgy,,Highly Urbanized Cities (HUC),,U,"1263","1903","0.0315273",No,,"0.00695649642307879",,,ADMIN2,"1748789491000","202","2","2","1707.98476903635","29819.3112091075","28111.3264400711","31527.2959781438","15763.6479890719","15763.6479890719","14055.6632200356","1707.98476903635","1707.98476903635","1707.98476903635","29819.3112091075","28111.3264400711","202","2","2","599.789176603692","30927.5064980896","30327.7173214859","31527.2956746933","15763.6478373467","15763.6478373467","15163.858660743","599.789176603692","599.789176603692","599.789176603692","30927.5064980896","30327.7173214859","202","2","2","1707.98476903635","29819.3112091075","28111.3264400711","31527.2959781438","15763.6479890719","15763.6479890719","14055.6632200356","1707.98476903635","1707.98476903635","1707.98476903635","29819.3112091075","28111.3264400711"
"203","4938","8011339010420000",{A96A7DB2-8C8A-4B97-A0F3-EC8E18D19B01},"1.47584580296957e-06",National Capital Region (NCR),"NCR, First District, City of Manila",City of Manila - Tondo I / II,Barangay 42,"130000000","133900000","133901000","133901042","1380601042",Bgy,,Highly Urbanized Cities (HUC),,U,"2238","2142","0.01759401",No,,"0.00636910559972546",,,ADMIN2,"1748789491000","203","3","3","2742.19919240812","11579.7321771235","8837.53298471542","17594.0016845765","5864.66722819217","3272.07031504485","4046.94669922309","2742.19919240812","2742.19919240812","3007.13475372649","7425.9012460842","4418.76649235771","203","3","3","1543.32269554627","11398.1476897629","9854.82499421658","17594.0031217477","5864.66770724922","4652.53273643853","4113.5019393258","1543.32269554627","1543.32269554627","3097.9277159924","8025.3402131007","4927.41249710829","203","3","3","2742.19919240812","11579.7321771235","8837.53298471542","17594.0016845765","5864.66722819217","3272.07031504485","4046.94669922309","2742.19919240812","2742.19919240812","3007.13475372649","7425.9012460842","4418.76649235771"
"204","4949","8011339060290000",{24636EC3-7D74-48D3-8F45-504139002710},"2.4000438708997e-06",National Capital Region (NCR),"NCR, First District, City of Manila",City of Manila - Sampaloc,Barangay 423,"130000000","133900000","133906000","133906029","1380606029",Bgy,,Highly Urbanized Cities (HUC),,U,"1397","1307","0.02861212",No,,"0.00790598652047702",,,ADMIN2,"1748789491000","204","2","2","883.16169419916","27728.952849461","26845.7911552618","28612.1145436601","14306.0572718301","14306.0572718301","13422.8955776309","883.16169419916","883.16169419916","883.16169419916","27728.952849461","26845.7911552618","204","3","3","53.0490444663264","28379.4309229111","28326.3818784448","28612.1150693196","9537.3716897732","179.635101942185","13323.4480801404","53.0490444663264","53.0490444663264","116.342073204256","14279.5330124266","14163.1909392224","204","2","2","883.16169419916","27728.952849461","26845.7911552618","28612.1145436601","14306.0572718301","14306.0572718301","13422.8955776309","883.16169419916","883.16169419916","883.16169419916","27728.952849461","26845.7911552618"
"205","4936","8011339060250000",{036F78EA-B404-4ADC-95B3-D5546D6C2F09},"1.8403832974448e-06",National Capital Region (NCR),"NCR, First District, City of Manila",City of Manila - Sampaloc,Barangay 419,"130000000","133900000","133906000","133906025","1380606025",Bgy,,Highly Urbanized Cities (HUC),,U,"2016","1696","0.02194024",No,,"0.00550715540499582",,,ADMIN2,"1748789491000","205","2","2","6541.08305390713","15399.1552805187","8858.07222661158","21940.2383344258","10970.1191672129","10970.1191672129","4429.03611330579","6541.08305390713","6541.08305390713","6541.08305390713","15399.1552805187","8858.07222661158","205","3","3","96.6569576891634","21343.7560184547","21247.0990607655","21940.2382072583","7313.41273575276","499.825231114461","9922.31611526992","96.6569576891634","96.6569576891634","298.241094401812","10921.7906247846","10623.5495303827","205","2","2","6541.08305390713","15399.1552805187","8858.07222661158","21940.2383344258","10970.1191672129","10970.1191672129","4429.03611330579","6541.08305390713","6541.08305390713","6541.08305390713","15399.1552805187","8858.07222661158"
"206","4948","8011339060280000",{9175E104-6A28-461E-93CB-F93B7E98DBA8},"2.34925618681116e-06",National Capital Region (NCR),"NCR, First District, City of Manila",City of Manila - Sampaloc,Barangay 422,"130000000","133900000","133906000","133906028","1380606028",Bgy,,Highly Urbanized Cities (HUC),,U,"2283","2304","0.02800655",No,,"0.00694409207094889",,,ADMIN2,"1748789491000","206","2","2","350.736862346232","27655.8040543997","27305.0671920535","28006.540916746","14003.270458373","14003.270458373","13652.5335960267","350.736862346232","350.736862346232","350.736862346232","27655.8040543997","27305.0671920535","206","3","3","49.8353753004267","26865.6042346318","26815.7688593314","28006.5407799977","9335.51359333258","1091.10117006551","12402.9329067218","49.8353753004267","49.8353753004267","570.468272682966","13978.3527023487","13407.8844296657","206","2","2","350.736862346232","27655.8040543997","27305.0671920535","28006.540916746","14003.270458373","14003.270458373","13652.5335960267","350.736862346232","350.736862346232","350.736862346232","27655.8040543997","27305.0671920535"
"207","4952","8011339060320000",{61DD1747-ACB3-4AC6-A579-3B84502F0517},"2.62436378192689e-06",National Capital Region (NCR),"NCR, First District, City of Manila",City of Manila - Sampaloc,Barangay 426,"130000000","133900000","133906000","133906032","1380606032",Bgy,,Highly Urbanized Cities (HUC),,U,"1342","1786","0.03128667",No,,"0.00816913525382958",,,ADMIN2,"1748789491000","207","4","4","396.89581329783","25591.7545341419","25194.8587208441","31286.6762400843","7821.66906002107","2649.01294632228","10307.8484364678","396.89581329783","396.89581329783","1251.1503390059","14392.1877810362","13141.0374420303","207","3","3","5966.45829688124","13004.8625590804","7038.40426219919","31286.6899393603","10428.8966464534","12315.3690833987","3167.95068680595","5966.45829688124","5966.45829688124","9140.91369013996","12660.1158212396","3519.2021310996","207","4","4","396.89581329783","25591.7545341419","25194.8587208441","31286.6762400843","7821.66906002107","2649.01294632228","10307.8484364678","396.89581329783","396.89581329783","1251.1503390059","14392.1877810362","13141.0374420303"
"208","4953","8011339060330000",{CE35FFFE-9EEA-4D95-8012-33C5C7B6DB14},"1.61189806706418e-06",National Capital Region (NCR),"NCR, First District, City of Manila",City of Manila - Sampaloc,Barangay 427,"130000000","133900000","133906000","133906033","1380606033",Bgy,,Highly Urbanized Cities (HUC),,U,"677","495","0.0192164",No,,"0.00598475958569302",,,ADMIN2,"1748789491000","208","2","2","628.686087490001","18587.6863950298","17959.0003075398","19216.3724825198","9608.18624125991","9608.18624125991","8979.50015376991","628.686087490001","628.686087490001","628.686087490001","18587.6863950298","17959.0003075398","208","2","2","4693.47570912897","14522.8910107189","9829.4153015899","19216.3667198478","9608.18335992392","9608.18335992392","4914.70765079495","4693.47570912897","4693.47570912897","4693.47570912897","14522.8910107189","9829.4153015899","208","2","2","628.686087490001","18587.6863950298","17959.0003075398","19216.3724825198","9608.18624125991","9608.18624125991","8979.50015376991","628.686087490001","628.686087490001","628.686087490001","18587.6863950298","17959.0003075398"
"209","4954","8011339060340000",{8868E1E7-4680-4E6A-A541-3B1289F685CC},"2.3941841112337e-06",National Capital Region (NCR),"NCR, First District, City of Manila",City of Manila - Sampaloc,Barangay 428,"130000000","133900000","133906000","133906034","1380606034",Bgy,,Highly Urbanized Cities (HUC),,U,"1351","1304","0.0285424",No,,"0.0109367591803792",,,ADMIN2,"1748789491000","209","4","4","621.099807489662","17489.9650024518","16868.8651949621","28542.3681197225","7135.59202993062","5215.65165489052","6481.73025520906","621.099807489662","621.099807489662","1744.31665327753","12526.8674065837","10782.5507533062","209","4","4","312.540912372642","11208.3593244023","10895.8184120296","28542.3853847374","7135.59634618436","8510.74257398125","4133.18025704142","312.540912372642","312.540912372642","3991.94272549735","10279.2499668714","6287.30724137402","209","4","4","621.099807489662","17489.9650024518","16868.8651949621","28542.3681197225","7135.59202993062","5215.65165489052","6481.73025520906","621.099807489662","621.099807489662","1744.31665327753","12526.8674065837","10782.5507533062"
"210","4955","8011339060350000",{25302C45-1BB3-4436-8AF8-8E7CCA5C10E6},"1.92438452898624e-06",National Capital Region (NCR),"NCR, First District, City of Manila",City of Manila - Sampaloc,Barangay 429,"130000000","133900000","133906000","133906035","1380606035",Bgy,,Highly Urbanized Cities (HUC),,U,"2428","2814","0.02294129",No,,"0.00596789881114843",,,ADMIN2,"1748789491000","210","2","2","3615.32084710048","19325.9562204631","15710.6353733626","22941.2770675636","11470.6385337818","11470.6385337818","7855.3176866813","3615.32084710048","3615.32084710048","3615.32084710048","19325.9562204631","15710.6353733626","210","2","2","976.321410786813","21964.9556059554","20988.6341951686","22941.2770167422","11470.6385083711","11470.6385083711","10494.3170975843","976.321410786813","976.321410786813","976.321410786813","21964.9556059554","20988.6341951686","210","2","2","3615.32084710048","19325.9562204631","15710.6353733626","22941.2770675636","11470.6385337818","11470.6385337818","7855.3176866813","3615.32084710048","3615.32084710048","3615.32084710048","19325.9562204631","15710.6353733626"
"211","4957","8011339010430000",{9E80EDFD-09A1-448D-AC00-C1EAF0BEEB2D},"1.08360152075223e-06",National Capital Region (NCR),"NCR, First District, City of Manila",City of Manila - Tondo I / II,Barangay 43,"130000000","133900000","133901000","133901043","1380601043",Bgy,,Highly Urbanized Cities (HUC),,U,"3388","3362","0.01291792",No,,"0.00467620291564413",,,ADMIN2,"1748789491000","211","3","3","2201.62452010518","6378.83697803771","4177.21245793253","12917.9191214865","4305.9730404955","4337.45762334362","1705.48515851932","2201.62452010518","2201.62452010518","3269.5410717244","5358.14730069067","2088.60622896627","211","3","3","1379.13742430416","5925.47198560205","4546.33456129789","12917.9211253534","4305.97370845113","5613.31171544718","2073.50572448614","1379.13742430416","1379.13742430416","3496.22456987567","5769.39185052462","2273.16728064894","211","3","3","2201.62452010518","6378.83697803771","4177.21245793253","12917.9191214865","4305.9730404955","4337.45762334362","1705.48515851932","2201.62452010518","2201.62452010518","3269.5410717244","5358.14730069067","2088.60622896627"
"212","4951","8011339060310000",{4B7780AC-ED5E-4FB6-B5DF-40A81D7B5D70},"4.08535471425432e-06",National Capital Region (NCR),"NCR, First District, City of Manila",City of Manila - Sampaloc,Barangay 425,"130000000","133900000","133906000","133906031","1380606031",Bgy,,Highly Urbanized Cities (HUC),,U,"1578","2087","0.048704",No,,"0.00862091342710092",,,ADMIN2,"1748789491000","212","4","4","351.181775185789","39686.1217534297","39334.9399782439","48704.0347520011","12176.0086880003","4333.36561169279","15966.7116406147","351.181775185789","351.181775185789","2232.40489513303","22119.6124808675","19887.2075857345","212","4","4","2226.4318718621","34867.5701731985","32641.1383013364","48704.03734756","12176.00933689","5805.01765124968","13183.262838663","2226.4318718621","2226.4318718621","3896.57084029654","20455.4478334835","16558.8769931869","212","4","4","351.181775185789","39686.1217534297","39334.9399782439","48704.0347520011","12176.0086880003","4333.36561169279","15966.7116406147","351.181775185789","351.181775185789","2232.40489513303","22119.6124808675","19887.2075857345"
"213","4966","8011339060390000",{6E41D9C0-172F-4AB2-9D96-09B661E99E35},"1.03575708973994e-06",National Capital Region (NCR),"NCR, First District, City of Manila",City of Manila - Sampaloc,Barangay 433,"130000000","133900000","133906000","133906039","1380606039",Bgy,,Highly Urbanized Cities (HUC),,U,"456","464","0.01234779",No,,"0.00654937251531032",,,ADMIN2,"1748789491000","213","1","1","12347.7861513207","12347.7861513207","0","12347.7861513207","12347.7861513207","12347.7861513207","0","12347.7861513207","12347.7861513207","12347.7861513207","12347.7861513207","0","213","1","1","12347.7861513207","12347.7861513207","0","12347.7861513207","12347.7861513207","12347.7861513207","0","12347.7861513207","12347.7861513207","12347.7861513207","12347.7861513207","0","213","1","1","12347.7861513207","12347.7861513207","0","12347.7861513207","12347.7861513207","12347.7861513207","0","12347.7861513207","12347.7861513207","12347.7861513207","12347.7861513207","0"
"214","4968","8011339060410000",{FD177EE7-A110-4322-B9C9-649CD3EB5CEF},"2.15091294915816e-06",National Capital Region (NCR),"NCR, First District, City of Manila",City of Manila - Sampaloc,Barangay 435,"130000000","133900000","133906000","133906041","1380606041",Bgy,,Highly Urbanized Cities (HUC),,U,"847","592","0.02564212",No,,"0.00598673872399622",,,ADMIN2,"1748789491000","214","2","2","634.873520513738","25007.2401288628","24372.3666083491","25642.1136493766","12821.0568246883","12821.0568246883","12186.1833041745","634.873520513738","634.873520513738","634.873520513738","25007.2401288628","24372.3666083491","214","1","1","25642.1136638829","25642.1136638829","0","25642.1136638829","25642.1136638829","25642.1136638829","0","25642.1136638829","25642.1136638829","25642.1136638829","25642.1136638829","0","214","2","2","634.873520513738","25007.2401288628","24372.3666083491","25642.1136493766","12821.0568246883","12821.0568246883","12186.1833041745","634.873520513738","634.873520513738","634.873520513738","25007.2401288628","24372.3666083491"
"215","4964","8011339060370000",{A76976D4-3FCF-4F58-AD99-931F3222FF89},"1.19924619691742e-06",National Capital Region (NCR),"NCR, First District, City of Manila",City of Manila - Sampaloc,Barangay 431,"130000000","133900000","133906000","133906037","1380606037",Bgy,,Highly Urbanized Cities (HUC),,U,"787","700","0.01429668",No,,"0.00454586715559051",,,ADMIN2,"1748789491000","215","1","1","14296.6803320125","14296.6803320125","0","14296.6803320125","14296.6803320125","14296.6803320125","0","14296.6803320125","14296.6803320125","14296.6803320125","14296.6803320125","0","215","2","2","299.893829940556","13996.7865020719","13696.8926721314","14296.6803320125","7148.34016600624","7148.34016600624","6848.44633606568","299.893829940556","299.893829940556","299.893829940556","13996.7865020719","13696.8926721314","215","1","1","14296.6803320125","14296.6803320125","0","14296.6803320125","14296.6803320125","14296.6803320125","0","14296.6803320125","14296.6803320125","14296.6803320125","14296.6803320125","0"
"216","4967","8011339060400000",{CDB0021F-ECCA-448A-9944-051FD2245FBE},"1.69739791135702e-06",National Capital Region (NCR),"NCR, First District, City of Manila",City of Manila - Sampaloc,Barangay 434,"130000000","133900000","133906000","133906040","1380606040",Bgy,,Highly Urbanized Cities (HUC),,U,"1134","1173","0.02023543",No,,"0.00575917695377175",,,ADMIN2,"1748789491000","216","2","2","448.99501120125","19786.432054606","19337.4370434048","20235.4270658073","10117.7135329036","10117.7135329036","9668.71852170239","448.99501120125","448.99501120125","448.99501120125","19786.432054606","19337.4370434048","216","3","3","32.6680755025882","19602.9708345766","19570.302759074","20235.4270614347","6745.14235381157","599.788151355548","9094.80515553385","32.6680755025882","32.6680755025882","316.228113429068","10101.3794929661","9785.151379537","216","2","2","448.99501120125","19786.432054606","19337.4370434048","20235.4270658073","10117.7135329036","10117.7135329036","9668.71852170239","448.99501120125","448.99501120125","448.99501120125","19786.432054606","19337.4370434048"
"217","4971","8011339060440000",{3D7082A8-BD3E-4AA0-9B4D-F9C8740B5BC3},"1.06343279767414e-06",National Capital Region (NCR),"NCR, First District, City of Manila",City of Manila - Sampaloc,Barangay 438,"130000000","133900000","133906000","133906044","1380606044",Bgy,,Highly Urbanized Cities (HUC),,U,"722","712","0.0126776",No,,"0.00439516427609887",,,ADMIN2,"1748789491000","217","1","1","12677.5996695161","12677.5996695161","0","12677.5996695161","12677.5996695161","12677.5996695161","0","12677.5996695161","12677.5996695161","12677.5996695161","12677.5996695161","0","217","1","1","12677.5996695161","12677.5996695161","0","12677.5996695161","12677.5996695161","12677.5996695161","0","12677.5996695161","12677.5996695161","12677.5996695161","12677.5996695161","0","217","1","1","12677.5996695161","12677.5996695161","0","12677.5996695161","12677.5996695161","12677.5996695161","0","12677.5996695161","12677.5996695161","12677.5996695161","12677.5996695161","0"
"218","4972","8011339060450000",{8380F8EC-2762-423F-B3D2-F8D7BD6FD64A},"1.50159801675676e-06",National Capital Region (NCR),"NCR, First District, City of Manila",City of Manila - Sampaloc,Barangay 439,"130000000","133900000","133906000","133906045","1380606045",Bgy,,Highly Urbanized Cities (HUC),,U,"1786","1052","0.01790119",No,,"0.00501795379605489",,,ADMIN2,"1748789491000","218","1","1","17901.1993817948","17901.1993817948","0","17901.1993817948","17901.1993817948","17901.1993817948","0","17901.1993817948","17901.1993817948","17901.1993817948","17901.1993817948","0","218","2","2","1349.05028580577","16552.1483882807","15203.0981024749","17901.1986740865","8950.59933704324","8950.59933704324","7601.54905123747","1349.05028580577","1349.05028580577","1349.05028580577","16552.1483882807","15203.0981024749","218","1","1","17901.1993817948","17901.1993817948","0","17901.1993817948","17901.1993817948","17901.1993817948","0","17901.1993817948","17901.1993817948","17901.1993817948","17901.1993817948","0"
"219","4974","8011339010440000",{8494369A-AE13-44E0-987B-7447F285E23D},"4.37326272486736e-06",National Capital Region (NCR),"NCR, First District, City of Manila",City of Manila - Tondo I / II,Barangay 44,"130000000","133900000","133901000","133901044","1380601044",Bgy,,Highly Urbanized Cities (HUC),,U,"951","800","0.05213494",No,,"0.0109573466033905",,,ADMIN2,"1748789491000","219","3","3","1280.99189952295","37450.4912539531","36169.4993544302","48382.392459393","16127.464153131","9650.90930591689","15460.0020031103","1280.99189952295","1280.99189952295","5465.95060271992","23550.700279935","18084.7496772151","219","3","3","499.803284485592","39870.5841423731","39370.7808578875","48382.3938630929","16127.464621031","8012.00643623419","17066.7335773787","499.803284485592","499.803284485592","4255.90486035989","23941.2952893037","19685.3904289438","219","3","3","1280.99189952295","37450.4912539531","36169.4993544302","48382.392459393","16127.464153131","9650.90930591689","15460.0020031103","1280.99189952295","1280.99189952295","5465.95060271992","23550.700279935","18084.7496772151"
"220","4970","8011339060430000",{3D8622CE-51B5-4CFA-8DEA-1295C0AD31AF},"1.49245368173474e-06",National Capital Region (NCR),"NCR, First District, City of Manila",City of Manila - Sampaloc,Barangay 437,"130000000","133900000","133906000","133906043","1380606043",Bgy,,Highly Urbanized Cities (HUC),,U,"1048","899","0.01779217",No,,"0.0049829303648448",,,ADMIN2,"1748789491000","220","1","1","17792.1751229279","17792.1751229279","0","17792.1751229279","17792.1751229279","17792.1751229279","0","17792.1751229279","17792.1751229279","17792.1751229279","17792.1751229279","0","220","2","2","399.861045118625","17392.3140778092","16992.4530326906","17792.1751229279","8896.08756146394","8896.08756146394","8496.22651634531","399.861045118625","399.861045118625","399.861045118625","17392.3140778092","16992.4530326906","220","1","1","17792.1751229279","17792.1751229279","0","17792.1751229279","17792.1751229279","17792.1751229279","0","17792.1751229279","17792.1751229279","17792.1751229279","17792.1751229279","0"
"221","4981","8011339060480000",{A64A6AF1-DE5E-4731-8D8B-EECC4E500DE6},"1.363807856501e-06",National Capital Region (NCR),"NCR, First District, City of Manila",City of Manila - Sampaloc,Barangay 442,"130000000","133900000","133906000","133906048","1380606048",Bgy,,Highly Urbanized Cities (HUC),,U,"874","670","0.01625826",No,,"0.00479681460243629",,,ADMIN2,"1748789491000","221","1","1","16258.2606708109","16258.2606708109","0","16258.2606708109","16258.2606708109","16258.2606708109","0","16258.2606708109","16258.2606708109","16258.2606708109","16258.2606708109","0","221","2","2","491.302316742733","15766.9593888821","15275.6570721394","16258.2617056249","8129.13085281244","8129.13085281244","7637.8285360697","491.302316742733","491.302316742733","491.302316742733","15766.9593888821","15275.6570721394","221","1","1","16258.2606708109","16258.2606708109","0","16258.2606708109","16258.2606708109","16258.2606708109","0","16258.2606708109","16258.2606708109","16258.2606708109","16258.2606708109","0"
"222","4982","8011339060490000",{172DF2AD-180E-4127-BA28-CB3EE5DB98C0},"1.34886412651439e-06",National Capital Region (NCR),"NCR, First District, City of Manila",City of Manila - Sampaloc,Barangay 443,"130000000","133900000","133906000","133906049","1380606049",Bgy,,Highly Urbanized Cities (HUC),,U,"1471","1382","0.01608019",No,,"0.00476015578605267",,,ADMIN2,"1748789491000","222","2","2","25.1360974991112","16055.0510834912","16029.9149859921","16080.1871809904","8040.09359049518","8040.09359049518","8014.95749299607","25.1360974991112","25.1360974991112","25.1360974991112","16055.0510834912","16029.9149859921","222","2","2","1004.25982967002","15075.9270234315","14071.6671937614","16080.1868531015","8040.09342655074","8040.09342655074","7035.83359688072","1004.25982967002","1004.25982967002","1004.25982967002","15075.9270234315","14071.6671937614","222","2","2","25.1360974991112","16055.0510834912","16029.9149859921","16080.1871809904","8040.09359049518","8040.09359049518","8014.95749299607","25.1360974991112","25.1360974991112","25.1360974991112","16055.0510834912","16029.9149859921"
"223","4983","8011339060500000",{1F0579C4-F721-4700-8EB6-64B212CC1AF5},"1.35632566110934e-06",National Capital Region (NCR),"NCR, First District, City of Manila",City of Manila - Sampaloc,Barangay 444,"130000000","133900000","133906000","133906050","1380606050",Bgy,,Highly Urbanized Cities (HUC),,U,"1016","941","0.01616921",No,,"0.00478435802657117",,,ADMIN2,"1748789491000","223","2","2","8.27560892005567","16160.9400203991","16152.6644114791","16169.2156293192","8084.6078146596","8084.6078146596","8076.33220573954","8.27560892005567","8.27560892005567","8.27560892005567","16160.9400203991","16152.6644114791","223","3","3","8.27587038425554","15608.9564697859","15600.6805994016","16169.2165704635","5389.73885682115","551.984230293347","7229.48643454959","8.27587038425554","8.27587038425554","280.130050338801","8080.4703500396","7800.3402997008","223","2","2","8.27560892005567","16160.9400203991","16152.6644114791","16169.2156293192","8084.6078146596","8084.6078146596","8076.33220573954","8.27560892005567","8.27560892005567","8.27560892005567","16160.9400203991","16152.6644114791"
"224","4984","8011339060510000",{9F6BA98A-9919-4BF6-B018-88243CA0D97C},"1.07188574387879e-06",National Capital Region (NCR),"NCR, First District, City of Manila",City of Manila - Sampaloc,Barangay 445,"130000000","133900000","133906000","133906051","1380606051",Bgy,,Highly Urbanized Cities (HUC),,U,"891","931","0.01277834",No,,"0.00440128571239517",,,ADMIN2,"1748789491000","224","1","1","12778.3413526565","12778.3413526565","0","12778.3413526565","12778.3413526565","12778.3413526565","0","12778.3413526565","12778.3413526565","12778.3413526565","12778.3413526565","0","224","1","1","12778.3413526565","12778.3413526565","0","12778.3413526565","12778.3413526565","12778.3413526565","0","12778.3413526565","12778.3413526565","12778.3413526565","12778.3413526565","0","224","1","1","12778.3413526565","12778.3413526565","0","12778.3413526565","12778.3413526565","12778.3413526565","0","12778.3413526565","12778.3413526565","12778.3413526565","12778.3413526565","0"
"225","4985","8011339060520000",{E236DEDD-1EF7-4C6B-86A7-BF7F4E87B34A},"1.1829725976257e-06",National Capital Region (NCR),"NCR, First District, City of Manila",City of Manila - Sampaloc,Barangay 446,"130000000","133900000","133906000","133906052","1380606052",Bgy,,Highly Urbanized Cities (HUC),,U,"798","1002","0.01410268",No,,"0.0044438466190884",,,ADMIN2,"1748789491000","225","2","2","0.240248863668967","14102.4437616138","14102.2035127502","14102.6840104775","7051.34200523875","7051.34200523875","7051.10175637508","0.240248863668967","0.240248863668967","0.240248863668967","14102.4437616138","14102.2035127502","225","3","3","0.240331021594102","13573.2233302005","13572.9829991789","14102.6847769695","4700.89492565652","529.221115747423","6277.39933710403","0.240331021594102","0.240331021594102","264.730723384509","7051.22222297398","6786.49149958947","225","2","2","0.240248863668967","14102.4437616138","14102.2035127502","14102.6840104775","7051.34200523875","7051.34200523875","7051.10175637508","0.240248863668967","0.240248863668967","0.240248863668967","14102.4437616138","14102.2035127502"
"226","4986","8011339060530000",{52BADF9D-768B-47A7-942E-C353188738CD},"1.09284962866632e-06",National Capital Region (NCR),"NCR, First District, City of Manila",City of Manila - Sampaloc,Barangay 447,"130000000","133900000","133906000","133906053","1380606053",Bgy,,Highly Urbanized Cities (HUC),,U,"1591","1454","0.01302817",No,,"0.00444342615062093",,,ADMIN2,"1748789491000","226","1","1","13028.1649162099","13028.1649162099","0","13028.1649162099","13028.1649162099","13028.1649162099","0","13028.1649162099","13028.1649162099","13028.1649162099","13028.1649162099","0","226","1","1","13028.1649162099","13028.1649162099","0","13028.1649162099","13028.1649162099","13028.1649162099","0","13028.1649162099","13028.1649162099","13028.1649162099","13028.1649162099","0","226","1","1","13028.1649162099","13028.1649162099","0","13028.1649162099","13028.1649162099","13028.1649162099","0","13028.1649162099","13028.1649162099","13028.1649162099","13028.1649162099","0"
"227","4987","8011339060540000",{5E03FCC2-9AC1-45FF-8B36-E794095924C3},"1.53860599591236e-06",National Capital Region (NCR),"NCR, First District, City of Manila",City of Manila - Sampaloc,Barangay 448,"130000000","133900000","133906000","133906054","1380606054",Bgy,,Highly Urbanized Cities (HUC),,U,"1229","1375","0.01834225",No,,"0.00516438144038886",,,ADMIN2,"1748789491000","227","1","1","18342.2607096341","18342.2607096341","0","18342.2607096341","18342.2607096341","18342.2607096341","0","18342.2607096341","18342.2607096341","18342.2607096341","18342.2607096341","0","227","2","2","1019.32081629237","17322.9399342863","16303.619117994","18342.2607505787","9171.13037528936","9171.13037528936","8151.80955899699","1019.32081629237","1019.32081629237","1019.32081629237","17322.9399342863","16303.619117994","227","1","1","18342.2607096341","18342.2607096341","0","18342.2607096341","18342.2607096341","18342.2607096341","0","18342.2607096341","18342.2607096341","18342.2607096341","18342.2607096341","0"
"228","4988","8011339060550000",{22951359-D1AA-406D-B0ED-F56DFEC153D0},"1.38958814721907e-06",National Capital Region (NCR),"NCR, First District, City of Manila",City of Manila - Sampaloc,Barangay 449,"130000000","133900000","133906000","133906055","1380606055",Bgy,,Highly Urbanized Cities (HUC),,U,"1562","1402","0.01656571",No,,"0.00474029773186515",,,ADMIN2,"1748789491000","228","2","2","98.2677994997789","16467.4495334414","16369.1817339416","16565.7173329411","8282.85866647057","8282.85866647057","8184.59086697079","98.2677994997789","98.2677994997789","98.2677994997789","16467.4495334414","16369.1817339416","228","1","1","16565.7178255226","16565.7178255226","0","16565.7178255226","16565.7178255226","16565.7178255226","0","16565.7178255226","16565.7178255226","16565.7178255226","16565.7178255226","0","228","2","2","98.2677994997789","16467.4495334414","16369.1817339416","16565.7173329411","8282.85866647057","8282.85866647057","8184.59086697079","98.2677994997789","98.2677994997789","98.2677994997789","16467.4495334414","16369.1817339416"
"229","4990","8011339010450000",{704A0F42-B70D-45CD-864C-7471DEDA8A7E},"1.48033188206885e-06",National Capital Region (NCR),"NCR, First District, City of Manila",City of Manila - Tondo I / II,Barangay 45,"130000000","133900000","133901000","133901045","1380601045",Bgy,,Highly Urbanized Cities (HUC),,U,"2329","2264","0.01764752",No,,"0.00531434310731999",,,ADMIN2,"1748789491000","229","2","2","7874.26064031541","9773.2546225895","1898.99398227409","17647.5152629049","8823.75763145245","8823.75763145245","949.496991137046","7874.26064031541","7874.26064031541","7874.26064031541","9773.2546225895","1898.99398227409","229","2","2","4448.62391399936","13198.8885155281","8750.26460152878","17647.5124295275","8823.75621476375","8823.75621476375","4375.13230076439","4448.62391399936","4448.62391399936","4448.62391399936","13198.8885155281","8750.26460152878","229","2","2","7874.26064031541","9773.2546225895","1898.99398227409","17647.5152629049","8823.75763145245","8823.75763145245","949.496991137046","7874.26064031541","7874.26064031541","7874.26064031541","9773.2546225895","1898.99398227409"
"230","4980","8011339060470000",{A6483239-7F80-4962-ADCC-7F3C761734F8},"1.07158041028137e-06",National Capital Region (NCR),"NCR, First District, City of Manila",City of Manila - Sampaloc,Barangay 441,"130000000","133900000","133906000","133906047","1380606047",Bgy,,Highly Urbanized Cities (HUC),,U,"944","856","0.01277458",No,,"0.00440563488607316",,,ADMIN2,"1748789491000","230","1","1","12774.5805893615","12774.5805893615","0","12774.5805893615","12774.5805893615","12774.5805893615","0","12774.5805893615","12774.5805893615","12774.5805893615","12774.5805893615","0","230","1","1","12774.5805893615","12774.5805893615","0","12774.5805893615","12774.5805893615","12774.5805893615","0","12774.5805893615","12774.5805893615","12774.5805893615","12774.5805893615","0","230","1","1","12774.5805893615","12774.5805893615","0","12774.5805893615","12774.5805893615","12774.5805893615","0","12774.5805893615","12774.5805893615","12774.5805893615","12774.5805893615","0"
"231","5006","8011339010460000",{F19DEE7B-F471-4D70-86F9-AB4D0D4F69DB},"1.37082376217058e-06",National Capital Region (NCR),"NCR, First District, City of Manila",City of Manila - Tondo I / II,Barangay 46,"130000000","133900000","133901000","133901046","1380601046",Bgy,,Highly Urbanized Cities (HUC),,U,"1914","2088","0.01634197",No,,"0.00514045651989314",,,ADMIN2,"1748789491000","231","3","3","499.805010116572","9853.30780677774","9353.50279666117","16341.9685706971","5447.32285689904","5988.8557538028","3837.70305005558","499.805010116572","499.805010116572","3244.33038195968","7921.08178029027","4676.75139833058","231","3","3","199.922008689027","8223.14641895164","8023.22441026262","16341.9669471285","5447.32231570951","7918.89851948784","3712.55071190244","199.922008689027","199.922008689027","4059.41026408844","8071.02246921974","4011.61220513131","231","3","3","499.805010116572","9853.30780677774","9353.50279666117","16341.9685706971","5447.32285689904","5988.8557538028","3837.70305005558","499.805010116572","499.805010116572","3244.33038195968","7921.08178029027","4676.75139833058"
"232","5010","8011339060660000",{F9BCC67B-CEB2-40E3-ADBC-47F9750A4855},"2.85682190828986e-06",National Capital Region (NCR),"NCR, First District, City of Manila",City of Manila - Sampaloc,Barangay 460,"130000000","133900000","133906000","133906066","1380606066",Bgy,,Highly Urbanized Cities (HUC),,U,"925","789","0.03405703",No,,"0.00829580693680794",,,ADMIN2,"1748789491000","232","2","2","944.158592754393","33112.8763630016","32168.7177702473","34057.034955756","17028.517477878","17028.517477878","16084.3588851236","944.158592754393","944.158592754393","944.158592754393","33112.8763630016","32168.7177702473","232","2","2","739.549883389496","33317.4846893717","32577.9348059822","34057.0345727612","17028.5172863806","17028.5172863806","16288.9674029911","739.549883389496","739.549883389496","739.549883389496","33317.4846893717","32577.9348059822","232","2","2","944.158592754393","33112.8763630016","32168.7177702473","34057.034955756","17028.517477878","17028.517477878","16084.3588851236","944.158592754393","944.158592754393","944.158592754393","33112.8763630016","32168.7177702473"
"233","5011","8011339060670000",{939FF1A0-15FC-4F8E-82ED-1F5FCDFF7FAC},"1.85709051892562e-06",National Capital Region (NCR),"NCR, First District, City of Manila",City of Manila - Sampaloc,Barangay 461,"130000000","133900000","133906000","133906067","1380606067",Bgy,,Highly Urbanized Cities (HUC),,U,"912","863","0.02213892",No,,"0.00850278885025589",,,ADMIN2,"1748789491000","233","2","2","875.790526894234","21263.1276827489","20387.3371558546","22138.9182096431","11069.4591048216","11069.4591048216","10193.6685779273","875.790526894234","875.790526894234","875.790526894234","21263.1276827489","20387.3371558546","233","2","2","380.69589652741","21758.2220812707","21377.5261847433","22138.9179777981","11069.4589888991","11069.4589888991","10688.7630923717","380.69589652741","380.69589652741","380.69589652741","21758.2220812707","21377.5261847433","233","2","2","875.790526894234","21263.1276827489","20387.3371558546","22138.9182096431","11069.4591048216","11069.4591048216","10193.6685779273","875.790526894234","875.790526894234","875.790526894234","21263.1276827489","20387.3371558546"
"234","5012","8011339060680000",{3A47ED45-E792-4389-B80F-6E6B9A215198},"2.05835819182667e-06",National Capital Region (NCR),"NCR, First District, City of Manila",City of Manila - Sampaloc,Barangay 462,"130000000","133900000","133906000","133906068","1380606068",Bgy,,Highly Urbanized Cities (HUC),,U,"734","1528","0.02453858",No,,"0.00563997199114368",,,ADMIN2,"1748789491000","234","2","2","589.013051413858","23949.5884260613","23360.5753746475","24538.6014774752","12269.3007387376","12269.3007387376","11680.2876873237","589.013051413858","589.013051413858","589.013051413858","23949.5884260613","23360.5753746475","234","2","2","1337.57958257868","23201.0214589902","21863.4418764115","24538.6010415689","12269.3005207844","12269.3005207844","10931.7209382058","1337.57958257868","1337.57958257868","1337.57958257868","23201.0214589902","21863.4418764115","234","2","2","589.013051413858","23949.5884260613","23360.5753746475","24538.6014774752","12269.3007387376","12269.3007387376","11680.2876873237","589.013051413858","589.013051413858","589.013051413858","23949.5884260613","23360.5753746475"
"235","5013","8011339060690000",{6E344ADB-FBD3-4E03-BAC9-B76012D66C29},"1.11486392157741e-06",National Capital Region (NCR),"NCR, First District, City of Manila",City of Manila - Sampaloc,Barangay 463,"130000000","133900000","133906000","133906069","1380606069",Bgy,,Highly Urbanized Cities (HUC),,U,"422","830","0.0132907",No,,"0.00439041599762831",,,ADMIN2,"1748789491000","235","1","1","13290.7147841929","13290.7147841929","0","13290.7147841929","13290.7147841929","13290.7147841929","0","13290.7147841929","13290.7147841929","13290.7147841929","13290.7147841929","0","235","1","1","13290.7147841929","13290.7147841929","0","13290.7147841929","13290.7147841929","13290.7147841929","0","13290.7147841929","13290.7147841929","13290.7147841929","13290.7147841929","0","235","1","1","13290.7147841929","13290.7147841929","0","13290.7147841929","13290.7147841929","13290.7147841929","0","13290.7147841929","13290.7147841929","13290.7147841929","13290.7147841929","0"
"236","5014","8011339060700000",{2EC59368-39D8-4129-969B-406B9432DBDD},"2.02077998159796e-06",National Capital Region (NCR),"NCR, First District, City of Manila",City of Manila - Sampaloc,Barangay 464,"130000000","133900000","133906000","133906070","1380606070",Bgy,,Highly Urbanized Cities (HUC),,U,"4242","2954","0.0240906",No,,"0.00760534370351612",,,ADMIN2,"1748789491000","236","3","3","1821.38953775515","20406.0603558742","18584.6708181191","24090.6060962386","8030.20203207954","1863.15620260923","8751.06995559409","1821.38953775515","1821.38953775515","1842.27287018219","11134.6082792417","9292.33540905955","236","4","4","998.251634679269","13130.1838661188","12131.9322314396","24090.6058829646","6022.65147074116","4981.08519108326","5078.09448800026","998.251634679269","998.251634679269","1214.25143994111","10831.0515015412","9616.80006160009","236","3","3","1821.38953775515","20406.0603558742","18584.6708181191","24090.6060962386","8030.20203207954","1863.15620260923","8751.06995559409","1821.38953775515","1821.38953775515","1842.27287018219","11134.6082792417","9292.33540905955"
"237","5004","8011339060650000",{CE30921E-6C85-4281-A354-0A91DDB65A4F},"1.72000182477067e-06",National Capital Region (NCR),"NCR, First District, City of Manila",City of Manila - Sampaloc,Barangay 459,"130000000","133900000","133906000","133906065","1380606065",Bgy,,Highly Urbanized Cities (HUC),,U,"615","752","0.02050474",No,,"0.00532629830657592",,,ADMIN2,"1748789491000","237","2","2","1126.95550047366","19377.7858895416","18250.8303890679","20504.7413900152","10252.3706950076","10252.3706950076","9125.41519453395","1126.95550047366","1126.95550047366","1126.95550047366","19377.7858895416","18250.8303890679","237","2","2","20.8158918923582","20483.926493754","20463.1106018616","20504.7423856463","10252.3711928232","10252.3711928232","10231.5553009308","20.8158918923582","20.8158918923582","20.8158918923582","20483.926493754","20463.1106018616","237","2","2","1126.95550047366","19377.7858895416","18250.8303890679","20504.7413900152","10252.3706950076","10252.3706950076","9125.41519453395","1126.95550047366","1126.95550047366","1126.95550047366","19377.7858895416","18250.8303890679"
"238","5028","8011339060770000",{EA648A41-42B4-431D-A4CB-DB952547291A},"3.01382369095196e-06",National Capital Region (NCR),"NCR, First District, City of Manila",City of Manila - Sampaloc,Barangay 471,"130000000","133900000","133906000","133906077","1380606077",Bgy,,Highly Urbanized Cities (HUC),,U,"1016","1415","0.03592823",No,,"0.00772213400489205",,,ADMIN2,"1748789491000","238","3","3","99.9636613998155","35628.3483584018","35528.384697002","35928.239501964","11976.079833988","199.92748216234","16724.7292545021","99.9636613998155","99.9636613998155","149.945571781078","17914.1379202821","17764.192348501","238","3","3","99.9637470248563","35062.8320182733","34962.8682712485","35928.2396006168","11976.0798668723","765.443835318591","16327.0595354694","99.9637470248563","99.9637470248563","432.703791171723","17914.137926796","17481.4341356242","238","3","3","99.9636613998155","35628.3483584018","35528.384697002","35928.239501964","11976.079833988","199.92748216234","16724.7292545021","99.9636613998155","99.9636613998155","149.945571781078","17914.1379202821","17764.192348501"
"239","5029","8011339060780000",{0A8B786A-8A12-40AB-A1E9-F7D45B16C53C},"1.37669242522089e-06",National Capital Region (NCR),"NCR, First District, City of Manila",City of Manila - Sampaloc,Barangay 472,"130000000","133900000","133906000","133906078","1380606078",Bgy,,Highly Urbanized Cities (HUC),,U,"1179","1122","0.01641154",No,,"0.00481317399786152",,,ADMIN2,"1748789491000","239","3","3","199.929012519075","13673.3769417844","13473.4479292653","16411.5400161796","5470.51333872655","2538.23406187616","5878.33004028303","199.929012519075","199.929012519075","1369.08153719762","8105.80550183028","6736.72396463267","239","3","3","899.68068803518","13571.6456472475","12671.9649592123","16411.5398692824","5470.5132897608","1940.21353399976","5744.09472159717","899.68068803518","899.68068803518","1419.94711101747","7755.92959062361","6335.98247960614","239","3","3","199.929012519075","13673.3769417844","13473.4479292653","16411.5400161796","5470.51333872655","2538.23406187616","5878.33004028303","199.929012519075","199.929012519075","1369.08153719762","8105.80550183028","6736.72396463267"
"240","5030","8011339060790000",{ACE0C2FD-C517-44F6-970D-CA7FE3687515},"1.4641627129874e-06",National Capital Region (NCR),"NCR, First District, City of Manila",City of Manila - Sampaloc,Barangay 473,"130000000","133900000","133906000","133906079","1380606079",Bgy,,Highly Urbanized Cities (HUC),,U,"1498","1383","0.01745436",No,,"0.00499865113107048",,,ADMIN2,"1748789491000","240","1","1","17454.3579164743","17454.3579164743","0","17454.3579164743","17454.3579164743","17454.3579164743","0","17454.3579164743","17454.3579164743","17454.3579164743","17454.3579164743","0","240","1","1","17454.3579164743","17454.3579164743","0","17454.3579164743","17454.3579164743","17454.3579164743","0","17454.3579164743","17454.3579164743","17454.3579164743","17454.3579164743","0","240","1","1","17454.3579164743","17454.3579164743","0","17454.3579164743","17454.3579164743","17454.3579164743","0","17454.3579164743","17454.3579164743","17454.3579164743","17454.3579164743","0"
"241","5031","8011339060800000",{437C523C-B33A-4A78-8708-AFB46EEC4195},"2.11943131341031e-06",National Capital Region (NCR),"NCR, First District, City of Manila",City of Manila - Sampaloc,Barangay 474,"130000000","133900000","133906000","133906080","1380606080",Bgy,,Highly Urbanized Cities (HUC),,U,"1652","1655","0.02526563",No,,"0.00582652044156193",,,ADMIN2,"1748789491000","241","1","1","25265.6265590228","25265.6265590228","0","25265.6265590228","25265.6265590228","25265.6265590228","0","25265.6265590228","25265.6265590228","25265.6265590228","25265.6265590228","0","241","2","2","117.677864095444","25147.9477230289","25030.2698589335","25265.6255871244","12632.8127935622","12632.8127935622","12515.1349294667","117.677864095444","117.677864095444","117.677864095444","25147.9477230289","25030.2698589335","241","1","1","25265.6265590228","25265.6265590228","0","25265.6265590228","25265.6265590228","25265.6265590228","0","25265.6265590228","25265.6265590228","25265.6265590228","25265.6265590228","0"
"242","5032","8011339060810000",{21E02DD6-BCDC-4409-BFE7-58599A0B69D4},"2.17485340181878e-06",National Capital Region (NCR),"NCR, First District, City of Manila",City of Manila - Sampaloc,Barangay 475,"130000000","133900000","133906000","133906081","1380606081",Bgy,,Highly Urbanized Cities (HUC),,U,"1892","1664","0.02592654",No,,"0.00748372231325085",,,ADMIN2,"1748789491000","242","2","2","2698.37647158344","23228.0590892794","20529.6826176959","25926.4355608628","12963.2177804314","12963.2177804314","10264.841308848","2698.37647158344","2698.37647158344","2698.37647158344","23228.0590892794","20529.6826176959","242","3","3","299.893552515568","23927.1445172184","23627.2509647028","25926.4356330242","8642.14521100807","1699.39756329023","10823.2175041184","299.893552515568","299.893552515568","999.645557902899","12813.2710402543","11813.6254823514","242","2","2","2698.37647158344","23228.0590892794","20529.6826176959","25926.4355608628","12963.2177804314","12963.2177804314","10264.841308848","2698.37647158344","2698.37647158344","2698.37647158344","23228.0590892794","20529.6826176959"
"243","5033","8011339060820000",{893E0835-2AA7-4B1B-BE38-3BE99BEE6F34},"2.79739364264527e-06",National Capital Region (NCR),"NCR, First District, City of Manila",City of Manila - Sampaloc,Barangay 476,"130000000","133900000","133906000","133906082","1380606082",Bgy,,Highly Urbanized Cities (HUC),,U,"1145","1268","0.03334796",No,,"0.00788557826947085",,,ADMIN2,"1748789491000","243","2","2","311.763039107071","33036.1960977599","32724.4330586528","33347.959136867","16673.9795684335","16673.9795684335","16362.2165293264","311.763039107071","311.763039107071","311.763039107071","33036.1960977599","32724.4330586528","243","2","2","208.283958183136","33139.671177641","32931.3872194579","33347.9551358242","16673.9775679121","16673.9775679121","16465.6936097289","208.283958183136","208.283958183136","208.283958183136","33139.671177641","32931.3872194579","243","2","2","311.763039107071","33036.1960977599","32724.4330586528","33347.959136867","16673.9795684335","16673.9795684335","16362.2165293264","311.763039107071","311.763039107071","311.763039107071","33036.1960977599","32724.4330586528"
"244","5027","8011339060760000",{D117E289-775B-4FB9-8A53-FC6769C600E5},"2.29328332358073e-05",National Capital Region (NCR),"NCR, First District, City of Manila",City of Manila - Sampaloc,Barangay 470,"130000000","133900000","133906000","133906076","1380606076",Bgy,,Highly Urbanized Cities (HUC),,U,"590","2260","0.27338703",No,,"0.0208278359473164",,,ADMIN2,"1748789491000","244","4","4","599.78337912212","258886.427877071","258286.644497949","273387.032108047","68346.7580270117","6950.41042592694","110113.788648009","599.78337912212","599.78337912212","899.674245418617","135793.841808605","134894.167563186","244","4","4","399.855008191837","263256.414281612","262856.559273421","273387.032223447","68346.7580558616","4865.38146682112","112571.071954676","399.855008191837","399.855008191837","949.656079213411","135743.86003251","134794.203953296","244","4","4","599.78337912212","258886.427877071","258286.644497949","273387.032108047","68346.7580270117","6950.41042592694","110113.788648009","599.78337912212","599.78337912212","899.674245418617","135793.841808605","134894.167563186"
"245","5038","8011339010480000",{0DF3FA56-5061-4769-8361-352A712D294F},"1.41681638951599e-06",National Capital Region (NCR),"NCR, First District, City of Manila",City of Manila - Tondo I / II,Barangay 48,"130000000","133900000","133901000","133901048","1380601048",Bgy,,Highly Urbanized Cities (HUC),,U,"4174","4070","0.01689029",No,,"0.00522957199481316",,,ADMIN2,"1748789491000","245","3","3","2.09382409902173","15389.4643910324","15387.3705669333","16890.289258137","5630.096419379","1498.7310430056","6927.91109189749","2.09382409902173","2.09382409902173","750.412433552312","8444.09771701898","7693.68528346667","245","4","4","2.09382900491619","14592.8275979574","14590.7337689525","16890.2894681827","4222.57236704566","1147.68402061018","6014.03378197483","2.09382900491619","2.09382900491619","348.531907980622","8096.61282611071","7748.08091813008","245","3","3","2.09382409902173","15389.4643910324","15387.3705669333","16890.289258137","5630.096419379","1498.7310430056","6927.91109189749","2.09382409902173","2.09382409902173","750.412433552312","8444.09771701898","7693.68528346667"
"246","5047","8011339060880000",{16D4B7AC-8D85-4F9E-9DE6-854B12369A26},"1.37211597140114e-06",National Capital Region (NCR),"NCR, First District, City of Manila",City of Manila - Sampaloc,Barangay 482,"130000000","133900000","133906000","133906088","1380606088",Bgy,,Highly Urbanized Cities (HUC),,U,"874","701","0.01635675",No,,"0.00474045390880254",,,ADMIN2,"1748789491000","246","1","1","16356.759522737","16356.759522737","0","16356.759522737","16356.759522737","16356.759522737","0","16356.759522737","16356.759522737","16356.759522737","16356.759522737","0","246","2","2","182.114458223586","16174.6459946289","15992.5315364053","16356.7604528525","8178.38022642626","8178.38022642626","7996.26576820267","182.114458223586","182.114458223586","182.114458223586","16174.6459946289","15992.5315364053","246","1","1","16356.759522737","16356.759522737","0","16356.759522737","16356.759522737","16356.759522737","0","16356.759522737","16356.759522737","16356.759522737","16356.759522737","0"
"247","5048","8011339060890000",{D749CDDF-9B13-4DAE-9022-FC39282B8A37},"1.92984278819807e-06",National Capital Region (NCR),"NCR, First District, City of Manila",City of Manila - Sampaloc,Barangay 483,"130000000","133900000","133906000","133906089","1380606089",Bgy,,Highly Urbanized Cities (HUC),,U,"1571","1369","0.02300522",No,,"0.00556067606989519",,,ADMIN2,"1748789491000","247","1","1","23005.2204549052","23005.2204549052","0","23005.2204549052","23005.2204549052","23005.2204549052","0","23005.2204549052","23005.2204549052","23005.2204549052","23005.2204549052","0","247","2","2","2852.96953651263","20152.2511891452","17299.2816526326","23005.2207256578","11502.6103628289","11502.6103628289","8649.64082631628","2852.96953651263","2852.96953651263","2852.96953651263","20152.2511891452","17299.2816526326","247","1","1","23005.2204549052","23005.2204549052","0","23005.2204549052","23005.2204549052","23005.2204549052","0","23005.2204549052","23005.2204549052","23005.2204549052","23005.2204549052","0"
"248","5046","8011339060870000",{2399269A-7EB3-41AC-B363-E688DE53A44F},"1.57305996572421e-06",National Capital Region (NCR),"NCR, First District, City of Manila",City of Manila - Sampaloc,Barangay 481,"130000000","133900000","133906000","133906087","1380606087",Bgy,,Highly Urbanized Cities (HUC),,U,"306","1004","0.01875256",No,,"0.00508717238842959",,,ADMIN2,"1748789491000","248","2","2","699.748853140656","18052.8082815808","17353.0594284401","18752.5571347214","9376.27856736071","9376.27856736071","8676.52971422006","699.748853140656","699.748853140656","699.748853140656","18052.8082815808","17353.0594284401","248","3","3","699.748852175602","15820.0703990476","15120.321546872","18752.5583468529","6250.8527822843","2232.73909562964","6795.33953624894","699.748852175602","699.748852175602","1466.24397390262","9026.40474733865","7560.16077343602","248","2","2","699.748853140656","18052.8082815808","17353.0594284401","18752.5571347214","9376.27856736071","9376.27856736071","8676.52971422006","699.748853140656","699.748853140656","699.748853140656","18052.8082815808","17353.0594284401"
"249","5062","8011339060970000",{628A5CB4-B351-45B6-9122-07D979035367},"1.83979276178447e-06",National Capital Region (NCR),"NCR, First District, City of Manila",City of Manila - Sampaloc,Barangay 491,"130000000","133900000","133906000","133906097","1380606097",Bgy,,Highly Urbanized Cities (HUC),,U,"905","813","0.021932",No,,"0.00595743047017639",,,ADMIN2,"1748789491000","249","2","2","57.3862127032944","21874.6211643926","21817.2349516893","21932.0073770959","10966.0036885479","10966.0036885479","10908.6174758446","57.3862127032944","57.3862127032944","57.3862127032944","21874.6211643926","21817.2349516893","249","1","1","21932.0065660741","21932.0065660741","0","21932.0065660741","21932.0065660741","21932.0065660741","0","21932.0065660741","21932.0065660741","21932.0065660741","21932.0065660741","0","249","2","2","57.3862127032944","21874.6211643926","21817.2349516893","21932.0073770959","10966.0036885479","10966.0036885479","10908.6174758446","57.3862127032944","57.3862127032944","57.3862127032944","21874.6211643926","21817.2349516893"
"250","5063","8011339060980000",{124630CB-ECE3-44AD-A9DC-4D7F96659D0F},"2.53175892716215e-06",National Capital Region (NCR),"NCR, First District, City of Manila",City of Manila - Sampaloc,Barangay 492,"130000000","133900000","133906000","133906098","1380606098",Bgy,,Highly Urbanized Cities (HUC),,U,"1110","1107","0.03017976",No,,"0.00655667911068844",,,ADMIN2,"1748789491000","250","3","3","3489.18360326973","20889.9626154261","17400.7790121564","30179.7641105746","10059.9213701915","5800.6178918788","7715.91546297869","3489.18360326973","3489.18360326973","4644.90074757427","13345.2902536524","8700.38950607818","250","3","3","4574.34501640484","13760.4920553362","9186.1470389314","30179.7686051539","10059.9228683847","11844.9315334129","3956.93621428553","4574.34501640484","4574.34501640484","8209.63827490885","12802.7117943746","4593.0735194657","250","3","3","3489.18360326973","20889.9626154261","17400.7790121564","30179.7641105746","10059.9213701915","5800.6178918788","7715.91546297869","3489.18360326973","3489.18360326973","4644.90074757427","13345.2902536524","8700.38950607818"
"251","5064","8011339060990000",{0BD3FCB7-CC4A-426C-95FB-84C91A09E2FE},"1.6546252466899e-06",National Capital Region (NCR),"NCR, First District, City of Manila",City of Manila - Sampaloc,Barangay 493,"130000000","133900000","133906000","133906099","1380606099",Bgy,,Highly Urbanized Cities (HUC),,U,"1077","1170","0.01972382",No,,"0.00624763061267874",,,ADMIN2,"1748789491000","251","3","3","853.134500658535","16833.557500927","15980.4230002685","19723.823913072","6574.60797102401","2037.13191148645","7270.25889314518","853.134500658535","853.134500658535","1445.13320607249","9435.34470620674","7990.21150013425","251","3","3","1600.17298667799","10492.823286977","8892.65030029897","19723.8232673767","6574.60775579223","7630.82699372172","3706.43644217112","1600.17298667799","1600.17298667799","4615.49999019985","9061.82514034934","4446.32515014949","251","3","3","853.134500658535","16833.557500927","15980.4230002685","19723.823913072","6574.60797102401","2037.13191148645","7270.25889314518","853.134500658535","853.134500658535","1445.13320607249","9435.34470620674","7990.21150013425"
"252","5065","8011339061000000",{39510394-48EC-4885-8942-ED7630B6051D},"3.67219275479014e-06",National Capital Region (NCR),"NCR, First District, City of Manila",City of Manila - Sampaloc,Barangay 494,"130000000","133900000","133906000","133906100","1380606100",Bgy,,Highly Urbanized Cities (HUC),,U,"1967","2318","0.04377463",No,,"0.00795805604770432",,,ADMIN2,"1748789491000","252","3","3","1891.46209411696","35257.8197803938","33366.3576862769","43774.627583385","14591.542527795","6625.34570887425","14740.5037256868","1891.46209411696","1891.46209411696","4258.40390149561","20941.582744634","16683.1788431384","252","3","3","6738.73788341172","25982.5448235165","19243.8069401048","43774.623096568","14591.5410321893","11053.3403896398","8245.00552767995","6738.73788341172","6738.73788341172","8896.03913652576","18517.9426065781","9621.90347005238","252","3","3","1891.46209411696","35257.8197803938","33366.3576862769","43774.627583385","14591.542527795","6625.34570887425","14740.5037256868","1891.46209411696","1891.46209411696","4258.40390149561","20941.582744634","16683.1788431384"
"253","5061","8011339060960000",{8E0FE7B2-FF6C-467B-997C-AD7FE486B535},"1.8320106131578e-06",National Capital Region (NCR),"NCR, First District, City of Manila",City of Manila - Sampaloc,Barangay 490,"130000000","133900000","133906000","133906096","1380606096",Bgy,,Highly Urbanized Cities (HUC),,U,"357","471","0.0218394",No,,"0.0069055718438561",,,ADMIN2,"1748789491000","253","3","3","499.819943784038","20040.0477017909","19540.2277580069","21839.3992033777","7279.79973445922","1299.53155780269","9028.7625880569","499.819943784038","499.819943784038","899.675750793365","10669.7896297968","9770.11387900345","253","4","4","299.891903896234","17740.8758508808","17440.9839469845","21839.399203195","5459.84980079875","1899.31572420901","7170.80014400989","299.891903896234","299.891903896234","499.819825893515","10419.879775704","9920.05994981047","253","3","3","499.819943784038","20040.0477017909","19540.2277580069","21839.3992033777","7279.79973445922","1299.53155780269","9028.7625880569","499.819943784038","499.819943784038","899.675750793365","10669.7896297968","9770.11387900345"
"254","5069","8011339061040000",{C4B383C6-1140-4CB2-8F53-EDD58A4C9A1B},"1.82860836483645e-06",National Capital Region (NCR),"NCR, First District, City of Manila",City of Manila - Sampaloc,Barangay 498,"130000000","133900000","133906000","133906104","1380606104",Bgy,,Highly Urbanized Cities (HUC),,U,"1291","1033","0.02179819",No,,"0.00542139315247956",,,ADMIN2,"1748789491000","254","3","3","499.821677750471","12148.1207266814","11648.2990489309","21798.1953068082","7266.06510226939","9150.25290237629","4938.51127587286","499.821677750471","499.821677750471","4825.03729006338","10649.1868145288","5824.14952446547","254","3","3","1613.31814839521","12620.556374907","11007.2382265118","21798.1959136539","7266.06530455129","7564.32139035161","4498.63244874362","1613.31814839521","1613.31814839521","4588.81976937341","10092.4388826293","5503.61911325592","254","3","3","499.821677750471","12148.1207266814","11648.2990489309","21798.1953068082","7266.06510226939","9150.25290237629","4938.51127587286","499.821677750471","499.821677750471","4825.03729006338","10649.1868145288","5824.14952446547"
"255","5070","8011339061050000",{8D404DE7-08AE-450B-A6FB-0A2E1BBBE92F},"1.79659678875686e-06",National Capital Region (NCR),"NCR, First District, City of Manila",City of Manila - Sampaloc,Barangay 499,"130000000","133900000","133906000","133906105","1380606105",Bgy,,Highly Urbanized Cities (HUC),,U,"1551","1498","0.02141674",No,,"0.00538487308256798",,,ADMIN2,"1748789491000","255","2","2","792.58571982033","20624.15990944","19831.5741896197","21416.7456292603","10708.3728146302","10708.3728146302","9915.78709480983","792.58571982033","792.58571982033","792.58571982033","20624.15990944","19831.5741896197","255","3","3","499.821271612454","10790.7800847454","10290.958813133","21416.744707984","7138.91490266134","10126.1433516262","4702.38299008267","499.821271612454","499.821271612454","5312.98231161931","10458.4617181858","5145.47940656648","255","2","2","792.58571982033","20624.15990944","19831.5741896197","21416.7456292603","10708.3728146302","10708.3728146302","9915.78709480983","792.58571982033","792.58571982033","792.58571982033","20624.15990944","19831.5741896197"
"256","5072","8011339010050000",{7F7483DB-8B6B-4370-A82E-A8836B07CB1F},"2.07462770425799e-06",National Capital Region (NCR),"NCR, First District, City of Manila",City of Manila - Tondo I / II,Barangay 5,"130000000","133900000","133901000","133901005","1380601005",Bgy,,Highly Urbanized Cities (HUC),,U,"1199","1288","0.02473228",No,,"0.00624531090100566",,,ADMIN2,"1748789491000","256","3","3","1494.65853954809","13845.39732226","12350.7387827119","24732.2722876665","8244.09076255551","9392.2164258584","5107.10821788268","1494.65853954809","1494.65853954809","5443.43748270325","11618.8068740592","6175.36939135597","256","3","3","4585.19088075401","13137.8324575732","8552.64157681921","24732.2700180451","8244.09000601503","7009.24667971785","3599.12470986671","4585.19088075401","4585.19088075401","5797.21878023593","10073.5395686455","4276.3207884096","256","3","3","1494.65853954809","13845.39732226","12350.7387827119","24732.2722876665","8244.09076255551","9392.2164258584","5107.10821788268","1494.65853954809","1494.65853954809","5443.43748270325","11618.8068740592","6175.36939135597"
"257","5067","8011339061020000",{F5942C3C-3775-47AC-8517-33E88E720153},"2.12997648104621e-06",National Capital Region (NCR),"NCR, First District, City of Manila",City of Manila - Sampaloc,Barangay 496,"130000000","133900000","133906000","133906102","1380606102",Bgy,,Highly Urbanized Cities (HUC),,U,"989","1177","0.0253906",No,,"0.00585820795737636",,,ADMIN2,"1748789491000","257","3","3","5728.64246131595","10769.913680148","5041.27121883204","25390.5907599654","8463.53025332181","8892.03461850149","2080.27496078276","5728.64246131595","5728.64246131595","7310.33853990872","9830.97414932474","2520.63560941602","257","3","3","2794.63547341743","18051.4000275102","15256.7645540928","25390.5937384616","8463.53124615386","4544.55823753391","6817.18310577394","2794.63547341743","2794.63547341743","3669.59685547567","11297.9791325221","7628.3822770464","257","3","3","5728.64246131595","10769.913680148","5041.27121883204","25390.5907599654","8463.53025332181","8892.03461850149","2080.27496078276","5728.64246131595","5728.64246131595","7310.33853990872","9830.97414932474","2520.63560941602"
"258","5142","8011339061150000",{AECFAB0E-B080-4C86-9947-06FC17986144},"1.83906515312653e-06",National Capital Region (NCR),"NCR, First District, City of Manila",City of Manila - Sampaloc,Barangay 509,"130000000","133900000","133906000","133906115","1380606115",Bgy,,Highly Urbanized Cities (HUC),,U,"1599","1260","0.0219232",No,,"0.00544112767779446",,,ADMIN2,"1748789491000","258","1","1","21923.2053789496","21923.2053789496","0","21923.2053789496","21923.2053789496","21923.2053789496","0","21923.2053789496","21923.2053789496","21923.2053789496","21923.2053789496","0","258","2","2","1300.18951875064","20623.0158329392","19322.8263141886","21923.2053516898","10961.6026758449","10961.6026758449","9661.41315709428","1300.18951875064","1300.18951875064","1300.18951875064","20623.0158329392","19322.8263141886","258","1","1","21923.2053789496","21923.2053789496","0","21923.2053789496","21923.2053789496","21923.2053789496","0","21923.2053789496","21923.2053789496","21923.2053789496","21923.2053789496","0"
"259","5135","8011339061080000",{D8405898-98BA-4558-9690-076D0354DCFB},"1.46525923253751e-06",National Capital Region (NCR),"NCR, First District, City of Manila",City of Manila - Sampaloc,Barangay 502,"130000000","133900000","133906000","133906108","1380606108",Bgy,,Highly Urbanized Cities (HUC),,U,"957","815","0.01746731",No,,"0.0050135762431738",,,ADMIN2,"1748789491000","259","1","1","17467.309011966","17467.309011966","0","17467.309011966","17467.309011966","17467.309011966","0","17467.309011966","17467.309011966","17467.309011966","17467.309011966","0","259","2","2","1880.55017503713","15586.7573553362","13706.2071802991","17467.3075303733","8733.65376518667","8733.65376518667","6853.10359014953","1880.55017503713","1880.55017503713","1880.55017503713","15586.7573553362","13706.2071802991","259","1","1","17467.309011966","17467.309011966","0","17467.309011966","17467.309011966","17467.309011966","0","17467.309011966","17467.309011966","17467.309011966","17467.309011966","0"
"260","5136","8011339061090000",{3DEE559E-254C-4577-9392-12E2FF912732},"2.19845805564196e-06",National Capital Region (NCR),"NCR, First District, City of Manila",City of Manila - Sampaloc,Barangay 503,"130000000","133900000","133906000","133906109","1380606109",Bgy,,Highly Urbanized Cities (HUC),,U,"1438","1183","0.02620784",No,,"0.00594268689983087",,,ADMIN2,"1748789491000","260","2","2","44.9502866730618","26162.8940771419","26117.9437904688","26207.8443638149","13103.9221819075","13103.9221819075","13058.9718952344","44.9502866730618","44.9502866730618","44.9502866730618","26162.8940771419","26117.9437904688","260","2","2","718.535872095854","25489.3099904827","24770.7741183869","26207.8458625786","13103.9229312893","13103.9229312893","12385.3870591934","718.535872095854","718.535872095854","718.535872095854","25489.3099904827","24770.7741183869","260","2","2","44.9502866730618","26162.8940771419","26117.9437904688","26207.8443638149","13103.9221819075","13103.9221819075","13058.9718952344","44.9502866730618","44.9502866730618","44.9502866730618","26162.8940771419","26117.9437904688"
"261","5137","8011339061100000",{A436C0FC-52CB-468B-8520-42516A05E0AE},"1.84284355783194e-06",National Capital Region (NCR),"NCR, First District, City of Manila",City of Manila - Sampaloc,Barangay 504,"130000000","133900000","133906000","133906110","1380606110",Bgy,,Highly Urbanized Cities (HUC),,U,"1299","1312","0.02196838",No,,"0.00544391559425296",,,ADMIN2,"1748789491000","261","1","1","21968.3819445968","21968.3819445968","0","21968.3819445968","21968.3819445968","21968.3819445968","0","21968.3819445968","21968.3819445968","21968.3819445968","21968.3819445968","0","261","2","2","399.858817832021","21568.5231267647","21168.6643089327","21968.3819445968","10984.1909722984","10984.1909722984","10584.3321544664","399.858817832021","399.858817832021","399.858817832021","21568.5231267647","21168.6643089327","261","1","1","21968.3819445968","21968.3819445968","0","21968.3819445968","21968.3819445968","21968.3819445968","0","21968.3819445968","21968.3819445968","21968.3819445968","21968.3819445968","0"
"262","5138","8011339061110000",{CF6B3C16-2211-4192-BA96-1E3C5BB1B572},"1.54772808412278e-06",National Capital Region (NCR),"NCR, First District, City of Manila",City of Manila - Sampaloc,Barangay 505,"130000000","133900000","133906000","133906111","1380606111",Bgy,,Highly Urbanized Cities (HUC),,U,"1380","1200","0.0184504",No,,"0.00504590221501495",,,ADMIN2,"1748789491000","262","3","3","99.9646029227006","17989.0342024952","17889.0695995725","18450.4037950961","6150.13459836536","361.404989678219","8372.04656964494","99.9646029227006","99.9646029227006","230.68479630046","9175.2195960867","8944.53479978624","262","4","4","99.9646028923744","16991.8220483193","16891.8574454269","18450.4038701287","4612.60096753218","679.30860945853","7160.51557567211","99.9646028923744","99.9646028923744","129.503427991322","9095.69850707303","8966.19507908171","262","3","3","99.9646029227006","17989.0342024952","17889.0695995725","18450.4037950961","6150.13459836536","361.404989678219","8372.04656964494","99.9646029227006","99.9646029227006","230.68479630046","9175.2195960867","8944.53479978624"
"263","5139","8011339061120000",{F6174CEB-BFC1-4D5E-8F2C-B9159264C5BB},"1.35601643946937e-06",National Capital Region (NCR),"NCR, First District, City of Manila",City of Manila - Sampaloc,Barangay 506,"130000000","133900000","133906000","133906112","1380606112",Bgy,,Highly Urbanized Cities (HUC),,U,"610","668","0.01616487",No,,"0.00478493607802378",,,ADMIN2,"1748789491000","263","2","2","99.964591829892","16064.9088356096","15964.9442437797","16164.8734274395","8082.43671371974","8082.43671371974","7982.47212188985","99.964591829892","99.964591829892","99.964591829892","16064.9088356096","15964.9442437797","263","2","2","1798.28403115069","14366.5886429806","12568.3046118299","16164.8726741313","8082.43633706565","8082.43633706565","6284.15230591496","1798.28403115069","1798.28403115069","1798.28403115069","14366.5886429806","12568.3046118299","263","2","2","99.964591829892","16064.9088356096","15964.9442437797","16164.8734274395","8082.43671371974","8082.43671371974","7982.47212188985","99.964591829892","99.964591829892","99.964591829892","16064.9088356096","15964.9442437797"
"264","5134","8011339061070000",{49127816-22DC-47BD-8595-D50D8F9C1E02},"1.58190597347549e-06",National Capital Region (NCR),"NCR, First District, City of Manila",City of Manila - Sampaloc,Barangay 501,"130000000","133900000","133906000","133906107","1380606107",Bgy,,Highly Urbanized Cities (HUC),,U,"1402","845","0.01885741",No,,"0.00508945105607361",,,ADMIN2,"1748789491000","264","3","3","299.882052771311","15829.5328438703","15529.650791099","18857.4075070784","6285.80250235948","2727.99261043679","6820.85145436002","299.882052771311","299.882052771311","1513.93733160405","9278.76272715356","7764.82539554951","264","3","3","2432.95656146698","11530.3692152322","9097.41265376525","18857.4077420248","6285.80258067494","4894.08196532561","3842.16900128155","2432.95656146698","2432.95656146698","3663.5192633963","8212.22559027892","4548.70632688262","264","3","3","299.882052771311","15829.5328438703","15529.650791099","18857.4075070784","6285.80250235948","2727.99261043679","6820.85145436002","299.882052771311","299.882052771311","1513.93733160405","9278.76272715356","7764.82539554951"
"265","5150","8011339061170000",{1666E556-DFE5-44E0-9297-1BEACEC4E6C0},"1.81756373061883e-06",National Capital Region (NCR),"NCR, First District, City of Manila",City of Manila - Sampaloc,Barangay 511,"130000000","133900000","133906000","133906117","1380606117",Bgy,,Highly Urbanized Cities (HUC),,U,"1323","1338","0.02166679",No,,"0.00541279881552608",,,ADMIN2,"1748789491000","265","2","2","999.643111310521","20667.1447918046","19667.5016804941","21666.7879031152","10833.3939515576","10833.3939515576","9833.75084024706","999.643111310521","999.643111310521","999.643111310521","20667.1447918046","19667.5016804941","265","3","3","599.785886178463","16350.5808342695","15750.794948091","21666.7889284926","7222.2629761642","4716.42220804468","6669.89824213132","599.785886178463","599.785886178463","2658.10404711157","10533.5015211571","7875.3974740455","265","2","2","999.643111310521","20667.1447918046","19667.5016804941","21666.7879031152","10833.3939515576","10833.3939515576","9833.75084024706","999.643111310521","999.643111310521","999.643111310521","20667.1447918046","19667.5016804941"
"266","5149","8011339061160000",{BDDEF2BD-ABD4-442C-85D6-BDF07EB2B51E},"1.56090912125511e-06",National Capital Region (NCR),"NCR, First District, City of Manila",City of Manila - Sampaloc,Barangay 510,"130000000","133900000","133906000","133906116","1380606116",Bgy,,Highly Urbanized Cities (HUC),,U,"876","1134","0.0186072",No,,"0.00506420158696796",,,ADMIN2,"1748789491000","266","3","3","0.0109113676176094","17860.2897494692","17860.2788381016","18607.1992792186","6202.39975973955","746.898618381847","8249.01042837668","0.0109113676176094","0.0109113676176094","373.454764874732","9303.59418392551","8930.13941905078","266","3","3","646.946078607376","9990.8801645984","9343.93408599103","18607.2001728704","6202.40005762346","7969.37392966461","4014.05227911424","646.946078607376","646.946078607376","4308.16000413599","8980.12704713151","4671.96704299551","266","3","3","0.0109113676176094","17860.2897494692","17860.2788381016","18607.1992792186","6202.39975973955","746.898618381847","8249.01042837668","0.0109113676176094","0.0109113676176094","373.454764874732","9303.59418392551","8930.13941905078"
"267","5156","8011339061230000",{74914F7D-A3B4-498C-B4DD-72843BCE689B},"2.01464619431921e-06",National Capital Region (NCR),"NCR, First District, City of Manila",City of Manila - Sampaloc,Barangay 517,"130000000","133900000","133906000","133906123","1380606123",Bgy,,Highly Urbanized Cities (HUC),,U,"883","1029","0.02401645",No,,"0.00569894015172464",,,ADMIN2,"1748789491000","267","2","2","294.979974041635","23721.4744988315","23426.4945247899","24016.4544728731","12008.2272364366","12008.2272364366","11713.2472623949","294.979974041635","294.979974041635","294.979974041635","23721.4744988315","23426.4945247899","267","3","3","6.37563759750628","19319.0401130783","19312.6644754808","24016.4545587634","8005.48485292115","4691.03880808766","8225.32336643808","6.37563759750628","6.37563759750628","2348.70722284258","12005.039460583","9656.33223774038","267","2","2","294.979974041635","23721.4744988315","23426.4945247899","24016.4544728731","12008.2272364366","12008.2272364366","11713.2472623949","294.979974041635","294.979974041635","294.979974041635","23721.4744988315","23426.4945247899"
"268","5158","8011339061250000",{59AEC0DB-A964-4F97-BAEB-0300A3735AEF},"1.83122167630422e-06",National Capital Region (NCR),"NCR, First District, City of Manila",City of Manila - Sampaloc,Barangay 519,"130000000","133900000","133906000","133906125","1380606125",Bgy,,Highly Urbanized Cities (HUC),,U,"1408","1311","0.02182976",No,,"0.00544642039809531",,,ADMIN2,"1748789491000","268","3","3","5.31840581007054","21140.8558018023","21135.5373959922","21829.7586915507","7276.58623051689","683.584483938317","9807.42879240484","5.31840581007054","5.31840581007054","344.451444874194","10912.2201428703","10567.7686979961","268","3","3","74.8685359328665","11770.6637440164","11695.7952080835","21829.7594028845","7276.58646762816","9984.22712293522","5144.34283629834","74.8685359328665","74.8685359328665","5029.54782943404","10877.4454334758","5847.89760404176","268","3","3","5.31840581007054","21140.8558018023","21135.5373959922","21829.7586915507","7276.58623051689","683.584483938317","9807.42879240484","5.31840581007054","5.31840581007054","344.451444874194","10912.2201428703","10567.7686979961"
"269","5237","8011339061750000",{38969959-4C25-4B68-9507-81706C154FC6},"1.73432436093342e-06",National Capital Region (NCR),"NCR, First District, City of Manila",City of Manila - Sampaloc,Barangay 569,"130000000","133900000","133906000","133906175","1380606175",Bgy,,Highly Urbanized Cities (HUC),,U,"2093","2086","0.02067571",No,,"0.00605591223465388",,,ADMIN2,"1748789491000","269","3","3","375.298197701461","11757.273736602","11381.9755389005","20675.7139576895","6891.90465256317","8543.14202338609","4791.12237602937","375.298197701461","375.298197701461","4459.22011054378","10150.207879994","5690.98776945025","269","3","3","198.842216909208","12961.5864477957","12762.7442308864","20675.7094001691","6891.90313338969","7515.28073546422","5228.98076759595","198.842216909208","198.842216909208","3857.06147618671","10238.4335916299","6381.37211544322","269","3","3","375.298197701461","11757.273736602","11381.9755389005","20675.7139576895","6891.90465256317","8543.14202338609","4791.12237602937","375.298197701461","375.298197701461","4459.22011054378","10150.207879994","5690.98776945025"
"270","5155","8011339061220000",{4F75C098-F63C-44F2-88CF-05A2148C3854},"1.43645194290458e-06",National Capital Region (NCR),"NCR, First District, City of Manila",City of Manila - Sampaloc,Barangay 516,"130000000","133900000","133906000","133906122","1380606122",Bgy,,Highly Urbanized Cities (HUC),,U,"895","1087","0.01712342",No,,"0.00490526347463021",,,ADMIN2,"1748789491000","270","3","3","1563.62584766035","10354.7660553675","8791.14020770717","17123.4210138771","5707.8070046257","5205.02911084922","3606.53349221882","1563.62584766035","1563.62584766035","3384.32747925478","7779.89758310837","4395.57010385359","270","3","3","1190.04719173397","10918.7486364233","9728.70144468935","17123.4199336515","5707.80664455049","5014.62410549417","4001.85660865175","1190.04719173397","1190.04719173397","3102.33564861407","7966.68637095875","4864.35072234468","270","3","3","1563.62584766035","10354.7660553675","8791.14020770717","17123.4210138771","5707.8070046257","5205.02911084922","3606.53349221882","1563.62584766035","1563.62584766035","3384.32747925478","7779.89758310837","4395.57010385359"
"271","5157","8011339061240000",{5B2D6590-E0FC-4DFD-9839-EBA45A53FB7B},"2.90597041232516e-06",National Capital Region (NCR),"NCR, First District, City of Manila",City of Manila - Sampaloc,Barangay 518,"130000000","133900000","133906000","133906124","1380606124",Bgy,,Highly Urbanized Cities (HUC),,U,"1965","1908","0.03464117",No,,"0.0068935458986482",,,ADMIN2,"1748789491000","271","3","3","1347.53938655413","17445.5103868653","16097.9710003111","34641.1707921535","11547.0569307179","15848.1210187341","7241.5712751047","1347.53938655413","1347.53938655413","8597.83020264414","16646.8157027997","8048.98550015557","271","3","3","3176.9830844156","16368.0615218278","13191.0784374122","34641.1754015185","11547.0584671728","15096.1307952752","5941.27221943058","3176.9830844156","3176.9830844156","9136.55693984539","15732.0961585515","6595.53921870608","271","3","3","1347.53938655413","17445.5103868653","16097.9710003111","34641.1707921535","11547.0569307179","15848.1210187341","7241.5712751047","1347.53938655413","1347.53938655413","8597.83020264414","16646.8157027997","8048.98550015557"
"272","5166","8011339061280000",{F2298422-CB00-47A2-A944-16A07E60E5C2},"1.67605358529544e-06",National Capital Region (NCR),"NCR, First District, City of Manila",City of Manila - Sampaloc,Barangay 522,"130000000","133900000","133906000","133906128","1380606128",Bgy,,Highly Urbanized Cities (HUC),,U,"839","1091","0.01998034",No,,"0.00746878010585556",,,ADMIN2,"1748789491000","272","3","3","157.620131206143","19072.5150537988","18914.8949225927","19980.3390188953","6660.11300629843","750.20383389029","8780.2271156186","157.620131206143","157.620131206143","453.911982548217","9911.35944384457","9457.44746129635","272","3","3","709.707201461097","13796.9140041965","13087.2068027354","19980.3403039858","6660.11343466193","5473.7190983282","5408.28957036354","709.707201461097","709.707201461097","3091.71314989465","9635.31655126235","6543.6034013677","272","3","3","157.620131206143","19072.5150537988","18914.8949225927","19980.3390188953","6660.11300629843","750.20383389029","8780.2271156186","157.620131206143","157.620131206143","453.911982548217","9911.35944384457","9457.44746129635"
"273","5168","8011339061300000",{7806DAE2-B180-4AFB-8013-DC5720245D84},"2.0904465827543e-06",National Capital Region (NCR),"NCR, First District, City of Manila",City of Manila - Sampaloc,Barangay 524,"130000000","133900000","133906000","133906130","1380606130",Bgy,,Highly Urbanized Cities (HUC),,U,"916","865","0.02492024",No,,"0.00851577076384273",,,ADMIN2,"1748789491000","273","3","3","2382.05310075353","16755.3498281569","14373.2967274034","24920.2448504228","8306.74828347428","5782.84192151238","6133.26950309866","2382.05310075353","2382.05310075353","4082.44751113296","11269.0958748347","7186.6483637017","273","3","3","2855.97422480205","17551.0363196835","14695.0620948814","24920.2384644562","8306.74615481872","4513.22791997061","6571.62070023822","2855.97422480205","2855.97422480205","3684.60107238633","11032.1321198271","7347.53104744072","273","3","3","2382.05310075353","16755.3498281569","14373.2967274034","24920.2448504228","8306.74828347428","5782.84192151238","6133.26950309866","2382.05310075353","2382.05310075353","4082.44751113296","11269.0958748347","7186.6483637017"
"274","5170","8011339061320000",{D94512A7-E0CC-4B44-97F6-F01F3B6E326A},"1.06657677321031e-06",National Capital Region (NCR),"NCR, First District, City of Manila",City of Manila - Sampaloc,Barangay 526,"130000000","133900000","133906000","133906132","1380606132",Bgy,,Highly Urbanized Cities (HUC),,U,"930","790","0.01271463",No,,"0.00460709523699728",,,ADMIN2,"1748789491000","274","3","3","1366.18647363233","9736.67407408482","8370.48760045248","12714.6121745211","4238.20405817369","1611.75162680393","3889.29770421502","1366.18647363233","1366.18647363233","1488.96905021813","5674.21285044438","4185.24380022624","274","3","3","1765.2636222713","8914.58766628869","7149.32404401738","12714.6051064448","4238.20170214826","2034.75381788478","3308.53396593216","1765.2636222713","1765.2636222713","1900.00872007804","5474.67074208673","3574.66202200869","274","3","3","1366.18647363233","9736.67407408482","8370.48760045248","12714.6121745211","4238.20405817369","1611.75162680393","3889.29770421502","1366.18647363233","1366.18647363233","1488.96905021813","5674.21285044438","4185.24380022624"
"275","5171","8011339061330000",{5D17E908-FDF7-4C0E-887C-F7387900A90F},"1.72525998231517e-06",National Capital Region (NCR),"NCR, First District, City of Manila",City of Manila - Sampaloc,Barangay 527,"130000000","133900000","133906000","133906133","1380606133",Bgy,,Highly Urbanized Cities (HUC),,U,"2017","2134","0.02056682",No,,"0.00569610836485531",,,ADMIN2,"1748789491000","275","3","3","1989.82233057001","14240.7244816612","12250.9021510912","20566.8387177144","6855.61290590481","4336.29190548317","5309.19859654148","1989.82233057001","1989.82233057001","3163.05711802659","9288.50819357221","6125.45107554562","275","3","3","2917.90355730882","14540.6078959411","11622.7043386323","20566.8290545982","6855.60968486606","3108.31760134825","5434.67033684117","2917.90355730882","2917.90355730882","3013.11057932854","8824.46274864468","5811.35216931615","275","3","3","1989.82233057001","14240.7244816612","12250.9021510912","20566.8387177144","6855.61290590481","4336.29190548317","5309.19859654148","1989.82233057001","1989.82233057001","3163.05711802659","9288.50819357221","6125.45107554562"
"276","5269","8011339061960000",{EFFF8879-CE9B-4C86-8C4D-77D036FC2FBA},"2.75374941782599e-06",National Capital Region (NCR),"NCR, First District, City of Manila",City of Manila - Sampaloc,Barangay 589,"130000000","133900000","133906000","133906196","1380606196",Bgy,,Highly Urbanized Cities (HUC),,U,"832","660","0.03282968",No,,"0.00721582663069976",,,ADMIN2,"1748789491000","276","4","4","399.933936640668","26968.4589264749","26568.5249898342","32829.6400458626","8207.41001146566","2730.62359137353","10886.6807840542","399.933936640668","399.933936640668","1185.26956302666","15229.5504599047","14044.280896878","276","3","3","1539.04417461509","29482.3799595392","27943.3357849241","32829.6369888934","10943.2123296311","1808.21285473913","13109.63170731","1539.04417461509","1539.04417461509","1673.62851467711","15645.2964071391","13971.667892462","276","4","4","399.933936640668","26968.4589264749","26568.5249898342","32829.6400458626","8207.41001146566","2730.62359137353","10886.6807840542","399.933936640668","399.933936640668","1185.26956302666","15229.5504599047","14044.280896878"
"277","5165","8011339061270000",{401C52C7-8DF8-46F6-9A14-A6863447738F},"3.71999348798613e-06",National Capital Region (NCR),"NCR, First District, City of Manila",City of Manila - Sampaloc,Barangay 521,"130000000","133900000","133906000","133906127","1380606127",Bgy,,Highly Urbanized Cities (HUC),,U,"2872","2244","0.04434643",No,,"0.00886197624247298",,,ADMIN2,"1748789491000","277","2","2","254.94417251879","44091.3817899784","43836.4376174596","44346.3259624972","22173.1629812486","22173.1629812486","21918.2188087298","254.94417251879","254.94417251879","254.94417251879","44091.3817899784","43836.4376174596","277","2","2","3253.37195713405","41092.9564079954","37839.5844508613","44346.3283651294","22173.1641825647","22173.1641825647","18919.7922254307","3253.37195713405","3253.37195713405","3253.37195713405","41092.9564079954","37839.5844508613","277","2","2","254.94417251879","44091.3817899784","43836.4376174596","44346.3259624972","22173.1629812486","22173.1629812486","21918.2188087298","254.94417251879","254.94417251879","254.94417251879","44091.3817899784","43836.4376174596"
"278","5167","8011339061290000",{41B7CBA7-F275-4396-87B7-9F2411C1CB55},"2.0904733831406e-06",National Capital Region (NCR),"NCR, First District, City of Manila",City of Manila - Sampaloc,Barangay 523,"130000000","133900000","133906000","133906129","1380606129",Bgy,,Highly Urbanized Cities (HUC),,U,"1367","1115","0.02492064",No,,"0.00793919280608625",,,ADMIN2,"1748789491000","278","3","3","3279.30110185923","15012.5562459104","11733.2551440512","24920.6317406936","8306.87724689786","6628.77439292397","4934.86514238145","3279.30110185923","3279.30110185923","4954.0377473916","10820.6653194172","5866.62757202558","278","3","3","2541.92600987442","18090.1251375216","15548.1991276472","24920.6364549864","8306.87881832881","4288.58530759038","6954.4535410567","2541.92600987442","2541.92600987442","3415.2556587324","11189.355222556","7774.0995638236","278","3","3","3279.30110185923","15012.5562459104","11733.2551440512","24920.6317406936","8306.87724689786","6628.77439292397","4934.86514238145","3279.30110185923","3279.30110185923","4954.0377473916","10820.6653194172","5866.62757202558"
"279","5175","8011339010530000",{8A8102CC-E87C-4BE5-8D32-1C117AF8B938},"2.05759822108395e-06",National Capital Region (NCR),"NCR, First District, City of Manila",City of Manila - Tondo I / II,Barangay 53,"130000000","133900000","133901000","133901053","1380601053",Bgy,,Highly Urbanized Cities (HUC),,U,"2582","2916","0.0245285",No,,"0.00572833410147424",,,ADMIN2,"1748789491000","279","2","2","199.924152137362","24328.5799229968","24128.6557708594","24528.5040751342","12264.2520375671","12264.2520375671","12064.3278854297","199.924152137362","199.924152137362","199.924152137362","24328.5799229968","24128.6557708594","279","2","2","4205.1551300406","20323.3485790102","16118.1934489696","24528.5037090508","12264.2518545254","12264.2518545254","8059.09672448482","4205.1551300406","4205.1551300406","4205.1551300406","20323.3485790102","16118.1934489696","279","2","2","199.924152137362","24328.5799229968","24128.6557708594","24528.5040751342","12264.2520375671","12264.2520375671","12064.3278854297","199.924152137362","199.924152137362","199.924152137362","24328.5799229968","24128.6557708594"
"280","5181","8011339061360000",{39C921BC-1737-4F4E-874A-2B504D10AD24},"2.10893452488675e-06",National Capital Region (NCR),"NCR, First District, City of Manila",City of Manila - Sampaloc,Barangay 530,"130000000","133900000","133906000","133906136","1380606136",Bgy,,Highly Urbanized Cities (HUC),,U,"760","483","0.02514037",No,,"0.00577284060114502",,,ADMIN2,"1748789491000","280","3","3","4112.24893043323","12709.4656418912","8597.21671145802","25140.3647617894","8380.12158726313","8318.65018946492","3510.06817080084","4112.24893043323","4112.24893043323","6215.44955994908","10514.0579156781","4298.60835572901","280","3","3","3832.52776150167","13971.8972569002","10139.3694953985","25140.3781381144","8380.12604603813","7335.95311971253","4204.71372518258","3832.52776150167","3832.52776150167","5584.2404406071","10653.9251883064","5069.68474769927","280","3","3","4112.24893043323","12709.4656418912","8597.21671145802","25140.3647617894","8380.12158726313","8318.65018946492","3510.06817080084","4112.24893043323","4112.24893043323","6215.44955994908","10514.0579156781","4298.60835572901"
"281","5182","8011339061370000",{700EA467-DF04-4B5C-AE7B-3BEFBCC486E9},"2.08841980940688e-06",National Capital Region (NCR),"NCR, First District, City of Manila",City of Manila - Sampaloc,Barangay 531,"130000000","133900000","133906000","133906137","1380606137",Bgy,,Highly Urbanized Cities (HUC),,U,"1431","956","0.02489591",No,,"0.00646817667112473",,,ADMIN2,"1748789491000","281","3","3","1099.09702994595","22454.0583864189","21354.9613564729","24895.9648065136","8298.65493550454","1342.80939014882","10009.8762587172","1099.09702994595","1099.09702994595","1220.95321004738","11898.4338882838","10677.4806782365","281","3","3","1578.40810628506","21138.1434476994","19559.7353414144","24895.9723013481","8298.65743378271","2179.42074736364","9082.20255499206","1578.40810628506","1578.40810628506","1878.91442682435","11658.7820975315","9779.86767070719","281","3","3","1099.09702994595","22454.0583864189","21354.9613564729","24895.9648065136","8298.65493550454","1342.80939014882","10009.8762587172","1099.09702994595","1099.09702994595","1220.95321004738","11898.4338882838","10677.4806782365"
"282","5183","8011339061380000",{5877205D-B08A-450D-B6DA-E42213CDF056},"1.15274860240118e-06",National Capital Region (NCR),"NCR, First District, City of Manila",City of Manila - Sampaloc,Barangay 532,"130000000","133900000","133906000","133906138","1380606138",Bgy,,Highly Urbanized Cities (HUC),,U,"943","987","0.01374199",No,,"0.00421679462615704",,,ADMIN2,"1748789491000","282","3","3","99.3916305529128","12644.9244535812","12545.5328230283","13741.9915952491","4580.66386508302","997.675511114925","5714.07342222828","99.3916305529128","99.3916305529128","548.533570833919","6821.29998234807","6272.76641151416","282","2","2","897.135313988998","12844.8592245622","11947.7239105732","13741.9945385512","6870.99726927559","6870.99726927559","5973.86195528659","897.135313988998","897.135313988998","897.135313988998","12844.8592245622","11947.7239105732","282","3","3","99.3916305529128","12644.9244535812","12545.5328230283","13741.9915952491","4580.66386508302","997.675511114925","5714.07342222828","99.3916305529128","99.3916305529128","548.533570833919","6821.29998234807","6272.76641151416"
"283","5184","8011339061390000",{258ABD18-1B91-4B6B-8543-92C52F41339F},"1.058162157878e-06",National Capital Region (NCR),"NCR, First District, City of Manila",City of Manila - Sampaloc,Barangay 533,"130000000","133900000","133906000","133906139","1380606139",Bgy,,Highly Urbanized Cities (HUC),,U,"975","913","0.01261441",No,,"0.00426139282085301",,,ADMIN2,"1748789491000","283","2","2","3269.84710950099","9344.55771853426","6074.71060903327","12614.4048280352","6307.20241401762","6307.20241401762","3037.35530451663","3269.84710950099","3269.84710950099","3269.84710950099","9344.55771853426","6074.71060903327","283","2","2","2049.32330569389","10565.0856798055","8515.7623741116","12614.4089854994","6307.20449274969","6307.20449274969","4257.8811870558","2049.32330569389","2049.32330569389","2049.32330569389","10565.0856798055","8515.7623741116","283","2","2","3269.84710950099","9344.55771853426","6074.71060903327","12614.4048280352","6307.20241401762","6307.20241401762","3037.35530451663","3269.84710950099","3269.84710950099","3269.84710950099","9344.55771853426","6074.71060903327"
"284","5173","8011339061350000",{29F0F0DD-70A5-43BF-A793-7FB7EFD562DA},"1.27785185272949e-06",National Capital Region (NCR),"NCR, First District, City of Manila",City of Manila - Sampaloc,Barangay 529,"130000000","133900000","133906000","133906135","1380606135",Bgy,,Highly Urbanized Cities (HUC),,U,"1026","935","0.01523325",No,,"0.00577947934853025",,,ADMIN2,"1748789491000","284","3","3","3268.49640584312","7050.48898510478","3781.99257926166","15233.2495086867","5077.74983622891","4914.26411773884","1548.31363155967","3268.49640584312","3268.49640584312","4091.38026179098","5982.37655142181","1890.99628963083","284","3","3","1974.64902874404","7150.44791046012","5175.79888171608","15233.2447843115","5077.74826143718","6108.14784510738","2235.1011897323","1974.64902874404","1974.64902874404","4041.39843692571","6629.29787778375","2587.89944085804","284","3","3","3268.49640584312","7050.48898510478","3781.99257926166","15233.2495086867","5077.74983622891","4914.26411773884","1548.31363155967","3268.49640584312","3268.49640584312","4091.38026179098","5982.37655142181","1890.99628963083"
"285","5188","8011339061430000",{B72482E0-B5B1-4082-9348-B53056941816},"1.40312661533172e-06",National Capital Region (NCR),"NCR, First District, City of Manila",City of Manila - Sampaloc,Barangay 537,"130000000","133900000","133906000","133906143","1380606143",Bgy,,Highly Urbanized Cities (HUC),,U,"1148","1085","0.01672668",No,,"0.00522843372794029",,,ADMIN2,"1748789491000","285","3","3","2525.72398682587","7783.36051772011","5257.63653089424","16726.6798929719","5575.55996432398","6417.59538842597","2227.47289012016","2525.72398682587","2525.72398682587","4471.65968762592","7100.47795307304","2628.81826544712","285","3","3","3310.03519171665","7683.15960578849","4373.12441407185","16726.6790368132","5575.55967893772","5733.48423930801","1788.80955019699","3310.03519171665","3310.03519171665","4521.75971551233","6708.32192254825","2186.56220703592","285","3","3","2525.72398682587","7783.36051772011","5257.63653089424","16726.6798929719","5575.55996432398","6417.59538842597","2227.47289012016","2525.72398682587","2525.72398682587","4471.65968762592","7100.47795307304","2628.81826544712"
"286","5189","8011339061440000",{2E1D1624-172A-4135-BBA3-81A1E91B5A3D},"1.02739804495841e-06",National Capital Region (NCR),"NCR, First District, City of Manila",City of Manila - Sampaloc,Barangay 538,"130000000","133900000","133906000","133906144","1380606144",Bgy,,Highly Urbanized Cities (HUC),,U,"1020","821","0.01224763",No,,"0.00407125072257956",,,ADMIN2,"1748789491000","286","3","3","858.126511609831","6754.32327847004","5896.19676686021","12247.6336937891","4082.54456459635","4635.18390370918","2438.62553606664","858.126511609831","858.126511609831","2746.65520765951","5694.75359108961","2948.0983834301","286","3","3","1778.72896744172","6769.53365614194","4990.80468870022","12247.6371717836","4082.54572392785","3699.37454819989","2055.42339071047","1778.72896744172","1778.72896744172","2739.05175782081","5234.45410217092","2495.40234435011","286","3","3","858.126511609831","6754.32327847004","5896.19676686021","12247.6336937891","4082.54456459635","4635.18390370918","2438.62553606664","858.126511609831","858.126511609831","2746.65520765951","5694.75359108961","2948.0983834301"
"287","5186","8011339061410000",{1E996576-08DE-4888-9ED8-6A37B616517F},"1.10053482637652e-06",National Capital Region (NCR),"NCR, First District, City of Manila",City of Manila - Sampaloc,Barangay 535,"130000000","133900000","133906000","133906141","1380606141",Bgy,,Highly Urbanized Cities (HUC),,U,"1047","1035","0.01311961",No,,"0.00442667622461189",,,ADMIN2,"1748789491000","287","3","3","0.573749224387939","12717.1967929466","12716.6230437222","13119.6104879659","4373.20349598862","401.83994579486","5902.36798496375","0.573749224387939","0.573749224387939","201.206847509624","6559.51836937074","6358.31152186112","287","2","2","302.44934500823","12817.1581979066","12514.7088528983","13119.6075429148","6559.8037714574","6559.8037714574","6257.35442644917","302.44934500823","302.44934500823","302.44934500823","12817.1581979066","12514.7088528983","287","3","3","0.573749224387939","12717.1967929466","12716.6230437222","13119.6104879659","4373.20349598862","401.83994579486","5902.36798496375","0.573749224387939","0.573749224387939","201.206847509624","6559.51836937074","6358.31152186112"
"288","5187","8011339061420000",{6114270C-1CB3-4B93-9E12-22889D6DD601},"1.31158779242458e-06",National Capital Region (NCR),"NCR, First District, City of Manila",City of Manila - Sampaloc,Barangay 536,"130000000","133900000","133906000","133906142","1380606142",Bgy,,Highly Urbanized Cities (HUC),,U,"1146","944","0.01563552",No,,"0.0045087956239046",,,ADMIN2,"1748789491000","288","3","3","3884.77504345413","5892.23416488603","2007.4591214319","15635.5254035662","5211.84180118874","5858.51619522606","938.478861414462","3884.77504345413","3884.77504345413","4871.6456193401","5875.37518005604","1003.72956071595","288","3","3","3218.39446001109","6492.01283678022","3273.61837676914","15635.5141219524","5211.83804065081","5925.10682516113","1428.45104650638","3218.39446001109","3218.39446001109","4571.75064258611","6208.55983097067","1636.80918838457","288","3","3","3884.77504345413","5892.23416488603","2007.4591214319","15635.5254035662","5211.84180118874","5858.51619522606","938.478861414462","3884.77504345413","3884.77504345413","4871.6456193401","5875.37518005604","1003.72956071595"
"289","5200","8011339061480000",{613DF431-318A-474D-B337-F5808ECAF466},"1.0197403673108e-06",National Capital Region (NCR),"NCR, First District, City of Manila",City of Manila - Sampaloc,Barangay 542,"130000000","133900000","133906000","133906148","1380606148",Bgy,,Highly Urbanized Cities (HUC),,U,"900","802","0.01215657",No,,"0.00432340596329234",,,ADMIN2,"1748789491000","289","2","2","2902.8767863078","9253.69873153568","6350.82194522789","12156.5755178435","6078.28775892174","6078.28775892174","3175.41097261394","2902.8767863078","2902.8767863078","2902.8767863078","9253.69873153568","6350.82194522789","289","3","3","1629.51659525897","8201.58857734298","6572.07198208401","12156.5736635278","4052.19122117593","2325.46849092584","2947.791385065","1629.51659525897","1629.51659525897","1977.4925430924","5263.52853413441","3286.035991042","289","2","2","2902.8767863078","9253.69873153568","6350.82194522789","12156.5755178435","6078.28775892174","6078.28775892174","3175.41097261394","2902.8767863078","2902.8767863078","2902.8767863078","9253.69873153568","6350.82194522789"
"290","5203","8011339061510000",{6A86FFD4-0AC6-4715-8B16-8BF814C5C0D7},"9.07563793310463e-07",National Capital Region (NCR),"NCR, First District, City of Manila",City of Manila - Sampaloc,Barangay 545,"130000000","133900000","133906000","133906151","1380606151",Bgy,,Highly Urbanized Cities (HUC),,U,"774","883","0.01081932",No,,"0.00415924317496022",,,ADMIN2,"1748789491000","290","3","3","299.896354721248","6921.74897608987","6621.85262136863","10819.3155534321","3606.43851781071","3597.67022262102","2703.36712231642","299.896354721248","299.896354721248","1948.78328867114","5259.70959935545","3310.92631068431","290","3","3","299.896356860409","7547.79151188122","7247.89515502081","10819.3155553746","3606.43851845818","2971.62768663292","2992.79519721342","299.896356860409","299.896356860409","1635.76202174667","5259.70959925707","3623.94757751041","290","3","3","299.896354721248","6921.74897608987","6621.85262136863","10819.3155534321","3606.43851781071","3597.67022262102","2703.36712231642","299.896354721248","299.896354721248","1948.78328867114","5259.70959935545","3310.92631068431"
"291","5204","8011339061520000",{F0D4020C-4E50-4505-8F29-80217EADCE43},"1.3369280876045e-06",National Capital Region (NCR),"NCR, First District, City of Manila",City of Manila - Sampaloc,Barangay 546,"130000000","133900000","133906000","133906152","1380606152",Bgy,,Highly Urbanized Cities (HUC),,U,"977","892","0.01593795",No,,"0.0047851474772626",,,ADMIN2,"1748789491000","291","1","1","15937.9437309187","15937.9437309187","0","15937.9437309187","15937.9437309187","15937.9437309187","0","15937.9437309187","15937.9437309187","15937.9437309187","15937.9437309187","0","291","1","1","15937.9437309187","15937.9437309187","0","15937.9437309187","15937.9437309187","15937.9437309187","0","15937.9437309187","15937.9437309187","15937.9437309187","15937.9437309187","0","291","1","1","15937.9437309187","15937.9437309187","0","15937.9437309187","15937.9437309187","15937.9437309187","0","15937.9437309187","15937.9437309187","15937.9437309187","15937.9437309187","0"
"292","5206","8011339061540000",{F36BB537-9713-40BD-B0A8-81752ED8DED6},"1.21820340409987e-06",National Capital Region (NCR),"NCR, First District, City of Manila",City of Manila - Sampaloc,Barangay 548,"130000000","133900000","133906000","133906154","1380606154",Bgy,,Highly Urbanized Cities (HUC),,U,"779","749","0.01452239",No,,"0.00461460522127798",,,ADMIN2,"1748789491000","292","3","3","2400.79263162692","6937.82552241949","4537.03289079257","14522.3734617206","4840.79115390687","5183.7553076742","1868.04446255265","2400.79263162692","2400.79263162692","3792.27396965056","6060.79041504685","2268.51644539629","292","3","3","2996.18245994901","7268.04332110173","4271.86086115272","14522.3767566157","4840.79225220522","4258.15097556492","1791.98250497336","2996.18245994901","2996.18245994901","3627.16671775696","5763.09714833332","2135.93043057636","292","3","3","2400.79263162692","6937.82552241949","4537.03289079257","14522.3734617206","4840.79115390687","5183.7553076742","1868.04446255265","2400.79263162692","2400.79263162692","3792.27396965056","6060.79041504685","2268.51644539629"
"293","5207","8011339061550000",{8AC55DBF-C893-4EC5-9DE9-D6006B2632ED},"1.16857091130885e-06",National Capital Region (NCR),"NCR, First District, City of Manila",City of Manila - Sampaloc,Barangay 549,"130000000","133900000","133906000","133906155","1380606155",Bgy,,Highly Urbanized Cities (HUC),,U,"869","867","0.0139308",No,,"0.00456257176276867",,,ADMIN2,"1748789491000","293","1","1","13930.7945089075","13930.7945089075","0","13930.7945089075","13930.7945089075","13930.7945089075","0","13930.7945089075","13930.7945089075","13930.7945089075","13930.7945089075","0","293","1","1","13930.7945089075","13930.7945089075","0","13930.7945089075","13930.7945089075","13930.7945089075","0","13930.7945089075","13930.7945089075","13930.7945089075","13930.7945089075","0","293","1","1","13930.7945089075","13930.7945089075","0","13930.7945089075","13930.7945089075","13930.7945089075","0","13930.7945089075","13930.7945089075","13930.7945089075","13930.7945089075","0"
"294","5208","8011339010550000",{8C3D5B58-60FA-4781-ADD8-843074662D87},"3.05990625189944e-06",National Capital Region (NCR),"NCR, First District, City of Manila",City of Manila - Tondo I / II,Barangay 55,"130000000","133900000","133901000","133901055","1380601055",Bgy,,Highly Urbanized Cities (HUC),,U,"2797","2492","0.0364767",No,,"0.00745949123646367",,,ADMIN2,"1748789491000","294","4","4","787.243138648478","32227.6351746556","31440.3920360071","36476.7144754535","9119.17861886338","1730.91808107473","13355.2640254042","787.243138648478","787.243138648478","931.66497814553","17306.6922595812","16375.0272814357","294","3","3","2460.67135992643","28037.1474751577","25576.4761152313","36476.717478749","12158.9058262497","5978.89864366484","11319.1106600254","2460.67135992643","2460.67135992643","4219.78500179563","17008.0230594113","12788.2380576157","294","4","4","787.243138648478","32227.6351746556","31440.3920360071","36476.7144754535","9119.17861886338","1730.91808107473","13355.2640254042","787.243138648478","787.243138648478","931.66497814553","17306.6922595812","16375.0272814357"
"295","5199","8011339061470000",{050E2468-691A-4536-B668-A045B1C755A5},"1.15482236995146e-06",National Capital Region (NCR),"NCR, First District, City of Manila",City of Manila - Sampaloc,Barangay 541,"130000000","133900000","133906000","133906147","1380606147",Bgy,,Highly Urbanized Cities (HUC),,U,"805","485","0.01376674",No,,"0.00470402680301109",,,ADMIN2,"1748789491000","295","2","2","788.175493369956","12978.5696464273","12190.3941530574","13766.7451397973","6883.37256989864","6883.37256989864","6095.19707652868","788.175493369956","788.175493369956","788.175493369956","12978.5696464273","12190.3941530574","295","2","2","670.446221265265","13096.2963175997","12425.8500963344","13766.7425388649","6883.37126943246","6883.37126943246","6212.9250481672","670.446221265265","670.446221265265","670.446221265265","13096.2963175997","12425.8500963344","295","2","2","788.175493369956","12978.5696464273","12190.3941530574","13766.7451397973","6883.37256989864","6883.37256989864","6095.19707652868","788.175493369956","788.175493369956","788.175493369956","12978.5696464273","12190.3941530574"
"296","5201","8011339061490000",{05E1DFC8-8FCE-4843-8901-E94AC3B9375C},"1.01876618886597e-06",National Capital Region (NCR),"NCR, First District, City of Manila",City of Manila - Sampaloc,Barangay 543,"130000000","133900000","133906000","133906149","1380606149",Bgy,,Highly Urbanized Cities (HUC),,U,"561","822","0.0121449",No,,"0.0043165390310616",,,ADMIN2,"1748789491000","296","1","1","12144.9038752913","12144.9038752913","0","12144.9038752913","12144.9038752913","12144.9038752913","0","12144.9038752913","12144.9038752913","12144.9038752913","12144.9038752913","0","296","2","2","4026.67401348089","8118.23068060318","4091.55666712229","12144.9046940841","6072.45234704204","6072.45234704204","2045.77833356115","4026.67401348089","4026.67401348089","4026.67401348089","8118.23068060318","4091.55666712229","296","1","1","12144.9038752913","12144.9038752913","0","12144.9038752913","12144.9038752913","12144.9038752913","0","12144.9038752913","12144.9038752913","12144.9038752913","12144.9038752913","0"
"297","5202","8011339061500000",{1D95DBE1-DC18-4806-9A07-0009A7DF0081},"1.13645937631546e-06",National Capital Region (NCR),"NCR, First District, City of Manila",City of Manila - Sampaloc,Barangay 544,"130000000","133900000","133906000","133906150","1380606150",Bgy,,Highly Urbanized Cities (HUC),,U,"90","164","0.01354806",No,,"0.0119546905583484",,,ADMIN2,"1748789491000","297","2","2","666.105233472357","12881.9554996166","12215.8502661443","13548.060733089","6774.0303665445","6774.0303665445","6107.92513307214","666.105233472357","666.105233472357","666.105233472357","12881.9554996166","12215.8502661443","297","3","3","491.310542519597","9228.31205582369","8737.00151330409","13548.0597981377","4516.01993271257","3828.43719979442","3599.84966091872","491.310542519597","491.310542519597","2159.87387115701","6528.37462780905","4368.50075665205","297","2","2","666.105233472357","12881.9554996166","12215.8502661443","13548.060733089","6774.0303665445","6774.0303665445","6107.92513307214","666.105233472357","666.105233472357","666.105233472357","12881.9554996166","12215.8502661443"
"298","5214","8011339061580000",{28C64789-5653-4104-AA2B-E0D608AFFFD6},"1.41613298211826e-06",National Capital Region (NCR),"NCR, First District, City of Manila",City of Manila - Sampaloc,Barangay 552,"130000000","133900000","133906000","133906158","1380606158",Bgy,,Highly Urbanized Cities (HUC),,U,"864","937","0.0168821",No,,"0.00639060679119802",,,ADMIN2,"1748789491000","298","2","2","243.159197520945","16638.935314488","16395.7761169671","16882.094512009","8441.04725600449","8441.04725600449","8197.88805848354","243.159197520945","243.159197520945","243.159197520945","16638.935314488","16395.7761169671","298","2","2","143.19342948655","16738.9018583462","16595.7084288597","16882.0952878328","8441.04764391639","8441.04764391639","8297.85421442984","143.19342948655","143.19342948655","143.19342948655","16738.9018583462","16595.7084288597","298","2","2","243.159197520945","16638.935314488","16395.7761169671","16882.094512009","8441.04725600449","8441.04725600449","8197.88805848354","243.159197520945","243.159197520945","243.159197520945","16638.935314488","16395.7761169671"
"299","5215","8011339061590000",{17EFB4D9-90ED-43C0-B994-D8DF96D30406},"8.82845349258867e-07",National Capital Region (NCR),"NCR, First District, City of Manila",City of Manila - Sampaloc,Barangay 553,"130000000","133900000","133906000","133906159","1380606159",Bgy,,Highly Urbanized Cities (HUC),,U,"1204","1430","0.01052462",No,,"0.00407937316811834",,,ADMIN2,"1748789491000","299","2","2","1171.76405896517","9352.849422401","8181.08536343583","10524.6134813662","5262.30674068308","5262.30674068308","4090.54268171791","1171.76405896517","1171.76405896517","1171.76405896517","9352.849422401","8181.08536343583","299","2","2","516.543244232588","10008.0744539579","9491.53120972529","10524.6176981905","5262.30884909524","5262.30884909524","4745.76560486265","516.543244232588","516.543244232588","516.543244232588","10008.0744539579","9491.53120972529","299","2","2","1171.76405896517","9352.849422401","8181.08536343583","10524.6134813662","5262.30674068308","5262.30674068308","4090.54268171791","1171.76405896517","1171.76405896517","1171.76405896517","9352.849422401","8181.08536343583"
"300","5216","8011339061600000",{1802192F-892B-40DE-AB25-D9D0EB7F2CF3},"2.32983371897709e-06",National Capital Region (NCR),"NCR, First District, City of Manila",City of Manila - Sampaloc,Barangay 554,"130000000","133900000","133906000","133906160","1380606160",Bgy,,Highly Urbanized Cities (HUC),,U,"1357","1551","0.02777442",No,,"0.00598739280940616",,,ADMIN2,"1748789491000","300","3","3","620.279821028147","25330.0915620685","24709.8117410403","27774.4043649998","9258.13478833327","1824.03298190319","11375.2099268743","620.279821028147","620.279821028147","1222.15640146567","13577.0622719858","12354.9058705202","300","2","2","928.890302347464","26845.5200357808","25916.6297334334","27774.4103381283","13887.2051690642","13887.2051690642","12958.3148667167","928.890302347464","928.890302347464","928.890302347464","26845.5200357808","25916.6297334334","300","3","3","620.279821028147","25330.0915620685","24709.8117410403","27774.4043649998","9258.13478833327","1824.03298190319","11375.2099268743","620.279821028147","620.279821028147","1222.15640146567","13577.0622719858","12354.9058705202"
"301","5217","8011339061610000",{2D536037-C5B0-4C15-931F-C314404B99E5},"1.45312647175785e-06",National Capital Region (NCR),"NCR, First District, City of Manila",City of Manila - Sampaloc,Barangay 555,"130000000","133900000","133906000","133906161","1380606161",Bgy,,Highly Urbanized Cities (HUC),,U,"1343","1138","0.01732292",No,,"0.00689769576435134",,,ADMIN2,"1748789491000","301","3","3","219.392026768648","12418.2076746407","12198.815647872","17322.921855187","5774.30728506235","4685.3221537777","5039.32484001652","219.392026768648","219.392026768648","2452.35709027317","8551.7649142092","6099.40782393602","301","3","3","50.7456253141427","12618.1396334429","12567.3940081287","17322.9217575819","5774.30725252729","4654.03649882487","5191.40976101149","50.7456253141427","50.7456253141427","2352.39106206951","8636.08806613387","6283.69700406436","301","3","3","219.392026768648","12418.2076746407","12198.815647872","17322.921855187","5774.30728506235","4685.3221537777","5039.32484001652","219.392026768648","219.392026768648","2452.35709027317","8551.7649142092","6099.40782393602"
"302","5218","8011339061620000",{4774F8E7-6DC9-4EC1-856C-BB66DD2105B9},"1.14830258475366e-06",National Capital Region (NCR),"NCR, First District, City of Manila",City of Manila - Sampaloc,Barangay 556,"130000000","133900000","133906000","133906162","1380606162",Bgy,,Highly Urbanized Cities (HUC),,U,"702","822","0.01368909",No,,"0.00685586723292362",,,ADMIN2,"1748789491000","302","3","3","877.17602116227","10662.009567531","9784.83354636874","13689.0904707029","4563.03015690097","2149.90488200963","4343.81722119883","877.17602116227","877.17602116227","1513.54045158595","6405.95722477032","4892.41677318437","302","3","3","649.016933401444","11096.359867266","10447.3429338646","13689.088849919","4563.02961663966","1943.71204925149","4649.90049954934","649.016933401444","649.016933401444","1296.36449132647","6520.03595825876","5223.6714669323","302","3","3","877.17602116227","10662.009567531","9784.83354636874","13689.0904707029","4563.03015690097","2149.90488200963","4343.81722119883","877.17602116227","877.17602116227","1513.54045158595","6405.95722477032","4892.41677318437"
"303","5219","8011339061630000",{CC54653E-597B-4AF8-A1B4-7A1E97A9EB75},"1.02761987348775e-06",National Capital Region (NCR),"NCR, First District, City of Manila",City of Manila - Sampaloc,Barangay 557,"130000000","133900000","133906000","133906163","1380606163",Bgy,,Highly Urbanized Cities (HUC),,U,"1270","1262","0.01225043",No,,"0.00697082125132037",,,ADMIN2,"1748789491000","303","3","3","323.222224607005","8808.06439876344","8484.84217415643","12250.2995223349","4083.43317411165","3119.01289896449","3530.41230174061","323.222224607005","323.222224607005","1721.11756178575","5963.53864886397","4242.42108707822","303","2","2","3074.80294296631","9175.4989931493","6100.69605018299","12250.3019361156","6125.1509680578","6125.1509680578","3050.3480250915","3074.80294296631","3074.80294296631","3074.80294296631","9175.4989931493","6100.69605018299","303","3","3","323.222224607005","8808.06439876344","8484.84217415643","12250.2995223349","4083.43317411165","3119.01289896449","3530.41230174061","323.222224607005","323.222224607005","1721.11756178575","5963.53864886397","4242.42108707822"
"304","5220","8011339061640000",{06DA8EFD-A37B-4831-B71A-E3C511682F98},"1.18542083519584e-06",National Capital Region (NCR),"NCR, First District, City of Manila",City of Manila - Sampaloc,Barangay 558,"130000000","133900000","133906000","133906164","1380606164",Bgy,,Highly Urbanized Cities (HUC),,U,"1235","1260","0.01413162",No,,"0.00729341433340345",,,ADMIN2,"1748789491000","304","3","3","261.108454287671","7098.34053739596","6837.23208310829","14131.7296274628","4710.57654248762","6772.28063577921","3149.06371966789","261.108454287671","261.108454287671","3516.69454503344","6935.31058658759","3418.61604155415","304","3","3","8.80074727218016","7689.42192841653","7680.62118114435","14131.7402817569","4710.58009391897","6433.5176060682","3363.96300862926","8.80074727218016","8.80074727218016","3221.15917667019","7061.46976724236","3840.31059057217","304","3","3","261.108454287671","7098.34053739596","6837.23208310829","14131.7296274628","4710.57654248762","6772.28063577921","3149.06371966789","261.108454287671","261.108454287671","3516.69454503344","6935.31058658759","3418.61604155415"
"305","5221","8011339061650000",{152EAB6E-C3C6-42C3-A5E3-E010CE02E037},"1.18542373644127e-06",National Capital Region (NCR),"NCR, First District, City of Manila",City of Manila - Sampaloc,Barangay 559,"130000000","133900000","133906000","133906165","1380606165",Bgy,,Highly Urbanized Cities (HUC),,U,"1188","1285","0.01413167",No,,"0.00745993994024602",,,ADMIN2,"1748789491000","305","3","3","2921.82271374098","7645.10561413043","4723.28290038946","14131.6651663763","4710.55505545875","3564.73683850485","2091.57434787059","2921.82271374098","2921.82271374098","3243.27977612291","5604.92122631764","2361.64145019473","305","3","3","1397.30403456611","8852.53006788141","7455.22603331529","14131.6654699442","4710.55515664807","3881.83136749669","3099.48233752935","1397.30403456611","1397.30403456611","2639.5677010314","6367.18071768905","3727.61301665765","305","3","3","2921.82271374098","7645.10561413043","4723.28290038946","14131.6651663763","4710.55505545875","3564.73683850485","2091.57434787059","2921.82271374098","2921.82271374098","3243.27977612291","5604.92122631764","2361.64145019473"
"306","5213","8011339061570000",{6E88A6B4-6D9E-4FA7-9CBB-B763F872BC02},"1.03108485414099e-06",National Capital Region (NCR),"NCR, First District, City of Manila",City of Manila - Sampaloc,Barangay 551,"130000000","133900000","133906000","133906157","1380606157",Bgy,,Highly Urbanized Cities (HUC),,U,"931","959","0.01229193",No,,"0.00436763539827286",,,ADMIN2,"1748789491000","306","3","3","2053.11381385036","6761.78723984645","4708.67342599609","12291.9275886008","4097.30919620026","3477.02653490397","1971.71064359506","2053.11381385036","2053.11381385036","2765.07017437716","5119.40688737521","2354.33671299805","306","3","3","111.950623480909","10038.8946190001","9926.94399551918","12291.935661838","4097.31188727932","2141.09041935696","4282.22341751057","111.950623480909","111.950623480909","1126.52052141893","6089.99251917852","4963.47199775959","306","3","3","2053.11381385036","6761.78723984645","4708.67342599609","12291.9275886008","4097.30919620026","3477.02653490397","1971.71064359506","2053.11381385036","2053.11381385036","2765.07017437716","5119.40688737521","2354.33671299805"
"307","5231","8011339061690000",{AC32E920-A117-49F1-A942-04262635971E},"1.13054576844883e-06",National Capital Region (NCR),"NCR, First District, City of Manila",City of Manila - Sampaloc,Barangay 563,"130000000","133900000","133906000","133906169","1380606169",Bgy,,Highly Urbanized Cities (HUC),,U,"1455","1526","0.01347752",No,,"0.00753860655897207",,,ADMIN2,"1748789491000","307","3","3","1542.71266486591","6983.4943360058","5440.78167113989","13477.5366549646","4492.51221832154","4951.32965409289","2244.75854347838","1542.71266486591","1542.71266486591","3247.0211594794","5967.41199504935","2720.39083556995","307","3","3","883.237690662507","8003.9980863884","7120.76039572589","13477.5365833869","4492.51219446229","4590.30080633596","2907.86050935434","883.237690662507","883.237690662507","2736.76924849923","6297.14944636218","3560.38019786295","307","3","3","1542.71266486591","6983.4943360058","5440.78167113989","13477.5366549646","4492.51221832154","4951.32965409289","2244.75854347838","1542.71266486591","1542.71266486591","3247.0211594794","5967.41199504935","2720.39083556995"
"308","5232","8011339061700000",{411EC073-F092-442C-844B-58E8B87D84D4},"1.35020560502067e-06",National Capital Region (NCR),"NCR, First District, City of Manila",City of Manila - Sampaloc,Barangay 564,"130000000","133900000","133906000","133906170","1380606170",Bgy,,Highly Urbanized Cities (HUC),,U,"1362","1430","0.01609616",No,,"0.0076755671610784",,,ADMIN2,"1748789491000","308","3","3","1921.65047941653","9257.04214127702","7335.39166186048","16096.1403911579","5365.38013038596","4917.44777046434","3011.36461398281","1921.65047941653","1921.65047941653","3419.54912494043","7087.24495587068","3667.69583093024","308","3","3","1211.15001319553","10359.2954687945","9148.14545559902","16096.1444868592","5365.38149561973","4525.69900486913","3781.61705563058","1211.15001319553","1211.15001319553","2868.42450903233","7442.49723683184","4574.07272779951","308","3","3","1921.65047941653","9257.04214127702","7335.39166186048","16096.1403911579","5365.38013038596","4917.44777046434","3011.36461398281","1921.65047941653","1921.65047941653","3419.54912494043","7087.24495587068","3667.69583093024"
"309","5233","8011339061710000",{A8A7ABF3-4C92-4F1F-B65E-EE6D5BBF6AE1},"2.70928579346662e-06",National Capital Region (NCR),"NCR, First District, City of Manila",City of Manila - Sampaloc,Barangay 565,"130000000","133900000","133906000","133906171","1380606171",Bgy,,Highly Urbanized Cities (HUC),,U,"2239","2464","0.03229825",No,,"0.0110765742679252",,,ADMIN2,"1748789491000","309","3","3","7259.33173723367","15363.1301009168","8103.79836368313","32298.2580326968","10766.0860108989","9675.79619454632","3397.00219728513","7259.33173723367","7259.33173723367","8467.56396588999","12519.4631477316","4051.89918184157","309","3","3","7995.07831158818","14474.8456264271","6479.76731483893","32298.2644925535","10766.0881641845","9828.34055453818","2727.19319058524","7995.07831158818","7995.07831158818","8911.70943306318","12151.5930904826","3239.88365741947","309","3","3","7259.33173723367","15363.1301009168","8103.79836368313","32298.2580326968","10766.0860108989","9675.79619454632","3397.00219728513","7259.33173723367","7259.33173723367","8467.56396588999","12519.4631477316","4051.89918184157"
"310","5234","8011339061720000",{BB2947CA-1CEC-48BA-ABE9-CFB06B17346F},"2.38577821254235e-06",National Capital Region (NCR),"NCR, First District, City of Manila",City of Manila - Sampaloc,Barangay 566,"130000000","133900000","133906000","133906172","1380606172",Bgy,,Highly Urbanized Cities (HUC),,U,"2078","2160","0.02844162",No,,"0.00620685853204182",,,ADMIN2,"1748789491000","310","3","3","402.324165497885","19903.3047503281","19500.9805848302","28441.6227485245","9480.54091617484","8135.99383269852","8017.81001218517","402.324165497885","402.324165497885","4269.1589990982","14019.6492915133","9750.49029241512","310","3","3","802.184612607842","14492.4798940425","13690.2952814346","28441.6206903624","9480.54023012079","13146.9561837121","6161.06055165717","802.184612607842","802.184612607842","6974.57039815995","13819.7180388773","6845.14764071731","310","3","3","402.324165497885","19903.3047503281","19500.9805848302","28441.6227485245","9480.54091617484","8135.99383269852","8017.81001218517","402.324165497885","402.324165497885","4269.1589990982","14019.6492915133","9750.49029241512"
"311","5235","8011339061730000",{3F17BF98-593F-4EEF-8FB3-28969FD74987},"2.9550134731892e-06",National Capital Region (NCR),"NCR, First District, City of Manila",City of Manila - Sampaloc,Barangay 567,"130000000","133900000","133906000","133906173","1380606173",Bgy,,Highly Urbanized Cities (HUC),,U,"2317","2318","0.0352277",No,,"0.01080986531614",,,ADMIN2,"1748789491000","311","3","3","7201.3296534195","20038.6066553858","12837.2770019663","35227.7108284336","11742.5702761445","7987.77451962828","5874.96318207853","7201.3296534195","7201.3296534195","7594.55208652389","14013.190587507","6418.63850098314","311","3","3","9200.61565750779","16232.1109250715","7031.49526756373","35227.7089951381","11742.569665046","9794.98241255877","3183.84500292554","9200.61565750779","9200.61565750779","9497.79903503328","13013.5466688151","3515.74763378186","311","3","3","7201.3296534195","20038.6066553858","12837.2770019663","35227.7108284336","11742.5702761445","7987.77451962828","5874.96318207853","7201.3296534195","7201.3296534195","7594.55208652389","14013.190587507","6418.63850098314"
"312","5236","8011339061740000",{E0E57C64-7C90-4531-8C22-398EA39CEDF9},"1.7581674262634e-06",National Capital Region (NCR),"NCR, First District, City of Manila",City of Manila - Sampaloc,Barangay 568,"130000000","133900000","133906000","133906174","1380606174",Bgy,,Highly Urbanized Cities (HUC),,U,"2017","1847","0.02095957",No,,"0.00532964905044502",,,ADMIN2,"1748789491000","312","3","3","3733.16387318541","8948.10521646285","5214.94134327744","20959.5697854544","6986.52326181812","8278.30069580609","2316.66714738746","3733.16387318541","3733.16387318541","6005.73228449575","8613.20295613447","2607.47067163872","312","3","3","4779.27679705678","10878.6883904993","6099.41159344253","20959.5774505879","6986.52581686262","5301.61226303178","2760.42336239298","4779.27679705678","4779.27679705678","5040.44453004428","8090.15032676555","3049.70579672126","312","3","3","3733.16387318541","8948.10521646285","5214.94134327744","20959.5697854544","6986.52326181812","8278.30069580609","2316.66714738746","3733.16387318541","3733.16387318541","6005.73228449575","8613.20295613447","2607.47067163872"
"313","5230","8011339061680000",{7A2ED5B9-7116-4E4C-9197-B3083C5CD0A4},"1.81649570737263e-06",National Capital Region (NCR),"NCR, First District, City of Manila",City of Manila - Sampaloc,Barangay 562,"130000000","133900000","133906000","133906168","1380606168",Bgy,,Highly Urbanized Cities (HUC),,U,"2404","2583","0.02165487",No,,"0.0078502722341963",,,ADMIN2,"1748789491000","313","3","3","3940.04513459988","11881.2697729883","7941.22463838843","21654.8697772566","7218.28992575221","5833.55486966843","3386.6286649112","3940.04513459988","3940.04513459988","4886.80000213416","8857.41232132837","3970.61231919422","313","3","3","2582.80067793374","12244.3392102298","9661.53853229608","21654.8726798272","7218.29089327573","6827.73279166365","3953.96285818094","2582.80067793374","2582.80067793374","4705.26673479869","9536.03600094673","4830.76926614804","313","3","3","3940.04513459988","11881.2697729883","7941.22463838843","21654.8697772566","7218.28992575221","5833.55486966843","3386.6286649112","3940.04513459988","3940.04513459988","4886.80000213416","8857.41232132837","3970.61231919422"
"314","5229","8011339061670000",{7415F9C8-F704-4231-B2AB-20D7B491286E},"1.80979746536468e-06",National Capital Region (NCR),"NCR, First District, City of Manila",City of Manila - Sampaloc,Barangay 561,"130000000","133900000","133906000","133906167","1380606167",Bgy,,Highly Urbanized Cities (HUC),,U,"2419","2332","0.02157498",No,,"0.00784027255108671",,,ADMIN2,"1748789491000","314","3","3","4255.23468631043","9675.14296252688","5419.90827621645","21574.981798479","7191.66059949299","7644.60414964164","2235.72804329534","4255.23468631043","4255.23468631043","5949.91941797604","8659.87355608426","2709.95413810822","314","3","3","2993.82159867034","10238.2536712601","7244.43207258977","21574.9816053327","7191.66053511091","8342.90633540228","3067.51519236751","2993.82159867034","2993.82159867034","5668.36396703631","9290.58000333119","3622.21603629488","314","3","3","4255.23468631043","9675.14296252688","5419.90827621645","21574.981798479","7191.66059949299","7644.60414964164","2235.72804329534","4255.23468631043","4255.23468631043","5949.91941797604","8659.87355608426","2709.95413810822"
"315","5244","8011339061770000",{65F1BA8E-B51C-4451-9E7E-CE9BAEDE4DA4},"1.84792521019319e-06",National Capital Region (NCR),"NCR, First District, City of Manila",City of Manila - Sampaloc,Barangay 571,"130000000","133900000","133906000","133906177","1380606177",Bgy,,Highly Urbanized Cities (HUC),,U,"2006","2097","0.02202999",No,,"0.00548679776603886",,,ADMIN2,"1748789491000","315","3","3","1307.68886824905","12896.6068233964","11588.9179551474","22029.9873502276","7343.32911674254","7825.69165858213","4743.43476530892","1307.68886824905","1307.68886824905","4566.69026341559","10361.1492409893","5794.4589775737","315","3","3","2088.04566184662","13096.5221365118","11008.4764746651","22029.975336457","7343.32511215235","6845.40753809865","4507.96184590683","2088.04566184662","2088.04566184662","4466.72659997264","9970.96483730521","5504.23823733257","315","3","3","1307.68886824905","12896.6068233964","11588.9179551474","22029.9873502276","7343.32911674254","7825.69165858213","4743.43476530892","1307.68886824905","1307.68886824905","4566.69026341559","10361.1492409893","5794.4589775737"
"316","5245","8011339061780000",{A8D924FD-8944-4FEB-B806-DDAB7457C200},"1.28767055968078e-06",National Capital Region (NCR),"NCR, First District, City of Manila",City of Manila - Sampaloc,Barangay 572,"130000000","133900000","133906000","133906178","1380606178",Bgy,,Highly Urbanized Cities (HUC),,U,"1667","1856","0.01535086",No,,"0.00452978146277915",,,ADMIN2,"1748789491000","316","3","3","369.778208638454","14237.7262500922","13867.9480414538","15350.8619532302","5116.95398441008","743.357494499563","6451.16296557106","369.778208638454","369.778208638454","556.567851569009","7490.54187229589","6933.97402072688","316","3","3","405.396483974124","12404.8656211897","11999.4691372156","15350.8591850725","5116.95306169082","2540.59707990862","5226.53629742146","405.396483974124","405.396483974124","1472.99678194137","7472.73135054917","5999.7345686078","316","3","3","369.778208638454","14237.7262500922","13867.9480414538","15350.8619532302","5116.95398441008","743.357494499563","6451.16296557106","369.778208638454","369.778208638454","556.567851569009","7490.54187229589","6933.97402072688"
"317","5248","8011339061810000",{C2F105A1-0B78-47A8-AC2C-A876AB2CDFFE},"1.24873240666841e-06",National Capital Region (NCR),"NCR, First District, City of Manila",City of Manila - Sampaloc,Barangay 575,"130000000","133900000","133906000","133906181","1380606181",Bgy,,Highly Urbanized Cities (HUC),,U,"909","1007","0.0148866",No,,"0.00459248876584725",,,ADMIN2,"1748789491000","317","3","3","539.265721450705","13637.2552802303","13097.9895587796","14886.60507797","4962.20169265666","710.084076289007","6134.58560339342","539.265721450705","539.265721450705","624.674898869856","7173.66967825963","6548.99477938978","317","3","3","635.650285338983","12581.4707872603","11945.8205019213","14886.6056727932","4962.20189093106","1669.48460019393","5404.14330142901","635.650285338983","635.650285338983","1152.56744276646","7125.47769372709","5972.91025096064","317","3","3","539.265721450705","13637.2552802303","13097.9895587796","14886.60507797","4962.20169265666","710.084076289007","6134.58560339342","539.265721450705","539.265721450705","624.674898869856","7173.66967825963","6548.99477938978"
"318","5249","8011339061820000",{F07A36C7-B6B3-4E48-A5F2-021395788F57},"3.07940279446699e-06",National Capital Region (NCR),"NCR, First District, City of Manila",City of Manila - Sampaloc,Barangay 576,"130000000","133900000","133906000","133906182","1380606182",Bgy,,Highly Urbanized Cities (HUC),,U,"2746","3603","0.03671097",No,,"0.00986900024840808",,,ADMIN2,"1748789491000","318","3","3","4377.24181132316","19362.6748024733","14985.4329911501","36710.9668088323","12236.9889362774","12971.0501950359","6139.75759194503","4377.24181132316","4377.24181132316","8674.14600317951","16166.8624987546","7492.71649557505","318","3","3","8526.28364772323","16156.8477432441","7630.56409552091","36710.9740921418","12236.9913640473","12027.8427011744","3118.6732730815","8526.28364772323","8526.28364772323","10277.0631744488","14092.3452222093","3815.28204776046","318","3","3","4377.24181132316","19362.6748024733","14985.4329911501","36710.9668088323","12236.9889362774","12971.0501950359","6139.75759194503","4377.24181132316","4377.24181132316","8674.14600317951","16166.8624987546","7492.71649557505"
"319","5250","8011339061830000",{1111DA83-D47D-4531-B731-DC5F38D47FD8},"1.00300531035592e-06",National Capital Region (NCR),"NCR, First District, City of Manila",City of Manila - Sampaloc,Barangay 577,"130000000","133900000","133906000","133906183","1380606183",Bgy,,Highly Urbanized Cities (HUC),,U,"720","985","0.01195715",No,,"0.00436045561711867",,,ADMIN2,"1748789491000","319","3","3","619.788217588552","10665.6049710736","10045.8167534851","11957.1627053853","3985.72090179511","671.769516723122","4723.43899421568","619.788217588552","619.788217588552","645.778867155837","5668.68724389838","5022.90837674255","319","3","3","327.709191160781","11055.7955018681","10728.0863107073","11957.1628265196","3985.72094217321","573.658133490743","5000.30588599618","327.709191160781","327.709191160781","450.683662325762","5814.72681767943","5364.04315535366","319","3","3","619.788217588552","10665.6049710736","10045.8167534851","11957.1627053853","3985.72090179511","671.769516723122","4723.43899421568","619.788217588552","619.788217588552","645.778867155837","5668.68724389838","5022.90837674255"
"320","5251","8011339061840000",{C4E66ED1-640B-4C71-B236-57E2797BCD1A},"2.12135874876539e-06",National Capital Region (NCR),"NCR, First District, City of Manila",City of Manila - Sampaloc,Barangay 578,"130000000","133900000","133906000","133906184","1380606184",Bgy,,Highly Urbanized Cities (HUC),,U,"1124","1100","0.02528985",No,,"0.00579317891677045",,,ADMIN2,"1748789491000","320","2","2","2224.09132391435","23065.729288147","20841.6379642327","25289.8206120613","12644.9103060307","12644.9103060307","10420.8189821163","2224.09132391435","2224.09132391435","2224.09132391435","23065.729288147","20841.6379642327","320","2","2","1185.98000853206","24103.8393843392","22917.8593758071","25289.8193928712","12644.9096964356","12644.9096964356","11458.9296879036","1185.98000853206","1185.98000853206","1185.98000853206","24103.8393843392","22917.8593758071","320","2","2","2224.09132391435","23065.729288147","20841.6379642327","25289.8206120613","12644.9103060307","12644.9103060307","10420.8189821163","2224.09132391435","2224.09132391435","2224.09132391435","23065.729288147","20841.6379642327"
"321","5252","8011339061850000",{69C6988D-414E-4393-84DA-34AE1FE7095D},"2.51683392652814e-06",National Capital Region (NCR),"NCR, First District, City of Manila",City of Manila - Sampaloc,Barangay 579,"130000000","133900000","133906000","133906185","1380606185",Bgy,,Highly Urbanized Cities (HUC),,U,"1615","1703","0.03000468",No,,"0.00653977801291472",,,ADMIN2,"1748789491000","321","3","3","699.764201759448","17146.1615590277","16446.3973572683","30004.7012237233","10001.5670745744","12158.7754629361","6885.30597390336","699.764201759448","699.764201759448","6429.26983234777","14652.4685109819","8223.19867863415","321","3","3","599.797896455042","20086.5699621378","19486.7720656827","30004.7043170979","10001.5681056993","9318.33645850509","7970.09725987348","599.797896455042","599.797896455042","4959.06717748007","14702.4532103214","9743.38603284137","321","3","3","699.764201759448","17146.1615590277","16446.3973572683","30004.7012237233","10001.5670745744","12158.7754629361","6885.30597390336","699.764201759448","699.764201759448","6429.26983234777","14652.4685109819","8223.19867863415"
"322","5247","8011339061800000",{3F8DC2BC-7CC3-4887-9263-F203062934B0},"1.4594482944431e-06",National Capital Region (NCR),"NCR, First District, City of Manila",City of Manila - Sampaloc,Barangay 574,"130000000","133900000","133906000","133906180","1380606180",Bgy,,Highly Urbanized Cities (HUC),,U,"1343","1479","0.01739869",No,,"0.00487407981195097",,,ADMIN2,"1748789491000","322","4","4","99.9657006294001","13091.5363496804","12991.570649051","17398.6965175541","4349.67412938853","2103.59723362217","5160.21352901596","99.9657006294001","99.9657006294001","609.171706674591","8090.17655210246","7481.00484542787","322","4","4","99.9656997079437","11484.8061030648","11384.8404033568","17398.7017005823","4349.67542514556","2906.96494890476","4289.20674962641","99.9656997079437","99.9656997079437","1264.65876394058","7434.69208635055","6170.03332240996","322","4","4","99.9657006294001","13091.5363496804","12991.570649051","17398.6965175541","4349.67412938853","2103.59723362217","5160.21352901596","99.9657006294001","99.9657006294001","609.171706674591","8090.17655210246","7481.00484542787"
"323","5265","8011339061920000",{7192E21F-EBB7-4EC1-861E-67A2160CCA61},"9.24488973620098e-06",National Capital Region (NCR),"NCR, First District, City of Manila",City of Manila - Sampaloc,Barangay 586,"130000000","133900000","133906000","133906192","1380606192",Bgy,,Highly Urbanized Cities (HUC),,U,"2340","5105","0.11021305",No,,"0.0139817326385285",,,ADMIN2,"1748789491000","323","4","4","4847.99983119799","89431.7179367761","84583.7181055781","110213.071710588","27553.2679276471","7966.67697130719","35751.1278968219","4847.99983119799","4847.99983119799","6084.90272281691","49021.6331324773","42936.7304096604","323","3","3","7261.38361676491","94672.8191409034","87411.4355241385","110213.084295544","36737.6947651812","8278.88153787532","40968.4252632656","7261.38361676491","7261.38361676491","7770.13257732012","51475.8503393894","43705.7177620693","323","4","4","4847.99983119799","89431.7179367761","84583.7181055781","110213.071710588","27553.2679276471","7966.67697130719","35751.1278968219","4847.99983119799","4847.99983119799","6084.90272281691","49021.6331324773","42936.7304096604"
"324","5266","8011339061930000",{C3C640E5-67C8-4E43-8E94-1C5A0BDA248E},"6.15114533285088e-06",National Capital Region (NCR),"NCR, First District, City of Manila",City of Manila - Sampaloc,Barangay 587,"130000000","133900000","133906000","133906193","1380606193",Bgy,,Highly Urbanized Cities (HUC),,U,"1699","2920","0.07333198",No,,"0.0113666018482209",,,ADMIN2,"1748789491000","324","4","4","116.631831460046","68135.0943206924","68018.4624892323","73331.9744536355","18332.9936134089","2540.12415074154","28770.3001672661","116.631831460046","116.631831460046","1300.62078615381","35365.3664406639","34064.7456545101","324","3","3","941.385284974327","70179.3328748891","69237.9475899148","73331.9774493833","24443.9924831278","2211.2592895199","32343.9243708362","941.385284974327","941.385284974327","1576.32228724711","36195.2960822045","34618.9737949574","324","4","4","116.631831460046","68135.0943206924","68018.4624892323","73331.9744536355","18332.9936134089","2540.12415074154","28770.3001672661","116.631831460046","116.631831460046","1300.62078615381","35365.3664406639","34064.7456545101"
"325","5267","8011339061940000",{2DCADF37-A13A-4E88-9C01-877E888C66F8},"1.84022455875794e-06",National Capital Region (NCR),"NCR, First District, City of Manila",City of Manila - Sampaloc,Barangay 587-A,"130000000","133900000","133906000","133906194","1380606194",Bgy,,Highly Urbanized Cities (HUC),,U,"1332","1277","0.02193849",No,,"0.00560669624604567",,,ADMIN2,"1748789491000","325","4","4","661.292343029803","9395.7205403409","8734.42819731109","21938.4767801017","5484.61919502542","5940.73194836549","3787.54470558516","661.292343029803","661.292343029803","1784.24311890108","9184.99527114976","7400.75215224869","325","3","3","3146.2466921318","15407.3910912139","12261.1443990821","21938.4784371679","7312.82614572263","3384.84065382221","5724.55052164043","3146.2466921318","3146.2466921318","3265.543672977","9396.11587251804","6130.57219954104","325","4","4","661.292343029803","9395.7205403409","8734.42819731109","21938.4767801017","5484.61919502542","5940.73194836549","3787.54470558516","661.292343029803","661.292343029803","1784.24311890108","9184.99527114976","7400.75215224869"
"326","5268","8011339061950000",{AD8136B1-CC5D-4E0B-844A-2CAFB7FD3E19},"1.63321146638807e-06",National Capital Region (NCR),"NCR, First District, City of Manila",City of Manila - Sampaloc,Barangay 588,"130000000","133900000","133906000","133906195","1380606195",Bgy,,Highly Urbanized Cities (HUC),,U,"1359","989","0.01947066",No,,"0.00546527616060214",,,ADMIN2,"1748789491000","326","4","4","61.0229770737604","9895.34765219113","9834.32467511736","19470.6703669801","4867.66759174504","4757.14986885763","4633.18600278964","61.0229770737604","61.0229770737604","245.183046839485","9490.15213665059","9244.9690898111","326","4","4","1151.07187946309","14511.5588464552","13360.4869669921","19470.6727364946","4867.66818412365","1904.02100528814","5576.40645764198","1151.07187946309","1151.07187946309","1515.75914379674","8219.57722445056","6703.81808065382","326","4","4","61.0229770737604","9895.34765219113","9834.32467511736","19470.6703669801","4867.66759174504","4757.14986885763","4633.18600278964","61.0229770737604","61.0229770737604","245.183046839485","9490.15213665059","9244.9690898111"
"327","5264","8011339061910000",{750C75DB-4CE1-4F0F-AD93-93572461ACEE},"5.71792084214731e-06",National Capital Region (NCR),"NCR, First District, City of Manila",City of Manila - Sampaloc,Barangay 585,"130000000","133900000","133906000","133906191","1380606191",Bgy,,Highly Urbanized Cities (HUC),,U,"907","1090","0.06816614",No,,"0.0111142029310418",,,ADMIN2,"1748789491000","327","3","3","1636.22464007114","50222.012421392","48585.7877813208","68165.8088746778","22721.9362915593","16307.5718132147","20347.034957272","1636.22464007114","1636.22464007114","8971.89822664294","33264.7921173034","24292.8938906604","327","3","3","998.022588127598","52990.7273634472","51992.7047753196","68165.8020145673","22721.9340048558","14177.0520629925","22069.1578605932","998.022588127598","998.022588127598","7587.53732556005","33583.8897132199","25996.3523876598","327","3","3","1636.22464007114","50222.012421392","48585.7877813208","68165.8088746778","22721.9362915593","16307.5718132147","20347.034957272","1636.22464007114","1636.22464007114","8971.89822664294","33264.7921173034","24292.8938906604"
"328","5261","8011339061880000",{58D63974-6230-4C58-8AFD-365D86A9E276},"1.12116840388121e-06",National Capital Region (NCR),"NCR, First District, City of Manila",City of Manila - Sampaloc,Barangay 582,"130000000","133900000","133906000","133906188","1380606188",Bgy,,Highly Urbanized Cities (HUC),,U,"1582","1563","0.01336574",No,,"0.00444932090594367",,,ADMIN2,"1748789491000","328","3","3","171.953284528815","7607.17913060019","7435.22584607138","13365.7449574895","4455.24831916318","5586.61254236053","3139.06935249607","171.953284528815","171.953284528815","2879.28291344467","6596.89583648036","3717.61292303569","328","2","2","5676.44438798553","7689.2997491807","2012.85536119517","13365.7441371662","6682.87206858311","6682.87206858311","1006.42768059758","5676.44438798553","5676.44438798553","5676.44438798553","7689.2997491807","2012.85536119517","328","3","3","171.953284528815","7607.17913060019","7435.22584607138","13365.7449574895","4455.24831916318","5586.61254236053","3139.06935249607","171.953284528815","171.953284528815","2879.28291344467","6596.89583648036","3717.61292303569"
"329","5262","8011339061890000",{56D8A632-68A3-4AC4-A925-A8DA6E95F241},"9.15439162726981e-07",National Capital Region (NCR),"NCR, First District, City of Manila",City of Manila - Sampaloc,Barangay 583,"130000000","133900000","133906000","133906189","1380606189",Bgy,,Highly Urbanized Cities (HUC),,U,"1327","1278","0.01091322",No,,"0.00398965719390061",,,ADMIN2,"1748789491000","329","3","3","667.51998161108","5655.37990084972","4987.85991923864","10913.2202959892","3637.74009866307","4590.32041352842","2144.79891608958","667.51998161108","667.51998161108","2628.92019756975","5122.85015718907","2493.92995961932","329","3","3","855.267061209855","6225.5766068071","5370.30954559724","10913.2228343812","3637.74094479372","3832.37916636422","2196.73533254165","855.267061209855","855.267061209855","2343.82311378704","5028.97788658566","2685.15477279862","329","3","3","667.51998161108","5655.37990084972","4987.85991923864","10913.2202959892","3637.74009866307","4590.32041352842","2144.79891608958","667.51998161108","667.51998161108","2628.92019756975","5122.85015718907","2493.92995961932"
"330","5263","8011339061900000",{75A9485D-CF74-4606-9BF7-5E6DDAC4C4B1},"8.41378134677335e-06",National Capital Region (NCR),"NCR, First District, City of Manila",City of Manila - Sampaloc,Barangay 584,"130000000","133900000","133906000","133906190","1380606190",Bgy,,Highly Urbanized Cities (HUC),,U,"3941","3411","0.1003037",No,,"0.0122930352931065",,,ADMIN2,"1748789491000","330","3","3","17084.9036579627","46041.8479894895","28956.9443315268","100303.71021296","33434.5700709868","37176.9585655082","12114.1861740063","17084.9036579627","17084.9036579627","27130.9311117355","41609.4032774989","14478.4721657634","330","3","3","10969.0017812027","51926.7313455483","40957.7295643456","100303.712390988","33434.5707969959","37407.9792642366","16955.3311950779","10969.0017812027","10969.0017812027","24188.4905227197","44667.3553048925","20478.8647821728","330","3","3","17084.9036579627","46041.8479894895","28956.9443315268","100303.71021296","33434.5700709868","37176.9585655082","12114.1861740063","17084.9036579627","17084.9036579627","27130.9311117355","41609.4032774989","14478.4721657634"
"331","5260","8011339061870000",{1DF602E7-499C-40CA-8426-F029954BC240},"1.51466202664995e-05",National Capital Region (NCR),"NCR, First District, City of Manila",City of Manila - Sampaloc,Barangay 581,"130000000","133900000","133906000","133906187","1380606187",Bgy,,Highly Urbanized Cities (HUC),,U,"2136","2461","0.18057018",No,,"0.019855467816955",,,ADMIN2,"1748789491000","331","3","3","4784.47373883592","162172.444124469","157387.970385633","180570.523552532","60190.1745175108","13613.6056892278","72202.3816707317","4784.47373883592","4784.47373883592","9199.03971403186","87893.0249068482","78693.9851928163","331","3","3","3183.00084673225","164478.036023969","161295.035177237","180570.509188825","60190.1697296083","12909.4723181234","73849.4881679118","3183.00084673225","3183.00084673225","8046.23658242784","88693.7541710463","80647.5175886185","331","3","3","4784.47373883592","162172.444124469","157387.970385633","180570.523552532","60190.1745175108","13613.6056892278","72202.3816707317","4784.47373883592","4784.47373883592","9199.03971403186","87893.0249068482","78693.9851928163"
"332","5281","8011339062010000",{1625669C-3BA6-4796-9147-2FE228324540},"2.54609301003157e-06",National Capital Region (NCR),"NCR, First District, City of Manila",City of Manila - Sampaloc,Barangay 594,"130000000","133900000","133906000","133906201","1380606201",Bgy,,Highly Urbanized Cities (HUC),,U,"1099","636","0.03035342",No,,"0.00678238814492425",,,ADMIN2,"1748789491000","332","3","3","599.803209829581","21345.0103761751","20745.2071663455","30353.4052697557","10117.8017565852","8408.59168375109","8554.99676206666","599.803209829581","599.803209829581","4504.19744679034","14876.8010299631","10372.6035831727","332","4","4","1699.44238992492","19908.269974221","18208.8275842961","30353.4056325762","7588.35140814404","4372.8466342151","7365.14749762444","1699.44238992492","1699.44238992492","1926.92148190974","13249.7813343783","11322.8598524686","332","3","3","599.803209829581","21345.0103761751","20745.2071663455","30353.4052697557","10117.8017565852","8408.59168375109","8554.99676206666","599.803209829581","599.803209829581","4504.19744679034","14876.8010299631","10372.6035831727"
"333","5282","8011339062020000",{C6F6F8CC-9649-46E2-9F70-D606EF3A448D},"4.08260172052097e-06",National Capital Region (NCR),"NCR, First District, City of Manila",City of Manila - Sampaloc,Barangay 595,"130000000","133900000","133906000","133906202","1380606202",Bgy,,Highly Urbanized Cities (HUC),,U,"4108","4198","0.04867119",No,,"0.00984011092760998",,,ADMIN2,"1748789491000","333","2","2","21556.452725616","27114.6939895237","5558.24126390771","48671.1467151396","24335.5733575698","24335.5733575698","2779.12063195385","21556.452725616","21556.452725616","21556.452725616","27114.6939895237","5558.24126390771","333","4","4","2400.34798022366","22404.4691800813","20004.1211998576","48671.1457560837","12167.7864390209","11933.1642978894","7225.79106619461","2400.34798022366","2400.34798022366","6133.2183166077","18202.3545614341","12069.1362448264","333","2","2","21556.452725616","27114.6939895237","5558.24126390771","48671.1467151396","24335.5733575698","24335.5733575698","2779.12063195385","21556.452725616","21556.452725616","21556.452725616","27114.6939895237","5558.24126390771"
"334","5283","8011339062030000",{D293D709-2EE2-43A7-927A-3AFE20B99B7D},"1.86691183134215e-06",National Capital Region (NCR),"NCR, First District, City of Manila",City of Manila - Sampaloc,Barangay 596,"130000000","133900000","133906000","133906203","1380606203",Bgy,,Highly Urbanized Cities (HUC),,U,"2006","2375","0.0222567",No,,"0.00883719434873866",,,ADMIN2,"1748789491000","334","2","2","3234.02520964911","19022.7474357489","15788.7222260998","22256.772645398","11128.386322699","11128.386322699","7894.36111304991","3234.02520964911","3234.02520964911","3234.02520964911","19022.7474357489","15788.7222260998","334","4","4","755.002536406573","14968.4927050761","14213.4901686696","22256.7740857531","5564.19352143827","3266.63942213519","5771.5367304929","755.002536406573","755.002536406573","832.057104411715","10296.3299384648","9464.27283405312","334","2","2","3234.02520964911","19022.7474357489","15788.7222260998","22256.772645398","11128.386322699","11128.386322699","7894.36111304991","3234.02520964911","3234.02520964911","3234.02520964911","19022.7474357489","15788.7222260998"
"335","5284","8011339062040000",{AA0FD5FF-16F9-4230-AD9E-48BAB3E14BAB},"2.55208416358371e-06",National Capital Region (NCR),"NCR, First District, City of Manila",City of Manila - Sampaloc,Barangay 597,"130000000","133900000","133906000","133906204","1380606204",Bgy,,Highly Urbanized Cities (HUC),,U,"2017","1672","0.03042515",No,,"0.00944564962220343",,,ADMIN2,"1748789491000","335","2","2","481.651867089706","29943.4954072557","29461.843540166","30425.1472743454","15212.5736371727","15212.5736371727","14730.921770083","481.651867089706","481.651867089706","481.651867089706","29943.4954072557","29461.843540166","335","3","3","349.540543431445","24287.0516253069","23937.5110818754","30425.1473155937","10141.7157718646","5788.55514685537","10245.7670859425","349.540543431445","349.540543431445","3069.04784514341","15037.8033860811","11968.7555409377","335","2","2","481.651867089706","29943.4954072557","29461.843540166","30425.1472743454","15212.5736371727","15212.5736371727","14730.921770083","481.651867089706","481.651867089706","481.651867089706","29943.4954072557","29461.843540166"
"336","5285","8011339062050000",{09302D5F-A3F3-47F6-B8B1-960956140390},"6.44150098727723e-06",National Capital Region (NCR),"NCR, First District, City of Manila",City of Manila - Sampaloc,Barangay 598,"130000000","133900000","133906000","133906205","1380606205",Bgy,,Highly Urbanized Cities (HUC),,U,"12130","12027","0.07679389",No,,"0.0114060830439715",,,ADMIN2,"1748789491000","336","2","2","507.30561896037","76286.6386522455","75779.3330332851","76793.9442712058","38396.9721356029","38396.9721356029","37889.6665166426","507.30561896037","507.30561896037","507.30561896037","76286.6386522455","75779.3330332851","336","2","2","11181.6803047","65612.2638734179","54430.5835687179","76793.9441781179","38396.9720890589","38396.9720890589","27215.291784359","11181.6803047","11181.6803047","11181.6803047","65612.2638734179","54430.5835687179","336","2","2","507.30561896037","76286.6386522455","75779.3330332851","76793.9442712058","38396.9721356029","38396.9721356029","37889.6665166426","507.30561896037","507.30561896037","507.30561896037","76286.6386522455","75779.3330332851"
"337","5279","8011339061990000",{725AA193-F847-4FF1-8CC8-FA9BD94C9440},"2.7077263606704e-06",National Capital Region (NCR),"NCR, First District, City of Manila",City of Manila - Sampaloc,Barangay 592,"130000000","133900000","133906000","133906199","1380606199",Bgy,,Highly Urbanized Cities (HUC),,U,"2132","2371","0.03228074",No,,"0.0066936293967109",,,ADMIN2,"1748789491000","337","3","3","16.0141036231071","16208.4612859726","16192.4471823494","32280.7563881075","10760.2521293692","16056.2809985118","7597.5775865464","16.0141036231071","16.0141036231071","8036.14755106745","16132.3711422422","8096.22359117472","337","3","3","16.0142211628554","19018.1654663184","19002.1512451556","32280.75431511","10760.25143837","13246.5746276287","7954.31917208197","16.0142211628554","16.0142211628554","6631.29442439579","16132.3700469736","9501.07562257779","337","3","3","16.0141036231071","16208.4612859726","16192.4471823494","32280.7563881075","10760.2521293692","16056.2809985118","7597.5775865464","16.0141036231071","16.0141036231071","8036.14755106745","16132.3711422422","8096.22359117472"
"338","5280","8011339062000000",{2FB712EE-D4FB-49DA-95BB-C9244BFE8CAB},"3.67676524814453e-06",National Capital Region (NCR),"NCR, First District, City of Manila",City of Manila - Sampaloc,Barangay 593,"130000000","133900000","133906000","133906200","1380606200",Bgy,,Highly Urbanized Cities (HUC),,U,"1927","1775","0.04383315",No,,"0.00847500529117222",,,ADMIN2,"1748789491000","338","2","2","12016.27581037","31816.8831952141","19800.6073848441","43833.1590055842","21916.5795027921","21916.5795027921","9900.30369242205","12016.27581037","12016.27581037","12016.27581037","31816.8831952141","19800.6073848441","338","2","2","9162.59790194362","34670.5675446687","25507.9696427251","43833.1654466124","21916.5827233062","21916.5827233062","12753.9848213626","9162.59790194362","9162.59790194362","9162.59790194362","34670.5675446687","25507.9696427251","338","2","2","12016.27581037","31816.8831952141","19800.6073848441","43833.1590055842","21916.5795027921","21916.5795027921","9900.30369242205","12016.27581037","12016.27581037","12016.27581037","31816.8831952141","19800.6073848441"
"339","5288","8011339010060000",{7C927A4A-4BDA-4A25-96FE-719CCCD821AB},"3.48111376309014e-06",National Capital Region (NCR),"NCR, First District, City of Manila",City of Manila - Tondo I / II,Barangay 6,"130000000","133900000","133901000","133901006","1380601006",Bgy,,Highly Urbanized Cities (HUC),,U,"664","771","0.04149926",No,,"0.00871333511139749",,,ADMIN2,"1748789491000","339","2","2","3197.88765128731","38301.3845556724","35103.4969043851","41499.2722069597","20749.6361034799","20749.6361034799","17551.7484521926","3197.88765128731","3197.88765128731","3197.88765128731","38301.3845556724","35103.4969043851","339","3","3","1599.38252520829","29580.9709611235","27981.5884359152","41499.2721857134","13833.0907285711","10318.9186993816","11690.5767361948","1599.38252520829","1599.38252520829","5959.15061229497","19949.9448302526","13990.7942179576","339","2","2","3197.88765128731","38301.3845556724","35103.4969043851","41499.2722069597","20749.6361034799","20749.6361034799","17551.7484521926","3197.88765128731","3197.88765128731","3197.88765128731","38301.3845556724","35103.4969043851"
"340","5342","8011339062090000",{AF8FAD0C-8CAB-4F73-B56F-F910AC059A36},"1.13457948199972e-05",National Capital Region (NCR),"NCR, First District, City of Manila",City of Manila - Sampaloc,Barangay 602,"130000000","133900000","133906000","133906209","1380606209",Bgy,,Highly Urbanized Cities (HUC),,U,"2434","2000","0.13526395",No,,"0.0152957041208859",,,ADMIN2,"1748789491000","340","4","4","2507.45793027886","74516.4746549253","72009.0167246465","135263.911093814","33815.9777734534","29119.9892543047","27145.8408933699","2507.45793027886","2507.45793027886","10039.5544559625","57592.4010909443","47552.8466349817","340","4","4","7364.82481924925","78380.6327908027","71015.8079715535","135263.91200971","33815.9780024275","24759.227199829","26800.2366391953","7364.82481924925","7364.82481924925","14355.8129388869","53276.1430659681","38920.3301270812","340","4","4","2507.45793027886","74516.4746549253","72009.0167246465","135263.911093814","33815.9777734534","29119.9892543047","27145.8408933699","2507.45793027886","2507.45793027886","10039.5544559625","57592.4010909443","47552.8466349817"
"341","5343","8011339062100000",{EEE501FA-A5BF-498D-9C66-0195D7C65AD7},"3.99177561569044e-06",National Capital Region (NCR),"NCR, First District, City of Manila",City of Manila - Sampaloc,Barangay 603,"130000000","133900000","133906000","133906210","1380606210",Bgy,,Highly Urbanized Cities (HUC),,U,"705","712","0.04758963",No,,"0.00838868689697778",,,ADMIN2,"1748789491000","341","3","3","7.39462206665485","44268.4829976078","44261.0883755412","47589.5114986282","15863.1704995427","3313.6338789537","20130.8906590592","7.39462206665485","7.39462206665485","1660.51425051018","23791.0584382808","22130.5441877706","341","2","2","2302.87973588998","45286.636702743","42983.756966853","47589.5164386329","23794.7582193165","23794.7582193165","21491.8784834265","2302.87973588998","2302.87973588998","2302.87973588998","45286.636702743","42983.756966853","341","3","3","7.39462206665485","44268.4829976078","44261.0883755412","47589.5114986282","15863.1704995427","3313.6338789537","20130.8906590592","7.39462206665485","7.39462206665485","1660.51425051018","23791.0584382808","22130.5441877706"
"342","5344","8011339062110000",{8DC0CCD3-C651-465E-A1AD-CC1D6378B336},"1.67721173927035e-06",National Capital Region (NCR),"NCR, First District, City of Manila",City of Manila - Sampaloc,Barangay 604,"130000000","133900000","133906000","133906211","1380606211",Bgy,,Highly Urbanized Cities (HUC),,U,"1785","1477","0.01999582",No,,"0.00995087503926906",,,ADMIN2,"1748789491000","342","4","4","313.24200927017","15396.4277497779","15083.1857405077","19995.8168624234","4998.95421560585","2143.07355168766","6093.85014582005","313.24200927017","313.24200927017","707.992555364193","9289.91587584751","8581.92332048331","342","4","4","238.681073779531","11300.3898802244","11061.7088064449","19995.818498043","4998.95462451076","4228.37377201956","4407.32040851611","238.681073779531","238.681073779531","903.959237684119","9093.9500113374","8189.99077365328","342","4","4","313.24200927017","15396.4277497779","15083.1857405077","19995.8168624234","4998.95421560585","2143.07355168766","6093.85014582005","313.24200927017","313.24200927017","707.992555364193","9289.91587584751","8581.92332048331"
"343","5345","8011339062120000",{346BC2F8-DB62-421F-B053-CA2202676E3B},"3.22500761666357e-06",National Capital Region (NCR),"NCR, First District, City of Manila",City of Manila - Sampaloc,Barangay 605,"130000000","133900000","133906000","133906212","1380606212",Bgy,,Highly Urbanized Cities (HUC),,U,"879","1751","0.03844848",No,,"0.00902042444234502",,,ADMIN2,"1748789491000","343","4","4","1153.40644002138","31788.1251142455","30634.7186742241","38448.4570247186","9612.11425617965","2753.46273522584","12868.7039915934","1153.40644002138","1153.40644002138","1162.32991494668","18061.8985974126","16899.5686824659","343","3","3","1302.00671416046","33107.3685371676","31805.3618230071","38448.4655396687","12816.1551798896","4039.0902883406","14391.500066728","1302.00671416046","1302.00671416046","2670.54850125053","18573.2294127541","15902.6809115036","343","4","4","1153.40644002138","31788.1251142455","30634.7186742241","38448.4570247186","9612.11425617965","2753.46273522584","12868.7039915934","1153.40644002138","1153.40644002138","1162.32991494668","18061.8985974126","16899.5686824659"
"344","5346","8011339062130000",{429C89BE-894D-4AD6-A281-2B5B56D8A195},"2.57657994469584e-06",National Capital Region (NCR),"NCR, First District, City of Manila",City of Manila - Sampaloc,Barangay 606,"130000000","133900000","133906000","133906213","1380606213",Bgy,,Highly Urbanized Cities (HUC),,U,"482","532","0.03071804",No,,"0.00720877350280117",,,ADMIN2,"1748789491000","344","4","4","2762.52474426978","12764.561565717","10002.0368214472","30718.0658288806","7679.51645722014","7595.4897594469","4123.13399578619","2762.52474426978","2762.52474426978","3680.99508751004","11678.0378269302","7997.04273942019","344","4","4","2421.88639731121","13036.4805423349","10614.5941450236","30718.0778694945","7679.51946737363","7629.85546492423","3764.54922339083","2421.88639731121","2421.88639731121","4818.91292300141","10540.1260117459","5721.21308874444","344","4","4","2762.52474426978","12764.561565717","10002.0368214472","30718.0658288806","7679.51645722014","7595.4897594469","4123.13399578619","2762.52474426978","2762.52474426978","3680.99508751004","11678.0378269302","7997.04273942019"
"345","5347","8011339062140000",{032AC266-48A5-42A3-96A1-D1119828F881},"3.94129937923554e-06",National Capital Region (NCR),"NCR, First District, City of Manila",City of Manila - Sampaloc,Barangay 607,"130000000","133900000","133906000","133906214","1380606214",Bgy,,Highly Urbanized Cities (HUC),,U,"1599","1782","0.04698849",No,,"0.00830130517168866",,,ADMIN2,"1748789491000","345","4","4","2914.95619452633","25685.3773358798","22770.4211413534","46988.4894485796","11747.1223621449","9194.07795908677","8473.15888635414","2914.95619452633","2914.95619452633","5572.39887548495","17921.8458488049","12349.4469733199","345","4","4","5339.14924453936","19926.0682045279","14586.9189599885","46988.4933354085","11747.1233338521","10861.6379431706","5250.94926075649","5339.14924453936","5339.14924453936","7791.27535695393","15702.9713107503","7911.69595379638","345","4","4","2914.95619452633","25685.3773358798","22770.4211413534","46988.4894485796","11747.1223621449","9194.07795908677","8473.15888635414","2914.95619452633","2914.95619452633","5572.39887548495","17921.8458488049","12349.4469733199"
"346","5348","8011339062150000",{A35F7FB3-8E18-4A9D-9365-1B980D14CB1F},"2.16348743573925e-06",National Capital Region (NCR),"NCR, First District, City of Manila",City of Manila - Sampaloc,Barangay 608,"130000000","133900000","133906000","133906215","1380606215",Bgy,,Highly Urbanized Cities (HUC),,U,"737","756","0.0257935",No,,"0.00912724417591698",,,ADMIN2,"1748789491000","346","2","2","160.034265664814","25633.421086568","25473.3868209032","25793.4553522328","12896.7276761164","12896.7276761164","12736.6934104516","160.034265664814","160.034265664814","160.034265664814","25633.421086568","25473.3868209032","346","3","3","1.12390465720091","19981.318601517","19980.1946968598","25793.4573790762","8597.81912635874","5811.01487290202","8391.53357026869","1.12390465720091","1.12390465720091","2906.06938877961","12896.1667372095","9990.0973484299","346","2","2","160.034265664814","25633.421086568","25473.3868209032","25793.4553522328","12896.7276761164","12896.7276761164","12736.6934104516","160.034265664814","160.034265664814","160.034265664814","25633.421086568","25473.3868209032"
"347","5349","8011339062160000",{6FDE0BDC-3899-4934-87F5-D905F685E497},"2.40447290261611e-06",National Capital Region (NCR),"NCR, First District, City of Manila",City of Manila - Sampaloc,Barangay 609,"130000000","133900000","133906000","133906216","1380606216",Bgy,,Highly Urbanized Cities (HUC),,U,"972","1046","0.02866657",No,,"0.00659197556806072",,,ADMIN2,"1748789491000","347","2","2","2960.12488418829","25706.4451076294","22746.3202234411","28666.5699918177","14333.2849959088","14333.2849959088","11373.1601117206","2960.12488418829","2960.12488418829","2960.12488418829","25706.4451076294","22746.3202234411","347","2","2","6602.87472699069","22063.6951780561","15460.8204510654","28666.5699050468","14333.2849525234","14333.2849525234","7730.41022553272","6602.87472699069","6602.87472699069","6602.87472699069","22063.6951780561","15460.8204510654","347","2","2","2960.12488418829","25706.4451076294","22746.3202234411","28666.5699918177","14333.2849959088","14333.2849959088","11373.1601117206","2960.12488418829","2960.12488418829","2960.12488418829","25706.4451076294","22746.3202234411"
"348","5341","8011339062080000",{259EBE08-6C87-415E-9255-C786661F8AD8},"9.75380323490324e-06",National Capital Region (NCR),"NCR, First District, City of Manila",City of Manila - Sampaloc,Barangay 601,"130000000","133900000","133906000","133906208","1380606208",Bgy,,Highly Urbanized Cities (HUC),,U,"8521","7759","0.11628338",No,,"0.0168324613065237",,,ADMIN2,"1748789491000","348","4","4","5320.42135428671","49140.8059678688","43820.3846135821","116283.39798383","29070.8494959576","30911.0853308374","16414.6753151077","5320.42135428671","5320.42135428671","14508.3419221563","43633.3570697588","29125.0151476025","348","4","4","6315.03863825475","49886.5843609061","43571.5457226513","116283.397288201","29070.8493220502","30040.88714452","17155.1740752605","6315.03863825475","6315.03863825475","12884.1422204149","45257.5564236855","32373.4142032707","348","4","4","5320.42135428671","49140.8059678688","43820.3846135821","116283.39798383","29070.8494959576","30911.0853308374","16414.6753151077","5320.42135428671","5320.42135428671","14508.3419221563","43633.3570697588","29125.0151476025"
"349","5361","8011339062220000",{2CA7B905-FE32-400E-86C5-57BC4FA0FEBA},"1.70613689469189e-06",National Capital Region (NCR),"NCR, First District, City of Manila",City of Manila - Sampaloc,Barangay 615,"130000000","133900000","133906000","133906222","1380606222",Bgy,,Highly Urbanized Cities (HUC),,U,"2076","1828","0.02034054",No,,"0.0130056449350405",,,ADMIN2,"1748789491000","349","4","4","1085.43297820015","11511.0948681994","10425.6618899993","20340.6265892948","5085.1566473237","3872.04937144761","3904.02141913496","1085.43297820015","1085.43297820015","2176.29221408171","7994.02108056569","5817.72886648398","349","3","3","4218.97253166073","9160.57129887118","4941.59876721045","20340.6559880812","6780.21866269373","6961.11215754928","2021.45021150407","4218.97253166073","4218.97253166073","5590.04234460501","8060.84172821023","2470.79938360522","349","4","4","1085.43297820015","11511.0948681994","10425.6618899993","20340.6265892948","5085.1566473237","3872.04937144761","3904.02141913496","1085.43297820015","1085.43297820015","2176.29221408171","7994.02108056569","5817.72886648398"
"350","5362","8011339062230000",{17023296-AFFB-4E71-825A-FD0BB38931C2},"2.63307544729428e-06",National Capital Region (NCR),"NCR, First District, City of Manila",City of Manila - Sampaloc,Barangay 616,"130000000","133900000","133906000","133906223","1380606223",Bgy,,Highly Urbanized Cities (HUC),,U,"1014","910","0.03139172",No,,"0.013775255739078",,,ADMIN2,"1748789491000","350","2","2","7885.80549734207","23505.976406655","15620.1709093129","31391.7819039971","15695.8909519985","15695.8909519985","7810.08545465646","7885.80549734207","7885.80549734207","7885.80549734207","23505.976406655","15620.1709093129","350","2","2","299.355477311172","31092.4231577348","30793.0676804236","31391.778635046","15695.889317523","15695.889317523","15396.5338402118","299.355477311172","299.355477311172","299.355477311172","31092.4231577348","30793.0676804236","350","2","2","7885.80549734207","23505.976406655","15620.1709093129","31391.7819039971","15695.8909519985","15695.8909519985","7810.08545465646","7885.80549734207","7885.80549734207","7885.80549734207","23505.976406655","15620.1709093129"
"351","5360","8011339062210000",{3664C41E-E3E4-4A3C-A2D7-99D97A01940B},"1.38725024555116e-06",National Capital Region (NCR),"NCR, First District, City of Manila",City of Manila - Sampaloc,Barangay 614,"130000000","133900000","133906000","133906221","1380606221",Bgy,,Highly Urbanized Cities (HUC),,U,"568","404","0.01653892",No,,"0.0100921226688845",,,ADMIN2,"1748789491000","351","2","2","2132.94916674835","14405.9697292449","12273.0205624966","16538.9188959933","8269.45944799663","8269.45944799663","6136.51028124828","2132.94916674835","2132.94916674835","2132.94916674835","14405.9697292449","12273.0205624966","351","2","2","967.534559920632","15571.3842094975","14603.8496495769","16538.9187694181","8269.45938470907","8269.45938470907","7301.92482478844","967.534559920632","967.534559920632","967.534559920632","15571.3842094975","14603.8496495769","351","2","2","2132.94916674835","14405.9697292449","12273.0205624966","16538.9188959933","8269.45944799663","8269.45944799663","6136.51028124828","2132.94916674835","2132.94916674835","2132.94916674835","14405.9697292449","12273.0205624966"
"352","5384","8011339062360000",{BE0DF86D-5253-4E42-84DA-14F285EECA82},"3.30235800264414e-06",National Capital Region (NCR),"NCR, First District, City of Manila",City of Manila - Sampaloc,Barangay 629,"130000000","133900000","133906000","133906236","1380606236",Bgy,,Highly Urbanized Cities (HUC),,U,"1682","1633","0.03936968",No,,"0.00951533511792801",,,ADMIN2,"1748789491000","352","3","3","1185.66956111813","31681.4645094705","30495.7949483524","39369.6535570216","13123.2178523405","6502.51948643296","13300.9676971825","1185.66956111813","1185.66956111813","3844.09452377554","19091.9919979517","15247.8974741762","352","3","3","7592.8748656192","16112.1376273835","8519.26276176426","39369.6612795086","13123.2204265029","15664.6487865059","3914.80975125371","7592.8748656192","7592.8748656192","11628.7618260626","15888.3932069447","4259.63138088213","352","3","3","1185.66956111813","31681.4645094705","30495.7949483524","39369.6535570216","13123.2178523405","6502.51948643296","13300.9676971825","1185.66956111813","1185.66956111813","3844.09452377554","19091.9919979517","15247.8974741762"
"353","5364","8011339062250000",{B9D6C677-A0E9-458C-8087-39609FA7CF45},"3.36867203907561e-06",National Capital Region (NCR),"NCR, First District, City of Manila",City of Manila - Sampaloc,Barangay 618,"130000000","133900000","133906000","133906225","1380606225",Bgy,,Highly Urbanized Cities (HUC),,U,"865","740","0.040162",No,,"0.0108768260497049",,,ADMIN2,"1748789491000","353","4","4","94.0794637547533","39560.8566671817","39466.7772034269","40162.0346008483","10040.5086502121","253.549234955934","17043.9470740843","94.0794637547533","94.0794637547533","109.609928957284","19971.4073714669","19861.7974425096","353","4","4","40.610130332454","38113.6229264116","38073.0127960792","40162.0331168341","10040.5082792085","1003.90003004502","16218.6320311204","40.610130332454","40.610130332454","214.48211944152","19866.5344389755","19652.052319534","353","4","4","94.0794637547533","39560.8566671817","39466.7772034269","40162.0346008483","10040.5086502121","253.549234955934","17043.9470740843","94.0794637547533","94.0794637547533","109.609928957284","19971.4073714669","19861.7974425096"
"354","5359","8011339062200000",{83B44099-F6AB-4DD8-80B8-ECAF78706BE5},"2.19059601475749e-06",National Capital Region (NCR),"NCR, First District, City of Manila",City of Manila - Sampaloc,Barangay 613,"130000000","133900000","133906000","133906220","1380606220",Bgy,,Highly Urbanized Cities (HUC),,U,"672","568","0.02611647",No,,"0.0103011184258091",,,ADMIN2,"1748789491000","354","2","2","3390.52583485038","22725.9446486893","19335.418813839","26116.4704835397","13058.2352417699","13058.2352417699","9667.70940691948","3390.52583485038","3390.52583485038","3390.52583485038","22725.9446486893","19335.418813839","354","3","3","64.0821295275819","24920.8907880711","24856.8086585435","26116.4704974191","8705.49016580638","1131.49757982049","11474.2975657565","64.0821295275819","64.0821295275819","597.789854674034","13026.1941839458","12428.4043292717","354","2","2","3390.52583485038","22725.9446486893","19335.418813839","26116.4704835397","13058.2352417699","13058.2352417699","9667.70940691948","3390.52583485038","3390.52583485038","3390.52583485038","22725.9446486893","19335.418813839"
"355","5358","8011339062190000",{81C82263-E295-45C8-9CD5-7A939F473372},"1.83762589687494e-06",National Capital Region (NCR),"NCR, First District, City of Manila",City of Manila - Sampaloc,Barangay 612,"130000000","133900000","133906000","133906219","1380606219",Bgy,,Highly Urbanized Cities (HUC),,U,"648","703","0.02190825",No,,"0.0111849410920258",,,ADMIN2,"1748789491000","355","3","3","33.0793946317717","16472.2454493344","16439.1660547027","21908.2290201796","7302.74300672654","5402.90417621341","6844.39360985648","33.0793946317717","33.0793946317717","2717.99178542259","10937.5748127739","8219.58302735134","355","4","4","109.706379643916","21060.9878326821","20951.2814530382","21908.2334205236","5477.05835513091","368.769604098821","8999.35848405126","109.706379643916","109.706379643916","128.977289461492","10825.1394208003","10696.1621313388","355","3","3","33.0793946317717","16472.2454493344","16439.1660547027","21908.2290201796","7302.74300672654","5402.90417621341","6844.39360985648","33.0793946317717","33.0793946317717","2717.99178542259","10937.5748127739","8219.58302735134"
"356","5367","8011339010620000",{CFC76005-6499-472A-83D2-87FE1508208A},"1.73341766621667e-06",National Capital Region (NCR),"NCR, First District, City of Manila",City of Manila - Tondo I / II,Barangay 62,"130000000","133900000","133901000","133901062","1380601062",Bgy,,Highly Urbanized Cities (HUC),,U,"1879","1967","0.02066432",No,,"0.00643165478502412",,,ADMIN2,"1748789491000","356","2","2","1599.38330854452","19064.9377366642","17465.5544281197","20664.3210452087","10332.1605226044","10332.1605226044","8732.77721405984","1599.38330854452","1599.38330854452","1599.38330854452","19064.9377366642","17465.5544281197","356","3","3","199.922919243516","12406.0777276804","12206.1548084369","20664.3209173603","6888.10697245342","8058.32027043631","5051.37625959262","199.922919243516","199.922919243516","4129.12159483991","10232.1989990584","6103.07740421846","356","2","2","1599.38330854452","19064.9377366642","17465.5544281197","20664.3210452087","10332.1605226044","10332.1605226044","8732.77721405984","1599.38330854452","1599.38330854452","1599.38330854452","19064.9377366642","17465.5544281197"
"357","5380","8011339062320000",{41FD73F9-E9A2-423E-A1FB-6A898B2BEF64},"2.6889996561518e-06",National Capital Region (NCR),"NCR, First District, City of Manila",City of Manila - Sampaloc,Barangay 625,"130000000","133900000","133906000","133906232","1380606232",Bgy,,Highly Urbanized Cities (HUC),,U,"1137","1027","0.03205912",No,,"0.00687449079929259",,,ADMIN2,"1748789491000","357","2","2","351.425469725727","31707.6955877674","31356.2701180417","32059.1210574931","16029.5605287466","16029.5605287466","15678.1350590208","351.425469725727","351.425469725727","351.425469725727","31707.6955877674","31356.2701180417","357","3","3","1.04028137002388","31315.9085509884","31314.8682696184","32059.1210516994","10686.3736838998","742.172219340919","14590.4215329028","1.04028137002388","1.04028137002388","371.606250355471","16029.0403851647","15657.4341348092","357","2","2","351.425469725727","31707.6955877674","31356.2701180417","32059.1210574931","16029.5605287466","16029.5605287466","15678.1350590208","351.425469725727","351.425469725727","351.425469725727","31707.6955877674","31356.2701180417"
"358","5381","8011339062330000",{03EA6F33-9EBF-481F-B99C-5DA26881ACAB},"2.75303386389439e-06",National Capital Region (NCR),"NCR, First District, City of Manila",City of Manila - Sampaloc,Barangay 626,"130000000","133900000","133906000","133906233","1380606233",Bgy,,Highly Urbanized Cities (HUC),,U,"1404","1285","0.03282084",No,,"0.00688866933748982",,,ADMIN2,"1748789491000","358","2","2","4274.84936785077","28545.9863637911","24271.1369959403","32820.8357316418","16410.4178658209","16410.4178658209","12135.5684979701","4274.84936785077","4274.84936785077","4274.84936785077","28545.9863637911","24271.1369959403","358","2","2","900.904690498142","31919.9311088974","31019.0264183993","32820.8357993956","16410.4178996978","16410.4178996978","15509.5132091996","900.904690498142","900.904690498142","900.904690498142","31919.9311088974","31019.0264183993","358","2","2","4274.84936785077","28545.9863637911","24271.1369959403","32820.8357316418","16410.4178658209","16410.4178658209","12135.5684979701","4274.84936785077","4274.84936785077","4274.84936785077","28545.9863637911","24271.1369959403"
"359","5382","8011339062340000",{D49B6802-14CD-4BE6-AE50-DD012AD631BF},"3.3778131098224e-06",National Capital Region (NCR),"NCR, First District, City of Manila",City of Manila - Sampaloc,Barangay 627,"130000000","133900000","133906000","133906234","1380606234",Bgy,,Highly Urbanized Cities (HUC),,U,"1148","1605","0.04026926",No,,"0.00756578573874287",,,ADMIN2,"1748789491000","359","3","3","569.347596053682","38770.2271413511","38200.8795452974","40269.2701306886","13423.0900435629","929.695393283844","17923.7362534396","569.347596053682","569.347596053682","749.521494668763","19849.9612673175","19100.4397726487","359","3","3","1371.11518658888","29402.223925979","28031.1087393901","40269.2690169933","13423.0896723311","9495.92990442537","11775.7576450342","1371.11518658888","1371.11518658888","5433.52254550713","19449.0769152022","14015.5543696951","359","3","3","569.347596053682","38770.2271413511","38200.8795452974","40269.2701306886","13423.0900435629","929.695393283844","17923.7362534396","569.347596053682","569.347596053682","749.521494668763","19849.9612673175","19100.4397726487"
"360","5377","8011339062290000",{DC92CFC3-A092-424A-8AA1-40A4F0A7E510},"2.08060824605513e-06",National Capital Region (NCR),"NCR, First District, City of Manila",City of Manila - Sampaloc,Barangay 622,"130000000","133900000","133906000","133906229","1380606229",Bgy,,Highly Urbanized Cities (HUC),,U,"1264","1197","0.02480546",No,,"0.00922068822291233",,,ADMIN2,"1748789491000","360","2","2","399.869756083615","24405.6002832352","24005.7305271516","24805.4700393188","12402.7350196594","12402.7350196594","12002.8652635758","399.869756083615","399.869756083615","399.869756083615","24405.6002832352","24005.7305271516","360","2","2","10790.0765431539","14015.3929241063","3225.31638095244","24805.4694672602","12402.7347336301","12402.7347336301","1612.65819047622","10790.0765431539","10790.0765431539","10790.0765431539","14015.3929241063","3225.31638095244","360","2","2","399.869756083615","24405.6002832352","24005.7305271516","24805.4700393188","12402.7350196594","12402.7350196594","12002.8652635758","399.869756083615","399.869756083615","399.869756083615","24405.6002832352","24005.7305271516"
"361","5378","8011339062300000",{0EC67302-68CB-4DE9-9E48-A964272221DA},"2.1210556662222e-06",National Capital Region (NCR),"NCR, First District, City of Manila",City of Manila - Sampaloc,Barangay 623,"130000000","133900000","133906000","133906230","1380606230",Bgy,,Highly Urbanized Cities (HUC),,U,"1081","954","0.02528787",No,,"0.0057418658010532",,,ADMIN2,"1748789491000","361","1","1","25287.8644412891","25287.8644412891","0","25287.8644412891","25287.8644412891","25287.8644412891","0","25287.8644412891","25287.8644412891","25287.8644412891","25287.8644412891","0","361","2","2","1889.69700679355","23398.1674745822","21508.4704677887","25287.8644813758","12643.9322406879","12643.9322406879","10754.2352338943","1889.69700679355","1889.69700679355","1889.69700679355","23398.1674745822","21508.4704677887","361","1","1","25287.8644412891","25287.8644412891","0","25287.8644412891","25287.8644412891","25287.8644412891","0","25287.8644412891","25287.8644412891","25287.8644412891","25287.8644412891","0"
"362","5379","8011339062310000",{30918DD4-29D4-4FC1-B160-84BC5F258CE2},"2.03097174195556e-06",National Capital Region (NCR),"NCR, First District, City of Manila",City of Manila - Sampaloc,Barangay 624,"130000000","133900000","133906000","133906231","1380606231",Bgy,,Highly Urbanized Cities (HUC),,U,"1144","1429","0.02421376",No,,"0.00792198936446486",,,ADMIN2,"1748789491000","362","1","1","24213.7774441531","24213.7774441531","0","24213.7774441531","24213.7774441531","24213.7774441531","0","24213.7774441531","24213.7774441531","24213.7774441531","24213.7774441531","0","362","2","2","2962.53746191834","21251.2393529457","18288.7018910273","24213.776814864","12106.888407432","12106.888407432","9144.35094551367","2962.53746191834","2962.53746191834","2962.53746191834","21251.2393529457","18288.7018910273","362","1","1","24213.7774441531","24213.7774441531","0","24213.7774441531","24213.7774441531","24213.7774441531","0","24213.7774441531","24213.7774441531","24213.7774441531","24213.7774441531","0"
"363","5392","8011339062400000",{D7A44273-1232-46AC-8D43-275846E8C553},"1.30310558849595e-06",National Capital Region (NCR),"NCR, First District, City of Manila",City of Manila - Sampaloc,Barangay 633,"130000000","133900000","133906000","133906240","1380606240",Bgy,,Highly Urbanized Cities (HUC),,U,"1698","447","0.01553529",No,,"0.00742119339519625",,,ADMIN2,"1748789491000","363","4","4","90.5335571340838","11925.3348665061","11834.801309372","15535.302227254","3883.82555681351","1759.71690180693","4743.12533040256","90.5335571340838","90.5335571340838","436.461199899371","7331.18991372764","6894.72871382827","363","4","4","641.631152469712","12903.3084115129","12261.6772590432","15535.3054587826","3883.82636469564","995.182947399981","5209.60040015324","641.631152469712","641.631152469712","786.124032927861","6981.52869646343","6195.40466353557","363","4","4","90.5335571340838","11925.3348665061","11834.801309372","15535.302227254","3883.82555681351","1759.71690180693","4743.12533040256","90.5335571340838","90.5335571340838","436.461199899371","7331.18991372764","6894.72871382827"
"364","5394","8011339062420000",{924953A7-19FA-4454-AF9C-5EE1C5FC3FB1},"4.45965049813765e-06",National Capital Region (NCR),"NCR, First District, City of Manila",City of Manila - Sampaloc,Barangay 635,"130000000","133900000","133906000","133906242","1380606242",Bgy,,Highly Urbanized Cities (HUC),,U,"716","660","0.05316714",No,,"0.011951766718351",,,ADMIN2,"1748789491000","364","4","4","30.4895964673779","36219.5417063369","36189.0521098696","53167.1052302598","13291.7763075649","8458.53696372772","14888.3560712232","30.4895964673779","30.4895964673779","85.3662898869661","26498.1863252429","26412.8200353559","364","4","4","170.731137412127","45677.1028958212","45506.3717584091","53167.1026247955","13291.7756561989","3659.63429578104","18880.2308885771","170.731137412127","170.731137412127","360.956640362387","26222.5946720353","25861.638031673","364","4","4","30.4895964673779","36219.5417063369","36189.0521098696","53167.1052302598","13291.7763075649","8458.53696372772","14888.3560712232","30.4895964673779","30.4895964673779","85.3662898869661","26498.1863252429","26412.8200353559"
"365","5390","8011339062380000",{AF899BF5-57C0-4349-8290-D0542533FD18},"4.10172198597439e-06",National Capital Region (NCR),"NCR, First District, City of Manila",City of Manila - Sampaloc,Barangay 631,"130000000","133900000","133906000","133906238","1380606238",Bgy,,Highly Urbanized Cities (HUC),,U,"2529","1254","0.04889962",No,,"0.00870435699052924",,,ADMIN2,"1748789491000","365","4","4","725.929389865283","44522.1325975925","43796.2032077272","48899.6192496756","12224.9048124189","1825.77863110894","18653.7773570015","725.929389865283","725.929389865283","1105.32919820334","23344.4804266345","22239.1512284311","365","3","3","2442.72326894835","40206.7099345821","37763.9866656338","48899.6150441488","16299.8716813829","6250.18184061829","16976.0001500592","2442.72326894835","2442.72326894835","4346.45255478332","23228.4458876002","18881.9933328169","365","4","4","725.929389865283","44522.1325975925","43796.2032077272","48899.6192496756","12224.9048124189","1825.77863110894","18653.7773570015","725.929389865283","725.929389865283","1105.32919820334","23344.4804266345","22239.1512284311"
"366","5391","8011339062390000",{CB3BADCE-5EEA-4AF4-B416-37C0577FCEE3},"1.2304122345975e-06",National Capital Region (NCR),"NCR, First District, City of Manila",City of Manila - Sampaloc,Barangay 632,"130000000","133900000","133906000","133906239","1380606239",Bgy,,Highly Urbanized Cities (HUC),,U,"1426","254","0.01466867",No,,"0.00706080026040906",,,ADMIN2,"1748789491000","366","3","3","527.258718832687","13291.263272913","12764.0045540804","14668.6698181498","4889.55660604993","850.147826404063","5942.36600078656","527.258718832687","527.258718832687","688.703272618375","7070.70554965855","6382.00227704018","366","3","3","1616.8764952311","9835.24059491549","8218.36409968439","14668.6670746947","4889.55569156491","3216.54998454814","3557.58234297098","1616.8764952311","1616.8764952311","2416.71323988962","6525.89528973182","4109.18204984219","366","3","3","527.258718832687","13291.263272913","12764.0045540804","14668.6698181498","4889.55660604993","850.147826404063","5942.36600078656","527.258718832687","527.258718832687","688.703272618375","7070.70554965855","6382.00227704018"
"367","5481","8011339100090000",{B71028BB-0711-4310-97F2-A8E422C13FF6},"5.99358964978286e-06",National Capital Region (NCR),"NCR, First District, City of Manila",City of Manila - Malate,Barangay 694,"130000000","133900000","133910000","133910009","1380610009",Bgy,,Highly Urbanized Cities (HUC),,U,"990","1281","0.07146182",No,,"0.00981695550730162",,,ADMIN2,"1748789491000","367","3","3","1882.05618689696","66379.2745830958","64497.2183961989","71089.7483627987","23696.5827875995","2828.41759280586","30183.693546457","1882.05618689696","1882.05618689696","2355.23688985141","34603.8460879508","32248.6091980994","367","3","3","3666.89924863375","51376.2802646116","47709.3810159778","71089.7458115617","23696.5819371872","16046.5662983163","20214.4884293117","3666.89924863375","3666.89924863375","9856.73277347504","33711.423281464","23854.6905079889","367","3","3","1882.05618689696","66379.2745830958","64497.2183961989","71089.7483627987","23696.5827875995","2828.41759280586","30183.693546457","1882.05618689696","1882.05618689696","2355.23688985141","34603.8460879508","32248.6091980994"
"368","5400","8011339010640000",{56C9754E-6C05-4799-9B09-8A6DC7BCC921},"1.29356058572028e-06",National Capital Region (NCR),"NCR, First District, City of Manila",City of Manila - Tondo I / II,Barangay 64,"130000000","133900000","133901000","133901064","1380601064",Bgy,,Highly Urbanized Cities (HUC),,U,"555","495","0.01542079",No,,"0.00470811420906897",,,ADMIN2,"1748789491000","368","2","2","399.845772819215","15020.9460220324","14621.1002492132","15420.7917948517","7710.39589742583","7710.39589742583","7310.55012460661","399.845772819215","399.845772819215","399.845772819215","15020.9460220324","14621.1002492132","368","2","2","6070.95367477729","9349.83828219886","3278.88460742157","15420.7919569762","7710.39597848808","7710.39597848808","1639.44230371078","6070.95367477729","6070.95367477729","6070.95367477729","9349.83828219886","3278.88460742157","368","2","2","399.845772819215","15020.9460220324","14621.1002492132","15420.7917948517","7710.39589742583","7710.39589742583","7310.55012460661","399.845772819215","399.845772819215","399.845772819215","15020.9460220324","14621.1002492132"
"369","5411","8011339070120000",{E30E46EF-91B8-46A2-96CF-260E1BE77A5D},"3.54444139745878e-06",National Capital Region (NCR),"NCR, First District, City of Manila",City of Manila - San Miguel,Barangay 648,"130000000","133900000","133907000","133907012","1380607012",Bgy,,Highly Urbanized Cities (HUC),,U,"5373","5634","0.04225707",No,,"0.0075210625081946",,,ADMIN2,"1748789491000","369","4","4","99.963605173165","35731.2925502001","35631.3289450269","42257.0598690299","10564.2649672575","3212.90185682833","14617.4816013528","99.963605173165","99.963605173165","974.788217372479","20153.7417171425","19178.95349977","369","4","4","1099.60020198577","28523.4887979522","27423.8885959664","42257.0600426688","10564.2650106672","6316.9855213654","10813.6084765241","1099.60020198577","1099.60020198577","2145.27702557338","18983.252995761","16837.9759701876","369","4","4","99.963605173165","35731.2925502001","35631.3289450269","42257.0598690299","10564.2649672575","3212.90185682833","14617.4816013528","99.963605173165","99.963605173165","974.788217372479","20153.7417171425","19178.95349977"
"370","5396","8011339070010000",{898149A5-F289-4C65-A381-B51DEA82C685},"2.6202525921798e-06",National Capital Region (NCR),"NCR, First District, City of Manila",City of Manila - San Miguel,Barangay 637,"130000000","133900000","133907000","133907001","1380607001",Bgy,,Highly Urbanized Cities (HUC),,U,"1395","1295","0.03123804",No,,"0.00821724111125235",,,ADMIN2,"1748789491000","370","3","3","87.7928698338364","25754.6927492602","25666.8998794264","31238.0433774086","10412.6811258029","5395.55775831452","11062.7327099764","87.7928698338364","87.7928698338364","2741.67531407418","15575.1252537874","12833.4499397132","370","4","4","87.7930352163967","28699.120970519","28611.3279353026","31238.0430856539","7809.51077141348","1225.56453995926","12069.5776000544","87.7930352163967","87.7930352163967","643.550814074273","14975.4707287527","14331.9199146784","370","3","3","87.7928698338364","25754.6927492602","25666.8998794264","31238.0433774086","10412.6811258029","5395.55775831452","11062.7327099764","87.7928698338364","87.7928698338364","2741.67531407418","15575.1252537874","12833.4499397132"
"371","5398","8011339070030000",{1426961F-EB46-41E2-B06D-96CADE07FB64},"2.5393140756226e-06",National Capital Region (NCR),"NCR, First District, City of Manila",City of Manila - San Miguel,Barangay 639,"130000000","133900000","133907000","133907003","1380607003",Bgy,,Highly Urbanized Cities (HUC),,U,"479","490","0.0302735",No,,"0.0081858705737129",,,ADMIN2,"1748789491000","371","2","2","12706.2043373775","17567.2865587655","4861.08222138797","30273.490896143","15136.7454480715","15136.7454480715","2430.54111069398","12706.2043373775","12706.2043373775","12706.2043373775","17567.2865587655","4861.08222138797","371","2","2","8097.13864227063","22176.3521781526","14079.2135358819","30273.4908204232","15136.7454102116","15136.7454102116","7039.60676794097","8097.13864227063","8097.13864227063","8097.13864227063","22176.3521781526","14079.2135358819","371","2","2","12706.2043373775","17567.2865587655","4861.08222138797","30273.490896143","15136.7454480715","15136.7454480715","2430.54111069398","12706.2043373775","12706.2043373775","12706.2043373775","17567.2865587655","4861.08222138797"
"372","5405","8011339070060000",{C02BB28E-40C1-47D6-9E14-394B2FEAE8A6},"4.69848431385106e-06",National Capital Region (NCR),"NCR, First District, City of Manila",City of Manila - San Miguel,Barangay 642,"130000000","133900000","133907000","133907006","1380607006",Bgy,,Highly Urbanized Cities (HUC),,U,"1214","1279","0.05601513",No,,"0.00991515782795868",,,ADMIN2,"1748789491000","372","3","3","99.9641443218279","30053.38225153","29953.4181072081","56015.1127953602","18671.7042651201","25861.7663995084","13243.2261728674","99.9641443218279","99.9641443218279","12980.8652719151","27957.5743255192","14976.7090536041","372","4","4","99.9641426349699","53241.6502355054","53141.6860928705","56015.1124520317","14003.7781130079","1336.74903694566","22675.3313639588","99.9641426349699","99.9641426349699","121.625179364257","27885.9310466516","27764.3058672873","372","3","3","99.9641443218279","30053.38225153","29953.4181072081","56015.1127953602","18671.7042651201","25861.7663995084","13243.2261728674","99.9641443218279","99.9641443218279","12980.8652719151","27957.5743255192","14976.7090536041"
"373","5407","8011339070080000",{48A70F2E-DB79-42E1-8132-ECFA9898B43F},"2.09688545628678e-06",National Capital Region (NCR),"NCR, First District, City of Manila",City of Manila - San Miguel,Barangay 644,"130000000","133900000","133907000","133907008","1380607008",Bgy,,Highly Urbanized Cities (HUC),,U,"734","729","0.02499926",No,,"0.00940464684559924",,,ADMIN2,"1748789491000","373","3","3","15.7306465014117","13882.8522698423","13867.1216233409","24999.3829584587","8333.12765281958","11100.800042115","5989.95121682881","15.7306465014117","15.7306465014117","5558.26534430821","12491.8261559787","6933.56081167045","373","3","3","1739.9633141416","17945.5306121281","16205.5672979865","24999.3795684978","8333.12652283259","5313.88564222811","6951.83258734592","1739.9633141416","1739.9633141416","3526.92447818485","11629.7081271781","8102.78364899323","373","3","3","15.7306465014117","13882.8522698423","13867.1216233409","24999.3829584587","8333.12765281958","11100.800042115","5989.95121682881","15.7306465014117","15.7306465014117","5558.26534430821","12491.8261559787","6933.56081167045"
"374","5408","8011339070090000",{5BDFC925-851B-4F76-8516-A3AEA5C13BFD},"7.05686368655112e-06",National Capital Region (NCR),"NCR, First District, City of Manila",City of Manila - San Miguel,Barangay 645,"130000000","133900000","133907000","133907009","1380607009",Bgy,,Highly Urbanized Cities (HUC),,U,"1988","1704","0.08413293",No,,"0.0113955531605907",,,ADMIN2,"1748789491000","374","2","2","38467.8761590913","45665.0599860305","7197.18382693916","84132.9361451218","42066.4680725609","42066.4680725609","3598.59191346958","38467.8761590913","38467.8761590913","38467.8761590913","45665.0599860305","7197.18382693916","374","3","3","568.055167379731","62821.3005542449","62253.2453868652","84132.9361298675","28044.3120432892","20743.5804082429","25933.789440349","568.055167379731","568.055167379731","10655.8177878113","41782.4404812439","31126.6226934326","374","2","2","38467.8761590913","45665.0599860305","7197.18382693916","84132.9361451218","42066.4680725609","42066.4680725609","3598.59191346958","38467.8761590913","38467.8761590913","38467.8761590913","45665.0599860305","7197.18382693916"
"375","5409","8011339070100000",{9C2413CD-291E-4263-BF84-BDB49C8F5228},"5.83231753933525e-06",National Capital Region (NCR),"NCR, First District, City of Manila",City of Manila - San Miguel,Barangay 646,"130000000","133900000","133907000","133907010","1380607010",Bgy,,Highly Urbanized Cities (HUC),,U,"867","918","0.06953371",No,,"0.0102644034870139",,,ADMIN2,"1748789491000","375","3","3","240.799716170673","48470.9460902979","48230.1463741272","69533.7258049913","23177.9086016638","20821.9799985227","19760.2219033552","240.799716170673","240.799716170673","10531.3898573467","34646.4630444103","24115.0731870636","375","4","4","199.927364185918","56696.5006492687","56496.5732850828","69533.7257616156","17383.4314404039","6318.64887408049","23103.2517981631","199.927364185918","199.927364185918","774.536492740644","33992.3263880672","33217.7898953265","375","3","3","240.799716170673","48470.9460902979","48230.1463741272","69533.7258049913","23177.9086016638","20821.9799985227","19760.2219033552","240.799716170673","240.799716170673","10531.3898573467","34646.4630444103","24115.0731870636"
"376","5410","8011339070110000",{52FA576E-87DA-4B0D-A51B-6793EDC808D1},"9.70567614616201e-06",National Capital Region (NCR),"NCR, First District, City of Manila",City of Manila - San Miguel,Barangay 647,"130000000","133900000","133907000","133907011","1380607011",Bgy,,Highly Urbanized Cities (HUC),,U,"1153","2440","0.11571183",No,,"0.014218658528616",,,ADMIN2,"1748789491000","376","3","3","108.788147757296","68275.6096119082","68166.8214641509","115711.822534782","38570.607511594","47327.4247751164","28509.5337687986","108.788147757296","108.788147757296","23718.1064614369","57801.5171935123","34083.4107320754","376","3","3","1302.66767630285","74410.1455592782","73107.4778829753","115711.822367605","38570.6074558682","39999.0091320236","29863.0884662406","1302.66767630285","1302.66767630285","20650.8384041632","57204.5773456509","36553.7389414877","376","3","3","108.788147757296","68275.6096119082","68166.8214641509","115711.822534782","38570.607511594","47327.4247751164","28509.5337687986","108.788147757296","108.788147757296","23718.1064614369","57801.5171935123","34083.4107320754"
"377","5404","8011339070050000",{5E08ECC1-1352-4217-9872-1CB9ECBD80DA},"7.38015164139265e-06",National Capital Region (NCR),"NCR, First District, City of Manila",City of Manila - San Miguel,Barangay 641,"130000000","133900000","133907000","133907005","1380607005",Bgy,,Highly Urbanized Cities (HUC),,U,"705","763","0.08798516",No,,"0.0122671107573776",,,ADMIN2,"1748789491000","377","3","3","399.856752729393","55520.1285328855","55120.2717801561","87985.2278057783","29328.4092685928","32065.2425201634","22585.8183006467","399.856752729393","399.856752729393","16232.5496364464","43792.6855265244","27560.135890078","377","4","4","199.928296513244","78004.1070536208","77804.1787571076","87985.2233666853","21996.3058416713","4890.59400827562","32424.3052542709","199.928296513244","199.928296513244","1534.34204423852","42458.2696391041","40923.9275948656","377","3","3","399.856752729393","55520.1285328855","55120.2717801561","87985.2278057783","29328.4092685928","32065.2425201634","22585.8183006467","399.856752729393","399.856752729393","16232.5496364464","43792.6855265244","27560.135890078"
"378","5406","8011339070070000",{E0475A0D-B48D-44BF-94D6-F27DE822CE68},"1.10617199006812e-05",National Capital Region (NCR),"NCR, First District, City of Manila",City of Manila - San Miguel,Barangay 643,"130000000","133900000","133907000","133907007","1380607007",Bgy,,Highly Urbanized Cities (HUC),,U,"665","657","0.1318782",No,,"0.0161237526212687",,,ADMIN2,"1748789491000","378","3","3","584.055781640462","75120.2219223653","74536.1661407248","131878.110544018","43959.3701813395","56173.8328400127","31631.2592147865","584.055781640462","584.055781640462","28378.9443108266","65647.027381189","37268.0830703624","378","4","4","399.857619492221","103888.921219994","103489.063600502","131878.114401482","32969.5286003704","13794.6677809976","42162.2648910501","399.857619492221","399.857619492221","1129.30627919282","64809.7509215481","63680.4446423552","378","3","3","584.055781640462","75120.2219223653","74536.1661407248","131878.110544018","43959.3701813395","56173.8328400127","31631.2592147865","584.055781640462","584.055781640462","28378.9443108266","65647.027381189","37268.0830703624"
"379","5418","8011339130030000",{3D5E7DBC-4EE7-45E9-8391-675EBEEDACF9},"1.4580591105016e-05",National Capital Region (NCR),"NCR, First District, City of Manila",City of Manila - Port Area,Barangay 651,"130000000","133900000","133913000","133913003","1380613003",Bgy,,Highly Urbanized Cities (HUC),,U,"2967","2556","0.1738357",No,,"0.0160242117565257",,,ADMIN2,"1748789491000","379","3","3","25217.1876528449","77215.2603926674","51998.0727398225","173835.685519511","57945.2285065036","71403.2374739985","23263.5393723146","25217.1876528449","25217.1876528449","48310.2125634217","74309.2489333329","25999.0363699112","379","3","3","18231.9850523977","93448.8131620461","75216.8281096484","173835.706463356","57945.2354877854","62154.9082489123","30851.0811942999","18231.9850523977","18231.9850523977","40193.446650655","77801.8607054792","37608.4140548242","379","3","3","25217.1876528449","77215.2603926674","51998.0727398225","173835.685519511","57945.2285065036","71403.2374739985","23263.5393723146","25217.1876528449","25217.1876528449","48310.2125634217","74309.2489333329","25999.0363699112"
"380","5419","8011339130040000",{A3CD6C23-A4D0-4D1A-8A03-B60C6414A633},"7.97880939092091e-06",National Capital Region (NCR),"NCR, First District, City of Manila",City of Manila - Port Area,Barangay 652,"130000000","133900000","133913000","133913004","1380613004",Bgy,,Highly Urbanized Cities (HUC),,U,"51","39","0.09512737",No,,"0.0128303629569092",,,ADMIN2,"1748789491000","380","3","3","11000.7470440379","45586.9755476154","34586.2285035775","95127.4008033566","31709.1336011189","38539.6782117034","14923.0036137347","11000.7470440379","11000.7470440379","24770.2126278706","42063.3268796594","17293.1142517887","380","3","3","5253.46901415757","50241.7119982458","44988.2429840883","95127.4023967308","31709.1341322436","39632.2213843274","19201.8572956184","5253.46901415757","5253.46901415757","22442.8451992425","44936.9666912866","22494.1214920441","380","3","3","11000.7470440379","45586.9755476154","34586.2285035775","95127.4008033566","31709.1336011189","38539.6782117034","14923.0036137347","11000.7470440379","11000.7470440379","24770.2126278706","42063.3268796594","17293.1142517887"
"381","5422","8011339090020000",{86E3833F-D642-4848-BD1E-D7497E46EF7A},"1.67866575890533e-05",National Capital Region (NCR),"NCR, First District, City of Manila",City of Manila - Intramuros,Barangay 655,"130000000","133900000","133909000","133909002","1380609002",Bgy,,Highly Urbanized Cities (HUC),,U,"1671","1607","0.20013439",No,,"0.0163264411522091",,,ADMIN2,"1748789491000","381","4","4","2698.97568226821","138729.670627917","136030.694945649","200134.385650401","50033.5964126002","29352.8696701077","54092.0401609584","2698.97568226821","2698.97568226821","6402.70584779406","93664.4869774063","87261.7811296122","381","4","4","2599.01364499208","151310.339121864","148711.325476872","200134.376014283","50033.5940035707","23112.5116237136","59929.9491596521","2599.01364499208","2599.01364499208","5697.83559017919","94369.3524169623","88671.5168267831","381","4","4","2698.97568226821","138729.670627917","136030.694945649","200134.385650401","50033.5964126002","29352.8696701077","54092.0401609584","2698.97568226821","2698.97568226821","6402.70584779406","93664.4869774063","87261.7811296122"
"382","5421","8011339090010000",{B413E786-04AE-47E8-B1E7-4136BF2E549B},"7.27866208062282e-06",National Capital Region (NCR),"NCR, First District, City of Manila",City of Manila - Intramuros,Barangay 654,"130000000","133900000","133909000","133909001","1380609001",Bgy,,Highly Urbanized Cities (HUC),,U,"1137","1042","0.0867771",No,,"0.0124992043006274",,,ADMIN2,"1748789491000","382","4","4","99.9626606148377","39022.0080362062","38922.0453755913","86777.0826921019","21694.2706730255","23827.5559976405","14189.0162286133","99.9626606148377","99.9626606148377","10038.7173513795","33349.8239946715","23311.1066432919","382","3","3","21354.4438752729","34830.2846170404","13475.8407417675","86777.072607637","28925.6908692123","30592.3441153237","5626.29959543871","21354.4438752729","21354.4438752729","25973.3939952983","32711.3143661821","6737.92037088377","382","4","4","99.9626606148377","39022.0080362062","38922.0453755913","86777.0826921019","21694.2706730255","23827.5559976405","14189.0162286133","99.9626606148377","99.9626606148377","10038.7173513795","33349.8239946715","23311.1066432919"
"383","5426","8011339080010000",{9CF3BF62-02B0-4111-A79C-7784201B2B26},"1.17691930213837e-05",National Capital Region (NCR),"NCR, First District, City of Manila",City of Manila - Ermita,Barangay 659,"130000000","133900000","133908000","133908001","1380608001",Bgy,,Highly Urbanized Cities (HUC),,U,"413","361","0.14031621",No,,"0.0149474238676751",,,ADMIN2,"1748789491000","383","4","4","399.85303175365","126818.350708336","126418.497676582","140316.137016893","35079.0342542231","6548.96663840167","53154.9401991484","399.85303175365","399.85303175365","849.686986736531","69308.3815217097","68458.6945349732","383","4","4","999.631409705296","131709.220891008","130709.589481303","140316.129463694","35079.0323659235","3803.63858149033","55808.7152708916","999.631409705296","999.631409705296","1754.39237502969","68403.6723568173","66649.2799817876","383","4","4","399.85303175365","126818.350708336","126418.497676582","140316.137016893","35079.0342542231","6548.96663840167","53154.9401991484","399.85303175365","399.85303175365","849.686986736531","69308.3815217097","68458.6945349732"
"384","5427","8011339080020000",{A2B2D4AA-8498-4B1A-BCD2-977DF9526A34},"2.9797822239393e-05",National Capital Region (NCR),"NCR, First District, City of Manila",City of Manila - Ermita,Barangay 659-A,"130000000","133900000","133908000","133908002","1380608002",Bgy,,Highly Urbanized Cities (HUC),,U,"1401","2607","0.35525251",No,,"0.0242094924767258",,,ADMIN2,"1748789491000","384","4","4","7827.91282406865","240417.900376535","232589.987552467","355252.491679263","88813.1229198159","53503.3392393297","92989.0933038831","7827.91282406865","7827.91282406865","12806.0647099803","164820.181129651","152014.116419671","384","4","4","20419.660359611","234031.522283867","213611.861924256","355252.49131327","88813.1228283174","50400.6543348956","86300.1810447658","20419.660359611","20419.660359611","23824.6045279489","153801.641128686","129977.036600737","384","4","4","7827.91282406865","240417.900376535","232589.987552467","355252.491679263","88813.1229198159","53503.3392393297","92989.0933038831","7827.91282406865","7827.91282406865","12806.0647099803","164820.181129651","152014.116419671"
"385","5429","8011339010660000",{892F89CB-7B2E-4243-853B-3BB6A364109D},"2.21764393993809e-06",National Capital Region (NCR),"NCR, First District, City of Manila",City of Manila - Tondo I / II,Barangay 66,"130000000","133900000","133901000","133901066","1380601066",Bgy,,Highly Urbanized Cities (HUC),,U,"3721","2956","0.02643659",No,,"0.00789359426044322",,,ADMIN2,"1748789491000","385","3","3","7521.90880695151","9996.46411533474","2474.55530838323","26436.5884373241","8812.19614577471","8918.21551503787","1013.01071845469","7521.90880695151","7521.90880695151","8220.06216099469","9457.3398151863","1237.27765419162","385","3","3","1866.20158118241","13936.3399814448","12070.1384002624","26436.5868190819","8812.19560636063","10634.0452564547","5093.22506610714","1866.20158118241","1866.20158118241","6250.12341881853","12285.1926189497","6035.06920013121","385","3","3","7521.90880695151","9996.46411533474","2474.55530838323","26436.5884373241","8812.19614577471","8918.21551503787","1013.01071845469","7521.90880695151","7521.90880695151","8220.06216099469","9457.3398151863","1237.27765419162"
"386","5425","8011339090050000",{09B95329-A881-4125-81C2-EEF18F34E504},"2.08189132820169e-05",National Capital Region (NCR),"NCR, First District, City of Manila",City of Manila - Intramuros,Barangay 658,"130000000","133900000","133909000","133909005","1380609005",Bgy,,Highly Urbanized Cities (HUC),,U,"2081","2108","0.24820911",No,,"0.0220108364448312",,,ADMIN2,"1748789491000","386","4","4","5182.76644813953","122090.837248727","116908.070800588","248209.125226459","62052.2813066148","60467.7607647961","43091.1808011287","5182.76644813953","5182.76644813953","24284.12696669","99820.4356465396","75536.3086798496","386","4","4","2798.94523321016","136560.471539621","133761.526306411","248209.128200452","62052.2820501129","54424.8557138103","48918.3840726132","2798.94523321016","2798.94523321016","21600.7512174181","102503.812882808","80903.0616653896","386","4","4","5182.76644813953","122090.837248727","116908.070800588","248209.125226459","62052.2813066148","60467.7607647961","43091.1808011287","5182.76644813953","5182.76644813953","24284.12696669","99820.4356465396","75536.3086798496"
"387","5436","8011339110010000",{A2539FDA-B1A2-4B94-AD4E-65D14127A825},"1.11067141117088e-05",National Capital Region (NCR),"NCR, First District, City of Manila",City of Manila - Paco,Barangay 662,"130000000","133900000","133911000","133911001","1380611001",Bgy,,Highly Urbanized Cities (HUC),,U,"2891","1601","0.13241819",No,,"0.019551870141233",,,ADMIN2,"1748789491000","387","3","3","99.9644426768355","66478.7025190478","66378.7380763709","132418.164610698","44139.3882035661","65839.4976489738","31141.6685445708","99.9644426768355","99.9644426768355","32969.7310458253","66159.1000840108","33189.3690381855","387","3","3","6039.38447842585","76764.4039689538","70725.0194905279","132418.164317957","44139.3881059857","49614.3758705773","29131.7548819235","6039.38447842585","6039.38447842585","27826.8801745016","63189.3899197655","35362.509745264","387","3","3","99.9644426768355","66478.7025190478","66378.7380763709","132418.164610698","44139.3882035661","65839.4976489738","31141.6685445708","99.9644426768355","99.9644426768355","32969.7310458253","66159.1000840108","33189.3690381855"
"388","5444","8011339080110000",{82C8B066-AF4A-4629-A732-E6BCE7CC4BA4},"2.05883546221308e-05",National Capital Region (NCR),"NCR, First District, City of Manila",City of Manila - Ermita,Barangay 669,"130000000","133900000","133908000","133908011","1380608011",Bgy,,Highly Urbanized Cities (HUC),,U,"1904","2928","0.2454741",No,,"0.0181472777857054",,,ADMIN2,"1748789491000","388","4","4","189.862288455828","109063.802547398","108873.940258942","245474.122091626","61368.5305229066","68110.2286278864","39636.8322002319","189.862288455828","189.862288455828","29463.0360122559","93274.0250335573","63810.9890213014","388","4","4","99.9633570799197","106456.420494422","106356.457137342","245474.112190858","61368.5280477146","69458.864169678","38585.8778324456","99.9633570799197","99.9633570799197","32605.1975042241","90131.8585912051","57526.661086981","388","4","4","189.862288455828","109063.802547398","108873.940258942","245474.122091626","61368.5305229066","68110.2286278864","39636.8322002319","189.862288455828","189.862288455828","29463.0360122559","93274.0250335573","63810.9890213014"
"389","5434","8011339080040000",{65A519ED-A040-4C8B-9000-6E49E57BAA1E},"9.72257506903261e-06",National Capital Region (NCR),"NCR, First District, City of Manila",City of Manila - Ermita,Barangay 660-A,"130000000","133900000","133908000","133908004","1380608004",Bgy,,Highly Urbanized Cities (HUC),,U,"553","2457","0.11591798",No,,"0.0130018223831754",,,ADMIN2,"1748789491000","389","4","4","8197.00211169673","88428.0001846487","80230.9980729519","115917.978980144","28979.494745036","9646.48834189933","34329.0835596787","8197.00211169673","8197.00211169673","8704.70837401915","49254.2811160529","40549.5727420337","389","4","4","4446.25992655851","78519.4996632042","74073.2397366457","115917.979287686","28979.4948219216","16476.1098489618","29020.8835324293","4446.25992655851","4446.25992655851","10357.6484558504","47601.3411879927","37243.6927321424","389","4","4","8197.00211169673","88428.0001846487","80230.9980729519","115917.978980144","28979.494745036","9646.48834189933","34329.0835596787","8197.00211169673","8197.00211169673","8704.70837401915","49254.2811160529","40549.5727420337"
"390","5439","8011339080150000",{DF8133E0-190A-422E-9F45-DE7785D87062},"1.19844209000038e-05",National Capital Region (NCR),"NCR, First District, City of Manila",City of Manila - Ermita,Barangay 664,"130000000","133900000","133908000","133908015","1380608015",Bgy,,Highly Urbanized Cities (HUC),,U,"202","456","0.14288437",No,,"0.0139204802544943",,,ADMIN2,"1748789491000","390","4","4","199.927320787014","111762.039608587","111562.1122878","142884.323464763","35721.0808661908","15461.1782676944","44549.6159651836","199.927320787014","199.927320787014","4793.9826007238","66648.1791316577","61854.1965309339","390","4","4","6714.42517981245","107842.431693665","101128.006513853","142884.322868981","35721.0807172452","14163.7329977515","42019.8946006087","6714.42517981245","6714.42517981245","7078.04585003903","64364.1155844514","57286.0697344124","390","4","4","199.927320787014","111762.039608587","111562.1122878","142884.323464763","35721.0808661908","15461.1782676944","44549.6159651836","199.927320787014","199.927320787014","4793.9826007238","66648.1791316577","61854.1965309339"
"391","5440","8011339110040000",{4BEA4F52-19A8-4EDB-A61C-3EF2901BB668},"1.32910482819447e-05",National Capital Region (NCR),"NCR, First District, City of Manila",City of Manila - Paco,Barangay 664-A,"130000000","133900000","133911000","133911004","1380611004",Bgy,,Highly Urbanized Cities (HUC),,U,"540","640","0.15846173",No,,"0.0188481646267374",,,ADMIN2,"1748789491000","391","2","2","46811.9260601889","111649.806839664","64837.8807794748","158461.732899853","79230.8664499263","79230.8664499263","32418.9403897374","46811.9260601889","46811.9260601889","46811.9260601889","111649.806839664","64837.8807794748","391","3","3","199.928081668331","121750.175416522","121550.247334853","158461.733116561","52820.5777055203","36511.6296183708","50945.081526241","199.928081668331","199.928081668331","18355.7788500196","79130.9025174463","60775.1236674267","391","2","2","46811.9260601889","111649.806839664","64837.8807794748","158461.732899853","79230.8664499263","79230.8664499263","32418.9403897374","46811.9260601889","46811.9260601889","46811.9260601889","111649.806839664","64837.8807794748"
"392","5450","8011339110050000",{9B61672E-6219-4B0B-941B-CCECCC550E1A},"2.84953438613711e-06",National Capital Region (NCR),"NCR, First District, City of Manila",City of Manila - Paco,Barangay 671,"130000000","133900000","133911000","133911005","1380611005",Bgy,,Highly Urbanized Cities (HUC),,U,"1169","1227","0.03397417",No,,"0.00698969455974043",,,ADMIN2,"1748789491000","392","3","3","99.9644101323211","31894.8783539272","31794.9139437949","33974.1779288535","11324.7259762845","1979.33516479405","14565.5160164444","99.9644101323211","99.9644101323211","1039.64978746319","16937.1067593606","15897.4569718974","392","4","4","99.9644105131447","32168.093275548","32068.1288650349","33974.1779899194","8493.54449747985","853.060151929123","13672.3573521504","99.9644105131447","99.9644105131447","403.220340208456","16583.8686547512","16180.6483145428","392","3","3","99.9644101323211","31894.8783539272","31794.9139437949","33974.1779288535","11324.7259762845","1979.33516479405","14565.5160164444","99.9644101323211","99.9644101323211","1039.64978746319","16937.1067593606","15897.4569718974"
"393","5451","8011339110060000",{2E232AB6-DA8B-402D-859E-2734A0FDC210},"7.66115910933164e-06",National Capital Region (NCR),"NCR, First District, City of Manila",City of Manila - Paco,Barangay 672,"130000000","133900000","133911000","133911006","1380611006",Bgy,,Highly Urbanized Cities (HUC),,U,"3237","3133","0.09134111",No,,"0.0113166288068737",,,ADMIN2,"1748789491000","393","3","3","99.96407764373","81897.145726161","81797.1816485173","91341.1086318591","30447.0362106197","9343.9988280543","36575.9335400351","99.96407764373","99.96407764373","4721.98145284902","45620.5722771077","40898.5908242587","393","4","4","99.9640789029654","85506.1078531664","85406.1437742634","91341.1085370819","22835.2771342705","2867.51830250624","36201.5949668948","99.9640789029654","99.9640789029654","1299.47089354334","44371.0833749976","43071.6124814542","393","3","3","99.96407764373","81897.145726161","81797.1816485173","91341.1086318591","30447.0362106197","9343.9988280543","36575.9335400351","99.96407764373","99.96407764373","4721.98145284902","45620.5722771077","40898.5908242587"
"394","5452","8011339110070000",{F2119099-E08B-49AB-8FC0-6637C5A9859C},"7.12000584498583e-06",National Capital Region (NCR),"NCR, First District, City of Manila",City of Manila - Paco,Barangay 673,"130000000","133900000","133911000","133911007","1380611007",Bgy,,Highly Urbanized Cities (HUC),,U,"2605","2764","0.08489048",No,,"0.0125508836002614",,,ADMIN2,"1748789491000","394","4","4","100.631919694162","81945.1380787133","81844.5061590191","84890.4127071892","21222.6031767973","1422.32135439087","35062.634068852","100.631919694162","100.631919694162","657.195651751596","41788.010701843","41130.8150500914","394","4","4","499.163573725704","69827.7619391373","69328.5983654116","84890.4117678251","21222.6029419563","7281.74312748107","28492.9412244388","499.163573725704","499.163573725704","1001.39568949615","41443.8101944164","40442.4145049202","394","4","4","100.631919694162","81945.1380787133","81844.5061590191","84890.4127071892","21222.6031767973","1422.32135439087","35062.634068852","100.631919694162","100.631919694162","657.195651751596","41788.010701843","41130.8150500914"
"395","5453","8011339110080000",{06244D91-F579-4AB5-9190-C1580987D96D},"1.48270551782957e-05",National Capital Region (NCR),"NCR, First District, City of Manila",City of Manila - Paco,Barangay 674,"130000000","133900000","133911000","133911008","1380611008",Bgy,,Highly Urbanized Cities (HUC),,U,"1616","1398","0.17677842",No,,"0.0180304707258401",,,ADMIN2,"1748789491000","395","3","3","3598.69668839502","149434.723137226","145836.026448831","176778.376382216","58926.1254607387","23744.9565565953","64525.5641157953","3598.69668839502","3598.69668839502","13671.8266224952","86589.8398469106","72918.0132244154","395","3","3","21705.1124523164","107211.038079221","85505.9256269046","176778.376280452","58926.1254268172","47862.225748914","35773.5771800964","21705.1124523164","21705.1124523164","34783.6691006152","77536.6319140675","42752.9628134523","395","3","3","3598.69668839502","149434.723137226","145836.026448831","176778.376382216","58926.1254607387","23744.9565565953","64525.5641157953","3598.69668839502","3598.69668839502","13671.8266224952","86589.8398469106","72918.0132244154"
"396","5438","8011339080140000",{E3D11D9B-21C3-47CD-9964-238476D11688},"6.31202139493474e-06",National Capital Region (NCR),"NCR, First District, City of Manila",City of Manila - Ermita,Barangay 663-A,"130000000","133900000","133908000","133908014","1380608014",Bgy,,Highly Urbanized Cities (HUC),,U,"370","403","0.07525342",No,,"0.0119585460416698",,,ADMIN2,"1748789491000","396","3","3","299.89208652309","60458.7693415993","60158.8772550762","75253.4203192722","25084.4734397574","14494.7588911499","25675.9182739206","299.89208652309","299.89208652309","7397.32548883648","37476.7641163746","30079.4386275381","396","4","4","299.892086046922","41065.7768915131","40765.8848054662","75253.4203198337","18813.3550799584","16943.8756711368","18612.6463775286","299.892086046922","299.892086046922","399.856105032843","37226.854054884","36826.9979498511","396","3","3","299.89208652309","60458.7693415993","60158.8772550762","75253.4203192722","25084.4734397574","14494.7588911499","25675.9182739206","299.89208652309","299.89208652309","7397.32548883648","37476.7641163746","30079.4386275381"
"397","5443","8011339080100000",{33A8EFCB-C73C-4DD8-A4F5-06A0F30569D2},"1.30760449038856e-05",National Capital Region (NCR),"NCR, First District, City of Manila",City of Manila - Ermita,Barangay 668,"130000000","133900000","133908000","133908010","1380608010",Bgy,,Highly Urbanized Cities (HUC),,U,"1223","2645","0.15590633",No,,"0.0162544865637454",,,ADMIN2,"1748789491000","397","3","3","27548.3883849132","63700.3887039028","36152.0003189896","154186.322488992","51395.4408296642","62937.5454001764","16865.2881229176","27548.3883849132","27548.3883849132","45242.9668925448","63318.9670520396","18076.0001594948","397","3","3","12873.9804489804","89672.831441145","76798.8509921646","154186.319880734","51395.4399602447","51639.5079906087","31353.4746116148","12873.9804489804","12873.9804489804","32256.7442197945","70656.1697158769","38399.4254960823","397","3","3","27548.3883849132","63700.3887039028","36152.0003189896","154186.322488992","51395.4408296642","62937.5454001764","16865.2881229176","27548.3883849132","27548.3883849132","45242.9668925448","63318.9670520396","18076.0001594948"
"398","5454","8011339110090000",{AB6AD0C4-38B4-4BAF-9F58-2C125665D264},"7.20935717167819e-06",National Capital Region (NCR),"NCR, First District, City of Manila",City of Manila - Paco,Barangay 675,"130000000","133900000","133911000","133911009","1380611009",Bgy,,Highly Urbanized Cities (HUC),,U,"2532","1988","0.0859566",No,,"0.0128218534162129",,,ADMIN2,"1748789491000","398","2","2","1199.56855625473","84757.0713832323","83557.5028269775","85956.639939487","42978.3199697435","42978.3199697435","41778.7514134888","1199.56855625473","1199.56855625473","1199.56855625473","84757.0713832323","83557.5028269775","398","3","3","799.712325984263","53558.9023689392","52759.190042955","85956.63959024","28652.2131967467","31598.0248953165","21639.3374578141","799.712325984263","799.712325984263","16198.8686106504","42578.4636321279","26379.5950214775","398","2","2","1199.56855625473","84757.0713832323","83557.5028269775","85956.639939487","42978.3199697435","42978.3199697435","41778.7514134888","1199.56855625473","1199.56855625473","1199.56855625473","84757.0713832323","83557.5028269775"
"399","5449","8011339080120000",{A8D439AF-61F5-4122-958E-8BDCBC710F45},"1.19016536166813e-05",National Capital Region (NCR),"NCR, First District, City of Manila",City of Manila - Ermita,Barangay 670,"130000000","133900000","133908000","133908012","1380608012",Bgy,,Highly Urbanized Cities (HUC),,U,"1438","2774","0.14190087",No,,"0.0139998347045564",,,ADMIN2,"1748789491000","399","4","4","40.1764727001646","108701.532172396","108661.355699696","141900.999413201","35475.2498533003","16579.6453840524","43567.062957509","40.1764727001646","40.1764727001646","2603.1680450274","68347.3316615732","65744.1636165458","399","3","3","23762.8054386208","81402.5086953461","57639.7032567253","141901.003363337","47300.3344544456","36735.6892293699","24688.6295613942","23762.8054386208","23762.8054386208","30249.2473339954","59069.098962358","28819.8516283626","399","4","4","40.1764727001646","108701.532172396","108661.355699696","141900.999413201","35475.2498533003","16579.6453840524","43567.062957509","40.1764727001646","40.1764727001646","2603.1680450274","68347.3316615732","65744.1636165458"
"400","5457","8011339110120000",{EEE68675-0283-46D9-B97E-BE97739E13E2},"5.13025730877469e-06",National Capital Region (NCR),"NCR, First District, City of Manila",City of Manila - Paco,Barangay 678,"130000000","133900000","133911000","133911012","1380611012",Bgy,,Highly Urbanized Cities (HUC),,U,"456","1294","0.06116629",No,,"0.00997039585875493",,,ADMIN2,"1748789491000","400","2","2","2798.83655674724","58367.498309539","55568.6617527918","61166.3348662863","30583.1674331431","30583.1674331431","27784.3308763959","2798.83655674724","2798.83655674724","2798.83655674724","58367.498309539","55568.6617527918","400","2","2","499.823428509611","60666.5101573813","60166.6867288717","61166.3335858909","30583.1667929455","30583.1667929455","30083.3433644359","499.823428509611","499.823428509611","499.823428509611","60666.5101573813","60166.6867288717","400","2","2","2798.83655674724","58367.498309539","55568.6617527918","61166.3348662863","30583.1674331431","30583.1674331431","27784.3308763959","2798.83655674724","2798.83655674724","2798.83655674724","58367.498309539","55568.6617527918"
"401","5458","8011339110130000",{F008205D-6EA3-4041-8D0A-55A71E514CE2},"3.77932606828198e-06",National Capital Region (NCR),"NCR, First District, City of Manila",City of Manila - Paco,Barangay 679,"130000000","133900000","133911000","133911013","1380611013",Bgy,,Highly Urbanized Cities (HUC),,U,"949","931","0.04506019",No,,"0.00808642003600346",,,ADMIN2,"1748789491000","401","4","4","99.2969219936349","38579.8487482002","38480.5518262066","45060.1927963877","11265.0481990969","3190.52356309691","15869.3935078248","99.2969219936349","99.2969219936349","765.821622822828","21764.274775371","20998.4531525482","401","4","4","1531.64171383437","32443.1882182051","30911.5465043707","45060.191718148","11265.047929537","5542.68089305426","12420.1243772931","1531.64171383437","1531.64171383437","2518.94186841993","20011.1539906541","17492.2121222341","401","4","4","99.2969219936349","38579.8487482002","38480.5518262066","45060.1927963877","11265.0481990969","3190.52356309691","15869.3935078248","99.2969219936349","99.2969219936349","765.821622822828","21764.274775371","20998.4531525482"
"402","5460","8011339010680000",{B5DFFCB2-02BA-43ED-A2CB-32768EAF8C60},"6.12789396813816e-07",National Capital Region (NCR),"NCR, First District, City of Manila",City of Manila - Tondo I / II,Barangay 68,"130000000","133900000","133901000","133901068","1380601068",Bgy,,Highly Urbanized Cities (HUC),,U,"1113","1115","0.0073051",No,,"0.00420394382872489",,,ADMIN2,"1748789491000","402","3","3","1342.0363474975","4364.2610955365","3022.224748039","7305.09655531103","2435.03218510368","1598.79911227703","1368.19221870361","1342.0363474975","1342.0363474975","1470.41772988726","2981.53010390676","1511.1123740195","402","3","3","171.376719961161","3832.75656866519","3661.37984870403","7305.09595791205","2435.03198597068","3300.9626692857","1615.30235773447","171.376719961161","171.376719961161","1736.16969462343","3566.85961897545","1830.68992435202","402","3","3","1342.0363474975","4364.2610955365","3022.224748039","7305.09655531103","2435.03218510368","1598.79911227703","1368.19221870361","1342.0363474975","1342.0363474975","1470.41772988726","2981.53010390676","1511.1123740195"
"403","5463","8011339110140000",{2226B7C2-6DD7-4C0A-A2C2-8C5FF8E7A45E},"3.19732235877196e-06",National Capital Region (NCR),"NCR, First District, City of Manila",City of Manila - Paco,Barangay 680,"130000000","133900000","133911000","133911014","1380611014",Bgy,,Highly Urbanized Cities (HUC),,U,"1123","968","0.03812089",No,,"0.00742797355964655",,,ADMIN2,"1748789491000","403","2","2","486.297339036115","37634.5971150854","37148.2997760492","38120.8944541215","19060.4472270607","19060.4472270607","18574.1498880246","486.297339036115","486.297339036115","486.297339036115","37634.5971150854","37148.2997760492","403","1","1","38120.8945055007","38120.8945055007","0","38120.8945055007","38120.8945055007","38120.8945055007","0","38120.8945055007","38120.8945055007","38120.8945055007","38120.8945055007","0","403","2","2","486.297339036115","37634.5971150854","37148.2997760492","38120.8944541215","19060.4472270607","19060.4472270607","18574.1498880246","486.297339036115","486.297339036115","486.297339036115","37634.5971150854","37148.2997760492"
"404","5464","8011339110150000",{8B4690CB-8F81-4C07-A2A5-190CBD6252AE},"2.93840426952252e-06",National Capital Region (NCR),"NCR, First District, City of Manila",City of Manila - Paco,Barangay 681,"130000000","133900000","133911000","133911015","1380611015",Bgy,,Highly Urbanized Cities (HUC),,U,"1499","1094","0.03503409",No,,"0.00713023517631922",,,ADMIN2,"1748789491000","404","2","2","161.909077577482","34872.179141134","34710.2700635565","35034.0882187115","17517.0441093557","17517.0441093557","17355.1350317783","161.909077577482","161.909077577482","161.909077577482","34872.179141134","34710.2700635565","404","1","1","35034.0882350458","35034.0882350458","0","35034.0882350458","35034.0882350458","35034.0882350458","0","35034.0882350458","35034.0882350458","35034.0882350458","35034.0882350458","0","404","2","2","161.909077577482","34872.179141134","34710.2700635565","35034.0882187115","17517.0441093557","17517.0441093557","17355.1350317783","161.909077577482","161.909077577482","161.909077577482","34872.179141134","34710.2700635565"
"405","5465","8011339110160000",{BA3E81E5-FA3A-4654-9954-E645C37D9CC5},"5.6974600429422e-06",National Capital Region (NCR),"NCR, First District, City of Manila",City of Manila - Paco,Barangay 682,"130000000","133900000","133911000","133911016","1380611016",Bgy,,Highly Urbanized Cities (HUC),,U,"1204","822","0.06792953",No,,"0.0106930141613855",,,ADMIN2,"1748789491000","405","4","4","1176.79129944905","59955.1113174714","58778.3200180223","67929.5236571306","16982.3809142827","3398.81052010511","24830.5179472243","1176.79129944905","1176.79129944905","1987.90604801617","31976.8557805491","29988.949732533","405","3","3","5340.83633067046","55391.2063408878","50050.3700102174","67929.5239351956","22643.1746450652","7197.48126363734","23168.7572327439","5340.83633067046","5340.83633067046","6269.1587971539","31294.3438022626","25025.1850051087","405","4","4","1176.79129944905","59955.1113174714","58778.3200180223","67929.5236571306","16982.3809142827","3398.81052010511","24830.5179472243","1176.79129944905","1176.79129944905","1987.90604801617","31976.8557805491","29988.949732533"
"406","5466","8011339110170000",{9960238D-0F13-4779-9E91-A4CED6909B46},"1.63420377069678e-06",National Capital Region (NCR),"NCR, First District, City of Manila",City of Manila - Paco,Barangay 683,"130000000","133900000","133911000","133911017","1380611017",Bgy,,Highly Urbanized Cities (HUC),,U,"918","784","0.01948451",No,,"0.00718574020163996",,,ADMIN2,"1748789491000","406","4","4","121.869829505806","18654.4678657955","18532.5980362896","19484.5042794207","4871.12606985518","354.083292059722","7958.42146967599","121.869829505806","121.869829505806","219.975370130898","9522.27676957945","9302.30139944855","406","4","4","68.2945019832123","18539.2147418057","18470.9202398225","19484.5029947423","4871.12574868556","438.496875476652","7892.89291159687","68.2945019832123","68.2945019832123","216.667136518154","9525.58436085298","9308.91722433482","406","4","4","121.869829505806","18654.4678657955","18532.5980362896","19484.5042794207","4871.12606985518","354.083292059722","7958.42146967599","121.869829505806","121.869829505806","219.975370130898","9522.27676957945","9302.30139944855"
"407","5456","8011339110110000",{903CC0E8-03D5-4B06-9CDB-2C0231214211},"5.4371062546748e-06",National Capital Region (NCR),"NCR, First District, City of Manila",City of Manila - Paco,Barangay 677,"130000000","133900000","133911000","133911011","1380611011",Bgy,,Highly Urbanized Cities (HUC),,U,"2757","1591","0.06482448",No,,"0.0111881948007034",,,ADMIN2,"1748789491000","407","3","3","99.9645391827798","49338.997861272","49239.0333220892","64824.4928251801","21608.16427506","15385.5304247253","20577.6817555647","99.9645391827798","99.9645391827798","7742.74748195402","32362.2641429986","24619.5166610446","407","4","4","99.9645385137992","56106.0009029944","56006.0363644806","64824.4925026304","16206.1231256576","4309.26353056111","23203.8148679295","99.9645385137992","99.9645385137992","655.865742808473","31756.3805085067","31100.5147656983","407","3","3","99.9645391827798","49338.997861272","49239.0333220892","64824.4928251801","21608.16427506","15385.5304247253","20577.6817555647","99.9645391827798","99.9645391827798","7742.74748195402","32362.2641429986","24619.5166610446"
"408","5470","8011339110490000",{ECDD2756-780F-4D1E-BA27-E7A6A77A9904},"2.88387745592857e-06",National Capital Region (NCR),"NCR, First District, City of Manila",City of Manila - Paco,Barangay 687,"130000000","133900000","133911000","133911049","1380611049",Bgy,,Highly Urbanized Cities (HUC),,U,"1243","1434","0.03438437",No,,"0.0073108543219749",,,ADMIN2,"1748789491000","408","3","3","699.750448273233","29454.0050615925","28754.2546133193","34384.3749518781","11461.4583172927","4230.61944201234","12804.0504716827","699.750448273233","699.750448273233","2465.18494514278","16842.3122518024","14377.1273066596","408","3","3","4525.54507648345","20917.3379932866","16391.7929168031","34384.3738041349","11461.4579347116","8941.4907343648","6925.09421235347","4525.54507648345","4525.54507648345","6733.51790542413","14929.4143638257","8195.89645840157","408","3","3","699.750448273233","29454.0050615925","28754.2546133193","34384.3749518781","11461.4583172927","4230.61944201234","12804.0504716827","699.750448273233","699.750448273233","2465.18494514278","16842.3122518024","14377.1273066596"
"409","5472","8011339100040000",{8056606C-E17D-451D-A817-6139432232E3},"2.06462187632901e-06",National Capital Region (NCR),"NCR, First District, City of Manila",City of Manila - Malate,Barangay 689,"130000000","133900000","133910000","133910004","1380610004",Bgy,,Highly Urbanized Cities (HUC),,U,"733","733","0.02461675",No,,"0.00711442116129076",,,ADMIN2,"1748789491000","409","3","3","5451.61427480848","10662.9433743552","5211.32909954668","23970.2914078156","7990.09713593855","7855.733758652","2129.63657053066","5451.61427480848","5451.61427480848","6653.67401673024","9259.33856650358","2605.66454977334","409","3","3","3964.17450015651","14752.5055335951","10788.3310334386","23970.2870783541","7990.0956927847","5253.60704460249","4810.6339993107","3964.17450015651","3964.17450015651","4608.8907723795","10003.0562890988","5394.1655167193","409","3","3","5451.61427480848","10662.9433743552","5211.32909954668","23970.2914078156","7990.09713593855","7855.733758652","2129.63657053066","5451.61427480848","5451.61427480848","6653.67401673024","9259.33856650358","2605.66454977334"
"410","5474","8011339010690000",{59CABD38-2820-4806-9B77-87AEF47920F8},"1.98105717760085e-06",National Capital Region (NCR),"NCR, First District, City of Manila",City of Manila - Tondo I / II,Barangay 69,"130000000","133900000","133901000","133901069","1380601069",Bgy,,Highly Urbanized Cities (HUC),,U,"2199","1968","0.02361655",No,,"0.00568774881492778",,,ADMIN2,"1748789491000","410","2","2","11057.9169995364","12558.6343944611","1500.71739492466","23616.5513939975","11808.2756969987","11808.2756969987","750.358697462329","11057.9169995364","11057.9169995364","11057.9169995364","12558.6343944611","1500.71739492466","410","2","2","6174.40012276499","17442.1512071343","11267.7510843693","23616.5513298993","11808.2756649496","11808.2756649496","5633.87554218466","6174.40012276499","6174.40012276499","6174.40012276499","17442.1512071343","11267.7510843693","410","2","2","11057.9169995364","12558.6343944611","1500.71739492466","23616.5513939975","11808.2756969987","11808.2756969987","750.358697462329","11057.9169995364","11057.9169995364","11057.9169995364","12558.6343944611","1500.71739492466"
"411","5477","8011339100050000",{D989AB6A-5C6D-4843-B430-B18C7A171A50},"1.08003002687635e-06",National Capital Region (NCR),"NCR, First District, City of Manila",City of Manila - Malate,Barangay 690,"130000000","133900000","133910000","133910005","1380610005",Bgy,,Highly Urbanized Cities (HUC),,U,"887","496","0.01287732",No,,"0.00441809530972289",,,ADMIN2,"1748789491000","411","3","3","2764.06629087732","4926.64773405014","2162.58144317282","12247.5076264376","4082.50254214586","4556.79360151011","944.423503637187","2764.06629087732","2764.06629087732","3660.42994619372","4741.72066778013","1081.29072158641","411","3","3","2864.5503587165","6134.08542707967","3269.53506836317","12247.5085033169","4082.50283443897","3248.87271752074","1459.14798648366","2864.5503587165","2864.5503587165","3056.71153811862","4691.4790723002","1634.76753418159","411","3","3","2764.06629087732","4926.64773405014","2162.58144317282","12247.5076264376","4082.50254214586","4556.79360151011","944.423503637187","2764.06629087732","2764.06629087732","3660.42994619372","4741.72066778013","1081.29072158641"
"412","5478","8011339100060000",{C874BD4A-445F-4811-B77D-953C20EA15B9},"1.2300602692866e-06",National Capital Region (NCR),"NCR, First District, City of Manila",City of Manila - Malate,Barangay 691,"130000000","133900000","133910000","133910006","1380610006",Bgy,,Highly Urbanized Cities (HUC),,U,"416","409","0.01466624",No,,"0.00482644988239136",,,ADMIN2,"1748789491000","412","3","3","163.346933230812","11810.8067324919","11647.4597992611","14666.2263816134","4888.74212720448","2692.07271589076","5002.32261526594","163.346933230812","163.346933230812","1427.70982456079","7251.43972419132","5823.72989963053","412","2","2","6835.70004344165","7830.52591187002","994.825868428365","14666.2259553117","7333.11297765584","7333.11297765584","497.412934214182","6835.70004344165","6835.70004344165","6835.70004344165","7830.52591187002","994.825868428365","412","3","3","163.346933230812","11810.8067324919","11647.4597992611","14666.2263816134","4888.74212720448","2692.07271589076","5002.32261526594","163.346933230812","163.346933230812","1427.70982456079","7251.43972419132","5823.72989963053"
"413","5479","8011339100070000",{40661398-E65F-4448-B7BA-D7EBDCA28665},"3.3492069765859e-06",National Capital Region (NCR),"NCR, First District, City of Manila",City of Manila - Malate,Barangay 692,"130000000","133900000","133910000","133910007","1380610007",Bgy,,Highly Urbanized Cities (HUC),,U,"942","1329","0.03993336",No,,"0.00750594011458942",,,ADMIN2,"1748789491000","413","3","3","7778.77957291224","17894.1961115156","10115.4165386034","39933.3199978335","13311.1066659445","14260.3443134056","4183.79429233646","7778.77957291224","7778.77957291224","11019.5619431589","16077.2702124606","5057.70826930168","413","3","3","7147.42146069529","18758.9100705279","11611.4886098326","39933.3186367418","13311.1062122473","14026.9871055187","4767.32147185966","7147.42146069529","7147.42146069529","10587.204283107","16392.9485880233","5805.74430491629","413","3","3","7778.77957291224","17894.1961115156","10115.4165386034","39933.3199978335","13311.1066659445","14260.3443134056","4183.79429233646","7778.77957291224","7778.77957291224","11019.5619431589","16077.2702124606","5057.70826930168"
"414","5468","8011339110190000",{8C986F58-7853-4606-B2B7-451248C9B8EE},"3.81340616570389e-06",National Capital Region (NCR),"NCR, First District, City of Manila",City of Manila - Paco,Barangay 685,"130000000","133900000","133911000","133911019","1380611019",Bgy,,Highly Urbanized Cities (HUC),,U,"1098","1044","0.04546692",No,,"0.00876233007464424",,,ADMIN2,"1748789491000","414","4","4","830.636444648306","40557.5047361732","39726.8682915249","45466.915034018","11366.7287585045","2039.38692659823","16861.650292697","830.636444648306","830.636444648306","1297.28566691038","21436.1718500986","20138.8861831882","414","3","3","3045.49487086287","38998.6885295181","35953.1936586552","45466.903158947","15155.6343863157","3422.71975856605","16860.2886058876","3045.49487086287","3045.49487086287","3234.10731471446","21210.7041440421","17976.5968293276","414","4","4","830.636444648306","40557.5047361732","39726.8682915249","45466.915034018","11366.7287585045","2039.38692659823","16861.650292697","830.636444648306","830.636444648306","1297.28566691038","21436.1718500986","20138.8861831882"
"415","5471","8011339100590000",{5769150A-EEE2-4401-A04B-E6F002D67E8A},"3.93322385191159e-06",National Capital Region (NCR),"NCR, First District, City of Manila",City of Manila - Malate,Barangay 688,"130000000","133900000","133910000","133910059","1380610059",Bgy,,Highly Urbanized Cities (HUC),,U,"1237","1212","0.04689617",No,,"0.00803584227731118",,,ADMIN2,"1748789491000","415","4","4","699.751092893857","26176.0766410743","25476.3255481804","45553.2355979942","11388.3088994985","9338.70393201301","9735.59340506056","699.751092893857","699.751092893857","2845.46315122332","19931.1546477738","17085.6914965504","415","3","3","13098.6186456395","16894.0614985975","3795.44285295803","45553.2343244724","15184.4114414908","15560.5541802354","1572.14484753584","13098.6186456395","13098.6186456395","14329.5864129374","16227.3078394164","1897.72142647901","415","4","4","699.751092893857","26176.0766410743","25476.3255481804","45553.2355979942","11388.3088994985","9338.70393201301","9735.59340506056","699.751092893857","699.751092893857","2845.46315122332","19931.1546477738","17085.6914965504"
"416","5484","8011339100120000",{1DFCA658-7754-45AC-8413-AC89E5EECA2D},"7.18150780117759e-06",National Capital Region (NCR),"NCR, First District, City of Manila",City of Manila - Malate,Barangay 697,"130000000","133900000","133910000","133910012","1380610012",Bgy,,Highly Urbanized Cities (HUC),,U,"679","1967","0.08562626",No,,"0.0120560584966801",,,ADMIN2,"1748789491000","416","3","3","10361.9637514616","37663.4610555316","27301.49730407","85626.2545066679","28542.084835556","37600.8296996746","12855.3123298226","10361.9637514616","10361.9637514616","23981.3967255681","37632.1453776031","13650.748652035","416","3","3","19334.3624564762","41760.2723270037","22425.9098705275","85626.254504499","28542.084834833","24531.6197210191","9584.47464051785","19334.3624564762","19334.3624564762","21932.9910887476","33145.9460240114","11212.9549352638","416","3","3","10361.9637514616","37663.4610555316","27301.49730407","85626.2545066679","28542.084835556","37600.8296996746","12855.3123298226","10361.9637514616","10361.9637514616","23981.3967255681","37632.1453776031","13650.748652035"
"417","5485","8011339100130000",{43E140D3-3CF7-4FB4-8367-538EC58E54E0},"7.09338874467632e-06",National Capital Region (NCR),"NCR, First District, City of Manila",City of Manila - Malate,Barangay 698,"130000000","133900000","133910000","133910013","1380610013",Bgy,,Highly Urbanized Cities (HUC),,U,"1400","1736","0.08457586",No,,"0.0122280260692503",,,ADMIN2,"1748789491000","417","4","4","10.0644352252129","48699.5559704641","48689.4915352389","84575.8550337304","21143.9637584326","17933.1173140205","18601.4233910797","10.0644352252129","10.0644352252129","4534.80746546262","37753.1200514026","33218.31258594","417","3","3","17359.2117315921","34973.7877375161","17614.5760059239","84575.8633395544","28191.9544465181","32242.8638704462","7740.61678583688","17359.2117315921","17359.2117315921","24801.0378010192","33608.3258039811","8807.28800296196","417","4","4","10.0644352252129","48699.5559704641","48689.4915352389","84575.8550337304","21143.9637584326","17933.1173140205","18601.4233910797","10.0644352252129","10.0644352252129","4534.80746546262","37753.1200514026","33218.31258594"
"418","5486","8011339100140000",{722849DC-41B4-46D1-AD28-427254B7C6E9},"1.63933578798741e-05",National Capital Region (NCR),"NCR, First District, City of Manila",City of Manila - Malate,Barangay 699,"130000000","133900000","133910000","133910014","1380610014",Bgy,,Highly Urbanized Cities (HUC),,U,"1064","3193","0.19546211",No,,"0.0164686708746598",,,ADMIN2,"1748789491000","418","3","3","3648.0797675984","132247.089248692","128599.009481093","191793.210797762","63931.0702659207","55898.0417814721","52806.7133980364","3648.0797675984","3648.0797675984","29773.0607745353","94072.5655150818","64299.5047405466","418","3","3","1182.40598406182","146604.551515634","145422.145531573","191793.208103651","63931.0693678837","44006.250603955","61017.2047039905","1182.40598406182","1182.40598406182","22594.3282940084","95305.4010597947","72711.0727657863","418","3","3","3648.0797675984","132247.089248692","128599.009481093","191793.210797762","63931.0702659207","55898.0417814721","52806.7133980364","3648.0797675984","3648.0797675984","29773.0607745353","94072.5655150818","64299.5047405466"
"419","5488","8011339010070000",{7A606DF9-6421-4530-BFFF-7F617E646756},"3.69283933199468e-06",National Capital Region (NCR),"NCR, First District, City of Manila",City of Manila - Tondo I / II,Barangay 7,"130000000","133900000","133901000","133901007","1380601007",Bgy,,Highly Urbanized Cities (HUC),,U,"1010","1560","0.04402381",No,,"0.00818137800329032",,,ADMIN2,"1748789491000","419","3","3","99.9615135660861","32454.3913190045","32354.4298054384","44023.8135537087","14674.6045179029","11469.4607211381","13401.6663659714","99.9615135660861","99.9615135660861","5784.7111173521","21961.9260200713","16177.2149027192","419","3","3","5482.02489752139","25706.9713879128","20224.9464903914","44023.815674504","14674.6052248347","12834.8193890698","8358.65715195569","5482.02489752139","5482.02489752139","9158.42214329559","19270.8953884913","10112.4732451957","419","3","3","99.9615135660861","32454.3913190045","32354.4298054384","44023.8135537087","14674.6045179029","11469.4607211381","13401.6663659714","99.9615135660861","99.9615135660861","5784.7111173521","21961.9260200713","16177.2149027192"
"420","5483","8011339100110000",{6BC07FA3-B07E-48F4-AA14-78CDD29992F4},"6.997881827619e-06",National Capital Region (NCR),"NCR, First District, City of Manila",City of Manila - Malate,Barangay 696,"130000000","133900000","133910000","133910011","1380610011",Bgy,,Highly Urbanized Cities (HUC),,U,"1104","2420","0.0834366",No,,"0.011762168097717",,,ADMIN2,"1748789491000","420","3","3","23328.7247777996","31847.1794718935","8518.45469409391","83436.590916763","27812.1969722543","28260.6866670698","3492.07434519937","23328.7247777996","23328.7247777996","25794.7057224347","30053.9330694817","4259.22734704696","420","3","3","18626.8776769409","35141.7574652422","16514.8797883013","83436.5891546611","27812.196384887","29667.9540124781","6868.68210963269","18626.8776769409","18626.8776769409","24147.4158447095","32404.8557388601","8257.43989415064","420","3","3","23328.7247777996","31847.1794718935","8518.45469409391","83436.590916763","27812.1969722543","28260.6866670698","3492.07434519937","23328.7247777996","23328.7247777996","25794.7057224347","30053.9330694817","4259.22734704696"
"421","5532","8011339100170000",{B3A777D2-67B8-4B38-AD36-7B59259B036A},"3.6438622654804e-06",National Capital Region (NCR),"NCR, First District, City of Manila",City of Manila - Malate,Barangay 702,"130000000","133900000","133910000","133910017","1380610017",Bgy,,Highly Urbanized Cities (HUC),,U,"3445","3342","0.04344695",No,,"0.00784129153967563",,,ADMIN2,"1748789491000","421","3","3","699.746597525897","30210.7920742237","29511.0454766978","43446.9610964801","14482.3203654934","12536.4224247305","12126.1519144597","699.746597525897","699.746597525897","6618.08451112819","21373.6072494771","14755.5227383489","421","3","3","5199.04840226079","22300.4294968931","17101.3810946323","43446.9602644764","14482.3200881588","15947.4823653226","7058.06083896417","5199.04840226079","5199.04840226079","10573.2653837917","19123.9559311078","8550.69054731615","421","3","3","699.746597525897","30210.7920742237","29511.0454766978","43446.9610964801","14482.3203654934","12536.4224247305","12126.1519144597","699.746597525897","699.746597525897","6618.08451112819","21373.6072494771","14755.5227383489"
"422","5530","8011339100150000",{0BA74BD1-4A2C-47F8-83C9-C8E33C1EF595},"3.31302997232767e-06",National Capital Region (NCR),"NCR, First District, City of Manila",City of Manila - Malate,Barangay 700,"130000000","133900000","133910000","133910015","1380610015",Bgy,,Highly Urbanized Cities (HUC),,U,"162","138","0.03950249",No,,"0.00990069954787755",,,ADMIN2,"1748789491000","422","3","3","4376.21008540268","20643.660145665","16267.4500602623","39282.3392088945","13094.1130696315","14262.4689778268","6692.34759567191","4376.21008540268","4376.21008540268","9319.33953161475","17453.0645617459","8133.72503013117","422","3","3","2163.25208509011","24426.8066809247","22263.5545958346","39282.3437177538","13094.1145725846","12692.284951739","9093.49826684131","2163.25208509011","2163.25208509011","7427.76851841454","18559.5458163318","11131.7772979173","422","3","3","4376.21008540268","20643.660145665","16267.4500602623","39282.3392088945","13094.1130696315","14262.4689778268","6692.34759567191","4376.21008540268","4376.21008540268","9319.33953161475","17453.0645617459","8133.72503013117"
"423","5533","8011339100180000",{9DFF06DF-FAE9-4428-915C-49130F40F34D},"4.91199541249503e-06",National Capital Region (NCR),"NCR, First District, City of Manila",City of Manila - Malate,Barangay 703,"130000000","133900000","133910000","133910018","1380610018",Bgy,,Highly Urbanized Cities (HUC),,U,"407","114","0.05856706",No,,"0.00912239024949536",,,ADMIN2,"1748789491000","423","3","3","7235.95410018094","31197.446023917","23961.4919237361","58567.109530239","19522.369843413","20133.7094061411","9791.78485086809","7235.95410018094","7235.95410018094","13684.831753161","25665.5777150291","11980.745961868","423","3","3","1528.32536731569","35777.8982442688","34249.5728769531","58567.1065426594","19522.3688475531","21260.8829310748","14036.2657421738","1528.32536731569","1528.32536731569","11394.6041491953","28519.3905876718","17124.7864384766","423","3","3","7235.95410018094","31197.446023917","23961.4919237361","58567.109530239","19522.369843413","20133.7094061411","9791.78485086809","7235.95410018094","7235.95410018094","13684.831753161","25665.5777150291","11980.745961868"
"424","5536","8011339100210000",{4A737CCC-50BC-47FD-BBA0-75D302E764B0},"3.36525394380698e-06",National Capital Region (NCR),"NCR, First District, City of Manila",City of Manila - Malate,Barangay 706,"130000000","133900000","133910000","133910021","1380610021",Bgy,,Highly Urbanized Cities (HUC),,U,"477","296","0.04012515",No,,"0.00844679369168654",,,ADMIN2,"1748789491000","424","3","3","3493.95644328266","21144.101729797","17650.1452865143","40125.1414320786","13375.0471440262","15487.083258999","7358.77841184607","3493.95644328266","3493.95644328266","9490.51985114081","18315.592494398","8825.07264325715","424","3","3","6090.96536047039","22372.6863942662","16281.7210337958","40125.1462921875","13375.0487640625","11661.4945374509","6756.51838455482","6090.96536047039","6090.96536047039","8876.22994896065","17017.0904658585","8140.8605168979","424","3","3","3493.95644328266","21144.101729797","17650.1452865143","40125.1414320786","13375.0471440262","15487.083258999","7358.77841184607","3493.95644328266","3493.95644328266","9490.51985114081","18315.592494398","8825.07264325715"
"425","5537","8011339100220000",{CBCDE6A1-45A2-4502-B195-D9727082BAC8},"3.68443018792789e-07",National Capital Region (NCR),"NCR, First District, City of Manila",City of Manila - Malate,Barangay 707,"130000000","133900000","133910000","133910022","1380610022",Bgy,,Highly Urbanized Cities (HUC),,U,"964","1052","0.0043931",No,,"0.00261739367895496",,,ADMIN2,"1748789491000","425","2","2","1954.99867006767","2438.10424976313","483.105579695464","4393.1029198308","2196.5514599154","2196.5514599154","241.552789847732","1954.99867006767","1954.99867006767","1954.99867006767","2438.10424976313","483.105579695464","425","3","3","3.15707109024515","3613.535337773","3610.37826668275","4393.10285235819","1464.36761745273","776.410443494951","1552.13221344785","3.15707109024515","3.15707109024515","389.783757292598","2194.97289063397","1805.18913334138","425","2","2","1954.99867006767","2438.10424976313","483.105579695464","4393.1029198308","2196.5514599154","2196.5514599154","241.552789847732","1954.99867006767","1954.99867006767","1954.99867006767","2438.10424976313","483.105579695464"
"426","5538","8011339100230000",{BDF36690-E81A-4A3C-AF49-6C47DDFE53EB},"1.69090741584664e-06",National Capital Region (NCR),"NCR, First District, City of Manila",City of Manila - Malate,Barangay 708,"130000000","133900000","133910000","133910023","1380610023",Bgy,,Highly Urbanized Cities (HUC),,U,"725","753","0.02016155",No,,"0.00651465269037828",,,ADMIN2,"1748789491000","426","3","3","4045.91374643247","9964.25055918777","5918.3368127553","20161.5555023463","6720.51850078209","6151.39119672602","2449.43627167154","4045.91374643247","4045.91374643247","5098.65247157924","8057.8208779569","2959.16840637765","426","3","3","558.967972219644","10597.0999886856","10038.132016466","20161.5576577933","6720.51921926444","9005.48969688804","4405.06081363307","558.967972219644","558.967972219644","4782.22883455384","9801.29484278684","5019.066008233","426","3","3","4045.91374643247","9964.25055918777","5918.3368127553","20161.5555023463","6720.51850078209","6151.39119672602","2449.43627167154","4045.91374643247","4045.91374643247","5098.65247157924","8057.8208779569","2959.16840637765"
"427","5539","8011339100240000",{E7D797D3-53BC-458B-9230-035814F06BBD},"3.67737044317698e-06",National Capital Region (NCR),"NCR, First District, City of Manila",City of Manila - Malate,Barangay 709,"130000000","133900000","133910000","133910024","1380610024",Bgy,,Highly Urbanized Cities (HUC),,U,"741","4154","0.04384691",No,,"0.0108447760908023",,,ADMIN2,"1748789491000","427","3","3","9700.76639763422","20595.0954219283","10894.3290242941","43847.1378771575","14615.7126257192","13551.276057595","4510.82920153003","9700.76639763422","9700.76639763422","11626.0212276146","17073.1857397616","5447.16451214704","427","3","3","5398.79790698204","21334.9474497317","15936.1495427497","43847.1508765814","14615.7169588605","17113.4055198676","6741.36740199691","5398.79790698204","5398.79790698204","11256.1017134248","19224.1764847997","7968.07477137485","427","3","3","9700.76639763422","20595.0954219283","10894.3290242941","43847.1378771575","14615.7126257192","13551.276057595","4510.82920153003","9700.76639763422","9700.76639763422","11626.0212276146","17073.1857397616","5447.16451214704"
"428","5541","8011339010710000",{27B8DD7C-B275-4517-BD12-82BF435C6838},"3.3406802550189e-06",National Capital Region (NCR),"NCR, First District, City of Manila",City of Manila - Tondo I / II,Barangay 71,"130000000","133900000","133901000","133901071","1380601071",Bgy,,Highly Urbanized Cities (HUC),,U,"2298","3417","0.03982471",No,,"0.00911416652585997",,,ADMIN2,"1748789491000","428","3","3","2070.09238563484","21665.3779269881","19595.2855413533","39824.71001949","13274.90333983","16089.239706867","8243.54983211774","2070.09238563484","2070.09238563484","9079.66604625092","18877.3088169276","9797.64277067664","428","3","3","3842.38732975678","24905.6354830352","21063.2481532784","39824.716939282","13274.9056464273","11076.69412649","8738.39062628948","3842.38732975678","3842.38732975678","7459.54072812339","17991.1648047626","10531.6240766392","428","3","3","2070.09238563484","21665.3779269881","19595.2855413533","39824.71001949","13274.90333983","16089.239706867","8243.54983211774","2070.09238563484","2070.09238563484","9079.66604625092","18877.3088169276","9797.64277067664"
"429","5544","8011339100250000",{E658BD1E-72C7-4B7E-8804-C27C14DD2BCE},"8.70832977353516e-07",National Capital Region (NCR),"NCR, First District, City of Manila",City of Manila - Malate,Barangay 710,"130000000","133900000","133910000","133910025","1380610025",Bgy,,Highly Urbanized Cities (HUC),,U,"663","559","0.01038334",No,,"0.00374045608807916",,,ADMIN2,"1748789491000","429","3","3","99.9639893988206","5376.36141217933","5276.39742278051","10383.3415323056","3461.11384410185","4907.0161307274","2384.40314091849","99.9639893988206","99.9639893988206","2503.49006006311","5141.68877145337","2638.19871139025","429","3","3","1487.26397345235","5630.37759552772","4143.11362207536","10383.3415042422","3461.11383474742","3265.69993526218","1697.05383246783","1487.26397345235","1487.26397345235","2376.48195435727","4448.03876539495","2071.55681103768","429","3","3","99.9639893988206","5376.36141217933","5276.39742278051","10383.3415323056","3461.11384410185","4907.0161307274","2384.40314091849","99.9639893988206","99.9639893988206","2503.49006006311","5141.68877145337","2638.19871139025"
"430","5535","8011339100200000",{689892D9-D141-4BFE-93E6-64BEF2A09BDB},"1.91820206972317e-06",National Capital Region (NCR),"NCR, First District, City of Manila",City of Manila - Malate,Barangay 705,"130000000","133900000","133910000","133910020","1380610020",Bgy,,Highly Urbanized Cities (HUC),,U,"2450","2683","0.0228715",No,,"0.00626649465962388",,,ADMIN2,"1748789491000","430","2","2","6921.98567754027","15949.5173766442","9027.53169910393","22871.5030541845","11435.7515270922","11435.7515270922","4513.76584955196","6921.98567754027","6921.98567754027","6921.98567754027","15949.5173766442","9027.53169910393","430","3","3","899.707557713726","17276.6643624226","16376.9568047089","22871.5032219822","7623.83440732741","4695.13130184593","6999.2454334196","899.707557713726","899.707557713726","2797.41942977983","10985.8978321343","8188.47840235443","430","2","2","6921.98567754027","15949.5173766442","9027.53169910393","22871.5030541845","11435.7515270922","11435.7515270922","4513.76584955196","6921.98567754027","6921.98567754027","6921.98567754027","15949.5173766442","9027.53169910393"
"431","5547","8011339100280000",{03083608-89CF-4A92-8593-B42ADBCD69A0},"4.40202000343129e-07",National Capital Region (NCR),"NCR, First District, City of Manila",City of Manila - Malate,Barangay 713,"130000000","133900000","133910000","133910028","1380610028",Bgy,,Highly Urbanized Cities (HUC),,U,"1442","1964","0.00524876",No,,"0.00328550834988117",,,ADMIN2,"1748789491000","431","3","3","179.703827825406","3588.75759916999","3409.05377134459","5248.76140763892","1749.58713587964","1480.29998064352","1404.70603875237","179.703827825406","179.703827825406","830.001904234462","2534.52878990676","1704.52688567229","431","3","3","779.855508773177","3262.70674798445","2482.85123921128","5248.76204086196","1749.58734695399","1206.19978410433","1084.0018762616","779.855508773177","779.855508773177","993.027646438753","2234.45326604439","1241.42561960564","431","3","3","179.703827825406","3588.75759916999","3409.05377134459","5248.76140763892","1749.58713587964","1480.29998064352","1404.70603875237","179.703827825406","179.703827825406","830.001904234462","2534.52878990676","1704.52688567229"
"432","5548","8011339100290000",{58B10284-D0E2-45D2-9AF4-418361B5BF33},"1.29676776910442e-06",National Capital Region (NCR),"NCR, First District, City of Manila",City of Manila - Malate,Barangay 714,"130000000","133900000","133910000","133910029","1380610029",Bgy,,Highly Urbanized Cities (HUC),,U,"1006","1371","0.01546188",No,,"0.00474752336990393",,,ADMIN2,"1748789491000","432","3","3","2880.1397243313","7464.19786934892","4584.05814501762","15461.8815597606","5153.96051992021","5117.54396608041","1871.61105170043","2880.1397243313","2880.1397243313","3998.84184520586","6290.87091771467","2292.02907250881","432","3","3","603.756817668756","7907.19495070649","7303.43813303774","15461.8794070935","5153.95980236449","6950.92763871821","3241.07720718948","603.756817668756","603.756817668756","3777.34222819348","7429.06129471235","3651.71906651887","432","3","3","2880.1397243313","7464.19786934892","4584.05814501762","15461.8815597606","5153.96051992021","5117.54396608041","1871.61105170043","2880.1397243313","2880.1397243313","3998.84184520586","6290.87091771467","2292.02907250881"
"433","5549","8011339100300000",{B4F99FD0-3BC7-48A5-B25E-0DAE3606B3E0},"4.50086860873084e-07",National Capital Region (NCR),"NCR, First District, City of Manila",City of Manila - Malate,Barangay 715,"130000000","133900000","133910000","133910030","1380610030",Bgy,,Highly Urbanized Cities (HUC),,U,"333","180","0.00536663",No,,"0.00292053365446552",,,ADMIN2,"1748789491000","433","3","3","498.713000264164","3165.25804583274","2666.54504556858","5366.62725895566","1788.87575298522","1702.65621285875","1090.31829506687","498.713000264164","498.713000264164","1100.68460656146","2433.95712934575","1333.27252278429","433","3","3","1188.62146125419","2780.38674592866","1591.76528467447","5366.63044465181","1788.87681488394","1397.62223746896","706.276286182128","1188.62146125419","1188.62146125419","1293.12184936157","2089.00449169881","795.882642337236","433","3","3","498.713000264164","3165.25804583274","2666.54504556858","5366.62725895566","1788.87575298522","1702.65621285875","1090.31829506687","498.713000264164","498.713000264164","1100.68460656146","2433.95712934575","1333.27252278429"
"434","5550","8011339100310000",{2B87E7AA-5E05-4D45-8637-3AA1D8422FC6},"4.10009494417142e-07",National Capital Region (NCR),"NCR, First District, City of Manila",City of Manila - Malate,Barangay 716,"130000000","133900000","133910000","133910031","1380610031",Bgy,,Highly Urbanized Cities (HUC),,U,"872","920","0.00488877",No,,"0.00304997384539382",,,ADMIN2,"1748789491000","434","2","2","272.91007774424","4615.85821451635","4342.94813677211","4888.76829226059","2444.38414613029","2444.38414613029","2171.47406838605","272.91007774424","272.91007774424","272.91007774424","4615.85821451635","4342.94813677211","434","3","3","23.8689962653443","3748.58664767271","3724.71765140737","4888.76885954195","1629.58961984732","1116.31321560389","1563.32336088671","23.8689962653443","23.8689962653443","570.091105934618","2432.4499316383","1862.35882570368","434","2","2","272.91007774424","4615.85821451635","4342.94813677211","4888.76829226059","2444.38414613029","2444.38414613029","2171.47406838605","272.91007774424","272.91007774424","272.91007774424","4615.85821451635","4342.94813677211"
"435","5551","8011339100320000",{6999207B-C2D9-4933-88D4-F3DB31578838},"2.29800058140605e-07",National Capital Region (NCR),"NCR, First District, City of Manila",City of Manila - Malate,Barangay 717,"130000000","133900000","133910000","133910032","1380610032",Bgy,,Highly Urbanized Cities (HUC),,U,"759","479","0.00274003",No,,"0.00232337033085053",,,ADMIN2,"1748789491000","435","1","1","2740.03348029219","2740.03348029219","0","2740.03348029219","2740.03348029219","2740.03348029219","0","2740.03348029219","2740.03348029219","2740.03348029219","2740.03348029219","0","435","2","2","775.906998163504","1964.12648855865","1188.21949039515","2740.03348672215","1370.01674336108","1370.01674336108","594.109745197573","775.906998163504","775.906998163504","775.906998163504","1964.12648855865","1188.21949039515","435","1","1","2740.03348029219","2740.03348029219","0","2740.03348029219","2740.03348029219","2740.03348029219","0","2740.03348029219","2740.03348029219","2740.03348029219","2740.03348029219","0"
"436","5552","8011339100330000",{F2262AC4-1196-4001-A1A0-24F4D252E1E9},"7.02589855963112e-07",National Capital Region (NCR),"NCR, First District, City of Manila",City of Manila - Malate,Barangay 718,"130000000","133900000","133910000","133910033","1380610033",Bgy,,Highly Urbanized Cities (HUC),,U,"1189","1155","0.00837739",No,,"0.00382127059186789",,,ADMIN2,"1748789491000","436","2","2","1074.4069688389","7302.97840868135","6228.57143984245","8377.38537752026","4188.69268876013","4188.69268876013","3114.28571992122","1074.4069688389","1074.4069688389","1074.4069688389","7302.97840868135","6228.57143984245","436","3","3","131.164118261458","4471.16779377582","4340.00367551436","8377.38477841509","2792.46159280503","3775.05286637781","1903.15916028159","131.164118261458","131.164118261458","1953.10849231963","4123.11033007682","2170.00183775718","436","2","2","1074.4069688389","7302.97840868135","6228.57143984245","8377.38537752026","4188.69268876013","4188.69268876013","3114.28571992122","1074.4069688389","1074.4069688389","1074.4069688389","7302.97840868135","6228.57143984245"
"437","5555","8011339010720000",{2D4CCCDA-0AAC-4176-BEA1-A570EEDCB6A6},"2.24329805419418e-06",National Capital Region (NCR),"NCR, First District, City of Manila",City of Manila - Tondo I / II,Barangay 72,"130000000","133900000","133901000","133901072","1380601072",Bgy,,Highly Urbanized Cities (HUC),,U,"3342","3233","0.02674271",No,,"0.00740099826560707",,,ADMIN2,"1748789491000","437","3","3","801.123480236631","16110.0845369214","15308.9610566847","26742.7060959725","8914.23536532417","9831.49807881453","6283.42265133381","801.123480236631","801.123480236631","5316.31077952558","12970.7913078679","7654.48052834236","437","3","3","599.765636309312","17883.647790041","17283.8821537317","26742.7025695572","8914.2341898524","8259.28914320686","7071.29692661894","599.765636309312","599.765636309312","4429.52738975809","13071.468466624","8641.94107686587","437","3","3","801.123480236631","16110.0845369214","15308.9610566847","26742.7060959725","8914.23536532417","9831.49807881453","6283.42265133381","801.123480236631","801.123480236631","5316.31077952558","12970.7913078679","7654.48052834236"
"438","5563","8011339100400000",{814EF8D9-304C-4CB6-86EC-B7E6A7D688E5},"4.43541799051096e-06",National Capital Region (NCR),"NCR, First District, City of Manila",City of Manila - Malate,Barangay 725,"130000000","133900000","133910000","133910040","1380610040",Bgy,,Highly Urbanized Cities (HUC),,U,"547","1409","0.05288537",No,,"0.0117168564104151",,,ADMIN2,"1748789491000","438","3","3","11361.8861780917","21407.5595317232","10045.6733536315","52885.1393107958","17628.3797702653","20115.6936009809","4462.35631711301","11361.8861780917","11361.8861780917","15738.7898895363","20761.6265663521","5022.83667681577","438","3","3","9245.27604765474","22452.1562479307","13206.880200276","52885.1208666571","17628.373622219","21187.6885710717","5950.1800160418","9245.27604765474","9245.27604765474","15216.4823093632","21819.9224095012","6603.440100138","438","3","3","11361.8861780917","21407.5595317232","10045.6733536315","52885.1393107958","17628.3797702653","20115.6936009809","4462.35631711301","11361.8861780917","11361.8861780917","15738.7898895363","20761.6265663521","5022.83667681577"
"439","5564","8011339100410000",{FFECEBD7-D64F-4270-B805-81B4F48FD4EC},"3.62510785294949e-06",National Capital Region (NCR),"NCR, First District, City of Manila",City of Manila - Malate,Barangay 726,"130000000","133900000","133910000","133910041","1380610041",Bgy,,Highly Urbanized Cities (HUC),,U,"560","595","0.04322382",No,,"0.00768879039274641",,,ADMIN2,"1748789491000","439","3","3","10130.0729207508","17712.4161744043","7582.34325365347","43223.8382877317","14407.9460959106","15381.3491925767","3171.07946873042","10130.0729207508","10130.0729207508","12755.7110566637","16546.8826834905","3791.17162682673","439","3","3","4839.5629338472","24427.8390805307","19588.2761466835","43223.8340305764","14407.9446768588","13956.4320161985","8003.2509378683","4839.5629338472","4839.5629338472","9397.99747502286","19192.1355483646","9794.13807334174","439","3","3","10130.0729207508","17712.4161744043","7582.34325365347","43223.8382877317","14407.9460959106","15381.3491925767","3171.07946873042","10130.0729207508","10130.0729207508","12755.7110566637","16546.8826834905","3791.17162682673"
"440","5565","8011339100420000",{9A09B4C9-5693-4CE0-B244-504FFF74B68F},"4.85406973260234e-06",National Capital Region (NCR),"NCR, First District, City of Manila",City of Manila - Malate,Barangay 727,"130000000","133900000","133910000","133910042","1380610042",Bgy,,Highly Urbanized Cities (HUC),,U,"752","1790","0.05787775",No,,"0.00934484883000075",,,ADMIN2,"1748789491000","440","4","4","299.893530247122","27839.9681229669","27540.0745927198","57877.7357225015","14469.4339306254","14868.9370346438","9953.39655877928","299.893530247122","299.893530247122","6152.01576509219","22786.8520961586","16634.8363310664","440","4","4","199.929026099329","28100.6041718039","27900.6751457046","57877.7445424476","14469.4361356119","14788.6056722722","11142.5000780197","199.929026099329","199.929026099329","3837.25493484598","25101.6173363778","21264.3624015318","440","4","4","299.893530247122","27839.9681229669","27540.0745927198","57877.7357225015","14469.4339306254","14868.9370346438","9953.39655877928","299.893530247122","299.893530247122","6152.01576509219","22786.8520961586","16634.8363310664"
"441","5566","8011339100430000",{05BAFED4-1FCE-478A-9C16-DA352D50FB46},"5.98304032666267e-06",National Capital Region (NCR),"NCR, First District, City of Manila",City of Manila - Malate,Barangay 728,"130000000","133900000","133910000","133910043","1380610043",Bgy,,Highly Urbanized Cities (HUC),,U,"739","840","0.07133959",No,,"0.0103476410979149",,,ADMIN2,"1748789491000","441","4","4","126.086565735105","44926.8562087568","44800.7696430217","71339.5758833242","17834.893970831","13143.3165544161","18257.9909494434","126.086565735105","126.086565735105","1136.76036450723","34533.0275771549","33396.2672126476","441","4","4","6.35936801730804","37090.196615315","37083.8372472977","71339.5688058282","17834.892201457","17121.5064112479","13796.8257132605","6.35936801730804","6.35936801730804","5568.76116221815","30101.0232406959","24532.2620784778","441","4","4","126.086565735105","44926.8562087568","44800.7696430217","71339.5758833242","17834.893970831","13143.3165544161","18257.9909494434","126.086565735105","126.086565735105","1136.76036450723","34533.0275771549","33396.2672126476"
"442","5567","8011339100440000",{4554E90C-1463-4972-900B-342BD9A75665},"2.63768485766594e-06",National Capital Region (NCR),"NCR, First District, City of Manila",City of Manila - Malate,Barangay 729,"130000000","133900000","133910000","133910044","1380610044",Bgy,,Highly Urbanized Cities (HUC),,U,"480","871","0.0314511",No,,"0.00672727859466089",,,ADMIN2,"1748789491000","442","3","3","3756.93869619183","16149.9126325589","12392.9739363671","31451.0996423558","10483.6998807853","11544.2483136051","5114.6862387075","3756.93869619183","3756.93869619183","7650.59350489846","13847.080473082","6196.48696818353","442","3","3","8488.69298102622","11763.6072284272","3274.91424740099","31451.0965796381","10483.6988598794","11198.7963701847","1429.40294503011","8488.69298102622","8488.69298102622","9843.74467560545","11481.2017993059","1637.45712370049","442","3","3","3756.93869619183","16149.9126325589","12392.9739363671","31451.0996423558","10483.6998807853","11544.2483136051","5114.6862387075","3756.93869619183","3756.93869619183","7650.59350489846","13847.080473082","6196.48696818353"
"443","5569","8011339010730000",{A7798552-3055-401C-884B-24282E1CBB05},"8.70690383229174e-07",National Capital Region (NCR),"NCR, First District, City of Manila",City of Manila - Tondo I / II,Barangay 73,"130000000","133900000","133901000","133901073","1380601073",Bgy,,Highly Urbanized Cities (HUC),,U,"1745","2478","0.01037966",No,,"0.00462765869064566",,,ADMIN2,"1748789491000","443","3","3","398.407949857166","8044.60853046234","7646.20058060517","10379.6609231684","3459.88697438945","1936.64444284885","3302.15047982699","398.407949857166","398.407949857166","1167.52619635301","4990.62648665559","3823.10029030259","443","3","3","199.921987162117","8272.62498665998","8072.70299949787","10379.661278439","3459.88709281301","1907.11430461692","3473.75502190806","199.921987162117","199.921987162117","1053.51814588952","5089.86964563845","4036.35149974893","443","3","3","398.407949857166","8044.60853046234","7646.20058060517","10379.6609231684","3459.88697438945","1936.64444284885","3302.15047982699","398.407949857166","398.407949857166","1167.52619635301","4990.62648665559","3823.10029030259"
"444","5578","8011339100610000",{64DFE68B-1654-46E9-999F-68A33FEBF4E9},"1.22295721293246e-06",National Capital Region (NCR),"NCR, First District, City of Manila",City of Manila - Malate,Barangay 736,"130000000","133900000","133910000","133910061","1380610061",Bgy,,Highly Urbanized Cities (HUC),,U,"2713","3806","0.01458139",No,,"0.00580895166005951",,,ADMIN2,"1748789491000","444","4","4","974.35442162754","10422.1481231934","9447.79370156587","14581.3931965014","3645.34829912536","1592.44532584025","3928.32592770481","974.35442162754","974.35442162754","1110.58024502157","6180.11635322915","5069.53610820758","444","4","4","390.006804466335","9355.81137060876","8965.80456614243","14581.3967012697","3645.34917531743","2417.78926309731","3405.74399115522","390.006804466335","390.006804466335","1255.60380695979","6035.09454367507","4779.49073671527","444","4","4","974.35442162754","10422.1481231934","9447.79370156587","14581.3931965014","3645.34829912536","1592.44532584025","3928.32592770481","974.35442162754","974.35442162754","1110.58024502157","6180.11635322915","5069.53610820758"
"445","5562","8011339100390000",{7FCC2383-FC2E-423D-BE0E-580096CEE87D},"6.97696540758918e-06",National Capital Region (NCR),"NCR, First District, City of Manila",City of Manila - Malate,Barangay 724,"130000000","133900000","133910000","133910039","1380610039",Bgy,,Highly Urbanized Cities (HUC),,U,"2012","2338","0.08318879",No,,"0.0108919118912962",,,ADMIN2,"1748789491000","445","3","3","14518.0994662934","44940.828233008","30422.7287667146","83188.7754811964","27729.5918270655","23729.847781895","12737.9765720052","14518.0994662934","14518.0994662934","19123.9736240942","34335.3380074515","15211.3643833573","445","3","3","4972.03790154659","44663.9532670741","39691.9153655275","83188.7717437716","27729.5905812572","33552.7805751509","16719.1345993104","4972.03790154659","4972.03790154659","19262.4092383488","39108.3669211125","19845.9576827638","445","3","3","14518.0994662934","44940.828233008","30422.7287667146","83188.7754811964","27729.5918270655","23729.847781895","12737.9765720052","14518.0994662934","14518.0994662934","19123.9736240942","34335.3380074515","15211.3643833573"
"446","5574","8011339100470000",{22F11199-24C8-4F46-91E0-A5194608952B},"1.9440749194603e-06",National Capital Region (NCR),"NCR, First District, City of Manila",City of Manila - Malate,Barangay 732,"130000000","133900000","133910000","133910047","1380610047",Bgy,,Highly Urbanized Cities (HUC),,U,"3583","1974","0.02317982",No,,"0.00653992136086889",,,ADMIN2,"1748789491000","446","4","4","78.1180266954907","18208.5469155647","18130.4288888692","23179.8295417097","5794.95738542742","2446.58229972475","7375.31079613163","78.1180266954907","78.1180266954907","238.988750221419","11350.9260206334","11111.937270412","446","4","4","26.0910350512204","15939.3809587104","15913.2899236591","23179.829565538","5794.9573913845","3607.17878588822","6156.2037289795","26.0910350512204","26.0910350512204","962.711728406506","10627.2030543625","9664.49132595599","446","4","4","78.1180266954907","18208.5469155647","18130.4288888692","23179.8295417097","5794.95738542742","2446.58229972475","7375.31079613163","78.1180266954907","78.1180266954907","238.988750221419","11350.9260206334","11111.937270412"
"447","5577","8011339100600000",{9AAE8EEB-39BA-4E13-B4C9-ED01BFEC289A},"1.87357687136836e-06",National Capital Region (NCR),"NCR, First District, City of Manila",City of Manila - Malate,Barangay 735,"130000000","133900000","133910000","133910060","1380610060",Bgy,,Highly Urbanized Cities (HUC),,U,"2937","2063","0.02233876",No,,"0.00658187599691825",,,ADMIN2,"1748789491000","447","4","4","1238.80586150667","13952.3324792459","12713.5266177393","22138.3032384191","5534.57580960478","3473.58244883324","5108.15477611142","1238.80586150667","1238.80586150667","1450.28806150737","9618.86355770218","8168.57549619481","447","4","4","285.862825948332","13724.6237691503","13438.760943202","22138.3113549264","5534.57783873159","4063.91237991387","5269.19595569546","285.862825948332","285.862825948332","944.738797564144","10124.416879899","9179.6780823349","447","4","4","1238.80586150667","13952.3324792459","12713.5266177393","22138.3032384191","5534.57580960478","3473.58244883324","5108.15477611142","1238.80586150667","1238.80586150667","1450.28806150737","9618.86355770218","8168.57549619481"
"448","5579","8011339100620000",{75266CCC-357E-46AA-84F3-8BC2D19ED754},"1.00486465066844e-06",National Capital Region (NCR),"NCR, First District, City of Manila",City of Manila - Malate,Barangay 737,"130000000","133900000","133910000","133910062","1380610062",Bgy,,Highly Urbanized Cities (HUC),,U,"2356","2209","0.01198111",No,,"0.00500185986235184",,,ADMIN2,"1748789491000","448","3","3","1117.07556293649","5688.41034611083","4571.33478317434","10319.020809163","3439.67360305433","3513.53490011566","1866.9702806718","1117.07556293649","1117.07556293649","2315.30523152607","4600.97262311324","2285.66739158717","448","3","3","1833.10227045244","6330.51419397537","4497.41192352293","10319.0124123241","3439.67080410803","2155.39594789627","2048.36519077773","1833.10227045244","1833.10227045244","1994.24910917435","4242.95507093582","2248.70596176147","448","3","3","1117.07556293649","5688.41034611083","4571.33478317434","10319.020809163","3439.67360305433","3513.53490011566","1866.9702806718","1117.07556293649","1117.07556293649","2315.30523152607","4600.97262311324","2285.66739158717"
"449","5573","8011339100460000",{6250A848-A707-4B6A-98EE-B946B4F11C6B},"3.04158938944518e-06",National Capital Region (NCR),"NCR, First District, City of Manila",City of Manila - Malate,Barangay 731,"130000000","133900000","133910000","133910046","1380610046",Bgy,,Highly Urbanized Cities (HUC),,U,"3018","2916","0.03626575",No,,"0.00864237599403176",,,ADMIN2,"1748789491000","449","2","2","10923.3669251091","25342.3758399739","14419.0089148648","36265.742765083","18132.8713825415","18132.8713825415","7209.50445743241","10923.3669251091","10923.3669251091","10923.3669251091","25342.3758399739","14419.0089148648","449","3","3","1380.30492496266","18236.8513683943","16856.5464434317","36265.7416332162","12088.5805444054","16648.5853398593","7599.60623106284","1380.30492496266","1380.30492496266","9014.44513241096","17442.7183541268","8428.27322171583","449","2","2","10923.3669251091","25342.3758399739","14419.0089148648","36265.742765083","18132.8713825415","18132.8713825415","7209.50445743241","10923.3669251091","10923.3669251091","10923.3669251091","25342.3758399739","14419.0089148648"
"450","5576","8011339100630000",{B7A78623-6C1C-4DCE-950F-AC7AA5AB7BD0},"1.26111218486457e-06",National Capital Region (NCR),"NCR, First District, City of Manila",City of Manila - Malate,Barangay 734,"130000000","133900000","133910000","133910063","1380610063",Bgy,,Highly Urbanized Cities (HUC),,U,"879","902","0.01503624",No,,"0.00560320063438752",,,ADMIN2,"1748789491000","450","4","4","798.704552357094","8707.41710759418","7908.71255523709","15036.2442095779","3759.06105239448","2765.06127481331","2970.5719972936","798.704552357094","798.704552357094","1687.55463547383","5830.56746931512","4143.01283384129","450","4","4","123.848606899133","11461.2209721354","11337.3723652362","15036.2560809456","3759.0640202364","1725.59325095555","4530.0902333121","123.848606899133","123.848606899133","524.900573062845","6993.22746740995","6468.32689434711","450","4","4","798.704552357094","8707.41710759418","7908.71255523709","15036.2442095779","3759.06105239448","2765.06127481331","2970.5719972936","798.704552357094","798.704552357094","1687.55463547383","5830.56746931512","4143.01283384129"
"451","5583","8011339010740000",{BE2C1406-036E-4555-95AA-18998567AB4B},"1.68012341620914e-06",National Capital Region (NCR),"NCR, First District, City of Manila",City of Manila - Tondo I / II,Barangay 74,"130000000","133900000","133901000","133901074","1380601074",Bgy,,Highly Urbanized Cities (HUC),,U,"887","1039","0.02002879",No,,"0.00574414916284441",,,ADMIN2,"1748789491000","451","2","2","280.278600827412","19748.5160715955","19468.2374707681","20028.7946724229","10014.3973362115","10014.3973362115","9734.11873538405","280.278600827412","280.278600827412","280.278600827412","19748.5160715955","19468.2374707681","451","2","2","7633.10329199715","12395.6914719553","4762.58817995815","20028.7947639525","10014.3973819762","10014.3973819762","2381.29408997907","7633.10329199715","7633.10329199715","7633.10329199715","12395.6914719553","4762.58817995815","451","2","2","280.278600827412","19748.5160715955","19468.2374707681","20028.7946724229","10014.3973362115","10014.3973362115","9734.11873538405","280.278600827412","280.278600827412","280.278600827412","19748.5160715955","19468.2374707681"
"452","5586","8011339100540000",{36DEB32E-4438-42AB-A4A1-AA2A1BD73EA7},"2.51061010294008e-06",National Capital Region (NCR),"NCR, First District, City of Manila",City of Manila - Malate,Barangay 740,"130000000","133900000","133910000","133910054","1380610054",Bgy,,Highly Urbanized Cities (HUC),,U,"3928","4138","0.02993442",No,,"0.00652038451881975",,,ADMIN2,"1748789491000","452","3","3","5891.77068225847","12321.1780404968","6429.40735823829","29934.4144945955","9978.13816486517","11721.4657718403","2899.85207708639","5891.77068225847","5891.77068225847","8806.61822704937","12021.3219061685","3214.70367911915","452","3","3","2694.43508069398","15893.0227594111","13198.5876787171","29934.422212666","9978.14073755532","11346.9643725609","5474.54337736693","2694.43508069398","2694.43508069398","7020.69972662743","13619.993565986","6599.29383935856","452","3","3","5891.77068225847","12321.1780404968","6429.40735823829","29934.4144945955","9978.13816486517","11721.4657718403","2899.85207708639","5891.77068225847","5891.77068225847","8806.61822704937","12021.3219061685","3214.70367911915"
"453","5587","8011339100550000",{1D354AA4-153D-4B11-8246-C2E396D8B2D8},"1.17550420376451e-06",National Capital Region (NCR),"NCR, First District, City of Manila",City of Manila - Malate,Barangay 741,"130000000","133900000","133910000","133910055","1380610055",Bgy,,Highly Urbanized Cities (HUC),,U,"2288","1207","0.01401566",No,,"0.00577463116807873",,,ADMIN2,"1748789491000","453","3","3","3244.41403557713","5632.56064348152","2388.14660790439","13898.2004594076","4632.73348646921","5021.22578034898","1012.91847385473","3244.41403557713","3244.41403557713","4132.81990796305","5326.89321191525","1194.0733039522","453","3","3","2478.38134578682","6954.71928097977","4476.33793519294","13898.1910880126","4632.73036267085","4465.09046124597","1831.29784213713","2478.38134578682","2478.38134578682","3471.7359035164","5709.90487111287","2238.16896759647","453","3","3","3244.41403557713","5632.56064348152","2388.14660790439","13898.2004594076","4632.73348646921","5021.22578034898","1012.91847385473","3244.41403557713","3244.41403557713","4132.81990796305","5326.89321191525","1194.0733039522"
"454","5588","8011339100560000",{D1D32E79-A499-45EC-B1BC-9E66C3ED8310},"6.34056439210031e-07",National Capital Region (NCR),"NCR, First District, City of Manila",City of Manila - Malate,Barangay 742,"130000000","133900000","133910000","133910056","1380610056",Bgy,,Highly Urbanized Cities (HUC),,U,"583","807","0.00755992",No,,"0.0036011181975498",,,ADMIN2,"1748789491000","454","3","3","1696.01523962075","3245.76931945002","1549.75407982926","7152.49233897819","2384.16411299273","2210.70777990742","644.463472770135","1696.01523962075","1696.01523962075","1953.36150976409","2728.23854967872","774.877039914631","454","3","3","1767.32487906708","3125.8188751679","1358.49399610081","7152.49189176163","2384.16396392054","2259.34813752665","561.581532963993","1767.32487906708","1767.32487906708","2013.33650829687","2692.58350634727","679.246998050407","454","3","3","1696.01523962075","3245.76931945002","1549.75407982926","7152.49233897819","2384.16411299273","2210.70777990742","644.463472770135","1696.01523962075","1696.01523962075","1953.36150976409","2728.23854967872","774.877039914631"
"455","5589","8011339100570000",{26D17564-9807-4B34-8815-67ADFC746292},"3.15831139294388e-06",National Capital Region (NCR),"NCR, First District, City of Manila",City of Manila - Malate,Barangay 743,"130000000","133900000","133910000","133910057","1380610057",Bgy,,Highly Urbanized Cities (HUC),,U,"1515","1607","0.03765711",No,,"0.00775957621910812",,,ADMIN2,"1748789491000","455","3","3","2950.09486283387","24161.9216288136","21211.8267659798","37363.8118886105","12454.6039628702","10251.795396963","8798.66174941808","2950.09486283387","2950.09486283387","6600.94512989844","17206.8585128883","10605.9133829899","455","3","3","3805.78011774049","26697.6152068068","22891.8350890663","37363.8133690204","12454.6044563401","6860.41804447314","10148.2418721763","3805.78011774049","3805.78011774049","5333.09908110681","16779.0166256399","11445.9175445331","455","3","3","2950.09486283387","24161.9216288136","21211.8267659798","37363.8118886105","12454.6039628702","10251.795396963","8798.66174941808","2950.09486283387","2950.09486283387","6600.94512989844","17206.8585128883","10605.9133829899"
"456","5590","8011339100580000",{7E3F6B09-285C-40F3-8733-5FEC6BD5999F},"2.80693151940523e-06",National Capital Region (NCR),"NCR, First District, City of Manila",City of Manila - Malate,Barangay 744,"130000000","133900000","133910000","133910058","1380610058",Bgy,,Highly Urbanized Cities (HUC),,U,"1297","1223","0.03346793",No,,"0.00813224889481919",,,ADMIN2,"1748789491000","456","2","2","7703.4798675076","25764.4563558005","18060.9764882929","33467.9362233081","16733.968111654","16733.968111654","9030.48824414644","7703.4798675076","7703.4798675076","7703.4798675076","25764.4563558005","18060.9764882929","456","3","3","1051.45902163481","19722.683198869","18671.2241772342","33467.9369228013","11155.9789742671","12693.7947022975","7699.66713476052","1051.45902163481","1051.45902163481","6872.62686196617","16208.2389505833","9335.6120886171","456","2","2","7703.4798675076","25764.4563558005","18060.9764882929","33467.9362233081","16733.968111654","16733.968111654","9030.48824414644","7703.4798675076","7703.4798675076","7703.4798675076","25764.4563558005","18060.9764882929"
"457","5591","8011339140020000",{0ACF83BF-B19C-45C4-8D88-B0CBC468664C},"1.14727016486269e-06",National Capital Region (NCR),"NCR, First District, City of Manila",City of Manila - Santa Ana,Barangay 745,"130000000","133900000","133914000","133914002","1380614002",Bgy,,Highly Urbanized Cities (HUC),,U,"1696","2015","0.01367941",No,,"0.00485743060890295",,,ADMIN2,"1748789491000","457","3","3","38.2743855358767","10815.8011835647","10777.5267980289","13679.396703509","4559.79890116967","2825.3211344084","4567.64569649759","38.2743855358767","38.2743855358767","1431.79775997214","6820.56115898657","5388.76339901443","457","3","3","246.348690708342","8386.26610600262","8139.91741529428","13679.3963776638","4559.79879255461","5046.78158095286","3340.90088240681","246.348690708342","246.348690708342","2646.5651358306","6716.52384347774","4069.95870764714","457","3","3","38.2743855358767","10815.8011835647","10777.5267980289","13679.396703509","4559.79890116967","2825.3211344084","4567.64569649759","38.2743855358767","38.2743855358767","1431.79775997214","6820.56115898657","5388.76339901443"
"458","5581","8011339100530000",{7CB97F36-2528-48D4-8463-EDCEA4991BF9},"2.16886663675442e-06",National Capital Region (NCR),"NCR, First District, City of Manila",City of Manila - Malate,Barangay 739,"130000000","133900000","133910000","133910053","1380610053",Bgy,,Highly Urbanized Cities (HUC),,U,"3164","4530","0.02585992",No,,"0.00589765638912578",,,ADMIN2,"1748789491000","458","4","4","86.372264533893","12275.5346989515","12189.1624344176","25859.9097038524","6464.97742596311","6749.00137018352","5695.01261030434","86.372264533893","86.372264533893","792.754539750607","12137.2003121756","11344.445772425","458","4","4","61.6417402834559","14133.4907100823","14071.8489697988","25859.914381437","6464.97859535925","5832.39096553565","5217.74918194983","61.6417402834559","61.6417402834559","1929.02255682611","11000.9346338924","9071.91207706629","458","4","4","86.372264533893","12275.5346989515","12189.1624344176","25859.9097038524","6464.97742596311","6749.00137018352","5695.01261030434","86.372264533893","86.372264533893","792.754539750607","12137.2003121756","11344.445772425"
"459","5594","8011339140050000",{E381ED2A-AFA6-40DF-B108-91D0F903967B},"2.40010830346236e-06",National Capital Region (NCR),"NCR, First District, City of Manila",City of Manila - Santa Ana,Barangay 748,"130000000","133900000","133914000","133914005","1380614005",Bgy,,Highly Urbanized Cities (HUC),,U,"731","812","0.02861741",No,,"0.00811564496379298",,,ADMIN2,"1748789491000","459","2","2","10591.5513872102","18025.854878778","7434.30349156777","28617.4062659882","14308.7031329941","14308.7031329941","3717.15174578389","10591.5513872102","10591.5513872102","10591.5513872102","18025.854878778","7434.30349156777","459","3","3","1621.78927901524","19470.1685678971","17848.3792888818","28617.4069223341","9539.13564077803","7525.44907542178","7424.39047992353","1621.78927901524","1621.78927901524","4573.61917721851","13497.8088216594","8924.18964444091","459","2","2","10591.5513872102","18025.854878778","7434.30349156777","28617.4062659882","14308.7031329941","14308.7031329941","3717.15174578389","10591.5513872102","10591.5513872102","10591.5513872102","18025.854878778","7434.30349156777"
"460","5595","8011339140060000",{0AAE1AC0-E6A2-4735-8FC3-C67D51D4C470},"9.70998821758987e-07",National Capital Region (NCR),"NCR, First District, City of Manila",City of Manila - Santa Ana,Barangay 749,"130000000","133900000","133914000","133914006","1380614006",Bgy,,Highly Urbanized Cities (HUC),,U,"580","616","0.01157762",No,,"0.00438308734673332",,,ADMIN2,"1748789491000","460","3","3","3168.00628558959","4801.34999482668","1633.34370923709","11577.6117255702","3859.20390852339","3608.2554451539","690.016553703229","3168.00628558959","3168.00628558959","3388.13086537175","4204.80271999029","816.671854618544","460","3","3","2931.45044295787","5185.57992499266","2254.12948203479","11577.6167226964","3859.20557423214","3460.58635474588","962.444073544877","2931.45044295787","2931.45044295787","3196.01839885188","4323.08313986927","1127.0647410174","460","3","3","3168.00628558959","4801.34999482668","1633.34370923709","11577.6117255702","3859.20390852339","3608.2554451539","690.016553703229","3168.00628558959","3168.00628558959","3388.13086537175","4204.80271999029","816.671854618544"
"461","5597","8011339010750000",{5B334190-7DCE-4C3A-AF73-0FCA5E7DE467},"2.14870904846646e-06",National Capital Region (NCR),"NCR, First District, City of Manila",City of Manila - Tondo I / II,Barangay 75,"130000000","133900000","133901000","133901075","1380601075",Bgy,,Highly Urbanized Cities (HUC),,U,"1564","1350","0.02561483",No,,"0.00623665012851412",,,ADMIN2,"1748789491000","461","2","2","1882.36187619323","23732.4690721009","21850.1071959077","25614.8309482941","12807.4154741471","12807.4154741471","10925.0535979538","1882.36187619323","1882.36187619323","1882.36187619323","23732.4690721009","21850.1071959077","461","3","3","753.330546092293","14809.1768750307","14055.8463289384","25614.8313147898","8538.27710492994","10052.3238936669","5837.29145320818","753.330546092293","753.330546092293","5402.82721987959","12430.7503843488","7027.92316446918","461","2","2","1882.36187619323","23732.4690721009","21850.1071959077","25614.8309482941","12807.4154741471","12807.4154741471","10925.0535979538","1882.36187619323","1882.36187619323","1882.36187619323","23732.4690721009","21850.1071959077"
"462","5600","8011339140070000",{0ADA8AE8-E0F8-440F-9A89-50AAB9427E2B},"2.19913410285858e-06",National Capital Region (NCR),"NCR, First District, City of Manila",City of Manila - Santa Ana,Barangay 750,"130000000","133900000","133914000","133914007","1380614007",Bgy,,Highly Urbanized Cities (HUC),,U,"1075","1107","0.02622082",No,,"0.00636929474304774",,,ADMIN2,"1748789491000","462","4","4","322.847139853289","12965.161902468","12642.3147626147","26220.8172439046","6555.20431097615","6466.40410079165","4482.43778278289","322.847139853289","322.847139853289","3164.57380054864","9945.83482140367","6781.26102085503","462","4","4","138.288268089309","10062.0726862704","9923.78441818104","26220.8283929046","6555.20709822614","8010.23371927246","3798.84815353211","138.288268089309","138.288268089309","4029.77684861628","9080.63734783601","5050.86049921973","462","4","4","322.847139853289","12965.161902468","12642.3147626147","26220.8172439046","6555.20431097615","6466.40410079165","4482.43778278289","322.847139853289","322.847139853289","3164.57380054864","9945.83482140367","6781.26102085503"
"463","5601","8011339140080000",{D98B09C5-780A-44BA-B1A5-7646D7AEA90E},"2.09705713151003e-06",National Capital Region (NCR),"NCR, First District, City of Manila",City of Manila - Santa Ana,Barangay 751,"130000000","133900000","133914000","133914008","1380614008",Bgy,,Highly Urbanized Cities (HUC),,U,"1559","1541","0.0250039",No,,"0.00772643423104749",,,ADMIN2,"1748789491000","463","4","4","199.930190188054","18690.8584259266","18490.9282357385","25003.9181043962","6250.97952609904","3056.56474414078","7516.48442616966","199.930190188054","199.930190188054","295.215405987034","12206.7436462111","11911.528240224","463","4","4","199.929998804873","14972.7428558682","14772.8128570633","25003.9178751608","6250.9794687902","4915.62251024389","5720.04691548074","199.929998804873","199.929998804873","1205.69294628561","11296.2659912948","10090.5730450092","463","4","4","199.930190188054","18690.8584259266","18490.9282357385","25003.9181043962","6250.97952609904","3056.56474414078","7516.48442616966","199.930190188054","199.930190188054","295.215405987034","12206.7436462111","11911.528240224"
"464","5602","8011339140090000",{3BA0F3D2-FD22-4369-B3DC-D95ED586E5ED},"1.43139381403664e-06",National Capital Region (NCR),"NCR, First District, City of Manila",City of Manila - Santa Ana,Barangay 752,"130000000","133900000","133914000","133914009","1380614009",Bgy,,Highly Urbanized Cities (HUC),,U,"595","763","0.01706714",No,,"0.00542539595236131",,,ADMIN2,"1748789491000","464","3","3","99.9650690029084","13862.3630667913","13762.3979977884","17067.1494104579","5689.04980348598","3104.82127466375","5908.16257276132","99.9650690029084","99.9650690029084","1602.39317183333","8483.59217072752","6881.19899889419","464","3","3","1845.14772732501","9734.77547294129","7889.62774561629","17067.1527477744","5689.05091592481","5487.22954750815","3224.08699114046","1845.14772732501","1845.14772732501","3666.18863741658","7611.00251022472","3944.81387280814","464","3","3","99.9650690029084","13862.3630667913","13762.3979977884","17067.1494104579","5689.04980348598","3104.82127466375","5908.16257276132","99.9650690029084","99.9650690029084","1602.39317183333","8483.59217072752","6881.19899889419"
"465","5603","8011339140100000",{0E8BA029-8C28-4A15-9BD8-6C23A762E4E5},"2.04617607428188e-06",National Capital Region (NCR),"NCR, First District, City of Manila",City of Manila - Santa Ana,Barangay 753,"130000000","133900000","133914000","133914010","1380614010",Bgy,,Highly Urbanized Cities (HUC),,U,"2222","2380","0.0243973",No,,"0.00683242851741867",,,ADMIN2,"1748789491000","465","3","3","1372.32093634749","18606.8489095231","17234.5279731756","24397.3193553162","8132.43978510541","4418.14950944568","7510.1798825966","1372.32093634749","1372.32093634749","2895.23522289659","11512.4992094844","8617.26398658778","465","4","4","588.186483587022","12621.3207705244","12033.1342869374","24397.3162147347","6099.32905368368","5593.90448031165","5429.5826585855","588.186483587022","588.186483587022","732.510581729439","11466.1475256379","10733.6369439085","465","3","3","1372.32093634749","18606.8489095231","17234.5279731756","24397.3193553162","8132.43978510541","4418.14950944568","7510.1798825966","1372.32093634749","1372.32093634749","2895.23522289659","11512.4992094844","8617.26398658778"
"466","5593","8011339140040000",{9C9B9F0C-84CD-407F-9C2F-B629B3BCD4D2},"9.74666189911775e-07",National Capital Region (NCR),"NCR, First District, City of Manila",City of Manila - Santa Ana,Barangay 747,"130000000","133900000","133914000","133914004","1380614004",Bgy,,Highly Urbanized Cities (HUC),,U,"429","369","0.01162127",No,,"0.00464672149917589",,,ADMIN2,"1748789491000","466","3","3","3098.27557161678","5019.83084567514","1921.55527405836","11621.2677548688","3873.75591828961","3503.1613375769","827.082795232979","3098.27557161678","3098.27557161678","3300.71845459684","4261.49609162602","960.777637029181","466","3","3","2752.55905116123","4949.0159037428","2196.45685258157","11621.2691269353","3873.75637564509","3919.69417203123","897.287908892029","2752.55905116123","2752.55905116123","3336.12661159623","4434.35503788702","1098.22842629079","466","3","3","3098.27557161678","5019.83084567514","1921.55527405836","11621.2677548688","3873.75591828961","3503.1613375769","827.082795232979","3098.27557161678","3098.27557161678","3300.71845459684","4261.49609162602","960.777637029181"
"467","5606","8011339140120000",{D5546119-6694-4A6E-A138-BCE53510350E},"2.27949223314756e-06",National Capital Region (NCR),"NCR, First District, City of Manila",City of Manila - Santa Ana,Barangay 756,"130000000","133900000","133914000","133914012","1380614012",Bgy,,Highly Urbanized Cities (HUC),,U,"580","721","0.02717985",No,,"0.00611536834401451",,,ADMIN2,"1748789491000","467","2","2","1091.51805450416","26088.3246302715","24996.8065757674","27179.8426847757","13589.9213423879","13589.9213423879","12498.4032878837","1091.51805450416","1091.51805450416","1091.51805450416","26088.3246302715","24996.8065757674","467","3","3","499.976454462449","24953.5409750872","24453.5645206248","27179.8399825739","9059.94666085798","1726.32255302426","11249.6144039796","499.976454462449","499.976454462449","1113.14950374336","13339.9317640557","12226.7822603124","467","2","2","1091.51805450416","26088.3246302715","24996.8065757674","27179.8426847757","13589.9213423879","13589.9213423879","12498.4032878837","1091.51805450416","1091.51805450416","1091.51805450416","26088.3246302715","24996.8065757674"
"468","5607","8011339140130000",{2C7F28B5-9F30-48BB-8121-D4EADECED469},"1.15010668026114e-06",National Capital Region (NCR),"NCR, First District, City of Manila",City of Manila - Santa Ana,Barangay 757,"130000000","133900000","133914000","133914013","1380614013",Bgy,,Highly Urbanized Cities (HUC),,U,"389","477","0.01371342",No,,"0.00440799175791469",,,ADMIN2,"1748789491000","468","2","2","648.476567249745","13064.9427779312","12416.4662106815","13713.419345181","6856.70967259048","6856.70967259048","6208.23310534074","648.476567249745","648.476567249745","648.476567249745","13064.9427779312","12416.4662106815","468","3","3","6.32544176436932","11385.0975872741","11378.7721455097","13713.4191004568","4571.13970015228","2321.99607141837","4910.06443826438","6.32544176436932","6.32544176436932","1164.16075659137","6853.54682934623","5689.38607275486","468","2","2","648.476567249745","13064.9427779312","12416.4662106815","13713.419345181","6856.70967259048","6856.70967259048","6208.23310534074","648.476567249745","648.476567249745","648.476567249745","13064.9427779312","12416.4662106815"
"469","5608","8011339140140000",{715F1342-9235-4E3B-BA19-9684EB6E5A9F},"1.60902550517472e-06",National Capital Region (NCR),"NCR, First District, City of Manila",City of Manila - Santa Ana,Barangay 758,"130000000","133900000","133914000","133914014","1380614014",Bgy,,Highly Urbanized Cities (HUC),,U,"357","399","0.01918532",No,,"0.00565365953617024",,,ADMIN2,"1748789491000","469","3","3","403.38286535471","15632.9149811046","15229.5321157499","19185.3107409748","6395.10358032493","3149.0128945155","6627.5933626789","403.38286535471","403.38286535471","1776.19787993511","9390.96393781004","7614.76605787493","469","3","3","1483.75626051505","10223.055127737","8739.29886722196","19185.3108464423","6395.10361548076","7478.49945819022","3649.12282488608","1483.75626051505","1483.75626051505","4481.12785935264","8850.77729296362","4369.64943361098","469","3","3","403.38286535471","15632.9149811046","15229.5321157499","19185.3107409748","6395.10358032493","3149.0128945155","6627.5933626789","403.38286535471","403.38286535471","1776.19787993511","9390.96393781004","7614.76605787493"
"470","5609","8011339140150000",{E1D1C50C-DF78-45DA-BB28-BDA1BE32D8A8},"2.35448784289159e-06",National Capital Region (NCR),"NCR, First District, City of Manila",City of Manila - Santa Ana,Barangay 759,"130000000","133900000","133914000","133914015","1380614015",Bgy,,Highly Urbanized Cities (HUC),,U,"750","787","0.02807372",No,,"0.00619170132786151",,,ADMIN2,"1748789491000","470","3","3","1639.12065299059","22304.5698449604","20665.4491919698","28073.7186618689","9357.90622062296","4130.02816391791","9210.98001692563","1639.12065299059","1639.12065299059","2884.57440845425","13217.2990044391","10332.7245959849","470","3","3","2951.41477196953","14963.7982604855","12012.383488516","28073.7257244078","9357.90857480258","10158.5126919527","4936.60237296134","2951.41477196953","2951.41477196953","6554.96373196111","12561.1554762191","6006.19174425801","470","3","3","1639.12065299059","22304.5698449604","20665.4491919698","28073.7186618689","9357.90622062296","4130.02816391791","9210.98001692563","1639.12065299059","1639.12065299059","2884.57440845425","13217.2990044391","10332.7245959849"
"471","5611","8011339010760000",{EA61DF2A-E319-430C-AA91-B3DB20159569},"1.53356219615217e-06",National Capital Region (NCR),"NCR, First District, City of Manila",City of Manila - Tondo I / II,Barangay 76,"130000000","133900000","133901000","133901076","1380601076",Bgy,,Highly Urbanized Cities (HUC),,U,"1699","1844","0.01828153",No,,"0.00498981904960964",,,ADMIN2,"1748789491000","471","2","2","694.098697986616","17587.4427110876","16893.344013101","18281.5414090742","9140.77070453712","9140.77070453712","8446.6720065505","694.098697986616","694.098697986616","694.098697986616","17587.4427110876","16893.344013101","471","3","3","65.2946824994688","10586.4099625621","10521.1152800627","18281.5410830653","6093.84702768844","7629.83643800372","4430.41866234953","65.2946824994688","65.2946824994688","3847.56556025159","9108.12320028293","5260.55764003133","471","2","2","694.098697986616","17587.4427110876","16893.344013101","18281.5414090742","9140.77070453712","9140.77070453712","8446.6720065505","694.098697986616","694.098697986616","694.098697986616","17587.4427110876","16893.344013101"
"472","5614","8011339140160000",{DC4FD5A4-C2BF-4E87-9EA0-B0E949953C83},"2.40042941038446e-06",National Capital Region (NCR),"NCR, First District, City of Manila",City of Manila - Santa Ana,Barangay 760,"130000000","133900000","133914000","133914016","1380614016",Bgy,,Highly Urbanized Cities (HUC),,U,"990","1041","0.02862158",No,,"0.00623662766650514",,,ADMIN2,"1748789491000","472","2","2","1999.30411038437","26622.2836683217","24622.9795579374","28621.5877787061","14310.7938893531","14310.7938893531","12311.4897789687","1999.30411038437","1999.30411038437","1999.30411038437","26622.2836683217","24622.9795579374","472","2","2","9216.01257019096","19405.5755030432","10189.5629328523","28621.5880732342","14310.7940366171","14310.7940366171","5094.78146642614","9216.01257019096","9216.01257019096","9216.01257019096","19405.5755030432","10189.5629328523","472","2","2","1999.30411038437","26622.2836683217","24622.9795579374","28621.5877787061","14310.7938893531","14310.7938893531","12311.4897789687","1999.30411038437","1999.30411038437","1999.30411038437","26622.2836683217","24622.9795579374"
"473","5615","8011339140170000",{27A353EC-57DC-4844-A339-4E43A2948BCA},"2.45124016061158e-06",National Capital Region (NCR),"NCR, First District, City of Manila",City of Manila - Santa Ana,Barangay 761,"130000000","133900000","133914000","133914017","1380614017",Bgy,,Highly Urbanized Cities (HUC),,U,"1307","1062","0.02922751",No,,"0.00634287830151503",,,ADMIN2,"1748789491000","473","2","2","99.9651219428633","29127.5446615971","29027.5795396542","29227.5097835399","14613.75489177","14613.75489177","14513.7897698271","99.9651219428633","99.9651219428633","99.9651219428633","29127.5446615971","29027.5795396542","473","2","2","1672.37237004424","27555.1374321455","25882.7650621013","29227.5098021898","14613.7549010949","14613.7549010949","12941.3825310507","1672.37237004424","1672.37237004424","1672.37237004424","27555.1374321455","25882.7650621013","473","2","2","99.9651219428633","29127.5446615971","29027.5795396542","29227.5097835399","14613.75489177","14613.75489177","14513.7897698271","99.9651219428633","99.9651219428633","99.9651219428633","29127.5446615971","29027.5795396542"
"474","5605","8011339140110000",{A14E84EE-0784-42B0-8490-48FBC1DE3DBA},"2.82484626882755e-06",National Capital Region (NCR),"NCR, First District, City of Manila",City of Manila - Santa Ana,Barangay 755,"130000000","133900000","133914000","133914011","1380614011",Bgy,,Highly Urbanized Cities (HUC),,U,"780","1372","0.03368258",No,,"0.00707459185803925",,,ADMIN2,"1748789491000","474","4","4","1.5314080430835","31049.077676336","31047.5462682929","33682.5887383027","8420.64718457568","1315.9898269618","13078.1537194845","1.5314080430835","1.5314080430835","474.122618778154","16367.1717503732","15893.049131595","474","4","4","299.894886280264","29807.9234127265","29508.0285264463","33682.5877141275","8420.64692853187","1787.38470756035","12406.7543423606","299.894886280264","299.894886280264","306.443357760356","16534.8504993034","16228.407141543","474","4","4","1.5314080430835","31049.077676336","31047.5462682929","33682.5887383027","8420.64718457568","1315.9898269618","13078.1537194845","1.5314080430835","1.5314080430835","474.122618778154","16367.1717503732","15893.049131595"
"475","5618","8011339140200000",{8753E5A7-D0FF-4A54-9768-0C4FFF32CE19},"4.02459598195575e-06",National Capital Region (NCR),"NCR, First District, City of Manila",City of Manila - Santa Ana,Barangay 764,"130000000","133900000","133914000","133914020","1380614020",Bgy,,Highly Urbanized Cities (HUC),,U,"1717","2022","0.0479871",No,,"0.00820411176790405",,,ADMIN2,"1748789491000","475","3","3","10193.6727768803","19889.8970907461","9696.22431386579","47987.1192786463","15995.7064262154","17903.54941102","4182.03221151324","10193.6727768803","10193.6727768803","14048.6110939501","18896.723250883","4848.11215693289","475","3","3","13491.0554639171","20430.3992738959","6939.34380997874","47987.1083246596","15995.7027748865","14065.6535868466","3144.56573890713","13491.0554639171","13491.0554639171","13778.3545253819","17248.0264303712","3469.67190498937","475","3","3","10193.6727768803","19889.8970907461","9696.22431386579","47987.1192786463","15995.7064262154","17903.54941102","4182.03221151324","10193.6727768803","10193.6727768803","14048.6110939501","18896.723250883","4848.11215693289"
"476","5619","8011339140210000",{0ED50D9A-74EE-4342-9A47-57D21446CA08},"2.45334591845061e-06",National Capital Region (NCR),"NCR, First District, City of Manila",City of Manila - Santa Ana,Barangay 765,"130000000","133900000","133914000","133914021","1380614021",Bgy,,Highly Urbanized Cities (HUC),,U,"1744","2075","0.02925207",No,,"0.00630366239657691",,,ADMIN2,"1748789491000","476","3","3","4015.85108310416","14708.2421733931","10692.3910902889","29252.0414792285","9750.68049307618","10527.9482227313","4399.6148050782","4015.85108310416","4015.85108310416","7271.89965291772","12618.0951980622","5346.19554514447","476","3","3","1235.92135700123","14132.1732214177","12896.2518644165","29252.0522618805","9750.68408729351","13883.9576834616","6021.69915130282","1235.92135700123","1235.92135700123","7559.93952023142","14008.0654524397","6448.12593220823","476","3","3","4015.85108310416","14708.2421733931","10692.3910902889","29252.0414792285","9750.68049307618","10527.9482227313","4399.6148050782","4015.85108310416","4015.85108310416","7271.89965291772","12618.0951980622","5346.19554514447"
"477","5620","8011339140220000",{3D86FE45-78BF-4FFF-A971-6106FF53E557},"1.81810155415874e-06",National Capital Region (NCR),"NCR, First District, City of Manila",City of Manila - Santa Ana,Barangay 766,"130000000","133900000","133914000","133914022","1380614022",Bgy,,Highly Urbanized Cities (HUC),,U,"3057","3101","0.02167776",No,,"0.0056256114035129",,,ADMIN2,"1748789491000","477","2","2","6111.90050200323","15565.8611476577","9453.96064565452","21677.761649661","10838.8808248305","10838.8808248305","4726.98032282726","6111.90050200323","6111.90050200323","6111.90050200323","15565.8611476577","9453.96064565452","477","2","2","4875.16002523982","16802.5954941855","11927.4354689457","21677.7555194253","10838.8777597127","10838.8777597127","5963.71773447284","4875.16002523982","4875.16002523982","4875.16002523982","16802.5954941855","11927.4354689457","477","2","2","6111.90050200323","15565.8611476577","9453.96064565452","21677.761649661","10838.8808248305","10838.8808248305","4726.98032282726","6111.90050200323","6111.90050200323","6111.90050200323","15565.8611476577","9453.96064565452"
"478","5621","8011339140230000",{6DF68D43-DAD6-439A-B98A-FF62786FADD8},"3.52642612594897e-06",National Capital Region (NCR),"NCR, First District, City of Manila",City of Manila - Santa Ana,Barangay 767,"130000000","133900000","133914000","133914023","1380614023",Bgy,,Highly Urbanized Cities (HUC),,U,"4523","5429","0.04204648",No,,"0.00760125667643808",,,ADMIN2,"1748789491000","478","3","3","1151.19544468935","27731.8167671283","26580.621322439","42046.4539064394","14015.4846354798","13163.4416946218","10868.2056277788","1151.19544468935","1151.19544468935","7157.31856965557","20447.629230875","13290.3106612195","478","2","2","9679.75829208437","32366.699050358","22686.9407582736","42046.4573424424","21023.2286712212","21023.2286712212","11343.4703791368","9679.75829208437","9679.75829208437","9679.75829208437","32366.699050358","22686.9407582736","478","3","3","1151.19544468935","27731.8167671283","26580.621322439","42046.4539064394","14015.4846354798","13163.4416946218","10868.2056277788","1151.19544468935","1151.19544468935","7157.31856965557","20447.629230875","13290.3106612195"
"479","5622","8011339140240000",{2354BF65-73C9-454D-9725-F54D897D5D21},"2.19554991343885e-06",National Capital Region (NCR),"NCR, First District, City of Manila",City of Manila - Santa Ana,Barangay 768,"130000000","133900000","133914000","133914024","1380614024",Bgy,,Highly Urbanized Cities (HUC),,U,"1078","1147","0.02617825",No,,"0.00594249820714358",,,ADMIN2,"1748789491000","479","2","2","8712.6184365408","17465.6282636544","8753.00982711365","26178.2467001952","13089.1233500976","13089.1233500976","4376.50491355683","8712.6184365408","8712.6184365408","8712.6184365408","17465.6282636544","8753.00982711365","479","2","2","11446.1438710538","14732.1022616637","3285.95839060984","26178.2461327175","13089.1230663587","13089.1230663587","1642.97919530492","11446.1438710538","11446.1438710538","11446.1438710538","14732.1022616637","3285.95839060984","479","2","2","8712.6184365408","17465.6282636544","8753.00982711365","26178.2467001952","13089.1233500976","13089.1233500976","4376.50491355683","8712.6184365408","8712.6184365408","8712.6184365408","17465.6282636544","8753.00982711365"
"480","5623","8011339140250000",{3761AF5D-6734-4EED-9A56-4D845614583A},"2.84778109251323e-06",National Capital Region (NCR),"NCR, First District, City of Manila",City of Manila - Santa Ana,Barangay 769,"130000000","133900000","133914000","133914025","1380614025",Bgy,,Highly Urbanized Cities (HUC),,U,"1827","1997","0.03395517",No,,"0.00681269319097715",,,ADMIN2,"1748789491000","480","3","3","5604.08886071391","21170.583189213","15566.4943284991","33955.1872428033","11318.3957476011","7180.51519287638","6996.21221489053","5604.08886071391","5604.08886071391","6392.30202679515","14175.5491910447","7783.24716424953","480","3","3","7534.6699066391","16652.8235423179","9118.1536356788","33955.1818753916","11318.3939584639","9767.68842643459","3880.60967428747","7534.6699066391","7534.6699066391","8651.17916653684","13210.2559843762","4559.0768178394","480","3","3","5604.08886071391","21170.583189213","15566.4943284991","33955.1872428033","11318.3957476011","7180.51519287638","6996.21221489053","5604.08886071391","5604.08886071391","6392.30202679515","14175.5491910447","7783.24716424953"
"481","5625","8011339010770000",{4E7E2F98-E4F0-42E7-9522-ADEC135865C9},"1.07463333593897e-06",National Capital Region (NCR),"NCR, First District, City of Manila",City of Manila - Tondo I / II,Barangay 77,"130000000","133900000","133901000","133901077","1380601077",Bgy,,Highly Urbanized Cities (HUC),,U,"1429","1372","0.01281061",No,,"0.00446087942575832",,,ADMIN2,"1748789491000","481","2","2","3565.30839998327","9245.30056343455","5679.99216345127","12810.6089634178","6405.30448170891","6405.30448170891","2839.99608172564","3565.30839998327","3565.30839998327","3565.30839998327","9245.30056343455","5679.99216345127","481","3","3","1152.38887140286","8988.75392848577","7836.36505708291","12810.6104069869","4270.20346899564","2669.4676070983","3393.51546351181","1152.38887140286","1152.38887140286","1910.92823925058","5829.11076779203","3918.18252854146","481","2","2","3565.30839998327","9245.30056343455","5679.99216345127","12810.6089634178","6405.30448170891","6405.30448170891","2839.99608172564","3565.30839998327","3565.30839998327","3565.30839998327","9245.30056343455","5679.99216345127"
"482","5617","8011339140190000",{CDEDEA26-1A34-4A8E-83A4-B1F7862DF702},"2.44042033673263e-06",National Capital Region (NCR),"NCR, First District, City of Manila",City of Manila - Santa Ana,Barangay 763,"130000000","133900000","133914000","133914019","1380614019",Bgy,,Highly Urbanized Cities (HUC),,U,"1535","1779","0.02909808",No,,"0.00629209717825588",,,ADMIN2,"1748789491000","482","3","3","1698.79057453571","16964.5250397672","15265.7344652315","29098.0811615824","9699.36038719415","10434.7655472796","6253.86695055409","1698.79057453571","1698.79057453571","6066.77806090764","13699.6452935234","7632.86723261573","482","3","3","4146.25239385974","20719.4611975868","16573.208803727","29098.0814745952","9699.36049153172","4232.36788314867","7792.46724506302","4146.25239385974","4146.25239385974","4189.3101385042","12475.9145403677","8286.60440186352","482","3","3","1698.79057453571","16964.5250397672","15265.7344652315","29098.0811615824","9699.36038719415","10434.7655472796","6253.86695055409","1698.79057453571","1698.79057453571","6066.77806090764","13699.6452935234","7632.86723261573"
"483","5632","8011339140300000",{DEC39A5E-5DEF-4A71-929B-BDC992957F03},"1.57806383163707e-06",National Capital Region (NCR),"NCR, First District, City of Manila",City of Manila - Santa Ana,Barangay 774,"130000000","133900000","133914000","133914030","1380614030",Bgy,,Highly Urbanized Cities (HUC),,U,"3427","2878","0.01881531",No,,"0.00572843703297406",,,ADMIN2,"1748789491000","483","3","3","3323.35026877627","8662.65179249027","5339.301523714","18815.3066548838","6271.76888496127","6829.30459361725","2215.12523951485","3323.35026877627","3323.35026877627","5076.32743119676","7745.97819305376","2669.650761857","483","3","3","99.9658805618528","14815.9984463852","14716.0325658234","18815.2963406938","6271.76544689793","3899.33201374672","6237.61353487287","99.9658805618528","99.9658805618528","1999.64894715429","9357.66523006597","7358.01628291169","483","3","3","3323.35026877627","8662.65179249027","5339.301523714","18815.3066548838","6271.76888496127","6829.30459361725","2215.12523951485","3323.35026877627","3323.35026877627","5076.32743119676","7745.97819305376","2669.650761857"
"484","5634","8011339140320000",{8BD6790F-8682-46B0-AEF8-496D3FEC54DA},"2.63945653970205e-06",National Capital Region (NCR),"NCR, First District, City of Manila",City of Manila - Santa Ana,Barangay 776,"130000000","133900000","133914000","133914032","1380614032",Bgy,,Highly Urbanized Cities (HUC),,U,"4640","4592","0.03147039",No,,"0.00758927568616998",,,ADMIN2,"1748789491000","484","3","3","299.898809774779","20854.9513144198","20555.052504645","28791.1575205488","9597.0525068496","7636.30739635424","8505.32918855101","299.898809774779","299.898809774779","3968.10310306451","14245.629355387","10277.5262523225","484","3","3","5841.14534850424","14000.8958716854","8159.75052318121","28791.1584138064","9597.05280460213","8949.11719361672","3362.56326504313","5841.14534850424","5841.14534850424","7395.13127106048","11475.0065326511","4079.8752615906","484","3","3","299.898809774779","20854.9513144198","20555.052504645","28791.1575205488","9597.0525068496","7636.30739635424","8505.32918855101","299.898809774779","299.898809774779","3968.10310306451","14245.629355387","10277.5262523225"
"485","5635","8011339140330000",{E9C0FD69-A12B-4C64-B2E9-DFF726AAAC58},"2.35117378437315e-06",National Capital Region (NCR),"NCR, First District, City of Manila",City of Manila - Santa Ana,Barangay 777,"130000000","133900000","133914000","133914033","1380614033",Bgy,,Highly Urbanized Cities (HUC),,U,"3280","3011","0.028033",No,,"0.00654674959161658",,,ADMIN2,"1748789491000","485","3","3","99.9659647137742","24498.8600664025","24398.8941016888","28032.9973839221","9344.33246130737","3434.1713528058","10801.9754857677","99.9659647137742","99.9659647137742","1767.06865875979","13966.5157096042","12199.4470508444","485","3","3","2214.19175930977","17510.0810897529","15295.8893304432","28032.9971655806","9344.33238852686","8308.72431651789","6287.31106602278","2214.19175930977","2214.19175930977","5261.45803791383","12909.4027031354","7647.94466522158","485","3","3","99.9659647137742","24498.8600664025","24398.8941016888","28032.9973839221","9344.33246130737","3434.1713528058","10801.9754857677","99.9659647137742","99.9659647137742","1767.06865875979","13966.5157096042","12199.4470508444"
"486","5629","8011339140270000",{7D35C0B8-D4A1-477D-9929-FF470B5B1A5B},"2.41471548575363e-06",National Capital Region (NCR),"NCR, First District, City of Manila",City of Manila - Santa Ana,Barangay 771,"130000000","133900000","133914000","133914027","1380614027",Bgy,,Highly Urbanized Cities (HUC),,U,"2224","1813","0.02879096",No,,"0.00627474005516075",,,ADMIN2,"1748789491000","486","3","3","2601.40916866838","6449.31972972749","3847.91056105911","12778.3529254534","4259.45097515114","3727.62402705754","1615.2881783171","2601.40916866838","2601.40916866838","3164.51659786296","5088.47187839251","1923.95528052955","486","3","3","3.55306470430514","7335.21463173594","7331.66156703163","12778.3450512487","4259.44835041622","5439.57735480843","3107.28645644695","3.55306470430514","3.55306470430514","2721.56520975637","6387.39599327218","3665.83078351582","486","3","3","2601.40916866838","6449.31972972749","3847.91056105911","12778.3529254534","4259.45097515114","3727.62402705754","1615.2881783171","2601.40916866838","2601.40916866838","3164.51659786296","5088.47187839251","1923.95528052955"
"487","5630","8011339140280000",{18D01584-1031-4926-B71D-F9209E5BCC7F},"2.6301565887998e-06",National Capital Region (NCR),"NCR, First District, City of Manila",City of Manila - Santa Ana,Barangay 772,"130000000","133900000","133914000","133914028","1380614028",Bgy,,Highly Urbanized Cities (HUC),,U,"2671","2426","0.03135968",No,,"0.00846976773430666",,,ADMIN2,"1748789491000","487","3","3","2690.57636166177","12703.4497440425","10012.8733823808","22897.8810630071","7632.62702100235","7503.85495730275","4088.75246060779","2690.57636166177","2690.57636166177","5097.21565948226","10103.6523506726","5006.43669119038","487","2","2","5331.00349951609","17566.8771999439","12235.8737004279","22897.88069946","11448.94034973","11448.94034973","6117.93685021393","5331.00349951609","5331.00349951609","5331.00349951609","17566.8771999439","12235.8737004279","487","3","3","2690.57636166177","12703.4497440425","10012.8733823808","22897.8810630071","7632.62702100235","7503.85495730275","4088.75246060779","2690.57636166177","2690.57636166177","5097.21565948226","10103.6523506726","5006.43669119038"
"488","5631","8011339140290000",{E7C0ACFE-41AD-4324-A7D9-F54209A96DA3},"2.2743841876182e-06",National Capital Region (NCR),"NCR, First District, City of Manila",City of Manila - Santa Ana,Barangay 773,"130000000","133900000","133914000","133914029","1380614029",Bgy,,Highly Urbanized Cities (HUC),,U,"3108","2748","0.02711769",No,,"0.0081110594045741",,,ADMIN2,"1748789491000","488","3","3","1620.21940638626","12965.7655329646","11345.5461265784","19787.8121513698","6595.93738378993","5201.82721201892","4735.54020894877","1620.21940638626","1620.21940638626","3411.02330920259","9083.79637249177","5672.77306328918","488","2","2","2561.76497799509","17226.0500431672","14664.2850651721","19787.8150211623","9893.90751058114","9893.90751058114","7332.14253258605","2561.76497799509","2561.76497799509","2561.76497799509","17226.0500431672","14664.2850651721","488","3","3","1620.21940638626","12965.7655329646","11345.5461265784","19787.8121513698","6595.93738378993","5201.82721201892","4735.54020894877","1620.21940638626","1620.21940638626","3411.02330920259","9083.79637249177","5672.77306328918"
"489","5643","8011339140370000",{B2DF992A-6FC7-43FF-A4C0-08D3D126946A},"2.75274453248795e-06",National Capital Region (NCR),"NCR, First District, City of Manila",City of Manila - Santa Ana,Barangay 781,"130000000","133900000","133914000","133914037","1380614037",Bgy,,Highly Urbanized Cities (HUC),,U,"3383","4275","0.03282074",No,,"0.00733471454310544",,,ADMIN2,"1748789491000","489","3","3","35.1697173510693","31985.8365102501","31950.6667928991","32820.7353853239","10940.2451284413","799.729157722672","14884.7533904555","35.1697173510693","35.1697173510693","417.44943753687","16392.7828339864","15975.3333964495","489","3","3","499.83077374706","19264.9592157409","18765.1284419938","32820.7351680536","10940.2450560179","13055.9451785657","7805.53870092868","499.83077374706","499.83077374706","6777.88797615637","16160.4521971533","9382.56422099692","489","3","3","35.1697173510693","31985.8365102501","31950.6667928991","32820.7353853239","10940.2451284413","799.729157722672","14884.7533904555","35.1697173510693","35.1697173510693","417.44943753687","16392.7828339864","15975.3333964495"
"490","5644","8011339140380000",{B3BB2962-561D-49C2-9816-4D76E2437D2E},"2.11100227890261e-06",National Capital Region (NCR),"NCR, First District, City of Manila",City of Manila - Santa Ana,Barangay 782,"130000000","133900000","133914000","133914038","1380614038",Bgy,,Highly Urbanized Cities (HUC),,U,"1387","1483","0.02516949",No,,"0.00640426453947286",,,ADMIN2,"1748789491000","490","2","2","198.353773813535","24971.1453293782","24772.7915555647","25169.4991031918","12584.7495515959","12584.7495515959","12386.3957777824","198.353773813535","198.353773813535","198.353773813535","24971.1453293782","24772.7915555647","490","2","2","201.244353190821","24968.2548033043","24767.0104501134","25169.4991564951","12584.7495782475","12584.7495782475","12383.5052250567","201.244353190821","201.244353190821","201.244353190821","24968.2548033043","24767.0104501134","490","2","2","198.353773813535","24971.1453293782","24772.7915555647","25169.4991031918","12584.7495515959","12584.7495515959","12386.3957777824","198.353773813535","198.353773813535","198.353773813535","24971.1453293782","24772.7915555647"
"491","5645","8011339140390000",{2C54373C-25AA-46BF-B698-ECF285FFE4CE},"2.27627779324727e-06",National Capital Region (NCR),"NCR, First District, City of Manila",City of Manila - Santa Ana,Barangay 783,"130000000","133900000","133914000","133914039","1380614039",Bgy,,Highly Urbanized Cities (HUC),,U,"1991","2145","0.02714018",No,,"0.00630568401186795",,,ADMIN2,"1748789491000","491","3","3","401.444839887299","24418.2765803087","24016.8317404214","26179.143750424","8726.38125014134","1359.42233022803","11102.7358342496","401.444839887299","401.444839887299","880.433585057664","12888.8494552684","12008.4158702107","491","3","3","1099.63086249176","22620.8156751252","21521.1848126335","26179.1453034223","8726.38176780744","2458.69876580534","9840.50258184919","1099.63086249176","1099.63086249176","1779.16481414855","12539.7572204653","10760.5924063167","491","3","3","401.444839887299","24418.2765803087","24016.8317404214","26179.143750424","8726.38125014134","1359.42233022803","11102.7358342496","401.444839887299","401.444839887299","880.433585057664","12888.8494552684","12008.4158702107"
"492","5646","8011339140400000",{3BB95783-7909-4D40-B0B3-6D565365A85F},"2.11291618884506e-06",National Capital Region (NCR),"NCR, First District, City of Manila",City of Manila - Santa Ana,Barangay 784,"130000000","133900000","133914000","133914040","1380614040",Bgy,,Highly Urbanized Cities (HUC),,U,"2679","3386","0.02519229",No,,"0.00728514165448465",,,ADMIN2,"1748789491000","492","2","2","1282.43538555149","23909.8562220574","22627.4208365059","25192.2916076089","12596.1458038045","12596.1458038045","11313.710418253","1282.43538555149","1282.43538555149","1282.43538555149","23909.8562220574","22627.4208365059","492","3","3","486.404526642669","24011.3702679069","23524.9657412643","25192.2916626199","8397.43055420664","694.516868070317","11041.0495492643","486.404526642669","486.404526642669","590.460697356493","12352.9435679886","11762.4828706321","492","2","2","1282.43538555149","23909.8562220574","22627.4208365059","25192.2916076089","12596.1458038045","12596.1458038045","11313.710418253","1282.43538555149","1282.43538555149","1282.43538555149","23909.8562220574","22627.4208365059"
"493","5638","8011339010780000",{D9847894-4B0A-4EF0-A482-DEC73754CC1C},"1.23417578043128e-06",National Capital Region (NCR),"NCR, First District, City of Manila",City of Manila - Tondo I / II,Barangay 78,"130000000","133900000","133901000","133901078","1380601078",Bgy,,Highly Urbanized Cities (HUC),,U,"1081","1221","0.01471258",No,,"0.00452346146401397",,,ADMIN2,"1748789491000","493","1","1","14712.5848458356","14712.5848458356","0","14712.5848458356","14712.5848458356","14712.5848458356","0","14712.5848458356","14712.5848458356","14712.5848458356","14712.5848458356","0","493","2","2","800.445871800015","13912.1389151165","13111.6930433164","14712.5847869165","7356.29239345824","7356.29239345824","6555.84652165822","800.445871800015","800.445871800015","800.445871800015","13912.1389151165","13111.6930433164","493","1","1","14712.5848458356","14712.5848458356","0","14712.5848458356","14712.5848458356","14712.5848458356","0","14712.5848458356","14712.5848458356","14712.5848458356","14712.5848458356","0"
"494","5642","8011339140360000",{4440C9BB-B1D9-47BB-BCB0-C76B7154877B},"2.66244289283109e-06",National Capital Region (NCR),"NCR, First District, City of Manila",City of Manila - Santa Ana,Barangay 780,"130000000","133900000","133914000","133914036","1380614036",Bgy,,Highly Urbanized Cities (HUC),,U,"2791","2316","0.0317442",No,,"0.00691551668758558",,,ADMIN2,"1748789491000","494","2","2","341.220641864391","31402.9769818411","31061.7563399767","31744.1976237055","15872.0988118527","15872.0988118527","15530.8781699884","341.220641864391","341.220641864391","341.220641864391","31402.9769818411","31061.7563399767","494","2","2","2379.43384368694","29364.7635912201","26985.3297475332","31744.1974349071","15872.0987174535","15872.0987174535","13492.6648737666","2379.43384368694","2379.43384368694","2379.43384368694","29364.7635912201","26985.3297475332","494","2","2","341.220641864391","31402.9769818411","31061.7563399767","31744.1976237055","15872.0988118527","15872.0988118527","15530.8781699884","341.220641864391","341.220641864391","341.220641864391","31402.9769818411","31061.7563399767"
"495","5651","8011339140450000",{D30B6A22-F3C1-4CB8-85B9-3053964DB170},"1.65586807645257e-06",National Capital Region (NCR),"NCR, First District, City of Manila",City of Manila - Santa Ana,Barangay 789,"130000000","133900000","133914000","133914045","1380614045",Bgy,,Highly Urbanized Cities (HUC),,U,"1669","1620","0.01974274",No,,"0.00603520696544883",,,ADMIN2,"1748789491000","495","2","2","1.67209676454513","19741.0768327625","19739.404735998","19742.7489295271","9871.37446476353","9871.37446476353","9869.70236799899","1.67209676454513","1.67209676454513","1.67209676454513","19741.0768327625","19739.404735998","495","2","2","1383.94156018924","18358.8081060883","16974.866545899","19742.7496662775","9871.37483313875","9871.37483313875","8487.43327294951","1383.94156018924","1383.94156018924","1383.94156018924","18358.8081060883","16974.866545899","495","2","2","1.67209676454513","19741.0768327625","19739.404735998","19742.7489295271","9871.37446476353","9871.37446476353","9869.70236799899","1.67209676454513","1.67209676454513","1.67209676454513","19741.0768327625","19739.404735998"
"496","5649","8011339140430000",{9EE8248A-2F6C-4C59-9B35-43F8B56DBCA0},"1.68851788099888e-06",National Capital Region (NCR),"NCR, First District, City of Manila",City of Manila - Santa Ana,Barangay 787,"130000000","133900000","133914000","133914043","1380614043",Bgy,,Highly Urbanized Cities (HUC),,U,"1995","3622","0.02013214",No,,"0.00593097241394175",,,ADMIN2,"1748789491000","496","2","2","14.6031063813934","20117.5290389247","20102.9259325433","20132.1321453061","10066.066072653","10066.066072653","10051.4629662717","14.6031063813934","14.6031063813934","14.6031063813934","20117.5290389247","20102.9259325433","496","2","2","1828.37577381388","18303.756346533","16475.3805727191","20132.1321203469","10066.0660601734","10066.0660601734","8237.69028635956","1828.37577381388","1828.37577381388","1828.37577381388","18303.756346533","16475.3805727191","496","2","2","14.6031063813934","20117.5290389247","20102.9259325433","20132.1321453061","10066.066072653","10066.066072653","10051.4629662717","14.6031063813934","14.6031063813934","14.6031063813934","20117.5290389247","20102.9259325433"
"497","5652","8011339010790000",{6FBAF7B3-F780-4FD6-B145-2E06B4A84C86},"6.57010451713304e-07",National Capital Region (NCR),"NCR, First District, City of Manila",City of Manila - Tondo I / II,Barangay 79,"130000000","133900000","133901000","133901079","1380601079",Bgy,,Highly Urbanized Cities (HUC),,U,"1543","1520","0.00783216",No,,"0.00373618138853485",,,ADMIN2,"1748789491000","497","2","2","1869.48321553119","5962.6726874407","4093.18947190952","7832.15590297189","3916.07795148595","3916.07795148595","2046.59473595476","1869.48321553119","1869.48321553119","1869.48321553119","5962.6726874407","4093.18947190952","497","3","3","52.9100352453349","7625.03763274396","7572.12759749863","7832.1564301562","2610.71881005207","154.208762166905","3545.90000796419","52.9100352453349","52.9100352453349","103.55939870612","3889.62319745543","3786.06379874931","497","2","2","1869.48321553119","5962.6726874407","4093.18947190952","7832.15590297189","3916.07795148595","3916.07795148595","2046.59473595476","1869.48321553119","1869.48321553119","1869.48321553119","5962.6726874407","4093.18947190952"
"498","5658","8011339140480000",{7689C59E-136B-4CBF-8865-ADC8F6C9B7FC},"2.54550173082532e-06",National Capital Region (NCR),"NCR, First District, City of Manila",City of Manila - Santa Ana,Barangay 792,"130000000","133900000","133914000","133914048","1380614048",Bgy,,Highly Urbanized Cities (HUC),,U,"2420","2559","0.03034967",No,,"0.0108856162606131",,,ADMIN2,"1748789491000","498","1","1","30349.6676980916","30349.6676980916","0","30349.6676980916","30349.6676980916","30349.6676980916","0","30349.6676980916","30349.6676980916","30349.6676980916","30349.6676980916","0","498","2","2","4934.30442627465","25415.3633396579","20481.0589133833","30349.6677659326","15174.8338829663","15174.8338829663","10240.5294566916","4934.30442627465","4934.30442627465","4934.30442627465","25415.3633396579","20481.0589133833","498","1","1","30349.6676980916","30349.6676980916","0","30349.6676980916","30349.6676980916","30349.6676980916","0","30349.6676980916","30349.6676980916","30349.6676980916","30349.6676980916","0"
"499","5659","8011339140490000",{18F6FD1C-8703-4BF5-893E-45F0A566E398},"1.9288971976478e-06",National Capital Region (NCR),"NCR, First District, City of Manila",City of Manila - Santa Ana,Barangay 793,"130000000","133900000","133914000","133914049","1380614049",Bgy,,Highly Urbanized Cities (HUC),,U,"1494","1722","0.02299792",No,,"0.00551548644324885",,,ADMIN2,"1748789491000","499","1","1","22997.9213069093","22997.9213069093","0","22997.9213069093","22997.9213069093","22997.9213069093","0","22997.9213069093","22997.9213069093","22997.9213069093","22997.9213069093","0","499","2","2","2418.52193835196","20579.3992422346","18160.8773038826","22997.9211805866","11498.9605902933","11498.9605902933","9080.43865194132","2418.52193835196","2418.52193835196","2418.52193835196","20579.3992422346","18160.8773038826","499","1","1","22997.9213069093","22997.9213069093","0","22997.9213069093","22997.9213069093","22997.9213069093","0","22997.9213069093","22997.9213069093","22997.9213069093","22997.9213069093","0"
"500","5660","8011339140500000",{38019822-2C71-4DA1-B4BF-4CC7AA865411},"1.00042443345887e-06",National Capital Region (NCR),"NCR, First District, City of Manila",City of Manila - Santa Ana,Barangay 794,"130000000","133900000","133914000","133914050","1380614050",Bgy,,Highly Urbanized Cities (HUC),,U,"669","710","0.01192809",No,,"0.00465039285770045",,,ADMIN2,"1748789491000","500","4","4","546.354455632216","7910.8853466086","7364.53089097639","11928.0776963284","2982.0194240821","1735.4189470438","2909.06342647725","546.354455632216","546.354455632216","886.82188244599","5077.21696571822","4190.39508327223","500","4","4","812.833975911075","6094.49944532131","5281.66546941023","11928.0817662136","2982.02044155341","2510.37417249062","1934.64926210978","812.833975911075","812.833975911075","1532.33923382263","4431.70164928418","2899.36241546155","500","4","4","546.354455632216","7910.8853466086","7364.53089097639","11928.0776963284","2982.0194240821","1735.4189470438","2909.06342647725","546.354455632216","546.354455632216","886.82188244599","5077.21696571822","4190.39508327223"
"501","5661","8011339140510000",{9C5B0C3F-A240-4D70-B4B0-9B774369EBCA},"5.15944537437108e-07",National Capital Region (NCR),"NCR, First District, City of Manila",City of Manila - Santa Ana,Barangay 795,"130000000","133900000","133914000","133914051","1380614051",Bgy,,Highly Urbanized Cities (HUC),,U,"546","1157","0.00615163",No,,"0.00389980289292946",,,ADMIN2,"1748789491000","501","2","2","907.012124166458","5244.6075810874","4337.59545692095","6151.61970525386","3075.80985262693","3075.80985262693","2168.79772846047","907.012124166458","907.012124166458","907.012124166458","5244.6075810874","4337.59545692095","501","3","3","711.576577042746","4650.1465396073","3938.56996256455","6151.61840595887","2050.53946865296","789.895289308828","1838.47783917196","711.576577042746","711.576577042746","750.735933175787","2720.02091445806","1969.28498128228","501","2","2","907.012124166458","5244.6075810874","4337.59545692095","6151.61970525386","3075.80985262693","3075.80985262693","2168.79772846047","907.012124166458","907.012124166458","907.012124166458","5244.6075810874","4337.59545692095"
"502","5662","8011339140520000",{D9333907-D22B-4411-84E1-E302E5CF2BF8},"9.07504480908812e-07",National Capital Region (NCR),"NCR, First District, City of Manila",City of Manila - Santa Ana,Barangay 796,"130000000","133900000","133914000","133914052","1380614052",Bgy,,Highly Urbanized Cities (HUC),,U,"841","631","0.01082022",No,,"0.00495346143165167",,,ADMIN2,"1748789491000","502","2","2","2296.02945099168","8524.20218538721","6228.17273439553","10820.2316363789","5410.11581818944","5410.11581818944","3114.08636719777","2296.02945099168","2296.02945099168","2296.02945099168","8524.20218538721","6228.17273439553","502","3","3","917.065702119042","8492.24074490137","7575.17504278233","10820.2324475649","3606.74414918829","1410.92600054447","3460.44623698864","917.065702119042","917.065702119042","1163.99585133175","4951.58337272292","3787.58752139116","502","2","2","2296.02945099168","8524.20218538721","6228.17273439553","10820.2316363789","5410.11581818944","5410.11581818944","3114.08636719777","2296.02945099168","2296.02945099168","2296.02945099168","8524.20218538721","6228.17273439553"
"503","5663","8011339140530000",{9AF93EBD-9A01-4611-A131-D672BC96CCC8},"6.77333877223386e-07",National Capital Region (NCR),"NCR, First District, City of Manila",City of Manila - Santa Ana,Barangay 797,"130000000","133900000","133914000","133914053","1380614053",Bgy,,Highly Urbanized Cities (HUC),,U,"710","244","0.00807591",No,,"0.00465239668083758",,,ADMIN2,"1748789491000","503","1","1","7772.28772691078","7772.28772691078","0","7772.28772691078","7772.28772691078","7772.28772691078","0","7772.28772691078","7772.28772691078","7772.28772691078","7772.28772691078","0","503","2","2","1919.43837005182","5852.85047041634","3933.41210036453","7772.28884046816","3886.14442023408","3886.14442023408","1966.70605018226","1919.43837005182","1919.43837005182","1919.43837005182","5852.85047041634","3933.41210036453","503","1","1","7772.28772691078","7772.28772691078","0","7772.28772691078","7772.28772691078","7772.28772691078","0","7772.28772691078","7772.28772691078","7772.28772691078","7772.28772691078","0"
"504","5664","8011339140540000",{355BE99B-D15C-4340-8169-09FC6566236A},"2.33408859115752e-06",National Capital Region (NCR),"NCR, First District, City of Manila",City of Manila - Santa Ana,Barangay 798,"130000000","133900000","133914000","133914054","1380614054",Bgy,,Highly Urbanized Cities (HUC),,U,"1585","1562","0.02782962",No,,"0.00697371068422368",,,ADMIN2,"1748789491000","504","3","3","1803.92470470805","8898.81026600134","7094.88556129329","17596.7791818532","5865.59306061773","6894.04421114379","2986.37283994322","1803.92470470805","1803.92470470805","4348.98445792592","7896.42723857257","3547.44278064665","504","3","3","2925.93188899304","7339.39847487676","4413.46658588373","17596.7750646802","5865.59168822673","7331.44470081039","2078.65591461622","2925.93188899304","2925.93188899304","5128.68829490171","7335.42158784357","2206.73329294186","504","3","3","1803.92470470805","8898.81026600134","7094.88556129329","17596.7791818532","5865.59306061773","6894.04421114379","2986.37283994322","1803.92470470805","1803.92470470805","4348.98445792592","7896.42723857257","3547.44278064665"
"505","5665","8011339140550000",{DBE93ACF-3E8C-4D44-99E1-41FAEA899379},"1.35722930992619e-06",National Capital Region (NCR),"NCR, First District, City of Manila",City of Manila - Santa Ana,Barangay 799,"130000000","133900000","133914000","133914055","1380614055",Bgy,,Highly Urbanized Cities (HUC),,U,"495","544","0.01618239",No,,"0.0066108166571774",,,ADMIN2,"1748789491000","505","4","4","646.875831161968","5657.09083415318","5010.21500299121","13671.0957901101","3417.77394752753","3683.56456239748","1907.91959486011","646.875831161968","646.875831161968","1700.60706067968","5134.94083437537","3434.33377369569","505","4","4","1202.79214832547","5757.05024455674","4554.25809623127","13671.0914078482","3417.77285196206","3355.62450748301","1847.44694388477","1202.79214832547","1202.79214832547","1640.24845324007","5195.29725068404","3555.04879744397","505","4","4","646.875831161968","5657.09083415318","5010.21500299121","13671.0957901101","3417.77394752753","3683.56456239748","1907.91959486011","646.875831161968","646.875831161968","1700.60706067968","5134.94083437537","3434.33377369569"
"506","5657","8011339140470000",{79F92D00-D80E-4715-82EF-0C7F2C434C43},"2.30286079324934e-06",National Capital Region (NCR),"NCR, First District, City of Manila",City of Manila - Santa Ana,Barangay 791,"130000000","133900000","133914000","133914047","1380614047",Bgy,,Highly Urbanized Cities (HUC),,U,"1794","2029","0.0274568",No,,"0.00647897360487516",,,ADMIN2,"1748789491000","506","2","2","571.831253514087","26884.9655851608","26313.1343316467","27456.7968386748","13728.3984193374","13728.3984193374","13156.5671658233","571.831253514087","571.831253514087","571.831253514087","26884.9655851608","26313.1343316467","506","3","3","350.026597738339","15851.2293169933","15501.202719255","27456.7966798233","9152.26555994109","11255.5407650916","6500.75105288152","350.026597738339","350.026597738339","5802.78368141496","13553.3850410425","7750.6013596275","506","2","2","571.831253514087","26884.9655851608","26313.1343316467","27456.7968386748","13728.3984193374","13728.3984193374","13156.5671658233","571.831253514087","571.831253514087","571.831253514087","26884.9655851608","26313.1343316467"
"507","5706","8011339140570000",{8C964701-7D6D-4FD1-926C-345BE9AD0A2E},"1.74164210674475e-06",National Capital Region (NCR),"NCR, First District, City of Manila",City of Manila - Santa Ana,Barangay 801,"130000000","133900000","133914000","133914057","1380614057",Bgy,,Highly Urbanized Cities (HUC),,U,"674","614","0.02076578",No,,"0.00559496330283025",,,ADMIN2,"1748789491000","507","2","2","798.341927191243","9391.30728559662","8592.96535840537","10189.6492127879","5094.82460639393","5094.82460639393","4296.48267920269","798.341927191243","798.341927191243","798.341927191243","9391.30728559662","8592.96535840537","507","3","3","798.336306415033","7447.16886393585","6648.83255752081","10189.6475045658","3396.54916818861","1944.14233421495","2902.16675411289","798.336306415033","798.336306415033","1371.23932031499","4695.6555990754","3324.41627876041","507","2","2","798.341927191243","9391.30728559662","8592.96535840537","10189.6492127879","5094.82460639393","5094.82460639393","4296.48267920269","798.341927191243","798.341927191243","798.341927191243","9391.30728559662","8592.96535840537"
"508","5707","8011339140580000",{789CF5A7-8E98-470E-9BC8-6891506F8AA5},"2.36934270399229e-06",National Capital Region (NCR),"NCR, First District, City of Manila",City of Manila - Santa Ana,Barangay 802,"130000000","133900000","133914000","133914058","1380614058",Bgy,,Highly Urbanized Cities (HUC),,U,"1398","1787","0.02825002",No,,"0.00625881279282153",,,ADMIN2,"1748789491000","508","3","3","827.792337879539","9100.58104061665","8272.78870273711","16045.6128561037","5348.53761870124","6117.23947760753","3420.8122954398","827.792337879539","827.792337879539","3472.51590774353","7608.91025911209","4136.39435136856","508","3","3","622.364843260497","9993.64268763093","9371.27784437044","16045.6052283477","5348.53507611589","5429.59769745623","3826.23753144269","622.364843260497","622.364843260497","3025.98127035836","7711.62019254358","4685.63892218522","508","3","3","827.792337879539","9100.58104061665","8272.78870273711","16045.6128561037","5348.53761870124","6117.23947760753","3420.8122954398","827.792337879539","827.792337879539","3472.51590774353","7608.91025911209","4136.39435136856"
"509","5705","8011339140560000",{F2E4C935-96B8-42FA-B27F-1EA34F8F5A5B},"1.57497401877013e-06",National Capital Region (NCR),"NCR, First District, City of Manila",City of Manila - Santa Ana,Barangay 800,"130000000","133900000","133914000","133914056","1380614056",Bgy,,Highly Urbanized Cities (HUC),,U,"1559","1558","0.01877852",No,,"0.0065118975465021",,,ADMIN2,"1748789491000","509","4","4","580.594278974969","8079.31643361215","7498.72215463718","16930.7615867234","4232.69039668086","4135.42543706816","2955.95553457195","580.594278974969","580.594278974969","1436.22940532627","7029.15138803545","5592.92198270918","509","4","4","872.878510319082","8570.54739318265","7697.66888286357","16930.753766084","4232.688441521","3743.66393129113","3428.64159649707","872.878510319082","872.878510319082","874.800790895813","7590.57609214618","6715.77530125037","509","4","4","580.594278974969","8079.31643361215","7498.72215463718","16930.7615867234","4232.69039668086","4135.42543706816","2955.95553457195","580.594278974969","580.594278974969","1436.22940532627","7029.15138803545","5592.92198270918"
"510","5711","8011339140620000",{D4879504-5B21-40C9-983D-36B14BD4C58F},"2.41498492455401e-06",National Capital Region (NCR),"NCR, First District, City of Manila",City of Manila - Santa Ana,Barangay 806,"130000000","133900000","133914000","133914062","1380614062",Bgy,,Highly Urbanized Cities (HUC),,U,"1386","1603","0.02879448",No,,"0.00619896692253246",,,ADMIN2,"1748789491000","510","2","2","10750.3173999868","18044.150179201","7293.83277921422","28794.4675791878","14397.2337895939","14397.2337895939","3646.91638960711","10750.3173999868","10750.3173999868","10750.3173999868","18044.150179201","7293.83277921422","510","3","3","1097.14736829803","23881.7842532457","22784.6368849477","28794.4665530722","9598.15551769074","3815.5349315285","10160.8380601654","1097.14736829803","1097.14736829803","2456.34114991327","13848.6595923871","11392.3184424738","510","2","2","10750.3173999868","18044.150179201","7293.83277921422","28794.4675791878","14397.2337895939","14397.2337895939","3646.91638960711","10750.3173999868","10750.3173999868","10750.3173999868","18044.150179201","7293.83277921422"
"511","5712","8011339140630000",{A6BB1E31-4082-4633-8468-8BE58E263194},"2.62987046417365e-06",National Capital Region (NCR),"NCR, First District, City of Manila",City of Manila - Santa Ana,Barangay 807,"130000000","133900000","133914000","133914063","1380614063",Bgy,,Highly Urbanized Cities (HUC),,U,"2588","2010","0.03135675",No,,"0.00648644448039533",,,ADMIN2,"1748789491000","511","3","3","6305.69954833215","16154.1905557976","9848.49100746545","31356.7633661498","10452.2544553833","8896.87326202008","4168.34113875315","6305.69954833215","6305.69954833215","7601.28640517611","12525.5319089088","4924.24550373272","511","3","3","9852.06146949506","11400.1993894907","1548.13791999564","31356.7621739808","10452.2540579936","10104.5013149951","678.174870530879","9852.06146949506","9852.06146949506","9978.28139224507","10752.3503522429","774.06895999782","511","3","3","6305.69954833215","16154.1905557976","9848.49100746545","31356.7633661498","10452.2544553833","8896.87326202008","4168.34113875315","6305.69954833215","6305.69954833215","7601.28640517611","12525.5319089088","4924.24550373272"
"512","5714","8011339110230000",{39EDE0B5-C4EE-42A2-819A-70D476DDA374},"1.64209436657895e-06",National Capital Region (NCR),"NCR, First District, City of Manila",City of Manila - Paco,Barangay 809,"130000000","133900000","133911000","133911023","1380611023",Bgy,,Highly Urbanized Cities (HUC),,U,"1312","1189","0.01957863",No,,"0.00572647915708504",,,ADMIN2,"1748789491000","512","1","1","19578.6214542681","19578.6214542681","0","19578.6214542681","19578.6214542681","19578.6214542681","0","19578.6214542681","19578.6214542681","19578.6214542681","19578.6214542681","0","512","2","2","299.895641189883","19278.7258130782","18978.8301718883","19578.6214542681","9789.31072713406","9789.31072713406","9489.41508594417","299.895641189883","299.895641189883","299.895641189883","19278.7258130782","18978.8301718883","512","1","1","19578.6214542681","19578.6214542681","0","19578.6214542681","19578.6214542681","19578.6214542681","0","19578.6214542681","19578.6214542681","19578.6214542681","19578.6214542681","0"
"513","5715","8011339010810000",{26F4F0ED-A983-4CC8-974F-BB95A1E318FE},"1.48547892717532e-06",National Capital Region (NCR),"NCR, First District, City of Manila",City of Manila - Tondo I / II,Barangay 81,"130000000","133900000","133901000","133901081","1380601081",Bgy,,Highly Urbanized Cities (HUC),,U,"2042","1815","0.01770829",No,,"0.00513381410690297",,,ADMIN2,"1748789491000","513","2","2","3268.42423846087","14439.8676830856","11171.4434446248","17708.2919215465","8854.14596077324","8854.14596077324","5585.72172231238","3268.42423846087","3268.42423846087","3268.42423846087","14439.8676830856","11171.4434446248","513","3","3","627.983218299865","13496.7134669135","12868.7302486137","17708.291039004","5902.76367966801","3583.59435379064","5503.63300160079","627.983218299865","627.983218299865","2105.78878604525","8540.15391035209","6434.36512430683","513","2","2","3268.42423846087","14439.8676830856","11171.4434446248","17708.2919215465","8854.14596077324","8854.14596077324","5585.72172231238","3268.42423846087","3268.42423846087","3268.42423846087","14439.8676830856","11171.4434446248"
"514","5725","8011339110300000",{9279AF25-0FA5-4CF6-9A9E-BCF13B8AD5A9},"8.94521124623355e-07",National Capital Region (NCR),"NCR, First District, City of Manila",City of Manila - Paco,Barangay 816,"130000000","133900000","133911000","133911030","1380611030",Bgy,,Highly Urbanized Cities (HUC),,U,"1039","781","0.01066522",No,,"0.0041773092929639",,,ADMIN2,"1748789491000","514","1","1","10665.223098713","10665.223098713","0","10665.223098713","10665.223098713","10665.223098713","0","10665.223098713","10665.223098713","10665.223098713","10665.223098713","0","514","2","2","168.160820023826","10497.0622134332","10328.9013934094","10665.2230334571","5332.61151672853","5332.61151672853","5164.45069670471","168.160820023826","168.160820023826","168.160820023826","10497.0622134332","10328.9013934094","514","1","1","10665.223098713","10665.223098713","0","10665.223098713","10665.223098713","10665.223098713","0","10665.223098713","10665.223098713","10665.223098713","10665.223098713","0"
"515","5726","8011339110310000",{107F2427-8762-4644-A4CB-1CDFAC4D6CF4},"7.05861305403984e-07",National Capital Region (NCR),"NCR, First District, City of Manila",City of Manila - Paco,Barangay 817,"130000000","133900000","133911000","133911031","1380611031",Bgy,,Highly Urbanized Cities (HUC),,U,"1122","1716","0.00841588",No,,"0.00377124484053048",,,ADMIN2,"1748789491000","515","1","1","8415.87720611133","8415.87720611133","0","8415.87720611133","8415.87720611133","8415.87720611133","0","8415.87720611133","8415.87720611133","8415.87720611133","8415.87720611133","0","515","2","2","1918.60741393978","6497.26970258717","4578.66228864739","8415.87711652694","4207.93855826347","4207.93855826347","2289.3311443237","1918.60741393978","1918.60741393978","1918.60741393978","6497.26970258717","4578.66228864739","515","1","1","8415.87720611133","8415.87720611133","0","8415.87720611133","8415.87720611133","8415.87720611133","0","8415.87720611133","8415.87720611133","8415.87720611133","8415.87720611133","0"
"516","5709","8011339140600000",{15657908-BA37-4654-9BB3-6D8AE29F4FC8},"1.98156111716536e-06",National Capital Region (NCR),"NCR, First District, City of Manila",City of Manila - Santa Ana,Barangay 804,"130000000","133900000","133914000","133914060","1380614060",Bgy,,Highly Urbanized Cities (HUC),,U,"1155","1251","0.0236265",No,,"0.00577759444372472",,,ADMIN2,"1748789491000","516","2","2","3548.33455946363","18088.6592702978","14540.3247108342","21636.9938297615","10818.4969148807","10818.4969148807","7270.1623554171","3548.33455946363","3548.33455946363","3548.33455946363","18088.6592702978","14540.3247108342","516","2","2","2010.49705061839","19626.4851593201","17615.9881087017","21636.9822099385","10818.4911049693","10818.4911049693","8807.99405435086","2010.49705061839","2010.49705061839","2010.49705061839","19626.4851593201","17615.9881087017","516","2","2","3548.33455946363","18088.6592702978","14540.3247108342","21636.9938297615","10818.4969148807","10818.4969148807","7270.1623554171","3548.33455946363","3548.33455946363","3548.33455946363","18088.6592702978","14540.3247108342"
"517","5710","8011339140610000",{BA51ED9E-9EAC-47E9-819F-63FA2D97D977},"1.63907656861611e-06",National Capital Region (NCR),"NCR, First District, City of Manila",City of Manila - Santa Ana,Barangay 805,"130000000","133900000","133914000","133914061","1380614061",Bgy,,Highly Urbanized Cities (HUC),,U,"993","1237","0.01954306",No,,"0.00558897068802784",,,ADMIN2,"1748789491000","517","2","2","5171.40694208967","14371.6530868809","9200.24614479122","19543.0600289706","9771.53001448528","9771.53001448528","4600.12307239561","5171.40694208967","5171.40694208967","5171.40694208967","14371.6530868809","9200.24614479122","517","2","2","7801.63095056206","11741.4383064378","3939.80735587578","19543.0692569999","9771.53462849995","9771.53462849995","1969.90367793789","7801.63095056206","7801.63095056206","7801.63095056206","11741.4383064378","3939.80735587578","517","2","2","5171.40694208967","14371.6530868809","9200.24614479122","19543.0600289706","9771.53001448528","9771.53001448528","4600.12307239561","5171.40694208967","5171.40694208967","5171.40694208967","14371.6530868809","9200.24614479122"
"518","5722","8011339110270000",{8E7BCBC9-046B-4C82-BC86-BF71A038B1CC},"1.88388917347442e-06",National Capital Region (NCR),"NCR, First District, City of Manila",City of Manila - Paco,Barangay 813,"130000000","133900000","133911000","133911027","1380611027",Bgy,,Highly Urbanized Cities (HUC),,U,"1120","1001","0.02246146",No,,"0.00702939608737455",,,ADMIN2,"1748789491000","518","3","3","56.7751593729481","22329.1471619772","22272.3720026042","22461.4589123597","7487.15297078657","75.5365910095934","10494.877533868","56.7751593729481","56.7751593729481","66.1558751912708","11202.3418764934","11136.1860013021","518","4","4","9.13361546833767","22169.887768706","22160.7541532377","22461.4587934749","5615.36469836871","141.218704650244","9558.02330574904","9.13361546833767","9.13361546833767","42.3350831313037","11188.3943136061","11146.0592304748","518","3","3","56.7751593729481","22329.1471619772","22272.3720026042","22461.4589123597","7487.15297078657","75.5365910095934","10494.877533868","56.7751593729481","56.7751593729481","66.1558751912708","11202.3418764934","11136.1860013021"
"519","5723","8011339110280000",{4CAA6A19-F123-470B-ACA6-202EA251617F},"1.4255285992659e-06",National Capital Region (NCR),"NCR, First District, City of Manila",City of Manila - Paco,Barangay 814,"130000000","133900000","133911000","133911028","1380611028",Bgy,,Highly Urbanized Cities (HUC),,U,"2131","2196","0.01699632",No,,"0.00612641170306661",,,ADMIN2,"1748789491000","519","1","1","16996.3505614998","16996.3505614998","0","16996.3505614998","16996.3505614998","16996.3505614998","0","16996.3505614998","16996.3505614998","16996.3505614998","16996.3505614998","0","519","2","2","1991.37062697036","15004.9773849218","13013.6067579514","16996.3480118922","8498.17400594609","8498.17400594609","6506.80337897572","1991.37062697036","1991.37062697036","1991.37062697036","15004.9773849218","13013.6067579514","519","1","1","16996.3505614998","16996.3505614998","0","16996.3505614998","16996.3505614998","16996.3505614998","0","16996.3505614998","16996.3505614998","16996.3505614998","16996.3505614998","0"
"520","5724","8011339110290000",{67AEAEC8-5B67-4D8D-895E-F4745741A2CF},"2.42541569838451e-06",National Capital Region (NCR),"NCR, First District, City of Manila",City of Manila - Paco,Barangay 815,"130000000","133900000","133911000","133911029","1380611029",Bgy,,Highly Urbanized Cities (HUC),,U,"1166","1374","0.02891775",No,,"0.00851165845338029",,,ADMIN2,"1748789491000","520","2","2","510.873986069513","28407.0879291245","27896.213943055","28917.9619151941","14458.980957597","14458.980957597","13948.1069715275","510.873986069513","510.873986069513","510.873986069513","28407.0879291245","27896.213943055","520","3","3","316.775774912701","24406.8600457382","24090.0842708255","28917.9633395372","9639.32111317907","4194.32751888635","10561.5341838606","316.775774912701","316.775774912701","2255.55164689952","14300.5937823123","12045.0421354127","520","2","2","510.873986069513","28407.0879291245","27896.213943055","28917.9619151941","14458.980957597","14458.980957597","13948.1069715275","510.873986069513","510.873986069513","510.873986069513","28407.0879291245","27896.213943055"
"521","5729","8011339110340000",{40C60D57-A6C1-4AC2-A753-F15626C9D92B},"1.22276680541769e-06",National Capital Region (NCR),"NCR, First District, City of Manila",City of Manila - Paco,Barangay 819,"130000000","133900000","133911000","133911034","1380611034",Bgy,,Highly Urbanized Cities (HUC),,U,"2194","2007","0.01457878",No,,"0.00556393787462955",,,ADMIN2,"1748789491000","521","2","2","1310.30532179044","13268.4743667546","11958.1690449642","14578.779688545","7289.38984427252","7289.38984427252","5979.08452248208","1310.30532179044","1310.30532179044","1310.30532179044","13268.4743667546","11958.1690449642","521","1","1","14578.7796655854","14578.7796655854","0","14578.7796655854","14578.7796655854","14578.7796655854","0","14578.7796655854","14578.7796655854","14578.7796655854","14578.7796655854","0","521","2","2","1310.30532179044","13268.4743667546","11958.1690449642","14578.779688545","7289.38984427252","7289.38984427252","5979.08452248208","1310.30532179044","1310.30532179044","1310.30532179044","13268.4743667546","11958.1690449642"
"522","5730","8011339010820000",{89904981-6E99-4943-829A-97D54EB0544F},"1.88759151201878e-06",National Capital Region (NCR),"NCR, First District, City of Manila",City of Manila - Tondo I / II,Barangay 82,"130000000","133900000","133901000","133901082","1380601082",Bgy,,Highly Urbanized Cities (HUC),,U,"2652","2642","0.02250171",No,,"0.00649141684667925",,,ADMIN2,"1748789491000","522","2","2","5647.43054789514","16854.2753312905","11206.8447833953","22501.7058791856","11250.8529395928","11250.8529395928","5603.42239169767","5647.43054789514","5647.43054789514","5647.43054789514","16854.2753312905","11206.8447833953","522","3","3","1599.38107603203","18880.1661267921","17280.78505076","22501.7056972598","7500.56856575328","2022.15849443574","8048.44149198166","1599.38107603203","1599.38107603203","1810.76978523389","10451.1623106139","8640.39252538001","522","2","2","5647.43054789514","16854.2753312905","11206.8447833953","22501.7058791856","11250.8529395928","11250.8529395928","5603.42239169767","5647.43054789514","5647.43054789514","5647.43054789514","16854.2753312905","11206.8447833953"
"523","5734","8011339110350000",{7ACDAA7A-2BC7-4E31-B337-5898F9803F05},"3.78528428299851e-06",National Capital Region (NCR),"NCR, First District, City of Manila",City of Manila - Paco,Barangay 820,"130000000","133900000","133911000","133911035","1380611035",Bgy,,Highly Urbanized Cities (HUC),,U,"1432","1417","0.04513105",No,,"0.00923919346440331",,,ADMIN2,"1748789491000","523","2","2","14156.5359210669","30974.5160511076","16817.9801300407","45131.0519721746","22565.5259860873","22565.5259860873","8408.99006502036","14156.5359210669","14156.5359210669","14156.5359210669","30974.5160511076","16817.9801300407","523","3","3","99.9655404034129","42955.8475939845","42855.882053581","45131.0519296031","15043.6839765344","2075.23879521523","19753.3471334737","99.9655404034129","99.9655404034129","1087.60216780932","22515.5431945998","21427.9410267905","523","2","2","14156.5359210669","30974.5160511076","16817.9801300407","45131.0519721746","22565.5259860873","22565.5259860873","8408.99006502036","14156.5359210669","14156.5359210669","14156.5359210669","30974.5160511076","16817.9801300407"
"524","5728","8011339141010000",{6B0B7F99-9D3E-4EF8-980B-64928D1AD94C},"7.00374359497683e-07",National Capital Region (NCR),"NCR, First District, City of Manila",City of Manila - Santa Ana,Barangay 818-A,"130000000","133900000","133914000","133914101","1380614101",Bgy,,Highly Urbanized Cities (HUC),,U,"1994","1574","0.00835036",No,,"0.00403957801992722",,,ADMIN2,"1748789491000","524","2","2","3337.62485839519","5012.73951759648","1675.1146592013","8350.36437599167","4175.18218799584","4175.18218799584","837.557329600648","3337.62485839519","3337.62485839519","3337.62485839519","5012.73951759648","1675.1146592013","524","2","2","1820.54856018466","6529.81583244935","4709.26727226469","8350.364392634","4175.182196317","4175.182196317","2354.63363613234","1820.54856018466","1820.54856018466","1820.54856018466","6529.81583244935","4709.26727226469","524","2","2","3337.62485839519","5012.73951759648","1675.1146592013","8350.36437599167","4175.18218799584","4175.18218799584","837.557329600648","3337.62485839519","3337.62485839519","3337.62485839519","5012.73951759648","1675.1146592013"
"525","5740","8011339110410000",{73D335FC-9CE2-4A63-8976-74B5EE5D9F30},"1.78308009980825e-06",National Capital Region (NCR),"NCR, First District, City of Manila",City of Manila - Paco,Barangay 826,"130000000","133900000","133911000","133911041","1380611041",Bgy,,Highly Urbanized Cities (HUC),,U,"2286","1760","0.02125883",No,,"0.00577914499947485",,,ADMIN2,"1748789491000","525","2","2","2147.3161361354","19111.5113749551","16964.1952388197","21258.8275110905","10629.4137555453","10629.4137555453","8482.09761940986","2147.3161361354","2147.3161361354","2147.3161361354","19111.5113749551","16964.1952388197","525","2","2","5215.14395570877","16043.6835436394","10828.5395879307","21258.8274993482","10629.4137496741","10629.4137496741","5414.26979396533","5215.14395570877","5215.14395570877","5215.14395570877","16043.6835436394","10828.5395879307","525","2","2","2147.3161361354","19111.5113749551","16964.1952388197","21258.8275110905","10629.4137555453","10629.4137555453","8482.09761940986","2147.3161361354","2147.3161361354","2147.3161361354","19111.5113749551","16964.1952388197"
"526","5742","8011339110430000",{BB2BB616-2880-42C1-9C6B-EDE981920432},"1.36269389603595e-06",National Capital Region (NCR),"NCR, First District, City of Manila",City of Manila - Paco,Barangay 828,"130000000","133900000","133911000","133911043","1380611043",Bgy,,Highly Urbanized Cities (HUC),,U,"2867","2658","0.01624664",No,,"0.00538202014388433",,,ADMIN2,"1748789491000","526","2","2","132.541412969029","16114.0944526393","15981.5530396702","16246.6358656083","8123.31793280414","8123.31793280414","7990.77651983511","132.541412969029","132.541412969029","132.541412969029","16114.0944526393","15981.5530396702","526","2","2","7380.14135577215","8866.49439509457","1486.35303932243","16246.6357508667","8123.31787543336","8123.31787543336","743.176519661214","7380.14135577215","7380.14135577215","7380.14135577215","8866.49439509457","1486.35303932243","526","2","2","132.541412969029","16114.0944526393","15981.5530396702","16246.6358656083","8123.31793280414","8123.31793280414","7990.77651983511","132.541412969029","132.541412969029","132.541412969029","16114.0944526393","15981.5530396702"
"527","5737","8011339110380000",{0E076472-93B6-4A7B-A85C-A293F82D705A},"1.43753702077978e-06",National Capital Region (NCR),"NCR, First District, City of Manila",City of Manila - Paco,Barangay 823,"130000000","133900000","133911000","133911038","1380611038",Bgy,,Highly Urbanized Cities (HUC),,U,"2660","3002","0.01713922",No,,"0.00512468473515645",,,ADMIN2,"1748789491000","527","3","3","66.903298170826","10815.0017619577","10748.0984637869","17139.2226486709","5713.07421622363","6257.31758854238","4404.73652507912","66.903298170826","66.903298170826","3162.1104433566","8536.15967525004","5374.04923189343","527","4","4","69.2677195395117","12481.6799731048","12412.4122535653","17139.222284443","4284.80557111076","2294.13729589937","5001.49893505517","69.2677195395117","69.2677195395117","234.671839956311","8334.9393022652","8100.26746230889","527","3","3","66.903298170826","10815.0017619577","10748.0984637869","17139.2226486709","5713.07421622363","6257.31758854238","4404.73652507912","66.903298170826","66.903298170826","3162.1104433566","8536.15967525004","5374.04923189343"
"528","5738","8011339110390000",{A0DAF7F3-A5E3-47C0-B5B5-8780CF2B6DE8},"3.24809503647861e-06",National Capital Region (NCR),"NCR, First District, City of Manila",City of Manila - Paco,Barangay 824,"130000000","133900000","133911000","133911039","1380611039",Bgy,,Highly Urbanized Cities (HUC),,U,"1760","1302","0.03872602",No,,"0.00790635326461506",,,ADMIN2,"1748789491000","528","4","4","692.901562395127","33701.528999771","33008.6274373759","38725.9913482318","9681.49783705795","2165.78039303283","13883.4189622187","692.901562395127","692.901562395127","1246.13655686646","18116.8591172494","16870.722560383","528","3","3","4729.05674795122","22960.7005483934","18231.6438004422","38725.9937523813","12908.6645841271","11036.2364560367","7559.8809178319","4729.05674795122","4729.05674795122","7882.64660199397","16998.468502215","9115.82190022108","528","4","4","692.901562395127","33701.528999771","33008.6274373759","38725.9913482318","9681.49783705795","2165.78039303283","13883.4189622187","692.901562395127","692.901562395127","1246.13655686646","18116.8591172494","16870.722560383"
"529","5739","8011339110400000",{684EEE0D-E104-45B9-A5DE-67B60E9BD483},"4.98647997336184e-06",National Capital Region (NCR),"NCR, First District, City of Manila",City of Manila - Paco,Barangay 825,"130000000","133900000","133911000","133911040","1380611040",Bgy,,Highly Urbanized Cities (HUC),,U,"453","388","0.05945255",No,,"0.0137897959510712",,,ADMIN2,"1748789491000","529","4","4","3887.59556298859","41859.1271548776","37971.531591889","59452.3404270793","14863.0851067698","6852.80885460657","15694.0243398973","3887.59556298859","3887.59556298859","4393.41591792058","25332.7542956191","20939.3383776985","529","4","4","3139.9634705764","28770.8820795768","25630.9186090004","59452.3400316231","14863.0850079058","13770.7472407349","9195.82728527786","3139.9634705764","3139.9634705764","7664.14139267777","22062.0286231338","14397.887230456","529","4","4","3887.59556298859","41859.1271548776","37971.531591889","59452.3404270793","14863.0851067698","6852.80885460657","15694.0243398973","3887.59556298859","3887.59556298859","4393.41591792058","25332.7542956191","20939.3383776985"
"530","5769","8011339120120000",{9E94FA24-66E0-4913-90B6-76B4F101791B},"2.79480113725818e-06",National Capital Region (NCR),"NCR, First District, City of Manila",City of Manila - Pandacan,Barangay 844,"130000000","133900000","133912000","133912012","1380612012",Bgy,,Highly Urbanized Cities (HUC),,U,"5273","3500","0.03332062",No,,"0.00950785809958385",,,ADMIN2,"1748789491000","530","4","4","1896.64763791658","17319.6907726726","15423.043134756","33320.618225122","8330.1545562805","7052.13990726643","5805.96580643509","1896.64763791658","1896.64763791658","3392.23503646936","13268.0740760916","9875.83903962227","530","4","4","3365.54400277849","18328.2403302853","14962.6963275068","33320.6193034241","8330.15482585602","5813.41748518012","5926.7957989497","3365.54400277849","3365.54400277849","3954.00595028289","12706.3037014292","8752.29775114627","530","4","4","1896.64763791658","17319.6907726726","15423.043134756","33320.618225122","8330.1545562805","7052.13990726643","5805.96580643509","1896.64763791658","1896.64763791658","3392.23503646936","13268.0740760916","9875.83903962227"
"531","5744","8011339010830000",{7E4A9DD3-C8D0-4CC9-8657-E52F31092851},"1.1763058567615e-06",National Capital Region (NCR),"NCR, First District, City of Manila",City of Manila - Tondo I / II,Barangay 83,"130000000","133900000","133901000","133901083","1380601083",Bgy,,Highly Urbanized Cities (HUC),,U,"1303","1473","0.01402249",No,,"0.00625791626306987",,,ADMIN2,"1748789491000","531","2","2","3074.42652223816","10948.0359250025","7873.60940276434","14022.4624472407","7011.23122362033","7011.23122362033","3936.80470138217","3074.42652223816","3074.42652223816","3074.42652223816","10948.0359250025","7873.60940276434","531","3","3","693.038636554222","9638.58021622487","8945.54157967065","14022.4611407108","4674.15371357027","3690.84228793172","3717.60268257629","693.038636554222","693.038636554222","2191.94046224297","6664.7112520783","4472.77078983532","531","2","2","3074.42652223816","10948.0359250025","7873.60940276434","14022.4624472407","7011.23122362033","7011.23122362033","3936.80470138217","3074.42652223816","3074.42652223816","3074.42652223816","10948.0359250025","7873.60940276434"
"532","5753","8011339110470000",{A7E33EF1-4291-44DF-BDD8-008BBE656ABC},"7.65191085566764e-06",National Capital Region (NCR),"NCR, First District, City of Manila",City of Manila - Paco,Barangay 832,"130000000","133900000","133911000","133911047","1380611047",Bgy,,Highly Urbanized Cities (HUC),,U,"297","2888","0.0912275",No,,"0.0110873179141552",,,ADMIN2,"1748789491000","532","4","4","1744.4939807773","80586.0941324797","78841.6001517024","91227.4339352828","22806.8584838207","4448.42291101292","33397.4870980797","1744.4939807773","1744.4939807773","2271.7619940564","43341.954973585","41070.1929795286","532","4","4","976.704429025423","79174.8616578279","78198.1572288025","91227.4342748719","22806.858568718","5537.93409400928","32606.4956553482","976.704429025423","976.704429025423","2710.1300065592","42903.5871308767","40193.4571243175","532","4","4","1744.4939807773","80586.0941324797","78841.6001517024","91227.4339352828","22806.8584838207","4448.42291101292","33397.4870980797","1744.4939807773","1744.4939807773","2271.7619940564","43341.954973585","41070.1929795286"
"533","5760","8011339120070000",{8B95077C-058A-4D4B-AE5B-2EFC6D13BF65},"8.02462497196744e-06",National Capital Region (NCR),"NCR, First District, City of Manila",City of Manila - Pandacan,Barangay 839,"130000000","133900000","133912000","133912007","1380612007",Bgy,,Highly Urbanized Cities (HUC),,U,"1819","2007","0.0956714",No,,"0.016559491889643",,,ADMIN2,"1748789491000","533","2","2","24867.750171154","70803.632601558","45935.882430404","95671.382772712","47835.691386356","47835.691386356","22967.941215202","24867.750171154","24867.750171154","24867.750171154","70803.632601558","45935.882430404","533","3","3","2288.04705477633","47957.31516487","45669.2681100937","95671.3828309207","31890.4609436402","45426.0206112744","20957.5609914412","2288.04705477633","2288.04705477633","23857.0338330254","46691.6678880722","22834.6340550468","533","2","2","24867.750171154","70803.632601558","45935.882430404","95671.382772712","47835.691386356","47835.691386356","22967.941215202","24867.750171154","24867.750171154","24867.750171154","70803.632601558","45935.882430404"
"534","5761","8011339010840000",{A77B4FE0-163F-46DF-AE86-6962D01A4C65},"1.22162697969974e-06",National Capital Region (NCR),"NCR, First District, City of Manila",City of Manila - Tondo I / II,Barangay 84,"130000000","133900000","133901000","133901084","1380601084",Bgy,,Highly Urbanized Cities (HUC),,U,"838","1141","0.01456279",No,,"0.00489323692545576",,,ADMIN2,"1748789491000","534","2","2","5008.89152122716","9553.92342798592","4545.03190675876","14562.8149492131","7281.40747460654","7281.40747460654","2272.51595337938","5008.89152122716","5008.89152122716","5008.89152122716","9553.92342798592","4545.03190675876","534","3","3","896.234044805093","12060.5116418965","11164.2775970915","14562.8162478057","4854.27208260191","1606.0705611041","5103.81448261494","896.234044805093","896.234044805093","1251.1523029546","6833.29110150032","5582.13879854573","534","2","2","5008.89152122716","9553.92342798592","4545.03190675876","14562.8149492131","7281.40747460654","7281.40747460654","2272.51595337938","5008.89152122716","5008.89152122716","5008.89152122716","9553.92342798592","4545.03190675876"
"535","5757","8011339120040000",{C2EB784C-9714-474A-9C38-45E52EF06691},"4.19267092357084e-06",National Capital Region (NCR),"NCR, First District, City of Manila",City of Manila - Pandacan,Barangay 836,"130000000","133900000","133912000","133912004","1380612004",Bgy,,Highly Urbanized Cities (HUC),,U,"5953","5317","0.0499853",No,,"0.00925727452145042",,,ADMIN2,"1748789491000","535","4","4","370.993752708094","24956.8279921521","24585.834239444","49985.3566021676","12496.3391505419","12328.7674286537","11908.9363725467","370.993752708094","370.993752708094","595.022660757157","24397.6556403266","23802.6329795695","535","4","4","1190.03582653271","27575.3817716955","26385.3459451628","49985.353074503","12496.3382686257","10609.9677381374","10754.3686113793","1190.03582653271","1190.03582653271","2359.18687822155","22633.4896590299","20274.3027808084","535","4","4","370.993752708094","24956.8279921521","24585.834239444","49985.3566021676","12496.3391505419","12328.7674286537","11908.9363725467","370.993752708094","370.993752708094","595.022660757157","24397.6556403266","23802.6329795695"
"536","5758","8011339120050000",{FE01585A-637F-4AFD-8511-9B6CC68D0965},"5.39944532617942e-06",National Capital Region (NCR),"NCR, First District, City of Manila",City of Manila - Pandacan,Barangay 837,"130000000","133900000","133912000","133912005","1380612005",Bgy,,Highly Urbanized Cities (HUC),,U,"3218","3039","0.06437299",No,,"0.0100293157187006",,,ADMIN2,"1748789491000","536","4","4","199.933732404868","60517.9533410219","60318.0196086171","64372.9804105363","16093.2451026341","1827.54666855478","25679.9520873072","199.933732404868","199.933732404868","249.917182329242","31936.5730229389","31686.6558406097","536","4","4","599.801166424964","53460.5801327709","52860.778966346","64372.980246266","16093.2450615665","5156.29947353504","21862.2696811763","599.801166424964","599.801166424964","749.751386464064","31436.7387366689","30686.9873502049","536","4","4","199.933732404868","60517.9533410219","60318.0196086171","64372.9804105363","16093.2451026341","1827.54666855478","25679.9520873072","199.933732404868","199.933732404868","249.917182329242","31936.5730229389","31686.6558406097"
"537","5767","8011339120100000",{EC46998B-8261-4838-8AD2-AE8D7ACE2874},"2.65075265261961e-06",National Capital Region (NCR),"NCR, First District, City of Manila",City of Manila - Pandacan,Barangay 842,"130000000","133900000","133912000","133912010","1380612010",Bgy,,Highly Urbanized Cities (HUC),,U,"3941","2812","0.03160345",No,,"0.00709800853626162",,,ADMIN2,"1748789491000","537","2","2","770.162587772992","30833.2852958808","30063.1227081078","31603.4478836538","15801.7239418269","15801.7239418269","15031.5613540539","770.162587772992","770.162587772992","770.162587772992","30833.2852958808","30063.1227081078","537","1","1","31603.4478517255","31603.4478517255","0","31603.4478517255","31603.4478517255","31603.4478517255","0","31603.4478517255","31603.4478517255","31603.4478517255","31603.4478517255","0","537","2","2","770.162587772992","30833.2852958808","30063.1227081078","31603.4478836538","15801.7239418269","15801.7239418269","15031.5613540539","770.162587772992","770.162587772992","770.162587772992","30833.2852958808","30063.1227081078"
"538","5766","8011339120090000",{01262D4C-8182-462F-A554-32CE66788290},"3.46829787024895e-06",National Capital Region (NCR),"NCR, First District, City of Manila",City of Manila - Pandacan,Barangay 841,"130000000","133900000","133912000","133912009","1380612009",Bgy,,Highly Urbanized Cities (HUC),,U,"2191","2250","0.04135073",No,,"0.00725852351353677",,,ADMIN2,"1748789491000","538","2","2","13430.3258287608","27920.4028860268","14490.077057266","41350.7287147876","20675.3643573938","20675.3643573938","7245.03852863302","13430.3258287608","13430.3258287608","13430.3258287608","27920.4028860268","14490.077057266","538","2","2","5124.1517504753","36226.576998667","31102.4252481917","41350.7287491423","20675.3643745711","20675.3643745711","15551.2126240958","5124.1517504753","5124.1517504753","5124.1517504753","36226.576998667","31102.4252481917","538","2","2","13430.3258287608","27920.4028860268","14490.077057266","41350.7287147876","20675.3643573938","20675.3643573938","7245.03852863302","13430.3258287608","13430.3258287608","13430.3258287608","27920.4028860268","14490.077057266"
"539","5770","8011339120130000",{55E0F286-D3D5-442F-84D8-5BE02A0A1D67},"1.46160795482048e-06",National Capital Region (NCR),"NCR, First District, City of Manila",City of Manila - Pandacan,Barangay 845,"130000000","133900000","133912000","133912013","1380612013",Bgy,,Highly Urbanized Cities (HUC),,U,"1939","1309","0.01742579",No,,"0.00612580886637247",,,ADMIN2,"1748789491000","539","4","4","539.962016219066","12548.7504946981","12008.788478479","17425.7847724454","4356.44619311136","2168.53613076414","4870.9082844566","539.962016219066","539.962016219066","678.81514461275","8034.07724160997","7355.26209699722","539","4","4","630.542000134887","14255.4456558074","13624.9036556725","17425.7834178394","4356.44585445985","1269.89788094857","5721.75374745794","630.542000134887","630.542000134887","891.32341913476","7821.56828978494","6930.24487065018","539","4","4","539.962016219066","12548.7504946981","12008.788478479","17425.7847724454","4356.44619311136","2168.53613076414","4870.9082844566","539.962016219066","539.962016219066","678.81514461275","8034.07724160997","7355.26209699722"
"540","5775","8011339010850000",{BB61B2DC-5318-4969-AED7-928CDFFE123A},"2.12996091478924e-06",National Capital Region (NCR),"NCR, First District, City of Manila",City of Manila - Tondo I / II,Barangay 85,"130000000","133900000","133901000","133901085","1380601085",Bgy,,Highly Urbanized Cities (HUC),,U,"3614","4032","0.0253909",No,,"0.00665347739674564",,,ADMIN2,"1748789491000","540","3","3","2970.87967428322","12795.6268100538","9824.7471357706","25390.8983208249","8463.63277360828","9624.39183648782","4094.05546876614","2970.87967428322","2970.87967428322","6297.63575538552","11210.0093232708","4912.3735678853","540","3","3","4066.60051040257","12694.0975458396","8627.49703543699","25390.9055690613","8463.63518968711","8630.20751281918","3524.12977705076","4066.60051040257","4066.60051040257","6348.40401161088","10662.1525293294","4313.74851771849","540","3","3","2970.87967428322","12795.6268100538","9824.7471357706","25390.8983208249","8463.63277360828","9624.39183648782","4094.05546876614","2970.87967428322","2970.87967428322","6297.63575538552","11210.0093232708","4912.3735678853"
"541","5783","8011339120230000",{054EE29F-6E08-4229-A1F3-1B930144458D},"3.70916181303286e-06",National Capital Region (NCR),"NCR, First District, City of Manila",City of Manila - Pandacan,Barangay 855,"130000000","133900000","133912000","133912023","1380612023",Bgy,,Highly Urbanized Cities (HUC),,U,"1760","2142","0.04422262",No,,"0.00858952413369247",,,ADMIN2,"1748789491000","541","3","3","74.4427523740887","43482.6502762051","43408.207523831","44222.6267006482","14740.8755668827","665.533672068924","20324.9363623427","74.4427523740887","74.4427523740887","369.988212221506","22074.091974137","21704.1037619155","541","3","3","1039.86635236248","33615.8824809057","32576.0161285432","44222.6219709522","14740.8739903174","9566.873137684","13793.1606317302","1039.86635236248","1039.86635236248","5303.36974502324","21591.3778092949","16288.0080642716","541","3","3","74.4427523740887","43482.6502762051","43408.207523831","44222.6267006482","14740.8755668827","665.533672068924","20324.9363623427","74.4427523740887","74.4427523740887","369.988212221506","22074.091974137","21704.1037619155"
"542","5784","8011339120240000",{9CE974D9-7CE4-4389-A645-EFB1CEF82C9A},"3.33083828519206e-06",National Capital Region (NCR),"NCR, First District, City of Manila",City of Manila - Pandacan,Barangay 856,"130000000","133900000","133912000","133912024","1380612024",Bgy,,Highly Urbanized Cities (HUC),,U,"2089","1611","0.03971158",No,,"0.00823863969242337",,,ADMIN2,"1748789491000","542","2","2","872.78677437568","38838.7924424539","37966.0056680782","39711.5792168296","19855.7896084148","19855.7896084148","18983.0028340391","872.78677437568","872.78677437568","872.78677437568","38838.7924424539","37966.0056680782","542","2","2","88.1795064314792","39623.3994828649","39535.2199764334","39711.5789892964","19855.7894946482","19855.7894946482","19767.6099882167","88.1795064314792","88.1795064314792","88.1795064314792","39623.3994828649","39535.2199764334","542","2","2","872.78677437568","38838.7924424539","37966.0056680782","39711.5792168296","19855.7896084148","19855.7896084148","18983.0028340391","872.78677437568","872.78677437568","872.78677437568","38838.7924424539","37966.0056680782"
"543","5785","8011339120250000",{4BEF38DB-42FE-45BC-A285-41B0B69E71D6},"1.25813370378037e-06",National Capital Region (NCR),"NCR, First District, City of Manila",City of Manila - Pandacan,Barangay 857,"130000000","133900000","133912000","133912025","1380612025",Bgy,,Highly Urbanized Cities (HUC),,U,"1860","1894","0.01500009",No,,"0.00629672068159695",,,ADMIN2,"1748789491000","543","4","4","30.7390636410564","14421.6597402643","14390.9206766232","15000.1113970169","3750.02784925423","273.856296555783","6162.0929684077","30.7390636410564","30.7390636410564","140.125018064471","7359.93068044398","7219.80566237951","543","3","3","280.245849281127","13893.654121067","13613.4082717859","15000.1090861777","5000.03636205923","826.209115829552","6292.6860509965","280.245849281127","280.245849281127","553.22748255534","7359.93161844827","6806.70413589293","543","4","4","30.7390636410564","14421.6597402643","14390.9206766232","15000.1113970169","3750.02784925423","273.856296555783","6162.0929684077","30.7390636410564","30.7390636410564","140.125018064471","7359.93068044398","7219.80566237951"
"544","5786","8011339120260000",{01BD15B8-1642-4542-BF67-3161D9480DA4},"1.23846676605464e-06",National Capital Region (NCR),"NCR, First District, City of Manila",City of Manila - Pandacan,Barangay 858,"130000000","133900000","133912000","133912026","1380612026",Bgy,,Highly Urbanized Cities (HUC),,U,"580","665","0.01476544",No,,"0.00599955022081682",,,ADMIN2,"1748789491000","544","2","2","3435.07805526732","11330.3648611481","7895.28680588078","14765.4429164154","7382.72145820771","7382.72145820771","3947.64340294039","3435.07805526732","3435.07805526732","3435.07805526732","11330.3648611481","7895.28680588078","544","1","1","14765.4431955756","14765.4431955756","0","14765.4431955756","14765.4431955756","14765.4431955756","0","14765.4431955756","14765.4431955756","14765.4431955756","14765.4431955756","0","544","2","2","3435.07805526732","11330.3648611481","7895.28680588078","14765.4429164154","7382.72145820771","7382.72145820771","3947.64340294039","3435.07805526732","3435.07805526732","3435.07805526732","11330.3648611481","7895.28680588078"
"545","5772","8011339120150000",{6498A545-93BE-4962-9DA4-862B9498C80F},"3.41433006988297e-06",National Capital Region (NCR),"NCR, First District, City of Manila",City of Manila - Pandacan,Barangay 847,"130000000","133900000","133912000","133912015","1380612015",Bgy,,Highly Urbanized Cities (HUC),,U,"3188","2883","0.04070648",No,,"0.00790503382337965",,,ADMIN2,"1748789491000","545","4","4","117.607347566242","31817.930338259","31700.3229906928","40706.4739842736","10176.6184960684","4385.46814922416","12936.4502990535","117.607347566242","117.607347566242","226.628579340035","20126.6084127968","19899.9798334567","545","4","4","59.9767577035345","30755.1042640641","30695.1275063606","40706.4737451416","10176.6184362854","4945.69636168697","12459.0292518554","59.9767577035345","59.9767577035345","256.616671850388","20096.6202007204","19840.00352887","545","4","4","117.607347566242","31817.930338259","31700.3229906928","40706.4739842736","10176.6184960684","4385.46814922416","12936.4502990535","117.607347566242","117.607347566242","226.628579340035","20126.6084127968","19899.9798334567"
"546","5774","8011339120170000",{22F330E0-84F4-4C63-8DF3-2F17C782E65E},"1.01044552798394e-06",National Capital Region (NCR),"NCR, First District, City of Manila",City of Manila - Pandacan,Barangay 849,"130000000","133900000","133912000","133912017","1380612017",Bgy,,Highly Urbanized Cities (HUC),,U,"2670","1849","0.0120471",No,,"0.00413942484114146",,,ADMIN2,"1748789491000","546","2","2","2369.08099699641","9678.02251591215","7308.94151891574","12047.1035129086","6023.55175645428","6023.55175645428","3654.47075945787","2369.08099699641","2369.08099699641","2369.08099699641","9678.02251591215","7308.94151891574","546","3","3","499.825849021203","10005.5468127917","9505.72096377048","12047.1034070598","4015.7011356866","1541.73074524691","4256.76558589153","499.825849021203","499.825849021203","1020.77829713406","5773.6387790193","4752.86048188524","546","2","2","2369.08099699641","9678.02251591215","7308.94151891574","12047.1035129086","6023.55175645428","6023.55175645428","3654.47075945787","2369.08099699641","2369.08099699641","2369.08099699641","9678.02251591215","7308.94151891574"
"547","5781","8011339120200000",{81AD9139-0B45-4C1E-AD01-D3F2375C34F5},"7.38917044966625e-07",National Capital Region (NCR),"NCR, First District, City of Manila",City of Manila - Pandacan,Barangay 852,"130000000","133900000","133912000","133912020","1380612020",Bgy,,Highly Urbanized Cities (HUC),,U,"1084","1118","0.00880981",No,,"0.00353073650013034",,,ADMIN2,"1748789491000","547","2","2","3376.23498466321","5433.57526568881","2057.34028102561","8809.81025035202","4404.90512517601","4404.90512517601","1028.6701405128","3376.23498466321","3376.23498466321","3376.23498466321","5433.57526568881","2057.34028102561","547","2","2","6.17753264389876","8803.63274900923","8797.45521636534","8809.81028165313","4404.90514082657","4404.90514082657","4398.72760818267","6.17753264389876","6.17753264389876","6.17753264389876","8803.63274900923","8797.45521636534","547","2","2","3376.23498466321","5433.57526568881","2057.34028102561","8809.81025035202","4404.90512517601","4404.90512517601","1028.6701405128","3376.23498466321","3376.23498466321","3376.23498466321","5433.57526568881","2057.34028102561"
"548","5782","8011339120210000",{0E914A86-8F8C-43A4-9CF7-3B797A4C455A},"6.13945004095074e-07",National Capital Region (NCR),"NCR, First District, City of Manila",City of Manila - Pandacan,Barangay 853,"130000000","133900000","133912000","133912021","1380612021",Bgy,,Highly Urbanized Cities (HUC),,U,"569","505","0.00731984",No,,"0.00453757232460892",,,ADMIN2,"1748789491000","548","4","4","387.225089792148","4751.17862903891","4363.95353924677","7319.8403243143","1829.96008107857","1090.71830274162","1748.61457700476","387.225089792148","387.225089792148","483.371206745935","3176.54895541121","2693.17774866528","548","4","4","99.9653073737281","3251.7591975323","3151.79389015857","7319.84188768582","1829.96047192145","1984.0586913899","1124.93768484349","99.9653073737281","99.9653073737281","1039.46810644307","2620.45283739984","1580.98473095677","548","4","4","387.225089792148","4751.17862903891","4363.95353924677","7319.8403243143","1829.96008107857","1090.71830274162","1748.61457700476","387.225089792148","387.225089792148","483.371206745935","3176.54895541121","2693.17774866528"
"549","5789","8011339010860000",{59A0119D-D6EB-43A1-823E-F7911F73A35A},"1.74060376302545e-06",National Capital Region (NCR),"NCR, First District, City of Manila",City of Manila - Tondo I / II,Barangay 86,"130000000","133900000","133901000","133901086","1380601086",Bgy,,Highly Urbanized Cities (HUC),,U,"1440","1415","0.02074947",No,,"0.00528357031569872",,,ADMIN2,"1748789491000","549","2","2","3702.39265956523","17047.0852901984","13344.6926306332","20749.4779497636","10374.7389748818","10374.7389748818","6672.34631531659","3702.39265956523","3702.39265956523","3702.39265956523","17047.0852901984","13344.6926306332","549","3","3","1212.17452014863","16081.5316668884","14869.3571467397","20749.478027328","6916.49267577598","3455.77184029096","6545.06872972292","1212.17452014863","1212.17452014863","2333.9731802198","9768.65175358966","7434.67857336987","549","2","2","3702.39265956523","17047.0852901984","13344.6926306332","20749.4779497636","10374.7389748818","10374.7389748818","6672.34631531659","3702.39265956523","3702.39265956523","3702.39265956523","17047.0852901984","13344.6926306332"
"550","5794","8011339120300000",{1A6332B0-CEC8-4C85-A725-34A3A5824D36},"3.64621006735269e-06",National Capital Region (NCR),"NCR, First District, City of Manila",City of Manila - Pandacan,Barangay 862,"130000000","133900000","133912000","133912030","1380612030",Bgy,,Highly Urbanized Cities (HUC),,U,"2408","2419","0.04347145",No,,"0.00765133220639067",,,ADMIN2,"1748789491000","550","2","2","18141.4100773219","25330.0241855323","7188.61410821038","43471.4342628542","21735.7171314271","21735.7171314271","3594.30705410519","18141.4100773219","18141.4100773219","18141.4100773219","25330.0241855323","7188.61410821038","550","2","2","99.9658918634523","43371.4666003165","43271.5007084531","43471.43249218","21735.71624609","21735.71624609","21635.7503542265","99.9658918634523","99.9658918634523","99.9658918634523","43371.4666003165","43271.5007084531","550","2","2","18141.4100773219","25330.0241855323","7188.61410821038","43471.4342628542","21735.7171314271","21735.7171314271","3594.30705410519","18141.4100773219","18141.4100773219","18141.4100773219","25330.0241855323","7188.61410821038"
"551","5796","8011339120320000",{692212FF-8D63-4A4C-BB76-74AA23CBCC99},"1.65861919618695e-06",National Capital Region (NCR),"NCR, First District, City of Manila",City of Manila - Pandacan,Barangay 864,"130000000","133900000","133912000","133912032","1380612032",Bgy,,Highly Urbanized Cities (HUC),,U,"783","813","0.01977478",No,,"0.00661035570191119",,,ADMIN2,"1748789491000","551","3","3","99.9657321078121","11846.2613531355","11746.2956210277","19774.7742302755","6591.59141009185","7828.54714503219","4874.51945130971","99.9657321078121","99.9657321078121","3964.25643857","9837.40424908386","5873.14781051386","551","4","4","99.9657316700614","14902.8477169063","14802.8819852362","19774.7739450092","4943.69348625231","2385.98024821647","5865.69075723169","99.9657316700614","99.9657316700614","756.266369973045","9131.12060253158","8374.85423255853","551","3","3","99.9657321078121","11846.2613531355","11746.2956210277","19774.7742302755","6591.59141009185","7828.54714503219","4874.51945130971","99.9657321078121","99.9657321078121","3964.25643857","9837.40424908386","5873.14781051386"
"552","5800","8011339120350000",{54CE4BB2-1A6D-4E45-B052-D0519E4B37CC},"1.54961016532373e-06",National Capital Region (NCR),"NCR, First District, City of Manila",City of Manila - Pandacan,Barangay 868,"130000000","133900000","133912000","133912035","1380612035",Bgy,,Highly Urbanized Cities (HUC),,U,"2447","2850","0.01847532",No,,"0.00638281344221668",,,ADMIN2,"1748789491000","552","4","4","285.748754944112","14746.4694512486","14460.7206963045","18475.3218699897","4618.83046749742","1721.5518318985","5962.48771994266","285.748754944112","285.748754944112","290.214614434371","8947.44632056047","8657.2317061261","552","4","4","223.929801975706","12116.1792399058","11892.2494379301","18475.3308100641","4618.83270251602","3067.61088409128","4487.39390947126","223.929801975706","223.929801975706","1484.19159743373","7753.4738075983","6269.28221016457","552","4","4","285.748754944112","14746.4694512486","14460.7206963045","18475.3218699897","4618.83046749742","1721.5518318985","5962.48771994266","285.748754944112","285.748754944112","290.214614434371","8947.44632056047","8657.2317061261"
"553","5801","8011339120390000",{9C8EBE1C-8CCF-4CAE-BBC6-7AB21970F64D},"2.09137933524126e-06",National Capital Region (NCR),"NCR, First District, City of Manila",City of Manila - Pandacan,Barangay 869,"130000000","133900000","133912000","133912039","1380612039",Bgy,,Highly Urbanized Cities (HUC),,U,"1761","2010","0.02493507",No,,"0.00595876477898763",,,ADMIN2,"1748789491000","553","3","3","1499.4864741622","16821.3001363361","15321.8136621739","24935.0678808746","8311.68929362486","6614.2812703763","6369.21706191249","1499.4864741622","1499.4864741622","4056.88387226925","11717.7907033562","7660.90683108693","553","3","3","1099.62343359072","21441.3071805113","20341.6837469206","24935.0677217473","8311.68924058244","2394.13710764531","9299.07134608809","1099.62343359072","1099.62343359072","1746.88027061801","11917.7221440783","10170.8418734603","553","3","3","1499.4864741622","16821.3001363361","15321.8136621739","24935.0678808746","8311.68929362486","6614.2812703763","6369.21706191249","1499.4864741622","1499.4864741622","4056.88387226925","11717.7907033562","7660.90683108693"
"554","5803","8011339010870000",{FB9E799E-3B85-4BAC-BC79-507C495FBB7B},"1.73807287068691e-06",National Capital Region (NCR),"NCR, First District, City of Manila",City of Manila - Tondo I / II,Barangay 87,"130000000","133900000","133901000","133901087","1380601087",Bgy,,Highly Urbanized Cities (HUC),,U,"1580","1633","0.02071927",No,,"0.00528523584964853",,,ADMIN2,"1748789491000","554","3","3","99.9616002331895","17124.4318771189","17024.4702768857","20719.2561052525","6906.41870175082","3494.86262790037","7356.9551303924","99.9616002331895","99.9616002331895","1797.41211406678","10309.6472525096","8512.23513844285","554","3","3","986.981695636263","18055.2131455026","17068.2314498664","20719.2553160237","6906.41843867457","1677.06047488481","7888.420616813","986.981695636263","986.981695636263","1332.02108526053","9866.13681019373","8534.11572493319","554","3","3","99.9616002331895","17124.4318771189","17024.4702768857","20719.2561052525","6906.41870175082","3494.86262790037","7356.9551303924","99.9616002331895","99.9616002331895","1797.41211406678","10309.6472525096","8512.23513844285"
"555","5809","8011339140660000",{D952F7A8-F726-4A97-9691-6EB8C4800E35},"3.4204032484374e-06",National Capital Region (NCR),"NCR, First District, City of Manila",City of Manila - Santa Ana,Barangay 873,"130000000","133900000","133914000","133914066","1380614066",Bgy,,Highly Urbanized Cities (HUC),,U,"846","1248","0.0407808",No,,"0.00777362571350431",,,ADMIN2,"1748789491000","555","2","2","6488.0728168832","34292.7290786966","27804.6562618134","40780.8018955798","20390.4009477899","20390.4009477899","13902.3281309067","6488.0728168832","6488.0728168832","6488.0728168832","34292.7290786966","27804.6562618134","555","1","1","40780.8015831167","40780.8015831167","0","40780.8015831167","40780.8015831167","40780.8015831167","0","40780.8015831167","40780.8015831167","40780.8015831167","40780.8015831167","0","555","2","2","6488.0728168832","34292.7290786966","27804.6562618134","40780.8018955798","20390.4009477899","20390.4009477899","13902.3281309067","6488.0728168832","6488.0728168832","6488.0728168832","34292.7290786966","27804.6562618134"
"556","5811","8011339140680000",{7B4D8617-E477-45F1-B832-441F267A8378},"2.58644552855155e-06",National Capital Region (NCR),"NCR, First District, City of Manila",City of Manila - Santa Ana,Barangay 875,"130000000","133900000","133914000","133914068","1380614068",Bgy,,Highly Urbanized Cities (HUC),,U,"1306","1022","0.03083787",No,,"0.00674558141963796",,,ADMIN2,"1748789491000","556","2","2","12943.038831273","17894.8392723465","4951.80044107346","30837.8781036195","15418.9390518097","15418.9390518097","2475.90022053673","12943.038831273","12943.038831273","12943.038831273","17894.8392723465","4951.80044107346","556","2","2","1864.60763375201","28973.270881234","27108.663247482","30837.878514986","15418.939257493","15418.939257493","13554.331623741","1864.60763375201","1864.60763375201","1864.60763375201","28973.270881234","27108.663247482","556","2","2","12943.038831273","17894.8392723465","4951.80044107346","30837.8781036195","15418.9390518097","15418.9390518097","2475.90022053673","12943.038831273","12943.038831273","12943.038831273","17894.8392723465","4951.80044107346"
"557","5812","8011339140690000",{3BCE4501-1E91-4844-8080-14F57165A560},"2.99517642753085e-06",National Capital Region (NCR),"NCR, First District, City of Manila",City of Manila - Santa Ana,Barangay 876,"130000000","133900000","133914000","133914069","1380614069",Bgy,,Highly Urbanized Cities (HUC),,U,"626","574","0.03571067",No,,"0.00707264582187504",,,ADMIN2,"1748789491000","557","3","3","499.832501738681","22719.6293409952","22219.7968392565","35710.6676514083","11903.5558838028","12491.2058086744","9080.70636827001","499.832501738681","499.832501738681","6495.51915520655","17605.4175748348","11109.8984196282","557","4","4","499.832501636469","23949.4330252554","23449.600523619","35710.6675844614","8927.66689611535","5630.70102878475","9605.22994251549","499.832501636469","499.832501636469","549.81573919268","17305.518053038","16755.7023138453","557","3","3","499.832501738681","22719.6293409952","22219.7968392565","35710.6676514083","11903.5558838028","12491.2058086744","9080.70636827001","499.832501738681","499.832501738681","6495.51915520655","17605.4175748348","11109.8984196282"
"558","5813","8011339140700000",{F2E9DC45-6683-42F7-B635-EC3E12E4105E},"2.47599571018579e-06",National Capital Region (NCR),"NCR, First District, City of Manila",City of Manila - Santa Ana,Barangay 877,"130000000","133900000","133914000","133914070","1380614070",Bgy,,Highly Urbanized Cities (HUC),,U,"1784","1813","0.02952082",No,,"0.00777685292660562",,,ADMIN2,"1748789491000","558","1","1","29520.8149064146","29520.8149064146","0","29520.8149064146","29520.8149064146","29520.8149064146","0","29520.8149064146","29520.8149064146","29520.8149064146","29520.8149064146","0","558","2","2","306.448552494072","29214.3665819847","28907.9180294906","29520.8151344787","14760.4075672394","14760.4075672394","14453.9590147453","306.448552494072","306.448552494072","306.448552494072","29214.3665819847","28907.9180294906","558","1","1","29520.8149064146","29520.8149064146","0","29520.8149064146","29520.8149064146","29520.8149064146","0","29520.8149064146","29520.8149064146","29520.8149064146","29520.8149064146","0"
"559","5815","8011339140720000",{A6B59BBE-519A-48A8-95D2-620B4C82F919},"3.57736766361564e-06",National Capital Region (NCR),"NCR, First District, City of Manila",City of Manila - Santa Ana,Barangay 879,"130000000","133900000","133914000","133914072","1380614072",Bgy,,Highly Urbanized Cities (HUC),,U,"925","538","0.04265184",No,,"0.00783883322776812",,,ADMIN2,"1748789491000","559","3","3","99.9666230761213","26598.689578192","26498.7229551159","42651.84397819","14217.2813260633","15953.1877769218","10887.4731677464","99.9666230761213","99.9666230761213","8026.57719999896","21275.9386775569","13249.361477558","559","4","4","199.933236107492","31060.810541313","30860.8773052055","42651.8440517984","10662.9610129496","5695.55013718895","12285.3529544405","199.933236107492","199.933236107492","1049.64949965014","20276.2725262491","19226.6230265989","559","3","3","99.9666230761213","26598.689578192","26498.7229551159","42651.84397819","14217.2813260633","15953.1877769218","10887.4731677464","99.9666230761213","99.9666230761213","8026.57719999896","21275.9386775569","13249.361477558"
"560","5807","8011339120370000",{C43DE81D-2968-44C5-808C-BAB03CAEC89C},"1.06750108163869e-06",National Capital Region (NCR),"NCR, First District, City of Manila",City of Manila - Pandacan,Barangay 871,"130000000","133900000","133912000","133912037","1380612037",Bgy,,Highly Urbanized Cities (HUC),,U,"1989","2407","0.01272744",No,,"0.0044990310435735",,,ADMIN2,"1748789491000","560","2","2","2632.29382952509","10095.1500009577","7462.85617143261","12727.4438304828","6363.72191524139","6363.72191524139","3731.4280857163","2632.29382952509","2632.29382952509","2632.29382952509","10095.1500009577","7462.85617143261","560","2","2","810.078836745077","11917.3651314266","11107.2862946816","12727.4439681717","6363.72198408586","6363.72198408586","5553.64314734078","810.078836745077","810.078836745077","810.078836745077","11917.3651314266","11107.2862946816","560","2","2","2632.29382952509","10095.1500009577","7462.85617143261","12727.4438304828","6363.72191524139","6363.72191524139","3731.4280857163","2632.29382952509","2632.29382952509","2632.29382952509","10095.1500009577","7462.85617143261"
"561","5808","8011339120380000",{A1332A0E-79E5-467E-A33D-3C9A5764AA35},"2.01884629793736e-06",National Capital Region (NCR),"NCR, First District, City of Manila",City of Manila - Pandacan,Barangay 872,"130000000","133900000","133912000","133912038","1380612038",Bgy,,Highly Urbanized Cities (HUC),,U,"2406","1864","0.02406999",No,,"0.00643225514045526",,,ADMIN2,"1748789491000","561","4","4","1097.5743955483","10812.4041341783","9714.82973862995","24069.992581875","6017.49814546876","6080.00702607424","4094.17785520172","1097.5743955483","1097.5743955483","2013.80732303404","10021.1889679035","8007.38164486945","561","4","4","1517.59877466901","14950.5918745372","13432.9930998682","24069.9986521138","6017.49966302845","3800.90400145381","5241.11801846941","1517.59877466901","1517.59877466901","2645.85728534842","9389.14204070849","6743.28475536007","561","4","4","1097.5743955483","10812.4041341783","9714.82973862995","24069.992581875","6017.49814546876","6080.00702607424","4094.17785520172","1097.5743955483","1097.5743955483","2013.80732303404","10021.1889679035","8007.38164486945"
"562","5814","8011339140710000",{41BAC2C2-D0F7-4512-9491-E4F5CD099EE7},"1.87377372914408e-06",National Capital Region (NCR),"NCR, First District, City of Manila",City of Manila - Santa Ana,Barangay 878,"130000000","133900000","133914000","133914071","1380614071",Bgy,,Highly Urbanized Cities (HUC),,U,"1357","960","0.02234072",No,,"0.00624914234014976",,,ADMIN2,"1748789491000","562","2","2","4826.64771625236","17514.0811764342","12687.4334601818","22340.7288926865","11170.3644463433","11170.3644463433","6343.71673009092","4826.64771625236","4826.64771625236","4826.64771625236","17514.0811764342","12687.4334601818","562","2","2","793.179650591142","21547.5487584608","20754.3691078696","22340.7284090519","11170.3642045259","11170.3642045259","10377.1845539348","793.179650591142","793.179650591142","793.179650591142","21547.5487584608","20754.3691078696","562","2","2","4826.64771625236","17514.0811764342","12687.4334601818","22340.7288926865","11170.3644463433","11170.3644463433","6343.71673009092","4826.64771625236","4826.64771625236","4826.64771625236","17514.0811764342","12687.4334601818"
"563","5822","8011339140750000",{10C0DC07-DF04-488C-8D2D-B14AE6115683},"1.87509183082891e-06",National Capital Region (NCR),"NCR, First District, City of Manila",City of Manila - Santa Ana,Barangay 882,"130000000","133900000","133914000","133914075","1380614075",Bgy,,Highly Urbanized Cities (HUC),,U,"1187","1298","0.02235652",No,,"0.00556733864713337",,,ADMIN2,"1748789491000","563","2","2","529.230866765075","21827.2886767007","21298.0578099357","22356.5195434658","11178.2597717329","11178.2597717329","10649.0289049678","529.230866765075","529.230866765075","529.230866765075","21827.2886767007","21298.0578099357","563","2","2","10578.3622902714","11778.1576620961","1199.79537182468","22356.5199523675","11178.2599761838","11178.2599761838","599.89768591234","10578.3622902714","10578.3622902714","10578.3622902714","11778.1576620961","1199.79537182468","563","2","2","529.230866765075","21827.2886767007","21298.0578099357","22356.5195434658","11178.2597717329","11178.2597717329","10649.0289049678","529.230866765075","529.230866765075","529.230866765075","21827.2886767007","21298.0578099357"
"564","5823","8011339140760000",{2471C535-07C0-4906-88F1-F67BE023F3F3},"4.16774864795256e-06",National Capital Region (NCR),"NCR, First District, City of Manila",City of Manila - Santa Ana,Barangay 883,"130000000","133900000","133914000","133914076","1380614076",Bgy,,Highly Urbanized Cities (HUC),,U,"1863","2199","0.04969136",No,,"0.0105294376884055",,,ADMIN2,"1748789491000","564","3","3","199.934145728592","28435.6189066507","28235.6847609222","49691.3505529377","16563.7835176459","21055.7975005584","11956.7865163556","199.934145728592","199.934145728592","10627.8658231435","24745.7082036046","14117.8423804611","564","4","4","199.934146730753","35894.6252497168","35694.691102986","49691.3499662975","12422.8374915744","6798.39528492497","14062.043441252","199.934146730753","199.934146730753","1649.45609140627","23196.2188917425","21546.7628003362","564","3","3","199.934145728592","28435.6189066507","28235.6847609222","49691.3505529377","16563.7835176459","21055.7975005584","11956.7865163556","199.934145728592","199.934145728592","10627.8658231435","24745.7082036046","14117.8423804611"
"565","5824","8011339140770000",{58B965FB-74A0-4B91-9A93-65230A0EB128},"7.05138719826499e-06",National Capital Region (NCR),"NCR, First District, City of Manila",City of Manila - Santa Ana,Barangay 884,"130000000","133900000","133914000","133914077","1380614077",Bgy,,Highly Urbanized Cities (HUC),,U,"2082","2216","0.08407195",No,,"0.0123403002540076",,,ADMIN2,"1748789491000","565","4","4","469.412388608289","43964.7530215615","43495.3406329533","84071.9433413995","21017.9858353499","19818.8889656148","19745.108171376","469.412388608289","469.412388608289","1427.76147919101","40608.2101915087","39180.4487123177","565","4","4","2757.16746809392","66078.9303697627","63321.7629016688","84071.9486601695","21017.9871650424","7617.92541115642","26293.6105109155","2757.16746809392","2757.16746809392","2886.83007619878","39149.144253886","36262.3141776872","565","4","4","469.412388608289","43964.7530215615","43495.3406329533","84071.9433413995","21017.9858353499","19818.8889656148","19745.108171376","469.412388608289","469.412388608289","1427.76147919101","40608.2101915087","39180.4487123177"
"566","5825","8011339140780000",{7C52FB14-2493-4714-B7A7-D3FC5BE79BC0},"2.67194305964287e-06",National Capital Region (NCR),"NCR, First District, City of Manila",City of Manila - Santa Ana,Barangay 885,"130000000","133900000","133914000","133914078","1380614078",Bgy,,Highly Urbanized Cities (HUC),,U,"479","623","0.03185672",No,,"0.00706134165224828",,,ADMIN2,"1748789491000","566","4","4","1412.62736262463","20435.1396301398","19022.5122675152","31856.7853387809","7964.19633469524","5004.50917300823","7348.43246628069","1412.62736262463","1412.62736262463","3146.45951053366","12781.9331588568","9635.47364832315","566","4","4","875.943946794813","22759.1483790111","21883.2044322162","31856.7818165075","7964.19545412688","4110.84474535081","8817.98106655374","875.943946794813","875.943946794813","1258.65775928513","14669.7331489686","13411.0753896835","566","4","4","1412.62736262463","20435.1396301398","19022.5122675152","31856.7853387809","7964.19633469524","5004.50917300823","7348.43246628069","1412.62736262463","1412.62736262463","3146.45951053366","12781.9331588568","9635.47364832315"
"567","5826","8011339140790000",{CF77F514-D69F-40E4-ACB6-8031EBCD1FFD},"1.86994892092922e-06",National Capital Region (NCR),"NCR, First District, City of Manila",City of Manila - Santa Ana,Barangay 886,"130000000","133900000","133914000","133914079","1380614079",Bgy,,Highly Urbanized Cities (HUC),,U,"475","384","0.02229474",No,,"0.00588632241899739",,,ADMIN2,"1748789491000","567","3","3","2254.69224808596","10577.6787995489","8322.98655146292","22294.7535785759","7431.58452619197","9462.38253094105","3688.82381308982","2254.69224808596","2254.69224808596","5858.53738951351","10020.030665245","4161.49327573146","567","4","4","2055.70414121244","15416.9993014851","13361.2951602727","22294.751025919","5573.68775647975","2411.0237916107","5686.03775777361","2055.70414121244","2055.70414121244","2152.56797902652","8994.80753393298","6842.23955490645","567","3","3","2254.69224808596","10577.6787995489","8322.98655146292","22294.7535785759","7431.58452619197","9462.38253094105","3688.82381308982","2254.69224808596","2254.69224808596","5858.53738951351","10020.030665245","4161.49327573146"
"568","5827","8011339140800000",{DD415588-F713-4401-BC86-9A0079A0E9F8},"3.0219675561984e-06",National Capital Region (NCR),"NCR, First District, City of Manila",City of Manila - Santa Ana,Barangay 887,"130000000","133900000","133914000","133914080","1380614080",Bgy,,Highly Urbanized Cities (HUC),,U,"717","665","0.03602984",No,,"0.00853662040510529",,,ADMIN2,"1748789491000","568","3","3","1044.22092137473","18023.3719653775","16979.1510440028","36029.8374199189","12009.9458066396","16962.2445331667","7766.03028371364","1044.22092137473","1044.22092137473","9003.23272727069","17492.8082492721","8489.57552200138","568","4","4","1021.05442568648","24827.9547647844","23806.9003390979","36029.8391165333","9007.45977913332","5090.41496303119","9657.86400683197","1021.05442568648","1021.05442568648","1173.57714069333","16841.3424175733","15667.76527688","568","3","3","1044.22092137473","18023.3719653775","16979.1510440028","36029.8374199189","12009.9458066396","16962.2445331667","7766.03028371364","1044.22092137473","1044.22092137473","9003.23272727069","17492.8082492721","8489.57552200138"
"569","5821","8011339140740000",{01D52699-6544-41B3-9376-09B5EF9BAC2B},"3.64168320083019e-06",National Capital Region (NCR),"NCR, First District, City of Manila",City of Manila - Santa Ana,Barangay 881,"130000000","133900000","133914000","133914074","1380614074",Bgy,,Highly Urbanized Cities (HUC),,U,"2496","2325","0.04341967",No,,"0.00818337787563119",,,ADMIN2,"1748789491000","569","2","2","4937.06435761602","38482.6039362608","33545.5395786448","43419.6682938768","21709.8341469384","21709.8341469384","16772.7697893224","4937.06435761602","4937.06435761602","4937.06435761602","38482.6039362608","33545.5395786448","569","2","2","21010.5053213005","22409.1630099496","1398.65768864909","43419.66833125","21709.834165625","21709.834165625","699.328844324547","21010.5053213005","21010.5053213005","21010.5053213005","22409.1630099496","1398.65768864909","569","2","2","4937.06435761602","38482.6039362608","33545.5395786448","43419.6682938768","21709.8341469384","21709.8341469384","16772.7697893224","4937.06435761602","4937.06435761602","4937.06435761602","38482.6039362608","33545.5395786448"
"570","5835","8011339140840000",{6E998B9E-3186-4A8A-9777-F62EF6E6B96C},"3.31172394861518e-06",National Capital Region (NCR),"NCR, First District, City of Manila",City of Manila - Santa Ana,Barangay 891,"130000000","133900000","133914000","133914084","1380614084",Bgy,,Highly Urbanized Cities (HUC),,U,"1044","760","0.03948395",No,,"0.0077220261109882",,,ADMIN2,"1748789491000","570","4","4","2212.5933012077","17210.8988702356","14998.3055690279","39483.9632788364","9870.99081970909","10030.2355536965","5505.48380350694","2212.5933012077","2212.5933012077","5080.65826421481","14661.3233752034","9580.66511098856","570","4","4","1293.75124746808","14919.9939597164","13626.2427122483","39483.9588975003","9870.98972437508","11635.1068451579","5548.77193974823","1293.75124746808","1293.75124746808","4969.86397297886","14772.1154757713","9802.25150279245","570","4","4","2212.5933012077","17210.8988702356","14998.3055690279","39483.9632788364","9870.99081970909","10030.2355536965","5505.48380350694","2212.5933012077","2212.5933012077","5080.65826421481","14661.3233752034","9580.66511098856"
"571","5836","8011339140850000",{DB1BD907-BF7D-4FF8-A403-422AB61F43EA},"2.37481728084433e-06",National Capital Region (NCR),"NCR, First District, City of Manila",City of Manila - Santa Ana,Barangay 892,"130000000","133900000","133914000","133914085","1380614085",Bgy,,Highly Urbanized Cities (HUC),,U,"1262","1144","0.02831358",No,,"0.00979668200533678",,,ADMIN2,"1748789491000","571","2","2","1881.95239012956","26431.6189042003","24549.6665140707","28313.5712943298","14156.7856471649","14156.7856471649","12274.8332570354","1881.95239012956","1881.95239012956","1881.95239012956","26431.6189042003","24549.6665140707","571","3","3","338.835702748765","17376.2710684097","17037.4353656609","28313.5720248597","9437.85734161992","10598.4652537013","7003.75180428118","338.835702748765","338.835702748765","5468.65047822503","13987.3681610555","8518.71768283047","571","2","2","1881.95239012956","26431.6189042003","24549.6665140707","28313.5712943298","14156.7856471649","14156.7856471649","12274.8332570354","1881.95239012956","1881.95239012956","1881.95239012956","26431.6189042003","24549.6665140707"
"572","5838","8011339140870000",{0E0B9150-9E58-4D5A-8881-61A9901C872D},"3.19583390101831e-06",National Capital Region (NCR),"NCR, First District, City of Manila",City of Manila - Santa Ana,Barangay 894,"130000000","133900000","133914000","133914087","1380614087",Bgy,,Highly Urbanized Cities (HUC),,U,"2279","1885","0.03810196",No,,"0.00757940737214556",,,ADMIN2,"1748789491000","572","2","2","517.268527322741","37584.6918954096","37067.4233680869","38101.9604227323","19050.9802113662","19050.9802113662","18533.7116840434","517.268527322741","517.268527322741","517.268527322741","37584.6918954096","37067.4233680869","572","3","3","61.0344026011126","34336.0979592778","34275.0635566767","38101.9603961865","12700.6534653955","3704.82803430755","15370.7222090899","61.0344026011126","61.0344026011126","1882.93121845433","19020.4629967927","17137.5317783384","572","2","2","517.268527322741","37584.6918954096","37067.4233680869","38101.9604227323","19050.9802113662","19050.9802113662","18533.7116840434","517.268527322741","517.268527322741","517.268527322741","37584.6918954096","37067.4233680869"
"573","5839","8011339140880000",{610CFE99-E7CF-4A66-A60A-506C82568D67},"1.74288855411751e-06",National Capital Region (NCR),"NCR, First District, City of Manila",City of Manila - Santa Ana,Barangay 895,"130000000","133900000","133914000","133914088","1380614088",Bgy,,Highly Urbanized Cities (HUC),,U,"597","556","0.02077931",No,,"0.0054873781585699",,,ADMIN2,"1748789491000","573","1","1","20779.3017788716","20779.3017788716","0","20779.3017788716","20779.3017788716","20779.3017788716","0","20779.3017788716","20779.3017788716","20779.3017788716","20779.3017788716","0","573","2","2","5514.89981155294","15264.4022039042","9749.50239235129","20779.3020154572","10389.6510077286","10389.6510077286","4874.75119617565","5514.89981155294","5514.89981155294","5514.89981155294","15264.4022039042","9749.50239235129","573","1","1","20779.3017788716","20779.3017788716","0","20779.3017788716","20779.3017788716","20779.3017788716","0","20779.3017788716","20779.3017788716","20779.3017788716","20779.3017788716","0"
"574","5840","8011339140890000",{88247D50-4DD7-4E68-9C1C-6F05709B2613},"1.08481924373651e-05",National Capital Region (NCR),"NCR, First District, City of Manila",City of Manila - Santa Ana,Barangay 896,"130000000","133900000","133914000","133914089","1380614089",Bgy,,Highly Urbanized Cities (HUC),,U,"1370","1265","0.12933667",No,,"0.0171032981203928",,,ADMIN2,"1748789491000","574","3","3","199.933446982002","70498.4652339471","70298.5317869651","129336.673867309","43112.2246224363","58638.2751863798","30727.4532780957","199.933446982002","199.933446982002","29419.1043166809","64568.3702101634","35149.2658934825","574","4","4","199.933444427385","86735.8237965084","86535.890352081","129336.67587421","32334.1689685524","21200.459316637","35637.8758242942","199.933444427385","199.933444427385","452.241394871973","64216.0965422329","63763.8551473609","574","3","3","199.933446982002","70498.4652339471","70298.5317869651","129336.673867309","43112.2246224363","58638.2751863798","30727.4532780957","199.933446982002","199.933446982002","29419.1043166809","64568.3702101634","35149.2658934825"
"575","5829","8011339140820000",{68C3D2E1-E482-43DF-ABFA-A6E6AC70C943},"5.1476877362781e-06",National Capital Region (NCR),"NCR, First District, City of Manila",City of Manila - Santa Ana,Barangay 889,"130000000","133900000","133914000","133914082","1380614082",Bgy,,Highly Urbanized Cities (HUC),,U,"902","864","0.06137383",No,,"0.00957132620758557",,,ADMIN2,"1748789491000","575","2","2","28173.2019423282","33200.5653188137","5027.36337648545","61373.7672611419","30686.883630571","30686.883630571","2513.68168824272","28173.2019423282","28173.2019423282","28173.2019423282","33200.5653188137","5027.36337648545","575","4","4","99.9668329320557","35787.0136771098","35687.0468441778","61373.7654522859","15343.4413630715","12743.392471122","14442.014758733","99.9668329320557","99.9668329320557","1805.62765959797","28881.255066545","27075.627406947","575","2","2","28173.2019423282","33200.5653188137","5027.36337648545","61373.7672611419","30686.883630571","30686.883630571","2513.68168824272","28173.2019423282","28173.2019423282","28173.2019423282","33200.5653188137","5027.36337648545"
"576","5834","8011339140830000",{C215ED8B-7286-4369-9B50-DAB80EE3578A},"7.32104191422496e-06",National Capital Region (NCR),"NCR, First District, City of Manila",City of Manila - Santa Ana,Barangay 890,"130000000","133900000","133914000","133914083","1380614083",Bgy,,Highly Urbanized Cities (HUC),,U,"1288","1049","0.08728536",No,,"0.0106302602074371",,,ADMIN2,"1748789491000","576","4","4","772.11513579922","44312.2920715142","43540.176935715","87285.3392964181","21821.3348241045","21100.4660445523","18668.9710666719","772.11513579922","772.11513579922","3485.03388604433","40157.6357621647","36672.6018761204","576","4","4","7869.77184525641","42403.8886333463","34534.1167880898","87285.3411846834","21821.3352961709","18505.8403530404","13738.2423854103","7869.77184525641","7869.77184525641","9401.57153624276","34241.0990560989","24839.5275198562","576","4","4","772.11513579922","44312.2920715142","43540.176935715","87285.3392964181","21821.3348241045","21100.4660445523","18668.9710666719","772.11513579922","772.11513579922","3485.03388604433","40157.6357621647","36672.6018761204"
"577","5843","8011339140920000",{98CAC5BB-D340-4088-97EE-CF3F26D2B821},"1.38318256531219e-06",National Capital Region (NCR),"NCR, First District, City of Manila",City of Manila - Santa Ana,Barangay 899,"130000000","133900000","133914000","133914092","1380614092",Bgy,,Highly Urbanized Cities (HUC),,U,"1575","1562","0.0164909",No,,"0.00568329481494089",,,ADMIN2,"1748789491000","577","2","2","7271.388980415","9219.53555655707","1948.14657614207","16490.9245369721","8245.46226848604","8245.46226848604","974.073288071037","7271.388980415","7271.388980415","7271.388980415","9219.53555655707","1948.14657614207","577","3","3","5.60285225561529","13088.4930851946","13082.890232939","16490.9265823774","5496.97552745913","3396.83064492719","5543.67270603772","5.60285225561529","5.60285225561529","1701.2167485914","8242.66186506089","6541.44511646949","577","2","2","7271.388980415","9219.53555655707","1948.14657614207","16490.9245369721","8245.46226848604","8245.46226848604","974.073288071037","7271.388980415","7271.388980415","7271.388980415","9219.53555655707","1948.14657614207"
"578","5844","8011339010090000",{B6281A3E-83B6-42E5-B84C-741830E88563},"1.07050160256972e-06",National Capital Region (NCR),"NCR, First District, City of Manila",City of Manila - Tondo I / II,Barangay 9,"130000000","133900000","133901000","133901009","1380601009",Bgy,,Highly Urbanized Cities (HUC),,U,"437","447","0.01276183",No,,"0.00443585610659839",,,ADMIN2,"1748789491000","578","3","3","72.8351107968992","11570.5187959806","11497.6836851837","12761.832246261","4253.94408208701","1118.47833948356","5191.18108580406","72.8351107968992","72.8351107968992","595.656725140228","6344.49856773207","5748.84184259184","578","3","3","240.992609305897","6410.97699167007","6169.98438236417","12761.8314945228","4253.94383150761","6109.86189354687","2840.24655143494","240.992609305897","240.992609305897","3175.42725142638","6260.41944260847","3084.99219118209","578","3","3","72.8351107968992","11570.5187959806","11497.6836851837","12761.832246261","4253.94408208701","1118.47833948356","5191.18108580406","72.8351107968992","72.8351107968992","595.656725140228","6344.49856773207","5748.84184259184"
"579","5842","8011339140910000",{85D30C0C-7CC2-4CFD-B9DA-B7615FA94B85},"5.01255614745566e-06",National Capital Region (NCR),"NCR, First District, City of Manila",City of Manila - Santa Ana,Barangay 898,"130000000","133900000","133914000","133914091","1380614091",Bgy,,Highly Urbanized Cities (HUC),,U,"7444","7596","0.05976168",No,,"0.00956535879823147",,,ADMIN2,"1748789491000","579","4","4","399.866132964584","39283.2379165072","38883.3717835427","59761.6637051152","14940.4159262788","10039.2798278217","15023.8583376305","399.866132964584","399.866132964584","2699.09592867854","27181.7359238791","24482.6399952005","579","4","4","4898.35930167136","32656.288754048","27757.9294523767","59761.6605375432","14940.4151343858","11103.5062409119","10877.3572711255","4898.35930167136","4898.35930167136","6092.76605799081","23788.0642107808","17695.29815279","579","4","4","399.866132964584","39283.2379165072","38883.3717835427","59761.6637051152","14940.4159262788","10039.2798278217","15023.8583376305","399.866132964584","399.866132964584","2699.09592867854","27181.7359238791","24482.6399952005"
"580","5877","8011339140960000",{0C352022-4D89-49BD-9412-D408DA735476},"2.19530904781648e-06",National Capital Region (NCR),"NCR, First District, City of Manila",City of Manila - Santa Ana,Barangay 903,"130000000","133900000","133914000","133914096","1380614096",Bgy,,Highly Urbanized Cities (HUC),,U,"3115","3691","0.02617345",No,,"0.00658044887820996",,,ADMIN2,"1748789491000","580","2","2","235.077232299281","25938.3817722952","25703.3045399959","26173.4590045945","13086.7295022972","13086.7295022972","12851.652269998","235.077232299281","235.077232299281","235.077232299281","25938.3817722952","25703.3045399959","580","2","2","4879.6263074368","21293.8319989617","16414.2056915249","26173.4583063985","13086.7291531992","13086.7291531992","8207.10284576243","4879.6263074368","4879.6263074368","4879.6263074368","21293.8319989617","16414.2056915249","580","2","2","235.077232299281","25938.3817722952","25703.3045399959","26173.4590045945","13086.7295022972","13086.7295022972","12851.652269998","235.077232299281","235.077232299281","235.077232299281","25938.3817722952","25703.3045399959"
"581","5878","8011339140970000",{4142BEE9-66B6-4FFB-9D4B-4CDE296D3253},"1.1118167063581e-06",National Capital Region (NCR),"NCR, First District, City of Manila",City of Manila - Santa Ana,Barangay 904,"130000000","133900000","133914000","133914097","1380614097",Bgy,,Highly Urbanized Cities (HUC),,U,"1795","1797","0.01325564",No,,"0.00512109289438446",,,ADMIN2,"1748789491000","581","2","2","781.136659347447","12474.5048292154","11693.3681698679","13255.6414885628","6627.8207442814","6627.8207442814","5846.68408493396","781.136659347447","781.136659347447","781.136659347447","12474.5048292154","11693.3681698679","581","2","2","99.9665167705971","13155.67499497","13055.7084781994","13255.6415117406","6627.82075587031","6627.82075587031","6527.85423909972","99.9665167705971","99.9665167705971","99.9665167705971","13155.67499497","13055.7084781994","581","2","2","781.136659347447","12474.5048292154","11693.3681698679","13255.6414885628","6627.8207442814","6627.8207442814","5846.68408493396","781.136659347447","781.136659347447","781.136659347447","12474.5048292154","11693.3681698679"
"582","5875","8011339140940000",{201076B1-720E-4F4B-9B2C-DFEDC8BFECF0},"6.31363345389491e-07",National Capital Region (NCR),"NCR, First District, City of Manila",City of Manila - Santa Ana,Barangay 901,"130000000","133900000","133914000","133914094","1380614094",Bgy,,Highly Urbanized Cities (HUC),,U,"1639","1610","0.00752739",No,,"0.00515358783852797",,,ADMIN2,"1748789491000","582","2","2","2806.04530517542","4721.3231380941","1915.27783291868","7527.36844326952","3763.68422163476","3763.68422163476","957.638916459342","2806.04530517542","2806.04530517542","2806.04530517542","4721.3231380941","1915.27783291868","582","2","2","1404.66693236333","6122.70388312844","4718.03695076512","7527.37081549177","3763.68540774588","3763.68540774588","2359.01847538256","1404.66693236333","1404.66693236333","1404.66693236333","6122.70388312844","4718.03695076512","582","2","2","2806.04530517542","4721.3231380941","1915.27783291868","7527.36844326952","3763.68422163476","3763.68422163476","957.638916459342","2806.04530517542","2806.04530517542","2806.04530517542","4721.3231380941","1915.27783291868"
"583","5876","8011339140950000",{6C74530F-6B53-44BA-81DF-D86DEF2934E7},"9.95620929576685e-07",National Capital Region (NCR),"NCR, First District, City of Manila",City of Manila - Santa Ana,Barangay 902,"130000000","133900000","133914000","133914095","1380614095",Bgy,,Highly Urbanized Cities (HUC),,U,"1559","1328","0.01187023",No,,"0.00552867295701037",,,ADMIN2,"1748789491000","583","2","2","4972.64800459425","6897.60224118597","1924.95423659172","11870.2502457802","5935.12512289011","5935.12512289011","962.477118295858","4972.64800459425","4972.64800459425","4972.64800459425","6897.60224118597","1924.95423659172","583","2","2","2563.33362066692","9306.91418766494","6743.58056699802","11870.2478083319","5935.12390416593","5935.12390416593","3371.79028349901","2563.33362066692","2563.33362066692","2563.33362066692","9306.91418766494","6743.58056699802","583","2","2","4972.64800459425","6897.60224118597","1924.95423659172","11870.2502457802","5935.12512289011","5935.12512289011","962.477118295858","4972.64800459425","4972.64800459425","4972.64800459425","6897.60224118597","1924.95423659172"
"584","5884","8011339010920000",{DC8F4C95-1FE3-40E7-A9AB-A298EEB118E9},"2.22836713643911e-06",National Capital Region (NCR),"NCR, First District, City of Manila",City of Manila - Tondo I / II,Barangay 92,"130000000","133900000","133901000","133901092","1380601092",Bgy,,Highly Urbanized Cities (HUC),,U,"2383","2639","0.02656377",No,,"0.00627221159569455",,,ADMIN2,"1748789491000","584","2","2","3733.47977844944","22830.2954913915","19096.8157129421","26563.775269841","13281.8876349205","13281.8876349205","9548.40785647105","3733.47977844944","3733.47977844944","3733.47977844944","22830.2954913915","19096.8157129421","584","3","3","739.071151220764","16690.4163394335","15951.3451882127","26563.774039327","8854.59134644234","9134.28654867277","6515.11193984121","739.071151220764","739.071151220764","4936.67884994677","12912.3514440531","7975.67259410636","584","2","2","3733.47977844944","22830.2954913915","19096.8157129421","26563.775269841","13281.8876349205","13281.8876349205","9548.40785647105","3733.47977844944","3733.47977844944","3733.47977844944","22830.2954913915","19096.8157129421"
"585","5880","8011339010910000",{02624D12-D28E-49B7-ACC5-C3275D57B59D},"4.74410961851968e-06",National Capital Region (NCR),"NCR, First District, City of Manila",City of Manila - Tondo I / II,Barangay 91,"130000000","133900000","133901000","133901091","1380601091",Bgy,,Highly Urbanized Cities (HUC),,U,"5569","4552","0.05655337",No,,"0.0101347193510435",,,ADMIN2,"1748789491000","585","4","4","1174.71607095454","31335.1100760876","30160.3940051331","56553.3527805963","14138.3381951491","12021.7633167771","11630.7243614651","1174.71607095454","1174.71607095454","3675.25413638231","24601.4222539158","20926.1681175335","585","4","4","4780.48045944797","30170.6254542423","25390.1449947944","56553.3530730167","14138.3382682542","10801.1235796632","9627.05324333592","4780.48045944797","4780.48045944797","7097.72214854789","21178.9543879605","14081.2322394126","585","4","4","1174.71607095454","31335.1100760876","30160.3940051331","56553.3527805963","14138.3381951491","12021.7633167771","11630.7243614651","1174.71607095454","1174.71607095454","3675.25413638231","24601.4222539158","20926.1681175335"
"586","5897","8011339010950000",{27004B34-E60D-4C33-A3A1-22E2947318B6},"2.79617159261007e-06",National Capital Region (NCR),"NCR, First District, City of Manila",City of Manila - Tondo I / II,Barangay 95,"130000000","133900000","133901000","133901095","1380601095",Bgy,,Highly Urbanized Cities (HUC),,U,"5046","5543","0.03333233",No,,"0.00702064868665105",,,ADMIN2,"1748789491000","586","3","3","8730.15501940381","14587.7919284062","5857.63690900235","33332.3347735182","11110.7782578394","10014.3878257083","2513.89890066913","8730.15501940381","8730.15501940381","9372.27142255604","12301.0898770572","2928.81845450118","586","3","3","2160.57355569718","16670.1013830965","14509.5278273993","33332.3350557746","11110.7783519249","14501.660116981","6390.36560258024","2160.57355569718","2160.57355569718","8331.11683633909","15585.8807500387","7254.76391369964","586","3","3","8730.15501940381","14587.7919284062","5857.63690900235","33332.3347735182","11110.7782578394","10014.3878257083","2513.89890066913","8730.15501940381","8730.15501940381","9372.27142255604","12301.0898770572","2928.81845450118"
"587","5892","8011339010940000",{B84A8513-0E86-4A30-BDA9-95234340F437},"8.21200707197077e-06",National Capital Region (NCR),"NCR, First District, City of Manila",City of Manila - Tondo I / II,Barangay 94,"130000000","133900000","133901000","133901094","1380601094",Bgy,,Highly Urbanized Cities (HUC),,U,"1841","2178","0.09789147",No,,"0.0121554249065491",,,ADMIN2,"1748789491000","587","4","4","8146.89875655183","36785.2959106762","28638.3971541243","97891.4356682943","24472.8589170736","26479.6205005332","12450.700504082","8146.89875655183","8146.89875655183","12390.1951842747","36555.5226498725","24165.3274655978","587","4","4","6058.81421601171","41936.9048029345","35878.0905869228","97891.4383146409","24472.8595786602","24947.8596478474","12907.756214751","6058.81421601171","6058.81421601171","13848.0616658054","35097.657491515","21249.5958257096","587","4","4","8146.89875655183","36785.2959106762","28638.3971541243","97891.4356682943","24472.8589170736","26479.6205005332","12450.700504082","8146.89875655183","8146.89875655183","12390.1951842747","36555.5226498725","24165.3274655978"
"588","5910","8011339010980000",{A5C42D82-49E9-4D1F-9D24-B1E11415C9E0},"1.18108044405166e-06",National Capital Region (NCR),"NCR, First District, City of Manila",City of Manila - Tondo I / II,Barangay 98,"130000000","133900000","133901000","133901098","1380601098",Bgy,,Highly Urbanized Cities (HUC),,U,"1022","1899","0.01407881",No,,"0.00589301570042724",,,ADMIN2,"1748789491000","588","3","3","783.214990344255","10264.8442522574","9481.62926191318","14078.8129666875","4692.9376555625","3030.7537240858","4045.36483164264","783.214990344255","783.214990344255","1906.98435721503","6647.79898817162","4740.81463095659","588","4","4","260.239381142688","9901.69395082409","9641.4545696814","14078.8139208099","3519.70348020247","1958.44029442156","3771.34996494268","260.239381142688","260.239381142688","821.388413584735","6218.01854682021","5396.63013323548","588","3","3","783.214990344255","10264.8442522574","9481.62926191318","14078.8129666875","4692.9376555625","3030.7537240858","4045.36483164264","783.214990344255","783.214990344255","1906.98435721503","6647.79898817162","4740.81463095659"
"589","4788","8011339010370000",{67EC1C44-A213-419F-A04D-3671D4AFA38B},"8.38157509528676e-07",National Capital Region (NCR),"NCR, First District, City of Manila",City of Manila - Tondo I / II,Barangay 37,"130000000","133900000","133901000","133901037","1380601037",Bgy,,Highly Urbanized Cities (HUC),,U,"1960","2057","0.00999197",No,,"0.00409648054863124",,,ADMIN2,"1748789491000","589","3","3","1360.83684152127","5930.8694170111","4570.03257548984","9991.97163327559","3330.65721109186","2700.26537474322","1918.21876329071","1360.83684152127","1360.83684152127","2030.55110813224","4315.56739587716","2285.01628774492","589","3","3","1888.34136252861","5473.5575202829","3585.21615775429","9991.97038102118","3330.65679367373","2630.07149820967","1545.22027375192","1888.34136252861","1888.34136252861","2259.20643036914","4051.81450924628","1792.60807887714","589","3","3","1360.83684152127","5930.8694170111","4570.03257548984","9991.97163327559","3330.65721109186","2700.26537474322","1918.21876329071","1360.83684152127","1360.83684152127","2030.55110813224","4315.56739587716","2285.01628774492"
"590","4797","8011339050730000",{163DF759-ED24-4D75-A59C-1A17571C8AD1},"1.68222610713875e-06",National Capital Region (NCR),"NCR, First District, City of Manila",City of Manila - Santa Cruz,Barangay 370,"130000000","133900000","133905000","133905073","1380605073",Bgy,,Highly Urbanized Cities (HUC),,U,"744","772","0.02005288",No,,"0.00591093695511143",,,ADMIN2,"1748789491000","590","3","3","299.891404231341","17398.994081198","17099.1026769667","20052.8831350851","6684.29437836171","2353.99764965576","7622.70426241429","299.891404231341","299.891404231341","1326.94452694355","9876.4958654269","8549.55133848335","590","3","3","599.782785757532","13475.7507074833","12875.9679217257","20052.8830839094","6684.29436130314","5977.34959066863","5280.30716668851","599.782785757532","599.782785757532","3288.56618821308","9726.55014907594","6437.98396086286","590","3","3","299.891404231341","17398.994081198","17099.1026769667","20052.8831350851","6684.29437836171","2353.99764965576","7622.70426241429","299.891404231341","299.891404231341","1326.94452694355","9876.4958654269","8549.55133848335"
"591","5271","8011339010590000",{95B5C769-E9E1-4986-A382-603677FE7F63},"1.89241369281735e-06",National Capital Region (NCR),"NCR, First District, City of Manila",City of Manila - Tondo I / II,Barangay 59,"130000000","133900000","133901000","133901059","1380601059",Bgy,,Highly Urbanized Cities (HUC),,U,"2000","1112","0.02255959",No,,"0.00640002533464078",,,ADMIN2,"1748789491000","591","2","2","1299.5012680545","21260.0833903505","19960.582122296","22559.584658405","11279.7923292025","11279.7923292025","9980.29106114799","1299.5012680545","1299.5012680545","1299.5012680545","21260.0833903505","19960.582122296","591","3","3","199.92326519973","13728.7126309534","13528.7893657536","22559.5846394924","7519.86154649748","8630.94874333934","5578.7048374434","199.92326519973","199.92326519973","4415.43600426954","11179.8306871464","6764.39468287682","591","2","2","1299.5012680545","21260.0833903505","19960.582122296","22559.584658405","11279.7923292025","11279.7923292025","9980.29106114799","1299.5012680545","1299.5012680545","1299.5012680545","21260.0833903505","19960.582122296"
"592","5277","8011339061970000",{C1FF9E58-DE39-4D8B-9CFD-C9A3C1F580C4},"3.0360223456969e-06",National Capital Region (NCR),"NCR, First District, City of Manila",City of Manila - Sampaloc,Barangay 590,"130000000","133900000","133906000","133906197","1380606197",Bgy,,Highly Urbanized Cities (HUC),,U,"3368","3209","0.03619497",No,,"0.00799994587289512",,,ADMIN2,"1748789491000","592","3","3","210.430882914268","27814.856992902","27604.4261099877","36194.9729274904","12064.9909758301","8169.68505167417","11601.182163829","210.430882914268","210.430882914268","4190.05796729422","17992.2710222881","13802.2130549939","592","2","2","6205.43849188736","29989.5387971087","23784.1003052214","36194.9772889961","18097.488644498","18097.488644498","11892.0501526107","6205.43849188736","6205.43849188736","6205.43849188736","29989.5387971087","23784.1003052214","592","3","3","210.430882914268","27814.856992902","27604.4261099877","36194.9729274904","12064.9909758301","8169.68505167417","11601.182163829","210.430882914268","210.430882914268","4190.05796729422","17992.2710222881","13802.2130549939"
"593","3885","8011339010100000",{FD6B4FDD-CF9E-4158-A902-F1056326E44E},"5.07932329525766e-07",National Capital Region (NCR),"NCR, First District, City of Manila",City of Manila - Tondo I / II,Barangay 10,"130000000","133900000","133901000","133901010","1380601010",Bgy,,Highly Urbanized Cities (HUC),,U,"378","160","0.00605527",No,,"0.00297470309848664",,,ADMIN2,"1748789491000","593","3","3","58.4352786810487","5836.93740112923","5778.50212244818","6055.27020052006","2018.42340017335","159.897520709779","2700.41484816209","58.4352786810487","58.4352786810487","109.166399695414","2998.4174609195","2889.25106122409","593","4","4","35.2869656872826","5582.3942207973","5547.10725511002","6055.27082161079","1513.8177054027","218.794817563106","2352.92195635702","35.2869656872826","35.2869656872826","46.8611241748968","2980.7742866305","2933.9131624556","593","3","3","58.4352786810487","5836.93740112923","5778.50212244818","6055.27020052006","2018.42340017335","159.897520709779","2700.41484816209","58.4352786810487","58.4352786810487","109.166399695414","2998.4174609195","2889.25106122409"
"594","3909","8011339011000000",{E981A3D7-87B6-4EBA-B903-CFA222DBF666},"2.46112702525421e-06",National Capital Region (NCR),"NCR, First District, City of Manila",City of Manila - Tondo I / II,Barangay 100,"130000000","133900000","133901000","133901100","1380601100",Bgy,,Highly Urbanized Cities (HUC),,U,"1979","2222","0.02933795",No,,"0.00657418282208396",,,ADMIN2,"1748789491000","594","3","3","1099.56743402901","16825.8825708024","15726.3151367734","29337.9508320601","9779.31694402003","11412.5008272287","6523.27699562913","1099.56743402901","1099.56743402901","6256.03413062883","14119.1916990155","7863.1575683867","594","3","3","99.9606153682398","14994.9065905366","14894.9459751684","29337.9516730483","9779.31722434944","14243.0844671435","6851.21728352838","99.9606153682398","99.9606153682398","7171.52254125585","14618.99552884","7447.47298758419","594","3","3","1099.56743402901","16825.8825708024","15726.3151367734","29337.9508320601","9779.31694402003","11412.5008272287","6523.27699562913","1099.56743402901","1099.56743402901","6256.03413062883","14119.1916990155","7863.1575683867"
"595","4241","8011339011730000",{D62EA856-4D8D-48A4-BFD3-5058EC726B1A},"2.55417520782856e-06",National Capital Region (NCR),"NCR, First District, City of Manila",City of Manila - Tondo I / II,Barangay 173,"130000000","133900000","133901000","133901173","1380601173",Bgy,,Highly Urbanized Cities (HUC),,U,"2037","1616","0.03044639",No,,"0.00664851767223639",,,ADMIN2,"1748789491000","595","3","3","3535.15685239651","18460.6535765476","14925.4967241511","30446.400123044","10148.8000410147","8450.58969409989","6210.50464414593","3535.15685239651","3535.15685239651","5992.8732732482","13455.6216353237","7462.74836207553","595","3","3","5890.92125997912","14525.5742461494","8634.65298617028","30446.3956290659","10148.798543022","10029.9001229374","3526.08476676505","5890.92125997912","5890.92125997912","7960.41069145827","12277.7371845434","4317.32649308514","595","3","3","3535.15685239651","18460.6535765476","14925.4967241511","30446.400123044","10148.8000410147","8450.58969409989","6210.50464414593","3535.15685239651","3535.15685239651","5992.8732732482","13455.6216353237","7462.74836207553"
"596","4777","8011339050620000",{1F0BCD42-C183-4DCA-B63B-A2D0E8048DB9},"2.63710692128676e-06",National Capital Region (NCR),"NCR, First District, City of Manila",City of Manila - Santa Cruz,Barangay 360,"130000000","133900000","133905000","133905062","1380605062",Bgy,,Highly Urbanized Cities (HUC),,U,"893","741","0.03143594",No,,"0.00692091238176651",,,ADMIN2,"1748789491000","596","3","3","299.888975397451","24454.2128998563","24154.3239244589","31435.9414799593","10478.6471599864","6681.83960470547","10219.9038407349","299.888975397451","299.888975397451","3490.86429005146","15568.0262522809","12077.1619622294","596","3","3","1699.36991587718","17366.8108139911","15667.4408981139","31435.941549151","10478.6471830503","12369.7608192828","6534.49356175014","1699.36991587718","1699.36991587718","7034.56536757997","14868.2858166369","7833.72044905694","596","3","3","299.888975397451","24454.2128998563","24154.3239244589","31435.9414799593","10478.6471599864","6681.83960470547","10219.9038407349","299.888975397451","299.888975397451","3490.86429005146","15568.0262522809","12077.1619622294"
"597","4786","8011339050720000",{8E13862B-E364-4D0B-B920-6EE8B987F5ED},"1.87970816998037e-06",National Capital Region (NCR),"NCR, First District, City of Manila",City of Manila - Santa Cruz,Barangay 369,"130000000","133900000","133905000","133905072","1380605072",Bgy,,Highly Urbanized Cities (HUC),,U,"1186","1396","0.02240709",No,,"0.00594565231700149",,,ADMIN2,"1748789491000","597","2","2","99.9636907740787","22307.1263754963","22207.1626847222","22407.0900662704","11203.5450331352","11203.5450331352","11103.5813423611","99.9636907740787","99.9636907740787","99.9636907740787","22307.1263754963","22207.1626847222","597","2","2","499.818470851227","21907.2715954192","21407.4531245679","22407.0900662704","11203.5450331352","11203.5450331352","10703.726562284","499.818470851227","499.818470851227","499.818470851227","21907.2715954192","21407.4531245679","597","2","2","99.9636907740787","22307.1263754963","22207.1626847222","22407.0900662704","11203.5450331352","11203.5450331352","11103.5813423611","99.9636907740787","99.9636907740787","99.9636907740787","22307.1263754963","22207.1626847222"
"598","4017","8011339011200000",{12829D81-0682-42A4-A0AD-0B0D78FF3466},"1.42523386562059e-06",National Capital Region (NCR),"NCR, First District, City of Manila",City of Manila - Tondo I / II,Barangay 120,"130000000","133900000","133901000","133901120","1380601120",Bgy,,Highly Urbanized Cities (HUC),,U,"3525","3873","0.01699028",No,,"0.00504615171056971",,,ADMIN2,"1748789491000","598","2","2","756.105956247592","16234.1784319566","15478.072475709","16990.2843882042","8495.14219410208","8495.14219410208","7739.03623785449","756.105956247592","756.105956247592","756.105956247592","16234.1784319566","15478.072475709","598","2","2","399.843366310088","16590.4410160881","16190.597649778","16990.2843823982","8495.14219119908","8495.14219119908","8095.29882488899","399.843366310088","399.843366310088","399.843366310088","16590.4410160881","16190.597649778","598","2","2","756.105956247592","16234.1784319566","15478.072475709","16990.2843882042","8495.14219410208","8495.14219410208","7739.03623785449","756.105956247592","756.105956247592","756.105956247592","16234.1784319566","15478.072475709"
"599","4203","8011339011640000",{5AB2931D-490C-4832-8C09-C0849817C785},"2.23174451401756e-06",National Capital Region (NCR),"NCR, First District, City of Manila",City of Manila - Tondo I / II,Barangay 164,"130000000","133900000","133901000","133901164","1380601164",Bgy,,Highly Urbanized Cities (HUC),,U,"2083","1807","0.02660331",No,,"0.00674734315706148",,,ADMIN2,"1748789491000","599","3","3","2998.8694295139","15642.880777442","12644.0113479281","26603.3081835832","8867.76939452773","7961.55797662733","5201.51709229037","2998.8694295139","2998.8694295139","5480.21370307061","11802.2193770346","6322.00567396403","599","3","3","1325.61220044831","14944.0726854993","13618.460485051","26603.3076563582","8867.76921878606","10333.6227704106","5655.50831619531","1325.61220044831","1325.61220044831","5829.61748542945","12638.8477279549","6809.23024252549","599","3","3","2998.8694295139","15642.880777442","12644.0113479281","26603.3081835832","8867.76939452773","7961.55797662733","5201.51709229037","2998.8694295139","2998.8694295139","5480.21370307061","11802.2193770346","6322.00567396403"
"600","4209","8011339011660000",{711984DA-0D3D-4A24-AE56-313532AEBF04},"2.81680761254209e-06",National Capital Region (NCR),"NCR, First District, City of Manila",City of Manila - Tondo I / II,Barangay 166,"130000000","133900000","133901000","133901166","1380601166",Bgy,,Highly Urbanized Cities (HUC),,U,"1139","882","0.03357738",No,,"0.006783011192409",,,ADMIN2,"1748789491000","600","2","2","299.886236348044","33277.4982783265","32977.6120419785","33577.3845146745","16788.6922573373","16788.6922573373","16488.8060209892","299.886236348044","299.886236348044","299.886236348044","33277.4982783265","32977.6120419785","600","2","2","6491.5576743533","27085.8268683075","20594.2691939542","33577.3845426608","16788.6922713304","16788.6922713304","10297.1345969771","6491.5576743533","6491.5576743533","6491.5576743533","27085.8268683075","20594.2691939542","600","2","2","299.886236348044","33277.4982783265","32977.6120419785","33577.3845146745","16788.6922573373","16788.6922573373","16488.8060209892","299.886236348044","299.886236348044","299.886236348044","33277.4982783265","32977.6120419785"
"601","4212","8011339011670000",{7C87FF00-8037-490B-B616-414DE92A0CEB},"2.41234246369712e-06",National Capital Region (NCR),"NCR, First District, City of Manila",City of Manila - Tondo I / II,Barangay 167,"130000000","133900000","133901000","133901167","1380601167",Bgy,,Highly Urbanized Cities (HUC),,U,"1256","926","0.02875617",No,,"0.00647546722407786",,,ADMIN2,"1748789491000","601","2","2","4369.944459726","24386.2258134169","20016.2813536909","28756.1702731429","14378.0851365714","14378.0851365714","10008.1406768454","4369.944459726","4369.944459726","4369.944459726","24386.2258134169","20016.2813536909","601","3","3","1855.0300948951","19291.9062595988","17436.8761647037","28756.1673771867","9585.3891257289","7609.23102269277","7254.42684305933","1855.0300948951","1855.0300948951","4732.13055879394","13450.5686411458","8718.43808235186","601","2","2","4369.944459726","24386.2258134169","20016.2813536909","28756.1702731429","14378.0851365714","14378.0851365714","10008.1406768454","4369.944459726","4369.944459726","4369.944459726","24386.2258134169","20016.2813536909"
"602","4215","8011339011680000",{6D302A0D-9FE5-4B4A-8E0D-4B6EC59180BD},"2.52410728882883e-06",National Capital Region (NCR),"NCR, First District, City of Manila",City of Manila - Tondo I / II,Barangay 168,"130000000","133900000","133901000","133901168","1380601168",Bgy,,Highly Urbanized Cities (HUC),,U,"1342","1387","0.03008825",No,,"0.00647555631499902",,,ADMIN2,"1748789491000","602","1","1","30088.2526966128","30088.2526966128","0","30088.2526966128","30088.2526966128","30088.2526966128","0","30088.2526966128","30088.2526966128","30088.2526966128","30088.2526966128","0","602","2","2","99.9617406075122","29988.2909560053","29888.3292153978","30088.2526966128","15044.1263483064","15044.1263483064","14944.1646076989","99.9617406075122","99.9617406075122","99.9617406075122","29988.2909560053","29888.3292153978","602","1","1","30088.2526966128","30088.2526966128","0","30088.2526966128","30088.2526966128","30088.2526966128","0","30088.2526966128","30088.2526966128","30088.2526966128","30088.2526966128","0"
"603","4218","8011339011690000",{36C77BFF-0E1D-4645-947B-A3067EE9D4D5},"2.29973140591682e-06",National Capital Region (NCR),"NCR, First District, City of Manila",City of Manila - Tondo I / II,Barangay 169,"130000000","133900000","133901000","133901169","1380601169",Bgy,,Highly Urbanized Cities (HUC),,U,"1707","914","0.02741377",No,,"0.00622639525732418",,,ADMIN2,"1748789491000","603","1","1","27413.7659123298","27413.7659123298","0","27413.7659123298","27413.7659123298","27413.7659123298","0","27413.7659123298","27413.7659123298","27413.7659123298","27413.7659123298","0","603","1","1","27413.7659123298","27413.7659123298","0","27413.7659123298","27413.7659123298","27413.7659123298","0","27413.7659123298","27413.7659123298","27413.7659123298","27413.7659123298","0","603","1","1","27413.7659123298","27413.7659123298","0","27413.7659123298","27413.7659123298","27413.7659123298","0","27413.7659123298","27413.7659123298","27413.7659123298","27413.7659123298","0"
"604","4232","8011339011700000",{35218555-90A3-40FE-AFDE-0A64BA64D78A},"1.62685470094146e-06",National Capital Region (NCR),"NCR, First District, City of Manila",City of Manila - Tondo I / II,Barangay 170,"130000000","133900000","133901000","133901170","1380601170",Bgy,,Highly Urbanized Cities (HUC),,U,"882","1378","0.01939262",No,,"0.00532160079939531",,,ADMIN2,"1748789491000","604","2","2","1494.19478379903","17898.4215524032","16404.2267686042","19392.6163362023","9696.30816810114","9696.30816810114","8202.11338430211","1494.19478379903","1494.19478379903","1494.19478379903","17898.4215524032","16404.2267686042","604","1","1","19392.616400253","19392.616400253","0","19392.616400253","19392.616400253","19392.616400253","0","19392.616400253","19392.616400253","19392.616400253","19392.616400253","0","604","2","2","1494.19478379903","17898.4215524032","16404.2267686042","19392.6163362023","9696.30816810114","9696.30816810114","8202.11338430211","1494.19478379903","1494.19478379903","1494.19478379903","17898.4215524032","16404.2267686042"
"605","4247","8011339011750000",{873919E3-840C-4282-8FFB-93944643562C},"3.0860881897819e-06",National Capital Region (NCR),"NCR, First District, City of Manila",City of Manila - Tondo I / II,Barangay 175,"130000000","133900000","133901000","133901175","1380601175",Bgy,,Highly Urbanized Cities (HUC),,U,"1108","988","0.0367868",No,,"0.0075427330255063",,,ADMIN2,"1748789491000","605","2","2","4855.70685797538","31931.1000339102","27075.3931759348","36786.8068918856","18393.4034459428","18393.4034459428","13537.6965879674","4855.70685797538","4855.70685797538","4855.70685797538","31931.1000339102","27075.3931759348","605","3","3","795.062935413385","31949.7271243324","31154.664188919","36786.8074005935","12262.2691335312","4042.01734084779","13984.1023983764","795.062935413385","795.062935413385","2418.54013813059","17995.8722325901","15577.3320944595","605","2","2","4855.70685797538","31931.1000339102","27075.3931759348","36786.8068918856","18393.4034459428","18393.4034459428","13537.6965879674","4855.70685797538","4855.70685797538","4855.70685797538","31931.1000339102","27075.3931759348"
"606","5002","8011339060630000",{1ABE796C-92A5-40BA-8BAD-60B7E877AEB9},"2.06002228574617e-06",National Capital Region (NCR),"NCR, First District, City of Manila",City of Manila - Sampaloc,Barangay 457,"130000000","133900000","133906000","133906063","1380606063",Bgy,,Highly Urbanized Cities (HUC),,U,"806","2445","0.02455824",No,,"0.0078101544483515",,,ADMIN2,"1748789491000","606","2","2","602.832480849291","23955.3889341393","23352.55645329","24558.2214149886","12279.1107074943","12279.1107074943","11676.278226645","602.832480849291","602.832480849291","602.832480849291","23955.3889341393","23352.55645329","606","2","2","758.26186050188","23799.9602048128","23041.6983443109","24558.2220653147","12279.1110326573","12279.1110326573","11520.8491721554","758.26186050188","758.26186050188","758.26186050188","23799.9602048128","23041.6983443109","606","2","2","602.832480849291","23955.3889341393","23352.55645329","24558.2214149886","12279.1107074943","12279.1107074943","11676.278226645","602.832480849291","602.832480849291","602.832480849291","23955.3889341393","23352.55645329"
"607","3934","8011339011060000",{3474006D-6F1B-47F4-B589-EA65ADAA6385},"6.25927409874992e-06",National Capital Region (NCR),"NCR, First District, City of Manila",City of Manila - Tondo I / II,Barangay 106,"130000000","133900000","133901000","133901106","1380601106",Bgy,,Highly Urbanized Cities (HUC),,U,"2851","2513","0.07461326",No,,"0.010353454490929",,,ADMIN2,"1748789491000","607","3","3","22112.0287490561","27182.9421765096","5070.91342745352","74613.2650229312","24871.0883409771","25318.2940973654","2094.2039837915","22112.0287490561","22112.0287490561","23715.1614232108","26250.6181369375","2535.45671372676","607","3","3","15707.3179867172","32778.0361076683","17070.7181209511","74613.2703423452","24871.0901141151","26127.9162479597","7025.52789187536","15707.3179867172","15707.3179867172","20917.6171173384","29452.976177814","8535.35906047554","607","3","3","22112.0287490561","27182.9421765096","5070.91342745352","74613.2650229312","24871.0883409771","25318.2940973654","2094.2039837915","22112.0287490561","22112.0287490561","23715.1614232108","26250.6181369375","2535.45671372676"
"608","4222","8011339010170000",{50697E52-0173-40A8-9B06-D6CD9D76B8FD},"7.61648188460306e-07",National Capital Region (NCR),"NCR, First District, City of Manila",City of Manila - Tondo I / II,Barangay 17,"130000000","133900000","133901000","133901017","1380601017",Bgy,,Highly Urbanized Cities (HUC),,U,"1211","1176","0.00908011",No,,"0.00431408921962987",,,ADMIN2,"1748789491000","608","2","2","3322.03749417494","5758.07231337588","2436.03481920094","9080.10980755082","4540.05490377541","4540.05490377541","1218.01740960047","3322.03749417494","3322.03749417494","3322.03749417494","5758.07231337588","2436.03481920094","608","2","2","2661.98799885714","6418.12115893041","3756.13316007327","9080.10915778754","4540.05457889377","4540.05457889377","1878.06658003663","2661.98799885714","2661.98799885714","2661.98799885714","6418.12115893041","3756.13316007327","608","2","2","3322.03749417494","5758.07231337588","2436.03481920094","9080.10980755082","4540.05490377541","4540.05490377541","1218.01740960047","3322.03749417494","3322.03749417494","3322.03749417494","5758.07231337588","2436.03481920094"
"609","3917","8011339011020000",{D60E9C1F-E31A-433B-A07C-072A3851E3D1},"2.0041325080754e-06",National Capital Region (NCR),"NCR, First District, City of Manila",City of Manila - Tondo I / II,Barangay 102,"130000000","133900000","133901000","133901102","1380601102",Bgy,,Highly Urbanized Cities (HUC),,U,"3418","4157","0.02389031",No,,"0.00596416456009291",,,ADMIN2,"1748789491000","609","3","3","1252.13391329512","18892.2553236705","17640.1214103754","23890.3141297753","7963.43804325842","3745.92489280964","7794.61496692224","1252.13391329512","1252.13391329512","2499.02940305238","11319.0901082401","8820.06070518769","609","3","3","0.264096957032052","14194.3516490877","14194.0875521307","23890.3220926838","7963.44069756126","9695.70634663906","5922.7577230329","0.264096957032052","0.264096957032052","4847.98522179804","11945.0289978634","7097.04377606533","609","3","3","1252.13391329512","18892.2553236705","17640.1214103754","23890.3141297753","7963.43804325842","3745.92489280964","7794.61496692224","1252.13391329512","1252.13391329512","2499.02940305238","11319.0901082401","8820.06070518769"
"610","3946","8011339011090000",{6CCA4634-B876-4D41-AF69-582DCA0676B3},"2.2462411765609e-06",National Capital Region (NCR),"NCR, First District, City of Manila",City of Manila - Tondo I / II,Barangay 109,"130000000","133900000","133901000","133901109","1380601109",Bgy,,Highly Urbanized Cities (HUC),,U,"3646","3254","0.0267769",No,,"0.00783786723535683",,,ADMIN2,"1748789491000","610","2","2","3057.98426024033","23718.9136392898","20660.9293790494","26776.8978995301","13388.448949765","13388.448949765","10330.4646895247","3057.98426024033","3057.98426024033","3057.98426024033","23718.9136392898","20660.9293790494","610","2","2","434.706029418187","26342.1931768807","25907.4871474626","26776.8992062989","13388.4496031495","13388.4496031495","12953.7435737313","434.706029418187","434.706029418187","434.706029418187","26342.1931768807","25907.4871474626","610","2","2","3057.98426024033","23718.9136392898","20660.9293790494","26776.8978995301","13388.448949765","13388.448949765","10330.4646895247","3057.98426024033","3057.98426024033","3057.98426024033","23718.9136392898","20660.9293790494"
"611","3970","8011339011100000",{CDB78590-9E71-4440-AAD1-95FF90A0E00C},"1.49403503004799e-05",National Capital Region (NCR),"NCR, First District, City of Manila",City of Manila - Tondo I / II,Barangay 110,"130000000","133900000","133901000","133901110","1380601110",Bgy,,Highly Urbanized Cities (HUC),,U,"2524","2677","0.17810232",No,,"0.016187775661531",,,ADMIN2,"1748789491000","611","3","3","21998.3182332513","83256.0688223506","61257.7505890993","176087.35401047","58695.7846701565","70832.9669548677","26440.0125714582","21998.3182332513","21998.3182332513","46415.6425940595","77044.5178886092","30628.8752945497","611","3","3","18205.9778000035","100789.722189298","82583.7443892945","176087.362345544","58695.7874485147","57091.6623562426","33733.7479123684","18205.9778000035","18205.9778000035","37648.8200781231","78940.6922727703","41291.8721946473","611","3","3","21998.3182332513","83256.0688223506","61257.7505890993","176087.35401047","58695.7846701565","70832.9669548677","26440.0125714582","21998.3182332513","21998.3182332513","46415.6425940595","77044.5178886092","30628.8752945497"
"612","3986","8011339011160000",{A58F266A-F3AF-4EDB-93E8-7CA84D55BCF7},"3.54789298296181e-06",National Capital Region (NCR),"NCR, First District, City of Manila",City of Manila - Tondo I / II,Barangay 116,"130000000","133900000","133901000","133901116","1380601116",Bgy,,Highly Urbanized Cities (HUC),,U,"6946","5943","0.04229412",No,,"0.00764144625613763",,,ADMIN2,"1748789491000","612","3","3","2518.77463164793","36337.9366864587","33819.1620548107","42294.1239546253","14098.0413182084","3437.41263651869","15730.4520689232","2518.77463164793","2518.77463164793","2978.09363408331","19887.6746614887","16909.5810274054","612","3","3","813.279798848929","33058.2969150464","32245.0171161975","42294.1252876183","14098.0417625394","8422.54857372295","13762.1146487545","813.279798848929","813.279798848929","4617.91418628594","20740.4227443847","16122.5085580988","612","3","3","2518.77463164793","36337.9366864587","33819.1620548107","42294.1239546253","14098.0413182084","3437.41263651869","15730.4520689232","2518.77463164793","2518.77463164793","2978.09363408331","19887.6746614887","16909.5810274054"
"613","4044","8011339011290000",{78D46839-EADC-4098-ACB3-552D52F58A60},"3.95511031853749e-06",National Capital Region (NCR),"NCR, First District, City of Manila",City of Manila - Tondo I / II,Barangay 129,"130000000","133900000","133901000","133901129","1380601129",Bgy,,Highly Urbanized Cities (HUC),,U,"5361","5716","0.04714554",No,,"0.0105272234338726",,,ADMIN2,"1748789491000","613","4","4","2235.83198035117","35316.6377086821","33080.8057283309","47145.541221511","11786.3853053777","4796.53576623887","13646.5361730393","2235.83198035117","2235.83198035117","2978.83413251963","20593.9364782359","17615.1023457162","613","4","4","1516.62260108862","24028.9651328411","22512.3425317525","47145.553203405","11786.3883008512","10799.9827347376","8455.75493755809","1516.62260108862","1516.62260108862","4264.08781212075","19308.6887895817","15044.600977461","613","4","4","2235.83198035117","35316.6377086821","33080.8057283309","47145.541221511","11786.3853053777","4796.53576623887","13646.5361730393","2235.83198035117","2235.83198035117","2978.83413251963","20593.9364782359","17615.1023457162"
"614","4063","8011339011300000",{9A87CBE4-BB67-46D0-A236-C15873E4349D},"2.78689108838912e-06",National Capital Region (NCR),"NCR, First District, City of Manila",City of Manila - Tondo I / II,Barangay 130,"130000000","133900000","133901000","133901130","1380601130",Bgy,,Highly Urbanized Cities (HUC),,U,"1816","1758","0.03322034",No,,"0.0074753011824661",,,ADMIN2,"1748789491000","614","4","4","231.941917860007","27694.6789443889","27462.7370265289","33220.3366993483","8305.08417483707","2646.85791854967","11311.4024311703","231.941917860007","231.941917860007","529.163693642531","16081.0046560316","15551.8409623891","614","4","4","778.566000625316","26449.7214621066","25671.1554614813","33220.3384772734","8305.08461931835","2996.02550727074","10530.6172369363","778.566000625316","778.566000625316","1480.01029220025","15130.1589464365","13650.1486542362","614","4","4","231.941917860007","27694.6789443889","27462.7370265289","33220.3366993483","8305.08417483707","2646.85791854967","11311.4024311703","231.941917860007","231.941917860007","529.163693642531","16081.0046560316","15551.8409623891"
"615","4069","8011339011320000",{4F3B3435-91A4-4254-9984-6844C09AE0C1},"3.52915785317946e-06",National Capital Region (NCR),"NCR, First District, City of Manila",City of Manila - Tondo I / II,Barangay 132,"130000000","133900000","133901000","133901132","1380601132",Bgy,,Highly Urbanized Cities (HUC),,U,"1036","925","0.04206839",No,,"0.0108962076581166",,,ADMIN2,"1748789491000","615","4","4","91.976682403736","40182.8417506697","40090.8650682659","42068.3870905344","10517.0967726336","896.784328730479","17130.7002085057","91.976682403736","91.976682403736","474.438400097395","20559.7551451698","20085.3167450724","615","4","4","349.108637906786","37390.0571938084","37040.9485559016","42068.3872051663","10517.0968012916","2164.61068672556","15585.2471206248","349.108637906786","349.108637906786","353.554681480291","20680.6389211028","20327.0842396226","615","4","4","91.976682403736","40182.8417506697","40090.8650682659","42068.3870905344","10517.0967726336","896.784328730479","17130.7002085057","91.976682403736","91.976682403736","474.438400097395","20559.7551451698","20085.3167450724"
"616","4072","8011339011330000",{5533DC14-E8E4-4733-A5F0-EBA45561674C},"6.33234129682532e-06",National Capital Region (NCR),"NCR, First District, City of Manila",City of Manila - Tondo I / II,Barangay 133,"130000000","133900000","133901000","133901133","1380601133",Bgy,,Highly Urbanized Cities (HUC),,U,"2263","2115","0.07548345",No,,"0.0105736572156866",,,ADMIN2,"1748789491000","616","4","4","2107.16896086707","56533.7650755305","54426.5961146634","75483.4477968967","18870.8619492242","8421.2568802496","22328.6427483248","2107.16896086707","2107.16896086707","2174.53289617128","35567.1910022771","33392.6581061058","616","4","4","3349.45482842697","48331.3737832925","44981.9189548655","75483.4479166005","18870.8619791501","11901.3096524405","17384.9687913957","3349.45482842697","3349.45482842697","7016.75627348109","30724.9676848192","23708.2114113381","616","4","4","2107.16896086707","56533.7650755305","54426.5961146634","75483.4477968967","18870.8619492242","8421.2568802496","22328.6427483248","2107.16896086707","2107.16896086707","2174.53289617128","35567.1910022771","33392.6581061058"
"617","4075","8011339011340000",{ADA76008-67EB-45BF-B531-8D93894242C9},"2.83775639087796e-06",National Capital Region (NCR),"NCR, First District, City of Manila",City of Manila - Tondo I / II,Barangay 134,"130000000","133900000","133901000","133901134","1380601134",Bgy,,Highly Urbanized Cities (HUC),,U,"1041","1058","0.03382662",No,,"0.00687398410543157",,,ADMIN2,"1748789491000","617","2","2","702.355420783686","33124.2601895055","32421.9047687218","33826.6156102892","16913.3078051446","16913.3078051446","16210.9523843609","702.355420783686","702.355420783686","702.355420783686","33124.2601895055","32421.9047687218","617","1","1","33826.615433313","33826.615433313","0","33826.615433313","33826.615433313","33826.615433313","0","33826.615433313","33826.615433313","33826.615433313","33826.615433313","0","617","2","2","702.355420783686","33124.2601895055","32421.9047687218","33826.6156102892","16913.3078051446","16913.3078051446","16210.9523843609","702.355420783686","702.355420783686","702.355420783686","33124.2601895055","32421.9047687218"
"618","4084","8011339011370000",{60111ACD-E0E2-49F9-B398-8BF6AB82FD47},"2.53091095916217e-06",National Capital Region (NCR),"NCR, First District, City of Manila",City of Manila - Tondo I / II,Barangay 137,"130000000","133900000","133901000","133901137","1380601137",Bgy,,Highly Urbanized Cities (HUC),,U,"827","911","0.03016892",No,,"0.0066080375574996",,,ADMIN2,"1748789491000","618","2","2","5118.8818038047","25050.0336334576","19931.1518296529","30168.9154372623","15084.4577186311","15084.4577186311","9965.57591482643","5118.8818038047","5118.8818038047","5118.8818038047","25050.0336334576","19931.1518296529","618","3","3","99.9615028391127","25579.0656206924","25479.1041178533","30168.9153407731","10056.305113591","4489.88821724151","11121.5986398862","99.9615028391127","99.9615028391127","2294.92486004031","15034.476918967","12739.5520589267","618","2","2","5118.8818038047","25050.0336334576","19931.1518296529","30168.9154372623","15084.4577186311","15084.4577186311","9965.57591482643","5118.8818038047","5118.8818038047","5118.8818038047","25050.0336334576","19931.1518296529"
"619","4087","8011339011380000",{2E851C32-76BE-45F8-943D-98FA6F69BCD3},"2.15472679338573e-06",National Capital Region (NCR),"NCR, First District, City of Manila",City of Manila - Tondo I / II,Barangay 138,"130000000","133900000","133901000","133901138","1380601138",Bgy,,Highly Urbanized Cities (HUC),,U,"2990","2939","0.02568437",No,,"0.00623190542363526",,,ADMIN2,"1748789491000","619","2","2","55.6662317269365","25628.7087612821","25573.0425295552","25684.374993009","12842.1874965045","12842.1874965045","12786.5212647776","55.6662317269365","55.6662317269365","55.6662317269365","25628.7087612821","25573.0425295552","619","2","2","3991.90201488054","21692.4728999197","17700.5708850392","25684.3749148003","12842.1874574001","12842.1874574001","8850.2854425196","3991.90201488054","3991.90201488054","3991.90201488054","21692.4728999197","17700.5708850392","619","2","2","55.6662317269365","25628.7087612821","25573.0425295552","25684.374993009","12842.1874965045","12842.1874965045","12786.5212647776","55.6662317269365","55.6662317269365","55.6662317269365","25628.7087612821","25573.0425295552"
"620","4090","8011339011390000",{EB896759-A575-4CC2-BDC5-A591DB0B5054},"6.00687178436358e-07",National Capital Region (NCR),"NCR, First District, City of Manila",City of Manila - Tondo I / II,Barangay 139,"130000000","133900000","133901000","133901139","1380601139",Bgy,,Highly Urbanized Cities (HUC),,U,"426","371","0.00716026",No,,"0.00323309011377686",,,ADMIN2,"1748789491000","620","1","1","7160.25767086446","7160.25767086446","0","7160.25767086446","7160.25767086446","7160.25767086446","0","7160.25767086446","7160.25767086446","7160.25767086446","7160.25767086446","0","620","1","1","7160.25767086446","7160.25767086446","0","7160.25767086446","7160.25767086446","7160.25767086446","0","7160.25767086446","7160.25767086446","7160.25767086446","7160.25767086446","0","620","1","1","7160.25767086446","7160.25767086446","0","7160.25767086446","7160.25767086446","7160.25767086446","0","7160.25767086446","7160.25767086446","7160.25767086446","7160.25767086446","0"
"621","4138","8011339010150000",{4525AB01-61E8-472B-A6B8-54624362F54A},"5.85699027480585e-07",National Capital Region (NCR),"NCR, First District, City of Manila",City of Manila - Tondo I / II,Barangay 15,"130000000","133900000","133901000","133901015","1380601015",Bgy,,Highly Urbanized Cities (HUC),,U,"1085","1119","0.00698246",No,,"0.00308744205449319",,,ADMIN2,"1748789491000","621","3","3","672.154862213099","4565.73731691758","3893.58245470448","6982.46392697624","2327.48797565875","1744.57174784556","1642.12049484431","672.154862213099","672.154862213099","1208.36330502933","3155.15453238157","1946.79122735224","621","2","2","2521.23173451971","4461.22749562643","1939.99576110672","6982.45923014614","3491.22961507307","3491.22961507307","969.997880553362","2521.23173451971","2521.23173451971","2521.23173451971","4461.22749562643","1939.99576110672","621","3","3","672.154862213099","4565.73731691758","3893.58245470448","6982.46392697624","2327.48797565875","1744.57174784556","1642.12049484431","672.154862213099","672.154862213099","1208.36330502933","3155.15453238157","1946.79122735224"
"622","4150","8011339011500000",{C8A86904-2E87-4127-BB7F-5250EDE654F4},"3.99791364518982e-06",National Capital Region (NCR),"NCR, First District, City of Manila",City of Manila - Tondo I / II,Barangay 150,"130000000","133900000","133901000","133901150","1380601150",Bgy,,Highly Urbanized Cities (HUC),,U,"2396","2277","0.04765764",No,,"0.0117569942551245",,,ADMIN2,"1748789491000","622","4","4","5026.66246089957","18725.5264956519","13698.8640347524","47657.664915794","11914.4162289485","11952.7379796212","5481.23570499405","5026.66246089957","5026.66246089957","6675.15939448685","17153.6730634102","10478.5136689233","622","4","4","4404.25846370076","20377.4228619538","15973.164398253","47657.6644917233","11914.4161229308","11437.9915830344","6147.42078705707","4404.25846370076","4404.25846370076","6237.22265398514","17591.6095918765","11354.3869378914","622","4","4","5026.66246089957","18725.5264956519","13698.8640347524","47657.664915794","11914.4162289485","11952.7379796212","5481.23570499405","5026.66246089957","5026.66246089957","6675.15939448685","17153.6730634102","10478.5136689233"
"623","4159","8011339011530000",{72AD6CFC-78B7-4F69-9B46-92EC1A802521},"1.75604069086199e-06",National Capital Region (NCR),"NCR, First District, City of Manila",City of Manila - Tondo I / II,Barangay 153,"130000000","133900000","133901000","133901153","1380601153",Bgy,,Highly Urbanized Cities (HUC),,U,"2703","2051","0.02093298",No,,"0.00551982219997397",,,ADMIN2,"1748789491000","623","2","2","2049.00017582939","18883.9814948335","16834.9813190041","20932.9816706629","10466.4908353315","10466.4908353315","8417.49065950207","2049.00017582939","2049.00017582939","2049.00017582939","18883.9814948335","16834.9813190041","623","3","3","249.686067501607","11538.8050624339","11289.1189949323","20932.9831318719","6977.66104395729","9144.49200193636","4856.77665540824","249.686067501607","249.686067501607","4697.08903471899","10341.6485321851","5644.55949746615","623","2","2","2049.00017582939","18883.9814948335","16834.9813190041","20932.9816706629","10466.4908353315","10466.4908353315","8417.49065950207","2049.00017582939","2049.00017582939","2049.00017582939","18883.9814948335","16834.9813190041"
"624","4171","8011339011570000",{2D606896-C363-466E-B636-3091D897CE92},"1.51201701955637e-06",National Capital Region (NCR),"NCR, First District, City of Manila",City of Manila - Tondo I / II,Barangay 157,"130000000","133900000","133901000","133901157","1380601157",Bgy,,Highly Urbanized Cities (HUC),,U,"2075","1505","0.01802433",No,,"0.00548926758618038",,,ADMIN2,"1748789491000","624","4","4","266.584763904131","15137.8679846415","14871.2832207373","18024.3247108339","4506.08117770847","1309.93598114414","6163.95952477295","266.584763904131","266.584763904131","528.770655391687","8483.39170002526","7954.62104463357","624","3","3","2129.62649365416","10501.31427948","8371.68778582581","18024.3279173331","6008.10930577769","5393.38714419895","3445.25776469515","2129.62649365416","2129.62649365416","3761.50681892655","7947.35071183946","4185.8438929129","624","4","4","266.584763904131","15137.8679846415","14871.2832207373","18024.3247108339","4506.08117770847","1309.93598114414","6163.95952477295","266.584763904131","266.584763904131","528.770655391687","8483.39170002526","7954.62104463357"
"625","4177","8011339011590000",{DEDA192E-A7CA-4254-A770-1767FF7CCB4D},"1.14976549933911e-06",National Capital Region (NCR),"NCR, First District, City of Manila",City of Manila - Tondo I / II,Barangay 159,"130000000","133900000","133901000","133901159","1380601159",Bgy,,Highly Urbanized Cities (HUC),,U,"1701","1558","0.01370605",No,,"0.00553773892946653",,,ADMIN2,"1748789491000","625","3","3","948.517249919438","6603.65146374558","5655.13421382614","13706.0507910256","4568.68359700852","6153.88207736056","2566.42116713522","948.517249919438","948.517249919438","3551.19966364","6378.76677055307","2827.56710691307","625","3","3","1439.21518031415","7524.46151319018","6085.24633287603","13706.0508526154","4568.68361753847","4742.37415911107","2487.32547610469","1439.21518031415","1439.21518031415","3090.79466971261","6133.41783615063","3042.62316643802","625","3","3","948.517249919438","6603.65146374558","5655.13421382614","13706.0507910256","4568.68359700852","6153.88207736056","2566.42116713522","948.517249919438","948.517249919438","3551.19966364","6378.76677055307","2827.56710691307"
"626","4181","8011339010160000",{651CA952-C3AD-4022-9749-B305934C5E47},"8.88284699798436e-07",National Capital Region (NCR),"NCR, First District, City of Manila",City of Manila - Tondo I / II,Barangay 16,"130000000","133900000","133901000","133901016","1380601016",Bgy,,Highly Urbanized Cities (HUC),,U,"1792","1477","0.01058979",No,,"0.0043933385123704",,,ADMIN2,"1748789491000","626","3","3","854.417545682692","7663.49194746116","6809.07440177847","10589.7891096644","3529.92970322146","2071.87961652052","2964.82783015981","854.417545682692","854.417545682692","1463.14858110161","4867.68578199084","3404.53720088924","626","3","3","5.84419768919179","6814.34505186194","6808.50085417274","10589.7941841349","3529.93139471165","3769.60493458381","2784.72063525277","5.84419768919179","5.84419768919179","1887.7245661365","5291.97499322287","3404.25042708637","626","3","3","854.417545682692","7663.49194746116","6809.07440177847","10589.7891096644","3529.92970322146","2071.87961652052","2964.82783015981","854.417545682692","854.417545682692","1463.14858110161","4867.68578199084","3404.53720088924"
"627","4191","8011339011600000",{891DE9A5-AAF9-4FBD-A732-61A85BC9019E},"1.25307100405454e-06",National Capital Region (NCR),"NCR, First District, City of Manila",City of Manila - Tondo I / II,Barangay 160,"130000000","133900000","133901000","133901160","1380601160",Bgy,,Highly Urbanized Cities (HUC),,U,"2375","1256","0.01493744",No,,"0.00489166979271108",,,ADMIN2,"1748789491000","627","3","3","488.967408223798","11541.6436531901","11052.6762449663","14937.4402774218","4979.14675914058","2906.82921600787","4744.20966678977","488.967408223798","488.967408223798","1697.89831211583","7224.23643459898","5526.33812248314","627","3","3","1887.38580448371","9707.24295816077","7819.85715367706","14937.4327551205","4979.14425170683","3342.80399247599","3395.65885202104","1887.38580448371","1887.38580448371","2615.09489847985","6525.02347531838","3909.92857683853","627","3","3","488.967408223798","11541.6436531901","11052.6762449663","14937.4402774218","4979.14675914058","2906.82921600787","4744.20966678977","488.967408223798","488.967408223798","1697.89831211583","7224.23643459898","5526.33812248314"
"628","4256","8011339011780000",{7AF37B82-8B40-49EE-95B0-15739F83740F},"1.91506020236034e-06",National Capital Region (NCR),"NCR, First District, City of Manila",City of Manila - Tondo I / II,Barangay 178,"130000000","133900000","133901000","133901178","1380601178",Bgy,,Highly Urbanized Cities (HUC),,U,"1250","1519","0.02282747",No,,"0.00552250609247829",,,ADMIN2,"1748789491000","628","3","3","22.3635208724445","20492.7838742059","20470.4203533335","22827.4691719904","7609.15639066345","2312.32177691201","9157.94263848305","22.3635208724445","22.3635208724445","1167.34264889223","11402.552825559","10235.2101766667","628","3","3","223.084045779073","20643.5446466587","20420.4606008796","22827.4691373404","7609.15637911346","1960.84044490264","9243.96767113609","223.084045779073","223.084045779073","1091.96224534086","11302.1925457807","10210.2303004398","628","3","3","22.3635208724445","20492.7838742059","20470.4203533335","22827.4691719904","7609.15639066345","2312.32177691201","9157.94263848305","22.3635208724445","22.3635208724445","1167.34264889223","11402.552825559","10235.2101766667"
"629","4259","8011339011790000",{CCE8CA98-C9EF-4200-B51F-E45F9166C499},"2.70804673762078e-06",National Capital Region (NCR),"NCR, First District, City of Manila",City of Manila - Tondo I / II,Barangay 179,"130000000","133900000","133901000","133901179","1380601179",Bgy,,Highly Urbanized Cities (HUC),,U,"3076","1021","0.03228037",No,,"0.00662219480319813",,,ADMIN2,"1748789491000","629","3","3","7339.06803463745","16797.7911000053","9458.72306536785","32280.3538818008","10760.1179606003","8143.4947471581","4281.89197183315","7339.06803463745","7339.06803463745","7741.28139089777","12470.6429235817","4729.36153268392","629","3","3","3225.54431481462","21170.7588879489","17945.2145731343","32280.3571048887","10760.1190349629","7884.05390212512","7603.13507728673","3225.54431481462","3225.54431481462","5554.79910846987","14527.406395037","8972.60728656716","629","3","3","7339.06803463745","16797.7911000053","9458.72306536785","32280.3538818008","10760.1179606003","8143.4947471581","4281.89197183315","7339.06803463745","7339.06803463745","7741.28139089777","12470.6429235817","4729.36153268392"
"630","4263","8011339010180000",{EE239237-504D-4EA1-A4B0-46EB2F941F3E},"1.94986318942943e-06",National Capital Region (NCR),"NCR, First District, City of Manila",City of Manila - Tondo I / II,Barangay 18,"130000000","133900000","133901000","133901018","1380601018",Bgy,,Highly Urbanized Cities (HUC),,U,"2140","1982","0.02324569",No,,"0.00614868167236119",,,ADMIN2,"1748789491000","630","2","2","9306.12173265637","13939.5671009803","4633.4453683239","23245.6888336366","11622.8444168183","11622.8444168183","2316.72268416195","9306.12173265637","9306.12173265637","9306.12173265637","13939.5671009803","4633.4453683239","630","2","2","6954.14084477702","16291.5499584844","9337.40911370741","23245.6908032615","11622.8454016307","11622.8454016307","4668.70455685371","6954.14084477702","6954.14084477702","6954.14084477702","16291.5499584844","9337.40911370741","630","2","2","9306.12173265637","13939.5671009803","4633.4453683239","23245.6888336366","11622.8444168183","11622.8444168183","2316.72268416195","9306.12173265637","9306.12173265637","9306.12173265637","13939.5671009803","4633.4453683239"
"631","4277","8011339011810000",{02953446-7E48-4B81-A4C4-4DC949FC75BC},"1.54963210956869e-06",National Capital Region (NCR),"NCR, First District, City of Manila",City of Manila - Tondo I / II,Barangay 181,"130000000","133900000","133901000","133901181","1380601181",Bgy,,Highly Urbanized Cities (HUC),,U,"2498","2773","0.01847177",No,,"0.0057149854143622",,,ADMIN2,"1748789491000","631","3","3","3540.32689571589","10636.5404122563","7096.21351654043","18471.7745895407","6157.25819651356","4294.90728156849","3182.27641433826","3540.32689571589","3540.32689571589","3917.61708864219","7465.7238469124","3548.10675827021","631","3","3","1074.81603906455","8927.31656010889","7852.50052104435","18471.7725836072","6157.25752786906","8469.63998443374","3598.68268280876","1074.81603906455","1074.81603906455","4772.22801174914","8698.47827227132","3926.25026052217","631","3","3","3540.32689571589","10636.5404122563","7096.21351654043","18471.7745895407","6157.25819651356","4294.90728156849","3182.27641433826","3540.32689571589","3540.32689571589","3917.61708864219","7465.7238469124","3548.10675827021"
"632","4280","8011339011820000",{86D0BA0E-4F45-4970-A38E-D858F68307EB},"4.42014335338009e-06",National Capital Region (NCR),"NCR, First District, City of Manila",City of Manila - Tondo I / II,Barangay 182,"130000000","133900000","133901000","133901182","1380601182",Bgy,,Highly Urbanized Cities (HUC),,U,"6002","3936","0.05268824",No,,"0.00956836373717417",,,ADMIN2,"1748789491000","632","4","4","2240.21924204461","35973.1464492202","33732.9272071756","52688.2389369953","13172.0597342488","7237.43662286521","13367.968183025","2240.21924204461","2240.21924204461","3950.15036125649","22393.9691072411","18443.8187459847","632","4","4","1899.2753930102","37913.4801202283","36014.2047272181","52688.2254359647","13172.0563589912","6437.73496136308","14428.4437287463","1899.2753930102","1899.2753930102","3576.4595791546","22767.6531388278","19191.1935596731","632","4","4","2240.21924204461","35973.1464492202","33732.9272071756","52688.2389369953","13172.0597342488","7237.43662286521","13367.968183025","2240.21924204461","2240.21924204461","3950.15036125649","22393.9691072411","18443.8187459847"
"633","4286","8011339011840000",{50E3DD31-6325-43C9-BB60-270ED83C93ED},"3.77878407747327e-06",National Capital Region (NCR),"NCR, First District, City of Manila",City of Manila - Tondo I / II,Barangay 184,"130000000","133900000","133901000","133901184","1380601184",Bgy,,Highly Urbanized Cities (HUC),,U,"3562","3311","0.04504292",No,,"0.00813231715277365",,,ADMIN2,"1748789491000","633","4","4","199.92480999144","36405.7927112427","36205.8679012513","45042.9176381802","11260.7294095451","4218.60005847302","14735.7361243212","199.92480999144","199.92480999144","850.545296996552","21670.9135220936","20820.368225097","633","4","4","986.542277007909","25363.9075123528","24377.3652353449","45042.917277419","11260.7293193547","9346.23374402915","10499.9427337736","986.542277007909","986.542277007909","1147.58768408974","21373.8709546197","20226.28327053","633","4","4","199.92480999144","36405.7927112427","36205.8679012513","45042.9176381802","11260.7294095451","4218.60005847302","14735.7361243212","199.92480999144","199.92480999144","850.545296996552","21670.9135220936","20820.368225097"
"634","4292","8011339011860000",{FEE7F7FE-A9C6-419A-8604-0A63A606C3CF},"3.87593293475491e-06",National Capital Region (NCR),"NCR, First District, City of Manila",City of Manila - Tondo I / II,Barangay 186,"130000000","133900000","133901000","133901186","1380601186",Bgy,,Highly Urbanized Cities (HUC),,U,"1884","1678","0.04620143",No,,"0.00796653244794057",,,ADMIN2,"1748789491000","634","3","3","4298.38169053505","25311.3933343253","21013.0116437902","46201.4339334987","15400.4779778329","16591.6589086384","8619.77759159914","4298.38169053505","4298.38169053505","10445.0202995867","20951.5261214818","10506.5058218951","634","3","3","9586.2098403184","24703.8852205309","15117.6753802125","46201.4322598663","15400.4774199554","11911.337199017","6646.63332504501","9586.2098403184","9586.2098403184","10748.7735196677","18307.611209774","7558.83769010624","634","3","3","4298.38169053505","25311.3933343253","21013.0116437902","46201.4339334987","15400.4779778329","16591.6589086384","8619.77759159914","4298.38169053505","4298.38169053505","10445.0202995867","20951.5261214818","10506.5058218951"
"635","4738","8011339050420000",{D1CFACAC-049C-41BB-92E7-86DD10E33A96},"2.40010862447069e-06",National Capital Region (NCR),"NCR, First District, City of Manila",City of Manila - Santa Cruz,Barangay 340,"130000000","133900000","133905000","133905042","1380605042",Bgy,,Highly Urbanized Cities (HUC),,U,"2096","2009","0.02861176",No,,"0.00633539586991939",,,ADMIN2,"1748789491000","635","2","2","99.9635515804403","28511.7985795837","28411.8350280033","28611.7621311641","14305.8810655821","14305.8810655821","14205.9175140016","99.9635515804403","99.9635515804403","99.9635515804403","28511.7985795837","28411.8350280033","635","3","3","99.963553560141","23413.6588140436","23313.6952604834","28611.7621306129","9537.25404353764","5098.13976300921","10022.0223631549","99.963553560141","99.963553560141","2599.05165828468","14255.8992885264","11656.8476302417","635","2","2","99.9635515804403","28511.7985795837","28411.8350280033","28611.7621311641","14305.8810655821","14305.8810655821","14205.9175140016","99.9635515804403","99.9635515804403","99.9635515804403","28511.7985795837","28411.8350280033"
"636","4397","8011339010200000",{D38259AE-4108-43C2-A8C9-0301C9A290E5},"0.000115083114692188",National Capital Region (NCR),"NCR, First District, City of Manila",City of Manila - Tondo I / II,Barangay 20,"130000000","133900000","133901000","133901020","1380601020",Bgy,,Highly Urbanized Cities (HUC),,U,"38602","45772","1.37198854",No,,"0.128915619567438",,,ADMIN2,"1748789491000","636","4","4","4498.21404732176","893053.700292906","888555.486245584","1270667.50386469","317666.875966172","186557.794762229","343306.522653396","4498.21404732176","4498.21404732176","64076.2889898421","571257.462942501","507181.173952659","636","4","4","4398.2537820412","946494.400871895","942096.147089853","1270667.53090651","317666.882726628","159887.438126288","371078.695000974","4398.2537820412","4398.2537820412","51631.364917995","583702.400535261","532071.035617266","636","4","4","4498.21404732176","893053.700292906","888555.486245584","1270667.50386469","317666.875966172","186557.794762229","343306.522653396","4498.21404732176","4498.21404732176","64076.2889898421","571257.462942501","507181.173952659"
"637","4407","8011339012000000",{5C784660-B6E9-4C6B-9506-EB32DB54477C},"1.27483573906712e-06",National Capital Region (NCR),"NCR, First District, City of Manila",City of Manila - Tondo I / II,Barangay 200,"130000000","133900000","133901000","133901200","1380601200",Bgy,,Highly Urbanized Cities (HUC),,U,"1852","1666","0.01519602",No,,"0.00468506053811181",,,ADMIN2,"1748789491000","637","2","2","285.228066475946","14910.7942353875","14625.5661689115","15196.0223018634","7598.01115093171","7598.01115093171","7312.78308445576","285.228066475946","285.228066475946","285.228066475946","14910.7942353875","14625.5661689115","637","3","3","90.8402875832398","14506.353098786","14415.5128112028","15196.0226196902","5065.34087323006","598.829233320961","6679.02423385184","90.8402875832398","90.8402875832398","344.8347604521","7552.59116605348","7207.75640560138","637","2","2","285.228066475946","14910.7942353875","14625.5661689115","15196.0223018634","7598.01115093171","7598.01115093171","7312.78308445576","285.228066475946","285.228066475946","285.228066475946","14910.7942353875","14625.5661689115"
"638","4411","8011339012020000",{DC216EBE-41E1-4668-B504-B4A22F805670},"2.74171171534006e-06",National Capital Region (NCR),"NCR, First District, City of Manila",City of Manila - Tondo I / II,Barangay 202,"130000000","133900000","133901000","133901202","1380601202",Bgy,,Highly Urbanized Cities (HUC),,U,"1115","1420","0.03268116",No,,"0.00737446677202252",,,ADMIN2,"1748789491000","638","4","4","53.3976745942273","31295.7374272081","31242.3397526139","32681.1596853656","8170.2899213414","666.01229178163","13354.2091735686","53.3976745942273","53.3976745942273","288.130694183699","16052.4491484991","15764.3184543154","638","4","4","53.3976745942273","30813.5679814359","30760.1703068417","32681.1597143377","8170.28992858443","907.097029153786","13086.3711208931","53.3976745942273","53.3976745942273","144.369132747747","16196.2107244211","16051.8415916734","638","4","4","53.3976745942273","31295.7374272081","31242.3397526139","32681.1596853656","8170.2899213414","666.01229178163","13354.2091735686","53.3976745942273","53.3976745942273","288.130694183699","16052.4491484991","15764.3184543154"
"639","4414","8011339012050000",{6CEC1580-92CD-45A3-A8CF-7AEE9F43CB43},"4.33203560684025e-06",National Capital Region (NCR),"NCR, First District, City of Manila",City of Manila - Tondo I / II,Barangay 204,"130000000","133900000","133901000","133901205","1380601205",Bgy,,Highly Urbanized Cities (HUC),,U,"2219","2684","0.05163907",No,,"0.00921376942425148",,,ADMIN2,"1748789491000","639","3","3","592.796185355721","47802.4343155699","47209.6381302142","51639.0776269463","17213.0258756488","3243.8471260206","21657.0381062099","592.796185355721","592.796185355721","1918.32165568816","25523.1407207953","23604.8190651071","639","3","3","1283.09076212556","42967.4708565872","41684.3800944617","51639.0776722235","17213.0258907412","7388.51605351071","18380.925459495","1283.09076212556","1283.09076212556","4335.80340781813","25177.993455049","20842.1900472308","639","3","3","592.796185355721","47802.4343155699","47209.6381302142","51639.0776269463","17213.0258756488","3243.8471260206","21657.0381062099","592.796185355721","592.796185355721","1918.32165568816","25523.1407207953","23604.8190651071"
"640","4418","8011339012090000",{3BB7F328-A36E-4F59-B6F6-C4647CC19A65},"2.51869000626408e-06",National Capital Region (NCR),"NCR, First District, City of Manila",City of Manila - Tondo I / II,Barangay 208,"130000000","133900000","133901000","133901209","1380601209",Bgy,,Highly Urbanized Cities (HUC),,U,"1075","635","0.03002324",No,,"0.0106536733378736",,,ADMIN2,"1748789491000","640","3","3","2259.11588650148","14699.2549722281","12440.1390857266","30023.2354508688","10007.7451502896","13064.8645921392","5519.58631175422","2259.11588650148","2259.11588650148","7661.99023932034","13882.0597821836","6220.0695428633","640","3","3","1131.49369205616","17531.7978858169","16400.3041937608","30023.2333167684","10007.7444389228","11359.9417388953","6763.32376698083","1131.49369205616","1131.49369205616","6245.71771547575","14445.8698123561","8200.15209688039","640","3","3","2259.11588650148","14699.2549722281","12440.1390857266","30023.2354508688","10007.7451502896","13064.8645921392","5519.58631175422","2259.11588650148","2259.11588650148","7661.99023932034","13882.0597821836","6220.0695428633"
"641","4419","8011339012100000",{9C1F7FAC-9E0C-48D4-8864-B58718470ED8},"5.2627287241067e-06",National Capital Region (NCR),"NCR, First District, City of Manila",City of Manila - Tondo I / II,Barangay 209,"130000000","133900000","133901000","133901210","1380601210",Bgy,,Highly Urbanized Cities (HUC),,U,"3195","5075","0.06273401",No,,"0.0133139167573156",,,ADMIN2,"1748789491000","641","3","3","13593.4607912573","27003.64199026","13410.1811990028","62734.007476431","20911.335825477","22136.9046949137","5542.84849981315","13593.4607912573","13593.4607912573","17865.1827430855","24570.2733425869","6705.0905995014","641","3","3","13984.557839118","28404.8672707345","14420.3094316166","62734.0187466007","20911.3395822002","20344.5936367481","5900.69101890658","13984.557839118","13984.557839118","17164.5757379331","24374.7304537413","7210.15471580828","641","3","3","13593.4607912573","27003.64199026","13410.1811990028","62734.007476431","20911.335825477","22136.9046949137","5542.84849981315","13593.4607912573","13593.4607912573","17865.1827430855","24570.2733425869","6705.0905995014"
"642","4431","8011339012110000",{E36D9194-C62F-4D03-9755-F20C98412A91},"3.04413372818634e-06",National Capital Region (NCR),"NCR, First District, City of Manila",City of Manila - Tondo I / II,Barangay 210,"130000000","133900000","133901000","133901211","1380601211",Bgy,,Highly Urbanized Cities (HUC),,U,"3154","3212","0.03628708",No,,"0.00915437415667531",,,ADMIN2,"1748789491000","642","3","3","2680.05897937353","20554.6883840855","17874.629404712","36287.0743208267","12095.6914402756","13052.3269573677","7328.57229039737","2680.05897937353","2680.05897937353","7866.19296837059","16803.5076707266","8937.31470235599","642","3","3","4774.3943890942","24909.7927781997","20135.3983891055","36287.0774759258","12095.6924919753","6602.89030863188","9091.63439435779","4774.3943890942","4774.3943890942","5688.64234886304","15756.3415434158","10067.6991945527","642","3","3","2680.05897937353","20554.6883840855","17874.629404712","36287.0743208267","12095.6914402756","13052.3269573677","7328.57229039737","2680.05897937353","2680.05897937353","7866.19296837059","16803.5076707266","8937.31470235599"
"643","4440","8011339012200000",{E1EB3F6C-2CCB-48D1-9764-FD09ACBFF8AC},"3.09325772101701e-06",National Capital Region (NCR),"NCR, First District, City of Manila",City of Manila - Tondo I / II,Barangay 219,"130000000","133900000","133901000","133901220","1380601220",Bgy,,Highly Urbanized Cities (HUC),,U,"817","1080","0.03687306",No,,"0.00802845032973766",,,ADMIN2,"1748789491000","643","2","2","4756.76516636717","32116.2798130093","27359.5146466421","36873.0449793765","18436.5224896882","18436.5224896882","13679.7573233211","4756.76516636717","4756.76516636717","4756.76516636717","32116.2798130093","27359.5146466421","643","3","3","399.851139073842","27165.6810695764","26765.8299305026","36873.0454770626","12291.0151590209","9307.51326841238","11128.8925958694","399.851139073842","399.851139073842","4853.68220374311","18236.5971689944","13382.9149652513","643","2","2","4756.76516636717","32116.2798130093","27359.5146466421","36873.0449793765","18436.5224896882","18436.5224896882","13679.7573233211","4756.76516636717","4756.76516636717","4756.76516636717","32116.2798130093","27359.5146466421"
"644","4453","8011339012210000",{58252249-DD2D-4089-A0A2-03D9987A411C},"4.49457256392355e-06",National Capital Region (NCR),"NCR, First District, City of Manila",City of Manila - Tondo I / II,Barangay 220,"130000000","133900000","133901000","133901221","1380601221",Bgy,,Highly Urbanized Cities (HUC),,U,"1536","1270","0.05357745",No,,"0.00994891773808069",,,ADMIN2,"1748789491000","644","3","3","1599.40850804863","40111.6984732047","38512.289965156","53577.4477873582","17859.1492624527","11866.3408061049","16283.6202871868","1599.40850804863","1599.40850804863","6732.87465707675","25989.0196396548","19256.144982578","644","3","3","4734.87820395271","26371.1779387112","21636.2997347585","53577.4472086247","17859.1490695416","22471.3910659608","9415.8359065363","4734.87820395271","4734.87820395271","13603.1346349568","24421.284502336","10818.1498673792","644","3","3","1599.40850804863","40111.6984732047","38512.289965156","53577.4477873582","17859.1492624527","11866.3408061049","16283.6202871868","1599.40850804863","1599.40850804863","6732.87465707675","25989.0196396548","19256.144982578"
"645","4495","8011339012410000",{F4517739-7629-4794-92FA-6114E9946553},"1.13274249852275e-06",National Capital Region (NCR),"NCR, First District, City of Manila",City of Manila - Tondo I / II,Barangay 240,"130000000","133900000","133901000","133901241","1380601241",Bgy,,Highly Urbanized Cities (HUC),,U,"103","56","0.01350383",No,,"0.00538496549167084",,,ADMIN2,"1748789491000","645","2","2","810.223612841683","12693.618324311","11883.3947114693","13503.8419371527","6751.92096857633","6751.92096857633","5941.69735573465","810.223612841683","810.223612841683","810.223612841683","12693.618324311","11883.3947114693","645","1","1","13503.8417081367","13503.8417081367","0","13503.8417081367","13503.8417081367","13503.8417081367","0","13503.8417081367","13503.8417081367","13503.8417081367","13503.8417081367","0","645","2","2","810.223612841683","12693.618324311","11883.3947114693","13503.8419371527","6751.92096857633","6751.92096857633","5941.69735573465","810.223612841683","810.223612841683","810.223612841683","12693.618324311","11883.3947114693"
"646","4496","8011339012420000",{A478BA59-281F-4E99-874E-117B7AD8387C},"7.23898281097122e-06",National Capital Region (NCR),"NCR, First District, City of Manila",City of Manila - Tondo I / II,Barangay 241,"130000000","133900000","133901000","133901242","1380601242",Bgy,,Highly Urbanized Cities (HUC),,U,"634","447","0.08629651",No,,"0.0113656775057347",,,ADMIN2,"1748789491000","646","3","3","11555.3177129458","52643.0770476689","41087.7593347231","86296.5036676448","28765.5012225483","22098.1089070302","17423.9601699079","11555.3177129458","11555.3177129458","16826.713309988","37370.5929773495","20543.8796673615","646","3","3","22812.8917985059","36162.7129363565","13349.8211378506","86296.5075584856","28765.5025194952","27320.9028236232","5544.94257945236","22812.8917985059","22812.8917985059","25066.8973110646","31741.8078799899","6674.91056892529","646","3","3","11555.3177129458","52643.0770476689","41087.7593347231","86296.5036676448","28765.5012225483","22098.1089070302","17423.9601699079","11555.3177129458","11555.3177129458","16826.713309988","37370.5929773495","20543.8796673615"
"647","4515","8011339012510000",{E1522509-2064-4D43-98CE-C15A5EC1AF74},"2.94254245409362e-06",National Capital Region (NCR),"NCR, First District, City of Manila",City of Manila - Tondo I / II,Barangay 250,"130000000","133900000","133901000","133901251","1380601251",Bgy,,Highly Urbanized Cities (HUC),,U,"1284","1182","0.03507869",No,,"0.00686608468307732",,,ADMIN2,"1748789491000","647","2","2","3308.5508476302","31770.1257443433","28461.5748967131","35078.6765919735","17539.3382959868","17539.3382959868","14230.7874483566","3308.5508476302","3308.5508476302","3308.5508476302","31770.1257443433","28461.5748967131","647","2","2","254.049092433193","34824.627552674","34570.5784602408","35078.6766451072","17539.3383225536","17539.3383225536","17285.2892301204","254.049092433193","254.049092433193","254.049092433193","34824.627552674","34570.5784602408","647","2","2","3308.5508476302","31770.1257443433","28461.5748967131","35078.6765919735","17539.3382959868","17539.3382959868","14230.7874483566","3308.5508476302","3308.5508476302","3308.5508476302","31770.1257443433","28461.5748967131"
"648","4521","8011339012570000",{71FE2C3D-96D0-488B-9BA5-91BF7091168C},"1.79533087402694e-06",National Capital Region (NCR),"NCR, First District, City of Manila",City of Manila - Tondo I / II,Barangay 256,"130000000","133900000","133901000","133901257","1380601257",Bgy,,Highly Urbanized Cities (HUC),,U,"2086","1030","0.02140198",No,,"0.00560481902908436",,,ADMIN2,"1748789491000","648","3","3","4172.57978666704","12582.3870492587","8409.80726259164","21401.9850837578","7133.99502791927","4647.01824783209","3857.46070854946","4172.57978666704","4172.57978666704","4409.79901724956","8614.70264854538","4204.90363129582","648","3","3","3267.83081833507","13851.6602507634","10583.8294324284","21401.9796773902","7133.99322579674","4282.48860829171","4768.13522609021","3267.83081833507","3267.83081833507","3775.15971331339","9067.07442952757","5291.91471621418","648","3","3","4172.57978666704","12582.3870492587","8409.80726259164","21401.9850837578","7133.99502791927","4647.01824783209","3857.46070854946","4172.57978666704","4172.57978666704","4409.79901724956","8614.70264854538","4204.90363129582"
"649","4522","8011339012580000",{A7AE3B69-BA41-45FF-89AF-9264A03EF271},"9.65773511891122e-07",National Capital Region (NCR),"NCR, First District, City of Manila",City of Manila - Tondo I / II,Barangay 257,"130000000","133900000","133901000","133901258","1380601258",Bgy,,Highly Urbanized Cities (HUC),,U,"796","1308","0.01151312",No,,"0.00461865832207322",,,ADMIN2,"1748789491000","649","4","4","56.6143312948625","11004.7944537126","10948.1801224177","11513.1280033492","2878.2820008373","225.859609170885","4693.74589993762","56.6143312948625","56.6143312948625","60.3820685412111","5696.18193313338","5635.79986459217","649","4","4","56.6149730901088","11236.984151202","11180.3691781119","11513.1282543933","2878.28206359832","109.764565050582","4825.9498566306","56.6149730901088","56.6149730901088","79.9486975956606","5676.61542960098","5596.66673200531","649","4","4","56.6143312948625","11004.7944537126","10948.1801224177","11513.1280033492","2878.2820008373","225.859609170885","4693.74589993762","56.6143312948625","56.6143312948625","60.3820685412111","5696.18193313338","5635.79986459217"
"650","4524","8011339012600000",{C03B844A-5BBB-49FC-AC1A-71128742A05F},"5.66882271358605e-06",National Capital Region (NCR),"NCR, First District, City of Manila",City of Manila - Tondo I / II,Barangay 259,"130000000","133900000","133901000","133901260","1380601260",Bgy,,Highly Urbanized Cities (HUC),,U,"3362","2090","0.06758",No,,"0.0101407594847384",,,ADMIN2,"1748789491000","650","2","2","19112.6731122119","48467.3390929115","29354.6659806996","67580.0122051234","33790.0061025617","33790.0061025617","14677.3329903498","19112.6731122119","19112.6731122119","19112.6731122119","48467.3390929115","29354.6659806996","650","3","3","531.741824437282","66122.4655896702","65590.7237652329","67580.0123644147","22526.6707881382","925.804950307273","30827.3019115605","531.741824437282","531.741824437282","728.773387372277","33524.1352699887","32795.3618826165","650","2","2","19112.6731122119","48467.3390929115","29354.6659806996","67580.0122051234","33790.0061025617","33790.0061025617","14677.3329903498","19112.6731122119","19112.6731122119","19112.6731122119","48467.3390929115","29354.6659806996"
"651","4535","8011339012610000",{156D818F-220B-4400-BC90-E45B13974882},"3.31802655132448e-06",National Capital Region (NCR),"NCR, First District, City of Manila",City of Manila - Tondo I / II,Barangay 260,"130000000","133900000","133901000","133901261","1380601261",Bgy,,Highly Urbanized Cities (HUC),,U,"1341","1645","0.03955557",No,,"0.00791258835497515",,,ADMIN2,"1748789491000","651","2","2","15194.4442218163","24361.1396419806","9166.69542016423","39555.5838637969","19777.7919318984","19777.7919318984","4583.34771008212","15194.4442218163","15194.4442218163","15194.4442218163","24361.1396419806","9166.69542016423","651","2","2","7068.85192411911","32486.7343647849","25417.8824406658","39555.586288904","19777.793144452","19777.793144452","12708.9412203329","7068.85192411911","7068.85192411911","7068.85192411911","32486.7343647849","25417.8824406658","651","2","2","15194.4442218163","24361.1396419806","9166.69542016423","39555.5838637969","19777.7919318984","19777.7919318984","4583.34771008212","15194.4442218163","15194.4442218163","15194.4442218163","24361.1396419806","9166.69542016423"
"652","4541","8011339012670000",{5FD5A3FA-28CE-4C05-AB9C-2B5CD7B381AE},"2.28108672517885e-06",National Capital Region (NCR),"NCR, First District, City of Manila",City of Manila - Tondo I / II,Barangay 266,"130000000","133900000","133901000","133901267","1380601267",Bgy,,Highly Urbanized Cities (HUC),,U,"1482","1665","0.02719373",No,,"0.00795015835485768",,,ADMIN2,"1748789491000","652","2","2","12342.2258869846","14851.4891122088","2509.26322522412","27193.7149991934","13596.8574995967","13596.8574995967","1254.63161261206","12342.2258869846","12342.2258869846","12342.2258869846","14851.4891122088","2509.26322522412","652","3","3","208.93925871377","19948.0276382217","19739.0883795079","27193.7124688726","9064.57082295752","7036.74557193711","8185.02530845255","208.93925871377","208.93925871377","3622.84241532544","13492.3866050794","9869.54418975396","652","2","2","12342.2258869846","14851.4891122088","2509.26322522412","27193.7149991934","13596.8574995967","13596.8574995967","1254.63161261206","12342.2258869846","12342.2258869846","12342.2258869846","14851.4891122088","2509.26322522412"
"653","4553","8011339040030000",{5E60DC30-4F17-4840-A796-CFB62A554434},"3.10795820630222e-06",National Capital Region (NCR),"NCR, First District, City of Manila",City of Manila - San Nicolas,Barangay 270,"130000000","133900000","133904000","133904003","1380604003",Bgy,,Highly Urbanized Cities (HUC),,U,"1179","918","0.037052",No,,"0.00891797568030266",,,ADMIN2,"1748789491000","653","2","2","2794.53711571955","34257.4766188214","31462.9395031018","37052.0137345409","18526.0068672705","18526.0068672705","15731.4697515509","2794.53711571955","2794.53711571955","2794.53711571955","34257.4766188214","31462.9395031018","653","3","3","17.8529742000537","23601.4566821228","23583.6037079228","37052.0140054758","12350.6713351586","13432.7043491529","9658.31895468418","17.8529742000537","17.8529742000537","6725.27866167646","18517.0805156378","11791.8018539614","653","2","2","2794.53711571955","34257.4766188214","31462.9395031018","37052.0137345409","18526.0068672705","18526.0068672705","15731.4697515509","2794.53711571955","2794.53711571955","2794.53711571955","34257.4766188214","31462.9395031018"
"654","4569","8011339040140000",{D77B2F57-D642-4723-BD36-6AFBE1531055},"7.78770630945464e-06",National Capital Region (NCR),"NCR, First District, City of Manila",City of Manila - San Nicolas,Barangay 281,"130000000","133900000","133904000","133904014","1380604014",Bgy,,Highly Urbanized Cities (HUC),,U,"2181","2288","0.09284299",No,,"0.0109630293200824",,,ADMIN2,"1748789491000","654","4","4","3023.70251332474","63525.8909676244","60502.1884542997","92842.9757322043","23210.7439330511","13146.6911256276","24158.0204276132","3023.70251332474","3023.70251332474","4566.64306115312","41854.844804949","37288.2017437959","654","4","4","1621.23441866273","47191.7377006369","45570.5032819741","92842.9703913575","23210.7425978394","22014.9991360289","16158.6590264221","1621.23441866273","1621.23441866273","11607.6257630979","34813.8594325808","23206.2336694829","654","4","4","3023.70251332474","63525.8909676244","60502.1884542997","92842.9757322043","23210.7439330511","13146.6911256276","24158.0204276132","3023.70251332474","3023.70251332474","4566.64306115312","41854.844804949","37288.2017437959"
"655","4570","8011339040150000",{0D966261-449C-4DFA-B1F4-A3DC0F888AD4},"9.33317703261463e-06",National Capital Region (NCR),"NCR, First District, City of Manila",City of Manila - San Nicolas,Barangay 282,"130000000","133900000","133904000","133904015","1380604015",Bgy,,Highly Urbanized Cities (HUC),,U,"2548","2458","0.11126913",No,,"0.0130139297488249",,,ADMIN2,"1748789491000","655","4","4","2099.20239194011","58687.5585495375","56588.3561575974","111269.124765506","27817.2811913765","25241.1819120143","20203.9193948163","2099.20239194011","2099.20239194011","12869.625216076","42764.9371666771","29895.311950601","655","4","4","22339.1895667929","39962.8702350606","17623.6806682677","111269.124681237","27817.2811703092","24483.5324396916","7129.54328332211","22339.1895667929","22339.1895667929","22743.4381810782","32891.1241595401","10147.6859784619","655","4","4","2099.20239194011","58687.5585495375","56588.3561575974","111269.124765506","27817.2811913765","25241.1819120143","20203.9193948163","2099.20239194011","2099.20239194011","12869.625216076","42764.9371666771","29895.311950601"
"656","4572","8011339040170000",{B3523D92-859C-41D1-8B19-AE106B3E7AF9},"4.4653460634143e-06",National Capital Region (NCR),"NCR, First District, City of Manila",City of Manila - San Nicolas,Barangay 284,"130000000","133900000","133904000","133904017","1380604017",Bgy,,Highly Urbanized Cities (HUC),,U,"1032","961","0.05323516",No,,"0.0110179405552901",,,ADMIN2,"1748789491000","656","4","4","4767.36566240567","23783.2287595534","19015.8630971477","53235.1564431033","13308.7891107758","12342.2810105721","7957.56086599257","4767.36566240567","4767.36566240567","5623.24902717708","20994.3291943746","15371.0801671975","656","4","4","1048.42419917887","35776.8670032347","34728.4428040559","53235.1570253909","13308.7892563477","8204.93291148864","13530.1331544743","1048.42419917887","1048.42419917887","2857.91328832915","23759.6652243663","20901.7519360371","656","4","4","4767.36566240567","23783.2287595534","19015.8630971477","53235.1564431033","13308.7891107758","12342.2810105721","7957.56086599257","4767.36566240567","4767.36566240567","5623.24902717708","20994.3291943746","15371.0801671975"
"657","4579","8011339010290000",{7A62452C-78F3-4823-95B2-D037FDEEA7AC},"6.11528607769382e-06",National Capital Region (NCR),"NCR, First District, City of Manila",City of Manila - Tondo I / II,Barangay 29,"130000000","133900000","133901000","133901029","1380601029",Bgy,,Highly Urbanized Cities (HUC),,U,"4652","4406","0.07290377",No,,"0.0246885958251503",,,ADMIN2,"1748789491000","657","2","2","18735.2975352472","48563.7164194357","29828.4188841886","67299.0139546829","33649.5069773415","33649.5069773415","14914.2094420943","18735.2975352472","18735.2975352472","18735.2975352472","48563.7164194357","29828.4188841886","657","2","2","13178.3420152229","54120.6727405884","40942.3307253656","67299.0147558113","33649.5073779057","33649.5073779057","20471.1653626828","13178.3420152229","13178.3420152229","13178.3420152229","54120.6727405884","40942.3307253656","657","2","2","18735.2975352472","48563.7164194357","29828.4188841886","67299.0139546829","33649.5069773415","33649.5069773415","14914.2094420943","18735.2975352472","18735.2975352472","18735.2975352472","48563.7164194357","29828.4188841886"
"658","4588","8011339020040000",{A681FA6A-6BFA-4871-BED0-97CAEA45B48F},"4.82545552361977e-06",National Capital Region (NCR),"NCR, First District, City of Manila",City of Manila - Binondo,Barangay 290,"130000000","133900000","133902000","133902004","1380602004",Bgy,,Highly Urbanized Cities (HUC),,U,"1413","1093","0.05752798",No,,"0.0100898894283021",,,ADMIN2,"1748789491000","658","2","2","21760.8279954541","35767.1447427795","14006.3167473254","57527.9727382336","28763.9863691168","28763.9863691168","7003.15837366268","21760.8279954541","21760.8279954541","21760.8279954541","35767.1447427795","14006.3167473254","658","2","2","9549.13453538132","47978.8381730651","38429.7036376838","57527.9727084464","28763.9863542232","28763.9863542232","19214.8518188419","9549.13453538132","9549.13453538132","9549.13453538132","47978.8381730651","38429.7036376838","658","2","2","21760.8279954541","35767.1447427795","14006.3167473254","57527.9727382336","28763.9863691168","28763.9863691168","7003.15837366268","21760.8279954541","21760.8279954541","21760.8279954541","35767.1447427795","14006.3167473254"
"659","4744","8011339050480000",{A6095967-6FB0-4054-9951-B6B521DA8221},"2.46945949625309e-06",National Capital Region (NCR),"NCR, First District, City of Manila",City of Manila - Santa Cruz,Barangay 346,"130000000","133900000","133905000","133905048","1380605048",Bgy,,Highly Urbanized Cities (HUC),,U,"1548","1511","0.02943782",No,,"0.00667462235685496",,,ADMIN2,"1748789491000","659","3","3","216.628078164824","25879.5010443957","25662.8729662308","29437.8177863691","9812.60592878968","3341.68866380856","11432.4199802695","216.628078164824","216.628078164824","1779.15837098669","14610.5948541021","12831.4364831154","659","3","3","2858.57303875901","19772.4909208516","16913.9178820926","29437.8174679578","9812.60582265259","6806.75350834717","7224.79598937364","2858.57303875901","2858.57303875901","4832.66327355309","13289.6222145994","8456.95894104629","659","3","3","216.628078164824","25879.5010443957","25662.8729662308","29437.8177863691","9812.60592878968","3341.68866380856","11432.4199802695","216.628078164824","216.628078164824","1779.15837098669","14610.5948541021","12831.4364831154"
"660","4593","8011339020090000",{222D3B6E-E931-4B96-AF3B-F1507CA538EB},"2.16995263097533e-06",National Capital Region (NCR),"NCR, First District, City of Manila",City of Manila - Binondo,Barangay 295,"130000000","133900000","133902000","133902009","1380602009",Bgy,,Highly Urbanized Cities (HUC),,U,"1154","1531","0.02586929",No,,"0.00684751998808374",,,ADMIN2,"1748789491000","660","2","2","1918.42735796996","23950.8667894015","22032.4394314315","25869.2941473714","12934.6470736857","12934.6470736857","11016.2197157158","1918.42735796996","1918.42735796996","1918.42735796996","23950.8667894015","22032.4394314315","660","3","3","59.7552156401798","15766.2756187764","15706.5204031362","25869.2938242159","8623.09794140529","10043.2629897993","6490.31829558681","59.7552156401798","59.7552156401798","5051.50910271975","12904.7693042878","7853.26020156809","660","2","2","1918.42735796996","23950.8667894015","22032.4394314315","25869.2941473714","12934.6470736857","12934.6470736857","11016.2197157158","1918.42735796996","1918.42735796996","1918.42735796996","23950.8667894015","22032.4394314315"
"661","4659","8011339010300000",{6EF51B3A-DF3D-448C-9185-7968DD039754},"9.88933469660323e-07",National Capital Region (NCR),"NCR, First District, City of Manila",City of Manila - Tondo I / II,Barangay 30,"130000000","133900000","133901000","133901030","1380601030",Bgy,,Highly Urbanized Cities (HUC),,U,"436","166","0.01178961",No,,"0.00471674927315276",,,ADMIN2,"1748789491000","661","2","2","2221.67405787056","9481.9553240177","7260.28126614714","11703.6293818883","5851.81469094413","5851.81469094413","3630.14063307357","2221.67405787056","2221.67405787056","2221.67405787056","9481.9553240177","7260.28126614714","661","2","2","1922.03439316405","9781.59493294704","7859.56053978299","11703.6293261111","5851.81466305555","5851.81466305555","3929.78026989149","1922.03439316405","1922.03439316405","1922.03439316405","9781.59493294704","7859.56053978299","661","2","2","2221.67405787056","9481.9553240177","7260.28126614714","11703.6293818883","5851.81469094413","5851.81469094413","3630.14063307357","2221.67405787056","2221.67405787056","2221.67405787056","9481.9553240177","7260.28126614714"
"662","4666","8011339050040000",{971804AD-2950-4F54-9FFD-C308BF80CB89},"1.08249144175608e-06",National Capital Region (NCR),"NCR, First District, City of Manila",City of Manila - Santa Cruz,Barangay 300,"130000000","133900000","133905000","133905004","1380605004",Bgy,,Highly Urbanized Cities (HUC),,U,"615","981","0.01290507",No,,"0.00427462680354379",,,ADMIN2,"1748789491000","662","4","4","499.812971079402","7241.72378958984","6741.91081851043","12905.0674153257","3226.26685383142","2581.76532732823","2805.00721955229","499.812971079402","499.812971079402","599.775573722029","5852.75813394082","5252.98256021879","662","4","4","540.020293247864","6523.24210477167","5983.22181152381","12905.0673538677","3226.26683846692","2920.90247792408","2495.33715259407","540.020293247864","540.020293247864","819.804423088633","5632.72925384521","4812.92483075658","662","4","4","499.812971079402","7241.72378958984","6741.91081851043","12905.0674153257","3226.26685383142","2581.76532732823","2805.00721955229","499.812971079402","499.812971079402","599.775573722029","5852.75813394082","5252.98256021879"
"663","4669","8011339050070000",{2CAC5264-950F-492F-8FE3-F53D766EFF02},"5.45142838044776e-06",National Capital Region (NCR),"NCR, First District, City of Manila",City of Manila - Santa Cruz,Barangay 303,"130000000","133900000","133905000","133905007","1380605007",Bgy,,Highly Urbanized Cities (HUC),,U,"393","641","0.06499061",No,,"0.0142417331948557",,,ADMIN2,"1748789491000","663","2","2","10162.9450480312","54827.6574788019","44664.7124307707","64990.6025268331","32495.3012634166","32495.3012634166","22332.3562153854","10162.9450480312","10162.9450480312","10162.9450480312","54827.6574788019","44664.7124307707","663","3","3","782.540977669094","56108.1700566277","55325.6290789586","64990.6025312805","21663.5341770935","8099.89149698367","24538.5494044357","782.540977669094","782.540977669094","4441.21623732638","32104.0307768057","27662.8145394793","663","2","2","10162.9450480312","54827.6574788019","44664.7124307707","64990.6025268331","32495.3012634166","32495.3012634166","22332.3562153854","10162.9450480312","10162.9450480312","10162.9450480312","54827.6574788019","44664.7124307707"
"664","4671","8011339050090000",{C2A427AB-B01F-44D3-89CD-9126A6F18EAF},"3.13712203170385e-06",National Capital Region (NCR),"NCR, First District, City of Manila",City of Manila - Santa Cruz,Barangay 305,"130000000","133900000","133905000","133905009","1380605009",Bgy,,Highly Urbanized Cities (HUC),,U,"533","645","0.03739949",No,,"0.0102554098547248",,,ADMIN2,"1748789491000","664","2","2","4794.82981477464","32604.6605713504","27809.8307565757","37399.490386125","18699.7451930625","18699.7451930625","13904.9153782879","4794.82981477464","4794.82981477464","4794.82981477464","32604.6605713504","27809.8307565757","664","3","3","222.718286076473","36676.9572496099","36454.2389635334","37399.4898454335","12466.4966151445","499.814309747162","17119.7546448799","222.718286076473","222.718286076473","361.266297911818","18588.3857796785","18227.1194817667","664","2","2","4794.82981477464","32604.6605713504","27809.8307565757","37399.490386125","18699.7451930625","18699.7451930625","13904.9153782879","4794.82981477464","4794.82981477464","4794.82981477464","32604.6605713504","27809.8307565757"
"665","4672","8011339030150000",{025AF73E-8D76-44A4-87C0-833BADAB0563},"8.49364254732085e-06",National Capital Region (NCR),"NCR, First District, City of Manila",City of Manila - Quiapo,Barangay 306,"130000000","133900000","133903000","133903015","1380603015",Bgy,,Highly Urbanized Cities (HUC),,U,"1310","1248","0.10126016",No,,"0.0120435252539821",,,ADMIN2,"1748789491000","665","4","4","4.22919145006745","68649.8220261405","68645.5928346905","101260.156883032","25315.0392207581","16303.0528327209","28307.9464795519","4.22919145006745","4.22919145006745","57.4456624862542","50572.63277903","50515.1871165437","665","4","4","59.3947725027174","82839.8620309827","82780.46725848","101260.155241191","25315.0388102978","9180.44921885295","33857.8338751646","59.3947725027174","59.3947725027174","782.461019176217","49847.6166014194","49065.1555822432","665","4","4","4.22919145006745","68649.8220261405","68645.5928346905","101260.156883032","25315.0392207581","16303.0528327209","28307.9464795519","4.22919145006745","4.22919145006745","57.4456624862542","50572.63277903","50515.1871165437"
"666","4688","8011339050160000",{91342E95-A3EB-4C9B-9F8D-4F3AB78510E0},"4.4285744190952e-06",National Capital Region (NCR),"NCR, First District, City of Manila",City of Manila - Santa Cruz,Barangay 314,"130000000","133900000","133905000","133905016","1380605016",Bgy,,Highly Urbanized Cities (HUC),,U,"2189","2064","0.05279493",No,,"0.00935277270311914",,,ADMIN2,"1748789491000","666","4","4","799.704636415117","30678.3075066583","29878.6028702432","52794.9238108368","13198.7309527092","10658.4558338817","12795.7134423339","799.704636415117","799.704636415117","949.64924734892","25447.8126580695","24498.1634107206","666","4","4","1089.29640882579","46800.3364071071","45711.0399982813","52794.9239099713","13198.7309774928","2452.64554701923","19411.8223197961","1089.29640882579","1089.29640882579","1494.29745123605","24903.1645037496","23408.8670525136","666","4","4","799.704636415117","30678.3075066583","29878.6028702432","52794.9238108368","13198.7309527092","10658.4558338817","12795.7134423339","799.704636415117","799.704636415117","949.64924734892","25447.8126580695","24498.1634107206"
"667","4689","8011339050170000",{3F01C187-926E-4D5F-96C3-B7E505B988C5},"5.70806975616804e-06",National Capital Region (NCR),"NCR, First District, City of Manila",City of Manila - Santa Cruz,Barangay 315,"130000000","133900000","133905000","133905017","1380605017",Bgy,,Highly Urbanized Cities (HUC),,U,"1716","1786","0.06804756",No,,"0.00973496453711453",,,ADMIN2,"1748789491000","667","2","2","399.85404232319","67647.7056202652","67247.851577942","68047.5596625884","34023.7798312942","34023.7798312942","33623.925788971","399.85404232319","399.85404232319","399.85404232319","67647.7056202652","67247.851577942","667","2","2","1799.3438146507","66248.2158479377","64448.872033287","68047.5596625884","34023.7798312942","34023.7798312942","32224.4360166435","1799.3438146507","1799.3438146507","1799.3438146507","66248.2158479377","64448.872033287","667","2","2","399.85404232319","67647.7056202652","67247.851577942","68047.5596625884","34023.7798312942","34023.7798312942","33623.925788971","399.85404232319","399.85404232319","399.85404232319","67647.7056202652","67247.851577942"
"668","4702","8011339050220000",{E3C3CF79-B724-413A-BD2F-45BE6E124B35},"2.03759469692043e-06",National Capital Region (NCR),"NCR, First District, City of Manila",City of Manila - Santa Cruz,Barangay 320,"130000000","133900000","133905000","133905022","1380605022",Bgy,,Highly Urbanized Cities (HUC),,U,"1126","1300","0.02429044",No,,"0.00586279374047106",,,ADMIN2,"1748789491000","668","1","1","24290.4462566357","24290.4462566357","0","24290.4462566357","24290.4462566357","24290.4462566357","0","24290.4462566357","24290.4462566357","24290.4462566357","24290.4462566357","0","668","2","2","999.633037014224","23290.8132196215","22291.1801826073","24290.4462566357","12145.2231283179","12145.2231283179","11145.5900913036","999.633037014224","999.633037014224","999.633037014224","23290.8132196215","22291.1801826073","668","1","1","24290.4462566357","24290.4462566357","0","24290.4462566357","24290.4462566357","24290.4462566357","0","24290.4462566357","24290.4462566357","24290.4462566357","24290.4462566357","0"
"669","4703","8011339050230000",{F49A34BC-0967-4760-B91B-087DC3D15777},"1.09053427452284e-06",National Capital Region (NCR),"NCR, First District, City of Manila",City of Manila - Santa Cruz,Barangay 321,"130000000","133900000","133905000","133905023","1380605023",Bgy,,Highly Urbanized Cities (HUC),,U,"499","240","0.01300048",No,,"0.00427747989921037",,,ADMIN2,"1748789491000","669","1","1","13000.4751469102","13000.4751469102","0","13000.4751469102","13000.4751469102","13000.4751469102","0","13000.4751469102","13000.4751469102","13000.4751469102","13000.4751469102","0","669","1","1","13000.4751469102","13000.4751469102","0","13000.4751469102","13000.4751469102","13000.4751469102","0","13000.4751469102","13000.4751469102","13000.4751469102","13000.4751469102","0","669","1","1","13000.4751469102","13000.4751469102","0","13000.4751469102","13000.4751469102","13000.4751469102","0","13000.4751469102","13000.4751469102","13000.4751469102","13000.4751469102","0"
"670","4704","8011339050240000",{DD18D732-57B7-41CB-B3D1-A8A4C6671134},"1.27429639187469e-06",National Capital Region (NCR),"NCR, First District, City of Manila",City of Manila - Santa Cruz,Barangay 322,"130000000","133900000","133905000","133905024","1380605024",Bgy,,Highly Urbanized Cities (HUC),,U,"767","799","0.01519114",No,,"0.00455425150592278",,,ADMIN2,"1748789491000","670","2","2","199.926591106632","14991.2175639896","14791.290972883","15191.1441550963","7595.57207754813","7595.57207754813","7395.6454864415","199.926591106632","199.926591106632","199.926591106632","14991.2175639896","14791.290972883","670","3","3","199.926592225645","14491.4010842068","14291.4744919811","15191.1441558758","5063.71471862526","499.816479443369","6667.50508770922","199.926592225645","199.926592225645","349.871535834507","7495.60878182507","7145.73724599056","670","2","2","199.926591106632","14991.2175639896","14791.290972883","15191.1441550963","7595.57207754813","7595.57207754813","7395.6454864415","199.926591106632","199.926591106632","199.926591106632","14991.2175639896","14791.290972883"
"671","4705","8011339050250000",{93371977-4C50-4688-935A-60A2E467514D},"1.99466522646534e-06",National Capital Region (NCR),"NCR, First District, City of Manila",City of Manila - Santa Cruz,Barangay 323,"130000000","133900000","133905000","133905025","1380605025",Bgy,,Highly Urbanized Cities (HUC),,U,"1270","1060","0.02377858",No,,"0.00591090431485107",,,ADMIN2,"1748789491000","671","2","2","99.9635325615818","23678.6150609496","23578.651528388","23778.5785935111","11889.2892967556","11889.2892967556","11789.325764194","99.9635325615818","99.9635325615818","99.9635325615818","23678.6150609496","23578.651528388","671","3","3","99.9635321903042","22878.9067826167","22778.9432504264","23778.5785940225","7926.19286467418","799.708279215556","10577.02386659","99.9635321903042","99.9635321903042","449.83590570293","11839.3075309161","11389.4716252132","671","2","2","99.9635325615818","23678.6150609496","23578.651528388","23778.5785935111","11889.2892967556","11889.2892967556","11789.325764194","99.9635325615818","99.9635325615818","99.9635325615818","23678.6150609496","23578.651528388"
"672","4707","8011339050270000",{B695A4FB-A6E3-4852-93FF-1EC0D70B277C},"8.26587491981894e-07",National Capital Region (NCR),"NCR, First District, City of Manila",City of Manila - Santa Cruz,Barangay 325,"130000000","133900000","133905000","133905027","1380605027",Bgy,,Highly Urbanized Cities (HUC),,U,"863","522","0.00985381",No,,"0.00365484200656863",,,ADMIN2,"1748789491000","672","2","2","99.9632315264898","9753.84914978064","9653.88591825415","9853.81238130713","4926.90619065356","4926.90619065356","4826.94295912707","99.9632315264898","99.9632315264898","99.9632315264898","9753.84914978064","9653.88591825415","672","3","3","99.9632322956168","9054.10653988252","8954.1433075869","9853.81238426807","3284.60412808936","699.742612089933","4086.99583115944","99.9632322956168","99.9632322956168","399.852922192775","4876.92457598622","4477.07165379345","672","2","2","99.9632315264898","9753.84914978064","9653.88591825415","9853.81238130713","4926.90619065356","4926.90619065356","4826.94295912707","99.9632315264898","99.9632315264898","99.9632315264898","9753.84914978064","9653.88591825415"
"673","4709","8011339050290000",{BDF372C4-E883-4DCD-ABF0-E72D1687A83A},"2.56032986587311e-06",National Capital Region (NCR),"NCR, First District, City of Manila",City of Manila - Santa Cruz,Barangay 327,"130000000","133900000","133905000","133905029","1380605029",Bgy,,Highly Urbanized Cities (HUC),,U,"1310","1239","0.03052194",No,,"0.00774295078626811",,,ADMIN2,"1748789491000","673","4","4","98.903828238399","26042.9410084216","25944.0371801832","30521.9473438984","7630.48683597459","2190.05125361919","10757.1033213952","98.903828238399","98.903828238399","149.414881954071","15111.5587899951","14962.143908041","673","3","3","2887.98973157295","22606.5876567415","19718.5979251685","30521.9463600406","10173.9821200135","5027.36897172616","8834.45890466071","2887.98973157295","2887.98973157295","3957.67935164956","13816.9783142338","9859.29896258426","673","4","4","98.903828238399","26042.9410084216","25944.0371801832","30521.9473438984","7630.48683597459","2190.05125361919","10757.1033213952","98.903828238399","98.903828238399","149.414881954071","15111.5587899951","14962.143908041"
"674","4720","8011339050320000",{F9D9B183-AFE5-40E5-9D96-828DD5DD2F00},"2.28894044034889e-06",National Capital Region (NCR),"NCR, First District, City of Manila",City of Manila - Santa Cruz,Barangay 330,"130000000","133900000","133905000","133905032","1380605032",Bgy,,Highly Urbanized Cities (HUC),,U,"2393","2244","0.02728724",No,,"0.00652658669685559",,,ADMIN2,"1748789491000","674","2","2","11699.4924754215","15587.7453938947","3888.25291847326","27287.2378693162","13643.6189346581","13643.6189346581","1944.12645923663","11699.4924754215","11699.4924754215","11699.4924754215","15587.7453938947","3888.25291847326","674","2","2","2347.39384265483","24939.8428713336","22592.4490286788","27287.2367139885","13643.6183569942","13643.6183569942","11296.2245143394","2347.39384265483","2347.39384265483","2347.39384265483","24939.8428713336","22592.4490286788","674","2","2","11699.4924754215","15587.7453938947","3888.25291847326","27287.2378693162","13643.6189346581","13643.6189346581","1944.12645923663","11699.4924754215","11699.4924754215","11699.4924754215","15587.7453938947","3888.25291847326"
"675","4804","8011339050800000",{246EFBBE-7C1C-4E5E-A613-18B6054C99CB},"1.27305123709527e-06",National Capital Region (NCR),"NCR, First District, City of Manila",City of Manila - Santa Cruz,Barangay 377,"130000000","133900000","133905000","133905080","1380605080",Bgy,,Highly Urbanized Cities (HUC),,U,"516","578","0.01517512",No,,"0.00573975559424758",,,ADMIN2,"1748789491000","675","3","3","1406.29863199839","11269.9096076658","9863.6109756674","15175.1347109716","5058.37823699052","2498.92647130738","4414.8084424635","1406.29863199839","1406.29863199839","1952.61255165288","6884.41803948658","4931.8054878337","675","3","3","1718.63860593109","6869.49894333177","5150.86033740068","15175.1349282154","5058.37830940514","6586.99737895255","2364.3671103405","1718.63860593109","1718.63860593109","4152.81799244182","6728.24816114216","2575.43016870034","675","3","3","1406.29863199839","11269.9096076658","9863.6109756674","15175.1347109716","5058.37823699052","2498.92647130738","4414.8084424635","1406.29863199839","1406.29863199839","1952.61255165288","6884.41803948658","4931.8054878337"
"676","4805","8011339050810000",{B9E8DADD-EA66-4ABF-BD23-5ED95F1BA04E},"2.06442627968474e-06",National Capital Region (NCR),"NCR, First District, City of Manila",City of Manila - Santa Cruz,Barangay 378,"130000000","133900000","133905000","133905081","1380605081",Bgy,,Highly Urbanized Cities (HUC),,U,"1136","602","0.02460844",No,,"0.00611306439234126",,,ADMIN2,"1748789491000","676","3","3","6481.92805641143","10956.7985597247","4474.87050331327","24608.4392492424","8202.81308308079","7169.71263310623","1967.5007683453","6481.92805641143","6481.92805641143","6825.82034475883","9063.25559641547","2237.43525165663","676","3","3","4889.16975431974","10072.9192510472","5183.74949672743","24608.4457844507","8202.81526148356","9646.35677908378","2349.56361848779","4889.16975431974","4889.16975431974","7267.76326670176","9859.63801506547","2591.87474836371","676","3","3","6481.92805641143","10956.7985597247","4474.87050331327","24608.4392492424","8202.81308308079","7169.71263310623","1967.5007683453","6481.92805641143","6481.92805641143","6825.82034475883","9063.25559641547","2237.43525165663"
"677","4808","8011339010380000",{44791B60-80A0-46F0-A384-34E6167B19F8},"1.1690922864542e-06",National Capital Region (NCR),"NCR, First District, City of Manila",City of Manila - Tondo I / II,Barangay 38,"130000000","133900000","133901000","133901038","1380601038",Bgy,,Highly Urbanized Cities (HUC),,U,"3001","2870","0.01393727",No,,"0.00502012396670388",,,ADMIN2,"1748789491000","677","2","2","964.697156878319","12972.5695032418","12007.8723463635","13937.2666601201","6968.63333006007","6968.63333006007","6003.93617318176","964.697156878319","964.697156878319","964.697156878319","12972.5695032418","12007.8723463635","677","2","2","175.15038163893","13762.1172728233","13586.9668911844","13937.2676544622","6968.63382723112","6968.63382723112","6793.48344559219","175.15038163893","175.15038163893","175.15038163893","13762.1172728233","13586.9668911844","677","2","2","964.697156878319","12972.5695032418","12007.8723463635","13937.2666601201","6968.63333006007","6968.63333006007","6003.93617318176","964.697156878319","964.697156878319","964.697156878319","12972.5695032418","12007.8723463635"
"678","4816","8011339050830000",{9773E988-091B-471F-BAEF-9CEE8570C0B6},"1.22015482053917e-06",National Capital Region (NCR),"NCR, First District, City of Manila",City of Manila - Santa Cruz,Barangay 380,"130000000","133900000","133905000","133905083","1380605083",Bgy,,Highly Urbanized Cities (HUC),,U,"897","921","0.01454468",No,,"0.00484151716873086",,,ADMIN2,"1748789491000","678","2","2","1354.86565767723","13189.8184965528","11834.9528388755","14544.68415423","7272.342077115","7272.342077115","5917.47641943776","1354.86565767723","1354.86565767723","1354.86565767723","13189.8184965528","11834.9528388755","678","2","2","5481.61071897312","9063.07343730915","3581.46271833604","14544.6841562823","7272.34207814114","7272.34207814114","1790.73135916802","5481.61071897312","5481.61071897312","5481.61071897312","9063.07343730915","3581.46271833604","678","2","2","1354.86565767723","13189.8184965528","11834.9528388755","14544.68415423","7272.342077115","7272.342077115","5917.47641943776","1354.86565767723","1354.86565767723","1354.86565767723","13189.8184965528","11834.9528388755"
"679","4820","8011339030040000",{7DBD85EC-4E4C-4AFD-846F-C354C5538FE8},"4.87028189690022e-06",National Capital Region (NCR),"NCR, First District, City of Manila",City of Manila - Quiapo,Barangay 384,"130000000","133900000","133903000","133903004","1380603004",Bgy,,Highly Urbanized Cities (HUC),,U,"3195","3511","0.05806332",No,,"0.0109800532361827",,,ADMIN2,"1748789491000","679","4","4","2388.41933612441","37052.9391809135","34664.5198447891","58063.3115066243","14515.8278766561","9310.97649479319","14160.6453796626","2388.41933612441","2388.41933612441","2441.63522145218","26590.02053186","24148.3853104078","679","4","4","1819.21577646546","40115.5880756417","38296.3722991762","58063.3133176237","14515.8283294059","8064.25473275827","15204.0564274497","1819.21577646546","1819.21577646546","3179.06489880583","25852.591760006","22673.5268612002","679","4","4","2388.41933612441","37052.9391809135","34664.5198447891","58063.3115066243","14515.8278766561","9310.97649479319","14160.6453796626","2388.41933612441","2388.41933612441","2441.63522145218","26590.02053186","24148.3853104078"
"680","4834","8011339030100000",{BCF157AA-228E-4A2A-8E9D-6BBD2EDBFC04},"5.49497334521139e-06",National Capital Region (NCR),"NCR, First District, City of Manila",City of Manila - Quiapo,Barangay 390,"130000000","133900000","133903000","133903010","1380603010",Bgy,,Highly Urbanized Cities (HUC),,U,"762","792","0.06550964",No,,"0.0122072986422916",,,ADMIN2,"1748789491000","680","3","3","1474.08700521881","62136.2480883474","60662.1610831286","65509.6503494803","21836.5501164934","1899.31525591409","28496.7184921736","1474.08700521881","1474.08700521881","1686.70113056645","32017.7816721308","30331.0805415643","680","3","3","1799.35119941356","59014.0833791214","57214.7321797078","65509.6509250459","21836.5503083486","4696.21634651095","26315.0740177744","1799.35119941356","1799.35119941356","3247.78377296226","31855.1498628162","28607.3660898539","680","3","3","1474.08700521881","62136.2480883474","60662.1610831286","65509.6503494803","21836.5501164934","1899.31525591409","28496.7184921736","1474.08700521881","1474.08700521881","1686.70113056645","32017.7816721308","30331.0805415643"
"681","4835","8011339030110000",{307EF1AD-AF00-40DE-867A-79F06DDC8291},"5.34884093482209e-06",National Capital Region (NCR),"NCR, First District, City of Manila",City of Manila - Quiapo,Barangay 391,"130000000","133900000","133903000","133903011","1380603011",Bgy,,Highly Urbanized Cities (HUC),,U,"2639","2558","0.06376722",No,,"0.0144979999591231",,,ADMIN2,"1748789491000","681","2","2","7603.00942141939","56164.2214650847","48561.2120436653","63767.2308865041","31883.615443252","31883.615443252","24280.6060218326","7603.00942141939","7603.00942141939","7603.00942141939","56164.2214650847","48561.2120436653","681","3","3","455.006010067707","59347.0450516196","58892.0390415519","63767.2307930612","21255.7435976871","3965.17973137393","26972.7117006455","455.006010067707","455.006010067707","2210.09287072082","31656.1123914967","29446.0195207759","681","2","2","7603.00942141939","56164.2214650847","48561.2120436653","63767.2308865041","31883.615443252","31883.615443252","24280.6060218326","7603.00942141939","7603.00942141939","7603.00942141939","56164.2214650847","48561.2120436653"
"682","4841","8011339060030000",{7CAE09DD-2485-469B-98D5-524C3FD8CB9A},"3.45545616736506e-06",National Capital Region (NCR),"NCR, First District, City of Manila",City of Manila - Sampaloc,Barangay 397,"130000000","133900000","133906000","133906003","1380606003",Bgy,,Highly Urbanized Cities (HUC),,U,"2111","4175","0.0411939",No,,"0.00753018472386334",,,ADMIN2,"1748789491000","682","3","3","199.928274746489","38293.9735231565","38094.04524841","41193.9010692517","13731.3003564172","2699.99927134875","17398.39597145","199.928274746489","199.928274746489","1449.96377304762","20496.9863972526","19047.022624205","682","3","3","99.9641207191453","39694.4381899556","39594.4740692365","41193.900214664","13731.3000715547","1399.49790398922","18366.3751228495","99.9641207191453","99.9641207191453","749.731012354183","20546.9680469724","19797.2370346182","682","3","3","199.928274746489","38293.9735231565","38094.04524841","41193.9010692517","13731.3003564172","2699.99927134875","17398.39597145","199.928274746489","199.928274746489","1449.96377304762","20496.9863972526","19047.022624205"
"683","4844","8011339010040000",{C1EAD8F7-5DDA-4049-9A47-11CBAD299838},"3.3702713314611e-06",National Capital Region (NCR),"NCR, First District, City of Manila",City of Manila - Tondo I / II,Barangay 4,"130000000","133900000","133901000","133901004","1380601004",Bgy,,Highly Urbanized Cities (HUC),,U,"1872","1691","0.04017817",No,,"0.01007672041345",,,ADMIN2,"1748789491000","683","3","3","2345.3129942879","22387.7455653081","20042.4325710202","40178.1688459529","13392.722948651","15445.110286357","8309.99382987955","2345.3129942879","2345.3129942879","8895.21164032244","18916.4279258325","10021.2162855101","683","3","3","3851.55684814988","22785.5277023843","18933.9708542344","40178.1672141479","13392.722404716","13541.0826636137","7730.47308393067","3851.55684814988","3851.55684814988","8696.3197558818","18163.305182999","9466.98542711721","683","3","3","2345.3129942879","22387.7455653081","20042.4325710202","40178.1688459529","13392.722948651","15445.110286357","8309.99382987955","2345.3129942879","2345.3129942879","8895.21164032244","18916.4279258325","10021.2162855101"
"684","4911","8011339060060000",{0A2B292F-F23D-43AF-B233-16F721609176},"1.79488502648321e-06",National Capital Region (NCR),"NCR, First District, City of Manila",City of Manila - Sampaloc,Barangay 400,"130000000","133900000","133906000","133906006","1380606006",Bgy,,Highly Urbanized Cities (HUC),,U,"1327","1504","0.02139781",No,,"0.00537658052282031",,,ADMIN2,"1748789491000","684","2","2","32.6459388647418","21365.1525102137","21332.5065713489","21397.7984490784","10698.8992245392","10698.8992245392","10666.2532856745","32.6459388647418","32.6459388647418","32.6459388647418","21365.1525102137","21332.5065713489","684","2","2","1126.24489136472","20271.553531255","19145.3086398903","21397.7984226197","10698.8992113099","10698.8992113099","9572.65431994513","1126.24489136472","1126.24489136472","1126.24489136472","20271.553531255","19145.3086398903","684","2","2","32.6459388647418","21365.1525102137","21332.5065713489","21397.7984490784","10698.8992245392","10698.8992245392","10666.2532856745","32.6459388647418","32.6459388647418","32.6459388647418","21365.1525102137","21332.5065713489"
"685","4912","8011339060070000",{93BA9E2F-34CD-4F74-82C9-F3B010D1A2AF},"3.09416491686384e-06",National Capital Region (NCR),"NCR, First District, City of Manila",City of Manila - Sampaloc,Barangay 401,"130000000","133900000","133906000","133906007","1380606007",Bgy,,Highly Urbanized Cities (HUC),,U,"2058","2333","0.03688718",No,,"0.00729852093850091",,,ADMIN2,"1748789491000","685","3","3","65.485339959152","36521.8021493965","36456.3168094374","36887.1804221194","12295.7268073731","299.89293276376","17130.6894507671","65.485339959152","65.485339959152","182.689136361456","18410.8475410801","18228.1584047187","685","3","3","199.928628096386","33388.4290874166","33188.5004593203","36887.1804491784","12295.7268163928","3298.82273366532","14968.352235966","199.928628096386","199.928628096386","1749.37568088085","18343.625910541","16594.2502296601","685","3","3","65.485339959152","36521.8021493965","36456.3168094374","36887.1804221194","12295.7268073731","299.89293276376","17130.6894507671","65.485339959152","65.485339959152","182.689136361456","18410.8475410801","18228.1584047187"
"686","4914","8011339060090000",{E3222360-DC4C-4629-8632-557CBA5473DF},"1.91571000199833e-06",National Capital Region (NCR),"NCR, First District, City of Manila",City of Manila - Sampaloc,Barangay 403,"130000000","133900000","133906000","133906009","1380606009",Bgy,,Highly Urbanized Cities (HUC),,U,"1406","630","0.02283841",No,,"0.0063117326489898",,,ADMIN2,"1748789491000","686","2","2","789.449644620661","22048.9178834245","21259.4682388038","22838.3675280451","11419.1837640226","11419.1837640226","10629.7341194019","789.449644620661","789.449644620661","789.449644620661","22048.9178834245","21259.4682388038","686","2","2","399.856571791257","22438.5108931738","22038.6543213826","22838.3674649651","11419.1837324825","11419.1837324825","11019.3271606913","399.856571791257","399.856571791257","399.856571791257","22438.5108931738","22038.6543213826","686","2","2","789.449644620661","22048.9178834245","21259.4682388038","22838.3675280451","11419.1837640226","11419.1837640226","10629.7341194019","789.449644620661","789.449644620661","789.449644620661","22048.9178834245","21259.4682388038"
"687","4933","8011339060220000",{2C982B9F-E166-4D1D-885D-6924DC86C856},"2.39097593958668e-06",National Capital Region (NCR),"NCR, First District, City of Manila",City of Manila - Sampaloc,Barangay 416,"130000000","133900000","133906000","133906022","1380606022",Bgy,,Highly Urbanized Cities (HUC),,U,"1078","821","0.02850444",No,,"0.00890411202341081",,,ADMIN2,"1748789491000","687","2","2","3096.45852418168","25407.9824989236","22311.5239747419","28504.4410231053","14252.2205115526","14252.2205115526","11155.761987371","3096.45852418168","3096.45852418168","3096.45852418168","25407.9824989236","22311.5239747419","687","3","3","1153.95483996756","23719.2420644156","22565.2872244481","28504.4411414807","9501.48038049357","3631.24423709749","10104.2169798847","1153.95483996756","1153.95483996756","2392.59953853252","13675.2431507566","11282.643612224","687","2","2","3096.45852418168","25407.9824989236","22311.5239747419","28504.4410231053","14252.2205115526","14252.2205115526","11155.761987371","3096.45852418168","3096.45852418168","3096.45852418168","25407.9824989236","22311.5239747419"
"688","4935","8011339060240000",{01234727-4A24-4734-AC5E-8CB4FBC49B28},"3.11710422291922e-06",National Capital Region (NCR),"NCR, First District, City of Manila",City of Manila - Sampaloc,Barangay 418,"130000000","133900000","133906000","133906024","1380606024",Bgy,,Highly Urbanized Cities (HUC),,U,"2977","2835","0.03716092",No,,"0.00751359273363806",,,ADMIN2,"1748789491000","688","2","2","45.2848863668332","37115.6386705854","37070.3537842186","37160.9235569523","18580.4617784761","18580.4617784761","18535.1768921093","45.2848863668332","45.2848863668332","45.2848863668332","37115.6386705854","37070.3537842186","688","2","2","176.343428697408","36984.5800546184","36808.236625921","37160.9234833159","18580.4617416579","18580.4617416579","18404.1183129605","176.343428697408","176.343428697408","176.343428697408","36984.5800546184","36808.236625921","688","2","2","45.2848863668332","37115.6386705854","37070.3537842186","37160.9235569523","18580.4617784761","18580.4617784761","18535.1768921093","45.2848863668332","45.2848863668332","45.2848863668332","37115.6386705854","37070.3537842186"
"689","4947","8011339060270000",{9F4CC911-4341-4453-82E6-EF484EA64757},"2.48830907032439e-06",National Capital Region (NCR),"NCR, First District, City of Manila",City of Manila - Sampaloc,Barangay 421,"130000000","133900000","133906000","133906027","1380606027",Bgy,,Highly Urbanized Cities (HUC),,U,"1351","1474","0.02966444",No,,"0.00677355762529822",,,ADMIN2,"1748789491000","689","2","2","3481.93857458315","26182.4973638493","22700.5587892662","29664.4359384325","14832.2179692162","14832.2179692162","11350.2793946331","3481.93857458315","3481.93857458315","3481.93857458315","26182.4973638493","22700.5587892662","689","3","3","820.42418821645","27060.1962946272","26239.7721064108","29664.4359923054","9888.14533076847","1783.8155094617","12148.8416852111","820.42418821645","820.42418821645","1302.11984883908","14422.0059020445","13119.8860532054","689","2","2","3481.93857458315","26182.4973638493","22700.5587892662","29664.4359384325","14832.2179692162","14832.2179692162","11350.2793946331","3481.93857458315","3481.93857458315","3481.93857458315","26182.4973638493","22700.5587892662"
"690","4950","8011339060300000",{42BF9582-E636-4CF5-8608-1E6E04C9FA35},"2.78021841826454e-06",National Capital Region (NCR),"NCR, First District, City of Manila",City of Manila - Sampaloc,Barangay 424,"130000000","133900000","133906000","133906030","1380606030",Bgy,,Highly Urbanized Cities (HUC),,U,"2274","1900","0.03314465",No,,"0.00824833985745126",,,ADMIN2,"1748789491000","690","4","4","954.40616837933","29159.6279532491","28205.2217848698","33144.6537746793","8286.16344366983","1515.30982652546","12056.4628582146","954.40616837933","954.40616837933","1045.09372921578","15527.2331581239","14482.1394289081","690","4","4","872.497427509887","28511.3045651993","27638.8071376894","33144.6490746332","8286.16226865831","1880.42354096203","11686.2614031909","872.497427509887","872.497427509887","1222.7408743884","15349.5836629282","14126.8427885398","690","4","4","954.40616837933","29159.6279532491","28205.2217848698","33144.6537746793","8286.16344366983","1515.30982652546","12056.4628582146","954.40616837933","954.40616837933","1045.09372921578","15527.2331581239","14482.1394289081"
"691","4963","8011339060360000",{4AC32B32-92B2-438F-A489-8A12E99A79AD},"1.04928262162718e-06",National Capital Region (NCR),"NCR, First District, City of Manila",City of Manila - Sampaloc,Barangay 430,"130000000","133900000","133906000","133906036","1380606036",Bgy,,Highly Urbanized Cities (HUC),,U,"595","508","0.01250894",No,,"0.00434072737301493",,,ADMIN2,"1748789491000","691","1","1","12508.9351481237","12508.9351481237","0","12508.9351481237","12508.9351481237","12508.9351481237","0","12508.9351481237","12508.9351481237","12508.9351481237","12508.9351481237","0","691","1","1","12508.9351481237","12508.9351481237","0","12508.9351481237","12508.9351481237","12508.9351481237","0","12508.9351481237","12508.9351481237","12508.9351481237","12508.9351481237","0","691","1","1","12508.9351481237","12508.9351481237","0","12508.9351481237","12508.9351481237","12508.9351481237","0","12508.9351481237","12508.9351481237","12508.9351481237","12508.9351481237","0"
"692","4969","8011339060420000",{10871E18-D71F-495C-92B2-D6852775B473},"1.74859947505065e-06",National Capital Region (NCR),"NCR, First District, City of Manila",City of Manila - Sampaloc,Barangay 436,"130000000","133900000","133906000","133906042","1380606042",Bgy,,Highly Urbanized Cities (HUC),,U,"1186","964","0.0208459",No,,"0.00653592926850379",,,ADMIN2,"1748789491000","692","2","2","1864.93310625503","18980.9727468525","17116.0396405975","20845.9058531076","10422.9529265538","10422.9529265538","8558.01982029875","1864.93310625503","1864.93310625503","1864.93310625503","18980.9727468525","17116.0396405975","692","1","1","20845.9059587792","20845.9059587792","0","20845.9059587792","20845.9059587792","20845.9059587792","0","20845.9059587792","20845.9059587792","20845.9059587792","20845.9059587792","0","692","2","2","1864.93310625503","18980.9727468525","17116.0396405975","20845.9058531076","10422.9529265538","10422.9529265538","8558.01982029875","1864.93310625503","1864.93310625503","1864.93310625503","18980.9727468525","17116.0396405975"
"693","4979","8011339060460000",{EF507343-8C16-49FE-BBBD-560EE59F0459},"1.0461904748566e-06",National Capital Region (NCR),"NCR, First District, City of Manila",City of Manila - Sampaloc,Barangay 440,"130000000","133900000","133906000","133906046","1380606046",Bgy,,Highly Urbanized Cities (HUC),,U,"1017","1004","0.01247196",No,,"0.00433249673636449",,,ADMIN2,"1748789491000","693","1","1","12471.9624554217","12471.9624554217","0","12471.9624554217","12471.9624554217","12471.9624554217","0","12471.9624554217","12471.9624554217","12471.9624554217","12471.9624554217","0","693","2","2","599.790752703993","11872.1717027177","11272.3809500137","12471.9624554217","6235.98122771084","6235.98122771084","5636.19047500685","599.790752703993","599.790752703993","599.790752703993","11872.1717027177","11272.3809500137","693","1","1","12471.9624554217","12471.9624554217","0","12471.9624554217","12471.9624554217","12471.9624554217","0","12471.9624554217","12471.9624554217","12471.9624554217","12471.9624554217","0"
"694","4995","8011339060560000",{A441D7F9-3CB3-4F04-BAEB-26BB70F8ED48},"2.83462397749159e-06",National Capital Region (NCR),"NCR, First District, City of Manila",City of Manila - Sampaloc,Barangay 450,"130000000","133900000","133906000","133906056","1380606056",Bgy,,Highly Urbanized Cities (HUC),,U,"2020","1835","0.03379196",No,,"0.00834649380638138",,,ADMIN2,"1748789491000","694","2","2","1274.61349062807","32517.4469751833","31242.8334845553","33792.0604658114","16896.0302329057","16896.0302329057","15621.4167422776","1274.61349062807","1274.61349062807","1274.61349062807","32517.4469751833","31242.8334845553","694","2","2","99.9648372007359","33692.0962087216","33592.1313715209","33792.0610459223","16896.0305229612","16896.0305229612","16796.0656857604","99.9648372007359","99.9648372007359","99.9648372007359","33692.0962087216","33592.1313715209","694","2","2","1274.61349062807","32517.4469751833","31242.8334845553","33792.0604658114","16896.0302329057","16896.0302329057","15621.4167422776","1274.61349062807","1274.61349062807","1274.61349062807","32517.4469751833","31242.8334845553"
"695","4996","8011339060570000",{8F7F11F2-55A5-46D2-8888-58202E202E88},"1.63937758338412e-06",National Capital Region (NCR),"NCR, First District, City of Manila",City of Manila - Sampaloc,Barangay 451,"130000000","133900000","133906000","133906057","1380606057",Bgy,,Highly Urbanized Cities (HUC),,U,"1598","1027","0.01954327",No,,"0.007541171164543",,,ADMIN2,"1748789491000","695","2","2","1064.24498670019","18479.0250032573","17414.7800165571","19543.2699899575","9771.63499497873","9771.63499497873","8707.39000827854","1064.24498670019","1064.24498670019","1064.24498670019","18479.0250032573","17414.7800165571","695","1","1","19543.2710060105","19543.2710060105","0","19543.2710060105","19543.2710060105","19543.2710060105","0","19543.2710060105","19543.2710060105","19543.2710060105","19543.2710060105","0","695","2","2","1064.24498670019","18479.0250032573","17414.7800165571","19543.2699899575","9771.63499497873","9771.63499497873","8707.39000827854","1064.24498670019","1064.24498670019","1064.24498670019","18479.0250032573","17414.7800165571"
"696","4997","8011339060580000",{76601D02-ED64-4E05-A042-EF108D26A7E5},"1.80320864747211e-06",National Capital Region (NCR),"NCR, First District, City of Manila",City of Manila - Sampaloc,Barangay 452,"130000000","133900000","133906000","133906058","1380606058",Bgy,,Highly Urbanized Cities (HUC),,U,"977","1039","0.02149635",No,,"0.00542973451206997",,,ADMIN2,"1748789491000","696","2","2","1729.8827569784","19766.466922975","18036.5841659966","21496.3496799534","10748.1748399767","10748.1748399767","9018.29208299831","1729.8827569784","1729.8827569784","1729.8827569784","19766.466922975","18036.5841659966","696","1","1","21496.3492188901","21496.3492188901","0","21496.3492188901","21496.3492188901","21496.3492188901","0","21496.3492188901","21496.3492188901","21496.3492188901","21496.3492188901","0","696","2","2","1729.8827569784","19766.466922975","18036.5841659966","21496.3496799534","10748.1748399767","10748.1748399767","9018.29208299831","1729.8827569784","1729.8827569784","1729.8827569784","19766.466922975","18036.5841659966"
"697","4998","8011339060590000",{A7AAB31E-9F15-45F0-9F1F-2CB19AF843BE},"1.67819907354647e-06",National Capital Region (NCR),"NCR, First District, City of Manila",City of Manila - Sampaloc,Barangay 453,"130000000","133900000","133906000","133906059","1380606059",Bgy,,Highly Urbanized Cities (HUC),,U,"1464","1492","0.02000619",No,,"0.00522990909764179",,,ADMIN2,"1748789491000","697","2","2","11.7846785429283","19994.4025097155","19982.6178311725","20006.1871882584","10003.0935941292","10003.0935941292","9991.30891558627","11.7846785429283","11.7846785429283","11.7846785429283","19994.4025097155","19982.6178311725","697","1","1","20006.1868933029","20006.1868933029","0","20006.1868933029","20006.1868933029","20006.1868933029","0","20006.1868933029","20006.1868933029","20006.1868933029","20006.1868933029","0","697","2","2","11.7846785429283","19994.4025097155","19982.6178311725","20006.1871882584","10003.0935941292","10003.0935941292","9991.30891558627","11.7846785429283","11.7846785429283","11.7846785429283","19994.4025097155","19982.6178311725"
"698","5066","8011339061010000",{FB3249EE-B436-4131-850F-3E7BD8870E2A},"3.14595307578615e-06",National Capital Region (NCR),"NCR, First District, City of Manila",City of Manila - Sampaloc,Barangay 495,"130000000","133900000","133906000","133906101","1380606101",Bgy,,Highly Urbanized Cities (HUC),,U,"1908","1906","0.03750139",No,,"0.00733680731439996",,,ADMIN2,"1748789491000","698","2","2","3999.94786032218","33501.4369340267","29501.4890737045","37501.3847943489","18750.6923971744","18750.6923971744","14750.7445368522","3999.94786032218","3999.94786032218","3999.94786032218","33501.4369340267","29501.4890737045","698","3","3","807.307302143745","23618.2994674348","22810.9921652911","37501.3847382773","12500.4615794258","13075.7779686987","9321.42988323383","807.307302143745","807.307302143745","6941.54263542124","18347.0387180668","11405.4960826455","698","2","2","3999.94786032218","33501.4369340267","29501.4890737045","37501.3847943489","18750.6923971744","18750.6923971744","14750.7445368522","3999.94786032218","3999.94786032218","3999.94786032218","33501.4369340267","29501.4890737045"
"699","5127","8011339010500000",{9E139BF4-523C-41DF-9B03-2FBA9EAF7688},"2.96699021090592e-06",National Capital Region (NCR),"NCR, First District, City of Manila",City of Manila - Tondo I / II,Barangay 50,"130000000","133900000","133901000","133901050","1380601050",Bgy,,Highly Urbanized Cities (HUC),,U,"3869","4217","0.03536958",No,,"0.00702127427523056",,,ADMIN2,"1748789491000","699","2","2","99.9620434995741","35269.6256985222","35169.6636550226","35369.5877420218","17684.7938710109","17684.7938710109","17584.8318275113","99.9620434995741","99.9620434995741","99.9620434995741","35269.6256985222","35169.6636550226","699","2","2","8041.50645524701","27328.0816208019","19286.5751655549","35369.5880760489","17684.7940380244","17684.7940380244","9643.28758277743","8041.50645524701","8041.50645524701","8041.50645524701","27328.0816208019","19286.5751655549","699","2","2","99.9620434995741","35269.6256985222","35169.6636550226","35369.5877420218","17684.7938710109","17684.7938710109","17584.8318275113","99.9620434995741","99.9620434995741","99.9620434995741","35269.6256985222","35169.6636550226"
"700","5133","8011339061060000",{DA4DBF24-A304-472D-A326-AC2490F4B44F},"3.36066463394212e-06",National Capital Region (NCR),"NCR, First District, City of Manila",City of Manila - Sampaloc,Barangay 500,"130000000","133900000","133906000","133906106","1380606106",Bgy,,Highly Urbanized Cities (HUC),,U,"2717","2562","0.04006132",No,,"0.00751622208442994",,,ADMIN2,"1748789491000","700","2","2","250.910158153602","39810.4106011652","39559.5004430116","40061.3207593188","20030.6603796594","20030.6603796594","19779.7502215058","250.910158153602","250.910158153602","250.910158153602","39810.4106011652","39559.5004430116","700","3","3","120.957350167169","36815.0104416752","36694.0530915081","40061.3204044617","13353.7734681539","3125.3526126193","16634.8795801483","120.957350167169","120.957350167169","1623.15498139324","19970.1815271473","18347.026545754","700","2","2","250.910158153602","39810.4106011652","39559.5004430116","40061.3207593188","20030.6603796594","20030.6603796594","19779.7502215058","250.910158153602","250.910158153602","250.910158153602","39810.4106011652","39559.5004430116"
"701","5140","8011339061130000",{AA4F5FF0-52CE-4DE0-B2A5-DD510DD1A63C},"2.06342328858493e-06",National Capital Region (NCR),"NCR, First District, City of Manila",City of Manila - Sampaloc,Barangay 507,"130000000","133900000","133906000","133906113","1380606113",Bgy,,Highly Urbanized Cities (HUC),,U,"1448","1532","0.02459785",No,,"0.00574466610036729",,,ADMIN2,"1748789491000","701","1","1","24597.8523631655","24597.8523631655","0","24597.8523631655","24597.8523631655","24597.8523631655","0","24597.8523631655","24597.8523631655","24597.8523631655","24597.8523631655","0","701","2","2","400.937344921826","24196.9157715518","23795.97842663","24597.8531164736","12298.9265582368","12298.9265582368","11897.989213315","400.937344921826","400.937344921826","400.937344921826","24196.9157715518","23795.97842663","701","1","1","24597.8523631655","24597.8523631655","0","24597.8523631655","24597.8523631655","24597.8523631655","0","24597.8523631655","24597.8523631655","24597.8523631655","24597.8523631655","0"
"702","5141","8011339061140000",{FF091D83-6E3E-48A2-B8EC-BD95DD8E68CE},"1.5814468596685e-06",National Capital Region (NCR),"NCR, First District, City of Manila",City of Manila - Sampaloc,Barangay 508,"130000000","133900000","133906000","133906114","1380606114",Bgy,,Highly Urbanized Cities (HUC),,U,"1217","1006","0.01885211",No,,"0.00508952653094959",,,ADMIN2,"1748789491000","702","2","2","99.9645291220222","18752.1475312386","18652.1830021166","18852.1120603606","9426.05603018031","9426.05603018031","9326.09150105828","99.9645291220222","99.9645291220222","99.9645291220222","18752.1475312386","18652.1830021166","702","3","3","99.9645275220391","17461.4617560161","17361.497228494","18852.1130725945","6284.03769086482","1290.68678905633","7918.56727045978","99.9645275220391","99.9645275220391","695.325658289185","9376.07427253621","8680.74861424702","702","2","2","99.9645291220222","18752.1475312386","18652.1830021166","18852.1120603606","9426.05603018031","9426.05603018031","9326.09150105828","99.9645291220222","99.9645291220222","99.9645291220222","18752.1475312386","18652.1830021166"
"703","5144","8011339010510000",{3DFE781C-F487-4FA3-B9DB-31674331A31C},"3.37395689482143e-06",National Capital Region (NCR),"NCR, First District, City of Manila",City of Manila - Tondo I / II,Barangay 51,"130000000","133900000","133901000","133901051","1380601051",Bgy,,Highly Urbanized Cities (HUC),,U,"3019","2580","0.04022146",No,,"0.00867747102647879",,,ADMIN2,"1748789491000","703","3","3","2816.72530150793","34575.8145322533","31759.0892307454","40221.4627973965","13407.1542657988","2828.92296363522","14968.5040513555","2816.72530150793","2816.72530150793","2822.82413257157","18702.3687479443","15879.5446153727","703","4","4","199.923902367882","32359.640984351","32159.7170819831","40221.4608458004","10055.3652114501","3830.94797954075","13165.1072133417","199.923902367882","199.923902367882","388.206284030815","19722.5241388694","19334.3178548386","703","3","3","2816.72530150793","34575.8145322533","31759.0892307454","40221.4627973965","13407.1542657988","2828.92296363522","14968.5040513555","2816.72530150793","2816.72530150793","2822.82413257157","18702.3687479443","15879.5446153727"
"704","5154","8011339061210000",{9EF62B40-830F-4A32-93E7-B0E5A8BCA48A},"3.59961668741518e-06",National Capital Region (NCR),"NCR, First District, City of Manila",City of Manila - Sampaloc,Barangay 515,"130000000","133900000","133906000","133906121","1380606121",Bgy,,Highly Urbanized Cities (HUC),,U,"2489","2166","0.04291001",No,,"0.00857962847475649",,,ADMIN2,"1748789491000","704","3","3","9332.93613417207","21906.9365867753","12574.0004526032","42909.9902554863","14303.3300851621","11670.117534539","5460.56945126212","9332.93613417207","9332.93613417207","10501.5268343555","16788.5270606571","6287.0002263016","704","3","3","6316.63561545584","27502.2971680435","21185.6615525877","42910.0054725314","14303.3351575105","9091.07268903205","9401.5539100523","6316.63561545584","6316.63561545584","7703.85415224394","18296.6849285378","10592.8307762938","704","3","3","9332.93613417207","21906.9365867753","12574.0004526032","42909.9902554863","14303.3300851621","11670.117534539","5460.56945126212","9332.93613417207","9332.93613417207","10501.5268343555","16788.5270606571","6287.0002263016"
"705","5160","8011339010520000",{62DC1B13-BF10-4347-B66B-DB9D197233D5},"2.21291955116113e-06",National Capital Region (NCR),"NCR, First District, City of Manila",City of Manila - Tondo I / II,Barangay 52,"130000000","133900000","133901000","133901052","1380601052",Bgy,,Highly Urbanized Cities (HUC),,U,"2876","2732","0.02638018",No,,"0.00841401942517763",,,ADMIN2,"1748789491000","705","3","3","299.885709731345","21572.2720575567","21272.3863478253","26380.1773109546","8793.39243698485","4508.01954366652","9197.89544257733","299.885709731345","299.885709731345","2403.95262669893","13040.1458006116","10636.1931739127","705","3","3","1896.07126661409","20855.9616667653","18959.8904001512","26380.1774879151","8793.39249597172","3628.14455453575","8558.78498849059","1896.07126661409","1896.07126661409","2762.10791057492","12242.0531106505","9479.94520007561","705","3","3","299.885709731345","21572.2720575567","21272.3863478253","26380.1773109546","8793.39243698485","4508.01954366652","9197.89544257733","299.885709731345","299.885709731345","2403.95262669893","13040.1458006116","10636.1931739127"
"706","5164","8011339061260000",{4652D659-FD26-43D8-B6A9-64C45255F533},"3.13388626369842e-06",National Capital Region (NCR),"NCR, First District, City of Manila",City of Manila - Sampaloc,Barangay 520,"130000000","133900000","133906000","133906126","1380606126",Bgy,,Highly Urbanized Cities (HUC),,U,"614","631","0.03735843",No,,"0.00723019380218396",,,ADMIN2,"1748789491000","706","3","3","3593.41325752412","20923.1497804409","17329.7365229167","37358.4288119439","12452.8096039813","12841.865773979","7080.18198993917","3593.41325752412","3593.41325752412","8217.63951575154","16882.5077772099","8664.86826145837","706","3","3","7722.3838914091","15447.8490517983","7725.46516038919","37358.4280907952","12452.8093635984","14188.1951475878","3384.21589643757","7722.3838914091","7722.3838914091","10955.2895194984","14818.022099693","3862.7325801946","706","3","3","3593.41325752412","20923.1497804409","17329.7365229167","37358.4288119439","12452.8096039813","12841.865773979","7080.18198993917","3593.41325752412","3593.41325752412","8217.63951575154","16882.5077772099","8664.86826145837"
"707","5169","8011339061310000",{65ECDB6D-A392-4166-80C4-27758C3083FB},"2.2151033204675e-06",National Capital Region (NCR),"NCR, First District, City of Manila",City of Manila - Sampaloc,Barangay 525,"130000000","133900000","133906000","133906131","1380606131",Bgy,,Highly Urbanized Cities (HUC),,U,"1783","1784","0.0264063",No,,"0.00683675406361208",,,ADMIN2,"1748789491000","707","3","3","285.319915490967","23199.3476793379","22914.0277638469","26406.2754991443","8802.0918330481","2921.60790431545","10237.1296601358","285.319915490967","285.319915490967","1603.46390990321","13060.4777918267","11457.0138819235","707","3","3","823.859701334921","23199.3360654883","22375.4763641534","26406.2669032931","8802.08896776438","2383.07113646988","10200.272155505","823.859701334921","823.859701334921","1603.4654189024","12791.2036009791","11187.7381820767","707","3","3","285.319915490967","23199.3476793379","22914.0277638469","26406.2754991443","8802.0918330481","2921.60790431545","10237.1296601358","285.319915490967","285.319915490967","1603.46390990321","13060.4777918267","11457.0138819235"
"708","5192","8011339010540000",{5032738B-6B6A-4AB3-8AFC-76BAC8968106},"2.26915063795183e-06",National Capital Region (NCR),"NCR, First District, City of Manila",City of Manila - Tondo I / II,Barangay 54,"130000000","133900000","133901000","133901054","1380601054",Bgy,,Highly Urbanized Cities (HUC),,U,"1791","1648","0.02705023",No,,"0.00602495147166766",,,ADMIN2,"1748789491000","708","1","1","27050.2211841093","27050.2211841093","0","27050.2211841093","27050.2211841093","27050.2211841093","0","27050.2211841093","27050.2211841093","27050.2211841093","27050.2211841093","0","708","2","2","2245.50913216203","24804.7120819021","22559.2029497401","27050.2212140642","13525.1106070321","13525.1106070321","11279.6014748701","2245.50913216203","2245.50913216203","2245.50913216203","24804.7120819021","22559.2029497401","708","1","1","27050.2211841093","27050.2211841093","0","27050.2211841093","27050.2211841093","27050.2211841093","0","27050.2211841093","27050.2211841093","27050.2211841093","27050.2211841093","0"
"709","5198","8011339061460000",{266986A9-54ED-4382-9019-C90215430B36},"1.86038309839734e-06",National Capital Region (NCR),"NCR, First District, City of Manila",City of Manila - Sampaloc,Barangay 540,"130000000","133900000","133906000","133906146","1380606146",Bgy,,Highly Urbanized Cities (HUC),,U,"1906","1951","0.02217776",No,,"0.00606464521828057",,,ADMIN2,"1748789491000","709","2","2","5716.18469458836","16461.5723642977","10745.3876697094","22177.7570588861","11088.878529443","11088.878529443","5372.69383485468","5716.18469458836","5716.18469458836","5716.18469458836","16461.5723642977","10745.3876697094","709","2","2","4968.63615184815","17209.1159951207","12240.4798432725","22177.7521469688","11088.8760734844","11088.8760734844","6120.23992163626","4968.63615184815","4968.63615184815","4968.63615184815","17209.1159951207","12240.4798432725","709","2","2","5716.18469458836","16461.5723642977","10745.3876697094","22177.7570588861","11088.878529443","11088.878529443","5372.69383485468","5716.18469458836","5716.18469458836","5716.18469458836","16461.5723642977","10745.3876697094"
"710","5205","8011339061530000",{8006903E-E3FB-443C-A024-BBC348F91D9A},"2.34156797023157e-06",National Capital Region (NCR),"NCR, First District, City of Manila",City of Manila - Sampaloc,Barangay 547,"130000000","133900000","133906000","133906153","1380606153",Bgy,,Highly Urbanized Cities (HUC),,U,"1321","1059","0.02791415",No,,"0.00841761859815352",,,ADMIN2,"1748789491000","710","1","1","27914.1542025956","27914.1542025956","0","27914.1542025956","27914.1542025956","27914.1542025956","0","27914.1542025956","27914.1542025956","27914.1542025956","27914.1542025956","0","710","1","1","27914.1542025956","27914.1542025956","0","27914.1542025956","27914.1542025956","27914.1542025956","0","27914.1542025956","27914.1542025956","27914.1542025956","27914.1542025956","0","710","1","1","27914.1542025956","27914.1542025956","0","27914.1542025956","27914.1542025956","27914.1542025956","0","27914.1542025956","27914.1542025956","27914.1542025956","27914.1542025956","0"
"711","5212","8011339061560000",{E5C581E8-99EF-477F-9F97-777E28C943CF},"1.01697874769695e-06",National Capital Region (NCR),"NCR, First District, City of Manila",City of Manila - Sampaloc,Barangay 550,"130000000","133900000","133906000","133906156","1380606156",Bgy,,Highly Urbanized Cities (HUC),,U,"660","992","0.01212371",No,,"0.00431988706553009",,,ADMIN2,"1748789491000","711","3","3","1770.45567364775","8522.60398293791","6752.14830929017","12123.6966994238","4041.23223314125","1830.63704283809","3168.90359790324","1770.45567364775","1770.45567364775","1800.54635824292","5176.620512888","3376.07415464508","711","2","2","4794.03899360978","7329.65947675379","2535.62048314401","12123.6984703636","6061.84923518179","6061.84923518179","1267.81024157201","4794.03899360978","4794.03899360978","4794.03899360978","7329.65947675379","2535.62048314401","711","3","3","1770.45567364775","8522.60398293791","6752.14830929017","12123.6966994238","4041.23223314125","1830.63704283809","3168.90359790324","1770.45567364775","1770.45567364775","1800.54635824292","5176.620512888","3376.07415464508"
"712","5223","8011339010560000",{9DB6F4F8-4C7F-4D69-BD68-004115FBC0B2},"4.44468490178243e-06",National Capital Region (NCR),"NCR, First District, City of Manila",City of Manila - Tondo I / II,Barangay 56,"130000000","133900000","133901000","133901056","1380601056",Bgy,,Highly Urbanized Cities (HUC),,U,"3324","3457","0.05298594",No,,"0.00855253598364788",,,ADMIN2,"1748789491000","712","3","3","52.5974817015667","52195.9085945559","52143.3111128543","52985.9328364244","17661.9776121415","737.426760166896","24420.777214069","52.5974817015667","52.5974817015667","395.012120934231","26466.6676773614","26071.6555564272","712","4","4","23.2827267649118","43252.9047726249","43229.62204586","52985.9317670509","13246.4829417627","4854.87213383051","17761.713049446","23.2827267649118","23.2827267649118","45.4096671600528","26447.5562163654","26402.1465492053","712","3","3","52.5974817015667","52195.9085945559","52143.3111128543","52985.9328364244","17661.9776121415","737.426760166896","24420.777214069","52.5974817015667","52.5974817015667","395.012120934231","26466.6676773614","26071.6555564272"
"713","5228","8011339061660000",{5C50D58F-BAF6-4A57-AB1E-46D6701672D7},"1.2730220976968e-06",National Capital Region (NCR),"NCR, First District, City of Manila",City of Manila - Sampaloc,Barangay 560,"130000000","133900000","133906000","133906166","1380606166",Bgy,,Highly Urbanized Cities (HUC),,U,"1183","1103","0.01517597",No,,"0.0046636762651069",,,ADMIN2,"1748789491000","713","3","3","90.7067883790151","11638.5317458282","11547.8249574492","15175.9726552718","5058.65755175728","3446.73412106459","4850.20880456252","90.7067883790151","90.7067883790151","1768.7204547218","7542.63293344641","5773.9124787246","713","2","2","2989.52997195871","12186.4475185352","9196.9175465765","15175.9774904939","7587.98874524696","7587.98874524696","4598.45877328825","2989.52997195871","2989.52997195871","2989.52997195871","12186.4475185352","9196.9175465765","713","3","3","90.7067883790151","11638.5317458282","11547.8249574492","15175.9726552718","5058.65755175728","3446.73412106459","4850.20880456252","90.7067883790151","90.7067883790151","1768.7204547218","7542.63293344641","5773.9124787246"
"714","5239","8011339010570000",{9EFAF64A-D07B-4B2E-851B-7C9957F09DD7},"2.30853224726884e-06",National Capital Region (NCR),"NCR, First District, City of Manila",City of Manila - Tondo I / II,Barangay 57,"130000000","133900000","133901000","133901057","1380601057",Bgy,,Highly Urbanized Cities (HUC),,U,"1115","882","0.02752042",No,,"0.00643511104145313",,,ADMIN2,"1748789491000","714","2","2","7894.2087145689","19626.2095089703","11732.0007944014","27520.4182235392","13760.2091117696","13760.2091117696","5866.0003972007","7894.2087145689","7894.2087145689","7894.2087145689","19626.2095089703","11732.0007944014","714","3","3","4598.2326727004","13384.0066799966","8785.77400729624","27520.4182216882","9173.47274056273","9538.17886899117","3596.03616471484","4598.2326727004","4598.2326727004","7068.20577084579","11461.0927744939","4392.88700364812","714","2","2","7894.2087145689","19626.2095089703","11732.0007944014","27520.4182235392","13760.2091117696","13760.2091117696","5866.0003972007","7894.2087145689","7894.2087145689","7894.2087145689","19626.2095089703","11732.0007944014"
"715","5243","8011339061760000",{39AF99DC-0B36-47E2-9201-0515AA3A8B4F},"3.24212702409684e-06",National Capital Region (NCR),"NCR, First District, City of Manila",City of Manila - Sampaloc,Barangay 570,"130000000","133900000","133906000","133906176","1380606176",Bgy,,Highly Urbanized Cities (HUC),,U,"2033","2002","0.0386511",No,,"0.012014116596727",,,ADMIN2,"1748789491000","715","3","3","1259.8333663822","34947.8555704673","33688.0222040851","38651.1084875159","12883.702829172","2443.41955066639","15609.1927232494","1259.8333663822","1259.8333663822","1851.6264585243","18695.6375605668","16844.0111020425","715","3","3","222.244104164507","35507.2953085851","35285.0512044205","38651.1028295356","12883.7009431785","2921.56341678602","16035.2080891958","222.244104164507","222.244104164507","1571.90376047526","19214.4293626855","17642.5256022103","715","3","3","1259.8333663822","34947.8555704673","33688.0222040851","38651.1084875159","12883.702829172","2443.41955066639","15609.1927232494","1259.8333663822","1259.8333663822","1851.6264585243","18695.6375605668","16844.0111020425"
"716","5246","8011339061790000",{6EE0225C-9DD4-4791-B300-A005FE56F063},"1.31767442622247e-06",National Capital Region (NCR),"NCR, First District, City of Manila",City of Manila - Sampaloc,Barangay 573,"130000000","133900000","133906000","133906179","1380606179",Bgy,,Highly Urbanized Cities (HUC),,U,"950","947","0.01570848",No,,"0.00487997147614151",,,ADMIN2,"1748789491000","716","1","1","15708.4875686271","15708.4875686271","0","15708.4875686271","15708.4875686271","15708.4875686271","0","15708.4875686271","15708.4875686271","15708.4875686271","15708.4875686271","0","716","1","1","15708.4875686271","15708.4875686271","0","15708.4875686271","15708.4875686271","15708.4875686271","0","15708.4875686271","15708.4875686271","15708.4875686271","15708.4875686271","0","716","1","1","15708.4875686271","15708.4875686271","0","15708.4875686271","15708.4875686271","15708.4875686271","0","15708.4875686271","15708.4875686271","15708.4875686271","15708.4875686271","0"
"717","5335","8011339010600000",{A8629145-D684-4F98-8CF6-60C92C147041},"1.14185700393159e-06",National Capital Region (NCR),"NCR, First District, City of Manila",City of Manila - Tondo I / II,Barangay 60,"130000000","133900000","133901000","133901060","1380601060",Bgy,,Highly Urbanized Cities (HUC),,U,"2141","4503","0.01361211",No,,"0.00440403603053805",,,ADMIN2,"1748789491000","717","2","2","59.0368619624169","13553.0702003273","13494.0333383649","13612.1070622897","6806.05353114486","6806.05353114486","6747.01666918245","59.0368619624169","59.0368619624169","59.0368619624169","13553.0702003273","13494.0333383649","717","2","2","611.029399908482","13001.0776039787","12390.0482040702","13612.1070038872","6806.05350194359","6806.05350194359","6195.02410203511","611.029399908482","611.029399908482","611.029399908482","13001.0776039787","12390.0482040702","717","2","2","59.0368619624169","13553.0702003273","13494.0333383649","13612.1070622897","6806.05353114486","6806.05353114486","6747.01666918245","59.0368619624169","59.0368619624169","59.0368619624169","13553.0702003273","13494.0333383649"
"718","5351","8011339010610000",{1286E945-1A86-404E-8B5C-C720327A6486},"3.65894171543071e-06",National Capital Region (NCR),"NCR, First District, City of Manila",City of Manila - Tondo I / II,Barangay 61,"130000000","133900000","133901000","133901061","1380601061",Bgy,,Highly Urbanized Cities (HUC),,U,"3521","1022","0.04361798",No,,"0.00973758005351702",,,ADMIN2,"1748789491000","718","4","4","24.8230898135189","42294.1081819573","42269.2850921438","43617.9818460272","10904.4954615068","649.525287128201","18127.4878910877","24.8230898135189","24.8230898135189","108.213286763015","21700.7776362506","21592.5643494876","718","4","4","3.20395655891843","37523.3335262007","37520.1295696418","43617.9831255484","10904.4957813871","3045.72282139436","15509.5201387572","3.20395655891843","3.20395655891843","338.106121441973","21470.8854413322","21132.7793198902","718","4","4","24.8230898135189","42294.1081819573","42269.2850921438","43617.9818460272","10904.4954615068","649.525287128201","18127.4878910877","24.8230898135189","24.8230898135189","108.213286763015","21700.7776362506","21592.5643494876"
"719","5356","8011339062170000",{E46FE970-D1A3-428E-9BC6-74786D025D87},"2.45112207182431e-06",National Capital Region (NCR),"NCR, First District, City of Manila",City of Manila - Sampaloc,Barangay 610,"130000000","133900000","133906000","133906217","1380606217",Bgy,,Highly Urbanized Cities (HUC),,U,"1190","968","0.02922252",No,,"0.00956308677982884",,,ADMIN2,"1748789491000","719","2","2","8269.65348361711","20952.8533652854","12683.1998816683","29222.5068489026","14611.2534244513","14611.2534244513","6341.59994083417","8269.65348361711","8269.65348361711","8269.65348361711","20952.8533652854","12683.1998816683","719","2","2","1916.16136927179","27306.3463312494","25390.1849619776","29222.5077005212","14611.2538502606","14611.2538502606","12695.0924809888","1916.16136927179","1916.16136927179","1916.16136927179","27306.3463312494","25390.1849619776","719","2","2","8269.65348361711","20952.8533652854","12683.1998816683","29222.5068489026","14611.2534244513","14611.2534244513","6341.59994083417","8269.65348361711","8269.65348361711","8269.65348361711","20952.8533652854","12683.1998816683"
"720","5357","8011339062180000",{DE83F47A-31FB-49D0-805A-065106B7630E},"2.66424055821439e-06",National Capital Region (NCR),"NCR, First District, City of Manila",City of Manila - Sampaloc,Barangay 611,"130000000","133900000","133906000","133906218","1380606218",Bgy,,Highly Urbanized Cities (HUC),,U,"937","808","0.03176304",No,,"0.00675760905171167",,,ADMIN2,"1748789491000","720","4","4","146.616352002311","19723.2357230122","19576.6193710099","31762.9885540945","7940.74713852362","5946.56823953998","8078.44045823483","146.616352002311","146.616352002311","460.190595878133","15421.3036811691","14961.113085291","720","4","4","610.316862460219","26367.5631867366","25757.2463242763","31762.9937291188","7940.74843227971","2392.55683996103","10714.2679827125","610.316862460219","610.316862460219","765.352214731562","15116.1446498278","14350.7924350963","720","4","4","146.616352002311","19723.2357230122","19576.6193710099","31762.9885540945","7940.74713852362","5946.56823953998","8078.44045823483","146.616352002311","146.616352002311","460.190595878133","15421.3036811691","14961.113085291"
"721","5363","8011339062240000",{A2BB14AF-6324-4AF4-AADF-1FBF4F19A866},"2.62159115326677e-06",National Capital Region (NCR),"NCR, First District, City of Manila",City of Manila - Sampaloc,Barangay 617,"130000000","133900000","133906000","133906224","1380606224",Bgy,,Highly Urbanized Cities (HUC),,U,"740","921","0.03125496",No,,"0.00660963537196635",,,ADMIN2,"1748789491000","721","2","2","3519.94898935011","27735.0086441597","24215.0596548095","31254.9576335098","15627.4788167549","15627.4788167549","12107.5298274048","3519.94898935011","3519.94898935011","3519.94898935011","27735.0086441597","24215.0596548095","721","2","2","1981.88888755013","29273.0694646799","27291.1805771298","31254.95835223","15627.479176115","15627.479176115","13645.5902885649","1981.88888755013","1981.88888755013","1981.88888755013","29273.0694646799","27291.1805771298","721","2","2","3519.94898935011","27735.0086441597","24215.0596548095","31254.9576335098","15627.4788167549","15627.4788167549","12107.5298274048","3519.94898935011","3519.94898935011","3519.94898935011","27735.0086441597","24215.0596548095"
"722","5365","8011339062260000",{B60819A5-FBB8-4EFF-BB41-10C0D577ED64},"1.68564469204407e-05",National Capital Region (NCR),"NCR, First District, City of Manila",City of Manila - Sampaloc,Barangay 619,"130000000","133900000","133906000","133906226","1380606226",Bgy,,Highly Urbanized Cities (HUC),,U,"1527","1283","0.2009653",No,,"0.021662455271053",,,ADMIN2,"1748789491000","722","3","3","68.8737801787395","156301.704695056","156232.830914878","200965.376257007","66988.4587523357","44594.7977817721","65717.9904474038","68.8737801787395","68.8737801787395","22331.8357809754","100448.251238414","78116.4154574388","722","4","4","68.87484660828","106154.56749197","106085.692645362","200965.376166929","50241.3440417324","47370.9669141757","49933.3980842804","68.87484660828","68.87484660828","499.957418070868","99982.7306653939","99482.773247323","722","3","3","68.8737801787395","156301.704695056","156232.830914878","200965.376257007","66988.4587523357","44594.7977817721","65717.9904474038","68.8737801787395","68.8737801787395","22331.8357809754","100448.251238414","78116.4154574388"
"723","5383","8011339062350000",{6305C36D-091F-4BC4-8AB5-1275C8BDB1AA},"1.54256486047803e-05",National Capital Region (NCR),"NCR, First District, City of Manila",City of Manila - Sampaloc,Barangay 628,"130000000","133900000","133906000","133906235","1380606235",Bgy,,Highly Urbanized Cities (HUC),,U,"11922","15202","0.18390167",No,,"0.022279111177238",,,ADMIN2,"1748789491000","723","4","4","4342.87453025939","121035.969038967","116693.094508708","183901.668282593","45975.4170706484","29261.4123566836","44906.3865900715","4342.87453025939","4342.87453025939","12614.9119746935","79335.9221666033","66721.0101919098","723","4","4","26389.9870295369","66070.2480585337","39680.2610289968","183901.673789396","45975.418447349","45720.7193506627","15746.9817532202","26389.9870295369","26389.9870295369","31001.2868425816","60949.5500521164","29948.2632095348","723","4","4","4342.87453025939","121035.969038967","116693.094508708","183901.668282593","45975.4170706484","29261.4123566836","44906.3865900715","4342.87453025939","4342.87453025939","12614.9119746935","79335.9221666033","66721.0101919098"
"724","5386","8011339010630000",{2BFD1BBF-BB81-4942-A3EC-9C73397E8E6A},"1.56498781845191e-06",National Capital Region (NCR),"NCR, First District, City of Manila",City of Manila - Tondo I / II,Barangay 63,"130000000","133900000","133901000","133901063","1380601063",Bgy,,Highly Urbanized Cities (HUC),,U,"1661","1448","0.01865639",No,,"0.00500445375987487",,,ADMIN2,"1748789491000","724","2","2","399.845880267094","18256.5353225923","17856.6894423252","18656.3812028594","9328.1906014297","9328.1906014297","8928.3447211626","399.845880267094","399.845880267094","399.845880267094","18256.5353225923","17856.6894423252","724","3","3","99.9614809963095","13904.5290598195","13804.5675788232","18656.38129948","6218.79376649334","4651.89075866424","5743.5709151788","99.9614809963095","99.9614809963095","2375.92611983027","9278.20990924185","6902.28378941158","724","2","2","399.845880267094","18256.5353225923","17856.6894423252","18656.3812028594","9328.1906014297","9328.1906014297","8928.3447211626","399.845880267094","399.845880267094","399.845880267094","18256.5353225923","17856.6894423252"
"725","5389","8011339062370000",{9279ABA7-9739-487E-AC6A-BA62947E832E},"2.139674377125e-05",National Capital Region (NCR),"NCR, First District, City of Manila",City of Manila - Sampaloc,Barangay 630,"130000000","133900000","133906000","133906237","1380606237",Bgy,,Highly Urbanized Cities (HUC),,U,"2138","4660","0.25508952",No,,"0.0197651048701293",,,ADMIN2,"1748789491000","725","4","4","28621.122026276","129980.393469809","101359.271443533","255089.455988406","63772.3639971014","48243.9702461601","39604.9155068154","28621.122026276","28621.122026276","33784.6659004425","93760.0620937603","59975.3961933178","725","4","4","45865.0301057602","95703.4093927049","49838.3792869447","255089.469694345","63772.3674235862","56760.5150979399","19084.2301449398","45865.0301057602","45865.0301057602","49803.0108748403","77741.7239723321","27938.7130974918","725","4","4","28621.122026276","129980.393469809","101359.271443533","255089.455988406","63772.3639971014","48243.9702461601","39604.9155068154","28621.122026276","28621.122026276","33784.6659004425","93760.0620937603","59975.3961933178"
"726","5393","8011339062410000",{7DA1EE14-1AD5-49FE-B19B-27AADBC191F4},"4.96937856109673e-06",National Capital Region (NCR),"NCR, First District, City of Manila",City of Manila - Sampaloc,Barangay 634,"130000000","133900000","133906000","133906241","1380606241",Bgy,,Highly Urbanized Cities (HUC),,U,"1707","1319","0.05924356",No,,"0.00965645441981112",,,ADMIN2,"1748789491000","726","4","4","545.075251122398","49138.3283591201","48593.2531079977","59243.5573289264","14810.8893322316","4780.07685934196","20112.5686315285","545.075251122398","545.075251122398","572.69721431542","29049.0814501478","28476.3842358324","726","4","4","278.490962195274","55363.8518972889","55085.3609350936","59243.5603113879","14810.890077847","1800.60872595187","23424.9501441573","278.490962195274","278.490962195274","755.609064954478","28866.1710907395","28110.562025785","726","4","4","545.075251122398","49138.3283591201","48593.2531079977","59243.5573289264","14810.8893322316","4780.07685934196","20112.5686315285","545.075251122398","545.075251122398","572.69721431542","29049.0814501478","28476.3842358324"
"727","5395","8011339062430000",{8317C5BC-15FF-4E79-A685-5120D985D34D},"7.13998235026658e-06",National Capital Region (NCR),"NCR, First District, City of Manila",City of Manila - Sampaloc,Barangay 636,"130000000","133900000","133906000","133906243","1380606243",Bgy,,Highly Urbanized Cities (HUC),,U,"2562","2135","0.08512212",No,,"0.0114090207443543",,,ADMIN2,"1748789491000","727","4","4","369.37172668349","51261.6639292403","50892.2922025568","85122.1621875451","21280.5405468863","16745.5632658107","21298.8260843052","369.37172668349","369.37172668349","1164.20035898618","41396.8807347864","40232.6803758002","727","4","4","2328.40215482413","46245.544779449","43917.1426246248","85122.164865817","21280.5412164543","18274.108965772","17246.7229420085","2328.40215482413","2328.40215482413","5437.02950050686","37124.0529324017","31687.0234318948","727","4","4","369.37172668349","51261.6639292403","50892.2922025568","85122.1621875451","21280.5405468863","16745.5632658107","21298.8260843052","369.37172668349","369.37172668349","1164.20035898618","41396.8807347864","40232.6803758002"
"728","5412","8011339130010000",{E1716DF4-A913-4A9F-8A69-7F35C941807E},"9.24424446602124e-05",National Capital Region (NCR),"NCR, First District, City of Manila",City of Manila - Port Area,Barangay 649,"130000000","133900000","133913000","133913001","1380613001",Bgy,,Highly Urbanized Cities (HUC),,U,"59847","64750","1.10212004",No,,"0.111256897140072",,,ADMIN2,"1748789491000","728","4","4","4549.1649232724","833646.741908109","829097.576984837","1084443.04164028","271110.760410071","123123.567404451","337623.28874564","4549.1649232724","4549.1649232724","8320.93232121957","533900.588498922","525579.656177702","728","4","4","2902.1173995793","892132.285958315","889230.168558736","1084442.96563523","271110.741408808","94704.2811386692","365621.544268024","2902.1173995793","2902.1173995793","5683.66875498119","536537.814062635","530854.145307654","728","4","4","4549.1649232724","833646.741908109","829097.576984837","1084443.04164028","271110.760410071","123123.567404451","337623.28874564","4549.1649232724","4549.1649232724","8320.93232121957","533900.588498922","525579.656177702"
"729","5414","8011339010650000",{795431DF-0F84-494F-954A-E0D8CF03CC8E},"1.62603611837199e-06",National Capital Region (NCR),"NCR, First District, City of Manila",City of Manila - Tondo I / II,Barangay 65,"130000000","133900000","133901000","133901065","1380601065",Bgy,,Highly Urbanized Cities (HUC),,U,"1758","1631","0.01938404",No,,"0.00514765858390642",,,ADMIN2,"1748789491000","729","2","2","299.884789239673","19084.1541340956","18784.2693448559","19384.0389233353","9692.01946166763","9692.01946166763","9392.13467242796","299.884789239673","299.884789239673","299.884789239673","19084.1541340956","18784.2693448559","729","2","2","6973.14269613288","12410.896194759","5437.75349862609","19384.0388908919","9692.01944544593","9692.01944544593","2718.87674931305","6973.14269613288","6973.14269613288","6973.14269613288","12410.896194759","5437.75349862609","729","2","2","299.884789239673","19084.1541340956","18784.2693448559","19384.0389233353","9692.01946166763","9692.01946166763","9392.13467242796","299.884789239673","299.884789239673","299.884789239673","19084.1541340956","18784.2693448559"
"730","5417","8011339130020000",{3166DAA8-79AC-4713-98CD-8288E7F154C3},"8.87811300527296e-06",National Capital Region (NCR),"NCR, First District, City of Manila",City of Manila - Port Area,Barangay 650,"130000000","133900000","133913000","133913002","1380613002",Bgy,,Highly Urbanized Cities (HUC),,U,"3857","5202","0.10584765",No,,"0.0145205469482634",,,ADMIN2,"1748789491000","730","3","3","13035.9922568549","51499.6965345946","38463.7042777397","105847.68668522","35282.5622284066","41311.9978937703","16271.2365341098","13035.9922568549","13035.9922568549","27173.9950753126","46405.8472141824","19231.8521388699","730","3","3","11032.3918748284","56668.3124033275","45635.9205284991","105847.688897086","35282.5629656952","38146.9846189297","18740.5619655426","11032.3918748284","11032.3918748284","24589.688246879","47407.6485111286","22817.9602642496","730","3","3","13035.9922568549","51499.6965345946","38463.7042777397","105847.68668522","35282.5622284066","41311.9978937703","16271.2365341098","13035.9922568549","13035.9922568549","27173.9950753126","46405.8472141824","19231.8521388699"
"731","5423","8011339090030000",{88DE95A6-8EAF-4841-A2E4-D6E727D29A0D},"2.69245291997057e-05",National Capital Region (NCR),"NCR, First District, City of Manila",City of Manila - Intramuros,Barangay 656,"130000000","133900000","133909000","133909003","1380609003",Bgy,,Highly Urbanized Cities (HUC),,U,"369","364","0.32099576",No,,"0.0287648696253483",,,ADMIN2,"1748789491000","731","4","4","39808.9559051787","133315.727924516","93506.7720193374","320995.767015023","80248.9417537558","73935.5415926641","34962.6890800625","39808.9559051787","39808.9559051787","50179.3026700071","110318.580837504","60139.2781674973","731","4","4","41462.607109847","158252.454250964","116789.847141117","320995.726672463","80248.9316681158","60640.3326558261","46321.3588290395","41462.607109847","41462.607109847","45751.1123883753","114746.750947856","68995.6385594811","731","4","4","39808.9559051787","133315.727924516","93506.7720193374","320995.767015023","80248.9417537558","73935.5415926641","34962.6890800625","39808.9559051787","39808.9559051787","50179.3026700071","110318.580837504","60139.2781674973"
"732","5424","8011339090040000",{EE16049D-DD4A-418E-96C2-A37EF1D928B6},"2.73800421166884e-05",National Capital Region (NCR),"NCR, First District, City of Manila",City of Manila - Intramuros,Barangay 657,"130000000","133900000","133909000","133909004","1380609004",Bgy,,Highly Urbanized Cities (HUC),,U,"677","982","0.32643725",No,,"0.0224823758531682",,,ADMIN2,"1748789491000","732","4","4","32580.0741906992","143929.235256115","111349.161065416","326437.183341018","81609.2958352544","74963.9369471016","41214.4968322675","32580.0741906992","32580.0741906992","46538.593661711","116679.998008798","70141.4043470869","732","4","4","21131.0449960746","132192.002907617","111060.957911543","326437.186085381","81609.2965213451","86557.0690908443","45908.0209676336","21131.0449960746","21131.0449960746","37393.3900473083","125825.202995382","88431.8129480737","732","4","4","32580.0741906992","143929.235256115","111349.161065416","326437.183341018","81609.2958352544","74963.9369471016","41214.4968322675","32580.0741906992","32580.0741906992","46538.593661711","116679.998008798","70141.4043470869"
"733","5433","8011339080030000",{5877B217-6F09-4D0B-B55B-41F19D16A505},"4.72089916413676e-06",National Capital Region (NCR),"NCR, First District, City of Manila",City of Manila - Ermita,Barangay 660,"130000000","133900000","133908000","133908003","1380608003",Bgy,,Highly Urbanized Cities (HUC),,U,"490","332","0.05628451",No,,"0.011404583903637",,,ADMIN2,"1748789491000","733","2","2","6998.30689951489","49286.2963862157","42287.9894867009","56284.6032857306","28142.3016428653","28142.3016428653","21143.9947433504","6998.30689951489","6998.30689951489","6998.30689951489","49286.2963862157","42287.9894867009","733","3","3","934.069793517887","54051.0137512577","53116.9439577399","56284.6072464903","18761.5357488301","1299.52370171467","24953.8752154533","934.069793517887","934.069793517887","1116.79674761628","27675.2687264862","26558.4719788699","733","2","2","6998.30689951489","49286.2963862157","42287.9894867009","56284.6032857306","28142.3016428653","28142.3016428653","21143.9947433504","6998.30689951489","6998.30689951489","6998.30689951489","49286.2963862157","42287.9894867009"
"734","5435","8011339080050000",{D4BF89A4-1616-42B2-9F72-9613189944FD},"1.02508522020163e-05",National Capital Region (NCR),"NCR, First District, City of Manila",City of Manila - Ermita,Barangay 661,"130000000","133900000","133908000","133908005","1380608005",Bgy,,Highly Urbanized Cities (HUC),,U,"331","441","0.12221436",No,,"0.0167689406611789",,,ADMIN2,"1748789491000","734","3","3","770.487803686949","78015.0228968068","77244.5350931198","122214.337989171","40738.112663057","43428.8272886773","31592.2934625461","770.487803686949","770.487803686949","22099.6575461821","60721.9250927421","38622.2675465599","734","4","4","395.048120117077","80331.7514753333","79936.7033552163","122214.340992187","30553.5852480468","20743.7706983684","31621.695708677","395.048120117077","395.048120117077","3324.94220728108","57782.2282888125","54457.2860815315","734","3","3","770.487803686949","78015.0228968068","77244.5350931198","122214.337989171","40738.112663057","43428.8272886773","31592.2934625461","770.487803686949","770.487803686949","22099.6575461821","60721.9250927421","38622.2675465599"
"735","5446","8011339010670000",{226025B3-3FC4-49C6-9E74-E2A459FBD2D2},"1.68331891232716e-06",National Capital Region (NCR),"NCR, First District, City of Manila",City of Manila - Tondo I / II,Barangay 67,"130000000","133900000","133901000","133901067","1380601067",Bgy,,Highly Urbanized Cities (HUC),,U,"3983","4083","0.02006682",No,,"0.0074028875176963",,,ADMIN2,"1748789491000","735","3","3","643.717113641398","11230.4459568041","10586.7288431627","20066.8145013996","6688.93816713322","8192.65143095415","4450.88546130666","643.717113641398","643.717113641398","4418.18427229777","9711.54869387913","5293.36442158135","735","3","3","1574.37253286376","12608.1325773267","11033.760044463","20066.8173208987","6688.93910696624","5884.31221070826","4540.30347820738","1574.37253286376","1574.37253286376","3729.34237178601","9246.22239401749","5516.88002223148","735","3","3","643.717113641398","11230.4459568041","10586.7288431627","20066.8145013996","6688.93816713322","8192.65143095415","4450.88546130666","643.717113641398","643.717113641398","4418.18427229777","9711.54869387913","5293.36442158135"
"736","5455","8011339110100000",{CE469644-4A15-43B4-8A64-FE12D4768370},"1.23741227519181e-05",National Capital Region (NCR),"NCR, First District, City of Manila",City of Manila - Paco,Barangay 676,"130000000","133900000","133911000","133911010","1380611010",Bgy,,Highly Urbanized Cities (HUC),,U,"1570","1431","0.14753439",No,,"0.0173096209954644",,,ADMIN2,"1748789491000","736","3","3","6197.75970586759","117373.327098487","111175.56739262","147534.442815928","49178.1476053093","23963.3560115729","48763.6543790858","6197.75970586759","6197.75970586759","15080.5578587202","70668.3415550301","55587.7836963099","736","3","3","23791.3912047703","76740.2548631284","52948.8636583581","147534.443945719","49178.1479819065","47002.7978778207","21670.9429380197","23791.3912047703","23791.3912047703","35397.0945412955","61871.5263704745","26474.431829179","736","3","3","6197.75970586759","117373.327098487","111175.56739262","147534.442815928","49178.1476053093","23963.3560115729","48763.6543790858","6197.75970586759","6197.75970586759","15080.5578587202","70668.3415550301","55587.7836963099"
"737","5467","8011339110180000",{29E45CB2-5545-44D7-8D33-7B46D5B3C66A},"2.50270161811247e-06",National Capital Region (NCR),"NCR, First District, City of Manila",City of Manila - Paco,Barangay 684,"130000000","133900000","133911000","133911018","1380611018",Bgy,,Highly Urbanized Cities (HUC),,U,"2747","2730","0.02983952",No,,"0.00684579705234251",,,ADMIN2,"1748789491000","737","3","3","578.994851789805","24032.3778283931","23453.3829766033","29839.5126168303","9946.5042056101","5228.13993664741","10139.4448990982","578.994851789805","578.994851789805","2903.56739421861","14630.2588825202","11726.6914883016","737","4","4","578.995702436074","27208.6999660579","26629.7042636219","29839.5132389369","7459.87830973421","1025.90878522142","11406.113618434","578.995702436074","578.995702436074","628.067054850109","14291.6895646183","13663.6225097682","737","3","3","578.994851789805","24032.3778283931","23453.3829766033","29839.5126168303","9946.5042056101","5228.13993664741","10139.4448990982","578.994851789805","578.994851789805","2903.56739421861","14630.2588825202","11726.6914883016"
"738","4766","8011339050610000",{2F53E600-D71F-4011-AED1-B881EE8DAE8B},"1.61153637121884e-06",National Capital Region (NCR),"NCR, First District, City of Manila",City of Manila - Santa Cruz,Barangay 359,"130000000","133900000","133905000","133905061","1380605061",Bgy,,Highly Urbanized Cities (HUC),,U,"363","410","0.01921041",No,,"0.00518666815180532",,,ADMIN2,"1748789491000","738","3","3","699.740019115969","17143.934152171","16444.194133055","19210.413082261","6403.47102742033","1366.73891097403","7599.53432700677","699.740019115969","699.740019115969","1033.239465045","9255.33653157251","8222.09706652751","738","4","4","99.9628516543307","16226.0081329121","16126.0452812577","19210.4131832199","4802.60329580497","1442.22109932674","6667.14308174878","99.9628516543307","99.9628516543307","199.925925004427","9405.28066660551","9205.35474160108","738","3","3","699.740019115969","17143.934152171","16444.194133055","19210.413082261","6403.47102742033","1366.73891097403","7599.53432700677","699.740019115969","699.740019115969","1033.239465045","9255.33653157251","8222.09706652751"
"739","5480","8011339100080000",{5409DCE6-ED6A-4448-82FD-02C02FA72E00},"2.33506295953156e-06",National Capital Region (NCR),"NCR, First District, City of Manila",City of Manila - Malate,Barangay 693,"130000000","133900000","133910000","133910008","1380610008",Bgy,,Highly Urbanized Cities (HUC),,U,"606","511","0.02784129",No,,"0.00613525455467099",,,ADMIN2,"1748789491000","739","3","3","5188.99861000737","15372.595341808","10183.5967318006","27242.3030413893","9080.7676804631","6680.70908957392","4490.48041444424","5188.99861000737","5188.99861000737","5934.85384979065","11026.652215691","5091.79836590032","739","3","3","2885.39968703038","14763.3453658106","11877.9456787802","27242.3095122149","9080.76983740495","9593.56445937385","4862.68904552846","2885.39968703038","2885.39968703038","6239.48207320212","12178.4549125922","5938.97283939012","739","3","3","5188.99861000737","15372.595341808","10183.5967318006","27242.3030413893","9080.7676804631","6680.70908957392","4490.48041444424","5188.99861000737","5188.99861000737","5934.85384979065","11026.652215691","5091.79836590032"
"740","5482","8011339100100000",{A6422D78-3B4A-4EE5-9939-E2FBABA814B7},"3.9951894543914e-06",National Capital Region (NCR),"NCR, First District, City of Manila",City of Manila - Malate,Barangay 695,"130000000","133900000","133910000","133910010","1380610010",Bgy,,Highly Urbanized Cities (HUC),,U,"756","654","0.04763462",No,,"0.00817611808737742",,,ADMIN2,"1748789491000","740","3","3","2798.99768053275","39039.4950818462","36240.4974013135","47634.6162285415","15878.2054095138","5796.12346616251","16423.1482001877","2798.99768053275","2798.99768053275","4297.56057334763","22417.8092740044","18120.2487006567","740","3","3","8297.02858264948","22236.8737694264","13939.8451867769","47634.6151682462","15878.2050560821","17100.7128161703","5756.19752240625","8297.02858264948","8297.02858264948","12698.8706994099","19668.7932927984","6969.92259338845","740","3","3","2798.99768053275","39039.4950818462","36240.4974013135","47634.6162285415","15878.2054095138","5796.12346616251","16423.1482001877","2798.99768053275","2798.99768053275","4297.56057334763","22417.8092740044","18120.2487006567"
"741","5527","8011339010700000",{A05D2933-861C-4309-AE25-FB04C7F6029A},"1.06762074463175e-06",National Capital Region (NCR),"NCR, First District, City of Manila",City of Manila - Tondo I / II,Barangay 70,"130000000","133900000","133901000","133901070","1380601070",Bgy,,Highly Urbanized Cities (HUC),,U,"2124","2344","0.01272724",No,,"0.00422680306321694",,,ADMIN2,"1748789491000","741","2","2","2783.49907593777","9943.7424486395","7160.24337270173","12727.2415245773","6363.62076228864","6363.62076228864","3580.12168635087","2783.49907593777","2783.49907593777","2783.49907593777","9943.7424486395","7160.24337270173","741","2","2","99.9611340217816","12627.2804155988","12527.319281577","12727.2415496206","6363.6207748103","6363.6207748103","6263.65964078852","99.9611340217816","99.9611340217816","99.9611340217816","12627.2804155988","12527.319281577","741","2","2","2783.49907593777","9943.7424486395","7160.24337270173","12727.2415245773","6363.62076228864","6363.62076228864","3580.12168635087","2783.49907593777","2783.49907593777","2783.49907593777","9943.7424486395","7160.24337270173"
"742","5534","8011339100190000",{E370FF79-A819-4B75-A7D0-ABB40C84ED58},"3.00598370810406e-06",National Capital Region (NCR),"NCR, First District, City of Manila",City of Manila - Malate,Barangay 704,"130000000","133900000","133910000","133910019","1380610019",Bgy,,Highly Urbanized Cities (HUC),,U,"5848","5299","0.03584166",No,,"0.00811202103975349",,,ADMIN2,"1748789491000","742","3","3","3071.06830471972","18557.4092416264","15486.3409369067","35841.6529386422","11947.2176462141","14213.1753922961","6522.14751360315","3071.06830471972","3071.06830471972","8642.12184850792","16385.2923169612","7743.17046845333","742","3","3","6747.61573353602","17877.6200203337","11130.0042867977","35841.6523505207","11947.2174501736","11216.416596651","4573.09532458895","6747.61573353602","6747.61573353602","8982.01616509349","14547.0183084923","5565.00214339886","742","3","3","3071.06830471972","18557.4092416264","15486.3409369067","35841.6529386422","11947.2176462141","14213.1753922961","6522.14751360315","3071.06830471972","3071.06830471972","8642.12184850792","16385.2923169612","7743.17046845333"
"743","5545","8011339100260000",{2A3F9100-6B58-4F9D-9341-0493F2D479B9},"7.34490633801399e-07",National Capital Region (NCR),"NCR, First District, City of Manila",City of Manila - Malate,Barangay 711,"130000000","133900000","133910000","133910026","1380610026",Bgy,,Highly Urbanized Cities (HUC),,U,"1254","1294","0.0087577",No,,"0.00388935177545365",,,ADMIN2,"1748789491000","743","3","3","582.128188812625","5150.50080796506","4568.37261915243","8757.70140810062","2919.23380270021","3025.07241132294","1866.53126684443","582.128188812625","582.128188812625","1803.60030006778","4087.786609644","2284.18630957622","743","3","3","1142.36839332949","4320.13104928509","3177.7626559556","8757.69669081405","2919.23223027135","3295.19724819947","1324.27493253875","1142.36839332949","1142.36839332949","2218.78282076448","3807.66414874228","1588.8813279778","743","3","3","582.128188812625","5150.50080796506","4568.37261915243","8757.70140810062","2919.23380270021","3025.07241132294","1866.53126684443","582.128188812625","582.128188812625","1803.60030006778","4087.786609644","2284.18630957622"
"744","5546","8011339100270000",{29086F49-55BB-4DD4-8955-16D51C1B80AE},"1.10081663202434e-06",National Capital Region (NCR),"NCR, First District, City of Manila",City of Manila - Malate,Barangay 712,"130000000","133900000","133910000","133910027","1380610027",Bgy,,Highly Urbanized Cities (HUC),,U,"1634","1068","0.01312553",No,,"0.00450408752617162",,,ADMIN2,"1748789491000","744","2","2","6168.23391116447","6957.30054834344","789.066637178969","13125.5344595079","6562.76722975395","6562.76722975395","394.533318589485","6168.23391116447","6168.23391116447","6168.23391116447","6957.30054834344","789.066637178969","744","3","3","1116.34649933361","10890.2081077122","9773.86160837863","13125.5379359463","4375.17931198211","1118.98332890047","4606.8211668577","1116.34649933361","1116.34649933361","1117.66491411704","6004.59571830635","4886.93080418931","744","2","2","6168.23391116447","6957.30054834344","789.066637178969","13125.5344595079","6562.76722975395","6562.76722975395","394.533318589485","6168.23391116447","6168.23391116447","6168.23391116447","6957.30054834344","789.066637178969"
"745","5560","8011339100370000",{FAD30887-15BB-4987-8999-A04DC0CCF8D9},"2.18499563064963e-06",National Capital Region (NCR),"NCR, First District, City of Manila",City of Manila - Malate,Barangay 722,"130000000","133900000","133910000","133910037","1380610037",Bgy,,Highly Urbanized Cities (HUC),,U,"806","641","0.02605218",No,,"0.00614780453604462",,,ADMIN2,"1748789491000","745","3","3","426.145096277156","18527.9758363679","18101.8307400908","26052.1772786491","8684.05909288304","7098.05634600404","7474.65150003908","426.145096277156","426.145096277156","3762.1007211406","12813.016091186","9050.91537004539","745","3","3","17.4360651974457","15847.2132532142","15829.7771880167","26052.1791599416","8684.05971998053","10187.52984153","6549.33982730869","17.4360651974457","17.4360651974457","5102.48295336371","13017.3715473721","7914.88859400837","745","3","3","426.145096277156","18527.9758363679","18101.8307400908","26052.1772786491","8684.05909288304","7098.05634600404","7474.65150003908","426.145096277156","426.145096277156","3762.1007211406","12813.016091186","9050.91537004539"
"746","5561","8011339100380000",{298A4FCF-BFE5-408C-8E97-AF16FBA53C52},"1.87389096532007e-06",National Capital Region (NCR),"NCR, First District, City of Manila",City of Manila - Malate,Barangay 723,"130000000","133900000","133910000","133910038","1380610038",Bgy,,Highly Urbanized Cities (HUC),,U,"480","540","0.0223429",No,,"0.00644156893738878",,,ADMIN2,"1748789491000","746","3","3","2520.56065379077","13184.779688479","10664.2190346882","22342.9151696962","7447.63838989873","6637.57482742647","4391.16872342549","2520.56065379077","2520.56065379077","4579.06774060862","9911.17725795271","5332.10951734409","746","3","3","2400.4380208943","11813.0049232","9412.56690230567","22342.9194134571","7447.63980448569","8129.4764693628","3872.79226147174","2400.4380208943","2400.4380208943","5264.95724512855","9971.24069628138","4706.28345115283","746","3","3","2520.56065379077","13184.779688479","10664.2190346882","22342.9151696962","7447.63838989873","6637.57482742647","4391.16872342549","2520.56065379077","2520.56065379077","4579.06774060862","9911.17725795271","5332.10951734409"
"747","5558","8011339100350000",{17A8732C-85AF-40DD-8343-6AC69BE1EB63},"4.45960302984114e-06",National Capital Region (NCR),"NCR, First District, City of Manila",City of Manila - Malate,Barangay 720,"130000000","133900000","133910000","133910035","1380610035",Bgy,,Highly Urbanized Cities (HUC),,U,"606","1238","0.05317472",No,,"0.0106047848872846",,,ADMIN2,"1748789491000","747","4","4","4391.73944998401","24897.4474373554","20505.7079873713","53174.6059596374","13293.6514899094","11942.709536149","8080.39127909039","4391.73944998401","4391.73944998401","5831.93312443046","20755.3698553882","14923.4367309578","747","4","4","2991.03753538997","22477.2809276373","19486.2433922474","53174.5879811453","13293.6469952863","13853.134759059","8398.37595463746","2991.03753538997","2991.03753538997","5048.9954335849","21538.2985569878","16489.3031234029","747","4","4","4391.73944998401","24897.4474373554","20505.7079873713","53174.6059596374","13293.6514899094","11942.709536149","8080.39127909039","4391.73944998401","4391.73944998401","5831.93312443046","20755.3698553882","14923.4367309578"
"748","5559","8011339100360000",{4FEE39ED-858F-4D2A-AFB8-8CF83583C520},"1.12072329411903e-05",National Capital Region (NCR),"NCR, First District, City of Manila",City of Manila - Malate,Barangay 721,"130000000","133900000","133910000","133910036","1380610036",Bgy,,Highly Urbanized Cities (HUC),,U,"716","577","0.13363053",No,,"0.0172497635844902",,,ADMIN2,"1748789491000","748","4","4","2573.51954790336","73202.6556952127","70629.1361473093","131664.884534559","32916.2211336398","27944.3546457215","28583.9236229223","2573.51954790336","2573.51954790336","6073.02739246159","59759.414874818","53686.3874823564","748","4","4","1375.16009402551","60668.8225038027","59293.6624097772","131664.88919027","32916.2222975676","34810.4532962211","22677.9911526592","1375.16009402551","1375.16009402551","12124.7303133127","53707.7142818225","41582.9839685098","748","4","4","2573.51954790336","73202.6556952127","70629.1361473093","131664.884534559","32916.2211336398","27944.3546457215","28583.9236229223","2573.51954790336","2573.51954790336","6073.02739246159","59759.414874818","53686.3874823564"
"749","5580","8011339100520000",{396C4B30-9511-4A9C-92FB-95C8F676FCAA},"2.75508377454718e-06",National Capital Region (NCR),"NCR, First District, City of Manila",City of Manila - Malate,Barangay 738,"130000000","133900000","133910000","133910052","1380610052",Bgy,,Highly Urbanized Cities (HUC),,U,"4052","3047","0.03284932",No,,"0.00687988373952112",,,ADMIN2,"1748789491000","749","3","3","4360.39800174477","15955.9627190764","11595.5647173316","32849.3345029163","10949.7781676388","12532.9737820951","4864.43977889074","4360.39800174477","4360.39800174477","8446.68589191993","14244.4682505858","5797.78235866583","749","3","3","5583.12198839796","17091.740349703","11508.6183613051","32849.3414146607","10949.7804715536","10174.4790765597","4730.24969998777","5583.12198839796","5583.12198839796","7878.80053247882","13633.1097131314","5754.30918065254","749","3","3","4360.39800174477","15955.9627190764","11595.5647173316","32849.3345029163","10949.7781676388","12532.9737820951","4864.43977889074","4360.39800174477","4360.39800174477","8446.68589191993","14244.4682505858","5797.78235866583"
"750","5592","8011339140030000",{579D32E9-4C35-4909-88BD-02F488395231},"2.87728941161765e-06",National Capital Region (NCR),"NCR, First District, City of Manila",City of Manila - Santa Ana,Barangay 746,"130000000","133900000","133914000","133914003","1380614003",Bgy,,Highly Urbanized Cities (HUC),,U,"2066","1663","0.03430734",No,,"0.0076510475834202",,,ADMIN2,"1748789491000","750","3","3","1560.56342415186","30035.9719265491","28475.4085023973","34307.3594486182","11435.7864828727","2710.8240979172","13160.69777301","1560.56342415186","1560.56342415186","2135.69376103453","16373.3980122332","14237.7042511986","750","4","4","199.93018918598","27689.9063926296","27489.9762034436","34307.3593701685","8576.83984254213","3208.76139417646","11267.1208276137","199.93018918598","199.93018918598","349.835445098121","16803.8442399861","16454.008794888","750","3","3","1560.56342415186","30035.9719265491","28475.4085023973","34307.3594486182","11435.7864828727","2710.8240979172","13160.69777301","1560.56342415186","1560.56342415186","2135.69376103453","16373.3980122332","14237.7042511986"
"751","5604","8011339140990000",{D233E0CF-E331-409E-8A22-B727382D797B},"1.10827654193722e-06",National Capital Region (NCR),"NCR, First District, City of Manila",City of Manila - Santa Ana,Barangay 754,"130000000","133900000","133914000","133914099","1380614099",Bgy,,Highly Urbanized Cities (HUC),,U,"2434","2584","0.01321443",No,,"0.00484160957893967",,,ADMIN2,"1748789491000","751","3","3","900.274179945278","10514.588147463","9614.3139675177","13214.4246057644","4404.80820192148","1799.56227835619","4335.83809723808","900.274179945278","900.274179945278","1349.91822915073","6157.07521290959","4807.15698375885","751","4","4","433.039027246588","7777.93402035729","7344.89499311071","13214.4253002393","3303.60632505983","2501.72612631771","2983.79836462719","433.039027246588","433.039027246588","596.576766012789","6010.63588410686","5414.05911809407","751","3","3","900.274179945278","10514.588147463","9614.3139675177","13214.4246057644","4404.80820192148","1799.56227835619","4335.83809723808","900.274179945278","900.274179945278","1349.91822915073","6157.07521290959","4807.15698375885"
"752","5616","8011339140180000",{BDDB2447-81D8-4ADD-BD4D-7AEAED2D106F},"2.22965580546592e-06",National Capital Region (NCR),"NCR, First District, City of Manila",City of Manila - Santa Ana,Barangay 762,"130000000","133900000","133914000","133914018","1380614018",Bgy,,Highly Urbanized Cities (HUC),,U,"416","365","0.0265855",No,,"0.00591985333902277",,,ADMIN2,"1748789491000","752","2","2","1875.3073550293","24710.1980411594","22834.8906861301","26585.5053961887","13292.7526980944","13292.7526980944","11417.4453430651","1875.3073550293","1875.3073550293","1875.3073550293","24710.1980411594","22834.8906861301","752","3","3","693.394657898651","25008.8962085924","24315.5015506937","26585.5055040381","8861.83516801271","883.214637547091","11417.9593358394","693.394657898651","693.394657898651","788.304647722871","12946.0554230697","12157.7507753469","752","2","2","1875.3073550293","24710.1980411594","22834.8906861301","26585.5053961887","13292.7526980944","13292.7526980944","11417.4453430651","1875.3073550293","1875.3073550293","1875.3073550293","24710.1980411594","22834.8906861301"
"753","5628","8011339140260000",{F95F8B0B-5A9A-4813-8743-2293DE1B89E4},"4.60538102075838e-06",National Capital Region (NCR),"NCR, First District, City of Manila",City of Manila - Santa Ana,Barangay 770,"130000000","133900000","133914000","133914026","1380614026",Bgy,,Highly Urbanized Cities (HUC),,U,"7589","9651","0.05491077",No,,"0.0113206817619418",,,ADMIN2,"1748789491000","753","2","2","4893.77264907702","45326.85356595","40433.0809168729","50220.626215027","25110.3131075135","25110.3131075135","20216.5404584365","4893.77264907702","4893.77264907702","4893.77264907702","45326.85356595","40433.0809168729","753","2","2","2996.1509245395","47224.471255839","44228.3203312995","50220.6221803785","25110.3110901892","25110.3110901892","22114.1601656497","2996.1509245395","2996.1509245395","2996.1509245395","47224.471255839","44228.3203312995","753","2","2","4893.77264907702","45326.85356595","40433.0809168729","50220.626215027","25110.3131075135","25110.3131075135","20216.5404584365","4893.77264907702","4893.77264907702","4893.77264907702","45326.85356595","40433.0809168729"
"754","5633","8011339140310000",{C4DB9EE2-DB7B-460E-B6B3-0D7440C686BB},"4.06720119712946e-06",National Capital Region (NCR),"NCR, First District, City of Manila",City of Manila - Santa Ana,Barangay 775,"130000000","133900000","133914000","133914031","1380614031",Bgy,,Highly Urbanized Cities (HUC),,U,"10660","12084","0.04849415",No,,"0.00955627636885342",,,ADMIN2,"1748789491000","754","2","2","10896.3154701929","37597.8447983947","26701.5293282017","48494.1602685876","24247.0801342938","24247.0801342938","13350.7646641009","10896.3154701929","10896.3154701929","10896.3154701929","37597.8447983947","26701.5293282017","754","2","2","8114.71208848902","40379.4582015962","32264.7461131072","48494.1702900853","24247.0851450426","24247.0851450426","16132.3730565536","8114.71208848902","8114.71208848902","8114.71208848902","40379.4582015962","32264.7461131072","754","2","2","10896.3154701929","37597.8447983947","26701.5293282017","48494.1602685876","24247.0801342938","24247.0801342938","13350.7646641009","10896.3154701929","10896.3154701929","10896.3154701929","37597.8447983947","26701.5293282017"
"755","5636","8011339140340000",{276C3891-E9DD-4756-A1C4-A32F48E62C95},"1.31411811875592e-06",National Capital Region (NCR),"NCR, First District, City of Manila",City of Manila - Santa Ana,Barangay 778,"130000000","133900000","133914000","133914034","1380614034",Bgy,,Highly Urbanized Cities (HUC),,U,"2360","1848","0.0156684",No,,"0.00496052216595771",,,ADMIN2,"1748789491000","755","3","3","260.653390921783","8839.48483913057","8578.83144820879","10273.4719346975","3424.49064489917","1173.33370464515","3847.06536912094","260.653390921783","260.653390921783","716.993547783466","5006.40927188786","4289.41572410439","755","2","2","760.485644670029","9512.97579592204","8752.49015125202","10273.4614405921","5136.73072029604","5136.73072029604","4376.24507562601","760.485644670029","760.485644670029","760.485644670029","9512.97579592204","8752.49015125202","755","3","3","260.653390921783","8839.48483913057","8578.83144820879","10273.4719346975","3424.49064489917","1173.33370464515","3847.06536912094","260.653390921783","260.653390921783","716.993547783466","5006.40927188786","4289.41572410439"
"756","5650","8011339140440000",{7B14A398-84A6-431D-9C1D-016A05CC1D25},"1.18834727883441e-06",National Capital Region (NCR),"NCR, First District, City of Manila",City of Manila - Santa Ana,Barangay 788,"130000000","133900000","133914000","133914044","1380614044",Bgy,,Highly Urbanized Cities (HUC),,U,"1024","969","0.01416855",No,,"0.00658670939197947",,,ADMIN2,"1748789491000","756","2","2","4566.14003509283","9602.39937867462","5036.25934358179","14168.5394137674","7084.26970688372","7084.26970688372","2518.12967179089","4566.14003509283","4566.14003509283","4566.14003509283","9602.39937867462","5036.25934358179","756","2","2","1490.88563248745","12677.6537780635","11186.7681455761","14168.539410551","7084.26970527548","7084.26970527548","5593.38407278803","1490.88563248745","1490.88563248745","1490.88563248745","12677.6537780635","11186.7681455761","756","2","2","4566.14003509283","9602.39937867462","5036.25934358179","14168.5394137674","7084.26970688372","7084.26970688372","2518.12967179089","4566.14003509283","4566.14003509283","4566.14003509283","9602.39937867462","5036.25934358179"
"757","5656","8011339140460000",{90D50221-2D25-483C-BB27-C7500F9153CE},"4.39808479035444e-06",National Capital Region (NCR),"NCR, First District, City of Manila",City of Manila - Santa Ana,Barangay 790,"130000000","133900000","133914000","133914046","1380614046",Bgy,,Highly Urbanized Cities (HUC),,U,"3015","1741","0.05243812",No,,"0.012009938217182",,,ADMIN2,"1748789491000","757","3","3","799.726249450585","43997.4271272021","43197.7008777516","52438.1380218372","17479.3793406124","7640.98464518444","18957.9508020284","799.726249450585","799.726249450585","4220.35544731751","25819.2058861933","21598.8504388758","757","3","3","8075.62955118397","23986.0813809517","15910.4518297677","52438.1324029946","17479.3774676649","20376.4214708589","6810.78885906627","8075.62955118397","8075.62955118397","14226.0255110214","22181.2514259053","7955.22591488387","757","3","3","799.726249450585","43997.4271272021","43197.7008777516","52438.1380218372","17479.3793406124","7640.98464518444","18957.9508020284","799.726249450585","799.726249450585","4220.35544731751","25819.2058861933","21598.8504388758"
"758","5667","8011339010080000",{59DE0D3B-0104-4B9D-8FA8-6C2A9B0C80DF},"3.05204262243347e-06",National Capital Region (NCR),"NCR, First District, City of Manila",City of Manila - Tondo I / II,Barangay 8,"130000000","133900000","133901000","133901008","1380601008",Bgy,,Highly Urbanized Cities (HUC),,U,"137","147","0.03638425",No,,"0.0071750461499803",,,ADMIN2,"1748789491000","758","4","4","139.533914726184","26084.7737602938","25945.2398455676","36384.2550264771","9096.06375661927","5079.97367572854","10101.6267369739","139.533914726184","139.533914726184","1669.15575014801","16522.9717630905","14853.8160129425","758","4","4","4.80815064206035","15155.7420716439","15150.9339210019","36384.2556764902","9096.06391912256","10611.8527271021","6146.37907836167","4.80815064206035","4.80815064206035","3466.25141916294","14725.8764190822","11259.6249999192","758","4","4","139.533914726184","26084.7737602938","25945.2398455676","36384.2550264771","9096.06375661927","5079.97367572854","10101.6267369739","139.533914726184","139.533914726184","1669.15575014801","16522.9717630905","14853.8160129425"
"759","5701","8011339010800000",{81E19BF9-F273-42C1-A9BE-5784CD4725C6},"9.79974009963349e-07",National Capital Region (NCR),"NCR, First District, City of Manila",City of Manila - Tondo I / II,Barangay 80,"130000000","133900000","133901000","133901080","1380601080",Bgy,,Highly Urbanized Cities (HUC),,U,"2268","2553","0.01168221",No,,"0.00417288148480247",,,ADMIN2,"1748789491000","759","2","2","5645.91646081203","6036.29022950755","390.373768695517","11682.2066903196","5841.10334515979","5841.10334515979","195.186884347759","5645.91646081203","5645.91646081203","5645.91646081203","6036.29022950755","390.373768695517","759","3","3","499.09057977757","7984.35791321241","7485.26733343484","11682.2067147631","3894.06890492104","3198.75822177314","3095.14668180377","499.09057977757","499.09057977757","1848.92440077536","5591.55806749277","3742.63366671742","759","2","2","5645.91646081203","6036.29022950755","390.373768695517","11682.2066903196","5841.10334515979","5841.10334515979","195.186884347759","5645.91646081203","5645.91646081203","5645.91646081203","6036.29022950755","390.373768695517"
"760","5708","8011339140590000",{3361962B-5A47-4A52-9DA5-F68ABA468FB0},"3.81643370740349e-06",National Capital Region (NCR),"NCR, First District, City of Manila",City of Manila - Santa Ana,Barangay 803,"130000000","133900000","133914000","133914059","1380614059",Bgy,,Highly Urbanized Cities (HUC),,U,"1565","1705","0.04550413",No,,"0.00802110378548426",,,ADMIN2,"1748789491000","760","3","3","11890.4249151225","18304.5681045737","6414.14318945114","45471.3723260549","15157.124108685","15276.3793063587","2619.92042695","11890.4249151225","11890.4249151225","13583.4021107406","16790.4737054662","3207.07159472557","760","3","3","5303.55957985369","22809.1637862512","17505.6042063975","45471.3707676615","15157.1235892205","17358.6474015565","7314.21333113242","5303.55957985369","5303.55957985369","11331.1034907051","20083.9055939039","8752.80210319877","760","3","3","11890.4249151225","18304.5681045737","6414.14318945114","45471.3723260549","15157.124108685","15276.3793063587","2619.92042695","11890.4249151225","11890.4249151225","13583.4021107406","16790.4737054662","3207.07159472557"
"761","5820","8011339140730000",{442238E5-24B5-46F1-ABD3-91D07637E77B},"5.08496456808622e-06",National Capital Region (NCR),"NCR, First District, City of Manila",City of Manila - Santa Ana,Barangay 880,"130000000","133900000","133914000","133914073","1380614073",Bgy,,Highly Urbanized Cities (HUC),,U,"1471","3417","0.06062674",No,,"0.00990626376680322",,,ADMIN2,"1748789491000","761","2","2","10734.2431301935","49892.4943598532","39158.2512296597","60626.7374900468","30313.3687450234","30313.3687450234","19579.1256148299","10734.2431301935","10734.2431301935","10734.2431301935","49892.4943598532","39158.2512296597","761","3","3","1299.55982167783","48992.7942802202","47693.2344585424","60626.7374844505","20208.9124948168","10334.3833825524","20684.7914689528","1299.55982167783","1299.55982167783","5816.97160211512","29663.5888313863","23846.6172292712","761","2","2","10734.2431301935","49892.4943598532","39158.2512296597","60626.7374900468","30313.3687450234","30313.3687450234","19579.1256148299","10734.2431301935","10734.2431301935","10734.2431301935","49892.4943598532","39158.2512296597"
"762","4197","8011339011620000",{94607498-EA7C-4D30-AA3F-F6680EC4A2F7},"1.96619146868738e-06",National Capital Region (NCR),"NCR, First District, City of Manila",City of Manila - Tondo I / II,Barangay 162,"130000000","133900000","133901000","133901162","1380601162",Bgy,,Highly Urbanized Cities (HUC),,U,"716","556","0.02343762",No,,"0.00590910625614154",,,ADMIN2,"1748789491000","762","3","3","999.622002328921","18450.4163192185","17450.7943168896","23437.6188634405","7812.53962114682","3987.58054189303","7620.3801104263","999.622002328921","999.622002328921","2493.60127211098","11218.9984305558","8725.3971584448","762","3","3","1541.51446184989","14279.2959931468","12737.7815312969","23437.6201409796","7812.54004699321","7616.80968598295","5202.01899044515","1541.51446184989","1541.51446184989","4579.16207391642","10948.0528395649","6368.89076564844","762","3","3","999.622002328921","18450.4163192185","17450.7943168896","23437.6188634405","7812.53962114682","3987.58054189303","7620.3801104263","999.622002328921","999.622002328921","2493.60127211098","11218.9984305558","8725.3971584448"
"763","5727","8011339110320000",{B2BACDD5-252B-4AF9-BFCD-BDF3C7B9E27E},"1.19002682765015e-06",National Capital Region (NCR),"NCR, First District, City of Manila",City of Manila - Paco,Barangay 818,"130000000","133900000","133911000","133911032","1380611032",Bgy,,Highly Urbanized Cities (HUC),,U,"1486","1388","0.01418835",No,,"0.00503546837511543",,,ADMIN2,"1748789491000","763","2","2","6885.95652201855","7302.39440683775","416.437884819199","14188.3509288563","7094.17546442815","7094.17546442815","208.2189424096","6885.95652201855","6885.95652201855","6885.95652201855","7302.39440683775","416.437884819199","763","2","2","2143.0325185182","12045.3184487787","9902.28593026047","14188.3509672969","7094.17548364843","7094.17548364843","4951.14296513024","2143.0325185182","2143.0325185182","2143.0325185182","12045.3184487787","9902.28593026047","763","2","2","6885.95652201855","7302.39440683775","416.437884819199","14188.3509288563","7094.17546442815","7094.17546442815","208.2189424096","6885.95652201855","6885.95652201855","6885.95652201855","7302.39440683775","416.437884819199"
"764","5735","8011339110360000",{51E938CB-D92B-4296-A676-20E7B6FA73FC},"1.14515481217418e-06",National Capital Region (NCR),"NCR, First District, City of Manila",City of Manila - Paco,Barangay 821,"130000000","133900000","133911000","133911036","1380611036",Bgy,,Highly Urbanized Cities (HUC),,U,"1748","1995","0.01365327",No,,"0.00626077318616227",,,ADMIN2,"1748789491000","764","2","2","107.405066220206","13545.8643246883","13438.4592584681","13653.2693909085","6826.63469545427","6826.63469545427","6719.22962923406","107.405066220206","107.405066220206","107.405066220206","13545.8643246883","13438.4592584681","764","2","2","3.81680847184907","13649.4526830859","13645.635874614","13653.2694915577","6826.63474577887","6826.63474577887","6822.81793730702","3.81680847184907","3.81680847184907","3.81680847184907","13649.4526830859","13645.635874614","764","2","2","107.405066220206","13545.8643246883","13438.4592584681","13653.2693909085","6826.63469545427","6826.63469545427","6719.22962923406","107.405066220206","107.405066220206","107.405066220206","13545.8643246883","13438.4592584681"
"765","5736","8011339110370000",{56BDECD9-5900-4CA5-81F8-E8BF041CC887},"1.1387460387299e-06",National Capital Region (NCR),"NCR, First District, City of Manila",City of Manila - Paco,Barangay 822,"130000000","133900000","133911000","133911037","1380611037",Bgy,,Highly Urbanized Cities (HUC),,U,"1874","897","0.01357681",No,,"0.00487002438883165",,,ADMIN2,"1748789491000","765","2","2","6043.82326799289","7532.98184915148","1489.15858115859","13576.8051171444","6788.40255857218","6788.40255857218","744.579290579293","6043.82326799289","6043.82326799289","6043.82326799289","7532.98184915148","1489.15858115859","765","3","3","99.9651042905753","12015.3902579564","11915.4251536658","13576.8050726755","4525.60169089182","1461.4497104285","5325.16726921549","99.9651042905753","99.9651042905753","780.707407359536","6738.41998419244","5957.71257683291","765","2","2","6043.82326799289","7532.98184915148","1489.15858115859","13576.8051171444","6788.40255857218","6788.40255857218","744.579290579293","6043.82326799289","6043.82326799289","6043.82326799289","7532.98184915148","1489.15858115859"
"766","5741","8011339110420000",{116ED9EF-A4B5-4E33-B9D8-49D8EE4A0402},"9.45610562656612e-06",National Capital Region (NCR),"NCR, First District, City of Manila",City of Manila - Paco,Barangay 827,"130000000","133900000","133911000","133911042","1380611042",Bgy,,Highly Urbanized Cities (HUC),,U,"3409","2661","0.11274087",No,,"0.0177549536704889",,,ADMIN2,"1748789491000","766","2","2","35536.1460864987","77204.6825908774","41668.5365043788","112740.828677376","56370.4143386881","56370.4143386881","20834.2682521894","35536.1460864987","35536.1460864987","35536.1460864987","77204.6825908774","41668.5365043788","766","3","3","5835.80528997886","91826.8858433698","85991.080553391","112740.83071819","37580.2769060634","15078.1395848416","38543.275433399","5835.80528997886","5835.80528997886","10456.9724374102","53452.5127141057","42995.5402766955","766","2","2","35536.1460864987","77204.6825908774","41668.5365043788","112740.828677376","56370.4143386881","56370.4143386881","20834.2682521894","35536.1460864987","35536.1460864987","35536.1460864987","77204.6825908774","41668.5365043788"
"767","5752","8011339110460000",{9912387A-8261-43E3-998C-7B01ADE0269B},"1.45194706945999e-05",National Capital Region (NCR),"NCR, First District, City of Manila",City of Manila - Paco,Barangay 831,"130000000","133900000","133911000","133911046","1380611046",Bgy,,Highly Urbanized Cities (HUC),,U,"1324","3350","0.17310624",No,,"0.0201331257859224",,,ADMIN2,"1748789491000","767","4","4","99.9647306563857","130307.719557678","130207.754827022","173106.420587298","43276.6051468244","21349.3681494815","51248.1597133693","99.9647306563857","99.9647306563857","7097.49643215422","79455.7138614947","72358.2174293404","767","4","4","3055.87967032674","132704.221422695","129648.341752368","173106.417693638","43276.6044234095","18673.158300308","52119.5079476199","3055.87967032674","3055.87967032674","8625.43628504744","77927.7725617715","69302.3362767241","767","4","4","99.9647306563857","130307.719557678","130207.754827022","173106.420587298","43276.6051468244","21349.3681494815","51248.1597133693","99.9647306563857","99.9647306563857","7097.49643215422","79455.7138614947","72358.2174293404"
"768","5755","8011339120020000",{63667FC7-1A8D-4D47-971F-C687AA561F84},"2.33719148461337e-05",National Capital Region (NCR),"NCR, First District, City of Manila",City of Manila - Pandacan,Barangay 834,"130000000","133900000","133912000","133912002","1380612002",Bgy,,Highly Urbanized Cities (HUC),,U,"1618","1733","0.27864056",No,,"0.020289828934785",,,ADMIN2,"1748789491000","768","3","3","2399.17799582329","141497.359741179","139098.181745356","278640.550251213","92880.1834170712","134744.012514211","64039.1087863342","2399.17799582329","2399.17799582329","68571.5952550171","138120.686127695","69549.090872678","768","4","4","1699.41891640669","205494.911354749","203795.492438343","278640.546958291","69660.1367395728","35723.1083435676","83057.4464188922","1699.41891640669","1699.41891640669","2049.29845473595","137270.97502441","135221.676569674","768","3","3","2399.17799582329","141497.359741179","139098.181745356","278640.550251213","92880.1834170712","134744.012514211","64039.1087863342","2399.17799582329","2399.17799582329","68571.5952550171","138120.686127695","69549.090872678"
"769","5765","8011339120080000",{52395A66-2C86-4BA0-882C-DF210EA2C140},"2.22787024652999e-06",National Capital Region (NCR),"NCR, First District, City of Manila",City of Manila - Pandacan,Barangay 840,"130000000","133900000","133912000","133912008","1380612008",Bgy,,Highly Urbanized Cities (HUC),,U,"2554","2541","0.02656111",No,,"0.00610427132328171",,,ADMIN2,"1748789491000","769","2","2","6189.11185547941","20372.0017480397","14182.8898925603","26561.1136035191","13280.5568017596","13280.5568017596","7091.44494628014","6189.11185547941","6189.11185547941","6189.11185547941","20372.0017480397","14182.8898925603","769","2","2","7535.32752449749","19025.786070104","11490.4585456065","26561.1135946015","13280.5567973007","13280.5567973007","5745.22927280323","7535.32752449749","7535.32752449749","7535.32752449749","19025.786070104","11490.4585456065","769","2","2","6189.11185547941","20372.0017480397","14182.8898925603","26561.1136035191","13280.5568017596","13280.5568017596","7091.44494628014","6189.11185547941","6189.11185547941","6189.11185547941","20372.0017480397","14182.8898925603"
"770","5771","8011339120140000",{4445031B-A81F-4F12-B0B2-1F960C344FA4},"1.16487169227943e-06",National Capital Region (NCR),"NCR, First District, City of Manila",City of Manila - Pandacan,Barangay 846,"130000000","133900000","133912000","133912014","1380612014",Bgy,,Highly Urbanized Cities (HUC),,U,"2002","1848","0.01388796",No,,"0.00531470383095239",,,ADMIN2,"1748789491000","770","4","4","1044.53503922825","9371.21303310652","8326.67799387827","13887.9554984124","3471.9888746031","1736.10371303882","3430.78133293233","1044.53503922825","1044.53503922825","1177.8723726941","5766.10537651211","4588.23300381801","770","4","4","0.0455144412258051","10737.3181130727","10737.2725986314","13887.9582045126","3471.98955112815","1575.29728849936","4286.03789434273","0.0455144412258051","0.0455144412258051","362.494123466917","6581.48497878939","6218.99085532247","770","4","4","1044.53503922825","9371.21303310652","8326.67799387827","13887.9554984124","3471.9888746031","1736.10371303882","3430.78133293233","1044.53503922825","1044.53503922825","1177.8723726941","5766.10537651211","4588.23300381801"
"771","5773","8011339120160000",{F104A1AD-119C-40DC-BFD0-AC033C73EBBE},"3.45082338516809e-06",National Capital Region (NCR),"NCR, First District, City of Manila",City of Manila - Pandacan,Barangay 848,"130000000","133900000","133912000","133912016","1380612016",Bgy,,Highly Urbanized Cities (HUC),,U,"1295","1586","0.04114132",No,,"0.00795366428706486",,,ADMIN2,"1748789491000","771","2","2","16962.4941547156","24178.8249448635","7216.33079014793","41141.3190995791","20570.6595497896","20570.6595497896","3608.16539507396","16962.4941547156","16962.4941547156","16962.4941547156","24178.8249448635","7216.33079014793","771","2","2","4528.50016340654","36612.8187419085","32084.3185785019","41141.318905315","20570.6594526575","20570.6594526575","16042.159289251","4528.50016340654","4528.50016340654","4528.50016340654","36612.8187419085","32084.3185785019","771","2","2","16962.4941547156","24178.8249448635","7216.33079014793","41141.3190995791","20570.6595497896","20570.6595497896","3608.16539507396","16962.4941547156","16962.4941547156","16962.4941547156","24178.8249448635","7216.33079014793"
"772","5779","8011339120180000",{D63B8C16-683C-4E1D-93CC-263D8260B2E6},"9.86707750909545e-07",National Capital Region (NCR),"NCR, First District, City of Manila",City of Manila - Pandacan,Barangay 850,"130000000","133900000","133912000","133912018","1380612018",Bgy,,Highly Urbanized Cities (HUC),,U,"2257","2456","0.01176406",No,,"0.0049923170906688",,,ADMIN2,"1748789491000","772","2","2","1429.85636824963","10334.2017687211","8904.34540047147","11764.0581369707","5882.02906848537","5882.02906848537","4452.17270023574","1429.85636824963","1429.85636824963","1429.85636824963","10334.2017687211","8904.34540047147","772","2","2","243.769021406421","11520.2890309595","11276.5200095531","11764.0580523659","5882.02902618297","5882.02902618297","5638.26000477654","243.769021406421","243.769021406421","243.769021406421","11520.2890309595","11276.5200095531","772","2","2","1429.85636824963","10334.2017687211","8904.34540047147","11764.0581369707","5882.02906848537","5882.02906848537","4452.17270023574","1429.85636824963","1429.85636824963","1429.85636824963","10334.2017687211","8904.34540047147"
"773","5780","8011339120190000",{922FA977-CD4C-4738-8D9F-028D33C6D3AD},"1.97917264534389e-06",National Capital Region (NCR),"NCR, First District, City of Manila",City of Manila - Pandacan,Barangay 851,"130000000","133900000","133912000","133912019","1380612019",Bgy,,Highly Urbanized Cities (HUC),,U,"1142","1052","0.02359682",No,,"0.00856864274710653",,,ADMIN2,"1748789491000","773","4","4","1230.65368771722","16013.3349264121","14782.6812386949","23596.8202978829","5899.20507447072","3176.41584187677","5902.91673479157","1230.65368771722","1230.65368771722","1963.86134413363","9834.54880480781","7870.68746067417","773","3","3","3553.83799712204","15056.6031090011","11502.7651118791","23596.8139601763","7865.6046533921","4986.37285405316","5118.3254501519","3553.83799712204","3553.83799712204","4270.1054255876","10021.4879815271","5751.38255593953","773","4","4","1230.65368771722","16013.3349264121","14782.6812386949","23596.8202978829","5899.20507447072","3176.41584187677","5902.91673479157","1230.65368771722","1230.65368771722","1963.86134413363","9834.54880480781","7870.68746067417"
"774","5810","8011339140670000",{7E0F0EA4-6B5B-44AF-BB39-CF07D52B686A},"4.08915703653637e-06",National Capital Region (NCR),"NCR, First District, City of Manila",City of Manila - Santa Ana,Barangay 874,"130000000","133900000","133914000","133914067","1380614067",Bgy,,Highly Urbanized Cities (HUC),,U,"2170","2016","0.04875474",No,,"0.0113362143621544",,,ADMIN2,"1748789491000","774","2","2","21060.393036718","27694.3539718115","6633.96093509342","48754.7470085295","24377.3735042647","24377.3735042647","3316.98046754671","21060.393036718","21060.393036718","21060.393036718","27694.3539718115","6633.96093509342","774","2","2","4255.69118745435","44499.0561860964","40243.364998642","48754.7473735507","24377.3736867754","24377.3736867754","20121.682499321","4255.69118745435","4255.69118745435","4255.69118745435","44499.0561860964","40243.364998642","774","2","2","21060.393036718","27694.3539718115","6633.96093509342","48754.7470085295","24377.3735042647","24377.3735042647","3316.98046754671","21060.393036718","21060.393036718","21060.393036718","27694.3539718115","6633.96093509342"
"775","5792","8011339120280000",{2EE48F85-C94D-4A29-81D1-65FE39BE8671},"1.5579516900241e-06",National Capital Region (NCR),"NCR, First District, City of Manila",City of Manila - Pandacan,Barangay 860,"130000000","133900000","133912000","133912028","1380612028",Bgy,,Highly Urbanized Cities (HUC),,U,"1390","3214","0.01857436",No,,"0.00542933572675621",,,ADMIN2,"1748789491000","775","2","2","5769.32120431781","12805.0112350322","7035.69003071434","18574.33243935","9287.16621967498","9287.16621967498","3517.84501535717","5769.32120431781","5769.32120431781","5769.32120431781","12805.0112350322","7035.69003071434","775","2","2","315.629652381205","18258.7005273921","17943.0708750109","18574.3301797733","9287.16508988664","9287.16508988664","8971.53543750543","315.629652381205","315.629652381205","315.629652381205","18258.7005273921","17943.0708750109","775","2","2","5769.32120431781","12805.0112350322","7035.69003071434","18574.33243935","9287.16621967498","9287.16621967498","3517.84501535717","5769.32120431781","5769.32120431781","5769.32120431781","12805.0112350322","7035.69003071434"
"776","5793","8011339120290000",{D760F60B-2498-4C91-9147-457198524FD3},"1.729499332512e-06",National Capital Region (NCR),"NCR, First District, City of Manila",City of Manila - Pandacan,Barangay 861,"130000000","133900000","133912000","133912029","1380612029",Bgy,,Highly Urbanized Cities (HUC),,U,"1013","1072","0.02061952",No,,"0.0068900139610134",,,ADMIN2,"1748789491000","776","2","2","443.002600025764","20176.5061052408","19733.5035052151","20619.5087052666","10309.7543526333","10309.7543526333","9866.75175260754","443.002600025764","443.002600025764","443.002600025764","20176.5061052408","19733.5035052151","776","2","2","9048.21988211005","11571.2894122874","2523.06953017733","20619.5092943974","10309.7546471987","10309.7546471987","1261.53476508867","9048.21988211005","9048.21988211005","9048.21988211005","11571.2894122874","2523.06953017733","776","2","2","443.002600025764","20176.5061052408","19733.5035052151","20619.5087052666","10309.7543526333","10309.7543526333","9866.75175260754","443.002600025764","443.002600025764","443.002600025764","20176.5061052408","19733.5035052151"
"777","5795","8011339120310000",{C48F5CCB-FD3D-4CDB-ADEA-1672A52952E3},"3.14471139275187e-06",National Capital Region (NCR),"NCR, First District, City of Manila",City of Manila - Pandacan,Barangay 863,"130000000","133900000","133912000","133912031","1380612031",Bgy,,Highly Urbanized Cities (HUC),,U,"1565","1481","0.0374922",No,,"0.00772040479179523",,,ADMIN2,"1748789491000","777","2","2","9336.49530586938","28155.7058329876","18819.2105271183","37492.201138857","18746.1005694285","18746.1005694285","9409.60526355913","9336.49530586938","9336.49530586938","9336.49530586938","28155.7058329876","18819.2105271183","777","3","3","63.1699504132048","30728.3025301419","30665.1325797287","37492.2007624613","12497.4002541538","6700.72828190611","13172.9177607814","63.1699504132048","63.1699504132048","3381.94911615966","18714.515406024","15332.5662898644","777","2","2","9336.49530586938","28155.7058329876","18819.2105271183","37492.201138857","18746.1005694285","18746.1005694285","9409.60526355913","9336.49530586938","9336.49530586938","9336.49530586938","28155.7058329876","18819.2105271183"
"778","5806","8011339120360000",{DADDB9EF-4390-44A0-87D1-27D44057F7B3},"1.99032187406257e-06",National Capital Region (NCR),"NCR, First District, City of Manila",City of Manila - Pandacan,Barangay 870,"130000000","133900000","133912000","133912036","1380612036",Bgy,,Highly Urbanized Cities (HUC),,U,"1829","3049","0.02372993",No,,"0.00559038851033995",,,ADMIN2,"1748789491000","778","2","2","11456.1655246847","12273.7619377413","817.596413056592","23729.9274624261","11864.963731213","11864.963731213","408.798206528296","11456.1655246847","11456.1655246847","11456.1655246847","12273.7619377413","817.596413056592","778","2","2","1537.90039719134","22192.0269101927","20654.1265130014","23729.9273073841","11864.963653692","11864.963653692","10327.0632565007","1537.90039719134","1537.90039719134","1537.90039719134","22192.0269101927","20654.1265130014","778","2","2","11456.1655246847","12273.7619377413","817.596413056592","23729.9274624261","11864.963731213","11864.963731213","408.798206528296","11456.1655246847","11456.1655246847","11456.1655246847","12273.7619377413","817.596413056592"
"779","5817","8011339010880000",{B5905BE5-390E-4C1B-B5D0-A528F2DBCEEB},"8.25037515613851e-07",National Capital Region (NCR),"NCR, First District, City of Manila",City of Manila - Tondo I / II,Barangay 88,"130000000","133900000","133901000","133901088","1380601088",Bgy,,Highly Urbanized Cities (HUC),,U,"868","1096","0.00983522",No,,"0.00375585436674185",,,ADMIN2,"1748789491000","779","2","2","987.0303122109","8848.18287460169","7861.15256239079","9835.21318681259","4917.60659340629","4917.60659340629","3930.57628119539","987.0303122109","987.0303122109","987.0303122109","8848.18287460169","7861.15256239079","779","3","3","697.688881242982","5977.45233722084","5279.76345597785","9835.21331785567","3278.40443928522","3160.07209939185","2157.07787601163","697.688881242982","697.688881242982","1928.88049031742","4568.76221830634","2639.88172798893","779","2","2","987.0303122109","8848.18287460169","7861.15256239079","9835.21318681259","4917.60659340629","4917.60659340629","3930.57628119539","987.0303122109","987.0303122109","987.0303122109","8848.18287460169","7861.15256239079"
"780","5831","8011339010890000",{22C8C96F-C29D-4094-BB67-A718AEB1722C},"1.04090245744727e-06",National Capital Region (NCR),"NCR, First District, City of Manila",City of Manila - Tondo I / II,Barangay 89,"130000000","133900000","133901000","133901089","1380601089",Bgy,,Highly Urbanized Cities (HUC),,U,"747","720","0.01240847",No,,"0.004381171530245",,,ADMIN2,"1748789491000","780","2","2","59.26847526856","12349.2000002521","12289.9315249835","12408.4684755206","6204.23423776031","6204.23423776031","6144.96576249175","59.26847526856","59.26847526856","59.26847526856","12349.2000002521","12289.9315249835","780","2","2","5555.81431696046","6852.65407234436","1296.83975538391","12408.4683893048","6204.23419465241","6204.23419465241","648.419877691955","5555.81431696046","5555.81431696046","5555.81431696046","6852.65407234436","1296.83975538391","780","2","2","59.26847526856","12349.2000002521","12289.9315249835","12408.4684755206","6204.23423776031","6204.23423776031","6144.96576249175","59.26847526856","59.26847526856","59.26847526856","12349.2000002521","12289.9315249835"
"781","5841","8011339140900000",{4FAFFF0A-4E21-42B0-8D74-D8EFF8F4E290},"5.64336615993814e-06",National Capital Region (NCR),"NCR, First District, City of Manila",City of Manila - Santa Ana,Barangay 897,"130000000","133900000","133914000","133914090","1380614090",Bgy,,Highly Urbanized Cities (HUC),,U,"2219","2166","0.06728246",No,,"0.00991108361771058",,,ADMIN2,"1748789491000","781","2","2","217.545174498344","67064.9069376683","66847.3617631699","67282.4521121666","33641.2260560833","33641.2260560833","33423.680881585","217.545174498344","217.545174498344","217.545174498344","67064.9069376683","66847.3617631699","781","2","2","6638.75393206257","60643.69793011","54004.9439980474","67282.4518621725","33641.2259310863","33641.2259310863","27002.4719990237","6638.75393206257","6638.75393206257","6638.75393206257","60643.69793011","54004.9439980474","781","2","2","217.545174498344","67064.9069376683","66847.3617631699","67282.4521121666","33641.2260560833","33641.2260560833","33423.680881585","217.545174498344","217.545174498344","217.545174498344","67064.9069376683","66847.3617631699"
"782","5870","8011339010900000",{41BD8500-E76F-4520-A66F-C399289DE194},"8.36976047794493e-07",National Capital Region (NCR),"NCR, First District, City of Manila",City of Manila - Tondo I / II,Barangay 90,"130000000","133900000","133901000","133901090","1380601090",Bgy,,Highly Urbanized Cities (HUC),,U,"473","630","0.00997751",No,,"0.00382929476978781",,,ADMIN2,"1748789491000","782","2","2","401.889542418558","9575.62265977354","9173.73311735498","9977.5122021921","4988.75610109605","4988.75610109605","4586.86655867749","401.889542418558","401.889542418558","401.889542418558","9575.62265977354","9173.73311735498","782","3","3","2.04285103294387","6024.3304531119","6022.28760207895","9977.51237608814","3325.83745869605","3951.1390719433","2498.0310341261","2.04285103294387","2.04285103294387","1976.59096148812","4987.7347625276","3011.14380103948","782","2","2","401.889542418558","9575.62265977354","9173.73311735498","9977.5122021921","4988.75610109605","4988.75610109605","4586.86655867749","401.889542418558","401.889542418558","401.889542418558","9575.62265977354","9173.73311735498"
"783","5874","8011339140930000",{F68F25B2-7B3E-4EE4-A508-8DE546F61CFB},"5.45665017353558e-06",National Capital Region (NCR),"NCR, First District, City of Manila",City of Manila - Santa Ana,Barangay 900,"130000000","133900000","133914000","133914093","1380614093",Bgy,,Highly Urbanized Cities (HUC),,U,"8082","8581","0.06505738",No,,"0.00983827043857874",,,ADMIN2,"1748789491000","783","4","4","732.048052207054","46312.3414594246","45580.2934072175","65057.3810757989","16264.3452689497","9006.49578208364","18399.3248100161","732.048052207054","732.048052207054","1252.40995513545","31276.280582764","30023.8706276286","783","4","4","2051.61687560262","35576.2861561148","33524.6692805122","65057.3848332357","16264.3462083089","13714.7409007591","12185.1346760248","2051.61687560262","2051.61687560262","7020.30909713132","25508.3833194865","18488.0742223552","783","4","4","732.048052207054","46312.3414594246","45580.2934072175","65057.3810757989","16264.3452689497","9006.49578208364","18399.3248100161","732.048052207054","732.048052207054","1252.40995513545","31276.280582764","30023.8706276286"
"784","5879","8011339140980000",{ACED99D0-37B4-4842-BEC9-B725991F6D39},"1.36830345656011e-05",National Capital Region (NCR),"NCR, First District, City of Manila",City of Manila - Santa Ana,Barangay 905,"130000000","133900000","133914000","133914098","1380614098",Bgy,,Highly Urbanized Cities (HUC),,U,"6527","7385","0.16313673",No,,"0.0161131019465218",,,ADMIN2,"1748789491000","784","4","4","12563.4524030969","56207.6249749515","43644.1725718546","163136.732582264","40784.183145566","47182.8276021078","17401.0852329626","12563.4524030969","12563.4524030969","26426.8817803875","55141.4845107445","28714.602730357","784","4","4","23804.2852838464","61326.9499234335","37522.6646395871","163136.728924628","40784.1822311571","39002.7468586743","15042.1894973213","23804.2852838464","23804.2852838464","26550.6737247523","55017.690737562","28467.0170128097","784","4","4","12563.4524030969","56207.6249749515","43644.1725718546","163136.732582264","40784.183145566","47182.8276021078","17401.0852329626","12563.4524030969","12563.4524030969","26426.8817803875","55141.4845107445","28714.602730357"
"785","5888","8011339010930000",{966C5164-7DB4-40A0-B51E-ACF5FB895A78},"3.67812114498559e-06",National Capital Region (NCR),"NCR, First District, City of Manila",City of Manila - Tondo I / II,Barangay 93,"130000000","133900000","133901000","133901093","1380601093",Bgy,,Highly Urbanized Cities (HUC),,U,"4528","3960","0.04384564",No,,"0.00831513859594774",,,ADMIN2,"1748789491000","785","4","4","2447.98684775746","27332.7203526767","24884.7335049192","43845.6674948843","10961.4168737211","7032.48014722504","9772.95426417978","2447.98684775746","2447.98684775746","3585.27764387947","18337.5561035627","14752.2784596832","785","4","4","1937.33159002088","18752.0486555739","16814.717065553","43845.6692967681","10961.417324192","11578.1445255867","5984.76692868358","1937.33159002088","1937.33159002088","6539.51340246015","15383.3212459239","8843.80784346375","785","4","4","2447.98684775746","27332.7203526767","24884.7335049192","43845.6674948843","10961.4168737211","7032.48014722504","9772.95426417978","2447.98684775746","2447.98684775746","3585.27764387947","18337.5561035627","14752.2784596832"
"786","5902","8011339010960000",{5CC35CD3-C309-4DE3-AE4F-16D4006F18A5},"7.43629633727978e-06",National Capital Region (NCR),"NCR, First District, City of Manila",City of Manila - Tondo I / II,Barangay 96,"130000000","133900000","133901000","133901096","1380601096",Bgy,,Highly Urbanized Cities (HUC),,U,"4375","2100","0.08864394",No,,"0.0128649959036636",,,ADMIN2,"1748789491000","786","4","4","2259.93621213513","46648.0750161727","44388.1388040376","88643.9384928259","22160.9846232065","19867.963632259","19479.8712199202","2259.93621213513","2259.93621213513","3066.47909796351","41255.4901484495","38189.011050486","786","4","4","1665.22685683024","37963.265890392","36298.0390335617","88643.9396501242","22160.9849125311","24507.723451451","14835.766979087","1665.22685683024","1665.22685683024","8091.51042065799","36230.4594044041","28138.9489837461","786","4","4","2259.93621213513","46648.0750161727","44388.1388040376","88643.9384928259","22160.9846232065","19867.963632259","19479.8712199202","2259.93621213513","2259.93621213513","3066.47909796351","41255.4901484495","38189.011050486"
"787","3823","8011339010010000",{A49732F0-9167-4D92-928B-7FC81A5760C4},"4.15453313628634e-06",National Capital Region (NCR),"NCR, First District, City of Manila",City of Manila - Tondo I / II,Barangay 1,"130000000","133900000","133901000","133901001","1380601001",Bgy,,Highly Urbanized Cities (HUC),,U,"1976","2995","0.04952834",No,,"0.00986059142939429",,,ADMIN2,"1748789491000","787","3","3","9838.44803164203","24017.4505692682","14179.0025376262","49528.3353338918","16509.4451112973","15672.4367329815","5818.73213621494","9838.44803164203","9838.44803164203","12755.4423823118","19844.9436511249","7089.50126881311","787","3","3","2727.89394675318","28466.9274349076","25739.0334881544","49528.3487030237","16509.4495676746","18333.5273213629","10586.7812535164","2727.89394675318","2727.89394675318","10530.710634058","23400.2273781353","12869.5167440772","787","3","3","9838.44803164203","24017.4505692682","14179.0025376262","49528.3353338918","16509.4451112973","15672.4367329815","5818.73213621494","9838.44803164203","9838.44803164203","12755.4423823118","19844.9436511249","7089.50126881311"
"788","3913","8011339011010000",{89DAD89F-09EC-45D9-B33D-0B1DD375316B},"8.72096675894989e-06",National Capital Region (NCR),"NCR, First District, City of Manila",City of Manila - Tondo I / II,Barangay 101,"130000000","133900000","133901000","133901101","1380601101",Bgy,,Highly Urbanized Cities (HUC),,U,"11853","15358","0.10395645",No,,"0.0135797625886744",,,ADMIN2,"1748789491000","788","4","4","3497.94469697815","43705.0832060171","40207.138509039","102214.535761004","25553.633940251","27505.7539290043","14450.4697969834","3497.94469697815","3497.94469697815","14291.7756546118","36815.4922258901","22523.7165712783","788","4","4","931.848036693351","44858.0862548061","43926.2382181127","102214.530734307","25553.6326835769","28212.298221404","16180.1628636724","931.848036693351","931.848036693351","11970.1635078632","39137.1018592905","27166.9383514274","788","4","4","3497.94469697815","43705.0832060171","40207.138509039","102214.535761004","25553.633940251","27505.7539290043","14450.4697969834","3497.94469697815","3497.94469697815","14291.7756546118","36815.4922258901","22523.7165712783"
"789","5001","8011339060620000",{96DF99E4-9BBB-46D3-8F3D-ED3676153ACB},"2.0660622360988e-06",National Capital Region (NCR),"NCR, First District, City of Manila",City of Manila - Sampaloc,Barangay 456,"130000000","133900000","133906000","133906062","1380606062",Bgy,,Highly Urbanized Cities (HUC),,U,"2094","1530","0.02463009",No,,"0.00746724202794917",,,ADMIN2,"1748789491000","789","2","2","120.497325422941","24509.6088247208","24389.1114992979","24630.1061501438","12315.0530750719","12315.0530750719","12194.5557496489","120.497325422941","120.497325422941","120.497325422941","24509.6088247208","24389.1114992979","789","2","2","5.94012328235112","24624.1676670183","24618.2275437359","24630.1077903006","12315.0538951503","12315.0538951503","12309.113771868","5.94012328235112","5.94012328235112","5.94012328235112","24624.1676670183","24618.2275437359","789","2","2","120.497325422941","24509.6088247208","24389.1114992979","24630.1061501438","12315.0530750719","12315.0530750719","12194.5557496489","120.497325422941","120.497325422941","120.497325422941","24509.6088247208","24389.1114992979"
"790","40883","8011339019010000",{1ED074F9-178E-41FC-B094-04CCF569A44E},"8.02275497229054e-06",National Capital Region (NCR),"NCR, First District, City of Manila",City of Manila - Tondo I / II,"Tutuban Mall (Claimed by Five Barangays of Tondo, Manila)","130000000","133900000","133901000","133901901",,,,Highly Urbanized Cities (HUC),,,,,"0.09564168",No,,"0.0130265978110696",,,ADMIN2,"1748789495000","790","4","4","2921.56758915672","50907.5754431221","47986.0078539653","95641.6688274144","23910.4172068536","20906.2628975678","20720.2474284606","2921.56758915672","2921.56758915672","3775.3775472364","44045.4568664708","40270.0793192344","790","3","3","24227.2779762494","35954.7992053139","11727.5212290645","95641.6714430714","31880.5571476905","35459.5942615081","5415.46049387631","24227.2779762494","24227.2779762494","29843.4361188788","35707.196733411","5863.76061453223","790","4","4","2921.56758915672","50907.5754431221","47986.0078539653","95641.6688274144","23910.4172068536","20906.2628975678","20720.2474284606","2921.56758915672","2921.56758915672","3775.3775472364","44045.4568664708","40270.0793192344"
"791","3921","8011339011030000",{5188798B-3057-459D-BF08-6963720DE363},"2.76302470292089e-06",National Capital Region (NCR),"NCR, First District, City of Manila",City of Manila - Tondo I / II,Barangay 103,"130000000","133900000","133901000","133901103","1380601103",Bgy,,Highly Urbanized Cities (HUC),,U,"4431","4772","0.03293689",No,,"0.00716174452707613",,,ADMIN2,"1748789491000","791","3","3","4385.07982461","19744.7120737947","15359.6322491847","32936.8864307368","10978.9621435789","8807.09453233209","6455.86722282588","4385.07982461","4385.07982461","6596.08717847105","14275.9033030634","7679.81612459237","791","2","2","9722.92679835655","23213.9570681881","13491.0302698315","32936.8838665446","16468.4419332723","16468.4419332723","6745.51513491577","9722.92679835655","9722.92679835655","9722.92679835655","23213.9570681881","13491.0302698315","791","3","3","4385.07982461","19744.7120737947","15359.6322491847","32936.8864307368","10978.9621435789","8807.09453233209","6455.86722282588","4385.07982461","4385.07982461","6596.08717847105","14275.9033030634","7679.81612459237"
"792","3938","8011339011070000",{438E0B72-AF00-4513-BA7B-3E959603855A},"1.3237539404356e-05",National Capital Region (NCR),"NCR, First District, City of Manila",City of Manila - Tondo I / II,Barangay 107,"130000000","133900000","133901000","133901107","1380601107",Bgy,,Highly Urbanized Cities (HUC),,U,"6377","7003","0.15780137",No,,"0.0184720828748424",,,ADMIN2,"1748789491000","792","3","3","1252.85539979583","114187.433873518","112934.578473722","155470.021772953","51823.3405909845","40029.7324996398","46853.4712169652","1252.85539979583","1252.85539979583","20641.2939497178","77108.5831865788","56467.289236861","792","3","3","655.315604278545","122835.989935127","122180.674330848","155470.020894072","51823.340298024","31978.7153546669","51816.2532373905","655.315604278545","655.315604278545","16317.0154794727","77407.3526448968","61090.3371654241","792","3","3","1252.85539979583","114187.433873518","112934.578473722","155470.021772953","51823.3405909845","40029.7324996398","46853.4712169652","1252.85539979583","1252.85539979583","20641.2939497178","77108.5831865788","56467.289236861"
"793","3989","8011339011170000",{5401E780-1253-4623-A979-FE3970B1C495},"1.76051359848319e-06",National Capital Region (NCR),"NCR, First District, City of Manila",City of Manila - Tondo I / II,Barangay 117,"130000000","133900000","133901000","133901117","1380601117",Bgy,,Highly Urbanized Cities (HUC),,U,"4396","4160","0.02098687",No,,"0.00622484738295712",,,ADMIN2,"1748789491000","793","3","3","1415.04907807652","16221.615212299","14806.5661342225","20986.8705160563","6995.62350535209","3350.20622568078","6571.42300819594","1415.04907807652","1415.04907807652","2382.62765187865","9785.91071898988","7403.28306711123","793","2","2","8961.03109162779","12025.8411714285","3064.81007980069","20986.8722630563","10493.4361315281","10493.4361315281","1532.40503990035","8961.03109162779","8961.03109162779","8961.03109162779","12025.8411714285","3064.81007980069","793","3","3","1415.04907807652","16221.615212299","14806.5661342225","20986.8705160563","6995.62350535209","3350.20622568078","6571.42300819594","1415.04907807652","1415.04907807652","2382.62765187865","9785.91071898988","7403.28306711123"
"794","3992","8011339011180000",{8EA403F6-0B05-415E-B4FB-2E8E954BD62A},"1.19033055377743e-05",National Capital Region (NCR),"NCR, First District, City of Manila",City of Manila - Tondo I / II,Barangay 118,"130000000","133900000","133901000","133901118","1380601118",Bgy,,Highly Urbanized Cities (HUC),,U,"10077","10840","0.14189991",No,,"0.0228942898029419",,,ADMIN2,"1748789491000","794","3","3","199.921465021063","107495.170694992","107295.249229971","136015.497870462","45338.4992901541","28320.4057104495","45425.9783137803","199.921465021063","199.921465021063","14260.1635877353","67907.7882027206","53647.6246149853","794","2","2","20286.2558217374","115729.242967599","95442.9871458618","136015.498789337","68007.7493946683","68007.7493946683","47721.4935729309","20286.2558217374","20286.2558217374","20286.2558217374","115729.242967599","95442.9871458618","794","3","3","199.921465021063","107495.170694992","107295.249229971","136015.497870462","45338.4992901541","28320.4057104495","45425.9783137803","199.921465021063","199.921465021063","14260.1635877353","67907.7882027206","53647.6246149853"
"795","3998","8011339010120000",{F3B60EB5-A6E5-45F6-AEBB-C592BEAD1E60},"1.72442919926202e-06",National Capital Region (NCR),"NCR, First District, City of Manila",City of Manila - Tondo I / II,Barangay 12,"130000000","133900000","133901000","133901012","1380601012",Bgy,,Highly Urbanized Cities (HUC),,U,"2654","2137","0.02055812",No,,"0.00613171742537854",,,ADMIN2,"1748789491000","795","3","3","323.681329869745","17828.8127902853","17505.1314604155","20558.1163248811","6852.70544162703","2405.62220472608","7807.68078448188","323.681329869745","323.681329869745","1364.65176729791","10117.2174975057","8752.56573020776","795","2","2","7604.48901846548","12953.6191959293","5349.13017746386","20558.1082143948","10279.0541071974","10279.0541071974","2674.56508873193","7604.48901846548","7604.48901846548","7604.48901846548","12953.6191959293","5349.13017746386","795","3","3","323.681329869745","17828.8127902853","17505.1314604155","20558.1163248811","6852.70544162703","2405.62220472608","7807.68078448188","323.681329869745","323.681329869745","1364.65176729791","10117.2174975057","8752.56573020776"
"796","4020","8011339011210000",{2E5B3385-4C1E-40B2-AA22-9BD20C718A23},"2.34814414841453e-06",National Capital Region (NCR),"NCR, First District, City of Manila",City of Manila - Tondo I / II,Barangay 121,"130000000","133900000","133901000","133901121","1380601121",Bgy,,Highly Urbanized Cities (HUC),,U,"5617","4511","0.02799242",No,,"0.00839888652538004",,,ADMIN2,"1748789491000","796","2","2","7205.12812733152","20787.2903538087","13582.1622264772","27992.4184811402","13996.2092405701","13996.2092405701","6791.0811132386","7205.12812733152","7205.12812733152","7205.12812733152","20787.2903538087","13582.1622264772","796","2","2","4176.24248958662","23816.1760286788","19639.9335390921","27992.4185182654","13996.2092591327","13996.2092591327","9819.96676954606","4176.24248958662","4176.24248958662","4176.24248958662","23816.1760286788","19639.9335390921","796","2","2","7205.12812733152","20787.2903538087","13582.1622264772","27992.4184811402","13996.2092405701","13996.2092405701","6791.0811132386","7205.12812733152","7205.12812733152","7205.12812733152","20787.2903538087","13582.1622264772"
"797","4035","8011339011260000",{6BC7AD85-068F-454E-9FE0-188EC8A07C77},"1.14528005774921e-05",National Capital Region (NCR),"NCR, First District, City of Manila",City of Manila - Tondo I / II,Barangay 126,"130000000","133900000","133901000","133901126","1380601126",Bgy,,Highly Urbanized Cities (HUC),,U,"1054","1162","0.13651702",No,,"0.017666472646966",,,ADMIN2,"1748789491000","797","4","4","2365.05078605557","100655.834427758","98290.7836417028","136517.018739311","34129.2546848278","16748.0667627486","38868.4385430121","2365.05078605557","2365.05078605557","8844.14998137006","59414.3593882855","50570.2094069155","797","3","3","24678.1987292832","68453.704814819","43775.5060855359","136517.021328613","45505.6737762043","43385.1177845107","17934.0700260078","24678.1987292832","24678.1987292832","34031.6582568969","55919.4112996648","21887.7530427679","797","4","4","2365.05078605557","100655.834427758","98290.7836417028","136517.018739311","34129.2546848278","16748.0667627486","38868.4385430121","2365.05078605557","2365.05078605557","8844.14998137006","59414.3593882855","50570.2094069155"
"798","4078","8011339011350000",{FCF3D819-8E37-42F7-84C5-FD0D9A987924},"2.71814535987189e-06",National Capital Region (NCR),"NCR, First District, City of Manila",City of Manila - Tondo I / II,Barangay 135,"130000000","133900000","133901000","133901135","1380601135",Bgy,,Highly Urbanized Cities (HUC),,U,"2057","1935","0.03240014",No,,"0.00757374296579548",,,ADMIN2,"1748789491000","798","3","3","599.769895018369","31134.0785718979","30534.3086768796","32400.1377528111","10800.0459176037","666.289285894763","14378.358023937","599.769895018369","599.769895018369","633.029590456566","15900.1839288964","15267.1543384398","798","4","4","392.521304303576","29807.7304144828","29415.2091101793","32400.1377077577","8100.03442693943","1099.94299448564","12546.0417425649","392.521304303576","392.521304303576","396.183960553346","15803.8848933255","15407.7009327722","798","3","3","599.769895018369","31134.0785718979","30534.3086768796","32400.1377528111","10800.0459176037","666.289285894763","14378.358023937","599.769895018369","599.769895018369","633.029590456566","15900.1839288964","15267.1543384398"
"799","4094","8011339010140000",{9ECB9163-48DB-41A1-9F50-84E61E7495C3},"1.21335064002031e-06",National Capital Region (NCR),"NCR, First District, City of Manila",City of Manila - Tondo I / II,Barangay 14,"130000000","133900000","133901000","133901014","1380601014",Bgy,,Highly Urbanized Cities (HUC),,U,"2283","2070","0.01446509",No,,"0.00578436105704494",,,ADMIN2,"1748789491000","799","2","2","2448.9976950223","12016.1008848528","9567.10318983049","14465.0985798751","7232.54928993754","7232.54928993754","4783.55159491524","2448.9976950223","2448.9976950223","2448.9976950223","12016.1008848528","9567.10318983049","799","3","3","399.845354520279","11819.3674885347","11419.5221340144","14465.0986811158","4821.69956037195","2245.88583806084","5005.16291385512","399.845354520279","399.845354520279","1322.86559629056","7032.62666329778","5709.76106700722","799","2","2","2448.9976950223","12016.1008848528","9567.10318983049","14465.0985798751","7232.54928993754","7232.54928993754","4783.55159491524","2448.9976950223","2448.9976950223","2448.9976950223","12016.1008848528","9567.10318983049"
"800","4107","8011339011400000",{69CE0FA0-22CE-45E1-92DB-1CB8194676FB},"2.72297988823355e-06",National Capital Region (NCR),"NCR, First District, City of Manila",City of Manila - Tondo I / II,Barangay 140,"130000000","133900000","133901000","133901140","1380601140",Bgy,,Highly Urbanized Cities (HUC),,U,"671","543","0.03245821",No,,"0.00674996957190039",,,ADMIN2,"1748789491000","800","1","1","32458.2070806324","32458.2070806324","0","32458.2070806324","32458.2070806324","32458.2070806324","0","32458.2070806324","32458.2070806324","32458.2070806324","32458.2070806324","0","800","2","2","999.614088200091","31458.5929924324","30458.9789042323","32458.2070806324","16229.1035403162","16229.1035403162","15229.4894521161","999.614088200091","999.614088200091","999.614088200091","31458.5929924324","30458.9789042323","800","1","1","32458.2070806324","32458.2070806324","0","32458.2070806324","32458.2070806324","32458.2070806324","0","32458.2070806324","32458.2070806324","32458.2070806324","32458.2070806324","0"
"801","4116","8011339011430000",{DD770CFB-0D1D-4CE3-B1F6-4CDCB55FB88E},"8.63309243357342e-07",National Capital Region (NCR),"NCR, First District, City of Manila",City of Manila - Tondo I / II,Barangay 143,"130000000","133900000","133901000","133901143","1380601143",Bgy,,Highly Urbanized Cities (HUC),,U,"992","1401","0.0102907",No,,"0.00420913364033626",,,ADMIN2,"1748789491000","801","2","2","1457.31884056645","8833.37362364947","7376.05478308302","10290.6924642159","5145.34623210796","5145.34623210796","3688.02739154151","1457.31884056645","1457.31884056645","1457.31884056645","8833.37362364947","7376.05478308302","801","3","3","500.626152850571","8172.19055340518","7671.56440055461","10290.6909353299","3430.23031177665","1617.87422907419","3383.95242439426","500.626152850571","500.626152850571","1059.25019096238","4895.03239123969","3835.78220027731","801","2","2","1457.31884056645","8833.37362364947","7376.05478308302","10290.6924642159","5145.34623210796","5145.34623210796","3688.02739154151","1457.31884056645","1457.31884056645","1457.31884056645","8833.37362364947","7376.05478308302"
"802","4119","8011339011440000",{7A605A6C-E750-4DFD-ADC2-040036279843},"2.62658648872822e-06",National Capital Region (NCR),"NCR, First District, City of Manila",City of Manila - Tondo I / II,Barangay 144,"130000000","133900000","133901000","133901144","1380601144",Bgy,,Highly Urbanized Cities (HUC),,U,"1775","880","0.03130918",No,,"0.0065870082078751",,,ADMIN2,"1748789491000","802","3","3","99.9617846017354","28032.8869132345","27932.9251286327","31309.1821816461","10436.3940605487","3176.33348380993","12505.8236099264","99.9617846017354","99.9617846017354","1638.14763420583","15604.6101985222","13966.4625643164","802","3","3","2718.51218120833","25814.1767340433","23095.6645528349","31309.1837056731","10436.3945685577","2776.49479042148","10873.7598141148","2718.51218120833","2718.51218120833","2747.50348581491","14295.3357622324","11547.8322764175","802","3","3","99.9617846017354","28032.8869132345","27932.9251286327","31309.1821816461","10436.3940605487","3176.33348380993","12505.8236099264","99.9617846017354","99.9617846017354","1638.14763420583","15604.6101985222","13966.4625643164"
"803","4128","8011339011470000",{5E1DFF63-F650-42A3-ACAF-E3C9EAF4DC4A},"1.09081783151666e-05",National Capital Region (NCR),"NCR, First District, City of Manila",City of Manila - Tondo I / II,Barangay 147,"130000000","133900000","133901000","133901147","1380601147",Bgy,,Highly Urbanized Cities (HUC),,U,"2140","2275","0.13003109",No,,"0.0202109055450096",,,ADMIN2,"1748789491000","803","4","4","4892.15336994636","84712.9094937466","79820.7561238003","130031.084574759","32507.7711436898","20213.0108555331","30852.9677383324","4892.15336994636","4892.15336994636","11081.9786316057","53933.5636557739","42851.5850241682","803","4","4","15591.5781500578","70894.0318210421","55302.4536709843","130031.078643371","32507.7696608427","21772.7343361355","22315.7036271825","15591.5781500578","15591.5781500578","18205.463365231","46810.0759564544","28604.6125912234","803","4","4","4892.15336994636","84712.9094937466","79820.7561238003","130031.084574759","32507.7711436898","20213.0108555331","30852.9677383324","4892.15336994636","4892.15336994636","11081.9786316057","53933.5636557739","42851.5850241682"
"804","4162","8011339011540000",{B7A4B064-F96A-49DB-B544-424549F9ADD0},"2.03092067396357e-06",National Capital Region (NCR),"NCR, First District, City of Manila",City of Manila - Tondo I / II,Barangay 154,"130000000","133900000","133901000","133901154","1380601154",Bgy,,Highly Urbanized Cities (HUC),,U,"1112","948","0.02421003",No,,"0.00570436991491075",,,ADMIN2,"1748789491000","804","4","4","194.532810864388","21451.8219134761","21257.2891026117","24210.0295301078","6052.50738252696","1281.83740288369","8921.99146598349","194.532810864388","194.532810864388","314.748473237407","11790.2662918165","11475.5178185791","804","4","4","104.320745600282","14431.8123782375","14327.4916326372","24210.0309436543","6052.50773591357","4836.94890990825","5802.75298601243","104.320745600282","104.320745600282","663.049159413009","11441.9663124141","10778.9171530011","804","4","4","194.532810864388","21451.8219134761","21257.2891026117","24210.0295301078","6052.50738252696","1281.83740288369","8921.99146598349","194.532810864388","194.532810864388","314.748473237407","11790.2662918165","11475.5178185791"
"805","4253","8011339011770000",{27465DD7-384D-4DCC-A44E-EFCD19AF6483},"1.15054191228729e-05",National Capital Region (NCR),"NCR, First District, City of Manila",City of Manila - Tondo I / II,Barangay 177,"130000000","133900000","133901000","133901177","1380601177",Bgy,,Highly Urbanized Cities (HUC),,U,"3239","3308","0.13714351",No,,"0.0172002099725679",,,ADMIN2,"1748789491000","805","4","4","8286.27305630378","94066.7566487549","85780.4835924511","137143.613644302","34285.9034110756","17395.2919696218","34794.9941467687","8286.27305630378","8286.27305630378","11165.6045913453","57406.2022308059","46240.5976394606","805","4","4","5116.09279020601","90382.0455353778","85265.9527451718","137143.619677153","34285.9049192882","20822.7406757845","33018.4150427569","5116.09279020601","5116.09279020601","12674.7955393731","55897.0142992033","43222.2187598301","805","4","4","8286.27305630378","94066.7566487549","85780.4835924511","137143.613644302","34285.9034110756","17395.2919696218","34794.9941467687","8286.27305630378","8286.27305630378","11165.6045913453","57406.2022308059","46240.5976394606"
"806","4295","8011339011870000",{53B606EF-DB2D-4116-B48C-90B4EBD81DD7},"9.23138084469328e-07",National Capital Region (NCR),"NCR, First District, City of Manila",City of Manila - Tondo I / II,Barangay 187,"130000000","133900000","133901000","133901187","1380601187",Bgy,,Highly Urbanized Cities (HUC),,U,"871","886","0.01100366",No,,"0.0042590638103221",,,ADMIN2,"1748789491000","806","4","4","521.705029577643","4125.32144567723","3603.61641609958","11003.6575279283","2750.91438198209","3178.31552633674","1452.15944133604","521.705029577643","521.705029577643","1460.88375896373","4040.94500500044","2580.0612460367","806","4","4","717.358435056303","4351.08153745395","3633.72310239765","11003.6625580476","2750.9156395119","2967.61129276868","1334.61069943933","717.358435056303","717.358435056303","1637.86843641307","3863.96284261074","2226.09440619766","806","4","4","521.705029577643","4125.32144567723","3603.61641609958","11003.6575279283","2750.91438198209","3178.31552633674","1452.15944133604","521.705029577643","521.705029577643","1460.88375896373","4040.94500500044","2580.0612460367"
"807","4298","8011339011880000",{92A6FB10-F8C4-40EC-92EB-E25E9061B80F},"1.17167679271034e-06",National Capital Region (NCR),"NCR, First District, City of Manila",City of Manila - Tondo I / II,Barangay 188,"130000000","133900000","133901000","133901188","1380601188",Bgy,,Highly Urbanized Cities (HUC),,U,"1292","865","0.01396621",No,,"0.00455495964857073",,,ADMIN2,"1748789491000","807","1","1","13966.207943155","13966.207943155","0","13966.207943155","13966.207943155","13966.207943155","0","13966.207943155","13966.207943155","13966.207943155","13966.207943155","0","807","1","1","13966.207943155","13966.207943155","0","13966.207943155","13966.207943155","13966.207943155","0","13966.207943155","13966.207943155","13966.207943155","13966.207943155","0","807","1","1","13966.207943155","13966.207943155","0","13966.207943155","13966.207943155","13966.207943155","0","13966.207943155","13966.207943155","13966.207943155","13966.207943155","0"
"808","4314","8011339011900000",{99B500AA-928B-427F-A8D4-CE61D0DB17AA},"1.30551994159379e-06",National Capital Region (NCR),"NCR, First District, City of Manila",City of Manila - Tondo I / II,Barangay 190,"130000000","133900000","133901000","133901190","1380601190",Bgy,,Highly Urbanized Cities (HUC),,U,"1171","1232","0.01556148",No,,"0.00499851072640227",,,ADMIN2,"1748789491000","808","2","2","314.122389983697","15247.3594842103","14933.2370942266","15561.481874194","7780.74093709701","7780.74093709701","7466.61854711332","314.122389983697","314.122389983697","314.122389983697","15247.3594842103","14933.2370942266","808","2","2","137.689598175509","15423.7911182392","15286.1015200637","15561.4807164147","7780.74035820736","7780.74035820736","7643.05076003185","137.689598175509","137.689598175509","137.689598175509","15423.7911182392","15286.1015200637","808","2","2","314.122389983697","15247.3594842103","14933.2370942266","15561.481874194","7780.74093709701","7780.74093709701","7466.61854711332","314.122389983697","314.122389983697","314.122389983697","15247.3594842103","14933.2370942266"
"809","4316","8011339011910000",{B0CA958F-13C7-4C4A-BCED-1AB3FCC39200},"8.78911384219864e-07",National Capital Region (NCR),"NCR, First District, City of Manila",City of Manila - Tondo I / II,Barangay 191,"130000000","133900000","133901000","133901191","1380601191",Bgy,,Highly Urbanized Cities (HUC),,U,"712","703","0.01047641",No,,"0.003867463785351",,,ADMIN2,"1748789491000","809","3","3","51.3730083958944","10003.3767411813","9952.00373278538","10476.415837814","3492.13861260465","421.666088236787","4606.62173517767","51.3730083958944","51.3730083958944","236.519548316341","5212.52141470903","4976.00186639269","809","2","2","305.752963365841","10170.6638622782","9864.91089891236","10476.416825644","5238.20841282202","5238.20841282202","4932.45544945618","305.752963365841","305.752963365841","305.752963365841","10170.6638622782","9864.91089891236","809","3","3","51.3730083958944","10003.3767411813","9952.00373278538","10476.415837814","3492.13861260465","421.666088236787","4606.62173517767","51.3730083958944","51.3730083958944","236.519548316341","5212.52141470903","4976.00186639269"
"810","4322","8011339011940000",{CF90A620-5FCA-4AFE-A22C-F65A8691C771},"1.42540318044795e-06",National Capital Region (NCR),"NCR, First District, City of Manila",City of Manila - Tondo I / II,Barangay 194,"130000000","133900000","133901000","133901194","1380601194",Bgy,,Highly Urbanized Cities (HUC),,U,"888","775","0.01699064",No,,"0.0051439698742496",,,ADMIN2,"1748789491000","810","4","4","99.9626692750317","15468.367427126","15368.4047578509","16990.6437692014","4247.66094230036","711.156836400216","6483.62760579616","99.9626692750317","99.9626692750317","346.051184330245","8149.27070027047","7803.21951594023","810","4","4","99.9626688767748","15468.367427126","15368.4047582492","16990.6443280543","4247.66108201357","711.157116025777","6485.31086581499","99.9626688767748","99.9626688767748","285.323410594654","8209.9987534325","7924.67534283784","810","4","4","99.9626692750317","15468.367427126","15368.4047578509","16990.6437692014","4247.66094230036","711.156836400216","6483.62760579616","99.9626692750317","99.9626692750317","346.051184330245","8149.27070027047","7803.21951594023"
"811","4328","8011339011970000",{FC1567F7-3859-408D-933F-B5E4AA8FF64D},"1.21936058069273e-06",National Capital Region (NCR),"NCR, First District, City of Manila",City of Manila - Tondo I / II,Barangay 197,"130000000","133900000","133901000","133901197","1380601197",Bgy,,Highly Urbanized Cities (HUC),,U,"873","523","0.01453471",No,,"0.00459955979601882",,,ADMIN2,"1748789491000","811","4","4","1696.17113625798","7903.17665563713","6207.00551937914","14534.7122282487","3633.67805706218","2467.6822181768","2516.13462658354","1696.17113625798","1696.17113625798","1803.06965911108","5464.28645501327","3661.21679590219","811","4","4","1553.93014113033","7476.91621659057","5922.98607546023","14534.715689701","3633.67892242525","2751.93466599005","2281.02742895566","1553.93014113033","1553.93014113033","2010.81855548475","5256.53928936576","3245.72073388101","811","4","4","1696.17113625798","7903.17665563713","6207.00551937914","14534.7122282487","3633.67805706218","2467.6822181768","2516.13462658354","1696.17113625798","1696.17113625798","1803.06965911108","5464.28645501327","3661.21679590219"
"812","4330","8011339011980000",{B0008B6E-6A2E-4133-B6DE-DDD747AA025E},"3.6320390543808e-06",National Capital Region (NCR),"NCR, First District, City of Manila",City of Manila - Tondo I / II,Barangay 198,"130000000","133900000","133901000","133901198","1380601198",Bgy,,Highly Urbanized Cities (HUC),,U,"5397","5032","0.04329422",No,,"0.00869843047154998",,,ADMIN2,"1748789491000","812","2","2","11235.1581901235","32059.0590300886","20823.9008399651","43294.217220212","21647.108610106","21647.108610106","10411.9504199825","11235.1581901235","11235.1581901235","11235.1581901235","32059.0590300886","20823.9008399651","812","3","3","799.700446651113","24174.1566105317","23374.4561638806","43294.217453481","14431.405817827","18320.3603962982","9930.90382004086","799.700446651113","799.700446651113","9560.03042147465","21247.258503415","11687.2280819403","812","2","2","11235.1581901235","32059.0590300886","20823.9008399651","43294.217220212","21647.108610106","21647.108610106","10411.9504199825","11235.1581901235","11235.1581901235","11235.1581901235","32059.0590300886","20823.9008399651"
"813","4762","8011339050570000",{9B2D03BE-6802-4EB9-895A-1A3C067AADCC},"3.80348755740668e-06",National Capital Region (NCR),"NCR, First District, City of Manila",City of Manila - Santa Cruz,Barangay 355,"130000000","133900000","133905000","133905057","1380605057",Bgy,,Highly Urbanized Cities (HUC),,U,"1075","970","0.04534058",No,,"0.00821243649839503",,,ADMIN2,"1748789491000","813","3","3","397.178631529096","42611.6807723281","42214.502140799","45340.5832444622","15113.5277481541","2331.72384060503","19460.1632589444","397.178631529096","397.178631529096","1364.45123606706","22471.7023064665","21107.2510703995","813","3","3","797.029727204994","34463.9884368057","33666.9587096007","45340.5828863319","15113.5276287773","10079.5647223213","14197.9250619277","797.029727204994","797.029727204994","5438.29722476315","22271.7765795635","16833.4793548003","813","3","3","397.178631529096","42611.6807723281","42214.502140799","45340.5832444622","15113.5277481541","2331.72384060503","19460.1632589444","397.178631529096","397.178631529096","1364.45123606706","22471.7023064665","21107.2510703995"
"814","4332","8011339011990000",{D57A73A9-1F98-40D7-B020-6F91D621FE02},"3.00202383366885e-06",National Capital Region (NCR),"NCR, First District, City of Manila",City of Manila - Tondo I / II,Barangay 199,"130000000","133900000","133901000","133901199","1380601199",Bgy,,Highly Urbanized Cities (HUC),,U,"3355","3471","0.03578391",No,,"0.00823991863706683",,,ADMIN2,"1748789491000","814","3","3","176.875100480567","32551.0373137886","32374.162213308","35783.9104683794","11927.9701561265","3055.99805411021","14630.003679371","176.875100480567","176.875100480567","1616.43657729539","17803.5176839494","16187.081106654","814","3","3","1589.7368747712","32474.2554271789","30884.5185524077","35783.911584128","11927.9705280427","1719.9192821779","14528.5145887241","1589.7368747712","1589.7368747712","1654.82807847455","17097.0873546784","15442.2592762038","814","3","3","176.875100480567","32551.0373137886","32374.162213308","35783.9104683794","11927.9701561265","3055.99805411021","14630.003679371","176.875100480567","176.875100480567","1616.43657729539","17803.5176839494","16187.081106654"
"815","4454","8011339012220000",{823BEDAF-3CE2-4D15-8979-1ED2B7219FE5},"2.10254798254294e-06",National Capital Region (NCR),"NCR, First District, City of Manila",City of Manila - Tondo I / II,Barangay 221,"130000000","133900000","133901000","133901222","1380601222",Bgy,,Highly Urbanized Cities (HUC),,U,"2914","3353","0.02506373",No,,"0.00717267236459846",,,ADMIN2,"1748789491000","815","2","2","4962.56885204592","20101.1628938142","15138.5940417683","25063.7317458601","12531.8658729301","12531.8658729301","7569.29702088414","4962.56885204592","4962.56885204592","4962.56885204592","20101.1628938142","15138.5940417683","815","3","3","0.0595048402428802","17958.628302896","17958.5687980558","25063.7318148044","8354.57727160148","7105.04400706815","7384.60327767657","0.0595048402428802","0.0595048402428802","3552.5517559542","12531.8361549821","8979.2843990279","815","2","2","4962.56885204592","20101.1628938142","15138.5940417683","25063.7317458601","12531.8658729301","12531.8658729301","7569.29702088414","4962.56885204592","4962.56885204592","4962.56885204592","20101.1628938142","15138.5940417683"
"816","4461","8011339012290000",{80162A31-EA8A-4587-80C6-15702A69123F},"1.27269326888292e-06",National Capital Region (NCR),"NCR, First District, City of Manila",City of Manila - Tondo I / II,Barangay 228,"130000000","133900000","133901000","133901229","1380601229",Bgy,,Highly Urbanized Cities (HUC),,U,"2015","3010","0.01517125",No,,"0.00503489935155489",,,ADMIN2,"1748789491000","816","2","2","763.438306037395","14407.8096734367","13644.3713673993","15171.2479794741","7585.62398973707","7585.62398973707","6822.18568369967","763.438306037395","763.438306037395","763.438306037395","14407.8096734367","13644.3713673993","816","2","2","3427.18874725263","11744.0592082239","8316.87046097125","15171.2479554765","7585.62397773826","7585.62397773826","4158.43523048563","3427.18874725263","3427.18874725263","3427.18874725263","11744.0592082239","8316.87046097125","816","2","2","763.438306037395","14407.8096734367","13644.3713673993","15171.2479794741","7585.62398973707","7585.62398973707","6822.18568369967","763.438306037395","763.438306037395","763.438306037395","14407.8096734367","13644.3713673993"
"817","4462","8011339012300000",{733856D4-2C48-4588-A9EC-9F86D2A8236A},"1.57658876430412e-06",National Capital Region (NCR),"NCR, First District, City of Manila",City of Manila - Tondo I / II,Barangay 229,"130000000","133900000","133901000","133901230","1380601230",Bgy,,Highly Urbanized Cities (HUC),,U,"1281","1545","0.01879417",No,,"0.00689102524731738",,,ADMIN2,"1748789491000","817","3","3","266.088643534953","11092.5702102467","10826.4815667118","18794.1715521991","6264.72385073302","7435.51269841738","4496.75702945904","266.088643534953","266.088643534953","3850.80067097617","9264.04145433205","5413.24078335588","817","3","3","3904.79867113301","10570.9417177031","6666.14304657008","18794.1752121228","6264.7250707076","4318.43482328671","3049.63386597342","3904.79867113301","3904.79867113301","4111.61674720986","7444.6882704949","3333.07152328504","817","3","3","266.088643534953","11092.5702102467","10826.4815667118","18794.1715521991","6264.72385073302","7435.51269841738","4496.75702945904","266.088643534953","266.088643534953","3850.80067097617","9264.04145433205","5413.24078335588"
"818","4474","8011339012310000",{F4BC997A-9E33-400C-846D-AADEFF8203A7},"9.15540628824566e-07",National Capital Region (NCR),"NCR, First District, City of Manila",City of Manila - Tondo I / II,Barangay 230,"130000000","133900000","133901000","133901231","1380601231",Bgy,,Highly Urbanized Cities (HUC),,U,"1345","2364","0.01091396",No,,"0.00645423064431875",,,ADMIN2,"1748789491000","818","3","3","809.724224123376","8362.35896621231","7552.63474208894","10913.957092417","3637.98569747232","1741.87390208128","3362.24159773585","809.724224123376","809.724224123376","1275.79906310233","5052.1164341468","3776.31737104447","818","3","3","290.570098398952","5389.16052370358","5098.59042530462","10913.9605572788","3637.98685242626","5234.22993517624","2367.8260163664","290.570098398952","290.570098398952","2762.4000167876","5311.69522943991","2549.29521265231","818","3","3","809.724224123376","8362.35896621231","7552.63474208894","10913.957092417","3637.98569747232","1741.87390208128","3362.24159773585","809.724224123376","809.724224123376","1275.79906310233","5052.1164341468","3776.31737104447"
"819","4475","8011339012320000",{B0BCA809-D6D4-4FFE-8EDB-F6179AB3A58F},"2.03760413927543e-06",National Capital Region (NCR),"NCR, First District, City of Manila",City of Manila - Tondo I / II,Barangay 231,"130000000","133900000","133901000","133901232","1380601232",Bgy,,Highly Urbanized Cities (HUC),,U,"2432","1888","0.02428962",No,,"0.0088422260430518",,,ADMIN2,"1748789491000","819","2","2","7935.89710498651","16353.7240898203","8417.82698483379","24289.6211948068","12144.8105974034","12144.8105974034","4208.9134924169","7935.89710498651","7935.89710498651","7935.89710498651","16353.7240898203","8417.82698483379","819","3","3","972.567388859039","15244.6918050185","14272.1244161594","24289.6192681327","8096.53975604425","8072.36007425525","5826.59547994321","972.567388859039","972.567388859039","4522.46373155715","11658.5259396369","7136.06220807971","819","2","2","7935.89710498651","16353.7240898203","8417.82698483379","24289.6211948068","12144.8105974034","12144.8105974034","4208.9134924169","7935.89710498651","7935.89710498651","7935.89710498651","16353.7240898203","8417.82698483379"
"820","4518","8011339012540000",{8327869A-A39B-4045-BEDB-A08C7790CCF6},"1.99124982457017e-06",National Capital Region (NCR),"NCR, First District, City of Manila",City of Manila - Tondo I / II,Barangay 253,"130000000","133900000","133901000","133901254","1380601254",Bgy,,Highly Urbanized Cities (HUC),,U,"1491","1329","0.02373773",No,,"0.0100620426293846",,,ADMIN2,"1748789491000","820","3","3","1831.19895777734","12943.1118795646","11111.9129217872","23737.7302411528","7912.57674705092","8963.41940381088","4596.87248117639","1831.19895777734","1831.19895777734","5397.30918079411","10953.2656416877","5555.95646089361","820","3","3","3864.99878372104","15510.8503531226","11645.8515694015","23737.723954874","7912.57465162466","4361.87481803036","5376.62016979366","3864.99878372104","3864.99878372104","4113.4368008757","9936.36258557647","5822.92578470077","820","3","3","1831.19895777734","12943.1118795646","11111.9129217872","23737.7302411528","7912.57674705092","8963.41940381088","4596.87248117639","1831.19895777734","1831.19895777734","5397.30918079411","10953.2656416877","5555.95646089361"
"821","4557","8011339040070000",{1DB4F5F1-BDB1-4475-AF16-A9DB29123E5F},"1.01514752551042e-06",National Capital Region (NCR),"NCR, First District, City of Manila",City of Manila - San Nicolas,Barangay 274,"130000000","133900000","133904000","133904007","1380604007",Bgy,,Highly Urbanized Cities (HUC),,U,"1857","1944","0.01210229",No,,"0.00499117182128183",,,ADMIN2,"1748789491000","821","2","2","1556.63820985194","10545.6515696457","8989.0133597938","12102.2897794977","6051.14488974884","6051.14488974884","4494.5066798969","1556.63820985194","1556.63820985194","1556.63820985194","10545.6515696457","8989.0133597938","821","2","2","5989.85455256269","6112.43728607393","122.582733511243","12102.2918386366","6051.14591931831","6051.14591931831","61.2913667556213","5989.85455256269","5989.85455256269","5989.85455256269","6112.43728607393","122.582733511243","821","2","2","1556.63820985194","10545.6515696457","8989.0133597938","12102.2897794977","6051.14488974884","6051.14488974884","4494.5066798969","1556.63820985194","1556.63820985194","1556.63820985194","10545.6515696457","8989.0133597938"
"822","4575","8011339020010000",{9FA90F68-BE15-45BE-9DED-D5B0D6A242DC},"1.07116685223591e-05",National Capital Region (NCR),"NCR, First District, City of Manila",City of Manila - Binondo,Barangay 287,"130000000","133900000","133902000","133902001","1380602001",Bgy,,Highly Urbanized Cities (HUC),,U,"2049","2546","0.12770226",No,,"0.0217274987793975",,,ADMIN2,"1748789491000","822","3","3","266.644229767087","83073.48916457","82806.8449348029","127702.372394976","42567.4574649921","44362.2390006393","33829.5661868396","266.644229767087","266.644229767087","22314.4416152032","63717.8640826046","41403.4224674014","822","4","4","55.5619745428849","91173.7560023664","91118.1940278235","127702.362083195","31925.5905207988","18236.5220531429","36705.5536072376","55.5619745428849","55.5619745428849","1332.86693132654","62518.314110271","61185.4471789445","822","3","3","266.644229767087","83073.48916457","82806.8449348029","127702.372394976","42567.4574649921","44362.2390006393","33829.5661868396","266.644229767087","266.644229767087","22314.4416152032","63717.8640826046","41403.4224674014"
"823","4591","8011339020070000",{A9CA8ECC-C3C7-436B-825B-F2C590EEE3F4},"1.06821903097109e-05",National Capital Region (NCR),"NCR, First District, City of Manila",City of Manila - Binondo,Barangay 293,"130000000","133900000","133902000","133902007","1380602007",Bgy,,Highly Urbanized Cities (HUC),,U,"2937","3565","0.12734773",No,,"0.0141804226333134",,,ADMIN2,"1748789491000","823","2","2","28498.1606198396","98849.5798022708","70351.4191824312","127347.74042211","63673.8702110552","63673.8702110552","35175.7095912156","28498.1606198396","28498.1606198396","28498.1606198396","98849.5798022708","70351.4191824312","823","3","3","2798.94068025929","116891.926917305","114092.986237046","127347.74009563","42449.2466985433","7656.87249806573","52676.2714069071","2798.94068025929","2798.94068025929","5227.90658916251","62274.3997076853","57046.4931185228","823","2","2","28498.1606198396","98849.5798022708","70351.4191824312","127347.74042211","63673.8702110552","63673.8702110552","35175.7095912156","28498.1606198396","28498.1606198396","28498.1606198396","98849.5798022708","70351.4191824312"
"824","4594","8011339020100000",{942FB88D-8453-4C9E-AAE8-02A1D2325A6F},"2.93765317555938e-06",National Capital Region (NCR),"NCR, First District, City of Manila",City of Manila - Binondo,Barangay 296,"130000000","133900000","133902000","133902010","1380602010",Bgy,,Highly Urbanized Cities (HUC),,U,"1425","1195","0.0350216",No,,"0.0104905222103234",,,ADMIN2,"1748789491000","824","2","2","3099.61141578845","31921.9884733376","28822.3770575491","35021.599889126","17510.799944563","17510.799944563","14411.1885287746","3099.61141578845","3099.61141578845","3099.61141578845","31921.9884733376","28822.3770575491","824","2","2","14707.9736496879","20313.6264698846","5605.65282019663","35021.6001195725","17510.8000597863","17510.8000597863","2802.82641009831","14707.9736496879","14707.9736496879","14707.9736496879","20313.6264698846","5605.65282019663","824","2","2","3099.61141578845","31921.9884733376","28822.3770575491","35021.599889126","17510.799944563","17510.799944563","14411.1885287746","3099.61141578845","3099.61141578845","3099.61141578845","31921.9884733376","28822.3770575491"
"825","4684","8011339050120000",{7A0F3E67-1910-464B-9671-E42814130D37},"7.2548727100717e-06",National Capital Region (NCR),"NCR, First District, City of Manila",City of Manila - Santa Cruz,Barangay 310,"130000000","133900000","133905000","133905012","1380605012",Bgy,,Highly Urbanized Cities (HUC),,U,"20483","13602","0.08648895",No,,"0.0115182700781141",,,ADMIN2,"1748789491000","825","3","3","1199.56105370462","81160.9217273634","79961.3606736588","86488.9505834861","28829.6501944954","4128.46780241812","37023.1108801942","1199.56105370462","1199.56105370462","2664.01442806137","42644.6947648908","39980.6803368294","825","4","4","363.423731550029","68473.1614356315","68109.7377040814","86488.952138378","21622.2380345945","8826.18348559825","27839.1964828165","363.423731550029","363.423731550029","631.547212431517","42612.9288567575","41981.381644326","825","3","3","1199.56105370462","81160.9217273634","79961.3606736588","86488.9505834861","28829.6501944954","4128.46780241812","37023.1108801942","1199.56105370462","1199.56105370462","2664.01442806137","42644.6947648908","39980.6803368294"
"826","4721","8011339050330000",{6B56FD53-666F-4346-A2CB-804C8781B975},"1.16040623667671e-05",National Capital Region (NCR),"NCR, First District, City of Manila",City of Manila - Santa Cruz,Barangay 331,"130000000","133900000","133905000","133905033","1380605033",Bgy,,Highly Urbanized Cities (HUC),,U,"1134","924","0.13833146",No,,"0.0145213026030168",,,ADMIN2,"1748789491000","826","3","3","6892.95606261158","96312.3550788567","89419.3990162451","138331.457777588","46110.4859258627","35126.14663612","37322.4598361429","6892.95606261158","6892.95606261158","21009.5513493658","65719.2508574883","44709.6995081226","826","3","3","21521.8593669076","62322.4268283973","40800.5674614896","138331.455031821","46110.4850106069","54487.1688365159","17678.5783786353","21521.8593669076","21521.8593669076","38004.5141017118","58404.7978324566","20400.2837307448","826","3","3","6892.95606261158","96312.3550788567","89419.3990162451","138331.457777588","46110.4859258627","35126.14663612","37322.4598361429","6892.95606261158","6892.95606261158","21009.5513493658","65719.2508574883","44709.6995081226"
"827","4749","8011339010350000",{A215B57E-1253-40F7-9DC4-DD1FDDF9D071},"1.28455908648569e-06",National Capital Region (NCR),"NCR, First District, City of Manila",City of Manila - Tondo I / II,Barangay 35,"130000000","133900000","133901000","133901035","1380601035",Bgy,,Highly Urbanized Cities (HUC),,U,"2412","2265","0.01531375",No,,"0.00459649912320983",,,ADMIN2,"1748789491000","827","2","2","4938.54897887675","10375.2002917807","5436.65131290392","15313.7492706574","7656.87463532871","7656.87463532871","2718.32565645196","4938.54897887675","4938.54897887675","4938.54897887675","10375.2002917807","5436.65131290392","827","2","2","2840.82250571889","12472.9311822306","9632.10867651175","15313.7536879495","7656.87684397477","7656.87684397477","4816.05433825587","2840.82250571889","2840.82250571889","2840.82250571889","12472.9311822306","9632.10867651175","827","2","2","4938.54897887675","10375.2002917807","5436.65131290392","15313.7492706574","7656.87463532871","7656.87463532871","2718.32565645196","4938.54897887675","4938.54897887675","4938.54897887675","10375.2002917807","5436.65131290392"
"828","4757","8011339050520000",{AA0DBBE1-4C8F-40C9-B5A1-A961474A4090},"1.30450973248021e-05",National Capital Region (NCR),"NCR, First District, City of Manila",City of Manila - Santa Cruz,Barangay 350,"130000000","133900000","133905000","133905052","1380605052",Bgy,,Highly Urbanized Cities (HUC),,U,"4232","6776","0.15550682",No,,"0.0145451044153668",,,ADMIN2,"1748789491000","828","4","4","99.9637465494452","120108.727918624","120008.764172075","155506.888829712","38876.7222074279","17649.098582269","47938.5810130704","99.9637465494452","99.9637465494452","4014.87016739911","73738.5742474568","69723.7040800577","828","4","4","99.963747200527","132899.905792004","132799.942044803","155506.89817859","38876.7245446474","11253.5143196925","54978.4695667033","99.963747200527","99.963747200527","427.343978920071","77326.1051103747","76898.7611314547","828","4","4","99.9637465494452","120108.727918624","120008.764172075","155506.888829712","38876.7222074279","17649.098582269","47938.5810130704","99.9637465494452","99.9637465494452","4014.87016739911","73738.5742474568","69723.7040800577"
"829","4759","8011339050540000",{A9B8B2BD-5247-4141-9CAB-F35ED0F6F1F2},"2.99402671897174e-06",National Capital Region (NCR),"NCR, First District, City of Manila",City of Manila - Santa Cruz,Barangay 352,"130000000","133900000","133905000","133905054","1380605054",Bgy,,Highly Urbanized Cities (HUC),,U,"1640","1342","0.0356913",No,,"0.00975907853696568",,,ADMIN2,"1748789491000","829","3","3","4162.21841293138","26827.1709692784","22664.9525563471","35691.2895881368","11897.0965293789","4701.90020592696","10559.4556739486","4162.21841293138","4162.21841293138","4432.05930942917","15764.5355876027","11332.4762781735","829","3","3","7973.99415885921","15296.1697191277","7322.17556026853","35691.2972514958","11897.0990838319","12421.1333735088","3012.14460547258","7973.99415885921","7973.99415885921","10197.563766184","13858.6515463183","3661.08778013427","829","3","3","4162.21841293138","26827.1709692784","22664.9525563471","35691.2895881368","11897.0965293789","4701.90020592696","10559.4556739486","4162.21841293138","4162.21841293138","4432.05930942917","15764.5355876027","11332.4762781735"
"830","4763","8011339050580000",{2F9E66C3-83B0-4550-ABB9-A4F31CA82455},"1.7430293401748e-06",National Capital Region (NCR),"NCR, First District, City of Manila",City of Manila - Santa Cruz,Barangay 356,"130000000","133900000","133905000","133905058","1380605058",Bgy,,Highly Urbanized Cities (HUC),,U,"386","505","0.02077789",No,,"0.00560410441672365",,,ADMIN2,"1748789491000","830","2","2","232.66880881309","20545.2206095596","20312.5518007465","20777.8894183727","10388.9447091863","10388.9447091863","10156.2759003732","232.66880881309","232.66880881309","232.66880881309","20545.2206095596","20312.5518007465","830","2","2","4120.99380321856","16656.8956533729","12535.9018501544","20777.8894565915","10388.9447282957","10388.9447282957","6267.95092507718","4120.99380321856","4120.99380321856","4120.99380321856","16656.8956533729","12535.9018501544","830","2","2","232.66880881309","20545.2206095596","20312.5518007465","20777.8894183727","10388.9447091863","10388.9447091863","10156.2759003732","232.66880881309","232.66880881309","232.66880881309","20545.2206095596","20312.5518007465"
"831","4799","8011339050750000",{818F35A1-CE89-41D8-8980-CA14EEF1EEF3},"4.56606154088508e-05",National Capital Region (NCR),"NCR, First District, City of Manila",City of Manila - Santa Cruz,Barangay 372,"130000000","133900000","133905000","133905075","1380605075",Bgy,,Highly Urbanized Cities (HUC),,U,"3638","4136","0.54427689",No,,"0.034614300497661",,,ADMIN2,"1748789491000","831","4","4","299.891752319934","309499.929619555","309200.037867235","544276.959258259","136069.239814565","117238.568943192","112407.818213943","299.891752319934","299.891752319934","45917.3724467455","226221.107182384","180303.734735638","831","4","4","99.9639253354981","341906.765765081","341806.801839745","544276.98437255","136069.246093137","101135.127341067","127145.704211679","99.9639253354981","99.9639253354981","37547.5184046419","234590.973781633","197043.455376991","831","4","4","299.891752319934","309499.929619555","309200.037867235","544276.959258259","136069.239814565","117238.568943192","112407.818213943","299.891752319934","299.891752319934","45917.3724467455","226221.107182384","180303.734735638"
"832","4825","8011339030090000",{192A7D3B-97D4-47FD-8D0D-8A4314F6D2FE},"3.44197645935334e-06",National Capital Region (NCR),"NCR, First District, City of Manila",City of Manila - Quiapo,Barangay 389,"130000000","133900000","133903000","133903009","1380603009",Bgy,,Highly Urbanized Cities (HUC),,U,"1056","1174","0.04103469",No,,"0.00966931861481865",,,ADMIN2,"1748789491000","832","2","2","3909.60211151631","37125.0882765019","33215.4861649856","41034.6903880182","20517.3451940091","20517.3451940091","16607.7430824928","3909.60211151631","3909.60211151631","3909.60211151631","37125.0882765019","33215.4861649856","832","3","3","129.484931287187","39664.1147038499","39534.6297725628","41034.6903348284","13678.2301116095","1241.09069969126","18380.3983521761","129.484931287187","129.484931287187","685.287815489223","20452.6027017706","19767.3148862814","832","2","2","3909.60211151631","37125.0882765019","33215.4861649856","41034.6903880182","20517.3451940091","20517.3451940091","16607.7430824928","3909.60211151631","3909.60211151631","3909.60211151631","37125.0882765019","33215.4861649856"
"833","4837","8011339030130000",{D2413AF3-7A7E-4FC6-96BA-5700D1EAA454},"7.81904760820509e-06",National Capital Region (NCR),"NCR, First District, City of Manila",City of Manila - Quiapo,Barangay 393,"130000000","133900000","133903000","133903013","1380603013",Bgy,,Highly Urbanized Cities (HUC),,U,"3876","4073","0.09321721",No,,"0.013961605518147",,,ADMIN2,"1748789491000","833","4","4","99.963799733232","74685.9783652254","74586.0145654921","93217.2052560586","23304.3013140147","9215.63154555001","30346.7378709725","99.963799733232","99.963799733232","980.183808381822","45628.4188196475","44648.2350112657","833","4","4","1777.22081223888","75586.8605061887","73809.6396939498","93217.204418319","23304.3011045798","7926.56154994571","30326.3774065031","1777.22081223888","1777.22081223888","3795.61734759318","42812.9848615663","39017.3675139731","833","4","4","99.963799733232","74685.9783652254","74586.0145654921","93217.2052560586","23304.3013140147","9215.63154555001","30346.7378709725","99.963799733232","99.963799733232","980.183808381822","45628.4188196475","44648.2350112657"
"834","4927","8011339060160000",{856B7331-4EFF-48FF-A819-6D88F77BA43E},"3.67641753373135e-06",National Capital Region (NCR),"NCR, First District, City of Manila",City of Manila - Sampaloc,Barangay 410,"130000000","133900000","133906000","133906016","1380606016",Bgy,,Highly Urbanized Cities (HUC),,U,"1821","2424","0.04382918",No,,"0.00833870125961744",,,ADMIN2,"1748789491000","834","2","2","2390.33101149146","41438.8419812004","39048.510969709","43829.1729926919","21914.5864963459","21914.5864963459","19524.2554848545","2390.33101149146","2390.33101149146","2390.33101149146","41438.8419812004","39048.510969709","834","3","3","623.575506374491","40258.3540192575","39634.7785128831","43829.1730701899","14609.72435673","2947.24354455786","18161.1125019373","623.575506374491","623.575506374491","1785.40952546618","21602.7987819077","19817.3892564415","834","2","2","2390.33101149146","41438.8419812004","39048.510969709","43829.1729926919","21914.5864963459","21914.5864963459","19524.2554848545","2390.33101149146","2390.33101149146","2390.33101149146","41438.8419812004","39048.510969709"
"835","4946","8011339060260000",{3AAD4FD3-46B7-4A54-8A42-E7F3CE6FDB33},"3.20152901675669e-06",National Capital Region (NCR),"NCR, First District, City of Manila",City of Manila - Sampaloc,Barangay 420,"130000000","133900000","133906000","133906026","1380606026",Bgy,,Highly Urbanized Cities (HUC),,U,"2811","3134","0.03816753",No,,"0.00728040461095729",,,ADMIN2,"1748789491000","835","3","3","299.895204351196","33731.1229573721","33431.2277530209","38167.5284270097","12722.5094756699","4136.51026528645","14937.6768407745","299.895204351196","299.895204351196","2218.20273481882","18933.8166113293","16715.6138765104","835","4","4","299.895205847191","36348.9330654699","36049.0378596227","38167.5286044893","9541.88215112233","759.350166586119","15478.605849405","299.895205847191","299.895205847191","449.842813226525","18633.9214890181","18184.0786757916","835","3","3","299.895204351196","33731.1229573721","33431.2277530209","38167.5284270097","12722.5094756699","4136.51026528645","14937.6768407745","299.895204351196","299.895204351196","2218.20273481882","18933.8166113293","16715.6138765104"
"836","4965","8011339060380000",{C747A585-ACB1-4536-B223-11652DC2DAD3},"4.70895024222506e-06",National Capital Region (NCR),"NCR, First District, City of Manila",City of Manila - Sampaloc,Barangay 432,"130000000","133900000","133906000","133906038","1380606038",Bgy,,Highly Urbanized Cities (HUC),,U,"3544","3436","0.05613735",No,,"0.0112215605412343",,,ADMIN2,"1748789491000","836","2","2","14015.2067792387","42122.1591256012","28106.9523463625","56137.3659048399","28068.6829524199","28068.6829524199","14053.4761731813","14015.2067792387","14015.2067792387","14015.2067792387","42122.1591256012","28106.9523463625","836","3","3","1230.36797459528","51981.5229938466","50751.1550192513","56137.3659491614","18712.4553163871","2925.47498071956","23534.9597412882","1230.36797459528","1230.36797459528","2077.92147765742","27453.4989872831","25375.5775096256","836","2","2","14015.2067792387","42122.1591256012","28106.9523463625","56137.3659048399","28068.6829524199","28068.6829524199","14053.4761731813","14015.2067792387","14015.2067792387","14015.2067792387","42122.1591256012","28106.9523463625"
"837","4999","8011339060600000",{B34CBF1F-F1EC-46C3-91E6-DEA0568A0668},"1.66007383165215e-06",National Capital Region (NCR),"NCR, First District, City of Manila",City of Manila - Sampaloc,Barangay 454,"130000000","133900000","133906000","133906060","1380606060",Bgy,,Highly Urbanized Cities (HUC),,U,"1268","1153","0.01979008",No,,"0.00526583476379418",,,ADMIN2,"1748789491000","837","2","2","3527.42884705765","16262.6515577739","12735.2227107163","19790.0804048316","9895.04020241578","9895.04020241578","6367.61135535813","3527.42884705765","3527.42884705765","3527.42884705765","16262.6515577739","12735.2227107163","837","2","2","193.988900252676","19596.0893872994","19402.1004870468","19790.0782875521","9895.03914377606","9895.03914377606","9701.05024352338","193.988900252676","193.988900252676","193.988900252676","19596.0893872994","19402.1004870468","837","2","2","3527.42884705765","16262.6515577739","12735.2227107163","19790.0804048316","9895.04020241578","9895.04020241578","6367.61135535813","3527.42884705765","3527.42884705765","3527.42884705765","16262.6515577739","12735.2227107163"
"838","5000","8011339060610000",{E06A5CF6-D6B7-41CE-914E-33A5D471B6A4},"1.5687010091395e-06",National Capital Region (NCR),"NCR, First District, City of Manila",City of Manila - Sampaloc,Barangay 455,"130000000","133900000","133906000","133906061","1380606061",Bgy,,Highly Urbanized Cities (HUC),,U,"1416","1274","0.0187009",No,,"0.00507805373907623",,,ADMIN2,"1748789491000","838","2","2","4330.50322402289","14370.3953167243","10039.8920927015","18700.8985407472","9350.44927037362","9350.44927037362","5019.94604635073","4330.50322402289","4330.50322402289","4330.50322402289","14370.3953167243","10039.8920927015","838","2","2","1263.70280206682","17437.1958216828","16173.493019616","18700.8986237496","9350.44931187481","9350.44931187481","8086.74650980799","1263.70280206682","1263.70280206682","1263.70280206682","17437.1958216828","16173.493019616","838","2","2","4330.50322402289","14370.3953167243","10039.8920927015","18700.8985407472","9350.44927037362","9350.44927037362","5019.94604635073","4330.50322402289","4330.50322402289","4330.50322402289","14370.3953167243","10039.8920927015"
"839","5003","8011339060640000",{F61D5533-9DDF-47E5-8C08-F4831C5E8183},"2.85883306494025e-06",National Capital Region (NCR),"NCR, First District, City of Manila",City of Manila - Sampaloc,Barangay 458,"130000000","133900000","133906000","133906064","1380606064",Bgy,,Highly Urbanized Cities (HUC),,U,"2555","1462","0.03408137",No,,"0.00763551180454591",,,ADMIN2,"1748789491000","839","2","2","52.8653898169578","34028.5177884079","33975.6523985909","34081.3831782248","17040.6915891124","17040.6915891124","16987.8261992955","52.8653898169578","52.8653898169578","52.8653898169578","34028.5177884079","33975.6523985909","839","2","2","1078.95434549099","33002.4283348102","31923.4739893192","34081.3826803011","17040.6913401506","17040.6913401506","15961.7369946596","1078.95434549099","1078.95434549099","1078.95434549099","33002.4283348102","31923.4739893192","839","2","2","52.8653898169578","34028.5177884079","33975.6523985909","34081.3831782248","17040.6915891124","17040.6915891124","16987.8261992955","52.8653898169578","52.8653898169578","52.8653898169578","34028.5177884079","33975.6523985909"
"840","5015","8011339060710000",{C8AF1191-02CD-4178-A00F-8CAE6570D56F},"1.08699532663965e-06",National Capital Region (NCR),"NCR, First District, City of Manila",City of Manila - Sampaloc,Barangay 465,"130000000","133900000","133906000","133906071","1380606071",Bgy,,Highly Urbanized Cities (HUC),,U,"497","762","0.01295842",No,,"0.00442376842054858",,,ADMIN2,"1748789491000","840","2","2","0.485392513351144","12957.9189908142","12957.4335983009","12958.4043833276","6479.20219166379","6479.20219166379","6478.71679915044","0.485392513351144","0.485392513351144","0.485392513351144","12957.9189908142","12957.4335983009","840","1","1","12958.4042503089","12958.4042503089","0","12958.4042503089","12958.4042503089","12958.4042503089","0","12958.4042503089","12958.4042503089","12958.4042503089","12958.4042503089","0","840","2","2","0.485392513351144","12957.9189908142","12957.4335983009","12958.4043833276","6479.20219166379","6479.20219166379","6478.71679915044","0.485392513351144","0.485392513351144","0.485392513351144","12957.9189908142","12957.4335983009"
"841","5016","8011339060720000",{21D397D7-4CF1-4B63-98E0-54A100A0428B},"1.57255278404449e-06",National Capital Region (NCR),"NCR, First District, City of Manila",City of Manila - Sampaloc,Barangay 466,"130000000","133900000","133906000","133906072","1380606072",Bgy,,Highly Urbanized Cities (HUC),,U,"530","1237","0.01874684",No,,"0.00572043187938796",,,ADMIN2,"1748789491000","841","2","2","399.85453709666","18346.9951951142","17947.1406580175","18746.8497322109","9373.42486610543","9373.42486610543","8973.57032900877","399.85453709666","399.85453709666","399.85453709666","18346.9951951142","17947.1406580175","841","3","3","299.890907043737","18047.1043100018","17747.2134029581","18746.8497322958","6248.94991076527","399.854515250248","8342.65479736157","299.890907043737","299.890907043737","349.872711146993","9223.47941262604","8873.60670147905","841","2","2","399.85453709666","18346.9951951142","17947.1406580175","18746.8497322109","9373.42486610543","9373.42486610543","8973.57032900877","399.85453709666","399.85453709666","399.85453709666","18346.9951951142","17947.1406580175"
"842","5021","8011339010470000",{69463D23-6890-45D1-94B5-BA9D742A1839},"2.78903483320012e-06",National Capital Region (NCR),"NCR, First District, City of Manila",City of Manila - Tondo I / II,Barangay 47,"130000000","133900000","133901000","133901047","1380601047",Bgy,,Highly Urbanized Cities (HUC),,U,"1490","1123","0.0332488",No,,"0.00716463196044309",,,ADMIN2,"1748789491000","842","3","3","10690.1449263494","11539.7300383359","849.585111986447","33248.8020239056","11082.9340079685","11018.9270592203","349.782201513359","10690.1449263494","10690.1449263494","10854.5359927849","11279.3285487781","424.792555993225","842","3","3","1256.22387020832","17016.9277754695","15760.7039052612","33248.8081649661","11082.9360549887","14975.6565192882","6998.32843647735","1256.22387020832","1256.22387020832","8115.94019474826","15996.2921473789","7880.35195263061","842","3","3","10690.1449263494","11539.7300383359","849.585111986447","33248.8020239056","11082.9340079685","11018.9270592203","349.782201513359","10690.1449263494","10690.1449263494","10854.5359927849","11279.3285487781","424.792555993225"
"843","5034","8011339060830000",{56F23B7E-727D-4C5B-9A3C-0F0E66753161},"1.91361485150916e-06",National Capital Region (NCR),"NCR, First District, City of Manila",City of Manila - Sampaloc,Barangay 477,"130000000","133900000","133906000","133906083","1380606083",Bgy,,Highly Urbanized Cities (HUC),,U,"827","1045","0.02281219",No,,"0.00554557912846539",,,ADMIN2,"1748789491000","843","1","1","22812.1941528842","22812.1941528842","0","22812.1941528842","22812.1941528842","22812.1941528842","0","22812.1941528842","22812.1941528842","22812.1941528842","22812.1941528842","0","843","2","2","1386.53880134509","21425.6555549963","20039.1167536512","22812.1943563414","11406.0971781707","11406.0971781707","10019.5583768256","1386.53880134509","1386.53880134509","1386.53880134509","21425.6555549963","20039.1167536512","843","1","1","22812.1941528842","22812.1941528842","0","22812.1941528842","22812.1941528842","22812.1941528842","0","22812.1941528842","22812.1941528842","22812.1941528842","22812.1941528842","0"
"844","5035","8011339060840000",{A209FA22-240E-46F2-907D-45CEE55AE84A},"2.16230104317135e-06",National Capital Region (NCR),"NCR, First District, City of Manila",City of Manila - Sampaloc,Barangay 478,"130000000","133900000","133906000","133906084","1380606084",Bgy,,Highly Urbanized Cities (HUC),,U,"1079","1129","0.02577702",No,,"0.00782895346920295",,,ADMIN2,"1748789491000","844","3","3","199.928628566238","25316.063179936","25116.1345513697","25777.1101599336","8592.37005331119","261.118351431363","11825.463201377","199.928628566238","199.928628566238","230.523489998801","12788.5907656837","12558.0672756849","844","3","3","199.928627503512","24567.9244253111","24367.9957978076","25777.1136546042","8592.3712182014","1009.2606017896","11301.2530209721","199.928627503512","199.928627503512","604.594614646554","12788.5925135503","12183.9978989038","844","3","3","199.928628566238","25316.063179936","25116.1345513697","25777.1101599336","8592.37005331119","261.118351431363","11825.463201377","199.928628566238","199.928628566238","230.523489998801","12788.5907656837","12558.0672756849"
"845","5036","8011339060850000",{77A690A8-0D22-4574-A39A-5869272BBBB1},"4.21945675017292e-06",National Capital Region (NCR),"NCR, First District, City of Manila",City of Manila - Sampaloc,Barangay 479,"130000000","133900000","133906000","133906085","1380606085",Bgy,,Highly Urbanized Cities (HUC),,U,"974","2307","0.05030078",No,,"0.00917725913345551",,,ADMIN2,"1748789491000","845","3","3","102.685044214268","49198.4682433911","49095.7831991769","50300.7965453714","16766.9321817905","999.643257766002","22935.4824379954","102.685044214268","102.685044214268","551.164150990135","25099.0557505786","24547.8915995884","845","3","3","799.714587759576","42909.3196995233","42109.6051117637","50300.7968770026","16766.9322923342","6591.76258971974","18636.0809457518","799.714587759576","799.714587759576","3695.73858873966","24750.5411446215","21054.8025558818","845","3","3","102.685044214268","49198.4682433911","49095.7831991769","50300.7965453714","16766.9321817905","999.643257766002","22935.4824379954","102.685044214268","102.685044214268","551.164150990135","25099.0557505786","24547.8915995884"
"846","5045","8011339060860000",{4CB21D94-B33D-47B0-A57C-568D56BDF3E0},"1.31822958634386e-06",National Capital Region (NCR),"NCR, First District, City of Manila",City of Manila - Sampaloc,Barangay 480,"130000000","133900000","133906000","133906086","1380606086",Bgy,,Highly Urbanized Cities (HUC),,U,"820","810","0.01571466",No,,"0.00473736366682077",,,ADMIN2,"1748789491000","846","1","1","15714.6602550149","15714.6602550149","0","15714.6602550149","15714.6602550149","15714.6602550149","0","15714.6602550149","15714.6602550149","15714.6602550149","15714.6602550149","0","846","2","2","1449.09226904385","14265.5675441581","12816.4752751143","15714.659813202","7857.32990660099","7857.32990660099","6408.23763755715","1449.09226904385","1449.09226904385","1449.09226904385","14265.5675441581","12816.4752751143","846","1","1","15714.6602550149","15714.6602550149","0","15714.6602550149","15714.6602550149","15714.6602550149","0","15714.6602550149","15714.6602550149","15714.6602550149","15714.6602550149","0"
"847","5049","8011339060900000",{F8969A0E-3B7F-4F23-8D43-AAE7CF532135},"1.44091326545583e-06",National Capital Region (NCR),"NCR, First District, City of Manila",City of Manila - Sampaloc,Barangay 484,"130000000","133900000","133906000","133906090","1380606090",Bgy,,Highly Urbanized Cities (HUC),,U,"1640","1777","0.01717673",No,,"0.00575395838647587",,,ADMIN2,"1748789491000","847","2","2","325.854756291315","16850.8845993941","16525.0298431027","17176.7393556854","8588.36967784269","8588.36967784269","8262.51492155137","325.854756291315","325.854756291315","325.854756291315","16850.8845993941","16525.0298431027","847","3","3","325.855342769355","13556.8361215803","13230.9807788109","17176.7408822391","5725.5802940797","3294.04941788948","5668.56653800681","325.855342769355","325.855342769355","1809.95238032942","8425.44276973488","6615.49038940546","847","2","2","325.854756291315","16850.8845993941","16525.0298431027","17176.7393556854","8588.36967784269","8588.36967784269","8262.51492155137","325.854756291315","325.854756291315","325.854756291315","16850.8845993941","16525.0298431027"
"848","5050","8011339060910000",{ECE3E929-7B4F-47C6-B38B-4278D235EC0C},"1.88782749251661e-06",National Capital Region (NCR),"NCR, First District, City of Manila",City of Manila - Sampaloc,Barangay 485,"130000000","133900000","133906000","133906091","1380606091",Bgy,,Highly Urbanized Cities (HUC),,U,"1688","1337","0.02250447",No,,"0.00550534879825765",,,ADMIN2,"1748789491000","848","1","1","22504.473191265","22504.473191265","0","22504.473191265","22504.473191265","22504.473191265","0","22504.473191265","22504.473191265","22504.473191265","22504.473191265","0","848","2","2","1799.35558286594","20705.1176083991","18905.7620255331","22504.473191265","11252.2365956325","11252.2365956325","9452.88101276656","1799.35558286594","1799.35558286594","1799.35558286594","20705.1176083991","18905.7620255331","848","1","1","22504.473191265","22504.473191265","0","22504.473191265","22504.473191265","22504.473191265","0","22504.473191265","22504.473191265","22504.473191265","22504.473191265","0"
"849","5051","8011339060920000",{68276A10-A8E8-4E95-96C2-88AFC4580B69},"1.61544810434117e-06",National Capital Region (NCR),"NCR, First District, City of Manila",City of Manila - Sampaloc,Barangay 486,"130000000","133900000","133906000","133906092","1380606092",Bgy,,Highly Urbanized Cities (HUC),,U,"1074","969","0.01925755",No,,"0.0051279460908911",,,ADMIN2,"1748789491000","849","2","2","42.5777904273418","19214.9749579808","19172.3971675535","19257.5527484082","9628.77637420408","9628.77637420408","9586.19858377674","42.5777904273418","42.5777904273418","42.5777904273418","19214.9749579808","19172.3971675535","849","1","1","19257.5535594299","19257.5535594299","0","19257.5535594299","19257.5535594299","19257.5535594299","0","19257.5535594299","19257.5535594299","19257.5535594299","19257.5535594299","0","849","2","2","42.5777904273418","19214.9749579808","19172.3971675535","19257.5527484082","9628.77637420408","9628.77637420408","9586.19858377674","42.5777904273418","42.5777904273418","42.5777904273418","19214.9749579808","19172.3971675535"
"850","5052","8011339060930000",{D001EABE-958F-428E-8D8B-02D3D681674A},"1.90651899040406e-06",National Capital Region (NCR),"NCR, First District, City of Manila",City of Manila - Sampaloc,Barangay 487,"130000000","133900000","133906000","133906093","1380606093",Bgy,,Highly Urbanized Cities (HUC),,U,"1474","1457","0.0227274",No,,"0.00553005332948964",,,ADMIN2,"1748789491000","850","1","1","22727.3988566138","22727.3988566138","0","22727.3988566138","22727.3988566138","22727.3988566138","0","22727.3988566138","22727.3988566138","22727.3988566138","22727.3988566138","0","850","2","2","99.9642293268407","22627.4346272869","22527.4703979601","22727.3988566138","11363.6994283069","11363.6994283069","11263.7351989801","99.9642293268407","99.9642293268407","99.9642293268407","22627.4346272869","22527.4703979601","850","1","1","22727.3988566138","22727.3988566138","0","22727.3988566138","22727.3988566138","22727.3988566138","0","22727.3988566138","22727.3988566138","22727.3988566138","22727.3988566138","0"
"851","5053","8011339060940000",{1C76D38C-FC1C-47DA-B5EC-5B672B84E6B6},"1.8645303885065e-06",National Capital Region (NCR),"NCR, First District, City of Manila",City of Manila - Sampaloc,Barangay 488,"130000000","133900000","133906000","133906094","1380606094",Bgy,,Highly Urbanized Cities (HUC),,U,"915","783","0.02222694",No,,"0.00547465037102306",,,ADMIN2,"1748789491000","851","1","1","22226.9422853291","22226.9422853291","0","22226.9422853291","22226.9422853291","22226.9422853291","0","22226.9422853291","22226.9422853291","22226.9422853291","22226.9422853291","0","851","2","2","1234.15206074447","20992.788961281","19758.6369005365","22226.9410220254","11113.4705110127","11113.4705110127","9879.31845026824","1234.15206074447","1234.15206074447","1234.15206074447","20992.788961281","19758.6369005365","851","1","1","22226.9422853291","22226.9422853291","0","22226.9422853291","22226.9422853291","22226.9422853291","0","22226.9422853291","22226.9422853291","22226.9422853291","22226.9422853291","0"
"852","5056","8011339010490000",{DFDEFD6B-92FF-4D1D-ADCD-50495D2F8CD3},"1.66423652801733e-06",National Capital Region (NCR),"NCR, First District, City of Manila",City of Manila - Tondo I / II,Barangay 49,"130000000","133900000","133901000","133901049","1380601049",Bgy,,Highly Urbanized Cities (HUC),,U,"2052","2119","0.01983998",No,,"0.00539344696480328",,,ADMIN2,"1748789491000","852","3","3","61.6120281602889","17726.1569576113","17664.544929451","19839.9799223612","6613.32664078706","2052.21093658957","7899.86789937892","61.6120281602889","61.6120281602889","1056.91148237493","9889.18394710045","8832.27246472552","852","4","4","0.457395873832866","17089.7525792378","17089.295183364","19839.9794995583","4959.99487488956","1374.8847622233","7034.83134688486","0.457395873832866","0.457395873832866","432.390521471651","9487.59922830748","9055.20870683583","852","3","3","61.6120281602889","17726.1569576113","17664.544929451","19839.9799223612","6613.32664078706","2052.21093658957","7899.86789937892","61.6120281602889","61.6120281602889","1056.91148237493","9889.18394710045","8832.27246472552"
"853","5068","8011339061030000",{0C4B9D23-6D73-450A-BFFB-7DA8CDF383FA},"3.1717399334386e-06",National Capital Region (NCR),"NCR, First District, City of Manila",City of Manila - Sampaloc,Barangay 497,"130000000","133900000","133906000","133906103","1380606103",Bgy,,Highly Urbanized Cities (HUC),,U,"1289","1489","0.03780899",No,,"0.00822308740615744",,,ADMIN2,"1748789491000","853","2","2","399.856238427863","37409.1491498497","37009.2929114219","37809.0053882776","18904.5026941388","18904.5026941388","18504.6464557109","399.856238427863","399.856238427863","399.856238427863","37409.1491498497","37009.2929114219","853","3","3","99.9640649038192","36509.4725647924","36409.5084998886","37809.0053888195","12603.0017962732","1199.56875912324","16910.3871644114","99.9640649038192","99.9640649038192","649.76641201353","18854.5206619578","18204.7542499443","853","2","2","399.856238427863","37409.1491498497","37009.2929114219","37809.0053882776","18904.5026941388","18904.5026941388","18504.6464557109","399.856238427863","399.856238427863","399.856238427863","37409.1491498497","37009.2929114219"
"854","5151","8011339061180000",{D5947629-75C2-4B48-839C-D38EDD25392E},"4.63452880088066e-06",National Capital Region (NCR),"NCR, First District, City of Manila",City of Manila - Sampaloc,Barangay 512,"130000000","133900000","133906000","133906118","1380606118",Bgy,,Highly Urbanized Cities (HUC),,U,"2197","2473","0.05524745",No,,"0.0094226828091611",,,ADMIN2,"1748789491000","854","3","3","7029.80766646972","37671.2296131387","30641.4219466689","55247.4656116003","18415.8218705334","10546.4283319919","13691.1090548278","7029.80766646972","7029.80766646972","8788.1179992308","24108.8289725653","15320.7109733345","854","3","3","6860.64300763977","39968.3314338145","33107.6884261747","55247.467706247","18415.822568749","8418.49326479277","15253.1898989462","6860.64300763977","6860.64300763977","7639.56813621627","24193.4123493036","16553.8442130873","854","3","3","7029.80766646972","37671.2296131387","30641.4219466689","55247.4656116003","18415.8218705334","10546.4283319919","13691.1090548278","7029.80766646972","7029.80766646972","8788.1179992308","24108.8289725653","15320.7109733345"
"855","5152","8011339061190000",{B44401A9-B34E-4032-8AA4-2BBB3C94FC1E},"2.90854117098937e-06",National Capital Region (NCR),"NCR, First District, City of Manila",City of Manila - Sampaloc,Barangay 513,"130000000","133900000","133906000","133906119","1380606119",Bgy,,Highly Urbanized Cities (HUC),,U,"1778","2033","0.03467224",No,,"0.00868035072601066",,,ADMIN2,"1748789491000","855","2","2","15013.593864405","19658.6146059104","4645.02074150531","34672.2084703154","17336.1042351577","17336.1042351577","2322.51037075266","15013.593864405","15013.593864405","15013.593864405","19658.6146059104","4645.02074150531","855","3","3","1693.02962134957","18509.4886169679","16816.4589956184","34672.2085575685","11557.4028525228","14469.690319251","7167.49082103702","1693.02962134957","1693.02962134957","8081.3599703003","16489.5894681095","8408.22949780918","855","2","2","15013.593864405","19658.6146059104","4645.02074150531","34672.2084703154","17336.1042351577","17336.1042351577","2322.51037075266","15013.593864405","15013.593864405","15013.593864405","19658.6146059104","4645.02074150531"
"856","5153","8011339061200000",{9CF983BD-1AB4-494B-A37A-F222877BDE84},"2.85942712122664e-06",National Capital Region (NCR),"NCR, First District, City of Manila",City of Manila - Sampaloc,Barangay 514,"130000000","133900000","133906000","133906120","1380606120",Bgy,,Highly Urbanized Cities (HUC),,U,"2394","2283","0.03408651",No,,"0.00683396338144333",,,ADMIN2,"1748789491000","856","3","3","4.09981467853504","23691.2131604073","23687.1133457287","34086.5056334196","11362.1685444732","10391.1926583338","9694.5665294861","4.09981467853504","4.09981467853504","5197.64623650615","17041.2029093705","11843.5566728644","856","3","3","7504.08880242958","18492.159391903","10988.0705894735","34086.5092643904","11362.1697547968","8090.26107005782","5047.34013455046","7504.08880242958","7504.08880242958","7797.1749362437","13291.2102309804","5494.03529473673","856","3","3","4.09981467853504","23691.2131604073","23687.1133457287","34086.5056334196","11362.1685444732","10391.1926583338","9694.5665294861","4.09981467853504","4.09981467853504","5197.64623650615","17041.2029093705","11843.5566728644"
"857","5172","8011339061340000",{ED536C75-3048-4E8F-8921-B99275A3387D},"1.90116785582903e-06",National Capital Region (NCR),"NCR, First District, City of Manila",City of Manila - Sampaloc,Barangay 528,"130000000","133900000","133906000","133906134","1380606134",Bgy,,Highly Urbanized Cities (HUC),,U,"1238","1433","0.0226637",No,,"0.00608554653370094",,,ADMIN2,"1748789491000","857","3","3","199.761451193113","17523.0548663054","17323.2934151123","22663.7120434246","7554.57068114154","4940.89572592608","7309.70114597302","199.761451193113","199.761451193113","2570.3285885596","11231.9752961158","8661.64670755616","857","3","3","901.175143646563","14658.425890879","13757.2507472324","22663.7145986082","7554.57153286939","7104.11356408265","5625.39902684181","901.175143646563","901.175143646563","4002.64435386461","10881.2697274808","6878.6253736162","857","3","3","199.761451193113","17523.0548663054","17323.2934151123","22663.7120434246","7554.57068114154","4940.89572592608","7309.70114597302","199.761451193113","199.761451193113","2570.3285885596","11231.9752961158","8661.64670755616"
"858","5185","8011339061400000",{F6287AFF-E9FA-4AC8-9200-9118906A2BBE},"1.46506482403173e-06",National Capital Region (NCR),"NCR, First District, City of Manila",City of Manila - Sampaloc,Barangay 534,"130000000","133900000","133906000","133906140","1380606140",Bgy,,Highly Urbanized Cities (HUC),,U,"984","1096","0.01746519",No,,"0.0049749457449732",,,ADMIN2,"1748789491000","858","3","3","71.4099215453462","15101.1835324604","15029.773610915","17465.1842685628","5821.72808952092","2292.59081455706","6623.92789453478","71.4099215453462","71.4099215453462","1182.0003680512","8696.88717350871","7514.88680545751","858","2","2","2164.07193995416","15301.105658671","13137.0337187169","17465.1775986252","8732.58879931259","8732.58879931259","6568.51685935844","2164.07193995416","2164.07193995416","2164.07193995416","15301.105658671","13137.0337187169","858","3","3","71.4099215453462","15101.1835324604","15029.773610915","17465.1842685628","5821.72808952092","2292.59081455706","6623.92789453478","71.4099215453462","71.4099215453462","1182.0003680512","8696.88717350871","7514.88680545751"
"859","5190","8011339061450000",{069CB235-2452-4B03-BFDC-9579D9251381},"4.54470119068341e-06",National Capital Region (NCR),"NCR, First District, City of Manila",City of Manila - Sampaloc,Barangay 539,"130000000","133900000","133906000","133906145","1380606145",Bgy,,Highly Urbanized Cities (HUC),,U,"1576","1846","0.0541781",No,,"0.0101101080850688",,,ADMIN2,"1748789491000","859","2","2","1090.71088786446","53087.3880692515","51996.677181387","54178.0989571159","27089.049478558","27089.049478558","25998.3385906935","1090.71088786446","1090.71088786446","1090.71088786446","53087.3880692515","51996.677181387","859","2","2","699.758349986485","53478.3399180004","52778.5815680139","54178.0982679869","27089.0491339934","27089.0491339934","26389.290784007","699.758349986485","699.758349986485","699.758349986485","53478.3399180004","52778.5815680139","859","2","2","1090.71088786446","53087.3880692515","51996.677181387","54178.0989571159","27089.049478558","27089.049478558","25998.3385906935","1090.71088786446","1090.71088786446","1090.71088786446","53087.3880692515","51996.677181387"
"860","5254","8011339010580000",{C383B709-006C-4A2C-BE10-8CE221C2F254},"2.50434717407757e-06",National Capital Region (NCR),"NCR, First District, City of Manila",City of Manila - Tondo I / II,Barangay 58,"130000000","133900000","133901000","133901058","1380601058",Bgy,,Highly Urbanized Cities (HUC),,U,"3735","3719","0.02985456",No,,"0.00650689760252876",,,ADMIN2,"1748789491000","860","3","3","63.0026306484215","29491.6698129603","29428.6671823119","29854.5577743398","9951.51925811327","299.885330731078","13817.3113914627","63.0026306484215","63.0026306484215","181.44398068975","14895.7775718457","14714.3335911559","860","2","2","3942.51399446416","25912.0436742002","21969.5296797361","29854.5576686644","14927.2788343322","14927.2788343322","10984.764839868","3942.51399446416","3942.51399446416","3942.51399446416","25912.0436742002","21969.5296797361","860","3","3","63.0026306484215","29491.6698129603","29428.6671823119","29854.5577743398","9951.51925811327","299.885330731078","13817.3113914627","63.0026306484215","63.0026306484215","181.44398068975","14895.7775718457","14714.3335911559"
"861","5259","8011339061860000",{397C10BA-D6DC-42A6-88A6-DA52AC6ECA1D},"1.90526331246217e-06",National Capital Region (NCR),"NCR, First District, City of Manila",City of Manila - Sampaloc,Barangay 580,"130000000","133900000","133906000","133906186","1380606186",Bgy,,Highly Urbanized Cities (HUC),,U,"1876","2008","0.02271365",No,,"0.00589236644018938",,,ADMIN2,"1748789491000","861","3","3","804.303723841309","21009.6613369929","20205.3576131516","22713.6595299262","7571.21984330873","899.694469091948","9502.49290740592","804.303723841309","804.303723841309","851.999096466629","10954.6779030424","10102.6788065758","861","3","3","799.728405155212","21109.6270021494","20309.8985969941","22713.6592472053","7571.21974906844","804.303839900742","9573.09975735329","799.728405155212","799.728405155212","802.016122527977","10956.965421025","10154.9492984971","861","3","3","804.303723841309","21009.6613369929","20205.3576131516","22713.6595299262","7571.21984330873","899.694469091948","9502.49290740592","804.303723841309","804.303723841309","851.999096466629","10954.6779030424","10102.6788065758"
"862","5278","8011339061980000",{609F8972-FD61-4554-9B7E-AAB4518C257A},"5.59237513391661e-06",National Capital Region (NCR),"NCR, First District, City of Manila",City of Manila - Sampaloc,Barangay 591,"130000000","133900000","133906000","133906198","1380606198",Bgy,,Highly Urbanized Cities (HUC),,U,"2419","2498","0.06667112",No,,"0.013467682421068",,,ADMIN2,"1748789491000","862","2","2","4015.22901338997","62655.9249677177","58640.6959543277","66671.1539811077","33335.5769905538","33335.5769905538","29320.3479771639","4015.22901338997","4015.22901338997","4015.22901338997","62655.9249677177","58640.6959543277","862","2","2","2811.32070440227","63859.8354346444","61048.5147302421","66671.1561390467","33335.5780695233","33335.5780695233","30524.2573651211","2811.32070440227","2811.32070440227","2811.32070440227","63859.8354346444","61048.5147302421","862","2","2","4015.22901338997","62655.9249677177","58640.6959543277","66671.1539811077","33335.5769905538","33335.5769905538","29320.3479771639","4015.22901338997","4015.22901338997","4015.22901338997","62655.9249677177","58640.6959543277"
"863","5286","8011339062060000",{DBD3E9A0-7CAB-4487-8104-591DF9423C80},"3.01609656049609e-06",National Capital Region (NCR),"NCR, First District, City of Manila",City of Manila - Sampaloc,Barangay 599,"130000000","133900000","133906000","133906206","1380606206",Bgy,,Highly Urbanized Cities (HUC),,U,"4088","4272","0.03595719",No,,"0.00720797313129068",,,ADMIN2,"1748789491000","863","4","4","723.641026315541","19657.0820218662","18933.4409955507","35957.1903759099","8989.29759397748","7788.23366386407","6863.15248043339","723.641026315541","723.641026315541","3603.66864510503","14374.9265428499","10771.2578977449","863","4","4","1801.6017544794","15382.8814888487","13581.2797343693","35957.185709431","8989.29642735775","9386.35123305146","4980.43341011069","1801.6017544794","1801.6017544794","4702.16106136821","13276.4317933473","8574.27073197906","863","4","4","723.641026315541","19657.0820218662","18933.4409955507","35957.1903759099","8989.29759397748","7788.23366386407","6863.15248043339","723.641026315541","723.641026315541","3603.66864510503","14374.9265428499","10771.2578977449"
"864","5340","8011339062070000",{B95B91CB-C4C9-4520-865C-184DBCA9FE27},"5.34054575515178e-06",National Capital Region (NCR),"NCR, First District, City of Manila",City of Manila - Sampaloc,Barangay 600,"130000000","133900000","133906000","133906207","1380606207",Bgy,,Highly Urbanized Cities (HUC),,U,"5021","5892","0.06366911",No,,"0.0114798014716207",,,ADMIN2,"1748789491000","864","4","4","3696.84138313414","37598.1788524231","33901.3374692889","63669.0908527138","15917.2727131785","11187.0353085783","12902.2101221264","3696.84138313414","3696.84138313414","6978.63776534877","24855.9076610081","17877.2698956594","864","4","4","2193.93911371747","43417.9024964261","41223.9633827086","63669.077231179","15917.2693077947","9028.61781051774","16574.5169035716","2193.93911371747","2193.93911371747","2887.84345155827","28946.6951640312","26058.851712473","864","4","4","3696.84138313414","37598.1788524231","33901.3374692889","63669.0908527138","15917.2727131785","11187.0353085783","12902.2101221264","3696.84138313414","3696.84138313414","6978.63776534877","24855.9076610081","17877.2698956594"
"865","5375","8011339062270000",{42498AF5-7B5F-48D6-A218-07D998E6F7FB},"1.88184999215769e-06",National Capital Region (NCR),"NCR, First District, City of Manila",City of Manila - Sampaloc,Barangay 620,"130000000","133900000","133906000","133906227","1380606227",Bgy,,Highly Urbanized Cities (HUC),,U,"753","725","0.02243593",No,,"0.00582520752634968",,,ADMIN2,"1748789491000","865","2","2","899.707755300362","21536.2239528954","20636.516197595","22435.9317081957","11217.9658540979","11217.9658540979","10318.2580987975","899.707755300362","899.707755300362","899.707755300362","21536.2239528954","20636.516197595","865","2","2","8338.55697067026","14097.3747034104","5758.81773274015","22435.9316740807","11217.9658370403","11217.9658370403","2879.40886637007","8338.55697067026","8338.55697067026","8338.55697067026","14097.3747034104","5758.81773274015","865","2","2","899.707755300362","21536.2239528954","20636.516197595","22435.9317081957","11217.9658540979","11217.9658540979","10318.2580987975","899.707755300362","899.707755300362","899.707755300362","21536.2239528954","20636.516197595"
"866","5376","8011339062280000",{CE455701-70EC-499E-81C7-902F8920B824},"6.65213233137916e-06",National Capital Region (NCR),"NCR, First District, City of Manila",City of Manila - Sampaloc,Barangay 621,"130000000","133900000","133906000","133906228","1380606228",Bgy,,Highly Urbanized Cities (HUC),,U,"1874","1787","0.07930644",No,,"0.0143315318230581",,,ADMIN2,"1748789491000","866","4","4","5077.5760927672","38412.0300298668","33334.4539370996","79306.4509310798","19826.61273277","17908.4224042229","13025.9356362435","5077.5760927672","5077.5760927672","7812.14896272881","31841.0765028111","24028.9275400823","866","4","4","10434.292183664","30327.6427295577","19893.3505458937","79306.4655055511","19826.6163763878","19272.2652961647","8618.32527168431","10434.292183664","10434.292183664","11353.275105939","28299.9576468366","16946.6825408976","866","4","4","5077.5760927672","38412.0300298668","33334.4539370996","79306.4509310798","19826.61273277","17908.4224042229","13025.9356362435","5077.5760927672","5077.5760927672","7812.14896272881","31841.0765028111","24028.9275400823"
"867","5397","8011339070020000",{457FF582-0F7C-47E2-9AA4-C699F9A0F859},"1.05153619841208e-05",National Capital Region (NCR),"NCR, First District, City of Manila",City of Manila - San Miguel,Barangay 638,"130000000","133900000","133907000","133907002","1380607002",Bgy,,Highly Urbanized Cities (HUC),,U,"649","545","0.12536196",No,,"0.0161526272818932",,,ADMIN2,"1748789491000","867","4","4","112.136624041275","71596.4764928986","71484.3398688573","125361.876066816","31340.4690167041","26826.6314749382","31837.3480276134","112.136624041275","112.136624041275","156.032775915985","62524.9052574922","62368.8724815762","867","4","4","312.065385747381","112411.755240576","112099.689854829","125361.880290433","31340.4700726082","6319.02983205463","47020.9737305792","312.065385747381","312.065385747381","659.710578262158","62021.2295669543","61361.5189886921","867","4","4","112.136624041275","71596.4764928986","71484.3398688573","125361.876066816","31340.4690167041","26826.6314749382","31837.3480276134","112.136624041275","112.136624041275","156.032775915985","62524.9052574922","62368.8724815762"
"868","5469","8011339110480000",{435445F2-D5D6-49D6-AE3C-8CC4316C3B41},"3.61876495580793e-06",National Capital Region (NCR),"NCR, First District, City of Manila",City of Manila - Paco,Barangay 686,"130000000","133900000","133911000","133911048","1380611048",Bgy,,Highly Urbanized Cities (HUC),,U,"2995","3250","0.04314654",No,,"0.010183565837273",,,ADMIN2,"1748789491000","868","4","4","25.2924372183261","37368.4848458714","37343.1924086531","43146.5258594905","10786.6314648726","2876.37428820035","15391.7051162982","25.2924372183261","25.2924372183261","1355.53022195613","20217.7327077891","18862.202485833","868","4","4","1455.99766994519","25456.6229869982","24000.625317053","43146.5223255842","10786.630581396","8116.9508343204","9795.68722314216","1455.99766994519","1455.99766994519","1886.08235874245","19687.1788040496","17801.0964453072","868","4","4","25.2924372183261","37368.4848458714","37343.1924086531","43146.5258594905","10786.6314648726","2876.37428820035","15391.7051162982","25.2924372183261","25.2924372183261","1355.53022195613","20217.7327077891","18862.202485833"
"869","5403","8011339070040000",{8EBFC60A-DE0C-4AD4-BE35-56FC4D16D191},"8.85084846641144e-06",National Capital Region (NCR),"NCR, First District, City of Manila",City of Manila - San Miguel,Barangay 640,"130000000","133900000","133907000","133907004","1380607004",Bgy,,Highly Urbanized Cities (HUC),,U,"2242","2145","0.10551844",No,,"0.0154106718412408",,,ADMIN2,"1748789491000","869","2","2","38338.169180692","67180.2777201537","28842.1085394618","105518.446900846","52759.2234504229","52759.2234504229","14421.0542697309","38338.169180692","38338.169180692","38338.169180692","67180.2777201537","28842.1085394618","869","3","3","397.41137448755","71064.5657906348","70667.1544161472","105518.447295423","35172.815765141","34056.4701303006","28860.5422564121","397.41137448755","397.41137448755","17226.9407523941","52560.5179604677","35333.5772080736","869","2","2","38338.169180692","67180.2777201537","28842.1085394618","105518.446900846","52759.2234504229","52759.2234504229","14421.0542697309","38338.169180692","38338.169180692","38338.169180692","67180.2777201537","28842.1085394618"
"870","5441","8011339080080000",{ABF002E7-9209-4A24-BE83-C9AC55CD166B},"5.79561491676591e-05",National Capital Region (NCR),"NCR, First District, City of Manila",City of Manila - Ermita,Barangay 666,"130000000","133900000","133908000","133908008","1380608008",Bgy,,Highly Urbanized Cities (HUC),,U,"524","810","0.690993",No,,"0.0392761390679698",,,ADMIN2,"1748789491000","870","4","4","19143.3062990712","334892.643798485","315749.337499414","668605.790560456","167151.447640114","157284.92023145","112114.602678094","19143.3062990712","19143.3062990712","85963.5295469544","248339.365733274","162375.836186319","870","4","4","6348.60108316352","265719.697699741","259371.096616578","668605.778729335","167151.444682334","198268.739973215","100270.16748193","6348.60108316352","6348.60108316352","83915.0615752987","250387.827789369","166472.76621407","870","4","4","19143.3062990712","334892.643798485","315749.337499414","668605.790560456","167151.447640114","157284.92023145","112114.602678094","19143.3062990712","19143.3062990712","85963.5295469544","248339.365733274","162375.836186319"
"871","5442","8011339080090000",{5BC54C87-48C0-4118-99B9-DD186E001678},"1.66979879052843e-05",National Capital Region (NCR),"NCR, First District, City of Manila",City of Manila - Ermita,Barangay 667,"130000000","133900000","133908000","133908009","1380608009",Bgy,,Highly Urbanized Cities (HUC),,U,"1238","2371","0.19908857",No,,"0.017047614411341",,,ADMIN2,"1748789491000","871","3","3","51943.8720305409","95048.2937755024","43104.4217449615","199088.604375535","66362.8681251785","52096.4385694922","20283.7546276554","51943.8720305409","51943.8720305409","52020.1553000166","73572.3661724973","21552.2108724808","871","3","3","22561.9854061182","105244.751936583","82682.7665304645","199088.590407799","66362.8634692663","71281.853065098","33933.8308503058","22561.9854061182","22561.9854061182","46921.9192356081","88263.3025008403","41341.3832652322","871","3","3","51943.8720305409","95048.2937755024","43104.4217449615","199088.604375535","66362.8681251785","52096.4385694922","20283.7546276554","51943.8720305409","51943.8720305409","52020.1553000166","73572.3661724973","21552.2108724808"
"872","5420","8011339130050000",{0F88B524-2F3A-45A6-91CE-9A6B1AFD2B31},"2.48089644771566e-05",National Capital Region (NCR),"NCR, First District, City of Manila",City of Manila - Port Area,Barangay 653,"130000000","133900000","133913000","133913005","1380613005",Bgy,,Highly Urbanized Cities (HUC),,U,"20","58","0.29578784",No,,"0.0589392479763742",,,ADMIN2,"1748789491000","872","3","3","22430.7746191224","196273.206975321","173842.432356198","295405.704703314","98468.5682344378","76701.7231088703","72620.678790182","22430.7746191224","22430.7746191224","49566.2488639963","136487.465042096","86921.2161780992","872","3","3","11804.7721868962","218005.528502893","206200.756315997","295405.674931892","98468.5583106308","65595.374242103","87331.4477509859","11804.7721868962","11804.7721868962","38700.0732144996","141800.451372498","103100.378157998","872","3","3","22430.7746191224","196273.206975321","173842.432356198","295405.704703314","98468.5682344378","76701.7231088703","72620.678790182","22430.7746191224","22430.7746191224","49566.2488639963","136487.465042096","86921.2161780992"
"873","5437","8011339080130000",{D09C2D06-7E06-4E43-8879-B955967C8EB2},"4.33889703255986e-06",National Capital Region (NCR),"NCR, First District, City of Manila",City of Manila - Ermita,Barangay 663,"130000000","133900000","133908000","133908013","1380608013",Bgy,,Highly Urbanized Cities (HUC),,U,"436","604","0.05172962",No,,"0.00844098283386462",,,ADMIN2,"1748789491000","873","3","3","99.9635543498443","35392.3247469077","35292.3611925579","51729.6216092241","17243.2072030747","16237.3333079665","14425.5912959374","99.9635543498443","99.9635543498443","8168.64843115816","25814.8290274371","17646.1805962789","873","3","3","658.255825957571","39315.6752066682","38657.4193807106","51729.6217841646","17243.2072613882","11755.6907515389","16251.8439236586","658.255825957571","658.255825957571","6206.97328874824","25535.6829791035","19328.7096903553","873","3","3","99.9635543498443","35392.3247469077","35292.3611925579","51729.6216092241","17243.2072030747","16237.3333079665","14425.5912959374","99.9635543498443","99.9635543498443","8168.64843115816","25814.8290274371","17646.1805962789"
"874","5531","8011339100160000",{33E213A7-D467-4BCD-A247-6C33F731A4B5},"1.60496986999227e-05",National Capital Region (NCR),"NCR, First District, City of Manila",City of Manila - Malate,Barangay 701,"130000000","133900000","133910000","133910016","1380610016",Bgy,,Highly Urbanized Cities (HUC),,U,"1608","2695","0.19136854",No,,"0.0159948207527658",,,ADMIN2,"1748789491000","874","3","3","7600.10333008282","100465.488644713","92865.3853146301","189118.371470777","63039.4571569258","81052.7794959818","39994.6228358824","7600.10333008282","7600.10333008282","44326.4414130323","90759.1340703473","46432.692657315","874","3","3","2747.37682642735","127495.257090072","124747.880263644","189118.383070982","63039.4610236608","58875.7491544833","51013.1406598031","2747.37682642735","2747.37682642735","30811.5629904553","93185.5031222775","62373.9401318221","874","3","3","7600.10333008282","100465.488644713","92865.3853146301","189118.371470777","63039.4571569258","81052.7794959818","39994.6228358824","7600.10333008282","7600.10333008282","44326.4414130323","90759.1340703473","46432.692657315"
"875","5553","8011339100340000",{039DE4DC-FD51-414F-8137-F11EC3B0A660},"4.17397679899963e-05",National Capital Region (NCR),"NCR, First District, City of Manila",City of Manila - Malate,Barangay 719,"130000000","133900000","133910000","133910034","1380610034",Bgy,,Highly Urbanized Cities (HUC),,U,"3461","6690","0.49769468",No,,"0.0474776777187196",,,ADMIN2,"1748789491000","875","4","4","4430.64511211458","187490.710507071","183060.065394956","491978.133268491","122994.533317123","150028.388824653","74388.8710867992","4430.64511211458","4430.64511211458","59708.0821646108","186280.984469635","126572.902305024","875","4","4","2931.17983184636","234421.166721851","231489.986890004","491978.117059853","122994.529264963","127312.885253078","82009.3174497921","2931.17983184636","2931.17983184636","63069.2056685033","182919.852861423","119850.64719292","875","4","4","4430.64511211458","187490.710507071","183060.065394956","491978.133268491","122994.533317123","150028.388824653","74388.8710867992","4430.64511211458","4430.64511211458","59708.0821646108","186280.984469635","126572.902305024"
"876","5572","8011339100450000",{861DC972-F58D-4055-A85E-8F04C05A7D93},"3.78011389967181e-06",National Capital Region (NCR),"NCR, First District, City of Manila",City of Manila - Malate,Barangay 730,"130000000","133900000","133910000","133910045","1380610045",Bgy,,Highly Urbanized Cities (HUC),,U,"1435","1539","0.04507301",No,,"0.00801828005964711",,,ADMIN2,"1748789491000","876","4","4","101.855022722513","21406.8143306691","21304.9593079466","45073.0222527058","11268.2555631764","11782.1764496571","8289.15067728347","101.855022722513","101.855022722513","3522.48655843738","19014.0245679155","15491.5380094781","876","3","3","3916.60189517824","30600.8486674885","26684.2467723103","45073.02496631","15024.3416554367","10555.5744036433","11342.829365269","3916.60189517824","3916.60189517824","7236.08814941075","20578.2115355659","13342.1233861551","876","4","4","101.855022722513","21406.8143306691","21304.9593079466","45073.0222527058","11268.2555631764","11782.1764496571","8289.15067728347","101.855022722513","101.855022722513","3522.48655843738","19014.0245679155","15491.5380094781"
"877","5575","8011339100480000",{18342247-26C9-4D71-A627-9490052E2606},"3.42520340122374e-06",National Capital Region (NCR),"NCR, First District, City of Manila",City of Manila - Malate,Barangay 733,"130000000","133900000","133910000","133910048","1380610048",Bgy,,Highly Urbanized Cities (HUC),,U,"4496","4303","0.04084029",No,,"0.00824696354781358",,,ADMIN2,"1748789491000","877","4","4","5.85050890082493","38644.7271457443","38638.8766368434","40840.2883782438","10210.0720945609","1094.85536179934","16429.1663769519","5.85050890082493","5.85050890082493","226.328795278251","20193.8153938436","19967.4865985654","877","4","4","26.7184410629925","33922.0350866459","33895.3166455829","40840.2884146283","10210.0721036571","3445.76744345972","13933.851776798","26.7184410629925","26.7184410629925","189.496924201493","20230.6472831127","20041.1503589112","877","4","4","5.85050890082493","38644.7271457443","38638.8766368434","40840.2883782438","10210.0720945609","1094.85536179934","16429.1663769519","5.85050890082493","5.85050890082493","226.328795278251","20193.8153938436","19967.4865985654"
"878","5637","8011339140350000",{F47F37AB-46D8-479C-95E3-4946D4C7718E},"3.09146681087229e-06",National Capital Region (NCR),"NCR, First District, City of Manila",City of Manila - Santa Ana,Barangay 779,"130000000","133900000","133914000","133914035","1380614035",Bgy,,Highly Urbanized Cities (HUC),,U,"5256","4444","0.03685982",No,,"0.00928193944786515",,,ADMIN2,"1748789491000","878","3","3","6166.29878504116","13983.5966912971","7817.29790625591","28312.2701619821","9437.42338732737","8162.37468564387","3316.30804083264","6166.29878504116","6166.29878504116","7164.33673534252","11072.9856884705","3908.64895312795","878","3","3","814.636608632107","17474.8251071359","16660.1884985038","28312.2591386624","9437.41971288747","10022.7974228944","6814.07712014618","814.636608632107","814.636608632107","5418.71701576324","13748.8112650152","8330.09424925192","878","3","3","6166.29878504116","13983.5966912971","7817.29790625591","28312.2701619821","9437.42338732737","8162.37468564387","3316.30804083264","6166.29878504116","6166.29878504116","7164.33673534252","11072.9856884705","3908.64895312795"
"879","5647","8011339140410000",{0CC3B38D-7ADD-4A4E-A3F7-E3941301165A},"1.20760035716594e-06",National Capital Region (NCR),"NCR, First District, City of Manila",City of Manila - Santa Ana,Barangay 785,"130000000","133900000","133914000","133914041","1380614041",Bgy,,Highly Urbanized Cities (HUC),,U,"936","932","0.01439828",No,,"0.00536306101110968",,,ADMIN2,"1748789491000","879","2","2","399.862694921467","13998.4153349473","13598.5526400259","14398.2780298688","7199.13901493439","7199.13901493439","6799.27632001293","399.862694921467","399.862694921467","399.862694921467","13998.4153349473","13598.5526400259","879","3","3","599.794031448691","8425.25032208135","7825.45629063266","14398.2780314523","4799.4260104841","5373.23367792225","3220.39158784132","599.794031448691","599.794031448691","2986.51385468547","6899.2420000018","3912.72814531633","879","2","2","399.862694921467","13998.4153349473","13598.5526400259","14398.2780298688","7199.13901493439","7199.13901493439","6799.27632001293","399.862694921467","399.862694921467","399.862694921467","13998.4153349473","13598.5526400259"
"880","5648","8011339140420000",{9CB06199-4219-4FA8-8BAA-D7462A8CE84D},"2.39028103502346e-06",National Capital Region (NCR),"NCR, First District, City of Manila",City of Manila - Santa Ana,Barangay 786,"130000000","133900000","133914000","133914042","1380614042",Bgy,,Highly Urbanized Cities (HUC),,U,"1957","1439","0.02849944",No,,"0.00834330507190605",,,ADMIN2,"1748789491000","880","4","4","374.574327273163","22830.592501967","22456.0181746939","26714.0982734218","6678.52456835546","1754.46572209081","9347.93687198898","374.574327273163","374.574327273163","837.062107210215","12519.9870295007","11682.9249222905","880","4","4","999.653754880506","19418.2518366517","18418.5980817712","26714.0980776568","6678.5245194142","3148.09624306229","7426.00797054548","999.653754880506","999.653754880506","1702.340241572","11654.7087972564","9952.36855568441","880","4","4","374.574327273163","22830.592501967","22456.0181746939","26714.0982734218","6678.52456835546","1754.46572209081","9347.93687198898","374.574327273163","374.574327273163","837.062107210215","12519.9870295007","11682.9249222905"
"881","5713","8011339141000000",{A985132E-EE59-4CE4-B6A4-E837B538BA75},"2.32269721785143e-06",National Capital Region (NCR),"NCR, First District, City of Manila",City of Manila - Santa Ana,Barangay 808,"130000000","133900000","133914000","133914100","1380614100",Bgy,,Highly Urbanized Cities (HUC),,U,"2154","2183","0.02769337",No,,"0.00749848483418924",,,ADMIN2,"1748789491000","881","3","3","2.42464731734981","27350.5941526357","27348.1695053184","27693.3747622081","9231.12492073604","340.355962255046","12813.1422981178","2.42464731734981","2.42464731734981","171.390304786198","13845.4750574454","13674.0847526592","881","3","3","197.590335294381","26519.8758883165","26322.2855530221","27693.3767326608","9231.12557755359","975.910509049871","12229.1212836177","197.590335294381","197.590335294381","586.750422172126","13747.8931986832","13161.1427765111","881","3","3","2.42464731734981","27350.5941526357","27348.1695053184","27693.3747622081","9231.12492073604","340.355962255046","12813.1422981178","2.42464731734981","2.42464731734981","171.390304786198","13845.4750574454","13674.0847526592"
"882","5719","8011339110240000",{F3FF3656-E966-4E6F-8BE0-DF58CF431899},"2.10772003553947e-06",National Capital Region (NCR),"NCR, First District, City of Manila",City of Manila - Paco,Barangay 810,"130000000","133900000","133911000","133911024","1380611024",Bgy,,Highly Urbanized Cities (HUC),,U,"1791","2293","0.02513037",No,,"0.00778482060245213",,,ADMIN2,"1748789491000","882","4","4","6.31388276927464","23243.1618091324","23236.8479263631","25130.3814394474","6282.59535986186","940.452873772882","9821.06607124809","6.31388276927464","6.31388276927464","14.5998018279934","12550.5909178957","12535.9911160677","882","4","4","22.8858174279303","24481.6296367325","24458.7438193046","25130.3814713428","6282.59536783571","312.933008591186","10509.765745811","22.8858174279303","22.8858174279303","27.3058992832703","12537.8848363882","12510.5789371049","882","4","4","6.31388276927464","23243.1618091324","23236.8479263631","25130.3814394474","6282.59535986186","940.452873772882","9821.06607124809","6.31388276927464","6.31388276927464","14.5998018279934","12550.5909178957","12535.9911160677"
"883","5720","8011339110250000",{D86286CE-F979-4A06-AE0C-5F2A337D27C7},"2.77314066241267e-06",National Capital Region (NCR),"NCR, First District, City of Manila",City of Manila - Paco,Barangay 811,"130000000","133900000","133911000","133911025","1380611025",Bgy,,Highly Urbanized Cities (HUC),,U,"1991","2332","0.03306396",No,,"0.00979818654187059",,,ADMIN2,"1748789491000","883","4","4","4.69567046110387","16681.6636802302","16676.9680097691","33063.964910732","8265.99122768299","8188.80278002033","6478.57688582303","4.69567046110387","4.69567046110387","2199.27160228832","14332.7108530777","12133.4392507893","883","4","4","4.69556558343902","16218.5979245363","16213.9023589529","33063.960010404","8265.990002601","8420.33326014212","6306.00960627013","4.69556558343902","4.69556558343902","2357.70895136345","14174.2710538386","11816.5621024751","883","4","4","4.69567046110387","16681.6636802302","16676.9680097691","33063.964910732","8265.99122768299","8188.80278002033","6478.57688582303","4.69567046110387","4.69567046110387","2199.27160228832","14332.7108530777","12133.4392507893"
"884","5721","8011339110260000",{70D40034-96B7-4A0C-9793-790D23E58789},"4.27616100747026e-06",National Capital Region (NCR),"NCR, First District, City of Manila",City of Manila - Paco,Barangay 812,"130000000","133900000","133911000","133911026","1380611026",Bgy,,Highly Urbanized Cities (HUC),,U,"1829","1703","0.05098426",No,,"0.0107975064500254",,,ADMIN2,"1748789491000","884","4","4","78.7246198346402","49402.96950258","49324.2448827453","50984.2643224492","12746.0660806123","751.285100017297","21165.7326326707","78.7246198346402","78.7246198346402","374.228343212189","25117.9038180124","24743.6754748002","884","4","4","121.984986423925","49168.6614225137","49046.6764360898","50984.2627179394","12746.0656794849","846.808154500889","21031.1448472272","121.984986423925","121.984986423925","385.236949519351","25106.8944094504","24721.657459931","884","4","4","78.7246198346402","49402.96950258","49324.2448827453","50984.2643224492","12746.0660806123","751.285100017297","21165.7326326707","78.7246198346402","78.7246198346402","374.228343212189","25117.9038180124","24743.6754748002"
"885","5743","8011339110440000",{65314042-EF6C-4FCD-8F32-1E16E23228CC},"1.41612013219321e-05",National Capital Region (NCR),"NCR, First District, City of Manila",City of Manila - Paco,Barangay 829,"130000000","133900000","133911000","133911044","1380611044",Bgy,,Highly Urbanized Cities (HUC),,U,"4103","4226","0.16883382",No,,"0.0182490114947171",,,ADMIN2,"1748789491000","885","4","4","1299.54161491193","144660.125394297","143360.583779385","168833.769895782","42208.4424739454","11437.0514432866","59305.3527622752","1299.54161491193","1299.54161491193","5589.11824383805","78827.7667040528","73238.6484602148","885","4","4","6869.86495659556","102067.386765644","95197.5218090489","168833.768083949","42208.4420209873","29948.2581808547","37429.8916177402","6869.86495659556","6869.86495659556","10732.3546282822","73684.5294136925","62952.1747854103","885","4","4","1299.54161491193","144660.125394297","143360.583779385","168833.769895782","42208.4424739454","11437.0514432866","59305.3527622752","1299.54161491193","1299.54161491193","5589.11824383805","78827.7667040528","73238.6484602148"
"886","5751","8011339110450000",{62A0D990-A8B4-42AA-B7E7-575EA4C2E822},"3.51515832161366e-05",National Capital Region (NCR),"NCR, First District, City of Manila",City of Manila - Paco,Barangay 830,"130000000","133900000","133911000","133911045","1380611045",Bgy,,Highly Urbanized Cities (HUC),,U,"7923","5191","0.41907977",No,,"0.0298322758157155",,,ADMIN2,"1748789491000","886","4","4","3698.71905314896","278840.794136855","275142.075083706","419079.71598707","104769.928996768","68270.1013985331","110208.311721226","3698.71905314896","3698.71905314896","9996.53447029731","199543.323523238","189546.789052941","886","4","4","20992.7196574909","239009.525495644","218016.805838154","419079.718225779","104769.929556445","79538.7365363219","84682.077812566","20992.7196574909","20992.7196574909","33046.1861757215","176493.672937168","143447.486761447","886","4","4","3698.71905314896","278840.794136855","275142.075083706","419079.71598707","104769.928996768","68270.1013985331","110208.311721226","3698.71905314896","3698.71905314896","9996.53447029731","199543.323523238","189546.789052941"
"887","5754","8011339120010000",{9B1536D3-F9BC-423D-B923-32520BD74B48},"5.355659313297e-06",National Capital Region (NCR),"NCR, First District, City of Manila",City of Manila - Pandacan,Barangay 833,"130000000","133900000","133912000","133912001","1380612001",Bgy,,Highly Urbanized Cities (HUC),,U,"1669","1504","0.06385024",No,,"0.0126630602561521",,,ADMIN2,"1748789491000","887","3","3","399.862301430752","43484.4471075247","43084.5848060939","63850.2404628085","21283.4134876028","19965.931053853","17613.8616237478","399.862301430752","399.862301430752","10182.8966776419","31725.1890806889","21542.292403047","887","4","4","299.896728409833","36319.1195295665","36019.2228011566","63850.2403616056","15962.5600904014","13615.6120518147","15647.3995207679","299.896728409833","299.896728409833","746.478544250067","31178.6416365527","30432.1630923027","887","3","3","399.862301430752","43484.4471075247","43084.5848060939","63850.2404628085","21283.4134876028","19965.931053853","17613.8616237478","399.862301430752","399.862301430752","10182.8966776419","31725.1890806889","21542.292403047"
"888","5756","8011339120030000",{F1667B87-6321-420A-8340-3CFF86056477},"7.8052531815745e-06",National Capital Region (NCR),"NCR, First District, City of Manila",City of Manila - Pandacan,Barangay 835,"130000000","133900000","133912000","133912003","1380612003",Bgy,,Highly Urbanized Cities (HUC),,U,"2675","2706","0.09305563",No,,"0.0130141130260704",,,ADMIN2,"1748789491000","888","4","4","110.540207159078","47794.2139894182","47683.6737822592","93055.6376146644","23263.9094036661","22575.4417090435","23163.9000105868","110.540207159078","110.540207159078","120.787904281818","46407.0309030504","46286.2429987686","888","4","4","295.677066111344","82011.8851382351","81716.2080721238","93055.6327919946","23263.9081979986","5374.03529382407","34123.9665725263","295.677066111344","295.677066111344","631.99333760246","45895.8230583948","45263.8297207924","888","4","4","110.540207159078","47794.2139894182","47683.6737822592","93055.6376146644","23263.9094036661","22575.4417090435","23163.9000105868","110.540207159078","110.540207159078","120.787904281818","46407.0309030504","46286.2429987686"
"889","5759","8011339120060000",{960D96BE-F72F-43A6-B22A-53F9373648FE},"4.18245233731897e-06",National Capital Region (NCR),"NCR, First District, City of Manila",City of Manila - Pandacan,Barangay 838,"130000000","133900000","133912000","133912006","1380612006",Bgy,,Highly Urbanized Cities (HUC),,U,"3073","2969","0.0498637",No,,"0.0119918569368768",,,ADMIN2,"1748789491000","889","4","4","2048.90442011706","28786.8856418098","26737.9812216928","49863.6965310382","12465.9241327596","9513.95323455566","9903.7467686364","2048.90442011706","2048.90442011706","5730.86749337507","19200.980772144","13470.113278769","889","4","4","2401.03320569005","20744.9245870615","18343.8913813714","49863.7086059771","12465.9271514943","13358.8754066128","6662.51664477767","2401.03320569005","2401.03320569005","7005.46085872707","17926.3934442615","10920.9325855344","889","4","4","2048.90442011706","28786.8856418098","26737.9812216928","49863.6965310382","12465.9241327596","9513.95323455566","9903.7467686364","2048.90442011706","2048.90442011706","5730.86749337507","19200.980772144","13470.113278769"
"890","5768","8011339120110000",{25A6333F-B713-46A0-824E-E5D3E2FCE9F9},"2.38933494949568e-06",National Capital Region (NCR),"NCR, First District, City of Manila",City of Manila - Pandacan,Barangay 843,"130000000","133900000","133912000","133912011","1380612011",Bgy,,Highly Urbanized Cities (HUC),,U,"5462","8744","0.02848658",No,,"0.00629049247512382",,,ADMIN2,"1748789491000","890","2","2","13296.1272074035","15190.4516908029","1894.32448339941","28486.5788982064","14243.2894491032","14243.2894491032","947.162241699705","13296.1272074035","13296.1272074035","13296.1272074035","15190.4516908029","1894.32448339941","890","2","2","3819.73726252212","24666.8416478018","20847.1043852796","28486.5789103239","14243.2894551619","14243.2894551619","10423.5521926398","3819.73726252212","3819.73726252212","3819.73726252212","24666.8416478018","20847.1043852796","890","2","2","13296.1272074035","15190.4516908029","1894.32448339941","28486.5788982064","14243.2894491032","14243.2894491032","947.162241699705","13296.1272074035","13296.1272074035","13296.1272074035","15190.4516908029","1894.32448339941"
"891","5787","8011339120270000",{BC53A188-39B7-4F56-A930-3C4877D877D4},"2.8829478180906e-06",National Capital Region (NCR),"NCR, First District, City of Manila",City of Manila - Pandacan,Barangay 859,"130000000","133900000","133912000","133912027","1380612027",Bgy,,Highly Urbanized Cities (HUC),,U,"2355","1355","0.03437164",No,,"0.0154434558573778",,,ADMIN2,"1748789491000","891","3","3","218.664792613195","22982.9019712323","22764.2371786191","34371.628625828","11457.2095419427","11170.0618619825","9295.67870657064","218.664792613195","218.664792613195","5694.36332729784","17076.4819166074","11382.1185893096","891","4","4","217.563764182692","31975.8871737206","31758.3234095379","34371.6249547609","8592.90623869022","1089.08700842879","13506.1244244923","217.563764182692","217.563764182692","522.547509112019","16663.2649682684","16140.7174591564","891","3","3","218.664792613195","22982.9019712323","22764.2371786191","34371.628625828","11457.2095419427","11170.0618619825","9295.67870657064","218.664792613195","218.664792613195","5694.36332729784","17076.4819166074","11382.1185893096"
"892","5797","8011339120330000",{8201C965-BF0F-4BD5-8295-AEA56A8A7F56},"1.56607091733731e-05",National Capital Region (NCR),"NCR, First District, City of Manila",City of Manila - Pandacan,Barangay 865,"130000000","133900000","133912000","133912033","1380612033",Bgy,,Highly Urbanized Cities (HUC),,U,"2481","79","0.18671229",No,,"0.0191198112376038",,,ADMIN2,"1748789491000","892","4","4","699.762545910926","113592.229262071","112892.46671616","186712.324875653","46678.0812189132","36210.1665338354","46208.3605665956","699.762545910926","699.762545910926","3748.72915754259","89607.4332802838","85858.7041227412","892","4","4","6197.89873696561","98787.9349932248","92590.0362562592","186712.328605088","46678.082151272","40863.2474374488","34903.4864485318","6197.89873696561","6197.89873696561","16019.6905900623","77336.4737124817","61316.7831224193","892","4","4","699.762545910926","113592.229262071","112892.46671616","186712.324875653","46678.0812189132","36210.1665338354","46208.3605665956","699.762545910926","699.762545910926","3748.72915754259","89607.4332802838","85858.7041227412"
"893","5798","8011339140640000",{61092AFB-7CEB-4B0F-A637-2193A020630F},"1.32220649157066e-05",National Capital Region (NCR),"NCR, First District, City of Manila",City of Manila - Santa Ana,Barangay 866,"130000000","133900000","133914000","133914064","1380614064",Bgy,,Highly Urbanized Cities (HUC),,U,"2487","3835","0.15764203",No,,"0.0192038313720505",,,ADMIN2,"1748789491000","893","2","2","56279.6427272309","101362.399821757","45082.7570945258","157642.042548988","78821.0212744938","78821.0212744938","22541.3785472629","56279.6427272309","56279.6427272309","56279.6427272309","101362.399821757","45082.7570945258","893","3","3","3051.87838491434","117735.591979257","114683.713594343","157642.04272091","52547.3475736368","36854.572356739","48116.4278007236","3051.87838491434","3051.87838491434","19953.2253708267","77295.082167998","57341.8567971713","893","2","2","56279.6427272309","101362.399821757","45082.7570945258","157642.042548988","78821.0212744938","78821.0212744938","22541.3785472629","56279.6427272309","56279.6427272309","56279.6427272309","101362.399821757","45082.7570945258"
"894","5799","8011339120340000",{BAD09229-B277-4968-AF87-5B346C042432},"2.51726839235511e-06",National Capital Region (NCR),"NCR, First District, City of Manila",City of Manila - Pandacan,Barangay 867,"130000000","133900000","133912000","133912034","1380612034",Bgy,,Highly Urbanized Cities (HUC),,U,"3097","2116","0.03001236",No,,"0.00947713820144178",,,ADMIN2,"1748789491000","894","2","2","8588.05869942997","21424.3030000685","12836.2443006385","30012.3616994984","15006.1808497492","15006.1808497492","6418.12215031924","8588.05869942997","8588.05869942997","8588.05869942997","21424.3030000685","12836.2443006385","894","3","3","11.1408069315912","26984.7813791608","26973.6405722292","30012.3618514328","10004.1206171443","3016.43966534047","12069.661283375","11.1408069315912","11.1408069315912","1513.79023613603","15000.6105222506","13486.8202861146","894","2","2","8588.05869942997","21424.3030000685","12836.2443006385","30012.3616994984","15006.1808497492","15006.1808497492","6418.12215031924","8588.05869942997","8588.05869942997","8588.05869942997","21424.3030000685","12836.2443006385"
"895","5828","8011339140810000",{D1D955E3-30AB-4F19-86A2-6D7A046AC743},"5.44039585082529e-06",National Capital Region (NCR),"NCR, First District, City of Manila",City of Manila - Santa Ana,Barangay 888,"130000000","133900000","133914000","133914081","1380614081",Bgy,,Highly Urbanized Cities (HUC),,U,"807","837","0.06486344",No,,"0.0101847680061299",,,ADMIN2,"1748789491000","895","4","4","286.588419739564","42202.2067284517","41915.6183087122","64863.4408139518","16215.8602034879","11187.3228328802","17344.2438931823","286.588419739564","286.588419739564","449.152402693012","31982.5680042829","31533.4156015899","895","4","4","998.276613317366","41311.3563496807","40313.0797363633","64863.4442391695","16215.8610597924","11276.9056380858","16399.1552993337","998.276613317366","998.276613317366","1588.08762832615","30843.6344912586","29255.5468629325","895","4","4","286.588419739564","42202.2067284517","41915.6183087122","64863.4408139518","16215.8602034879","11187.3228328802","17344.2438931823","286.588419739564","286.588419739564","449.152402693012","31982.5680042829","31533.4156015899"
"896","5837","8011339140860000",{950F1525-0FB3-4939-8DFC-4CED39720F15},"4.53512330145326e-06",National Capital Region (NCR),"NCR, First District, City of Manila",City of Manila - Santa Ana,Barangay 893,"130000000","133900000","133914000","133914086","1380614086",Bgy,,Highly Urbanized Cities (HUC),,U,"881","662","0.05406879",No,,"0.0123214490589767",,,ADMIN2,"1748789491000","896","4","4","945.555542464412","49331.9107068993","48386.3551644349","54068.7996998422","13517.1999249605","1895.66672523922","20685.4648214629","945.555542464412","945.555542464412","1126.07743000983","25908.3224199113","24782.2449899014","896","4","4","1006.20788060301","47682.6132471389","46676.4053665359","54068.7976551582","13517.1994137895","2689.98826370812","19737.6256552099","1006.20788060301","1006.20788060301","1779.13078243115","25255.2680451479","23476.1372627168","896","4","4","945.555542464412","49331.9107068993","48386.3551644349","54068.7996998422","13517.1999249605","1895.66672523922","20685.4648214629","945.555542464412","945.555542464412","1126.07743000983","25908.3224199113","24782.2449899014"
"897","5906","8011339010970000",{09BDF003-F261-4913-BB95-60AEEC474696},"2.55090492824622e-06",National Capital Region (NCR),"NCR, First District, City of Manila",City of Manila - Tondo I / II,Barangay 97,"130000000","133900000","133901000","133901097","1380601097",Bgy,,Highly Urbanized Cities (HUC),,U,"3558","3634","0.03040833",No,,"0.00635815789492638",,,ADMIN2,"1748789491000","897","3","3","1.4310522210435","28505.3671177385","28503.9360655174","30408.3332439839","10136.111081328","1901.53507402436","13012.16800593","1.4310522210435","1.4310522210435","951.4830631227","15203.4510958814","14251.9680327587","897","3","3","424.873131262284","17929.3389867153","17504.465855453","30408.3327073554","10136.1109024518","12054.1205893779","7273.72678849646","424.873131262284","424.873131262284","6239.49686032009","14991.7297880466","8752.23292772648","897","3","3","1.4310522210435","28505.3671177385","28503.9360655174","30408.3332439839","10136.111081328","1901.53507402436","13012.16800593","1.4310522210435","1.4310522210435","951.4830631227","15203.4510958814","14251.9680327587"
"898","5914","8011339010990000",{6F9A1E92-55DA-44A0-B5C0-8DFD3AA0F56C},"1.08486009520151e-06",National Capital Region (NCR),"NCR, First District, City of Manila",City of Manila - Tondo I / II,Barangay 99,"130000000","133900000","133901000","133901099","1380601099",Bgy,,Highly Urbanized Cities (HUC),,U,"0","6310","0.01293186",No,,"0.00428795957166498",,,ADMIN2,"1748789491000","898","4","4","499.804696951614","7085.82774691487","6586.02304996325","12931.8654931388","3232.96637328471","2673.11652463618","2550.46267479575","499.804696951614","499.804696951614","966.19230164713","5499.74044492229","4533.54814327516","898","4","4","812.918436596417","6870.28237257292","6057.36393597651","12931.8623590008","3232.9655897502","2624.33077491573","2334.2570380483","812.918436596417","812.918436596417","1222.71012207929","5243.22105742111","4020.51093534181","898","4","4","499.804696951614","7085.82774691487","6586.02304996325","12931.8654931388","3232.96637328471","2673.11652463618","2550.46267479575","499.804696951614","499.804696951614","966.19230164713","5499.74044492229","4533.54814327516"
"899","24350","8011339059010000",{3B646007-08B1-4958-93A5-DFBB4EA8E2CC},"5.56080228161364e-05",National Capital Region (NCR),"NCR, First District, City of Manila",City of Manila - Santa Cruz,Manila North Cemetery,"130000000","133900000","133905000","133905901",,,,Highly Urbanized Cities (HUC),,,,,"0.66284448",No,,"0.0498586138701777",,,ADMIN2,"1748789493000","899","4","4","25241.0244938313","538977.976293867","513736.951800036","662844.405953374","165711.101488343","49312.7025828375","215768.744666082","25241.0244938313","25241.0244938313","34373.6798193416","297048.523157345","262674.843338004","899","4","4","21885.3080744041","555980.213798287","534094.905723883","662844.363911392","165711.090977848","42489.4210193506","225520.05098423","21885.3080744041","21885.3080744041","29142.499316406","302279.68263929","273137.183322884","899","4","4","25241.0244938313","538977.976293867","513736.951800036","662844.405953374","165711.101488343","49312.7025828375","215768.744666082","25241.0244938313","25241.0244938313","34373.6798193416","297048.523157345","262674.843338004"
