Barangay,Barangay_No,Population_2020,Population_2024,Population_Density_per_Hectare,Population_Change_2020_2024_Pct,Elevation_Mean,Elevation_Median,Elevation_Min,Elevation_Max,Flood_PCT_5yr,Flood_PCT_25yr,Flood_Escalation_5to25,Flood_Severity_Increase_5to25_Sqm,Affected_Population_5yr,Affected_Population_25yr,Affected_Population_Increase_5to25,Hazard,Exposure,Vulnerability,DPI,DPI_Scaled,DPI_Risk_Class,DPI_Rank,ML_Predicted_Risk_Class,ML_Prediction_Confidence,Best_Model,Vulnerability_Elevation_Included,Planning_Reference,DRRM_Pillar
Barangay 310,310,13602,13761.0,1590.4866389958693,1.1689457432730481,2.0,2.0,2,2,43.28062563503465,98.95978637105291,55.67916073601826,48173.99355030592,5955.846893637118,13617.856202520592,7662.009308883474,0.6135068189158785,0.8478075311820902,0.4277361845028232,0.7784083227179188,100.0,High,1,High,0.9998743424856946,Gradient Boosting,True,"Priority site validation, detailed evacuation planning, pre-positioning review, infrastructure assessment, and enhanced preparedness review.",Disaster Prevention and Mitigation; Disaster Preparedness; Disaster Response and Early Recovery
Barangay 628,628,15202,16279.0,884.8995436318215,7.084594132351006,1.408893119,2.0,0,3,49.36508606616621,85.6499466631475,36.2848605969813,66751.22050961552,8036.142360711197,13942.954817293781,5906.812456582584,0.5683512112603396,0.8452050559712375,0.3929551768095137,0.765744377823707,98.35986437166382,High,2,High,0.999791871370002,Gradient Boosting,True,"Priority site validation, detailed evacuation planning, pre-positioning review, infrastructure assessment, and enhanced preparedness review.",Disaster Prevention and Mitigation; Disaster Preparedness; Disaster Response and Early Recovery
Barangay 649,649,64750,69769.0,632.7951551046016,7.751351351351351,0.625217302,1.0,0,6,10.831891639556012,17.449150384418363,6.617258744862351,72958.76424559309,7557.302478001835,12174.097731704847,4616.795253703012,0.22066078763827396,0.7316070252608502,0.40073030344781585,0.6139952856962181,78.7065024338904,High,3,High,0.9945930194306574,Gradient Boosting,True,"Priority site validation, detailed evacuation planning, pre-positioning review, infrastructure assessment, and enhanced preparedness review.",Disaster Prevention and Mitigation; Disaster Preparedness; Disaster Response and Early Recovery
Barangay 598,598,12027,10510.0,1368.152764613091,-12.613286771430948,2.567198178,3.0,1,4,99.99027516789592,100.0,0.009724832104083703,7.470509730890626,10508.97792014586,10510.0,1.0220798541395197,0.5000190591026148,0.5846396996277065,0.38202155404728,0.5566412759468679,71.27845725494744,High,4,High,0.9981268305485219,Gradient Boosting,True,"Priority site validation, detailed evacuation planning, pre-positioning review, infrastructure assessment, and enhanced preparedness review.",Disaster Prevention and Mitigation; Disaster Preparedness; Disaster Response and Early Recovery
Barangay 648,648,5634,9086.0,2149.392096642745,61.2708555200568,1.249851983,1.0,0,2,62.57621425854136,97.39783039094698,34.821616132405616,14719.93893869915,5685.674827531068,8849.566869321443,3163.8920417903746,0.5338870647326307,0.5295535844169951,0.529859257720407,0.5304069533408784,67.88079187099471,High,5,High,0.9998942180294178,Gradient Boosting,True,"Priority site validation, detailed evacuation planning, pre-positioning review, infrastructure assessment, and enhanced preparedness review.",Disaster Prevention and Mitigation; Disaster Preparedness; Disaster Response and Early Recovery
Barangay 20,20,45772,43691.0,318.32169707250563,-4.54644760989251,1.223005928,1.0,0,3,17.329451294535033,23.628009847751304,6.298558553216271,86450.38157291888,7571.4105650953015,10323.313782581023,2751.903217485721,0.27530605385670837,0.606676395994949,0.3468747626530711,0.5277941243811873,67.54239858964867,High,6,High,0.9975579823329594,Gradient Boosting,True,"Priority site validation, detailed evacuation planning, pre-positioning review, infrastructure assessment, and enhanced preparedness review.",Disaster Prevention and Mitigation; Disaster Preparedness; Disaster Response and Early Recovery
Barangay 843,843,8744,9355.0,3282.855633382997,6.987648673376029,1.479753521,1.0,1,2,100.0,100.0,0.0,0.0,9355.0,9355.0,0.0,0.5000000000017545,0.5203798001547004,0.5911393433483698,0.5205278372174648,66.60132560153181,High,7,High,0.9975931767453105,Gradient Boosting,True,"Priority site validation, detailed evacuation planning, pre-positioning review, infrastructure assessment, and enhanced preparedness review.",Disaster Prevention and Mitigation; Disaster Preparedness; Disaster Response and Early Recovery
Barangay 900,900,8581,8689.0,1335.142406555835,1.258594569397506,1.95234435,2.0,1,3,51.3809779072973,96.84645212989356,45.465474222596264,29588.567000820396,4464.493170365062,8414.988225566452,3950.4950552013906,0.563865731972553,0.5146505079696695,0.4081322570994111,0.5180025670615944,66.27427225532607,High,8,High,0.9998946630330281,Gradient Boosting,True,"Priority site validation, detailed evacuation planning, pre-positioning review, infrastructure assessment, and enhanced preparedness review.",Disaster Prevention and Mitigation; Disaster Preparedness; Disaster Response and Early Recovery
Barangay 397,397,4175,8835.0,2143.964362632788,111.61676646706586,2.0,2.0,2,2,89.07997777956754,99.75733283927588,10.677355059708333,4399.99999984516,7870.216036824792,8813.560356350024,943.3443195252321,0.5129654321718375,0.5013798083527974,0.5254750648146062,0.5050030104316166,64.59067080573784,High,9,High,0.9997903168785341,Gradient Boosting,True,"Priority site validation, detailed evacuation planning, pre-positioning review, infrastructure assessment, and enhanced preparedness review.",Disaster Prevention and Mitigation; Disaster Preparedness; Disaster Response and Early Recovery
Barangay 898,898,7596,7812.0,1306.7559117515061,2.843601895734597,1.844769874,2.0,1,3,71.4086975541667,91.80350234582042,20.394804791653726,12192.346986886732,5578.447452931502,7171.689603255491,1593.2421503239893,0.49282208196701743,0.4177089085754635,0.4104152782652877,0.43177476267025644,55.10671780710075,High,10,High,0.9997510521335583,Gradient Boosting,True,"Priority site validation, detailed evacuation planning, pre-positioning review, infrastructure assessment, and enhanced preparedness review.",Disaster Prevention and Mitigation; Disaster Preparedness; Disaster Response and Early Recovery
Barangay 101,101,15358,13659.0,1313.3986041912276,-11.062638364370361,1.901875902,2.0,0,4,36.08287699593152,55.17350824105141,19.090631245119887,19853.75432446604,4928.560168874286,7536.149490645212,2607.5893217709254,0.32248925816252605,0.4499371695019964,0.4024189299266861,0.4226188273143738,53.92091228493761,High,11,High,0.9978038582597895,Gradient Boosting,True,"Priority site validation, detailed evacuation planning, pre-positioning review, infrastructure assessment, and enhanced preparedness review.",Disaster Prevention and Mitigation; Disaster Preparedness; Disaster Response and Early Recovery
Barangay 152,152,6218,6016.0,2389.475096155396,-3.248633000964941,1.0,1.0,1,1,97.34529117846948,100.0,2.6547088215305195,668.3781009487866,5856.292717296724,6016.0,159.70728270327618,0.5027700415349131,0.33652737113263903,0.5290562132221814,0.37968580206185537,48.36056083543815,High,12,High,0.9993369780042111,Gradient Boosting,True,"Priority site validation, detailed evacuation planning, pre-positioning review, infrastructure assessment, and enhanced preparedness review.",Disaster Prevention and Mitigation; Disaster Preparedness; Disaster Response and Early Recovery
Barangay 836,836,5317,5673.0,1134.5511242561495,6.6955049840135406,0.978478478,1.0,0,7,76.8318245553657,97.61921674780216,20.787392192436457,10394.143850063068,4358.669407025896,5537.9381661028165,1179.26875907692,0.5189439548534721,0.3219511022065083,0.42937605357696024,0.3661347323619719,46.60553170332276,High,13,High,0.9998379495860436,Gradient Boosting,True,"Priority site validation, detailed evacuation planning, pre-positioning review, infrastructure assessment, and enhanced preparedness review.",Disaster Prevention and Mitigation; Disaster Preparedness; Disaster Response and Early Recovery
Barangay 830,830,5191,5407.0,128.97562086859648,4.161047967636294,1.164180885,1.0,0,3,77.27219677951075,94.9907748505125,17.718578071001744,74280.97727671667,4178.107679868146,5136.15119616721,958.0435162990643,0.6173390549706457,0.29699404994969847,0.3372147245247288,0.36109370138243096,45.95265658564356,High,14,High,0.9996136616892939,Gradient Boosting,True,"Priority site validation, detailed evacuation planning, pre-positioning review, infrastructure assessment, and enhanced preparedness review.",Disaster Prevention and Mitigation; Disaster Preparedness; Disaster Response and Early Recovery
Barangay 128,128,23702,22298.0,209.45954628507693,-5.92355075521053,9.141101108,5.0,0,30,23.812298450030266,30.910284802595907,7.097986352565641,75561.55949755575,5309.666308387749,6892.375305282835,1582.7089968950859,0.29287200582755835,0.4020476727159876,0.048381522821380384,0.36060743412743856,45.88967903350885,High,15,High,0.9949595574745977,Gradient Boosting,True,"Priority site validation, detailed evacuation planning, pre-positioning review, infrastructure assessment, and enhanced preparedness review.",Disaster Prevention and Mitigation; Disaster Preparedness; Disaster Response and Early Recovery
Barangay 183,183,8424,8512.0,2067.2366230484436,1.0446343779677114,2.061930783,2.0,0,3,63.467875679826335,69.79582725958822,6.327951579761887,2605.5809599340137,5402.385577866818,5941.020816336149,538.6352384693319,0.357378504049058,0.33682255142062756,0.46534472794988496,0.3481947575400395,44.282085721624455,High,16,High,0.9905631555058408,Gradient Boosting,True,"Priority site validation, detailed evacuation planning, pre-positioning review, infrastructure assessment, and enhanced preparedness review.",Disaster Prevention and Mitigation; Disaster Preparedness; Disaster Response and Early Recovery
Barangay 630,630,4660,6552.0,256.76478135766075,40.60085836909872,2.352722288,3.0,0,7,54.69110236450481,76.56510989992373,21.87400753541892,55817.03869754204,3583.361026922355,5016.546000643002,1433.1849737206471,0.4949255550303014,0.2959408215277974,0.32153024217515175,0.3357917383014364,42.67574315443043,High,17,High,0.9984138021760283,Gradient Boosting,True,"Priority site validation, detailed evacuation planning, pre-positioning review, infrastructure assessment, and enhanced preparedness review.",Disaster Prevention and Mitigation; Disaster Preparedness; Disaster Response and Early Recovery
Barangay 275,275,19809,20995.0,778.5388359963333,5.987177545560099,1.365465214,1.0,0,6,19.816408015511712,29.280518004210844,9.464109988699132,25522.03949575023,4160.454862856684,6147.444754984066,1986.9898921273825,0.19733890405670687,0.36537504480603683,0.38512117110818495,0.3341059071761707,42.45740742137066,High,18,High,0.9979439308720485,Gradient Boosting,True,"Priority site validation, detailed evacuation planning, pre-positioning review, infrastructure assessment, and enhanced preparedness review.",Disaster Prevention and Mitigation; Disaster Preparedness; Disaster Response and Early Recovery
Barangay 781,781,4275,4337.0,1320.9733917379947,1.4502923976608189,1.0,1.0,1,1,43.603510464065806,98.47708854965396,54.87357808558815,18016.010742205675,1891.0842488265341,4270.951330398492,2379.867081571958,0.5570967532793765,0.26562387185360514,0.4417624444482157,0.33198936027555453,42.183288731677706,High,19,High,0.99988749607302,Gradient Boosting,True,"Priority site validation, detailed evacuation planning, pre-positioning review, infrastructure assessment, and enhanced preparedness review.",Disaster Prevention and Mitigation; Disaster Preparedness; Disaster Response and Early Recovery
Barangay 116,116,5943,6182.0,1461.0963924549178,4.021537943799428,3.0,3.0,3,3,50.50083845298558,80.08577738213208,29.584938929146496,12517.592501387746,3121.961833163569,4950.902757763405,1828.9409245998363,0.44029411270503416,0.2969536524514476,0.38176249880503454,0.329486384015837,41.85912271747477,High,20,High,0.9977060925810506,Gradient Boosting,True,"Priority site validation, detailed evacuation planning, pre-positioning review, infrastructure assessment, and enhanced preparedness review.",Disaster Prevention and Mitigation; Disaster Preparedness; Disaster Response and Early Recovery
Barangay 48,48,4070,4191.0,2480.361469735746,2.9729729729729732,0.908284024,1.0,0,2,76.26395599191375,99.98760419413296,23.72364820221921,4008.5209687640145,3196.222395621105,4190.480491776112,994.258096155007,0.521206467761855,0.24481713289767604,0.5429065737178852,0.31530267202235707,40.02215867689384,High,21,High,0.9997355569195334,Gradient Boosting,True,"Priority site validation, detailed evacuation planning, pre-positioning review, infrastructure assessment, and enhanced preparedness review.",Disaster Prevention and Mitigation; Disaster Preparedness; Disaster Response and Early Recovery
Barangay 129,129,5716,5207.0,1104.021244980163,-8.90482855143457,2.463698993,3.0,0,3,54.608555399714895,85.12786720286304,30.51931180314815,14394.112185934227,2843.467479663155,4432.608045253079,1589.1405655899239,0.46939199596231707,0.26529683611077093,0.36540184705388556,0.31042830037217223,39.39086797908972,High,22,High,0.9994128467586646,Gradient Boosting,True,"Priority site validation, detailed evacuation planning, pre-positioning review, infrastructure assessment, and enhanced preparedness review.",Disaster Prevention and Mitigation; Disaster Preparedness; Disaster Response and Early Recovery
Barangay 829,829,4226,4375.0,259.03919092038296,3.5257927117841934,1.364618801,1.0,0,2,59.86618338458703,91.355492143078,31.489308758490964,53183.35242204374,2619.145523075683,3996.8027812596624,1377.6572581839796,0.5699411272689563,0.23856230371918108,0.3405020971134536,0.308347314200925,39.121354838433405,High,23,High,0.999811236937389,Gradient Boosting,True,"Priority site validation, detailed evacuation planning, pre-positioning review, infrastructure assessment, and enhanced preparedness review.",Disaster Prevention and Mitigation; Disaster Preparedness; Disaster Response and Early Recovery
Barangay 595,595,4198,4229.0,868.6083320586318,0.7384468794664126,2.154358974,2.0,1,3,55.92385077077231,95.06823094302726,39.14438017225495,19058.25417954798,2365.019649095961,4020.4354865806226,1655.4158374846616,0.5325167643243521,0.24315049402456876,0.361454520030479,0.3057762155036817,38.78836613605483,High,24,High,0.9995986196278001,Gradient Boosting,True,"Priority site validation, detailed evacuation planning, pre-positioning review, infrastructure assessment, and enhanced preparedness review.",Disaster Prevention and Mitigation; Disaster Preparedness; Disaster Response and Early Recovery
Barangay 396,396,1666,4237.0,939.6386447934452,154.3217286914766,2.0,2.0,2,2,90.02035897676792,100.0,9.979641023232077,4499.99999997118,3814.162609845657,4237.0,422.8373901543432,0.513939913003841,0.24067018216469052,0.44449021594937493,0.30512054417206286,38.70344868573031,High,25,High,0.999711451354645,Gradient Boosting,True,"Priority site validation, detailed evacuation planning, pre-positioning review, infrastructure assessment, and enhanced preparedness review.",Disaster Prevention and Mitigation; Disaster Preparedness; Disaster Response and Early Recovery
Barangay 105,105,24971,26494.0,522.6922177873777,6.099074926915222,2.04584824,2.0,0,3,15.792012130472068,21.492867861397823,5.700855730925754,28896.254161677018,4183.93569384727,5694.32041119874,1510.3847173514696,0.1621428299774605,0.33455245636367176,0.33893734814488696,0.30155445663665187,38.241596769171004,High,26,High,0.9960488873385926,Gradient Boosting,True,"Priority site validation, detailed evacuation planning, pre-positioning review, infrastructure assessment, and enhanced preparedness review.",Disaster Prevention and Mitigation; Disaster Preparedness; Disaster Response and Early Recovery
Barangay 601,601,7759,7765.0,667.5490939212098,0.07732955277741978,3.909617862,3.0,1,11,56.83468545149625,65.06071331624867,8.226027864752417,9568.600564581342,4413.213325308684,5051.964389006709,638.7510636980251,0.3471914736397239,0.2885479774057907,0.28030340785347624,0.2993826964584773,37.96032728527947,High,27,High,0.9930192967946975,Gradient Boosting,True,"Priority site validation, detailed evacuation planning, pre-positioning review, infrastructure assessment, and enhanced preparedness review.",Disaster Prevention and Mitigation; Disaster Preparedness; Disaster Response and Early Recovery
Barangay 905,905,7385,7428.0,455.16953197526533,0.5822613405551794,1.774356618,2.0,1,3,43.67219808814989,62.40764378331448,18.735445695164586,30574.73772898427,3243.9708739877738,4635.639780224599,1391.6689062368255,0.37747259298083774,0.2742632911601812,0.3406159549857459,0.29799258606497897,37.7802910009508,High,28,High,0.9972449166864937,Gradient Boosting,True,"Priority site validation, detailed evacuation planning, pre-positioning review, infrastructure assessment, and enhanced preparedness review.",Disaster Prevention and Mitigation; Disaster Preparedness; Disaster Response and Early Recovery
Barangay 733,733,4303,4317.0,1056.6723672493122,0.32535440390425285,3.705702023,4.0,3,4,95.08549287020016,99.93457878051912,4.849085910318962,1981.0780071158879,4104.840727206541,4314.17576595501,209.33503874846974,0.5060816707924208,0.24244685813440672,0.3204412101760728,0.29778665466750354,37.75362036831507,High,29,High,0.9992857535246465,Gradient Boosting,True,"Priority site validation, detailed evacuation planning, pre-positioning review, infrastructure assessment, and enhanced preparedness review.",Disaster Prevention and Mitigation; Disaster Preparedness; Disaster Response and Early Recovery
Barangay 58,58,3719,4088.0,1368.7816869144121,9.922022048937887,2.367671692,2.0,0,3,89.66954804459442,99.99999999999996,10.330451955405536,3085.290225419165,3665.6911240630197,4087.999999999998,422.30887593697844,0.5116388031866484,0.23237570198686855,0.3998351614543869,0.29588617533706524,37.50748506949574,High,30,High,0.9997038141856011,Gradient Boosting,True,"Priority site validation, detailed evacuation planning, pre-positioning review, infrastructure assessment, and enhanced preparedness review.",Disaster Prevention and Mitigation; Disaster Preparedness; Disaster Response and Early Recovery
Barangay 91,91,4552,4453.0,787.0955458597833,-2.1748681898066784,0.91158267,1.0,0,2,32.316606942952944,83.35207071973005,51.03546377677711,28873.358691128185,1439.0585071696946,3711.6677091495794,2272.609201979885,0.498448134508507,0.23324912902508443,0.3985911157442708,0.2939251681455401,37.253510672962015,High,31,High,0.9993512956925545,Gradient Boosting,True,"Priority site validation, detailed evacuation planning, pre-positioning review, infrastructure assessment, and enhanced preparedness review.",Disaster Prevention and Mitigation; Disaster Preparedness; Disaster Response and Early Recovery
Barangay 719,719,6690,8846.0,177.67561998348086,32.22720478325859,2.343326303,2.0,0,4,38.516524201391455,51.74991783284959,13.233393631458135,65885.5728629299,3407.1717308550883,4577.797731493874,1170.626000638786,0.38356078024168294,0.2684406155063425,0.31135360705427123,0.29311600263645166,37.148713850821444,High,32,High,0.9972581564820868,Gradient Boosting,True,"Priority site validation, detailed evacuation planning, pre-positioning review, infrastructure assessment, and enhanced preparedness review.",Disaster Prevention and Mitigation; Disaster Preparedness; Disaster Response and Early Recovery
Barangay 393,393,4073,4130.0,442.8901002194639,1.3994598575988215,2.0,2.0,2,2,86.03375344366069,98.09346617045792,12.05971272679723,11245.817763140818,3553.1940172231866,4051.260152839912,498.0661356167252,0.5176189460931399,0.23122487513538856,0.331739693347668,0.2922520407193012,37.03682022417658,High,33,High,0.9995959291408265,Gradient Boosting,True,"Priority site validation, detailed evacuation planning, pre-positioning review, infrastructure assessment, and enhanced preparedness review.",Disaster Prevention and Mitigation; Disaster Preparedness; Disaster Response and Early Recovery
Barangay 739,739,4530,4598.0,1777.4177537216328,1.5011037527593818,4.0,4.0,4,4,48.384163726261846,85.31936101653181,36.93519729026997,9554.762057769934,2224.70384813352,3922.984219540133,1698.280371406613,0.46559013036100805,0.23823487663492515,0.37061432014737833,0.2897125031475418,36.70791907325285,High,34,High,0.9993059551319136,Gradient Boosting,True,"Priority site validation, detailed evacuation planning, pre-positioning review, infrastructure assessment, and enhanced preparedness review.",Disaster Prevention and Mitigation; Disaster Preparedness; Disaster Response and Early Recovery
Barangay 50,50,4217,3806.0,1075.6567250654653,-9.746265117382025,1.14770318,1.0,1,2,85.45736268801305,100.0,14.542637311986951,5145.626510730341,3252.5072239057768,3806.0,553.4927760942232,0.5178082042667828,0.21823531745932442,0.41062323373689863,0.28709954977545943,36.36950967898171,High,35,High,0.9997433255520738,Gradient Boosting,True,"Priority site validation, detailed evacuation planning, pre-positioning review, infrastructure assessment, and enhanced preparedness review.",Disaster Prevention and Mitigation; Disaster Preparedness; Disaster Response and Early Recovery
Barangay 866,866,3835,4046.0,256.569941976566,5.501955671447197,1.650182279,2.0,1,3,97.1879637580942,100.0,2.812036241905801,4434.462800708745,3932.2250136524913,4046.0,113.77498634750873,0.5095469025947754,0.22640310436916633,0.3308016063185995,0.2870272749451902,36.360149205199896,High,36,High,0.9991628821172682,Gradient Boosting,True,"Priority site validation, detailed evacuation planning, pre-positioning review, infrastructure assessment, and enhanced preparedness review.",Disaster Prevention and Mitigation; Disaster Preparedness; Disaster Response and Early Recovery
Barangay 60,60,4503,3800.0,2790.565595438142,-15.611814345991561,2.204044118,2.0,0,3,96.32820316259988,100.0,3.671796837400123,500.00000017665843,3660.4717201787953,3800.0,139.5282798212047,0.5030781199857727,0.21302266857727556,0.5129867666464549,0.2862518926046266,36.2597277162433,High,37,High,0.9980574044784783,Gradient Boosting,True,"Priority site validation, detailed evacuation planning, pre-positioning review, infrastructure assessment, and enhanced preparedness review.",Disaster Prevention and Mitigation; Disaster Preparedness; Disaster Response and Early Recovery
Barangay 903,903,3691,3879.0,1481.5359325504987,5.09347060417231,1.525358852,2.0,1,2,100.0,100.0,0.0,0.0,3879.0,3879.0,0.0,0.5000000000017545,0.21577266112272667,0.4377462084223616,0.28338263445969714,35.88812372161889,High,38,High,0.9971013835792297,Gradient Boosting,True,"Priority site validation, detailed evacuation planning, pre-positioning review, infrastructure assessment, and enhanced preparedness review.",Disaster Prevention and Mitigation; Disaster Preparedness; Disaster Response and Early Recovery
Barangay 313,313,2848,3587.0,659.8549380797181,25.94803370786517,1.425541724,1.0,1,2,75.27229232627182,99.81604267126778,24.543750344995956,13342.08890573831,2700.0171257433703,3580.4014506183753,880.384324875005,0.5374005843947605,0.20953887837198748,0.3822787642390457,0.2827263821960642,35.80313103349904,High,39,High,0.9996203463398791,Gradient Boosting,True,"Priority site validation, detailed evacuation planning, pre-positioning review, infrastructure assessment, and enhanced preparedness review.",Disaster Prevention and Mitigation; Disaster Preparedness; Disaster Response and Early Recovery
Barangay 293,293,3565,3708.0,291.06080865917494,4.011220196353436,0.965679545,1.0,0,1,88.08267221292249,100.0,11.917327787077511,15182.205958284176,3266.105485655166,3708.0,441.8945143448341,0.5340518529001267,0.2114687120603699,0.3579570114825126,0.2821250991304735,35.72525752829757,High,40,High,0.9997975598995766,Gradient Boosting,True,"Priority site validation, detailed evacuation planning, pre-positioning review, infrastructure assessment, and enhanced preparedness review.",Disaster Prevention and Mitigation; Disaster Preparedness; Disaster Response and Early Recovery
Barangay 198,198,5032,3840.0,886.6222319430947,-23.68839427662957,2.834682081,3.0,2,3,79.16073961750318,98.1528703502886,18.992130732785412,8225.575604399783,3039.7724013121224,3769.070221451082,729.2978201389597,0.5166928744153036,0.21825306652467866,0.32678963220411794,0.2820657204892369,35.71756726859825,High,41,High,0.9993096258989301,Gradient Boosting,True,"Priority site validation, detailed evacuation planning, pre-positioning review, infrastructure assessment, and enhanced preparedness review.",Disaster Prevention and Mitigation; Disaster Preparedness; Disaster Response and Early Recovery
Barangay 262,262,1736,3638.0,812.1270273888044,109.56221198156682,1.006700168,1.0,1,2,86.95230425470237,100.0,13.04769574529763,5844.838987074836,3163.3248287860724,3638.0,474.67517121392757,0.5181569792714894,0.20796124831550342,0.44920743122777923,0.281690301227543,35.6689458862556,High,42,High,0.9997379661866954,Gradient Boosting,True,"Priority site validation, detailed evacuation planning, pre-positioning review, infrastructure assessment, and enhanced preparedness review.",Disaster Prevention and Mitigation; Disaster Preparedness; Disaster Response and Early Recovery
Barangay 787,787,3622,3646.0,1810.4122051720974,0.6626173384870238,0.839950372,1.0,0,2,92.9043175771852,100.0,7.095682422814804,1429.0037395723084,3387.291418864172,3646.0,258.7085811358279,0.506769593317301,0.20586092073043483,0.48821953810216884,0.28016853452787427,35.47185850132209,High,43,High,0.9993896919429708,Gradient Boosting,True,"Priority site validation, detailed evacuation planning, pre-positioning review, infrastructure assessment, and enhanced preparedness review.",Disaster Prevention and Mitigation; Disaster Preparedness; Disaster Response and Early Recovery
Barangay 97,97,3634,3656.0,1201.834063616122,0.6053935057787562,2.807881773,3.0,2,3,73.84741495115186,98.60277131176294,24.755356360611074,7530.622204373009,2699.861490614112,3604.917319158053,905.0558285439411,0.5211479301988731,0.21119336720217638,0.36546717136817497,0.27986296383403014,35.43228336212686,High,44,High,0.9995144457757662,Gradient Boosting,True,"Priority site validation, detailed evacuation planning, pre-positioning review, infrastructure assessment, and enhanced preparedness review.",Disaster Prevention and Mitigation; Disaster Preparedness; Disaster Response and Early Recovery
Barangay 276,276,2543,3077.0,1478.521318229338,20.99882029099489,2.0,2.0,2,2,15.83517030139682,96.56698534361956,80.73181504222275,16801.367137703142,487.24819017398016,2971.3661390231737,2484.1179488491935,0.5608197309462944,0.19456202224544664,0.42758618234388884,0.27862922484939046,35.27249908624141,High,45,High,0.9993240822982238,Gradient Boosting,True,"Priority site validation, detailed evacuation planning, pre-positioning review, infrastructure assessment, and enhanced preparedness review.",Disaster Prevention and Mitigation; Disaster Preparedness; Disaster Response and Early Recovery
Barangay 880,880,3417,3751.0,618.4947941053715,9.774656131109161,2.067133443,2.0,1,3,92.11039953631372,100.0,7.889600463686278,4784.824645467503,3455.061086607128,3751.0,295.9389133928721,0.5131982697463195,0.2121404231259165,0.3478941782915505,0.27802674330591703,35.194470363507676,High,46,High,0.9994040121045151,Gradient Boosting,True,"Priority site validation, detailed evacuation planning, pre-positioning review, infrastructure assessment, and enhanced preparedness review.",Disaster Prevention and Mitigation; Disaster Preparedness; Disaster Response and Early Recovery
Barangay 659-A,659,2607,3547.0,99.80757712360287,36.056770233985425,0.871466742,1.0,0,3,80.6985670841739,94.25206079945193,13.553493715278023,48166.92639332928,2862.3781744756484,3343.1205965565596,480.7424220809112,0.5648204187736295,0.19162983896372884,0.36028632507745345,0.27332406086167743,34.58541551606644,High,47,High,0.9995520938565724,Gradient Boosting,True,"Priority site validation, detailed evacuation planning, pre-positioning review, infrastructure assessment, and enhanced preparedness review.",Disaster Prevention and Mitigation; Disaster Preparedness; Disaster Response and Early Recovery
Barangay 823,823,3002,3590.0,2093.8813998401856,19.586942038640906,2.914244186,3.0,2,3,97.25701003052534,99.59585088198844,2.338840851463104,400.9987699109115,3491.52666009586,3575.4910466633846,83.9643865675248,0.5000863565309258,0.19987930412326452,0.4451234501200416,0.2719123871024556,34.40258651235329,High,48,High,0.9970967082018105,Gradient Boosting,True,"Priority site validation, detailed evacuation planning, pre-positioning review, infrastructure assessment, and enhanced preparedness review.",Disaster Prevention and Mitigation; Disaster Preparedness; Disaster Response and Early Recovery
Barangay 221,221,3353,3395.0,1354.0377979023674,1.2526096033402923,1.290836653,1.0,1,2,84.30644344115679,99.99976273198216,15.693319290825372,3934.810318802771,2862.203754827273,3394.991944750794,532.7881899235213,0.5163449822459791,0.19512862653421859,0.4338339396926622,0.2708366538935045,34.26326591538895,High,49,High,0.9997433255520738,Gradient Boosting,True,"Priority site validation, detailed evacuation planning, pre-positioning review, infrastructure assessment, and enhanced preparedness review.",Disaster Prevention and Mitigation; Disaster Preparedness; Disaster Response and Early Recovery
Barangay 860,860,3214,3480.0,1872.915181391646,8.276291225886744,1.92885906,2.0,1,2,95.15625384253174,100.0,4.84374615746826,899.9999997578489,3311.4376337201043,3480.0,168.56236627989574,0.5044871975584111,0.19556458679470687,0.4572887931862472,0.2702284266936809,34.1844930599409,High,50,High,0.9988134376631314,Gradient Boosting,True,"Priority site validation, detailed evacuation planning, pre-positioning review, infrastructure assessment, and enhanced preparedness review.",Disaster Prevention and Mitigation; Disaster Preparedness; Disaster Response and Early Recovery
Barangay 776,776,4592,4606.0,1463.1041129574585,0.3048780487804878,1.0,1.0,1,1,20.2710229516672,72.92576459753363,52.65474164586643,16576.246206472977,933.6833171537911,3358.960717362399,2425.277400208608,0.4254613253653794,0.21542881735459343,0.45313203382215866,0.2696362865683242,34.10780367723451,High,51,High,0.9985643022541926,Gradient Boosting,True,"Priority site validation, detailed evacuation planning, pre-positioning review, infrastructure assessment, and enhanced preparedness review.",Disaster Prevention and Mitigation; Disaster Preparedness; Disaster Response and Early Recovery
Barangay 385,385,3406,3549.0,477.29542712709605,4.198473282442748,1.858201415,2.0,0,2,93.26180078667188,99.99999999999996,6.738199213328073,5010.286637783676,3309.861309918985,3548.9999999999986,239.13869008101346,0.5129113467066039,0.20023456715783605,0.3410939626486556,0.2686559831307883,33.980842401904106,High,52,High,0.9992143125115018,Gradient Boosting,True,"Priority site validation, detailed evacuation planning, pre-positioning review, infrastructure assessment, and enhanced preparedness review.",Disaster Prevention and Mitigation; Disaster Preparedness; Disaster Response and Early Recovery
Barangay 103,103,4772,5071.0,1539.0084704974172,6.26571668063705,3.0,3.0,3,3,27.441258581353534,70.4801103271446,43.038851745791064,14181.209615588845,1391.5462226604377,3574.0463946895024,2182.5001720290647,0.40324547848208836,0.2245318217667678,0.38933129098364777,0.26849711843799734,33.96026748272151,High,53,High,0.9947466986282781,Gradient Boosting,True,"Priority site validation, detailed evacuation planning, pre-positioning review, infrastructure assessment, and enhanced preparedness review.",Disaster Prevention and Mitigation; Disaster Preparedness; Disaster Response and Early Recovery
Barangay 831,831,3350,3678.0,212.3959374936526,9.791044776119403,1.337660464,1.0,0,3,73.46847955698786,91.7998305809401,18.331351023952237,31743.87884330946,2702.1706781060134,3376.3977687669767,674.2270906609633,0.5262670776347769,0.19576127727752243,0.34049414446028137,0.26784443983154793,33.87573762688017,High,54,High,0.999602165676368,Gradient Boosting,True,"Priority site validation, detailed evacuation planning, pre-positioning review, infrastructure assessment, and enhanced preparedness review.",Disaster Prevention and Mitigation; Disaster Preparedness; Disaster Response and Early Recovery
Barangay 704,704,5299,5339.0,1489.0678358884552,0.7548594074353652,1.638268156,2.0,1,2,36.45882930391358,68.70562743476923,32.246798130855645,11561.975288917261,1946.5368965359462,3668.1934487423287,1721.6565522063825,0.38328586072430487,0.22433743064714798,0.4322410287643801,0.2669752777772951,33.763170518930295,High,55,High,0.9976551211535944,Gradient Boosting,True,"Priority site validation, detailed evacuation planning, pre-positioning review, infrastructure assessment, and enhanced preparedness review.",Disaster Prevention and Mitigation; Disaster Preparedness; Disaster Response and Early Recovery
Barangay 784,784,3386,3425.0,1359.0741521799541,1.151801535735381,1.443125618,2.0,0,3,97.63995003788798,100.0,2.360049962112015,594.7557097799363,3344.1682887976635,3425.0,80.83171120233646,0.502463582348507,0.1914711911455573,0.4286555295760948,0.2651197690716934,33.522859465607866,High,56,High,0.9976680621441225,Gradient Boosting,True,"Priority site validation, detailed evacuation planning, pre-positioning review, infrastructure assessment, and enhanced preparedness review.",Disaster Prevention and Mitigation; Disaster Preparedness; Disaster Response and Early Recovery
Barangay 56,56,3457,3377.0,637.0952900274916,-2.3141452126120914,2.226628895,2.0,0,3,86.76964437848919,99.87253709882928,13.102892720340094,6945.345446625273,2930.21089066158,3372.695577827465,442.48468716588513,0.5195054686893458,0.19282407516757838,0.33801116407222964,0.26419584726875034,33.40320030099036,High,57,High,0.9997353233864947,Gradient Boosting,True,"Priority site validation, detailed evacuation planning, pre-positioning review, infrastructure assessment, and enhanced preparedness review.",Disaster Prevention and Mitigation; Disaster Preparedness; Disaster Response and Early Recovery
Barangay 686,686,3250,3306.0,765.954538906838,1.723076923076923,2.916087963,3.0,2,3,52.4671699432374,94.631854286515,42.16468434327759,18199.049598664278,1734.5646383234284,3128.5291027121857,1393.9644643887573,0.5306123391186935,0.1904560379037017,0.3255393531041329,0.263844201509923,33.35765787780202,High,58,High,0.99963115757109,Gradient Boosting,True,"Priority site validation, detailed evacuation planning, pre-positioning review, infrastructure assessment, and enhanced preparedness review.",Disaster Prevention and Mitigation; Disaster Preparedness; Disaster Response and Early Recovery
Barangay 736,736,3806,3825.0,2622.2807310053,0.49921177088807145,3.052810903,3.0,3,4,50.31141050598272,85.45270651454902,35.1412960085663,5125.898827057902,1924.4114518538393,3268.5660241815003,1344.154572327661,0.457327385039309,0.19765866194607526,0.47543951121188055,0.2637489277999939,33.34531876803774,High,59,High,0.9986901831893296,Gradient Boosting,True,"Priority site validation, detailed evacuation planning, pre-positioning review, infrastructure assessment, and enhanced preparedness review.",Disaster Prevention and Mitigation; Disaster Preparedness; Disaster Response and Early Recovery
Barangay 777,777,3011,3100.0,1105.463768085186,2.9558286283626702,0.980357143,1.0,0,1,27.6388321930808,92.10147804350152,64.46264585042071,18076.95628798801,856.8037979855047,2855.145819348547,1998.342021363042,0.5310483838086965,0.18237192109608302,0.42513168887575,0.26360956766268706,33.32726992715316,High,60,High,0.9998019951271532,Gradient Boosting,True,"Priority site validation, detailed evacuation planning, pre-positioning review, infrastructure assessment, and enhanced preparedness review.",Disaster Prevention and Mitigation; Disaster Preparedness; Disaster Response and Early Recovery
Barangay 464,464,2954,3138.0,1302.107990129403,6.2288422477995935,2.0,2.0,2,2,50.15217204625458,95.85626085310314,45.70408880684856,11014.403702540661,1573.7751588114686,3007.9694655703765,1434.194306758908,0.5260969484269389,0.18422394596009553,0.405940597337606,0.262936593776152,33.24011158451456,High,61,High,0.9991251977778975,Gradient Boosting,True,"Priority site validation, detailed evacuation planning, pre-positioning review, infrastructure assessment, and enhanced preparedness review.",Disaster Prevention and Mitigation; Disaster Preparedness; Disaster Response and Early Recovery
Barangay 479,479,2307,3179.0,631.7723817001604,37.79800606848721,2.0,2.0,2,2,69.52032984294728,98.41013556047842,28.889805717531146,14536.990700492373,2210.051285707294,3128.458209467609,918.4069237603148,0.5350845967193679,0.18484727863894504,0.36449272608344513,0.2627481444847344,33.21570509826003,High,62,High,0.9997431791702754,Gradient Boosting,True,"Priority site validation, detailed evacuation planning, pre-positioning review, infrastructure assessment, and enhanced preparedness review.",Disaster Prevention and Mitigation; Disaster Preparedness; Disaster Response and Early Recovery
Barangay 384,384,3511,3830.0,659.3829933883777,9.085730561093705,1.068787618,1.0,0,2,86.22921572590066,92.18281368808977,5.953597962189107,3458.123795096675,3302.578962301995,3530.601764253838,228.02280195184312,0.4706029229312454,0.19908014031457313,0.3874027754656455,0.2623003431691611,33.15770935536768,High,63,High,0.9983323690111386,Gradient Boosting,True,"Priority site validation, detailed evacuation planning, pre-positioning review, infrastructure assessment, and enhanced preparedness review.",Disaster Prevention and Mitigation; Disaster Preparedness; Disaster Response and Early Recovery
Barangay 138,138,2939,3217.0,1252.028022007333,9.458999659748214,2.0,2.0,2,2,82.88384940528518,100.0,17.116150594714824,4397.877323457782,2666.373435368024,3217.0,550.6265646319762,0.5180168541516531,0.18543791295081838,0.40324964059677054,0.2621330445867031,33.136042144403675,High,64,High,0.9997313303748012,Gradient Boosting,True,"Priority site validation, detailed evacuation planning, pre-positioning review, infrastructure assessment, and enhanced preparedness review.",Disaster Prevention and Mitigation; Disaster Preparedness; Disaster Response and Early Recovery
Barangay 287,287,2546,3117.0,243.9908589946504,22.427336999214454,0.883411581,1.0,0,1,82.27946102804825,99.95649072388552,17.677029695837277,22582.52698029678,2564.650800244264,3115.643815863512,550.9930156192481,0.55040297163355,0.17980420825373414,0.36558371591297756,0.2619855179867697,33.1169356468076,High,65,High,0.9998826524288831,Gradient Boosting,True,"Priority site validation, detailed evacuation planning, pre-positioning review, infrastructure assessment, and enhanced preparedness review.",Disaster Prevention and Mitigation; Disaster Preparedness; Disaster Response and Early Recovery
Barangay 53,53,2916,3218.0,1311.4450463909936,10.356652949245541,1.001019368,1.0,1,2,89.81075739663855,100.0,10.18924260336145,2500.217816053384,2890.110173023829,3218.0,327.8898269761712,0.5105163254455484,0.18286841297688225,0.4450712518647246,0.2611711822916171,33.011469222387504,High,66,High,0.9994013123288223,Gradient Boosting,True,"Priority site validation, detailed evacuation planning, pre-positioning review, infrastructure assessment, and enhanced preparedness review.",Disaster Prevention and Mitigation; Disaster Preparedness; Disaster Response and Early Recovery
Barangay 215,215,3106,3147.0,1767.2270934694664,1.3200257566001288,2.268428373,2.0,2,3,90.84415728646351,100.0,9.155842713536487,1630.4320551656983,2858.865629805007,3147.0,288.13437019499315,0.5083562728574736,0.17845042882678477,0.4328190104880867,0.25673710672472594,32.43720224817498,High,67,High,0.999378903814,Gradient Boosting,True,"Priority site validation, detailed evacuation planning, pre-positioning review, infrastructure assessment, and enhanced preparedness review.",Disaster Prevention and Mitigation; Disaster Preparedness; Disaster Response and Early Recovery
Barangay 155,155,3257,3292.0,1821.056888549747,1.0746085354620816,1.0,1.0,1,1,89.61871124763213,96.12809390536,6.509382657727869,1176.7280771939895,2950.2479742720498,3164.536851364451,214.28887709240144,0.48661256593051433,0.17855560442632057,0.4834663870657952,0.25554169936111637,32.282382385659034,High,68,High,0.9985877640014553,Gradient Boosting,True,"Priority site validation, detailed evacuation planning, pre-positioning review, infrastructure assessment, and enhanced preparedness review.",Disaster Prevention and Mitigation; Disaster Preparedness; Disaster Response and Early Recovery
Barangay 844,844,3500,4285.0,1285.5436098314105,22.428571428571427,1.0,1.0,1,1,58.07021370932194,78.73879534696052,20.668581637638574,6889.293497316354,2488.308657444445,3373.957380617258,885.6487231728129,0.4182515340076265,0.19811729711912737,0.44855612078907053,0.25500703450501516,32.21313675271952,High,69,High,0.98982026174284,Gradient Boosting,True,"Priority site validation, detailed evacuation planning, pre-positioning review, infrastructure assessment, and enhanced preparedness review.",Disaster Prevention and Mitigation; Disaster Preparedness; Disaster Response and Early Recovery
Barangay 312,312,3328,2945.0,811.9632158916612,-11.508413461538462,2.0,2.0,2,2,68.67390712738101,99.72429092829763,31.05038380091662,11262.010212282894,2022.446564901371,2936.880367838365,914.4338029369942,0.5371330168694548,0.17414377258040678,0.3566414417305066,0.25466835875802046,32.169274104568444,High,70,High,0.9998406398986358,Gradient Boosting,True,"Priority site validation, detailed evacuation planning, pre-positioning review, infrastructure assessment, and enhanced preparedness review.",Disaster Prevention and Mitigation; Disaster Preparedness; Disaster Response and Early Recovery
Barangay 672,672,3133,3268.0,357.6517300434361,4.3089690392594955,2.25862069,2.0,0,3,95.2602865171984,99.89055944621906,4.630272929020663,4230.856629772679,3113.1061633820436,3264.423482702439,151.3173193203952,0.5097232888686901,0.1833697140917122,0.3165245686041657,0.2539847452143172,32.0807377963006,High,71,High,0.9987558556589536,Gradient Boosting,True,"Priority site validation, detailed evacuation planning, pre-positioning review, infrastructure assessment, and enhanced preparedness review.",Disaster Prevention and Mitigation; Disaster Preparedness; Disaster Response and Early Recovery
Barangay 93,93,3960,4586.0,1045.5370292789214,15.808080808080808,1.472633979,2.0,0,3,50.98188273904103,74.58883568157229,23.606952942531258,10354.629550434332,2338.0291424124216,3420.6440043569055,1082.614861944484,0.4054042853127009,0.20303567937016678,0.4081420182933848,0.25388626614421966,32.0679835532222,High,72,High,0.9958043814030536,Gradient Boosting,True,"Priority site validation, detailed evacuation planning, pre-positioning review, infrastructure assessment, and enhanced preparedness review.",Disaster Prevention and Mitigation; Disaster Preparedness; Disaster Response and Early Recovery
Barangay 125,125,4510,3749.0,2433.109714855228,-16.873614190687363,1.972624799,2.0,1,2,30.655719257296223,79.37236635730268,48.716647100006455,7506.390232336537,1149.2829149560353,2975.6700147352776,1826.3870997792424,0.4392499511028346,0.18704955897488793,0.4909038605349511,0.2532023213521375,31.979404344241143,High,73,High,0.9905083760274829,Gradient Boosting,True,"Priority site validation, detailed evacuation planning, pre-positioning review, infrastructure assessment, and enhanced preparedness review.",Disaster Prevention and Mitigation; Disaster Preparedness; Disaster Response and Early Recovery
Barangay 112,112,5593,5840.0,2127.8471891843105,4.416234578937958,3.642661805,4.0,3,4,45.09207950291827,63.5129209257406,18.420841422822335,5055.706746992546,2633.3774429704267,3709.154582063251,1075.7771390928242,0.3375272627341203,0.2190037367828812,0.41434730366064665,0.2531213402345984,31.96891629985941,High,74,High,0.9962716360628838,Gradient Boosting,True,"Priority site validation, detailed evacuation planning, pre-positioning review, infrastructure assessment, and enhanced preparedness review.",Disaster Prevention and Mitigation; Disaster Preparedness; Disaster Response and Early Recovery
Barangay 870,870,3049,3139.0,1322.348822857397,2.951787471302066,1.0,1.0,1,1,99.99999999999996,99.99999999999996,0.0,0.0,3138.9999999999986,3138.9999999999986,0.0,0.5000000000017543,0.17460953422651396,0.44257623750028513,0.2528091544307498,31.928484423076135,High,75,High,0.997257059050295,Gradient Boosting,True,"Priority site validation, detailed evacuation planning, pre-positioning review, infrastructure assessment, and enhanced preparedness review.",Disaster Prevention and Mitigation; Disaster Preparedness; Disaster Response and Early Recovery
Barangay 292,292,2846,3113.0,580.6992030289471,9.38158819395643,0.994869403,1.0,0,1,93.18596228982938,100.0,6.8140377101706235,3652.854917161603,2900.8790060823885,3113.0,212.1209939176115,0.5105478093535671,0.17566327321877295,0.3836466280288098,0.2522365682008548,31.85432750879782,High,76,High,0.9991714049813779,Gradient Boosting,True,"Priority site validation, detailed evacuation planning, pre-positioning review, infrastructure assessment, and enhanced preparedness review.",Disaster Prevention and Mitigation; Disaster Preparedness; Disaster Response and Early Recovery
Barangay 99,99,6310,3682.0,2846.117281606625,-41.64817749603804,1.301158301,2.0,0,3,82.63591009082275,87.37611180418217,4.740201713359426,613.2362436848362,3042.6542095440936,3217.188436629988,174.53422708589414,0.44079710677011147,0.18101585396739753,0.5384487993279548,0.25171883801138195,31.787275122143182,High,77,High,0.9974016345319887,Gradient Boosting,True,"Priority site validation, detailed evacuation planning, pre-positioning review, infrastructure assessment, and enhanced preparedness review.",Disaster Prevention and Mitigation; Disaster Preparedness; Disaster Response and Early Recovery
Barangay 146,146,2895,2724.0,727.5672353512534,-5.9067357512953365,2.0,2.0,2,2,55.301188168324046,99.54000072516006,44.23881255683601,16562.94010362402,1506.404365705147,2711.46961975336,1205.0652540482129,0.5534873397402779,0.16503042662509798,0.35218015372394595,0.25073481736996583,31.659832423482793,High,78,High,0.9997697135693172,Gradient Boosting,True,"Priority site validation, detailed evacuation planning, pre-positioning review, infrastructure assessment, and enhanced preparedness review.",Disaster Prevention and Mitigation; Disaster Preparedness; Disaster Response and Early Recovery
Barangay 837,837,3039,3188.0,495.0740177890332,4.902928594932543,1.77186164,2.0,0,3,94.78789457719536,99.06824212485424,4.280347547658877,2756.3046113543605,3021.8380791209884,3158.2955589403527,136.45747981936438,0.5027862910963025,0.1772911236507069,0.34605897910955447,0.2497932780542062,31.537891575654054,High,79,High,0.9984847931440779,Gradient Boosting,True,"Priority site validation, detailed evacuation planning, pre-positioning review, infrastructure assessment, and enhanced preparedness review.",Disaster Prevention and Mitigation; Disaster Preparedness; Disaster Response and Early Recovery
Barangay 702,702,3342,3572.0,821.8535719266117,6.882106523040096,1.865362486,2.0,1,2,68.12100993067166,88.03358204476324,19.912572114091574,8654.547479156852,2433.282474723592,3144.5595506389427,711.2770759153509,0.4674068537004398,0.18330174290496296,0.3709359648874882,0.24890888122371813,31.423351377999364,High,80,High,0.9985195472413306,Gradient Boosting,True,"Priority site validation, detailed evacuation planning, pre-positioning review, infrastructure assessment, and enhanced preparedness review.",Disaster Prevention and Mitigation; Disaster Preparedness; Disaster Response and Early Recovery
Barangay 432,432,3436,3132.0,557.7212965083547,-8.847497089639116,3.0,3.0,3,3,92.60230297094316,100.0,7.397697029056843,4154.330709632297,2900.30412904994,3132.0,231.69587095006,0.5117859411007862,0.17695086947674946,0.30012305855315663,0.24862624866629549,31.386747007794906,High,81,High,0.9991304230711429,Gradient Boosting,True,"Priority site validation, detailed evacuation planning, pre-positioning review, infrastructure assessment, and enhanced preparedness review.",Disaster Prevention and Mitigation; Disaster Preparedness; Disaster Response and Early Recovery
Barangay 429,429,2814,3113.0,1356.4640816998676,10.62544420753376,3.0,3.0,3,3,99.27998605957,100.0,0.7200139404299932,165.23868392812437,3090.585966034414,3113.0,22.414033965585986,0.5007228317462148,0.17342742903674704,0.37607286270831924,0.24822942279973134,31.33535320851403,High,82,High,0.9957321608410944,Gradient Boosting,True,"Priority site validation, detailed evacuation planning, pre-positioning review, infrastructure assessment, and enhanced preparedness review.",Disaster Prevention and Mitigation; Disaster Preparedness; Disaster Response and Early Recovery
Barangay 847,847,2883,3132.0,769.1457053683712,8.636836628511967,1.0,1.0,1,1,98.40278190506538,98.88652400272106,0.48374209765567855,196.98221536996425,3081.975129266648,3097.125931765224,15.150802498576013,0.4950708043171767,0.1724588177071618,0.39889419257456366,0.24772878589623684,31.270514611288565,High,83,High,0.9978374564282895,Gradient Boosting,True,"Priority site validation, detailed evacuation planning, pre-positioning review, infrastructure assessment, and enhanced preparedness review.",Disaster Prevention and Mitigation; Disaster Preparedness; Disaster Response and Early Recovery
Barangay 213,213,3231,3037.0,952.7122953104714,-6.004333023831631,1.86410055,2.0,1,2,91.24733554012153,99.25597654281697,8.008641002695441,2552.947290058837,2771.1815803534905,3014.4040076053516,243.22242725186106,0.5055886723648372,0.17054534221527082,0.37594479728406904,0.24700033031079935,31.17617071060699,High,84,High,0.9990671230155529,Gradient Boosting,True,"Priority site validation, detailed evacuation planning, pre-positioning review, infrastructure assessment, and enhanced preparedness review.",Disaster Prevention and Mitigation; Disaster Preparedness; Disaster Response and Early Recovery
Barangay 647,647,2440,3019.0,260.81144565218506,23.729508196721312,0.955143412,1.0,0,3,97.23280448068417,100.0,2.767195519315834,3203.1428881214088,2935.458367271855,3019.0,83.54163272814503,0.5073351470316276,0.1689190357342547,0.36498247423825086,0.2454863821830484,30.980095926286655,High,85,High,0.9983700782060823,Gradient Boosting,True,"Priority site validation, detailed evacuation planning, pre-positioning review, infrastructure assessment, and enhanced preparedness review.",Disaster Prevention and Mitigation; Disaster Preparedness; Disaster Response and Early Recovery
Barangay 330,330,2244,2949.0,1080.3237173977761,31.417112299465238,1.329680365,1.0,1,2,98.15913582917167,100.0,1.8408641708283255,502.5075680879236,2894.7129156022725,2949.0,54.28708439772754,0.5019901023483102,0.16468043881082067,0.4235305367944819,0.24465331671685828,30.872203767622935,High,86,High,0.9963061427055656,Gradient Boosting,True,"Priority site validation, detailed evacuation planning, pre-positioning review, infrastructure assessment, and enhanced preparedness review.",Disaster Prevention and Mitigation; Disaster Preparedness; Disaster Response and Early Recovery
Barangay 792,792,2559,2648.0,872.2002780900629,3.4779210629152013,1.0,1.0,1,1,68.24071428859708,100.0,31.759285711402924,9642.11898074068,1807.0141143620503,2648.0,840.9858856379497,0.5360600171350326,0.15720891651857938,0.40512402288949984,0.24456315698488929,30.86052698050179,High,87,High,0.999881020645616,Gradient Boosting,True,"Priority site validation, detailed evacuation planning, pre-positioning review, infrastructure assessment, and enhanced preparedness review.",Disaster Prevention and Mitigation; Disaster Preparedness; Disaster Response and Early Recovery
Barangay 264,264,2443,2758.0,1066.1863856689722,12.893982808022923,1.238416988,1.0,1,2,77.55205688089549,99.61342045492894,22.06136357403345,5706.810887386011,2138.8857287750975,2747.3381361469405,608.452407371843,0.5213573567530109,0.15999409646224613,0.41705620917175734,0.24450286899479967,30.852718949012964,High,88,High,0.9997873179615092,Gradient Boosting,True,"Priority site validation, detailed evacuation planning, pre-positioning review, infrastructure assessment, and enhanced preparedness review.",Disaster Prevention and Mitigation; Disaster Preparedness; Disaster Response and Early Recovery
Barangay 835,835,2706,2943.0,316.1550829524547,8.758314855875831,1.311111111,1.0,1,3,91.28157661558332,99.68225332515787,8.400676709574554,7819.957005086646,2686.416799796617,2933.648715359396,247.23191556277925,0.5173003809965245,0.1661005156122165,0.34967092447900594,0.24441324563181932,30.841111628230756,High,89,High,0.999355583661635,Gradient Boosting,True,"Priority site validation, detailed evacuation planning, pre-positioning review, infrastructure assessment, and enhanced preparedness review.",Disaster Prevention and Mitigation; Disaster Preparedness; Disaster Response and Early Recovery
Barangay 41,41,3825,3957.0,1873.3863883241636,3.4509803921568625,2.0,2.0,2,2,72.1136325849631,81.48600801307933,9.372375428116229,1979.6497828849733,2853.5364413869897,3224.4013370775488,370.864895690559,0.4165352054845189,0.1837309874093336,0.45248897394691534,0.24412013034995705,30.803149617103255,High,90,High,0.983991681214668,Gradient Boosting,True,"Priority site validation, detailed evacuation planning, pre-positioning review, infrastructure assessment, and enhanced preparedness review.",Disaster Prevention and Mitigation; Disaster Preparedness; Disaster Response and Early Recovery
Barangay 92,92,2639,2519.0,947.9173112258173,-4.547176960970065,2.069548872,2.0,1,3,34.92289677246123,97.21774378310884,62.294847010647615,16554.262461658847,879.7077696982984,2448.9149658965116,1569.2071961982133,0.5526341975059097,0.1547172977985161,0.3687294860117895,0.24379443960665922,30.760968685619083,High,91,High,0.9997497525724363,Gradient Boosting,True,"Priority site validation, detailed evacuation planning, pre-positioning review, infrastructure assessment, and enhanced preparedness review.",Disaster Prevention and Mitigation; Disaster Preparedness; Disaster Response and Early Recovery
Barangay 457,457,2445,2895.0,1178.4111431296033,18.404907975460123,2.50814664,3.0,2,3,92.11614412058329,99.99999999999996,7.8838558794166715,1936.8250974185794,2666.762372290886,2894.9999999999986,228.23762770911253,0.508141013372892,0.1637267856122012,0.3827172839929181,0.2427724004675444,30.628602126887262,High,92,High,0.9992394307846163,Gradient Boosting,True,"Priority site validation, detailed evacuation planning, pre-positioning review, infrastructure assessment, and enhanced preparedness review.",Disaster Prevention and Mitigation; Disaster Preparedness; Disaster Response and Early Recovery
Barangay 418,418,2835,2977.0,800.8319406479395,5.008818342151676,2.872727273,3.0,2,4,95.49036489643478,99.99999999999996,4.509635103565174,1676.404626475247,2842.7481629668637,2976.9999999999986,134.25183703313496,0.5056655872511867,0.1671804093818354,0.33157004743842705,0.24193545016677018,30.520206834668805,High,93,High,0.9985718057309696,Gradient Boosting,True,"Priority site validation, detailed evacuation planning, pre-positioning review, infrastructure assessment, and enhanced preparedness review.",Disaster Prevention and Mitigation; Disaster Preparedness; Disaster Response and Early Recovery
Barangay 353,353,2232,3010.0,613.3018774259892,34.85663082437276,2.0,2.0,2,2,56.24184682738272,90.90067471240798,34.658827885025254,17010.068903060765,1692.87958950422,2736.11030884348,1043.2307193392603,0.5053680337260575,0.16449373987432026,0.36157739016766155,0.24159397213305475,30.475981256140994,High,94,High,0.9996527516972983,Gradient Boosting,True,"Priority site validation, detailed evacuation planning, pre-positioning review, infrastructure assessment, and enhanced preparedness review.",Disaster Prevention and Mitigation; Disaster Preparedness; Disaster Response and Early Recovery
Barangay 832,832,2888,2990.0,327.63867339369597,3.5318559556786706,0.94119256,1.0,0,1,80.15804202812294,95.12914447519935,14.971102447076419,13662.488574103656,2396.7254566408756,2844.3614198084606,447.63596316758503,0.5088229118904902,0.1634957518429591,0.3616900591568011,0.24151877559744064,30.46624238581122,High,95,High,0.9992300090312761,Gradient Boosting,True,"Priority site validation, detailed evacuation planning, pre-positioning review, infrastructure assessment, and enhanced preparedness review.",Disaster Prevention and Mitigation; Disaster Preparedness; Disaster Response and Early Recovery
Barangay 705,705,2683,2696.0,1178.333282567945,0.4845322400298174,2.0,2.0,2,2,54.905798586506414,96.0662511458834,41.160452559376985,9417.41880177111,1480.260329892213,2589.9461308930163,1109.6858010008034,0.5216019568865689,0.15714645851470968,0.3929025811899914,0.24102355457629168,30.40210521153635,High,96,High,0.9994250257774989,Gradient Boosting,True,"Priority site validation, detailed evacuation planning, pre-positioning review, infrastructure assessment, and enhanced preparedness review.",Disaster Prevention and Mitigation; Disaster Preparedness; Disaster Response and Early Recovery
Barangay 402,402,2758,2778.0,940.9928815994451,0.7251631617113851,2.0,2.0,2,2,85.90214298837047,100.0,14.097857011629529,4161.970567911034,2386.3615322169317,2778.0,391.63846778306834,0.5157973000840719,0.15914436757864123,0.3731388265451144,0.24026236255428668,30.303521542251254,High,97,High,0.9988471026192348,Gradient Boosting,True,"Priority site validation, detailed evacuation planning, pre-positioning review, infrastructure assessment, and enhanced preparedness review.",Disaster Prevention and Mitigation; Disaster Preparedness; Disaster Response and Early Recovery
Barangay 407,407,1571,2637.0,909.7421818705845,67.85486950986632,3.0,3.0,3,3,73.47915263278439,100.0,26.52084736721561,7687.39494562606,1937.6452549265246,2637.0,699.3547450734754,0.5294656899347004,0.15492779896926903,0.3652902889213643,0.23928572734264347,30.1770353470029,High,98,High,0.999634603925187,Gradient Boosting,True,"Priority site validation, detailed evacuation planning, pre-positioning review, infrastructure assessment, and enhanced preparedness review.",Disaster Prevention and Mitigation; Disaster Preparedness; Disaster Response and Early Recovery
Barangay 288,288,2538,2800.0,752.7848386766403,10.323089046493301,0.827260459,1.0,0,1,86.58382592661181,98.53632656091852,11.952500634306716,4445.759273644802,2424.3471259451308,2759.017143705719,334.67001776058805,0.5077024459034656,0.15741701259072954,0.4046076548308646,0.23922035183796725,30.168568420201208,High,99,High,0.9990898666256728,Gradient Boosting,True,"Priority site validation, detailed evacuation planning, pre-positioning review, infrastructure assessment, and enhanced preparedness review.",Disaster Prevention and Mitigation; Disaster Preparedness; Disaster Response and Early Recovery
Barangay 343,343,2209,3037.0,730.5851448048172,37.483023992756905,2.0,2.0,2,2,33.40358245754915,85.22995002150603,51.82636756395688,21543.919885448406,1014.4667992357676,2588.433582153138,1573.9667829173704,0.4953032146941287,0.16253423445609363,0.3726210985112755,0.23882076838542754,30.11681747983637,High,100,High,0.999280952077285,Gradient Boosting,True,"Priority site validation, detailed evacuation planning, pre-positioning review, infrastructure assessment, and enhanced preparedness review.",Disaster Prevention and Mitigation; Disaster Preparedness; Disaster Response and Early Recovery
Barangay 731,731,2916,2933.0,808.4671933997323,0.5829903978052127,3.087465565,3.0,3,4,77.5873221515479,96.19391423278806,18.606592081240166,6750.197784128846,2275.6361587049,2821.3675044476736,545.7313457427736,0.5040499677986305,0.16337282625804692,0.3223197143871121,0.23823689567657913,30.041198828602887,High,101,High,0.9988743595302825,Gradient Boosting,True,"Priority site validation, detailed evacuation planning, pre-positioning review, infrastructure assessment, and enhanced preparedness review.",Disaster Prevention and Mitigation; Disaster Preparedness; Disaster Response and Early Recovery
Barangay 842,842,2812,2831.0,895.4772688929979,0.6756756756756757,1.370955012,1.0,1,2,97.74595052519236,100.0,2.254049474807644,712.6048069393219,2767.187859368196,2831.0,63.81214063180414,0.5026094601999556,0.15822884904786466,0.39224250230192886,0.23813389058079018,30.02785840988543,High,102,High,0.9982676905205031,Gradient Boosting,True,"Priority site validation, detailed evacuation planning, pre-positioning review, infrastructure assessment, and enhanced preparedness review.",Disaster Prevention and Mitigation; Disaster Preparedness; Disaster Response and Early Recovery
Barangay 228,228,3010,2697.0,1777.0362937117056,-10.398671096345515,1.0,1.0,1,1,96.06517568439872,100.0,3.9348243156012757,597.1865187407548,2590.8777882082336,2697.0,106.1222117917664,0.5034075205805894,0.1512736426496139,0.474441706820733,0.237812684619285,29.98625831245138,High,103,High,0.9976028513089006,Gradient Boosting,True,"Priority site validation, detailed evacuation planning, pre-positioning review, infrastructure assessment, and enhanced preparedness review.",Disaster Prevention and Mitigation; Disaster Preparedness; Disaster Response and Early Recovery
Barangay 850,850,2456,2655.0,2256.090966857326,8.102605863192181,1.613107822,2.0,1,2,95.4820114935018,100.0,4.517988506498199,531.6833257597664,2535.047405152473,2655.0,119.95259484752705,0.5036392420302173,0.14910035889825107,0.5008104359708546,0.23774834230591924,29.977925196550903,High,104,High,0.9989393754733883,Gradient Boosting,True,"Priority site validation, detailed evacuation planning, pre-positioning review, infrastructure assessment, and enhanced preparedness review.",Disaster Prevention and Mitigation; Disaster Preparedness; Disaster Response and Early Recovery
Barangay 209,209,5075,4704.0,749.5557526848967,-7.310344827586207,2.076800637,2.0,2,3,41.76990888154655,67.57007066804466,25.800161786498116,16191.45215135278,1964.8565137879496,3178.4961242248214,1213.6396104368719,0.3819766393108109,0.19111022704503292,0.35056792223801486,0.23711140019178367,29.895433408777965,High,105,High,0.9958328140490921,Gradient Boosting,True,"Priority site validation, detailed evacuation planning, pre-positioning review, infrastructure assessment, and enhanced preparedness review.",Disaster Prevention and Mitigation; Disaster Preparedness; Disaster Response and Early Recovery
Barangay 281,281,2288,3436.0,369.9461808880089,50.17482517482518,0.910483871,1.0,0,1,35.498283343828675,76.74133725294553,41.24305390911685,38305.87813923796,1219.7210156939532,2636.8323480112085,1417.1113323172553,0.47628978755096535,0.16337779323406318,0.3880546951980494,0.23667567571148942,29.83900176364379,High,106,High,0.9987884380482891,Gradient Boosting,True,"Priority site validation, detailed evacuation planning, pre-positioning review, infrastructure assessment, and enhanced preparedness review.",Disaster Prevention and Mitigation; Disaster Preparedness; Disaster Response and Early Recovery
Barangay 840,840,2541,2820.0,1061.3463176572966,10.979929161747345,2.0,2.0,2,2,99.5631555118813,100.0,0.4368444881186946,116.06969713842773,2807.6809854350527,2820.0,12.319014564947338,0.5004666210000468,0.15701007815860743,0.38798894045301785,0.23656198449710733,29.82427736197476,High,107,High,0.9975321370849008,Gradient Boosting,True,"Priority site validation, detailed evacuation planning, pre-positioning review, infrastructure assessment, and enhanced preparedness review.",Disaster Prevention and Mitigation; Disaster Preparedness; Disaster Response and Early Recovery
Barangay 675,675,1988,2044.0,237.70875802968112,2.8169014084507045,3.0,3.0,3,3,30.714831138306035,99.06963304094486,68.35480190263883,58776.63753202909,627.8111484669754,2024.983299356913,1397.1721508899377,0.64043385116505,0.1291081727975928,0.2787512553120067,0.23634708197451365,29.79644485900119,High,108,High,0.9996844229829045,Gradient Boosting,True,"Priority site validation, detailed evacuation planning, pre-positioning review, infrastructure assessment, and enhanced preparedness review.",Disaster Prevention and Mitigation; Disaster Preparedness; Disaster Response and Early Recovery
Barangay 82,82,2642,2662.0,1182.5636887217108,0.757002271006813,2.677383592,3.0,2,3,41.86634359310519,92.89217918109468,51.025835587989484,11486.127608235121,1114.4820664484603,2472.7898098007404,1358.30774335228,0.5152889635208533,0.15355974201040892,0.36868260292681626,0.23572178393210372,29.715461120817515,High,109,High,0.9993269144726993,Gradient Boosting,True,"Priority site validation, detailed evacuation planning, pre-positioning review, infrastructure assessment, and enhanced preparedness review.",Disaster Prevention and Mitigation; Disaster Preparedness; Disaster Response and Early Recovery
Barangay 670,670,2774,2904.0,204.57454667482074,4.686373467916366,3.657444934,4.0,3,4,36.94814449602137,83.25394324626204,46.30579875024067,65732.53699271174,1072.9741161644606,2417.69451187145,1344.7203957069892,0.560542740398096,0.1503348819209691,0.252872350052163,0.23535722545759147,29.668246343143245,High,110,High,0.9994023745791493,Gradient Boosting,True,"Priority site validation, detailed evacuation planning, pre-positioning review, infrastructure assessment, and enhanced preparedness review.",Disaster Prevention and Mitigation; Disaster Preparedness; Disaster Response and Early Recovery
Barangay 422,422,2304,2650.0,945.8806831191088,15.01736111111111,2.366548043,2.0,2,3,84.18658681734279,100.0,15.813413182657214,4430.320407417039,2230.944550659584,2650.0,419.0554493404161,0.5172971172886671,0.15234738961028418,0.36683166707971565,0.2350937280359697,29.63412020687317,High,111,High,0.9997677209041858,Gradient Boosting,True,"Priority site validation, detailed evacuation planning, pre-positioning review, infrastructure assessment, and enhanced preparedness review.",Disaster Prevention and Mitigation; Disaster Preparedness; Disaster Response and Early Recovery
Barangay 351,351,3401,3415.0,669.6292561655982,0.4116436342252279,2.0,2.0,2,2,42.87413394495492,80.62039457456055,37.74626062960563,19249.97733644803,1464.1516742202105,2753.1864747212426,1289.0348005010321,0.4597835791984247,0.16834060848631324,0.35026801529413615,0.23503398724396254,29.626383044223264,High,112,High,0.9975135823679412,Gradient Boosting,True,"Priority site validation, detailed evacuation planning, pre-positioning review, infrastructure assessment, and enhanced preparedness review.",Disaster Prevention and Mitigation; Disaster Preparedness; Disaster Response and Early Recovery
Barangay 420,420,3134,2890.0,756.9238024615668,-7.78557753669432,2.932767624,3.0,1,4,96.45892579712412,99.21426594891116,2.7553401517870384,1052.0125028131733,2787.6629555368872,2867.2922859235327,79.6293303866455,0.49958218169547003,0.16043405609024555,0.319750709364948,0.23502455377214732,29.625161294337875,High,113,High,0.9979525232286011,Gradient Boosting,True,"Priority site validation, detailed evacuation planning, pre-positioning review, infrastructure assessment, and enhanced preparedness review.",Disaster Prevention and Mitigation; Disaster Preparedness; Disaster Response and Early Recovery
Barangay 828,828,2658,2715.0,1670.5297204272047,2.144469525959368,1.841781874,2.0,1,2,99.99999999999996,99.99999999999996,0.0,0.0,2714.9999999999986,2714.9999999999986,0.0,0.5000000000017543,0.15102417503192725,0.4406626369287605,0.23502156712202765,29.624774486647894,High,114,High,0.9983355268015103,Gradient Boosting,True,"Priority site validation, detailed evacuation planning, pre-positioning review, infrastructure assessment, and enhanced preparedness review.",Disaster Prevention and Mitigation; Disaster Preparedness; Disaster Response and Early Recovery
Barangay 254,254,3713,3513.0,724.0814588325874,-5.386479935362241,1.009803922,1.0,1,2,25.03382458904128,75.20024422351294,50.16641963447166,24339.061582937946,879.4382578130202,2641.7845795720095,1762.3463217589892,0.4491242717366838,0.16772212837522907,0.3882381389474001,0.23470322748120254,29.583545612770866,High,115,High,0.9992218060110661,Gradient Boosting,True,"Priority site validation, detailed evacuation planning, pre-positioning review, infrastructure assessment, and enhanced preparedness review.",Disaster Prevention and Mitigation; Disaster Preparedness; Disaster Response and Early Recovery
Barangay 51,51,2580,2614.0,649.6544527216623,1.317829457364341,0.963975155,1.0,0,2,83.67027878278316,99.5029422701662,15.832663487383044,6370.553173711705,2187.141087381952,2601.0069109421447,413.8658235601929,0.5182662942870634,0.1495609437474195,0.3867958772036098,0.2343428980119486,29.53687854295971,High,116,High,0.9997587456709164,Gradient Boosting,True,"Priority site validation, detailed evacuation planning, pre-positioning review, infrastructure assessment, and enhanced preparedness review.",Disaster Prevention and Mitigation; Disaster Preparedness; Disaster Response and Early Recovery
Barangay 738,738,3047,3548.0,1079.7038541187294,16.44240236297998,4.0,4.0,4,4,59.02175981793377,83.00386734825737,23.982107530323603,7880.727404371337,2094.0920383402904,2944.9772135161716,850.8851751758812,0.443313302246416,0.17384519643910154,0.3191371482680191,0.23418891868154837,29.51693633791015,High,117,High,0.9943300212657206,Gradient Boosting,True,"Priority site validation, detailed evacuation planning, pre-positioning review, infrastructure assessment, and enhanced preparedness review.",Disaster Prevention and Mitigation; Disaster Preparedness; Disaster Response and Early Recovery
Barangay 827,827,2661,2719.0,241.08763505908067,2.1796317173994737,2.494785889,3.0,1,3,91.18834289189404,100.0,8.811657108105962,9937.836783321007,2479.411043230599,2719.0,239.5889567694012,0.5228925525961148,0.1540704207608786,0.29716051084122486,0.23344854339285281,29.4210486899874,High,118,High,0.999645206805847,Gradient Boosting,True,"Priority site validation, detailed evacuation planning, pre-positioning review, infrastructure assessment, and enhanced preparedness review.",Disaster Prevention and Mitigation; Disaster Preparedness; Disaster Response and Early Recovery
Barangay 13,13,2371,2435.0,1960.5939140794196,2.699283002952341,2.757028112,3.0,2,3,66.35641127817078,99.03022293440054,32.67381165622976,4057.9913469881685,1615.7786146234585,2411.385928452653,795.6073138291945,0.5218476649231973,0.14351223655016468,0.4318370047944759,0.23309617147055076,29.375412219754725,High,119,High,0.9993588702853949,Gradient Boosting,True,"Priority site validation, detailed evacuation planning, pre-positioning review, infrastructure assessment, and enhanced preparedness review.",Disaster Prevention and Mitigation; Disaster Preparedness; Disaster Response and Early Recovery
Barangay 660-A,660,2457,3099.0,267.2464352135614,26.129426129426133,2.437957777,2.0,2,3,59.15397067853184,85.96505357017473,26.81108289164289,31090.235428137574,1833.1815513277018,2664.0570101397147,830.875458812013,0.5009929137566699,0.157982942060785,0.3125666613291627,0.23304543275092476,29.36884093549142,High,120,High,0.9992007975555821,Gradient Boosting,True,"Priority site validation, detailed evacuation planning, pre-positioning review, infrastructure assessment, and enhanced preparedness review.",Disaster Prevention and Mitigation; Disaster Preparedness; Disaster Response and Early Recovery
Barangay 14,14,2070,2479.0,1713.1171999979038,19.758454106280194,2.017271157,2.0,2,3,63.24286822041954,97.23579314365053,33.99292492323099,4919.013181631282,1567.7907031842003,2410.4753120310966,842.6846088468963,0.51519049415071,0.14401642530482037,0.4460251499603746,0.23300794876655154,29.363986301427854,High,121,High,0.9990977356989988,Gradient Boosting,True,"Priority site validation, detailed evacuation planning, pre-positioning review, infrastructure assessment, and enhanced preparedness review.",Disaster Prevention and Mitigation; Disaster Preparedness; Disaster Response and Early Recovery
Barangay 676,676,1431,2564.0,173.72693564450668,79.17540181691125,3.0,3.0,3,3,32.9358786664722,83.8740207949533,50.9381421284811,75178.55301648806,844.4759290083473,2150.5298931826023,1306.053964174255,0.5831692535418153,0.13501790968426505,0.3089209727346445,0.23147138909571383,29.164983045944858,High,122,High,0.9985821883939583,Gradient Boosting,True,"Priority site validation, detailed evacuation planning, pre-positioning review, infrastructure assessment, and enhanced preparedness review.",Disaster Prevention and Mitigation; Disaster Preparedness; Disaster Response and Early Recovery
Barangay 673,673,2764,2539.0,298.9846378230415,-8.140376266280752,2.878314673,3.0,1,3,72.65546579779468,98.22874222256831,25.57327642477364,21717.018411136705,1844.7222766060067,2494.0277650310095,649.3054884250027,0.544939842006336,0.14638497783358906,0.2832218495600412,0.23113689846570598,29.121662421589388,High,123,High,0.9998009925949878,Gradient Boosting,True,"Priority site validation, detailed evacuation planning, pre-positioning review, infrastructure assessment, and enhanced preparedness review.",Disaster Prevention and Mitigation; Disaster Preparedness; Disaster Response and Early Recovery
Barangay 177,177,3308,3440.0,250.73661566199976,3.990326481257558,1.379046926,1.0,0,3,74.12575694031578,84.38715738754675,10.261400447230969,14078.206106944868,2549.926038746863,2902.9182141316082,352.9921753847452,0.4530405248679759,0.1656375724286831,0.3394968204315317,0.2310867621419975,29.115169154959208,High,124,High,0.9934543146910216,Gradient Boosting,True,"Priority site validation, detailed evacuation planning, pre-positioning review, infrastructure assessment, and enhanced preparedness review.",Disaster Prevention and Mitigation; Disaster Preparedness; Disaster Response and Early Recovery
Barangay 163,163,3840,3850.0,848.92162282709,0.26041666666666663,1.037589829,1.0,1,2,26.888639066594138,70.36102703955471,43.472387972960576,19715.447126735307,1035.2126040638743,2708.8995410228563,1673.686936958982,0.41272934973548503,0.17041053510467397,0.4003068335529005,0.2303947292525897,29.025542438530827,High,125,High,0.9991958117406845,Gradient Boosting,True,"Priority site validation, detailed evacuation planning, pre-positioning review, infrastructure assessment, and enhanced preparedness review.",Disaster Prevention and Mitigation; Disaster Preparedness; Disaster Response and Early Recovery
Barangay 387,387,2654,2678.0,739.0347777772485,0.9042954031650339,2.0,2.0,2,2,95.49657900930804,99.72403481031226,4.227455801004226,1531.8800921844522,2557.398385869269,2670.6096522201624,113.21126635089331,0.5038609311401878,0.149889207223358,0.3563094952276651,0.2300535443960307,28.981354830027655,High,126,High,0.998859988696972,Gradient Boosting,True,"Priority site validation, detailed evacuation planning, pre-positioning review, infrastructure assessment, and enhanced preparedness review.",Disaster Prevention and Mitigation; Disaster Preparedness; Disaster Response and Early Recovery
Barangay 484,484,1777,2285.0,1329.8081232528866,28.58750703432752,2.0,2.0,2,2,53.32226248355207,98.1029292921574,44.780666808605325,7694.630666517933,1218.4136977491648,2241.6519343257964,1023.2382365766316,0.5308883103523306,0.13675344693731153,0.4186632537216588,0.2290146963131583,28.84681130765916,High,127,High,0.99960129947412,Gradient Boosting,True,"Priority site validation, detailed evacuation planning, pre-positioning review, infrastructure assessment, and enhanced preparedness review.",Disaster Prevention and Mitigation; Disaster Preparedness; Disaster Response and Early Recovery
Barangay 291,291,2279,2537.0,238.4177937379649,11.320754716981133,0.749177245,1.0,0,1,91.89841902842193,100.0,8.101580971578073,8620.879592352605,2331.462890751064,2537.0,205.53710924893585,0.5201319043251749,0.14354518905090843,0.36484428192383556,0.2289286193143194,28.835663284372952,High,128,High,0.9995528974626722,Gradient Boosting,True,"Priority site validation, detailed evacuation planning, pre-positioning review, infrastructure assessment, and enhanced preparedness review.",Disaster Prevention and Mitigation; Disaster Preparedness; Disaster Response and Early Recovery
Barangay 383,383,2267,2529.0,1233.862904890637,11.557123952359948,1.728274174,2.0,1,2,93.12460628058284,100.0,6.875393719417161,1409.2222602272886,2355.12129283594,2529.0,173.87870716405996,0.50660305047581,0.14272706336366794,0.41261321097339576,0.22845959400816507,28.774918775324544,High,129,High,0.9990437754956609,Gradient Boosting,True,"Priority site validation, detailed evacuation planning, pre-positioning review, infrastructure assessment, and enhanced preparedness review.",Disaster Prevention and Mitigation; Disaster Preparedness; Disaster Response and Early Recovery
Barangay 871,871,2407,2480.0,1947.8748444836187,3.032820938928126,1.0,1.0,1,1,100.0,100.0,0.0,0.0,2480.0,2480.0,0.0,0.5000000000017545,0.13795210095002192,0.49499767505948417,0.228355794478412,28.76147546770005,High,130,High,0.9976642314365144,Gradient Boosting,True,"Priority site validation, detailed evacuation planning, pre-positioning review, infrastructure assessment, and enhanced preparedness review.",Disaster Prevention and Mitigation; Disaster Preparedness; Disaster Response and Early Recovery
Barangay 410,410,2424,2565.0,585.0209633836785,5.816831683168317,2.497149373,2.5,1,3,88.63568034972015,100.0,11.364319650279853,4982.638525356655,2273.5052009703218,2565.0,291.49479902967823,0.5156225639438043,0.1461157910508019,0.32756880611846717,0.22783712873878578,28.69430191586731,High,131,High,0.9994860415604995,Gradient Boosting,True,"Priority site validation, detailed evacuation planning, pre-positioning review, infrastructure assessment, and enhanced preparedness review.",Disaster Prevention and Mitigation; Disaster Preparedness; Disaster Response and Early Recovery
Barangay 855,855,2142,2319.0,524.2111275427857,8.26330532212885,0.508654383,1.0,0,1,65.24015724949939,97.64855421517622,32.40839696567683,14336.794588029894,1512.9192466158909,2264.4699722499367,751.5507256340459,0.5330208852340061,0.1348206708420417,0.39612580362631994,0.22667833997075937,28.544224608990792,High,132,High,0.9995766951409224,Gradient Boosting,True,"Priority site validation, detailed evacuation planning, pre-positioning review, infrastructure assessment, and enhanced preparedness review.",Disaster Prevention and Mitigation; Disaster Preparedness; Disaster Response and Early Recovery
Barangay 391,391,2558,2633.0,412.7576511397593,2.931978107896794,2.0,2.0,2,2,98.0824319649374,100.0,1.917568035062601,1223.2254501831703,2582.5104336368017,2633.0,50.489566363198264,0.5033147968733068,0.14705791440334806,0.3299293407637711,0.2263056471721769,28.495956336940843,High,133,High,0.9966840773382615,Gradient Boosting,True,"Priority site validation, detailed evacuation planning, pre-positioning review, infrastructure assessment, and enhanced preparedness review.",Disaster Prevention and Mitigation; Disaster Preparedness; Disaster Response and Early Recovery
Barangay 814,814,2196,2528.0,1486.862294598114,15.1183970856102,2.976331361,3.0,2,4,96.83962236294816,100.0,3.1603776370518375,537.3352122448268,2448.1056533353294,2528.0,79.89434666467059,0.5028392221948982,0.14156375867501175,0.38994641277638054,0.2255553290948022,28.39878097637453,High,134,High,0.9974156497524302,Gradient Boosting,True,"Priority site validation, detailed evacuation planning, pre-positioning review, infrastructure assessment, and enhanced preparedness review.",Disaster Prevention and Mitigation; Disaster Preparedness; Disaster Response and Early Recovery
Barangay 791,791,2029,2060.0,750.0135448261614,1.5278462296697881,1.0,1.0,1,1,40.81504137873685,98.7251720423368,57.91013066359994,15905.69530243166,840.7898524019791,2033.738544072138,1192.948691670159,0.5564042040603694,0.12718825827708655,0.3939843558798664,0.2253440786471933,28.371421461743058,High,135,High,0.999878600256371,Gradient Boosting,True,"Priority site validation, detailed evacuation planning, pre-positioning review, infrastructure assessment, and enhanced preparedness review.",Disaster Prevention and Mitigation; Disaster Preparedness; Disaster Response and Early Recovery
Barangay 684,684,2730,2685.0,899.4946260939975,-1.6483516483516485,2.906197655,3.0,2,3,95.03676664725556,98.05963473981446,3.0228680925588947,902.3289959791837,2551.7371844788117,2632.901192764018,81.16400828520636,0.4937030360465671,0.14741394034073768,0.3355144751570765,0.22504069353862743,28.332129382551134,High,136,High,0.9979324694604181,Gradient Boosting,True,"Priority site validation, detailed evacuation planning, pre-positioning review, infrastructure assessment, and enhanced preparedness review.",Disaster Prevention and Mitigation; Disaster Preparedness; Disaster Response and Early Recovery
Barangay 210,210,3212,3106.0,855.6370611713479,-3.300124533001245,2.800136893,3.0,2,3,41.73578393625259,81.80374478927502,40.06796085302243,14544.845245379729,1296.3134490600055,2540.824313154882,1244.5108640948765,0.45873627984541643,0.15600303409919503,0.33494070056628994,0.22470151960831203,28.288202213571793,High,137,High,0.9966842170051755,Gradient Boosting,True,"Priority site validation, detailed evacuation planning, pre-positioning review, infrastructure assessment, and enhanced preparedness review.",Disaster Prevention and Mitigation; Disaster Preparedness; Disaster Response and Early Recovery
Barangay 599,599,4272,4577.0,1272.4854318220462,7.139513108614231,4.251214434,4.0,2,9,56.53937336046472,68.93530842882578,12.395935068361055,4458.691108679272,2587.80711870847,3155.169066787356,567.3619480788857,0.3599848882063176,0.18219575443031308,0.3217923209016663,0.22453009472042093,28.266000595627116,High,138,High,0.9916155885503407,Gradient Boosting,True,"Priority site validation, detailed evacuation planning, pre-positioning review, infrastructure assessment, and enhanced preparedness review.",Disaster Prevention and Mitigation; Disaster Preparedness; Disaster Response and Early Recovery
Barangay 821,821,1995,2474.0,1811.3854615631947,24.01002506265664,3.0,3.0,3,3,98.76383583101205,99.99999999999996,1.2361641689879121,168.83596666591984,2443.4172984592383,2473.999999999999,30.58270154076081,0.5010371878935361,0.13797878680887657,0.4203970929897262,0.2242759716899752,28.23308855757764,High,139,High,0.9958435238100527,Gradient Boosting,True,"Priority site validation, detailed evacuation planning, pre-positioning review, infrastructure assessment, and enhanced preparedness review.",Disaster Prevention and Mitigation; Disaster Preparedness; Disaster Response and Early Recovery
Barangay 862,862,2419,2525.0,580.6426129672022,4.381976023150062,1.328151986,1.0,1,2,97.93039425443617,99.99999999999996,2.0696057455637913,899.9950039567339,2472.7424549245134,2524.999999999999,52.25754507548572,0.502831935106883,0.14107115991562316,0.3691624276146031,0.22398676488691055,28.19563274221948,High,140,High,0.9984734592641741,Gradient Boosting,True,"Priority site validation, detailed evacuation planning, pre-positioning review, infrastructure assessment, and enhanced preparedness review.",Disaster Prevention and Mitigation; Disaster Preparedness; Disaster Response and Early Recovery
Barangay 780,780,2316,2340.0,736.8938727291005,1.0362694300518136,1.0,1.0,1,1,83.11896559805632,99.99999999999996,16.881034401943637,5360.557600276028,1944.983794994518,2339.999999999999,395.0162050054812,0.5195848610089956,0.13482005578609405,0.3926569498041161,0.2238866825738493,28.18267085958423,High,141,High,0.9997234936596424,Gradient Boosting,True,"Priority site validation, detailed evacuation planning, pre-positioning review, infrastructure assessment, and enhanced preparedness review.",Disaster Prevention and Mitigation; Disaster Preparedness; Disaster Response and Early Recovery
Barangay 469,469,1956,2424.0,1713.4724247050456,23.92638036809816,2.0,2.0,2,2,100.0,100.0,0.0,0.0,2424.0,2424.0,0.0,0.5000000000017545,0.13483705350922745,0.448623932402424,0.22334815173047615,28.112924534047234,High,142,High,0.997715520526032,Gradient Boosting,True,"Priority site validation, detailed evacuation planning, pre-positioning review, infrastructure assessment, and enhanced preparedness review.",Disaster Prevention and Mitigation; Disaster Preparedness; Disaster Response and Early Recovery
Barangay 398,398,3068,2413.0,1195.5731053276734,-21.349413298565842,2.0,2.0,2,2,90.07106968360404,100.0,9.928930316395963,2003.9350790596,2173.414911465365,2413.0,239.5850885346349,0.509480341188773,0.13704886594066554,0.38418749301185423,0.22312026927752077,28.08341097146567,High,143,High,0.9984716205329885,Gradient Boosting,True,"Priority site validation, detailed evacuation planning, pre-positioning review, infrastructure assessment, and enhanced preparedness review.",Disaster Prevention and Mitigation; Disaster Preparedness; Disaster Response and Early Recovery
Barangay 67,67,4083,3641.0,1813.7335923384737,-10.825373499877541,3.0,3.0,3,3,23.3834608501272,70.6764032573807,47.2929424072535,9493.875177268908,851.3918095531313,2573.327842601231,1721.9360330481,0.398447479412737,0.16343789768169323,0.404385658241366,0.22264942902689408,28.02243140492788,High,144,High,0.9943237861401005,Gradient Boosting,True,"Priority site validation, detailed evacuation planning, pre-positioning review, infrastructure assessment, and enhanced preparedness review.",Disaster Prevention and Mitigation; Disaster Preparedness; Disaster Response and Early Recovery
Barangay 841,841,2250,2541.0,614.2851975197658,12.933333333333334,2.0,2.0,2,2,99.99999999999996,99.99999999999996,0.0,0.0,2540.999999999999,2540.999999999999,0.0,0.5000000000017543,0.14134527762660157,0.3514593523359159,0.22262567670609598,28.01935518911029,High,145,High,0.9980528481814082,Gradient Boosting,True,"Priority site validation, detailed evacuation planning, pre-positioning review, infrastructure assessment, and enhanced preparedness review.",Disaster Prevention and Mitigation; Disaster Preparedness; Disaster Response and Early Recovery
Barangay 49,49,2119,2184.0,1100.3873222728257,3.067484662576687,0.962168979,1.0,0,2,72.89525930313367,99.9976946390619,27.102435335928234,5379.1712768380585,1592.0324631804394,2183.949650917112,591.9171877366728,0.5257051944459687,0.12846025425917396,0.4254217579724602,0.22218886480072456,27.962782709139333,High,146,High,0.999416246460154,Gradient Boosting,True,"Priority site validation, detailed evacuation planning, pre-positioning review, infrastructure assessment, and enhanced preparedness review.",Disaster Prevention and Mitigation; Disaster Preparedness; Disaster Response and Early Recovery
Barangay 102,102,4157,4616.0,1931.4069494750015,11.04161655039692,2.280041797,2.0,2,3,18.855609646495548,59.41577869219225,40.560169045696696,9693.748920486592,870.3749412822344,2742.632344431594,1872.2574031493596,0.33848177488060044,0.17462725837324902,0.45066774087506606,0.22213858609231513,27.956271001950313,High,147,High,0.9912253479224552,Gradient Boosting,True,"Priority site validation, detailed evacuation planning, pre-positioning review, infrastructure assessment, and enhanced preparedness review.",Disaster Prevention and Mitigation; Disaster Preparedness; Disaster Response and Early Recovery
Barangay 71,71,3417,3486.0,874.9967106200731,2.019315188762072,3.0,3.0,3,3,21.73430256796638,72.18638335314,50.45208078517362,20100.184547262976,757.657787519308,2516.4173236904608,1758.7595361711528,0.4267034465816023,0.16070619550112583,0.33174887739936354,0.22186476211599723,27.920807450647516,High,148,High,0.9986110081575554,Gradient Boosting,True,"Priority site validation, detailed evacuation planning, pre-positioning review, infrastructure assessment, and enhanced preparedness review.",Disaster Prevention and Mitigation; Disaster Preparedness; Disaster Response and Early Recovery
Barangay 868,868,2850,3002.0,1624.3118397663193,5.333333333333334,0.944669366,1.0,0,1,71.60177065887399,85.14534480602596,13.543574147151972,2503.079063660549,2149.485155179397,2556.063251076899,406.57809589750195,0.43824956455382813,0.14697502305014729,0.47098940197962874,0.2218255781379098,27.915732646622548,High,149,High,0.99558045808426,Gradient Boosting,True,"Priority site validation, detailed evacuation planning, pre-positioning review, infrastructure assessment, and enhanced preparedness review.",Disaster Prevention and Mitigation; Disaster Preparedness; Disaster Response and Early Recovery
Barangay 225,225,2419,2275.0,1452.7940129318747,-5.952873088052915,2.0,2.0,2,2,70.56773756599983,98.0842276754424,27.51649010944257,4308.93949463965,1605.4160296264963,2231.416179616315,626.0001499898185,0.5144857683514963,0.13150231436840226,0.41289171141475034,0.22158291918749534,27.88430534703825,High,150,High,0.9988068390275943,Gradient Boosting,True,"Priority site validation, detailed evacuation planning, pre-positioning review, infrastructure assessment, and enhanced preparedness review.",Disaster Prevention and Mitigation; Disaster Preparedness; Disaster Response and Early Recovery
Barangay 867,867,2116,2396.0,798.0641562283988,13.23251417769376,1.000837521,1.0,1,2,99.99999999999994,99.99999999999994,0.0,0.0,2395.9999999999986,2395.9999999999986,0.0,0.5000000000017543,0.13327952978883015,0.4034236427409315,0.21957551312524382,27.624321729710477,High,151,High,0.9979104115505425,Gradient Boosting,True,"Priority site validation, detailed evacuation planning, pre-positioning review, infrastructure assessment, and enhanced preparedness review.",Disaster Prevention and Mitigation; Disaster Preparedness; Disaster Response and Early Recovery
Barangay 753,753,2380,2531.0,1037.0456164668674,6.34453781512605,4.0,4.0,4,4,81.89085879747998,96.40601136719287,14.515152569712896,3542.5491965441506,2072.6576361642183,2440.0361477036517,367.3785115394335,0.496977170879808,0.1400589195190565,0.3108665042230061,0.21873886319679886,27.515965339379484,High,152,High,0.9990186721062726,Gradient Boosting,True,"Priority site validation, detailed evacuation planning, pre-positioning review, infrastructure assessment, and enhanced preparedness review.",Disaster Prevention and Mitigation; Disaster Preparedness; Disaster Response and Early Recovery
Barangay 881,881,2325,2443.0,562.4606066582377,5.075268817204301,1.723901882,2.0,1,2,99.99999999999828,99.99999999999622,-2.0605739337042905e-12,-8.949427865445614e-10,2442.999999999958,2442.9999999999077,-5.047695594839752e-11,0.5000000000017327,0.13589394460520557,0.3535312220236387,0.21865930702135236,27.50566184241278,High,153,High,0.9975733810955443,Gradient Boosting,True,"Priority site validation, detailed evacuation planning, pre-positioning review, infrastructure assessment, and enhanced preparedness review.",Disaster Prevention and Mitigation; Disaster Preparedness; Disaster Response and Early Recovery
Barangay 819,819,2007,2280.0,1563.3793609190623,13.602391629297458,1.0,1.0,1,1,100.0,100.0,0.0,0.0,2280.0,2280.0,0.0,0.5000000000017545,0.1268269315186131,0.46771644757484054,0.2184450048063421,27.477907086607555,High,154,High,0.9978642041796663,Gradient Boosting,True,"Priority site validation, detailed evacuation planning, pre-positioning review, infrastructure assessment, and enhanced preparedness review.",Disaster Prevention and Mitigation; Disaster Preparedness; Disaster Response and Early Recovery
Barangay 754,754,2584,2595.0,1963.0744871840354,0.42569659442724456,4.0,4.0,4,4,85.63233732372973,94.24785291795786,8.615515594228128,1138.8902007020988,2222.1591535507864,2445.7317832210065,223.57262967022007,0.4784008887961902,0.1386808798202314,0.3856615025324725,0.21843447735590785,27.47654365312162,High,155,High,0.9988550111115099,Gradient Boosting,True,"Priority site validation, detailed evacuation planning, pre-positioning review, infrastructure assessment, and enhanced preparedness review.",Disaster Prevention and Mitigation; Disaster Preparedness; Disaster Response and Early Recovery
Barangay 11,11,2758,2790.0,2088.096121825046,1.160261058738216,2.138317757,2.0,2,3,36.868181641458925,81.2203678537833,44.352186212324376,5926.096899420085,1028.622267796704,2266.048263120554,1237.4259953238502,0.44308154411059436,0.1406348828445734,0.4643598968248293,0.21762340258016383,27.371499557616236,High,156,High,0.9956441204848676,Gradient Boosting,True,"Priority site validation, detailed evacuation planning, pre-positioning review, infrastructure assessment, and enhanced preparedness review.",Disaster Prevention and Mitigation; Disaster Preparedness; Disaster Response and Early Recovery
Barangay 596,596,2375,2467.0,1108.062505508854,3.873684210526316,2.225225225,2.0,2,3,85.29969455259018,95.91535072666989,10.615656174079703,2363.478923910341,2104.3434646123997,2366.2317024269464,261.88823781454676,0.4901048626403199,0.13471019974205975,0.38038183816478316,0.2174113467060404,27.344035730408116,High,157,High,0.9987212664519645,Gradient Boosting,True,"Priority site validation, detailed evacuation planning, pre-positioning review, infrastructure assessment, and enhanced preparedness review.",Disaster Prevention and Mitigation; Disaster Preparedness; Disaster Response and Early Recovery
Barangay 296,296,1195,2273.0,648.7839809522283,90.2092050209205,0.982930299,1.0,0,1,99.73408457832966,99.99999999999996,0.26591542167030013,93.16286640886392,2266.955742465433,2272.999999999999,6.044257534565986,0.500323983706934,0.12650878686812492,0.4273908001298845,0.21594473368141137,27.15409142041863,High,158,High,0.9977282724051605,Gradient Boosting,True,"Priority site validation, detailed evacuation planning, pre-positioning review, infrastructure assessment, and enhanced preparedness review.",Disaster Prevention and Mitigation; Disaster Preparedness; Disaster Response and Early Recovery
Barangay 52,52,2732,2249.0,852.2091624679672,-17.67935578330893,1.363636364,2.0,0,2,90.7511023050324,100.0,9.248897694967596,2440.805829374549,2040.9922908401788,2249.0,208.00770915982116,0.5098498197121546,0.12755406301262848,0.3803458009658547,0.21585371722223806,27.142303676654567,High,159,High,0.9989297987876411,Gradient Boosting,True,"Priority site validation, detailed evacuation planning, pre-positioning review, infrastructure assessment, and enhanced preparedness review.",Disaster Prevention and Mitigation; Disaster Preparedness; Disaster Response and Early Recovery
Barangay 282,282,2458,2503.0,224.86477846813418,1.8307567127746134,0.671088129,1.0,0,1,33.49139357502921,79.92327204744862,46.43187847241941,51683.94650696056,838.289581182981,2000.4794993476391,1162.1899181646581,0.5190351248048264,0.12497567965170471,0.3621413825558973,0.21464340737635595,26.98555376056289,High,160,High,0.9832732390374607,Gradient Boosting,True,"Priority site validation, detailed evacuation planning, pre-positioning review, infrastructure assessment, and enhanced preparedness review.",Disaster Prevention and Mitigation; Disaster Preparedness; Disaster Response and Early Recovery
Barangay 697,697,1967,3568.0,416.5432383577176,81.39298423995933,2.049620549,2.0,2,3,45.834223658708325,71.35035304524827,25.516129386539944,21856.446406408868,1635.365100142713,2545.7805966544583,910.4154965117455,0.41076121564626933,0.15234115761649322,0.3649429532833656,0.2144337937893121,26.95840623937847,High,161,High,0.9854643230276364,Gradient Boosting,True,"Priority site validation, detailed evacuation planning, pre-positioning review, infrastructure assessment, and enhanced preparedness review.",Disaster Prevention and Mitigation; Disaster Preparedness; Disaster Response and Early Recovery
Barangay 401,401,2333,2112.0,572.3521014418437,-9.472781825975138,2.103588355,2.0,2,3,72.9314097274613,99.45799990369312,26.52659017623182,9788.407924259925,1540.3113734439828,2100.5529579659988,560.241584522016,0.5304874030573706,0.1234479209249852,0.3337453160996123,0.2140703197420224,26.911331908282172,High,162,High,0.999334289114689,Gradient Boosting,True,"Priority site validation, detailed evacuation planning, pre-positioning review, infrastructure assessment, and enhanced preparedness review.",Disaster Prevention and Mitigation; Disaster Preparedness; Disaster Response and Early Recovery
Barangay 904,904,1797,1799.0,1356.70268239957,0.11129660545353368,1.47834275,1.0,1,2,46.98121517415274,100.0,53.01878482584726,7030.338713048116,845.1920609830077,1799.0,953.8079390169923,0.5441103246703058,0.1113122679967105,0.426688607833322,0.21295901574505893,26.76740445956394,High,163,High,0.9986311839172729,Gradient Boosting,True,"Priority site validation, detailed evacuation planning, pre-positioning review, infrastructure assessment, and enhanced preparedness review.",Disaster Prevention and Mitigation; Disaster Preparedness; Disaster Response and Early Recovery
Barangay 883,883,2199,2239.0,450.4324161226606,1.8190086402910415,2.189325277,2.0,1,3,89.71294789531987,99.59764857882796,9.884700683508086,4913.466268899203,2008.672903376212,2229.991351679958,221.31844830374598,0.5126052112650896,0.12665356826778143,0.3256627091732258,0.21255835238373677,26.715513657814345,High,164,High,0.9993438985705002,Gradient Boosting,True,"Priority site validation, detailed evacuation planning, pre-positioning review, infrastructure assessment, and enhanced preparedness review.",Disaster Prevention and Mitigation; Disaster Preparedness; Disaster Response and Early Recovery
Barangay 783,783,2145,2341.0,862.2690839235307,9.137529137529137,1.0,1.0,1,1,69.41196745288852,92.40730385891057,22.995336406022048,6243.072322800759,1624.9341580721202,2163.2549833370963,538.3208252649761,0.4868356557739272,0.12667742099478088,0.4069256298819089,0.21229020203901744,26.680784911140325,High,165,High,0.998273745122463,Gradient Boosting,True,"Priority site validation, detailed evacuation planning, pre-positioning review, infrastructure assessment, and enhanced preparedness review.",Disaster Prevention and Mitigation; Disaster Preparedness; Disaster Response and Early Recovery
Barangay 354,354,1810,2200.0,528.4489550114038,21.54696132596685,2.0,2.0,2,2,54.26459250790256,92.83770244910836,38.5731099412058,16058.47472417113,1193.8210351738564,2042.429453880384,848.6084187065276,0.5157000955215818,0.12361337936255694,0.34827883998464654,0.21218015525750977,26.666532508066705,High,166,High,0.9992837783308826,Gradient Boosting,True,"Priority site validation, detailed evacuation planning, pre-positioning review, infrastructure assessment, and enhanced preparedness review.",Disaster Prevention and Mitigation; Disaster Preparedness; Disaster Response and Early Recovery
Barangay 95,95,5543,4994.0,1497.6626029682552,-9.904383907631246,2.975262369,3.0,2,3,29.31593074295486,56.49370536238969,27.17777461943483,9062.508884207902,1464.0375813031658,2821.295645797741,1357.2580644945754,0.31476635277625686,0.17293330309455715,0.3792473496645162,0.21217867697795617,26.666341052798636,High,167,High,0.9773624580481994,Gradient Boosting,True,"Priority site validation, detailed evacuation planning, pre-positioning review, infrastructure assessment, and enhanced preparedness review.",Disaster Prevention and Mitigation; Disaster Preparedness; Disaster Response and Early Recovery
Barangay 884,884,2216,2341.0,278.3598249637147,5.640794223826714,2.220172568,2.0,1,4,85.12971940994547,96.4120121175419,11.28229270759644,9488.383329715827,1992.8867313868234,2257.005203671656,264.1184722848327,0.5056292101604689,0.12866066826594105,0.3119060774719487,0.21192438545973102,26.63340719352265,High,168,High,0.9992276614555788,Gradient Boosting,True,"Priority site validation, detailed evacuation planning, pre-positioning review, infrastructure assessment, and enhanced preparedness review.",Disaster Prevention and Mitigation; Disaster Preparedness; Disaster Response and Early Recovery
Barangay 85,85,4032,4051.0,1594.8339445563138,0.4712301587301587,3.0,3.0,3,3,40.75110861292615,66.01064212242366,25.25953350949751,6416.114392112582,1650.8274099096384,2674.091112379382,1023.2637024697437,0.3565103978806024,0.16080854269580988,0.3913102756369436,0.2118371357378536,26.622107288271252,High,169,High,0.994182882283207,Gradient Boosting,True,"Priority site validation, detailed evacuation planning, pre-positioning review, infrastructure assessment, and enhanced preparedness review.",Disaster Prevention and Mitigation; Disaster Preparedness; Disaster Response and Early Recovery
Barangay 55,55,2492,2427.0,665.1025572675554,-2.608346709470305,1.063742289,1.0,0,2,81.22100251635796,93.25413663998496,12.033134123627008,4390.964400741948,1971.2337310720075,2263.277896252435,292.0441651804274,0.4812423735608747,0.12933871813152545,0.38262475768026,0.21180547465668417,26.618006791333578,High,170,High,0.9987851761421181,Gradient Boosting,True,"Priority site validation, detailed evacuation planning, pre-positioning review, infrastructure assessment, and enhanced preparedness review.",Disaster Prevention and Mitigation; Disaster Preparedness; Disaster Response and Early Recovery
Barangay 133,133,2115,2317.0,306.83539053188326,9.55082742316785,1.84938762,2.0,0,3,81.4084959118143,95.56266463263368,14.154168720819385,10688.209358539025,1886.2348502767372,2214.1869395381227,327.9520892613855,0.5052251563217552,0.12703119491087844,0.32963076361033944,0.21164678713780025,26.59745481833717,High,171,High,0.9984706954630016,Gradient Boosting,True,"Priority site validation, detailed evacuation planning, pre-positioning review, infrastructure assessment, and enhanced preparedness review.",Disaster Prevention and Mitigation; Disaster Preparedness; Disaster Response and Early Recovery
Barangay 411,411,1903,2182.0,691.8553705748147,14.66106148187073,3.0,3.0,3,3,90.1707073837807,99.99999999999996,9.829292616219263,3100.0000001114713,1967.5248351140947,2181.999999999999,214.4751648859044,0.5113658779099035,0.12390335525280227,0.32229388302844086,0.21006387017394598,26.392447726881667,High,172,High,0.9991271683402322,Gradient Boosting,True,"Priority site validation, detailed evacuation planning, pre-positioning review, infrastructure assessment, and enhanced preparedness review.",Disaster Prevention and Mitigation; Disaster Preparedness; Disaster Response and Early Recovery
Barangay 808,808,2183,2330.0,841.0623584160313,6.73385249656436,4.0,4.0,4,4,97.20641046476834,99.28651358887632,2.0801031241079784,576.2521923224849,2264.9093638291024,2313.375766620818,48.46640279171561,0.4986962788442026,0.1292547010922848,0.2946353202145768,0.21003707884355055,26.388977922181862,High,173,High,0.9988888722605268,Gradient Boosting,True,"Priority site validation, detailed evacuation planning, pre-positioning review, infrastructure assessment, and enhanced preparedness review.",Disaster Prevention and Mitigation; Disaster Preparedness; Disaster Response and Early Recovery
Barangay 677,677,1591,2235.0,344.6545763119929,40.4776869893149,2.277006173,2.0,0,3,97.0495961896261,99.84579213591417,2.7961959462880657,1813.2641692523393,2169.0584748381434,2231.5534542376818,62.49497939953835,0.5041150455566374,0.12486860334413315,0.331594145658703,0.20992499023608094,26.374461077693255,High,174,High,0.9980555757059751,Gradient Boosting,True,"Priority site validation, detailed evacuation planning, pre-positioning review, infrastructure assessment, and enhanced preparedness review.",Disaster Prevention and Mitigation; Disaster Preparedness; Disaster Response and Early Recovery
Barangay 839,839,2007,2052.0,214.4127899860111,2.242152466367713,1.68137895,2.0,0,3,85.71633243181876,100.0,14.283667568181244,13669.933520206614,1758.899141500921,2052.0,293.1008584990791,0.5327802271513078,0.11759866012016644,0.3246169137451917,0.20960232846854646,26.332672435587185,High,175,High,0.9997419997442792,Gradient Boosting,True,"Priority site validation, detailed evacuation planning, pre-positioning review, infrastructure assessment, and enhanced preparedness review.",Disaster Prevention and Mitigation; Disaster Preparedness; Disaster Response and Early Recovery
Barangay 199,199,3471,2240.0,625.7455456762498,-35.46528377989052,2.19665272,2.0,2,4,99.22636121661984,99.9999999999974,0.7736387833775638,276.94178356361954,2222.6704912522846,2239.999999999942,17.3295087476572,0.5009530474711419,0.12480613938139527,0.32272935850561807,0.20875740197683587,26.22324412916641,High,176,High,0.9985009887266487,Gradient Boosting,True,"Priority site validation, detailed evacuation planning, pre-positioning review, infrastructure assessment, and enhanced preparedness review.",Disaster Prevention and Mitigation; Disaster Preparedness; Disaster Response and Early Recovery
Barangay 315,315,1786,2150.0,315.83988824808887,20.38073908174692,2.0,2.0,2,2,93.55506894942016,99.99999999999996,6.444931050579797,4387.223487067073,2011.4339824125334,2149.999999999999,138.5660175874657,0.5116307243540853,0.12122867975874829,0.3299315986423446,0.20855049702764777,26.196447409686247,High,177,High,0.9989957328042592,Gradient Boosting,True,"Priority site validation, detailed evacuation planning, pre-positioning review, infrastructure assessment, and enhanced preparedness review.",Disaster Prevention and Mitigation; Disaster Preparedness; Disaster Response and Early Recovery
Barangay 142,142,1710,1721.0,1026.4563731097894,0.6432748538011697,2.0,2.0,2,2,41.90211150301151,99.64984681686708,57.74773531385557,9682.228595263969,721.1353389668282,1714.9738637182825,993.8385247514543,0.549887022410234,0.10711003459351592,0.38025773726687634,0.20824731921759065,26.157182178184573,High,178,High,0.9980922748100434,Gradient Boosting,True,"Priority site validation, detailed evacuation planning, pre-positioning review, infrastructure assessment, and enhanced preparedness review.",Disaster Prevention and Mitigation; Disaster Preparedness; Disaster Response and Early Recovery
Barangay 340,340,2009,1785.0,623.6417257585038,-11.149825783972126,2.0,2.0,2,2,50.64708014772893,99.65062088212426,49.00354073439533,14025.892848094592,904.0503806369613,1778.763582745918,874.7132021089567,0.5523813852505071,0.1092544071054377,0.3410375843997013,0.20807500727484748,26.134865675795965,High,179,High,0.9988517763963407,Gradient Boosting,True,"Priority site validation, detailed evacuation planning, pre-positioning review, infrastructure assessment, and enhanced preparedness review.",Disaster Prevention and Mitigation; Disaster Preparedness; Disaster Response and Early Recovery
Barangay 266,266,1665,2072.0,761.6553671553104,24.444444444444443,1.0,1.0,1,1,95.51625963367808,100.0,4.483740366321925,1219.752454934729,1979.0968996098097,2072.0,92.90310039019027,0.5048397987078862,0.11635169065945805,0.40562182625260973,0.20794815003289682,26.118436112656372,High,180,High,0.9979187619121513,Gradient Boosting,True,"Priority site validation, detailed evacuation planning, pre-positioning review, infrastructure assessment, and enhanced preparedness review.",Disaster Prevention and Mitigation; Disaster Preparedness; Disaster Response and Early Recovery
Barangay 640,640,2145,2179.0,206.43176774001964,1.5850815850815851,1.115293561,1.0,0,2,99.1778909217378,100.0,0.8221090782622014,867.7810112004809,2161.0862431846667,2179.0,17.913756815333272,0.5020304236848607,0.12141984852304764,0.34428533027061636,0.2076696002152372,26.08236050714589,High,181,High,0.9985690378019121,Gradient Boosting,True,"Priority site validation, detailed evacuation planning, pre-positioning review, infrastructure assessment, and enhanced preparedness review.",Disaster Prevention and Mitigation; Disaster Preparedness; Disaster Response and Early Recovery
Barangay 239,239,1785,1631.0,719.9207738797429,-8.627450980392156,1.0,1.0,1,1,38.31959798404574,100.0,61.68040201595426,13973.862032883351,624.9926431197861,1631.0,1006.0073568802139,0.5615998870250756,0.10258233644342134,0.3867392658801328,0.20748631250253452,26.05862250841397,High,182,High,0.9991568276975717,Gradient Boosting,True,"Priority site validation, detailed evacuation planning, pre-positioning review, infrastructure assessment, and enhanced preparedness review.",Disaster Prevention and Mitigation; Disaster Preparedness; Disaster Response and Early Recovery
Barangay 259,259,2090,2014.0,297.9051685576889,-3.6363636363636362,1.0,1.0,1,1,87.49866217076315,100.0,12.501337829236846,8451.580249507278,1762.22305611917,2014.0,251.77694388083,0.5224566938445574,0.11499784342982762,0.3537204378036443,0.207339502905103,26.03960887140429,High,183,High,0.9994782442187046,Gradient Boosting,True,"Priority site validation, detailed evacuation planning, pre-positioning review, infrastructure assessment, and enhanced preparedness review.",Disaster Prevention and Mitigation; Disaster Preparedness; Disaster Response and Early Recovery
Barangay 342,342,1634,1765.0,308.7929748786646,8.017135862913097,2.0,2.0,2,2,57.63470412472789,99.47513941950734,41.840435294779454,23915.17110267916,1017.2525278014472,1755.7362107543045,738.4836829528573,0.5647786593250594,0.10636791911268716,0.3235889774583747,0.2072967928351076,26.034077395385296,High,184,High,0.9996295804287337,Gradient Boosting,True,"Priority site validation, detailed evacuation planning, pre-positioning review, infrastructure assessment, and enhanced preparedness review.",Disaster Prevention and Mitigation; Disaster Preparedness; Disaster Response and Early Recovery
Barangay 184,184,3311,2126.0,471.81685068491385,-35.789791603745094,2.211197339,2.0,2,3,76.04997065715125,97.09469577976051,21.044725122609265,9482.723125661752,1616.8223761710356,2064.2332322777083,447.4108561066728,0.5148575603138914,0.12009780745854594,0.30915747162041224,0.20712784282197144,26.01219630396653,High,185,High,0.9987762189200219,Gradient Boosting,True,"Priority site validation, detailed evacuation planning, pre-positioning review, infrastructure assessment, and enhanced preparedness review.",Disaster Prevention and Mitigation; Disaster Preparedness; Disaster Response and Early Recovery
Barangay 897,897,2166,2184.0,324.49518661186744,0.8310249307479225,1.643361845,2.0,1,3,99.83825982591404,99.99999999999996,0.16174017408592078,108.85848381664255,2180.4675945979625,2183.999999999999,3.532405402036602,0.5002896773587256,0.12152848233865836,0.3345653410178487,0.20685505886793876,25.976867448259654,High,186,High,0.997615144751836,Gradient Boosting,True,"Priority site validation, detailed evacuation planning, pre-positioning review, infrastructure assessment, and enhanced preparedness review.",Disaster Prevention and Mitigation; Disaster Preparedness; Disaster Response and Early Recovery
Barangay 713,713,1964,2091.0,3982.3688310282882,6.4663951120162935,2.0,2.0,2,2,43.93771652215383,85.14210246740342,41.20438594524959,2163.4955140322827,918.7376524782366,1780.3213625934054,861.5837101151689,0.4541352041018544,0.1091863186466114,0.630505532599027,0.20576077699858514,25.83514457309226,High,187,High,0.9751697118876459,Gradient Boosting,True,"Priority site validation, detailed evacuation planning, pre-positioning review, infrastructure assessment, and enhanced preparedness review.",Disaster Prevention and Mitigation; Disaster Preparedness; Disaster Response and Early Recovery
Barangay 709,709,4154,5339.0,1217.2037539383855,28.526721232546944,2.196805476,2.0,2,3,26.370699020229853,51.34246026585084,24.971761245620986,10953.320909419348,1407.931620690072,2741.1739535937763,1333.2423329037044,0.29104914103098933,0.1681934220005393,0.40202851019681257,0.2053651156033901,25.783901587084546,High,188,High,0.9839198794233072,Gradient Boosting,True,"Priority site validation, detailed evacuation planning, pre-positioning review, infrastructure assessment, and enhanced preparedness review.",Disaster Prevention and Mitigation; Disaster Preparedness; Disaster Response and Early Recovery
Barangay 838,838,2969,3238.0,649.1528422263139,9.06028965981812,1.975987994,2.0,0,7,64.20654414417906,76.71675296433997,12.510208820160912,6240.141539048935,2079.007899388518,2484.0884609853283,405.0805615968102,0.40212151217912423,0.14295371477000918,0.35345286229755724,0.20506936598552686,25.74559839725102,High,189,High,0.9849120330904666,Gradient Boosting,True,"Priority site validation, detailed evacuation planning, pre-positioning review, infrastructure assessment, and enhanced preparedness review.",Disaster Prevention and Mitigation; Disaster Preparedness; Disaster Response and Early Recovery
Barangay 849,849,1849,1908.0,1583.2319590936715,3.19091400757166,2.020876827,2.0,2,3,86.86692571080435,100.0,13.133074289195648,1582.705907359892,1657.420942562147,1908.0,250.57905743785295,0.510644687036184,0.10908738560707192,0.42730814506246023,0.20487302210366257,25.720169465054806,High,190,High,0.9984849301318977,Gradient Boosting,True,"Priority site validation, detailed evacuation planning, pre-positioning review, infrastructure assessment, and enhanced preparedness review.",Disaster Prevention and Mitigation; Disaster Preparedness; Disaster Response and Early Recovery
Barangay 336,336,2134,1986.0,607.9463789403319,-6.935332708528586,2.0,2.0,2,2,40.12476592806839,91.62855486732016,51.50378893925177,16824.925417212347,796.8778513314383,1819.7430996649784,1022.8652483335402,0.5187298206989115,0.1132800146295009,0.3416841037611735,0.20463947027003795,25.689921648391767,High,191,High,0.9987877839872441,Gradient Boosting,True,"Priority site validation, detailed evacuation planning, pre-positioning review, infrastructure assessment, and enhanced preparedness review.",Disaster Prevention and Mitigation; Disaster Preparedness; Disaster Response and Early Recovery
Barangay 297,297,2005,2015.0,615.5409942112074,0.4987531172069825,0.879204893,1.0,0,1,95.41780897596544,100.0,4.582191024034557,1500.0000000424916,1922.6688508657037,2015.0,92.33114913429631,0.5053958460554425,0.11317427648077583,0.386649176600027,0.20458035588708479,25.68226561336962,High,192,High,0.9971168209588894,Gradient Boosting,True,"Priority site validation, detailed evacuation planning, pre-positioning review, infrastructure assessment, and enhanced preparedness review.",Disaster Prevention and Mitigation; Disaster Preparedness; Disaster Response and Early Recovery
Barangay 122,122,3824,3830.0,1648.6156700479964,0.15690376569037656,3.0,3.0,3,3,35.162695482024,64.80546591908607,29.642770437062076,6886.493488845855,1346.731236961519,2482.0493447009962,1135.3181077394772,0.3539345708098767,0.15144670506315552,0.39566789671066643,0.20457480794252642,25.68154708674855,High,193,High,0.990197647068324,Gradient Boosting,True,"Priority site validation, detailed evacuation planning, pre-positioning review, infrastructure assessment, and enhanced preparedness review.",Disaster Prevention and Mitigation; Disaster Preparedness; Disaster Response and Early Recovery
Barangay 481,481,1004,1943.0,1035.7534964517358,93.52589641434263,2.0,2.0,2,2,70.4920625407,96.2685154533162,25.776452912616193,4835.479501714342,1369.6607751658012,1870.4972552579336,500.83648009213243,0.5053033298546706,0.10995074217468949,0.4242523668812104,0.20431385167682398,25.647750061225196,High,194,High,0.9926577981034423,Gradient Boosting,True,"Priority site validation, detailed evacuation planning, pre-positioning review, infrastructure assessment, and enhanced preparedness review.",Disaster Prevention and Mitigation; Disaster Preparedness; Disaster Response and Early Recovery
Barangay 158,158,1934,2037.0,844.1458379717616,5.325749741468459,1.0,1.0,1,1,74.63586841040302,95.4783335572484,20.842465146845385,5029.474718033762,1520.3326395199094,1944.89365456115,424.5610150412406,0.49875269319903603,0.11319013918649884,0.40363439641610954,0.20429005375183207,25.64466793910718,High,195,High,0.9899529250830126,Gradient Boosting,True,"Priority site validation, detailed evacuation planning, pre-positioning review, infrastructure assessment, and enhanced preparedness review.",Disaster Prevention and Mitigation; Disaster Preparedness; Disaster Response and Early Recovery
Barangay 341,341,1463,1615.0,486.3203691217891,10.38961038961039,2.0,2.0,2,2,33.87125023621335,98.19323701903352,64.32198678282018,21360.406688669857,547.0206913148456,1585.8207778573912,1038.8000865425456,0.5672497957354403,0.10045569178123422,0.3395595972240199,0.20426266346303038,25.641120561973963,High,196,High,0.9983095722043006,Gradient Boosting,True,"Priority site validation, detailed evacuation planning, pre-positioning review, infrastructure assessment, and enhanced preparedness review.",Disaster Prevention and Mitigation; Disaster Preparedness; Disaster Response and Early Recovery
Barangay 216,216,2431,2237.0,704.072211456478,-7.9802550390785685,1.97007874,2.0,1,2,81.49525739431377,94.13695559831598,12.64169820400221,4016.5594412329738,1823.048907910799,2105.843696734328,282.7947888235292,0.48535519322865317,0.12047229631219329,0.3503389283727209,0.20409235945010082,25.619064111034884,High,197,High,0.9987973928131925,Gradient Boosting,True,"Priority site validation, detailed evacuation planning, pre-positioning review, infrastructure assessment, and enhanced preparedness review.",Disaster Prevention and Mitigation; Disaster Preparedness; Disaster Response and Early Recovery
Barangay 364,364,1985,2057.0,917.3162369699859,3.6272040302267,2.0,2.0,2,2,96.8309857834624,99.55405141640507,2.723065632942678,610.6232268890271,1991.8133775658216,2047.8268376354524,56.01346006963081,0.5004785981439286,0.11457226490012339,0.3725063116086181,0.20386464529253592,25.589572344763106,High,198,High,0.9980735278477856,Gradient Boosting,True,"Priority site validation, detailed evacuation planning, pre-positioning review, infrastructure assessment, and enhanced preparedness review.",Disaster Prevention and Mitigation; Disaster Preparedness; Disaster Response and Early Recovery
Barangay 339,339,1265,1551.0,564.2169394597121,22.608695652173914,2.0,2.0,2,2,35.64227927849414,99.99999999999996,64.35772072150581,17691.568235197083,552.8117516094441,1550.9999999999993,998.1882483905553,0.5697945092966206,0.0980401143912802,0.35176817549147127,0.20364663480718606,25.561337322630585,High,199,High,0.9984426476924423,Gradient Boosting,True,"Priority site validation, detailed evacuation planning, pre-positioning review, infrastructure assessment, and enhanced preparedness review.",Disaster Prevention and Mitigation; Disaster Preparedness; Disaster Response and Early Recovery
Barangay 566,566,2160,2177.0,765.1680406841785,0.787037037037037,3.120492524,3.0,2,5,89.79464023852707,97.1795314422959,7.384891203768831,2101.0950922923403,1954.8293179927343,2115.598399498782,160.76908150604754,0.4940324522255219,0.11957674197741296,0.31758429086604534,0.2032067025798262,25.504360722829045,High,200,High,0.9971091715183791,Gradient Boosting,True,"Priority site validation, detailed evacuation planning, pre-positioning review, infrastructure assessment, and enhanced preparedness review.",Disaster Prevention and Mitigation; Disaster Preparedness; Disaster Response and Early Recovery
Barangay 826,826,1760,2048.0,963.0274787586825,16.363636363636363,2.402597403,2.0,2,3,100.0,100.0,0.0,0.0,2048.0,2048.0,0.0,0.5000000000017545,0.11392173497817887,0.36757943717731756,0.20300079248628147,25.477692849312707,High,201,High,0.9978183670874955,Gradient Boosting,True,"Priority site validation, detailed evacuation planning, pre-positioning review, infrastructure assessment, and enhanced preparedness review.",Disaster Prevention and Mitigation; Disaster Preparedness; Disaster Response and Early Recovery
Barangay 367,367,1708,2063.0,662.6202587476711,20.784543325526933,2.0,2.0,2,2,84.88730570067787,97.109266926773,12.221961226095132,3805.181878544983,1751.2251166049846,2003.3641766993271,252.13906009434254,0.4995912108562262,0.11441048456994558,0.35916007894321006,0.20280299502360374,25.45207566063712,High,202,High,0.9969476048401162,Gradient Boosting,True,"Priority site validation, detailed evacuation planning, pre-positioning review, infrastructure assessment, and enhanced preparedness review.",Disaster Prevention and Mitigation; Disaster Preparedness; Disaster Response and Early Recovery
Barangay 485,485,1337,1800.0,799.5545167912486,34.62976813762154,2.0,2.0,2,2,73.50057154887193,100.0,26.499428451128068,5965.693421813783,1323.0102878796947,1800.0,476.9897121203053,0.5263977181340838,0.10574821990696792,0.37706928318542826,0.2025127358675724,25.414483552709093,High,203,High,0.9971892908625231,Gradient Boosting,True,"Priority site validation, detailed evacuation planning, pre-positioning review, infrastructure assessment, and enhanced preparedness review.",Disaster Prevention and Mitigation; Disaster Preparedness; Disaster Response and Early Recovery
Barangay 76,76,1844,1745.0,954.1466285512253,-5.368763557483731,2.902068966,3.0,2,3,56.17767910953791,99.64283784158356,43.465158732045644,7949.166272545046,980.3005004614366,1738.767520335633,758.4670198741964,0.5382546036863305,0.1056595405127122,0.3385107604051322,0.20251052695036603,25.41419747093596,High,204,High,0.9989030456672968,Gradient Boosting,True,"Priority site validation, detailed evacuation planning, pre-positioning review, infrastructure assessment, and enhanced preparedness review.",Disaster Prevention and Mitigation; Disaster Preparedness; Disaster Response and Early Recovery
Barangay 696,696,2420,4121.0,493.7294028357072,70.2892561983471,2.338922156,2.0,2,3,23.04914948223658,57.8820943618108,34.83294487957422,29073.935038965417,949.8554501629695,2385.321108650223,1435.4656584872532,0.36178658005977254,0.14960358749514946,0.3556910134276819,0.20240351470529358,25.4003380774154,High,205,High,0.9969040590131187,Gradient Boosting,True,"Priority site validation, detailed evacuation planning, pre-positioning review, infrastructure assessment, and enhanced preparedness review.",Disaster Prevention and Mitigation; Disaster Preparedness; Disaster Response and Early Recovery
Barangay 636,636,2135,2025.0,237.81092950676774,-5.152224824355972,1.36971831,2.0,0,3,85.11875268298587,97.26463526266367,12.145882579677803,10342.422980667761,1723.654741830464,1969.6088640689395,245.95412223847552,0.5119231157204083,0.11245992240213276,0.33450073959947174,0.20229803772741356,25.386677519758578,High,206,High,0.9962715229130031,Gradient Boosting,True,"Priority site validation, detailed evacuation planning, pre-positioning review, infrastructure assessment, and enhanced preparedness review.",Disaster Prevention and Mitigation; Disaster Preparedness; Disaster Response and Early Recovery
Barangay 857,857,1894,1907.0,1270.8858253362184,0.6863780359028511,0.510743802,1.0,0,1,88.14379886181712,98.1316902342512,9.987891372434078,1498.7112506501417,1680.9022442948524,1871.37133276717,190.4690884723177,0.4992774436257508,0.10634144219097565,0.4550533977888862,0.20222184631721105,25.37680980101136,High,207,High,0.9973418720113735,Gradient Boosting,True,"Priority site validation, detailed evacuation planning, pre-positioning review, infrastructure assessment, and enhanced preparedness review.",Disaster Prevention and Mitigation; Disaster Preparedness; Disaster Response and Early Recovery
Barangay 874,874,2016,2030.0,416.23002266019023,0.6944444444444444,1.024114931,1.0,1,2,99.97310550073806,100.0,0.02689449926194243,13.116745676539722,2029.4540416649825,2030.0,0.5459583350175308,0.5000393231244747,0.1129269042732786,0.36476503654916753,0.20210053057363705,25.361097929633523,High,208,High,0.9977072650854719,Gradient Boosting,True,"Priority site validation, detailed evacuation planning, pre-positioning review, infrastructure assessment, and enhanced preparedness review.",Disaster Prevention and Mitigation; Disaster Preparedness; Disaster Response and Early Recovery
Barangay 87,87,1633,1639.0,790.7472425130761,0.3674219228413962,1.895054282,2.0,1,2,22.260328245521155,95.23640397882134,72.97607573330019,15125.919092269374,364.84677994409174,1560.9246612128818,1196.07788126879,0.546566072891391,0.10092446543046314,0.3642171643374735,0.202046191350388,25.354060336149715,High,209,High,0.9923138029042528,Gradient Boosting,True,"Priority site validation, detailed evacuation planning, pre-positioning review, infrastructure assessment, and enhanced preparedness review.",Disaster Prevention and Mitigation; Disaster Preparedness; Disaster Response and Early Recovery
Barangay 62,62,1967,1877.0,907.9783445942467,-4.575495678698525,3.0,3.0,3,3,70.99991825879115,99.03252174215734,28.032603483366188,5794.983663601766,1332.66846571751,1858.8404331002932,526.1719673827834,0.522172202710267,0.10960092000468591,0.33144246734570143,0.2019555619592677,25.34232272242883,High,210,High,0.9982092422763772,Gradient Boosting,True,"Priority site validation, detailed evacuation planning, pre-positioning review, infrastructure assessment, and enhanced preparedness review.",Disaster Prevention and Mitigation; Disaster Preparedness; Disaster Response and Early Recovery
Barangay 869,869,2010,2078.0,833.0789342553193,3.383084577114428,1.0,1.0,1,1,85.98857075373758,95.59005376324124,9.601483009503667,2394.95693305261,1786.842500262667,1986.361317200153,199.518816937486,0.4879291067980588,0.11284451558348141,0.40180373972515165,0.20183806649204428,25.32710562352553,High,211,High,0.9937409759326943,Gradient Boosting,True,"Priority site validation, detailed evacuation planning, pre-positioning review, infrastructure assessment, and enhanced preparedness review.",Disaster Prevention and Mitigation; Disaster Preparedness; Disaster Response and Early Recovery
Barangay 81,81,1815,1848.0,1043.175121704188,1.8181818181818181,2.991596639,3.0,2,3,54.99999064450728,96.4537303908138,41.453739746306525,7343.590683606972,1016.3998271104945,1782.4649376222392,766.0651105117447,0.5200343025596393,0.10817979578001508,0.34604557401506425,0.20131981140637345,25.259985256398565,High,212,High,0.9959125077504264,Gradient Boosting,True,"Priority site validation, detailed evacuation planning, pre-positioning review, infrastructure assessment, and enhanced preparedness review.",Disaster Prevention and Mitigation; Disaster Preparedness; Disaster Response and Early Recovery
Barangay 117,117,4160,4262.0,2030.0021122791468,2.451923076923077,3.0,3.0,3,3,24.33645729443204,57.3017466664357,32.96528937200365,6921.079660638285,1037.2198098886936,2442.2004429234894,1404.9806330347958,0.31845980438694055,0.15240825889675877,0.4286743473815487,0.20035630685301634,25.135199641866446,High,213,High,0.9876787442802253,Gradient Boosting,True,"Priority site validation, detailed evacuation planning, pre-positioning review, infrastructure assessment, and enhanced preparedness review.",Disaster Prevention and Mitigation; Disaster Preparedness; Disaster Response and Early Recovery
Barangay 412,412,1890,2015.0,581.9429276124696,6.613756613756613,2.185559567,2.0,2,3,99.65012993140924,100.0,0.34987006859076075,121.14387077488209,2007.9501181178962,2015.0,7.0498818821038185,0.5004237299630802,0.11216917036727408,0.3390440580158412,0.20012422835239357,25.105142639832568,High,214,High,0.9970920846016266,Gradient Boosting,True,"Priority site validation, detailed evacuation planning, pre-positioning review, infrastructure assessment, and enhanced preparedness review.",Disaster Prevention and Mitigation; Disaster Preparedness; Disaster Response and Early Recovery
Barangay 294,294,1881,1905.0,375.7869703468127,1.2759170653907497,1.0,1.0,1,1,93.67672947175224,100.0,6.323270528247761,3205.4944175405763,1784.54169643688,1905.0,120.4583035631199,0.5094611324041715,0.10738693370130115,0.3625280983928427,0.1996364543511585,25.041969945645675,High,215,High,0.9972693256847798,Gradient Boosting,True,"Priority site validation, detailed evacuation planning, pre-positioning review, infrastructure assessment, and enhanced preparedness review.",Disaster Prevention and Mitigation; Disaster Preparedness; Disaster Response and Early Recovery
Barangay 86,86,1415,1662.0,800.6770806042952,17.45583038869258,1.559854897,2.0,1,2,30.600276759671324,94.15805144671508,63.557774687043754,13192.96181803309,508.5765997457374,1564.9068150444045,1056.330215298667,0.5321245989896434,0.09949894109437103,0.38522270883594095,0.19940331470579722,25.011775512400035,High,216,High,0.9821748011558769,Gradient Boosting,True,"Priority site validation, detailed evacuation planning, pre-positioning review, infrastructure assessment, and enhanced preparedness review.",Disaster Prevention and Mitigation; Disaster Preparedness; Disaster Response and Early Recovery
Barangay 834,834,1733,1918.0,68.81078622187276,10.675129832660128,0.789549162,1.0,0,1,95.58041175971816,99.1389682641249,3.558556504406738,9918.955661173037,1833.2322975513944,1901.4854113059155,68.25311375452111,0.5154195077886689,0.10657615293182097,0.3488682291739056,0.19939056553013831,25.010124338346078,High,217,High,0.9962947088750906,Gradient Boosting,True,"Priority site validation, detailed evacuation planning, pre-positioning review, infrastructure assessment, and enhanced preparedness review.",Disaster Prevention and Mitigation; Disaster Preparedness; Disaster Response and Early Recovery
Barangay 810,810,2293,2073.0,824.6100665000657,-9.594417793283908,3.913604767,4.0,3,4,99.78268732657077,99.90893299889476,0.1262456723239893,31.737094823307416,2068.495108279812,2071.1121810670884,2.6170727872763564,0.49967631040179933,0.11523821386948728,0.28881082656813284,0.19938497736452052,25.00940060260628,High,218,High,0.9979793734573156,Gradient Boosting,True,"Priority site validation, detailed evacuation planning, pre-positioning review, infrastructure assessment, and enhanced preparedness review.",Disaster Prevention and Mitigation; Disaster Preparedness; Disaster Response and Early Recovery
Barangay 98,98,1899,1877.0,1332.6866780510006,-1.1585044760400212,1.395759717,2.0,0,2,88.50255330475551,98.15155808145116,9.649004776695648,1358.9977497444906,1661.1929255302607,1842.304745188838,181.11181965857736,0.4989266542800282,0.10461430593673786,0.427098033867323,0.19924839895795454,24.991712029847832,High,219,High,0.9966510641582987,Gradient Boosting,True,"Priority site validation, detailed evacuation planning, pre-positioning review, infrastructure assessment, and enhanced preparedness review.",Disaster Prevention and Mitigation; Disaster Preparedness; Disaster Response and Early Recovery
Barangay 260,260,1645,1935.0,489.0023503785012,17.62917933130699,1.0,1.0,1,1,99.98451513704848,99.99999999999996,0.01548486295148166,6.12741631771496,1934.700367901888,1934.999999999999,0.299632098111033,0.5000201126107151,0.10763954564692864,0.37961793058887533,0.19899003244728763,24.958250409250653,High,220,High,0.9935956844168418,Gradient Boosting,True,"Priority site validation, detailed evacuation planning, pre-positioning review, infrastructure assessment, and enhanced preparedness review.",Disaster Prevention and Mitigation; Disaster Preparedness; Disaster Response and Early Recovery
Barangay 793,793,1722,1735.0,754.1593145705924,0.7549361207897793,1.0,1.0,1,1,79.78118883381399,100.0,20.218811166186015,4651.488975284563,1384.2036262666727,1735.0,350.7963737333273,0.5203181653612581,0.10064525312589943,0.3939719205881212,0.19848979258450622,24.893463233649722,High,221,High,0.9909743541894452,Gradient Boosting,True,"Priority site validation, detailed evacuation planning, pre-positioning review, infrastructure assessment, and enhanced preparedness review.",Disaster Prevention and Mitigation; Disaster Preparedness; Disaster Response and Early Recovery
Barangay 83,83,1473,1658.0,1181.9313125448043,12.559402579769177,2.470692718,2.0,2,3,34.95396219048016,95.05764300101124,60.10368081053108,8431.276989294834,579.5366931181611,1576.0557209567664,996.5190278386053,0.5261118943264975,0.09941418703218323,0.3816580717143552,0.19797472764138457,24.826756028969225,High,222,High,0.9829758031974898,Gradient Boosting,True,"Priority site validation, detailed evacuation planning, pre-positioning review, infrastructure assessment, and enhanced preparedness review.",Disaster Prevention and Mitigation; Disaster Preparedness; Disaster Response and Early Recovery
Barangay 662,662,1601,1753.0,132.33645981549915,9.494066208619612,0.684150943,1.0,0,2,89.18564324240154,100.0,10.81435675759846,14325.279233327208,1563.4243260392989,1753.0,189.57567396070112,0.5318731077199126,0.09974640694128212,0.3574819520471914,0.19794135708680982,24.82243413433429,High,223,High,0.9923556850113295,Gradient Boosting,True,"Priority site validation, detailed evacuation planning, pre-positioning review, infrastructure assessment, and enhanced preparedness review.",Disaster Prevention and Mitigation; Disaster Preparedness; Disaster Response and Early Recovery
Barangay 413,413,1702,1907.0,1108.3158589795353,12.044653349001175,2.903930131,3.0,2,3,96.28922720503743,100.0,3.7107727949625655,638.4861916989212,1836.235562800064,1907.0,70.76443719993608,0.5033471222221554,0.10691250450115257,0.35945560764289025,0.19792463354930537,24.820268231851138,High,224,High,0.9930815539127138,Gradient Boosting,True,"Priority site validation, detailed evacuation planning, pre-positioning review, infrastructure assessment, and enhanced preparedness review.",Disaster Prevention and Mitigation; Disaster Preparedness; Disaster Response and Early Recovery
Barangay 311,311,2401,1805.0,394.28934092194527,-24.82299042065806,2.0,2.0,2,2,81.377865112724,100.0,18.622134887276005,8524.946018813964,1468.870465284668,1805.0,336.12953471533206,0.52623899470708,0.10436620231308656,0.3154690187849271,0.1978957607732419,24.816528854500223,High,225,High,0.9947779829193878,Gradient Boosting,True,"Priority site validation, detailed evacuation planning, pre-positioning review, infrastructure assessment, and enhanced preparedness review.",Disaster Prevention and Mitigation; Disaster Preparedness; Disaster Response and Early Recovery
Barangay 135,135,1935,1946.0,600.3845607407721,0.5684754521963824,1.734883721,2.0,0,2,93.51877774622236,98.76591046060258,5.247132714380228,1700.7299870578681,1819.8754149414872,1921.9846175633263,102.10920262183913,0.4999783499845182,0.10811545900522786,0.3542097471259522,0.19787419059036107,24.813735252210563,High,226,High,0.9946473342003435,Gradient Boosting,True,"Priority site validation, detailed evacuation planning, pre-positioning review, infrastructure assessment, and enhanced preparedness review.",Disaster Prevention and Mitigation; Disaster Preparedness; Disaster Response and Early Recovery
Barangay 408,408,1768,1774.0,720.4761781333985,0.3393665158371041,3.0,3.0,3,3,75.17274512737198,99.99999999999996,24.827254872627975,6113.11678037011,1333.564498559579,1773.9999999999993,440.43550144042024,0.5256615834900404,0.10387112805594086,0.318027148292384,0.19756078874128713,24.773145882709475,High,227,High,0.996935799527419,Gradient Boosting,True,"Priority site validation, detailed evacuation planning, pre-positioning review, infrastructure assessment, and enhanced preparedness review.",Disaster Prevention and Mitigation; Disaster Preparedness; Disaster Response and Early Recovery
Barangay 499,499,1498,1435.0,669.7964390154492,-4.205607476635514,2.0,2.0,2,2,22.454598353054127,97.66621449827058,75.21161614521645,16113.652280240947,322.22348636632677,1401.5101780501827,1079.286691683856,0.5618017623203274,0.09068042468139835,0.34813371957304057,0.19637957069388529,24.620163710048338,High,228,High,0.9631616119875417,Gradient Boosting,True,"Priority site validation, detailed evacuation planning, pre-positioning review, infrastructure assessment, and enhanced preparedness review.",Disaster Prevention and Mitigation; Disaster Preparedness; Disaster Response and Early Recovery
Barangay 789,789,1620,1763.0,892.6792244588254,8.82716049382716,0.880201765,1.0,0,1,92.32185645134938,100.0,7.678143548650624,1516.3976829949606,1627.6343292372894,1763.0,135.36567076271058,0.5072722141101185,0.0996637583306428,0.4136963572400279,0.19637501535070753,24.61957373743652,High,229,High,0.981618148214466,Gradient Boosting,True,"Priority site validation, detailed evacuation planning, pre-positioning review, infrastructure assessment, and enhanced preparedness review.",Disaster Prevention and Mitigation; Disaster Preparedness; Disaster Response and Early Recovery
Barangay 687,687,1434,2106.0,612.2692607939871,46.86192468619247,3.0,3.0,3,3,45.63506737774429,86.83836875701337,41.20330137926908,14172.547645493833,961.0745189752948,1828.8160460227016,867.7415270474067,0.48392617718374353,0.1119564511604807,0.3306113534336161,0.19629704697620642,24.60947588009657,High,230,High,0.9890776994460031,Gradient Boosting,True,"Priority site validation, detailed evacuation planning, pre-positioning review, infrastructure assessment, and enhanced preparedness review.",Disaster Prevention and Mitigation; Disaster Preparedness; Disaster Response and Early Recovery
Barangay 54,54,1648,1818.0,671.8284008996126,10.315533980582524,1.0,1.0,1,1,95.93503167792517,100.0,4.064968322074833,1099.9999999458705,1744.0988759046795,1818.0,73.90112409532048,0.504377425918721,0.10199877240068755,0.391525559087374,0.19628894058732607,24.608426003669372,High,231,High,0.9954063797454871,Gradient Boosting,True,"Priority site validation, detailed evacuation planning, pre-positioning review, infrastructure assessment, and enhanced preparedness review.",Disaster Prevention and Mitigation; Disaster Preparedness; Disaster Response and Early Recovery
Barangay 267,267,1952,1780.0,1368.7636731137015,-8.811475409836065,2.0,2.0,2,2,94.463889203334,100.0,5.536110796665994,719.9400021808469,1681.4572278193452,1780.0,98.54277218065477,0.5045807927206993,0.10017541121130753,0.40452467806079934,0.19571079538946548,24.53354913510403,High,232,High,0.9928402081510038,Gradient Boosting,True,"Priority site validation, detailed evacuation planning, pre-positioning review, infrastructure assessment, and enhanced preparedness review.",Disaster Prevention and Mitigation; Disaster Preparedness; Disaster Response and Early Recovery
Barangay 669,669,2928,3738.0,152.22106422134226,27.66393442622951,2.971995927,3.0,2,4,28.57136925286408,56.632326340115966,28.060957087251886,68907.58393307903,1067.9977826720594,2116.916358593535,1048.9185759214754,0.4221826391465028,0.1301175876541323,0.2841741236085558,0.195324509089391,24.48352033848633,High,233,High,0.996473484583472,Gradient Boosting,True,"Priority site validation, detailed evacuation planning, pre-positioning review, infrastructure assessment, and enhanced preparedness review.",Disaster Prevention and Mitigation; Disaster Preparedness; Disaster Response and Early Recovery
Barangay 65,65,1631,1721.0,887.5024176502119,5.518087063151441,3.0,3.0,3,3,76.72327172810056,100.0,23.276728271899444,4513.705941444245,1320.4075064406106,1721.0,400.59249355938937,0.5218982421430709,0.1004533772968128,0.33442404363591627,0.195218471363768,24.469787157143955,High,234,High,0.9953872626372123,Gradient Boosting,True,"Priority site validation, detailed evacuation planning, pre-positioning review, infrastructure assessment, and enhanced preparedness review.",Disaster Prevention and Mitigation; Disaster Preparedness; Disaster Response and Early Recovery
Barangay 79,79,1520,1601.0,2043.3434012665864,5.328947368421052,3.0,3.0,3,3,61.7452708038384,98.03108844636604,36.28581764252764,2843.0656349626224,988.5417855694528,1569.4777260263204,580.9359404568676,0.5168512689890802,0.09415031033642422,0.4311302039330194,0.19509493578126702,24.453787789496694,High,235,High,0.9777351741231297,Gradient Boosting,True,"Priority site validation, detailed evacuation planning, pre-positioning review, infrastructure assessment, and enhanced preparedness review.",Disaster Prevention and Mitigation; Disaster Preparedness; Disaster Response and Early Recovery
Barangay 745,745,2015,1826.0,1334.3864735458417,-9.379652605459057,4.0,4.0,4,4,77.92096827296236,98.19912450121237,20.278156228250012,2774.901725014559,1422.8368806642925,1793.1160133921378,370.2791327278453,0.5080191580866568,0.10410762508344255,0.3284507778418085,0.1949363453177279,24.433248386353547,High,236,High,0.9840769440783373,Gradient Boosting,True,"Priority site validation, detailed evacuation planning, pre-positioning review, infrastructure assessment, and enhanced preparedness review.",Disaster Prevention and Mitigation; Disaster Preparedness; Disaster Response and Early Recovery
Barangay 424,424,1900,2079.0,627.0332507245676,9.421052631578947,2.716654107,3.0,2,3,81.76256053294871,93.39904031880806,11.63647978585935,3858.20711211826,1699.8436334800037,1941.7660482280196,241.92241474801585,0.4807848313540329,0.11086362537287713,0.32475970529125964,0.19453485509148644,24.38125049549188,High,237,High,0.9930641246569243,Gradient Boosting,True,"Priority site validation, detailed evacuation planning, pre-positioning review, infrastructure assessment, and enhanced preparedness review.",Disaster Prevention and Mitigation; Disaster Preparedness; Disaster Response and Early Recovery
Barangay 818-A,818,1574,1659.0,1986.0578437008414,5.400254129606099,1.0,1.0,1,1,100.0,100.0,0.0,0.0,1659.0,1659.0,0.0,0.5000000000017545,0.09228328043408869,0.4992967627055262,0.19437468230182953,24.36050616177906,High,238,High,0.9905538494968951,Gradient Boosting,True,"Priority site validation, detailed evacuation planning, pre-positioning review, infrastructure assessment, and enhanced preparedness review.",Disaster Prevention and Mitigation; Disaster Preparedness; Disaster Response and Early Recovery
Barangay 334,334,1461,1467.0,483.1332649066178,0.41067761806981523,2.0,2.0,2,2,33.43955544182641,96.92947049292565,63.48991505109924,19278.26381360121,490.5582783315934,1421.9553321312192,931.3970537996258,0.5567396870232604,0.09007470920459565,0.33464973990753205,0.194172124419484,24.334272440579984,High,239,High,0.9629127628201721,Gradient Boosting,True,"Priority site validation, detailed evacuation planning, pre-positioning review, infrastructure assessment, and enhanced preparedness review.",Disaster Prevention and Mitigation; Disaster Preparedness; Disaster Response and Early Recovery
Barangay 417,417,2011,1818.0,758.0846195080063,-9.597215315763302,2.872916667,3.0,2,3,91.1373166512416,100.0,8.862683348758395,2125.4036704371683,1656.8764167195725,1818.0,161.1235832804275,0.5090596891318302,0.10302675697205134,0.32118749395637525,0.19390826371947983,24.300099255319807,High,240,High,0.9973444183987761,Gradient Boosting,True,"Priority site validation, detailed evacuation planning, pre-positioning review, infrastructure assessment, and enhanced preparedness review.",Disaster Prevention and Mitigation; Disaster Preparedness; Disaster Response and Early Recovery
Barangay 694,694,1281,1478.0,206.74928664724922,15.378610460577674,3.0,3.0,3,3,36.5261072153863,94.34806977914452,57.82196256375823,41335.50449199178,539.8558646434094,1394.4644713357561,854.6086066923467,0.5795917597147527,0.0876404951660902,0.28200326293573147,0.19372044455924034,24.2757743787536,High,241,High,0.9675344751357986,Gradient Boosting,True,"Priority site validation, detailed evacuation planning, pre-positioning review, infrastructure assessment, and enhanced preparedness review.",Disaster Prevention and Mitigation; Disaster Preparedness; Disaster Response and Early Recovery
Barangay 271,271,633,1315.0,214.12983258927778,107.74091627172196,1.415547416,1.0,0,2,54.224830960783,100.0,45.775169039217,28111.14479411614,713.0565271342964,1315.0,601.9434728657036,0.5771965442563349,0.08024236136432707,0.38337289881213166,0.193556363656589,24.254523896647424,High,242,High,0.9563763182829981,Gradient Boosting,True,"Priority site validation, detailed evacuation planning, pre-positioning review, infrastructure assessment, and enhanced preparedness review.",Disaster Prevention and Mitigation; Disaster Preparedness; Disaster Response and Early Recovery
Barangay 399,399,1068,1647.0,1049.5749909331255,54.21348314606742,2.0,2.0,2,2,84.14222029245083,100.0,15.85777970754917,2488.4132533601496,1385.8223682166652,1647.0,261.17763178333485,0.5138776388279951,0.09469395194717757,0.4071187041360291,0.19354492211931723,24.25304207774509,High,243,High,0.9870011448988586,Gradient Boosting,True,"Priority site validation, detailed evacuation planning, pre-positioning review, infrastructure assessment, and enhanced preparedness review.",Disaster Prevention and Mitigation; Disaster Preparedness; Disaster Response and Early Recovery
Barangay 204,204,2684,1932.0,373.99502221625113,-28.017883755588674,1.988394584,2.0,1,3,93.02358505323224,97.51527437939964,4.491689326167403,2320.336705748363,1797.2156632284468,1883.995101010001,86.77943778155418,0.4943739209743416,0.10582158675325058,0.3127061897958232,0.19268186610644697,24.141265776775455,High,244,High,0.9952613357331048,Gradient Boosting,True,"Priority site validation, detailed evacuation planning, pre-positioning review, infrastructure assessment, and enhanced preparedness review.",Disaster Prevention and Mitigation; Disaster Preparedness; Disaster Response and Early Recovery
Barangay 471,471,1415,1773.0,493.3045006319169,25.300353356890458,2.0,2.0,2,2,92.82229201766012,99.72176847105148,6.899476453391358,2479.7608244386283,1645.7392374731137,1768.0669549917427,122.32771751862902,0.507125953145861,0.09979194956745292,0.34708208386751704,0.19260335012617547,24.131096997796018,High,245,High,0.9964334435066449,Gradient Boosting,True,"Priority site validation, detailed evacuation planning, pre-positioning review, infrastructure assessment, and enhanced preparedness review.",Disaster Prevention and Mitigation; Disaster Preparedness; Disaster Response and Early Recovery
Barangay 369,369,1396,1785.0,796.3337139143596,27.865329512893982,2.0,2.0,2,2,99.55387467035123,100.0,0.4461253296487655,99.99999993829988,1777.0366628657696,1785.0,7.9633371342304144,0.500443642644165,0.09938599130229092,0.37365223085210825,0.19254179956962358,24.123125448520657,High,246,High,0.9920516751224755,Gradient Boosting,True,"Priority site validation, detailed evacuation planning, pre-positioning review, infrastructure assessment, and enhanced preparedness review.",Disaster Prevention and Mitigation; Disaster Preparedness; Disaster Response and Early Recovery
Barangay 203,203,2462,2014.0,332.1998376405372,-18.1965881397238,2.02183766,2.0,2,3,83.74034335278544,93.86992420253353,10.12958084974808,6141.17573816151,1686.5305151250989,1890.5402734390252,204.00975831392634,0.48629129620317074,0.10756731808845577,0.31255621525398364,0.19242284573820867,24.10771947363207,High,247,High,0.9909815978960135,Gradient Boosting,True,"Priority site validation, detailed evacuation planning, pre-positioning review, infrastructure assessment, and enhanced preparedness review.",Disaster Prevention and Mitigation; Disaster Preparedness; Disaster Response and Early Recovery
Barangay 901,901,1610,1616.0,2146.111185124617,0.37267080745341613,1.794019934,2.0,1,2,96.97793584977047,100.0,3.022064150229525,227.5583716547908,1567.1634433322909,1616.0,48.83655666770915,0.5022069894992992,0.09046694583874769,0.4814067702529754,0.19240782251821553,24.105773783046004,High,248,High,0.9372254175159803,Gradient Boosting,True,"Priority site validation, detailed evacuation planning, pre-positioning review, infrastructure assessment, and enhanced preparedness review.",Disaster Prevention and Mitigation; Disaster Preparedness; Disaster Response and Early Recovery
Barangay 389,389,1174,1788.0,435.5723469622221,52.29982964224872,1.883424408,2.0,1,2,98.34718585128232,99.99999999999996,1.6528141487176384,678.4709172925213,1758.4476830209278,1787.9999999999993,29.55231697907152,0.5021901483228217,0.09980731177508183,0.35906056859624097,0.19235337022028787,24.09872154500944,High,249,High,0.9903436134146889,Gradient Boosting,True,"Priority site validation, detailed evacuation planning, pre-positioning review, infrastructure assessment, and enhanced preparedness review.",Disaster Prevention and Mitigation; Disaster Preparedness; Disaster Response and Early Recovery
Barangay 338,338,1378,1426.0,497.5089061618534,3.483309143686502,2.0,2.0,2,2,28.93051928959341,96.1622735145302,67.2317542249368,19270.505580370434,412.549205069602,1371.2740203172007,958.7248152475986,0.5551225879281537,0.08757759723922143,0.3372832280863148,0.1921404501578308,24.07114579485097,High,250,High,0.9640769750765804,Gradient Boosting,True,"Priority site validation, detailed evacuation planning, pre-positioning review, infrastructure assessment, and enhanced preparedness review.",Disaster Prevention and Mitigation; Disaster Preparedness; Disaster Response and Early Recovery
Barangay 458,458,1462,1649.0,483.6693184316203,12.790697674418606,2.534115921,3.0,2,3,79.52708415999155,100.0,20.472915840008454,6979.942066543714,1311.4016177982605,1649.0,337.59838220173947,0.5246016664418205,0.09570588166749688,0.3209780401923201,0.19140658456337853,23.97610123188691,High,251,High,0.9876813500969032,Gradient Boosting,True,"Priority site validation, detailed evacuation planning, pre-positioning review, infrastructure assessment, and enhanced preparedness review.",Disaster Prevention and Mitigation; Disaster Preparedness; Disaster Response and Early Recovery
Barangay 896,896,1265,1371.0,105.96721569506632,8.379446640316205,1.786073501,2.0,1,3,70.527333664185,99.845416169699,29.318082505514013,37931.628996203886,966.9297445359763,1368.8806556865734,401.9509111505971,0.5840307662422297,0.08088245047763641,0.3145731161284613,0.19138864665058045,23.9737780529625,High,252,High,0.9788339172243781,Gradient Boosting,True,"Priority site validation, detailed evacuation planning, pre-positioning review, infrastructure assessment, and enhanced preparedness review.",Disaster Prevention and Mitigation; Disaster Preparedness; Disaster Response and Early Recovery
Barangay 513,513,2033,1929.0,556.1584816964499,-5.115592720118052,3.0,3.0,3,3,81.0440160467316,95.1170432660184,14.0730272192868,4881.1391715537975,1563.3390695414525,1834.807764601495,271.46869506004236,0.4926438793640502,0.10526220614660298,0.3017285485737346,0.19129622165143634,23.96180788605863,High,253,High,0.9680308362954457,Gradient Boosting,True,"Priority site validation, detailed evacuation planning, pre-positioning review, infrastructure assessment, and enhanced preparedness review.",Disaster Prevention and Mitigation; Disaster Preparedness; Disaster Response and Early Recovery
Barangay 674,674,1398,1629.0,92.115990357717,16.523605150214593,2.912305516,3.0,2,3,52.24846041191709,87.72184229582231,35.473381883905226,62731.93054156919,851.1274201101294,1428.9888109989456,577.8613908888162,0.5710941966993662,0.08629925946210798,0.2761340176641995,0.19073806013526895,23.88951914849071,High,254,High,0.8558499724046126,Gradient Boosting,True,"Priority site validation, detailed evacuation planning, pre-positioning review, infrastructure assessment, and enhanced preparedness review.",Disaster Prevention and Mitigation; Disaster Preparedness; Disaster Response and Early Recovery
Barangay 856,856,1611,1733.0,436.24596289429786,7.572936064556177,0.987365761,1.0,0,1,98.8470269145212,100.0,1.1529730854788056,458.02197088042885,1713.0189764286524,1733.0,19.981023571347578,0.5015007160538878,0.09663508503878897,0.3709817093620044,0.19052992947310368,23.86256368420071,High,255,High,0.9922212821324388,Gradient Boosting,True,"Priority site validation, detailed evacuation planning, pre-positioning review, infrastructure assessment, and enhanced preparedness review.",Disaster Prevention and Mitigation; Disaster Preparedness; Disaster Response and Early Recovery
Barangay 290,290,1093,1713.0,297.65666594642727,56.72461116193962,0.913628472,1.0,0,1,99.12901611759646,100.0,0.8709838824035359,501.24709480747697,1698.0800460944274,1713.0,14.919953905572584,0.5014091646164837,0.09546291945033791,0.38493370802590404,0.19043790193922366,23.85064499390591,High,256,High,0.993947260665174,Gradient Boosting,True,"Priority site validation, detailed evacuation planning, pre-positioning review, infrastructure assessment, and enhanced preparedness review.",Disaster Prevention and Mitigation; Disaster Preparedness; Disaster Response and Early Recovery
Barangay 521,521,2244,1582.0,356.6125885695202,-29.500891265597147,2.632882883,3.0,2,3,71.81509219089361,100.0,28.18490780910639,12503.351138798611,1136.1147584599369,1582.0,445.88524154006313,0.5390045940131716,0.09325519483068455,0.28705903316623443,0.1903924856999953,23.844763035899483,High,257,High,0.9975906510579613,Gradient Boosting,True,"Priority site validation, detailed evacuation planning, pre-positioning review, infrastructure assessment, and enhanced preparedness review.",Disaster Prevention and Mitigation; Disaster Preparedness; Disaster Response and Early Recovery
Barangay 227,227,1836,1726.0,372.08418634048576,-5.991285403050109,1.571736785,2.0,1,2,95.25126267733714,100.0,4.748737322662862,2202.813481413541,1644.0367938108388,1726.0,81.96320618916116,0.5067423754041455,0.09697621237486159,0.33798818472272174,0.18989481369522668,23.78030842929269,High,258,High,0.9909864759939332,Gradient Boosting,True,"Priority site validation, detailed evacuation planning, pre-positioning review, infrastructure assessment, and enhanced preparedness review.",Disaster Prevention and Mitigation; Disaster Preparedness; Disaster Response and Early Recovery
Barangay 223,223,1629,1583.0,838.4379597591204,-2.823818293431553,2.0,2.0,2,2,79.86215448466587,100.0,20.137845515334135,3802.0952033150315,1264.2179054922608,1583.0,318.7820945077392,0.5187625901593869,0.09181281115894323,0.3628992631159906,0.18977886997634352,23.765292300763182,High,259,High,0.9442647497726544,Gradient Boosting,True,"Priority site validation, detailed evacuation planning, pre-positioning review, infrastructure assessment, and enhanced preparedness review.",Disaster Prevention and Mitigation; Disaster Preparedness; Disaster Response and Early Recovery
Barangay 205,205,1760,1832.0,394.65183525531074,4.090909090909091,2.154094828,2.0,2,3,92.57251609241514,97.63036561765992,5.057849525244777,2347.8873028055386,1695.9284948130455,1788.5882981155298,92.6598033024843,0.49533607849891,0.1005838072023651,0.32333319942176647,0.18955422020219082,23.736197409592744,High,260,High,0.9890855179605381,Gradient Boosting,True,"Priority site validation, detailed evacuation planning, pre-positioning review, infrastructure assessment, and enhanced preparedness review.",Disaster Prevention and Mitigation; Disaster Preparedness; Disaster Response and Early Recovery
Barangay 627,627,1605,1618.0,401.6585702455616,0.809968847352025,2.173374613,2.0,2,3,64.57977480189267,96.5951302446445,32.015355442751826,12896.735920436866,1044.9007562946233,1562.9092073583479,518.0084510637246,0.5249638370947548,0.09304328147864978,0.3216903812301716,0.18952186453300626,23.732006955018633,High,261,High,0.9702089778070275,Gradient Boosting,True,"Priority site validation, detailed evacuation planning, pre-positioning review, infrastructure assessment, and enhanced preparedness review.",Disaster Prevention and Mitigation; Disaster Preparedness; Disaster Response and Early Recovery
Barangay 153,153,2051,1658.0,791.7511278084721,-19.16138469039493,1.0,1.0,1,1,88.50496173717815,98.80721826947313,10.302256532294976,2157.387685423928,1467.4122656024138,1638.2236789078645,170.81141330545074,0.5040114905966566,0.09314072542992148,0.3878534039936185,0.18936757954145675,23.712025163114788,High,262,High,0.7625023489356882,Gradient Boosting,True,"Priority site validation, detailed evacuation planning, pre-positioning review, infrastructure assessment, and enhanced preparedness review.",Disaster Prevention and Mitigation; Disaster Preparedness; Disaster Response and Early Recovery
Barangay 645,645,1704,1716.0,203.8898128674551,0.7042253521126761,0.82190561,1.0,0,1,98.37427735565367,100.0,1.6257226443463253,1368.2586777946854,1688.102599423017,1716.0,27.897400576983046,0.5033980249126188,0.09578274630186685,0.35436110734334386,0.18929902809068305,23.703146912480623,High,263,High,0.9926444340950862,Gradient Boosting,True,"Priority site validation, detailed evacuation planning, pre-positioning review, infrastructure assessment, and enhanced preparedness review.",Disaster Prevention and Mitigation; Disaster Preparedness; Disaster Response and Early Recovery
Barangay 149,149,1554,1569.0,730.060426190258,0.9652509652509652,1.0,1.0,1,1,23.43145358301806,89.51658063934266,66.08512705632461,14202.600309738162,367.6395067175534,1404.5151502312865,1036.8756435137332,0.5122168693585328,0.09034773159120191,0.3920516499266918,0.18909868374027528,23.67719987071879,High,264,High,0.9846854310298048,Gradient Boosting,True,"Priority site validation, detailed evacuation planning, pre-positioning review, infrastructure assessment, and enhanced preparedness review.",Disaster Prevention and Mitigation; Disaster Preparedness; Disaster Response and Early Recovery
Barangay 147,147,2275,2023.0,155.51836963922702,-11.076923076923077,1.055373967,1.0,0,3,73.75382008114728,88.00935760066483,14.255537519517546,18543.759472842285,1492.0397802416096,1780.4293042614495,288.3895240198399,0.48145892650089606,0.1024367833627623,0.33631532554587595,0.18901496643197463,23.666357456194778,High,265,High,0.9384437079333279,Gradient Boosting,True,"Priority site validation, detailed evacuation planning, pre-positioning review, infrastructure assessment, and enhanced preparedness review.",Disaster Prevention and Mitigation; Disaster Preparedness; Disaster Response and Early Recovery
Barangay 234,234,1945,2013.0,487.45834453297135,3.496143958868895,1.677555959,2.0,1,2,66.3002996545653,88.31969983800577,22.01940018344048,9093.095454491202,1334.6250320463994,1777.8755577390561,443.25052569265677,0.4708727408856783,0.10411988649027724,0.34820556132036334,0.18892014988597483,23.654077554746287,High,266,High,0.9519555595825021,Gradient Boosting,True,"Priority site validation, detailed evacuation planning, pre-positioning review, infrastructure assessment, and enhanced preparedness review.",Disaster Prevention and Mitigation; Disaster Preparedness; Disaster Response and Early Recovery
Barangay 475,475,1664,1701.0,655.854671821342,2.2235576923076925,2.274566474,2.0,2,3,94.9875892213392,100.0,5.012410778660794,1300.0000001257322,1615.73889265498,1701.0,85.26110734502004,0.5052976426375465,0.09562443452798873,0.33994536459567654,0.18871583154246085,23.627615832311513,High,267,High,0.970839209290931,Gradient Boosting,True,"Priority site validation, detailed evacuation planning, pre-positioning review, infrastructure assessment, and enhanced preparedness review.",Disaster Prevention and Mitigation; Disaster Preparedness; Disaster Response and Early Recovery
Barangay 75,75,1350,1631.0,636.4947642262059,20.814814814814813,3.0,3.0,3,3,67.02215488408511,97.0590078886154,30.036853004530286,7696.859425064831,1093.1313461594282,1583.0324186633172,489.90107250388905,0.5168754285175007,0.09383138482121735,0.320520986251604,0.1884852262175153,23.597749624531332,High,268,High,0.9531836965176234,Gradient Boosting,True,"Priority site validation, detailed evacuation planning, pre-positioning review, infrastructure assessment, and enhanced preparedness review.",Disaster Prevention and Mitigation; Disaster Preparedness; Disaster Response and Early Recovery
Barangay 434,434,1173,1582.0,781.5214345664469,34.86786018755328,3.0,3.0,3,3,80.06793646041137,100.0,19.932063539588626,4034.7613161911595,1266.6747548037079,1582.0,315.32524519629214,0.5190526760830169,0.09171644365200156,0.33920457129661186,0.18839686486261342,23.586305749218134,High,269,High,0.9269905533036819,Gradient Boosting,True,"Priority site validation, detailed evacuation planning, pre-positioning review, infrastructure assessment, and enhanced preparedness review.",Disaster Prevention and Mitigation; Disaster Preparedness; Disaster Response and Early Recovery
Barangay 894,894,1885,1724.0,452.3229143241087,-8.541114058355438,1.963815789,2.0,1,3,98.64241271583025,100.0,1.3575872841697532,517.4357530407287,1700.5951952209136,1724.0,23.404804779086362,0.5017282346142131,0.09617480434081932,0.3292239889922432,0.1878219805022458,23.511851198958432,High,270,High,0.9889944746484004,Gradient Boosting,True,"Priority site validation, detailed evacuation planning, pre-positioning review, infrastructure assessment, and enhanced preparedness review.",Disaster Prevention and Mitigation; Disaster Preparedness; Disaster Response and Early Recovery
Barangay 782,782,1483,1619.0,643.0224312475704,9.170600134861767,1.0,1.0,1,1,96.5557316441548,100.0,3.444268355845196,867.1968810317485,1563.2372953188662,1619.0,55.762704681133755,0.5035939577419442,0.09071545342554548,0.38858053628388406,0.18751121737933232,23.471603576742677,High,271,High,0.9332804742169986,Gradient Boosting,True,"Priority site validation, detailed evacuation planning, pre-positioning review, infrastructure assessment, and enhanced preparedness review.",Disaster Prevention and Mitigation; Disaster Preparedness; Disaster Response and Early Recovery
Barangay 602,602,2000,2027.0,149.80707263648733,1.35,1.976155268,2.0,1,5,61.31008859381887,84.21837330456582,22.908284710746948,30996.596016104406,1242.7554957967084,1707.1064268835491,464.3509310868408,0.4897646547740162,0.10043197833500735,0.3080423902947018,0.18748458809305754,23.46815475873681,High,272,High,0.9808742122746551,Gradient Boosting,True,"Priority site validation, detailed evacuation planning, pre-positioning review, infrastructure assessment, and enhanced preparedness review.",Disaster Prevention and Mitigation; Disaster Preparedness; Disaster Response and Early Recovery
Barangay 619,619,1283,1288.0,64.06950972178774,0.3897116134060795,1.794897324,2.0,0,3,78.72222865708252,99.96572831507254,21.243499657990014,42706.160353504965,1013.9423051032229,1287.5585806981344,273.6162755949115,0.5882869402362854,0.07484631759415679,0.307025260085919,0.18725034391811468,23.437817275412037,High,273,High,0.9132857360325715,Gradient Boosting,True,"Priority site validation, detailed evacuation planning, pre-positioning review, infrastructure assessment, and enhanced preparedness review.",Disaster Prevention and Mitigation; Disaster Preparedness; Disaster Response and Early Recovery
Barangay 763,763,1779,1984.0,681.5978897150522,11.523327712197865,0.874350087,1.0,0,2,56.874594518176266,85.45482028083518,28.580225762658912,8319.152504539077,1128.391955240617,1695.4236343717698,567.0316791311527,0.45908963167555783,0.1009922856419555,0.39748751410326494,0.18714405735836262,23.42405186700898,High,274,High,0.9819050832965904,Gradient Boosting,True,"Priority site validation, detailed evacuation planning, pre-positioning review, infrastructure assessment, and enhanced preparedness review.",Disaster Prevention and Mitigation; Disaster Preparedness; Disaster Response and Early Recovery
Barangay 806,806,1603,1604.0,556.8589137445695,0.06238303181534623,2.623036649,3.0,2,4,63.76803783757386,96.18972887541617,32.42169103784231,9338.88120331919,1022.8393269146846,1542.8832511616754,520.0439242469907,0.5168657994872674,0.09195331033586157,0.31794248879144105,0.1869271269124542,23.39595672318315,High,275,High,0.9684543563370732,Gradient Boosting,True,"Priority site validation, detailed evacuation planning, pre-positioning review, infrastructure assessment, and enhanced preparedness review.",Disaster Prevention and Mitigation; Disaster Preparedness; Disaster Response and Early Recovery
Barangay 249,249,1610,1750.0,1185.6456620654635,8.695652173913043,2.0,2.0,2,2,67.05216767446105,92.09006169922638,25.037894024765336,3695.565711176201,1173.4129343030684,1611.5760797364617,438.1631454333933,0.48194758477814104,0.09480937840847532,0.397335382559922,0.18690954364011841,23.393679474532625,High,276,High,0.9419872424288915,Gradient Boosting,True,"Priority site validation, detailed evacuation planning, pre-positioning review, infrastructure assessment, and enhanced preparedness review.",Disaster Prevention and Mitigation; Disaster Preparedness; Disaster Response and Early Recovery
Barangay 462,462,1528,1594.0,649.3530878406316,4.319371727748691,2.0,2.0,2,2,89.01939466739802,100.0,10.980605332601982,2695.4649524148044,1418.9691509983245,1594.0,175.0308490016755,0.5113349796206663,0.09073047516016108,0.3503881902689752,0.18681405746273938,23.38131284763704,High,277,High,0.7269494686930499,Gradient Boosting,True,"Priority site validation, detailed evacuation planning, pre-positioning review, infrastructure assessment, and enhanced preparedness review.",Disaster Prevention and Mitigation; Disaster Preparedness; Disaster Response and Early Recovery
Barangay 143,143,1401,1421.0,1380.3322525884082,1.4275517487508922,0.769417476,1.0,0,1,82.3355110374601,100.0,17.664488962539906,1818.4925237166044,1169.987611842308,1421.0,251.01238815769193,0.5137668658172165,0.08200270518140901,0.4551310516425144,0.18677878752417432,23.37674495956322,High,278,Medium,0.8945419630870561,Gradient Boosting,True,"Priority site validation, detailed evacuation planning, pre-positioning review, infrastructure assessment, and enhanced preparedness review.",Disaster Prevention and Mitigation; Disaster Preparedness; Disaster Response and Early Recovery
Barangay 790,790,1741,1825.0,347.90999984709754,4.824813325674899,0.24400767,0.0,0,1,44.93512982055238,84.59969560017919,39.664565779626805,20806.482302788812,820.066119225081,1543.9444447032702,723.8783254781891,0.48358673178109396,0.09441468719924834,0.3894123149466124,0.1864731730759122,23.337164153636145,High,279,High,0.9749434687441043,Gradient Boosting,True,"Priority site validation, detailed evacuation planning, pre-positioning review, infrastructure assessment, and enhanced preparedness review.",Disaster Prevention and Mitigation; Disaster Preparedness; Disaster Response and Early Recovery
Barangay 317,317,1542,1573.0,634.1202507783825,2.0103761348897535,2.0,2.0,2,2,88.14840060905922,100.0,11.851599390940777,2939.9101856573907,1386.5743415805016,1573.0,186.4256584194984,0.5122884505761495,0.08969662906803688,0.3480382190019807,0.18608762393787637,23.287230828511213,High,280,High,0.9466791356440676,Gradient Boosting,True,"Priority site validation, detailed evacuation planning, pre-positioning review, infrastructure assessment, and enhanced preparedness review.",Disaster Prevention and Mitigation; Disaster Preparedness; Disaster Response and Early Recovery
Barangay 320,320,1300,1416.0,582.7311731194045,8.923076923076923,2.0,2.0,2,2,67.32238975036104,100.0,32.67761024963896,7940.453205170734,953.2850388651124,1416.0,462.71496113488763,0.5335883183213062,0.08421965554750382,0.3469510319616436,0.18602782369657714,23.27948596645146,High,281,High,0.862753355970408,Gradient Boosting,True,"Priority site validation, detailed evacuation planning, pre-positioning review, infrastructure assessment, and enhanced preparedness review.",Disaster Prevention and Mitigation; Disaster Preparedness; Disaster Response and Early Recovery
Barangay 483,483,1369,1397.0,607.0352770481429,2.0452885317750185,2.0,2.0,2,2,64.98552692719267,100.0,35.014473072807334,8058.052098812779,907.8478111728815,1397.0,489.1521888271185,0.5351913417971854,0.08347434775736978,0.34578627256818106,0.18571123608302414,23.23848400151749,High,282,High,0.8869683937686732,Gradient Boosting,True,"Priority site validation, detailed evacuation planning, pre-positioning review, infrastructure assessment, and enhanced preparedness review.",Disaster Prevention and Mitigation; Disaster Preparedness; Disaster Response and Early Recovery
Barangay 732,732,1974,1983.0,855.1846237348335,0.4559270516717325,4.0,4.0,4,4,80.61544574014505,91.80609790751826,11.190652167373216,2594.8856693641683,1598.6042890270764,1820.5149215060874,221.91063247901093,0.4703123185217895,0.10388307429995151,0.2928969999219604,0.18544668152290505,23.204220952892854,High,283,High,0.9737151682943604,Gradient Boosting,True,"Priority site validation, detailed evacuation planning, pre-positioning review, infrastructure assessment, and enhanced preparedness review.",Disaster Prevention and Mitigation; Disaster Preparedness; Disaster Response and Early Recovery
Barangay 812,812,1703,1722.0,337.6344713173721,1.1156782149148563,2.318805093,2.0,1,3,96.67815379870882,98.72805700784188,2.0499032091330633,1045.4896125843225,1664.797808413766,1700.0971416750372,35.29933326127116,0.4967186471005072,0.09498537387332356,0.3111678472456318,0.18492362909814508,23.136479271726145,High,284,High,0.9926078945602278,Gradient Boosting,True,"Priority site validation, detailed evacuation planning, pre-positioning review, infrastructure assessment, and enhanced preparedness review.",Disaster Prevention and Mitigation; Disaster Preparedness; Disaster Response and Early Recovery
Barangay 414,414,1716,1603.0,983.3991040927012,-6.585081585081586,2.949541284,3.0,2,3,93.59397504281552,100.0,6.406024957184485,1044.2208014660464,1500.3114199363326,1603.0,102.68858006366736,0.5056752890435029,0.09037849783731426,0.33866344723127345,0.18478293267820675,23.118257365910235,High,285,High,0.9189111736259566,Gradient Boosting,True,"Priority site validation, detailed evacuation planning, pre-positioning review, infrastructure assessment, and enhanced preparedness review.",Disaster Prevention and Mitigation; Disaster Preparedness; Disaster Response and Early Recovery
Barangay 257,257,1308,1341.0,1164.3229158896675,2.522935779816514,1.081318681,1.0,1,2,69.33877181018907,99.50826175733869,30.169489947149614,3474.7478957084613,929.8329299746355,1334.4057901659119,404.5728601912764,0.5217086224111617,0.07899565858767088,0.42617774838954353,0.18438781593557482,23.067084919065575,High,286,High,0.867749931287355,Gradient Boosting,True,"Priority site validation, detailed evacuation planning, pre-positioning review, infrastructure assessment, and enhanced preparedness review.",Disaster Prevention and Mitigation; Disaster Preparedness; Disaster Response and Early Recovery
Barangay 474,474,1655,1614.0,638.5852059158942,-2.4773413897280965,2.0,2.0,2,2,98.04014386666935,100.0,1.9598561333306463,495.34623882474625,1582.3679220080433,1614.0,31.63207799195675,0.5020483936791554,0.09015292597208137,0.34632410261942576,0.18435593434040248,23.062955862869646,High,287,High,0.9055361146719922,Gradient Boosting,True,"Priority site validation, detailed evacuation planning, pre-positioning review, infrastructure assessment, and enhanced preparedness review.",Disaster Prevention and Mitigation; Disaster Preparedness; Disaster Response and Early Recovery
Barangay 755,755,1372,1722.0,511.06452356101903,25.510204081632654,4.0,4.0,4,4,94.47708751314728,99.07075827164942,4.593670758502142,1547.8086780555568,1626.8954469763962,1705.9984574378032,79.10301046140694,0.5008413244546461,0.09582989999249808,0.27573633455750024,0.18430948476723855,23.056940075490314,High,288,High,0.9599680805948952,Gradient Boosting,True,"Priority site validation, detailed evacuation planning, pre-positioning review, infrastructure assessment, and enhanced preparedness review.",Disaster Prevention and Mitigation; Disaster Preparedness; Disaster Response and Early Recovery
Barangay 899,899,1562,1569.0,951.1130039714501,0.44814340588988477,1.894259819,2.0,1,3,98.1046760161782,100.0,1.8953239838217968,312.66141017936025,1539.262366693836,1569.0,29.73763330616407,0.5016857114506864,0.08762743534484552,0.3777132816488264,0.18420234643271313,23.04306435184467,High,289,Medium,0.7291767951780722,Gradient Boosting,True,"Priority site validation, detailed evacuation planning, pre-positioning review, infrastructure assessment, and enhanced preparedness review.",Disaster Prevention and Mitigation; Disaster Preparedness; Disaster Response and Early Recovery
Barangay 388,388,1260,1553.0,615.5103972679855,23.253968253968253,2.0,2.0,2,2,92.77705829665908,99.9122679315991,7.135209634940026,1800.2913699339697,1440.8277153471154,1551.637520977734,110.80980563061871,0.5070133746598143,0.08761713139410203,0.35636389873171864,0.18399156774756142,23.01576593621676,High,290,High,0.8861778789667872,Gradient Boosting,True,"Priority site validation, detailed evacuation planning, pre-positioning review, infrastructure assessment, and enhanced preparedness review.",Disaster Prevention and Mitigation; Disaster Preparedness; Disaster Response and Early Recovery
Barangay 848,848,1586,1589.0,386.0970541263792,0.18915510718789408,1.0,1.0,1,1,99.23019959197435,100.0,0.7698004080256453,316.81486177627085,1576.7678715164725,1589.0,12.232128483527504,0.501021512744594,0.08853363628818851,0.3628858565586776,0.18389882143496328,23.00375415529385,High,291,Medium,0.8370171599321654,Gradient Boosting,True,"Priority site validation, detailed evacuation planning, pre-positioning review, infrastructure assessment, and enhanced preparedness review.",Disaster Prevention and Mitigation; Disaster Preparedness; Disaster Response and Early Recovery
Barangay 80,80,2553,2566.0,2195.650124901253,0.509204857030944,3.0,3.0,3,3,44.6896214377137,72.61854871572851,27.92892727801481,3263.9821154843194,1146.7356860917334,1863.3919600455934,716.6562739538599,0.3855491669993289,0.11209910836385785,0.4416423905388001,0.18383072948191903,22.994935415231115,High,292,High,0.8624846421374055,Gradient Boosting,True,"Priority site validation, detailed evacuation planning, pre-positioning review, infrastructure assessment, and enhanced preparedness review.",Disaster Prevention and Mitigation; Disaster Preparedness; Disaster Response and Early Recovery
Barangay 63,63,1448,1588.0,850.8555057055781,9.668508287292818,3.0,3.0,3,3,90.89088371959298,99.46419678458317,8.573313064990188,1600.0861551591588,1443.3472334671364,1579.4914449391808,136.1442114720444,0.5052758279274321,0.0894651152030587,0.33328619463357095,0.18371137427907488,22.97947745783733,High,293,High,0.8795669188125776,Gradient Boosting,True,"Priority site validation, detailed evacuation planning, pre-positioning review, infrastructure assessment, and enhanced preparedness review.",Disaster Prevention and Mitigation; Disaster Preparedness; Disaster Response and Early Recovery
Barangay 450,450,1835,1603.0,474.20493813947917,-12.643051771117166,2.959289415,3.0,2,3,90.62896986135672,100.0,9.371030138643277,3167.778338872289,1452.7823868775483,1603.0,150.21761312245167,0.5112127191798967,0.09093866448627996,0.29284765154686515,0.18362997488139166,22.96893524106518,High,294,High,0.959886785439359,Gradient Boosting,True,"Priority site validation, detailed evacuation planning, pre-positioning review, infrastructure assessment, and enhanced preparedness review.",Disaster Prevention and Mitigation; Disaster Preparedness; Disaster Response and Early Recovery
Barangay 626,626,1285,1502.0,457.47958000993424,16.88715953307393,2.37395278,2.0,2,3,84.03677173759228,100.0,15.963228262407725,5241.0577210059855,1262.232311498636,1502.0,239.7676885013641,0.51882517644654,0.08637587126333346,0.32653120836640753,0.18361974427382982,22.967610252358906,High,295,High,0.8358797356561395,Gradient Boosting,True,"Priority site validation, detailed evacuation planning, pre-positioning review, infrastructure assessment, and enhanced preparedness review.",Disaster Prevention and Mitigation; Disaster Preparedness; Disaster Response and Early Recovery
Barangay 156,156,1615,1627.0,375.05846648485175,0.7430340557275541,1.0,1.0,1,1,53.01266339344893,89.91592311825562,36.90325972480669,16008.5983753377,862.5160334114141,1462.932069134019,600.4160357226049,0.5000063384700051,0.08845320599598451,0.3622191532508668,0.18360432559727097,22.965613345314758,High,296,High,0.9254900286863017,Gradient Boosting,True,"Priority site validation, detailed evacuation planning, pre-positioning review, infrastructure assessment, and enhanced preparedness review.",Disaster Prevention and Mitigation; Disaster Preparedness; Disaster Response and Early Recovery
Barangay 409,409,1921,1673.0,568.7399229469149,-12.90994273815721,2.967769296,3.0,2,3,99.98875027565444,100.0,0.011249724345560708,3.3092083166266093,1672.8117921116987,1673.0,0.18820788830134916,0.5000125846564534,0.09306426047074312,0.3003309417937953,0.18349439330052802,22.95137576941727,High,297,High,0.9836396160276982,Gradient Boosting,True,"Priority site validation, detailed evacuation planning, pre-positioning review, infrastructure assessment, and enhanced preparedness review.",Disaster Prevention and Mitigation; Disaster Preparedness; Disaster Response and Early Recovery
Barangay 707,707,1052,1081.0,2459.790390867923,2.7566539923954374,2.0,2.0,2,2,41.70797749865097,99.9281350250666,58.220157526415626,2558.5915986869395,450.86323676041695,1080.22313962097,629.359902860553,0.5389193170762874,0.06750582358002372,0.5012734405870697,0.18342378203605664,22.94223074773652,High,298,Medium,0.9882045706413367,Gradient Boosting,True,"Priority site validation, detailed evacuation planning, pre-positioning review, infrastructure assessment, and enhanced preparedness review.",Disaster Prevention and Mitigation; Disaster Preparedness; Disaster Response and Early Recovery
Barangay 470,470,2260,1487.0,54.3721584876862,-34.203539823008846,1.909473299,2.0,1,2,91.594688478674,99.451524964866,7.856836486191995,21487.312955606612,1362.0130176778823,1478.8441762275575,116.83115854967514,0.5400752246981511,0.08363890625586817,0.2859397082857305,0.18332701605245894,22.92969837029526,High,299,High,0.9244649565744714,Gradient Boosting,True,"Priority site validation, detailed evacuation planning, pre-positioning review, infrastructure assessment, and enhanced preparedness review.",Disaster Prevention and Mitigation; Disaster Preparedness; Disaster Response and Early Recovery
Barangay 246,246,1254,1258.0,677.0047232716059,0.3189792663476874,1.0,1.0,1,1,56.935764007158426,99.62328830994252,42.6875243027841,7932.13159775227,716.2519112100531,1253.260966939077,537.0090557290239,0.5376626345167766,0.07604277269979894,0.3873078852677196,0.18301109883941677,22.888783230420326,Medium,300,Medium,0.9822443619891263,Gradient Boosting,True,"Periodic drainage/waterway clearing, more frequent early-warning checks, community drills, relief-stock review, and evacuation-route verification.",Disaster Prevention and Mitigation; Disaster Preparedness
Barangay 514,514,2283,2196.0,644.0154083454717,-3.8107752956636007,2.980190756,3.0,2,3,34.52922363632959,77.98517827472823,43.45595463839864,14817.856086873606,758.2617510537979,1712.5545149130319,954.292763859234,0.4421494332210878,0.10650937869397697,0.31041544559383966,0.18299337398188717,22.886487644756908,Medium,301,Medium,0.5159774989403036,Gradient Boosting,True,"Periodic drainage/waterway clearing, more frequent early-warning checks, community drills, relief-stock review, and evacuation-route verification.",Disaster Prevention and Mitigation; Disaster Preparedness
Barangay 456,456,1530,1589.0,644.9167135004434,3.8562091503267975,2.970528455,3.0,2,3,93.56838726303796,100.0,6.4316127369620375,1584.6747998764076,1486.8016736096733,1589.0,102.19832639032666,0.5066496023508584,0.08959395795598486,0.31441052706978706,0.18298492451212578,22.885393335162863,Medium,302,Medium,0.8501280301061361,Gradient Boosting,True,"Periodic drainage/waterway clearing, more frequent early-warning checks, community drills, relief-stock review, and evacuation-route verification.",Disaster Prevention and Mitigation; Disaster Preparedness
Barangay 768,768,1147,1403.0,535.7565677418261,22.319093286835223,1.724665392,2.0,1,3,78.90145055821617,100.0,21.09854944178383,5525.133362637032,1106.9873513317727,1403.0,296.01264866822726,0.5223933794788733,0.08153180302878898,0.359290228784151,0.1825654379443119,22.831064698136462,Medium,303,Medium,0.9196395863751843,Gradient Boosting,True,"Periodic drainage/waterway clearing, more frequent early-warning checks, community drills, relief-stock review, and evacuation-route verification.",Disaster Prevention and Mitigation; Disaster Preparedness
Barangay 497,497,1489,1601.0,423.2916848229589,7.521826729348556,2.0,2.0,2,2,98.41364765191202,99.73560794225658,1.3219602903445633,500.0000001717053,1575.6024989071113,1596.7670831555279,21.16458424841653,0.50035407660304,0.08907096281244738,0.33294704402617475,0.18244720417263383,22.815751979783556,Medium,304,Medium,0.8825418220524445,Gradient Boosting,True,"Periodic drainage/waterway clearing, more frequent early-warning checks, community drills, relief-stock review, and evacuation-route verification.",Disaster Prevention and Mitigation; Disaster Preparedness
Barangay 314,314,2064,1630.0,308.6273450015716,-21.027131782945737,1.50070922,2.0,1,2,86.69325012931372,96.40250334026967,9.70925321095595,5127.893879195195,1413.0999771078136,1571.3608044463956,158.26082733858198,0.4969053061972791,0.08927350297024077,0.32826831252685124,0.1816642079769289,22.714344403538153,Medium,305,Medium,0.9035330286786115,Gradient Boosting,True,"Periodic drainage/waterway clearing, more frequent early-warning checks, community drills, relief-stock review, and evacuation-route verification.",Disaster Prevention and Mitigation; Disaster Preparedness
Barangay 37,37,2057,2456.0,2457.0097029047124,19.397180359747203,2.0,2.0,2,2,57.71644576644469,73.67813928517545,15.961693518730755,1595.5134094772875,1417.5159080238816,1809.535100843909,392.01919282002746,0.3807458702197574,0.10527717426212141,0.5087830138569084,0.1816611878100374,22.713953255016612,Medium,306,Medium,0.940654390038989,Gradient Boosting,True,"Periodic drainage/waterway clearing, more frequent early-warning checks, community drills, relief-stock review, and evacuation-route verification.",Disaster Prevention and Mitigation; Disaster Preparedness
Barangay 400,400,1504,1458.0,681.134006708022,-3.0585106382978724,2.0,2.0,2,2,86.86510736702304,100.0,13.134892632976957,2811.5867465547963,1266.493265411196,1458.0,191.50673458880397,0.5128264441429051,0.08335954108250322,0.34961688375067346,0.18153270785845776,22.69731353114913,Medium,307,Medium,0.9378814110056566,Gradient Boosting,True,"Periodic drainage/waterway clearing, more frequent early-warning checks, community drills, relief-stock review, and evacuation-route verification.",Disaster Prevention and Mitigation; Disaster Preparedness
Barangay 565,565,2464,2658.0,822.6737887065029,7.873376623376624,3.052631579,3.0,2,5,61.79466833962605,75.246084804453,13.451416464826956,4346.056171271259,1642.5022844672603,2000.040934102361,357.5386496351007,0.3919686741050328,0.115467842586011,0.3281716992084261,0.18105340018219676,22.635237329512307,Medium,308,Medium,0.896995323543365,Gradient Boosting,True,"Periodic drainage/waterway clearing, more frequent early-warning checks, community drills, relief-stock review, and evacuation-route verification.",Disaster Prevention and Mitigation; Disaster Preparedness
Barangay 572,572,1856,1617.0,1053.001966625818,-12.877155172413794,2.842276423,3.0,2,3,92.74872425952849,97.35911229686116,4.610388037332669,707.9756441723803,1499.7468712765758,1574.296845840245,74.54997456366914,0.49080276981642335,0.08845022520351169,0.34547613252143217,0.1808620608158441,22.610456543234434,Medium,309,Medium,0.9307524378795718,Gradient Boosting,True,"Periodic drainage/waterway clearing, more frequent early-warning checks, community drills, relief-stock review, and evacuation-route verification.",Disaster Prevention and Mitigation; Disaster Preparedness
Barangay 507,507,1532,1526.0,620.1593166659138,-0.39164490861618795,2.011178862,2.0,2,3,97.82570154609522,100.0,2.1742984539047825,535.020494168617,1492.820205593413,1526.0,33.17979440658701,0.5022467482491498,0.0852760924648777,0.34534383784986084,0.18068248803682244,22.58719967381396,Medium,310,Medium,0.8658724651713703,Gradient Boosting,True,"Periodic drainage/waterway clearing, more frequent early-warning checks, community drills, relief-stock review, and evacuation-route verification.",Disaster Prevention and Mitigation; Disaster Preparedness
Barangay 833,833,1504,1517.0,237.505521441957,0.8643617021276596,0.883365949,1.0,0,2,96.77643902002764,99.53031208683502,2.7538730668073867,1758.9592936548797,1468.0985799338193,1509.8748343572875,41.77625442346812,0.5024160273858668,0.08448043243783399,0.3550095398553071,0.18067590085709884,22.58634655353863,Medium,311,High,0.6276264106362345,Gradient Boosting,True,"Periodic drainage/waterway clearing, more frequent early-warning checks, community drills, relief-stock review, and evacuation-route verification.",Disaster Prevention and Mitigation; Disaster Preparedness
Barangay 299,299,1300,1447.0,449.8885561073286,11.307692307692307,1.0,1.0,1,1,93.59492835772262,100.0,6.4050716422773775,2060.096559594258,1354.3186133362462,1447.0,92.68138666375376,0.507477410856793,0.08158292311746786,0.3734011685023795,0.18054040606093424,22.56879832156983,Medium,312,Medium,0.9769179151229709,Gradient Boosting,True,"Periodic drainage/waterway clearing, more frequent early-warning checks, community drills, relief-stock review, and evacuation-route verification.",Disaster Prevention and Mitigation; Disaster Preparedness
Barangay 624,624,1429,1510.0,623.4079612219123,5.668299510146956,1.607621009,2.0,1,3,99.58714704542106,100.0,0.41285295457893767,100.00000003083915,1503.7659203858582,1510.0,6.2340796141418195,0.5004237899296196,0.08406850268825668,0.363151310633381,0.1804522158710746,22.557376614221383,Medium,313,Medium,0.8690419388181322,Gradient Boosting,True,"Periodic drainage/waterway clearing, more frequent early-warning checks, community drills, relief-stock review, and evacuation-route verification.",Disaster Prevention and Mitigation; Disaster Preparedness
Barangay 419,419,1696,1567.0,713.9632110193764,-7.606132075471699,3.0,3.0,3,3,98.25423995126609,100.0,1.7457600487339135,383.15783700679094,1539.6439400363395,1567.0,27.356059963660528,0.5017215679825767,0.08748811495498515,0.31378487974835295,0.18042011272215722,22.55321886410789,Medium,314,Medium,0.758251383603002,Gradient Boosting,True,"Periodic drainage/waterway clearing, more frequent early-warning checks, community drills, relief-stock review, and evacuation-route verification.",Disaster Prevention and Mitigation; Disaster Preparedness
Barangay 817,817,1716,1395.0,1657.0068145908685,-18.706293706293707,2.895833333,3.0,2,3,88.15777643378551,99.99999999999996,11.842223566214443,996.9724764800121,1229.800981251308,1394.9999999999993,165.1990187486913,0.5088350767882935,0.07954505580374276,0.3913924797498054,0.18031184660133856,22.539197078354732,Medium,315,Medium,0.9765105471851798,Gradient Boosting,True,"Periodic drainage/waterway clearing, more frequent early-warning checks, community drills, relief-stock review, and evacuation-route verification.",Disaster Prevention and Mitigation; Disaster Preparedness
Barangay 597,597,1672,1544.0,507.3089449720818,-7.655502392344498,2.161316872,2.0,1,3,98.41693127548342,100.0,1.583068724516579,481.8085970843931,1519.557418893464,1544.0,24.442581106535954,0.5017995521546214,0.08617438285432677,0.32703882161747894,0.18021444231655223,22.526582033108944,Medium,316,Medium,0.8983038659679389,Gradient Boosting,True,"Periodic drainage/waterway clearing, more frequent early-warning checks, community drills, relief-stock review, and evacuation-route verification.",Disaster Prevention and Mitigation; Disaster Preparedness
Barangay 743,743,1607,2028.0,538.353028181111,26.197884256378345,3.0,3.0,3,3,45.0990042967408,81.00302130959646,35.90401701285566,13525.204222976092,914.6078071379035,1642.7412721586163,728.1334650207128,0.4504387790661513,0.09996049455438978,0.31480686746750464,0.1799367563860251,22.490618311539578,Medium,317,Medium,0.8891091505805363,Gradient Boosting,True,"Periodic drainage/waterway clearing, more frequent early-warning checks, community drills, relief-stock review, and evacuation-route verification.",Disaster Prevention and Mitigation; Disaster Preparedness
Barangay 863,863,1481,1492.0,397.8130264294215,0.7427413909520594,1.002680965,1.0,1,2,99.4530588922626,99.99999999999994,0.5469411077373394,205.13057102942548,1483.839638672558,1491.999999999999,8.160361327441024,0.5006903528318521,0.08308994016874831,0.36402680114237634,0.17982065148729925,22.475581308250685,Medium,318,Medium,0.9937102831525699,Gradient Boosting,True,"Periodic drainage/waterway clearing, more frequent early-warning checks, community drills, relief-stock review, and evacuation-route verification.",Disaster Prevention and Mitigation; Disaster Preparedness
Barangay 818,818,1388,1424.0,1003.2947187472085,2.5936599423631126,1.0,1.0,1,1,100.0,100.0,0.0,0.0,1424.0,1424.0,0.0,0.5000000000017545,0.07921120635218333,0.41569090390192037,0.17975822320511264,22.46749608277905,Medium,319,Medium,0.9798259615263241,Gradient Boosting,True,"Periodic drainage/waterway clearing, more frequent early-warning checks, community drills, relief-stock review, and evacuation-route verification.",Disaster Prevention and Mitigation; Disaster Preparedness
Barangay 467,467,1160,1417.0,1141.3640689257625,22.155172413793103,2.0,2.0,2,2,97.93949127885844,100.0,2.0605087211415594,255.81152739507525,1387.802591421424,1417.0,29.19740857857596,0.501683391472502,0.07916593960807461,0.3998894791720355,0.17913818461579112,22.38719350804546,Medium,320,Medium,0.969916194659012,Gradient Boosting,True,"Periodic drainage/waterway clearing, more frequent early-warning checks, community drills, relief-stock review, and evacuation-route verification.",Disaster Prevention and Mitigation; Disaster Preparedness
Barangay 394,394,1433,1487.0,558.2520362131614,3.768318213538032,2.0,2.0,2,2,98.07621323498591,100.0,1.9237867650140856,512.433584475737,1458.3932908042405,1487.0,28.60670919575955,0.5020571938912805,0.08305278705706855,0.3425026779167297,0.1788157975806358,22.345440447139957,Medium,321,Medium,0.9787258022190481,Gradient Boosting,True,"Periodic drainage/waterway clearing, more frequent early-warning checks, community drills, relief-stock review, and evacuation-route verification.",Disaster Prevention and Mitigation; Disaster Preparedness
Barangay 466,466,1237,1448.0,772.1155001634536,17.057396928051737,2.0,2.0,2,2,87.43836719420517,98.40031319049568,10.96194599629051,2055.767278246378,1266.1075569720908,1424.8365349983774,158.72897802628654,0.5021902565098931,0.08112848387336886,0.3665954412111286,0.17878785670970254,22.341821762892103,Medium,322,Medium,0.9735311410620185,Gradient Boosting,True,"Periodic drainage/waterway clearing, more frequent early-warning checks, community drills, relief-stock review, and evacuation-route verification.",Disaster Prevention and Mitigation; Disaster Preparedness
Barangay 319,319,1209,1358.0,796.2642797069335,12.324234904880067,2.0,2.0,2,2,84.47904201866756,100.0,15.520957981332444,2647.0433844410363,1147.2253906135054,1358.0,210.7746093864946,0.5139581586808514,0.07802404326849875,0.3664155176211527,0.17872024470952072,22.3330651825905,Medium,323,Medium,0.9706262275797539,Gradient Boosting,True,"Periodic drainage/waterway clearing, more frequent early-warning checks, community drills, relief-stock review, and evacuation-route verification.",Disaster Prevention and Mitigation; Disaster Preparedness
Barangay 307,307,1378,1399.0,192.99248787754067,1.5239477503628447,2.0,2.0,2,2,88.0940137053132,100.0,11.905986294686798,8630.63376686239,1232.4352517373318,1399.0,166.56474826266822,0.5224191977260702,0.07978365537771294,0.3108703153819928,0.17846933164945117,22.300568874933393,Medium,324,Medium,0.9538495857772568,Gradient Boosting,True,"Periodic drainage/waterway clearing, more frequent early-warning checks, community drills, relief-stock review, and evacuation-route verification.",Disaster Prevention and Mitigation; Disaster Preparedness
Barangay 487,487,1457,1464.0,643.9264542729412,0.4804392587508579,2.0,2.0,2,2,97.97497831875016,100.0,2.0250216812498394,460.3991219303389,1434.3536825865024,1464.0,29.646317413497627,0.5020252618604951,0.08178564516448479,0.3481475818124367,0.17818527590412897,22.263780184503332,Medium,325,Medium,0.9812316287058934,Gradient Boosting,True,"Periodic drainage/waterway clearing, more frequent early-warning checks, community drills, relief-stock review, and evacuation-route verification.",Disaster Prevention and Mitigation; Disaster Preparedness
Barangay 148,148,2333,1827.0,174.3450356530351,-21.68881268752679,1.11907597,1.0,0,2,67.63134913100019,85.49091231596346,17.859563184963264,18715.42933052813,1235.6247486233735,1561.9189680126522,326.2942193892786,0.47132175484958283,0.09072869713451653,0.3306315636153366,0.17795707726825682,22.234225672370016,Medium,326,Medium,0.9189523377217756,Gradient Boosting,True,"Periodic drainage/waterway clearing, more frequent early-warning checks, community drills, relief-stock review, and evacuation-route verification.",Disaster Prevention and Mitigation; Disaster Preparedness
Barangay 365,365,1278,1387.0,721.0298544477455,8.528951486697965,2.0,2.0,2,2,62.00457104902706,95.32136359680452,33.31679254777746,6408.942844559608,860.0034004500053,1322.1073130876787,462.1039126376734,0.5078588249466045,0.07898959361400372,0.3583492696373252,0.177802691002033,22.21423076415818,Medium,327,Medium,0.9341943869216294,Gradient Boosting,True,"Periodic drainage/waterway clearing, more frequent early-warning checks, community drills, relief-stock review, and evacuation-route verification.",Disaster Prevention and Mitigation; Disaster Preparedness
Barangay 295,295,1531,1417.0,547.5483225939281,-7.4461136512083606,1.0,1.0,1,1,98.86598285106297,100.0,1.1340171489370334,293.4722350040938,1400.930976999562,1417.0,16.069023000437937,0.501197408966178,0.07901121136551727,0.37285384246736664,0.1773701996696325,22.158217851188162,Medium,328,Medium,0.9793864074823478,Gradient Boosting,True,"Periodic drainage/waterway clearing, more frequent early-warning checks, community drills, relief-stock review, and evacuation-route verification.",Disaster Prevention and Mitigation; Disaster Preparedness
Barangay 425,425,2087,1792.0,367.80994159033713,-14.13512218495448,3.038540596,3.0,3,4,66.89038738850314,88.5703254930355,21.679938104532354,10562.642465655048,1198.6757420019765,1587.180232835196,388.5044908332195,0.47453106023511077,0.09286707286105046,0.28035361718651347,0.17728080074345548,22.146639597714795,Medium,329,Medium,0.880154985986248,Gradient Boosting,True,"Periodic drainage/waterway clearing, more frequent early-warning checks, community drills, relief-stock review, and evacuation-route verification.",Disaster Prevention and Mitigation; Disaster Preparedness
Barangay 77,77,1372,1346.0,1050.2867893722855,-1.8950437317784257,2.027079304,2.0,2,3,31.46689392633992,91.00442456559406,59.53753063925414,7630.060384586107,423.54439224853536,1224.919554652896,801.3751624043607,0.504086221924785,0.0775820179690879,0.3800849048828776,0.1772729353019937,22.145620926922888,Medium,330,Medium,0.9839154828752937,Gradient Boosting,True,"Periodic drainage/waterway clearing, more frequent early-warning checks, community drills, relief-stock review, and evacuation-route verification.",Disaster Prevention and Mitigation; Disaster Preparedness
Barangay 902,902,1328,1337.0,1125.9662422553793,0.677710843373494,1.669473684,2.0,1,2,92.98227173593968,100.0,7.017728264060324,833.3023084470515,1243.1729731095136,1337.0,93.82702689048642,0.5056659968182381,0.07547758219197762,0.40065981716733656,0.1771862328128317,22.134391894995794,Medium,331,Medium,0.991257013302776,Gradient Boosting,True,"Periodic drainage/waterway clearing, more frequent early-warning checks, community drills, relief-stock review, and evacuation-route verification.",Disaster Prevention and Mitigation; Disaster Preparedness
Barangay 495,495,1906,1443.0,384.6480244443299,-24.29171038824764,2.003989362,2.0,2,3,82.20392782182974,97.84726218222202,15.643334360392288,5868.568157773829,1186.202678469003,1411.9359932894638,225.7333148204607,0.5089841444963619,0.08120057857417513,0.3147633396826602,0.17716463682079336,22.13159495010483,Medium,332,Medium,0.9740683873536106,Gradient Boosting,True,"Periodic drainage/waterway clearing, more frequent early-warning checks, community drills, relief-stock review, and evacuation-route verification.",Disaster Prevention and Mitigation; Disaster Preparedness
Barangay 846,846,1848,1996.0,1436.7196450251593,8.008658008658008,1.0,1.0,1,1,74.76390975769773,82.53415350078096,7.770243743083228,1079.5012488969296,1492.2876387636468,1647.381703875588,155.0940651119413,0.4192226543414685,0.09346490714493004,0.4545068903306433,0.1771000669247346,22.123232359464346,Medium,333,Medium,0.8502348437486111,Gradient Boosting,True,"Periodic drainage/waterway clearing, more frequent early-warning checks, community drills, relief-stock review, and evacuation-route verification.",Disaster Prevention and Mitigation; Disaster Preparedness
Barangay 859,859,1355,1377.0,400.48359043028535,1.6236162361623614,1.0,1.0,1,1,91.87554118467942,99.36701672771414,7.491475543034724,2575.8263432655076,1265.1262021130356,1368.2838203406238,103.15761822758827,0.5058758941372751,0.07732773948213557,0.3647580557328763,0.17654409279310104,22.05122691492532,Medium,334,Medium,0.9912621600629232,Gradient Boosting,True,"Periodic drainage/waterway clearing, more frequent early-warning checks, community drills, relief-stock review, and evacuation-route verification.",Disaster Prevention and Mitigation; Disaster Preparedness
Barangay 327,327,1239,1242.0,406.7695924957503,0.24213075060532688,2.0,2.0,2,2,19.38186857676009,90.53798884169905,71.15612026493895,21726.280184027637,240.72280772336035,1124.4818214139023,883.7590136905419,0.5337005444724443,0.07296604178226539,0.32817635835139103,0.1765327122414587,22.049752994407292,Medium,335,Medium,0.9745163443279221,Gradient Boosting,True,"Periodic drainage/waterway clearing, more frequent early-warning checks, community drills, relief-stock review, and evacuation-route verification.",Disaster Prevention and Mitigation; Disaster Preparedness
Barangay 718,718,1155,1196.0,1427.1416101869004,3.54978354978355,2.0,2.0,2,2,64.0406596055253,98.43429932776084,34.393639722235534,2882.3203537879226,765.9262888820826,1177.2742199600198,411.3479310779371,0.5178079709036109,0.07033493136364798,0.4151648477920293,0.17650953646038947,22.046751447530415,Medium,336,Medium,0.993044885778765,Gradient Boosting,True,"Periodic drainage/waterway clearing, more frequent early-warning checks, community drills, relief-stock review, and evacuation-route verification.",Disaster Prevention and Mitigation; Disaster Preparedness
Barangay 251,251,1181,1339.0,1392.4808729881643,13.378492802709568,2.0,2.0,2,2,31.449142935943613,89.91114630099585,58.46200336505224,5621.6659075410025,421.10402391228496,1203.9102489703344,782.8062250580494,0.49441415918608805,0.07619450816249877,0.4168352992285799,0.1764858814808388,22.043687838593968,Medium,337,Medium,0.9915779181515129,Gradient Boosting,True,"Periodic drainage/waterway clearing, more frequent early-warning checks, community drills, relief-stock review, and evacuation-route verification.",Disaster Prevention and Mitigation; Disaster Preparedness
Barangay 468,468,1300,1364.0,1018.8891363280443,4.923076923076923,2.0,2.0,2,2,96.26506914790976,100.0,3.734930852090244,500.00000005995753,1313.055543177489,1364.0,50.94445682251103,0.503115790322579,0.07647407559918742,0.38161531967069706,0.17634358368064668,22.025258534464918,Medium,338,Medium,0.9912017974288495,Gradient Boosting,True,"Periodic drainage/waterway clearing, more frequent early-warning checks, community drills, relief-stock review, and evacuation-route verification.",Disaster Prevention and Mitigation; Disaster Preparedness
Barangay 604,604,1477,1581.0,790.4100578773804,7.0412999322951935,1.642857143,2.0,1,3,76.73453531702785,92.1521599907478,15.417624673719956,3083.875814360228,1213.1730033622102,1456.9256494537228,243.7526460915126,0.47543246983962273,0.08391553815604702,0.3764905763710633,0.17628662239538767,22.01788135190691,Medium,339,Medium,0.9229352263833337,Gradient Boosting,True,"Periodic drainage/waterway clearing, more frequent early-warning checks, community drills, relief-stock review, and evacuation-route verification.",Disaster Prevention and Mitigation; Disaster Preparedness
Barangay 381,381,1591,1473.0,494.5063218819894,-7.416719044626022,2.69488684,3.0,2,3,98.32143135874152,100.0,1.6785686412584795,499.99999983089947,1448.2746839142626,1473.0,24.725316085737404,0.5018888153248799,0.08222827995797415,0.3066209766446892,0.17609719171446706,21.993347763718297,Medium,340,Medium,0.9820405224402581,Gradient Boosting,True,"Periodic drainage/waterway clearing, more frequent early-warning checks, community drills, relief-stock review, and evacuation-route verification.",Disaster Prevention and Mitigation; Disaster Preparedness
Barangay 337,337,1386,1203.0,416.95934376368365,-13.203463203463203,2.0,2.0,2,2,39.32871917078693,95.19848598313796,55.869766812351024,16119.396406511774,473.12449162456676,1145.2377863771496,672.1132947525829,0.5379325611765146,0.07162620038413282,0.322773771351275,0.1760332835118726,21.98507087046792,Medium,341,Medium,0.996307338248681,Gradient Boosting,True,"Periodic drainage/waterway clearing, more frequent early-warning checks, community drills, relief-stock review, and evacuation-route verification.",Disaster Prevention and Mitigation; Disaster Preparedness
Barangay 7,7,1560,1566.0,355.57999593139516,0.38461538461538464,2.520951302,3.0,0,3,45.85541287341737,87.54759032469757,41.692177451280195,18361.536260690453,718.0957655977161,1370.995264484764,652.8994988870479,0.49519742302778885,0.08395770181651473,0.30495919252393966,0.1760071207507551,21.981682473171272,Medium,342,High,0.6951789152078364,Gradient Boosting,True,"Periodic drainage/waterway clearing, more frequent early-warning checks, community drills, relief-stock review, and evacuation-route verification.",Disaster Prevention and Mitigation; Disaster Preparedness
Barangay 270,270,918,954.0,257.3767993001573,3.9215686274509802,1.882985878,2.0,1,2,34.95674076142609,99.95181618534492,64.99507542391883,24091.255359076444,333.4873068640049,953.5403264081906,620.0530195441856,0.5812902474225993,0.06034929591090085,0.32164459746931556,0.1758780467596516,21.96496581392576,Medium,343,Medium,0.9273487749341134,Gradient Boosting,True,"Periodic drainage/waterway clearing, more frequent early-warning checks, community drills, relief-stock review, and evacuation-route verification.",Disaster Prevention and Mitigation; Disaster Preparedness
Barangay 489,489,1142,1224.0,541.2051694043589,7.180385288966725,2.0,2.0,2,2,71.66521408609158,100.0,28.33478591390842,6408.249573224526,877.1822204137609,1224.0,346.8177795862391,0.5282781498628869,0.07217355439987556,0.34266266670038165,0.17572795052166953,21.945526516799152,Medium,344,Medium,0.9958900192494584,Gradient Boosting,True,"Periodic drainage/waterway clearing, more frequent early-warning checks, community drills, relief-stock review, and evacuation-route verification.",Disaster Prevention and Mitigation; Disaster Preparedness
Barangay 746,746,1663,1494.0,435.3226091896035,-10.16235718580878,4.0,4.0,4,4,90.25343663428409,99.41723880967112,9.163802175387033,3144.95966003578,1348.3863433162044,1485.2935478164866,136.9072045002822,0.5081347738050119,0.08423426984191247,0.25279585485577266,0.17570288398314338,21.942280093724886,Medium,345,Medium,0.9413442471334584,Gradient Boosting,True,"Periodic drainage/waterway clearing, more frequent early-warning checks, community drills, relief-stock review, and evacuation-route verification.",Disaster Prevention and Mitigation; Disaster Preparedness
Barangay 289,289,1017,1352.0,303.74610289208266,32.94001966568339,1.0,1.0,1,1,96.20959554751887,100.0,3.790404452481127,1687.1415866610114,1300.7537318024551,1352.0,51.24626819754485,0.5052554949626555,0.07581012251527347,0.37122769191853117,0.17565988443455013,21.93671112668979,Medium,346,Medium,0.9918663552315999,Gradient Boosting,True,"Periodic drainage/waterway clearing, more frequent early-warning checks, community drills, relief-stock review, and evacuation-route verification.",Disaster Prevention and Mitigation; Disaster Preparedness
Barangay 815,815,1374,1470.0,508.15781151178635,6.986899563318777,3.392241379,3.0,2,4,90.49282838929228,98.90457359411892,8.41174520482663,2433.3514453527932,1330.2445773225966,1453.8972318335482,123.6526545109516,0.5038599537810396,0.08233160797940758,0.2890365900115937,0.1755412528903112,21.921346891929122,Medium,347,Medium,0.9586870804613444,Gradient Boosting,True,"Periodic drainage/waterway clearing, more frequent early-warning checks, community drills, relief-stock review, and evacuation-route verification.",Disaster Prevention and Mitigation; Disaster Preparedness
Barangay 286,286,4710,4216.0,917.1328513203182,-10.488322717622081,0.950381679,1.0,0,6,35.21232864322978,51.93911708766185,16.726788444432067,7689.1957343152335,1484.5517755985677,2189.7531764158234,705.2014008172557,0.28332062425478155,0.13011822290780492,0.4041980241163962,0.17546218454985943,21.911106575556012,Medium,348,High,0.9582969732175673,Gradient Boosting,True,"Periodic drainage/waterway clearing, more frequent early-warning checks, community drills, relief-stock review, and evacuation-route verification.",Disaster Prevention and Mitigation; Disaster Preparedness
Barangay 650,650,5202,4889.0,461.71237368154493,-6.016916570549789,1.041981132,1.0,0,2,30.111880177383348,46.46241001001306,16.35052983262971,17313.319916971042,1472.169821872272,2271.5472253895387,799.3774035172667,0.27279077494584675,0.13577802366837136,0.36479975518808594,0.17540259353151283,21.903388810425515,Medium,349,High,0.9789736161833875,Gradient Boosting,True,"Periodic drainage/waterway clearing, more frequent early-warning checks, community drills, relief-stock review, and evacuation-route verification.",Disaster Prevention and Mitigation; Disaster Preparedness
Barangay 809,809,1189,1479.0,755.1524037604314,24.390243902439025,3.895939086,4.0,3,4,100.0,100.0,0.0,0.0,1479.0,1479.0,0.0,0.5000000000017545,0.08227062794582075,0.2994506321835177,0.17535136986308772,21.896754719366218,Medium,350,Medium,0.9554568660820252,Gradient Boosting,True,"Periodic drainage/waterway clearing, more frequent early-warning checks, community drills, relief-stock review, and evacuation-route verification.",Disaster Prevention and Mitigation; Disaster Preparedness
Barangay 231,231,1888,1389.0,571.6347601874683,-26.43008474576271,1.774226804,2.0,1,2,72.03126107611965,95.99594446731729,23.96468339119764,5823.114259086873,1000.5142163473018,1333.3836686510372,332.86945230373533,0.5046120181279927,0.0780937217399875,0.337805697092797,0.1753209591524612,21.892816160694476,Medium,351,Medium,0.6844818224562005,Gradient Boosting,True,"Periodic drainage/waterway clearing, more frequent early-warning checks, community drills, relief-stock review, and evacuation-route verification.",Disaster Prevention and Mitigation; Disaster Preparedness
Barangay 136,136,1197,1302.0,453.2357068438141,8.771929824561402,1.648389904,2.0,0,2,87.10983103335847,100.0,12.890168966641525,3702.9297871164235,1134.1700000543274,1302.0,167.82999994567263,0.514262129217167,0.07440286017937638,0.3488578847177261,0.17505278853681547,21.85808478868776,Medium,352,Medium,0.9925290283811822,Gradient Boosting,True,"Periodic drainage/waterway clearing, more frequent early-warning checks, community drills, relief-stock review, and evacuation-route verification.",Disaster Prevention and Mitigation; Disaster Preparedness
Barangay 617,617,921,1300.0,415.7997836095653,41.15092290988056,1.67571885,2.0,1,2,89.6974727628051,100.0,10.302527237194894,3221.0900381154643,1166.0671459164664,1300.0,133.93285408353358,0.5118631205928095,0.07389210423713004,0.35979147934929284,0.17483749973171772,21.830202257409205,Medium,353,Medium,0.9948938423402998,Gradient Boosting,True,"Periodic drainage/waterway clearing, more frequent early-warning checks, community drills, relief-stock review, and evacuation-route verification.",Disaster Prevention and Mitigation; Disaster Preparedness
Barangay 681,681,1094,1453.0,414.59263778272754,32.81535648994516,3.0,3.0,3,3,99.71466439246292,99.99999999999996,0.2853356075370357,99.999999992433,1448.8540736224863,1452.9999999999993,4.145926377512978,0.5003477038219009,0.080873218889091,0.30752169106859245,0.17483626834594126,21.830042777902538,Medium,354,Medium,0.9835624923267547,Gradient Boosting,True,"Periodic drainage/waterway clearing, more frequent early-warning checks, community drills, relief-stock review, and evacuation-route verification.",Disaster Prevention and Mitigation; Disaster Preparedness
Barangay 263,263,1306,1317.0,871.1303946332206,0.8422664624808576,1.0,1.0,1,1,99.99999999999996,99.99999999999996,0.0,0.0,1316.9999999999993,1316.9999999999993,0.0,0.5000000000017543,0.07325924070637957,0.4038081202412815,0.1746123047437531,21.801036754387134,Medium,355,Medium,0.996850515752155,Gradient Boosting,True,"Periodic drainage/waterway clearing, more frequent early-warning checks, community drills, relief-stock review, and evacuation-route verification.",Disaster Prevention and Mitigation; Disaster Preparedness
Barangay 500,500,2562,1404.0,350.33695081048313,-45.19906323185012,2.0,2.0,2,2,92.568350261986,99.69806968445326,7.129719422467261,2857.285263797101,1299.6596376782834,1399.7608983697237,100.1012606914403,0.5078147630997245,0.07904265706104391,0.30230779410917696,0.17460382598981464,21.799938652134276,Medium,356,Medium,0.9702490940239004,Gradient Boosting,True,"Periodic drainage/waterway clearing, more frequent early-warning checks, community drills, relief-stock review, and evacuation-route verification.",Disaster Prevention and Mitigation; Disaster Preparedness
Barangay 404,404,723,1268.0,179.5157798860474,75.38035961272476,2.0,2.0,2,2,79.47177596003598,97.87639061622008,18.404614656184094,12999.999999362335,1007.7021191732563,1241.0726330136706,233.37051384041433,0.5234322268399649,0.07178616974562223,0.3441053457602481,0.17458617874950205,21.797653118849013,Medium,357,Medium,0.9982913669811097,Gradient Boosting,True,"Periodic drainage/waterway clearing, more frequent early-warning checks, community drills, relief-stock review, and evacuation-route verification.",Disaster Prevention and Mitigation; Disaster Preparedness
Barangay 214,214,1577,1323.0,828.5174349065159,-16.106531388712746,1.291798107,1.0,1,2,96.86879276250905,99.99999999999996,3.131207237490912,500.0000000806158,1281.5741282479946,1322.9999999999993,41.425871752004696,0.5027555649807537,0.07408123193187292,0.38171317664579335,0.17448630851671387,21.784718703200934,Medium,358,Medium,0.9975248675414627,Gradient Boosting,True,"Periodic drainage/waterway clearing, more frequent early-warning checks, community drills, relief-stock review, and evacuation-route verification.",Disaster Prevention and Mitigation; Disaster Preparedness
Barangay 465,465,762,1292.0,996.6750769635088,69.5538057742782,2.0,2.0,2,2,100.0,100.0,0.0,0.0,1292.0,1292.0,0.0,0.5000000000017545,0.0718685945274535,0.40982616468978,0.1739168818559481,21.710970991737558,Medium,359,Medium,0.9970384474241825,Gradient Boosting,True,"Periodic drainage/waterway clearing, more frequent early-warning checks, community drills, relief-stock review, and evacuation-route verification.",Disaster Prevention and Mitigation; Disaster Preparedness
Barangay 519,519,1311,1385.0,634.2319717160941,5.644546147978642,3.0,3.0,3,3,92.55970620924629,99.6570385102986,7.097332301052319,1549.8753887099338,1281.951930998061,1380.2499833676357,98.29805236957463,0.5052702593195928,0.0779360936716378,0.31327312994898443,0.17391574736093188,21.71082406076843,Medium,360,Medium,0.9843330710630291,Gradient Boosting,True,"Periodic drainage/waterway clearing, more frequent early-warning checks, community drills, relief-stock review, and evacuation-route verification.",Disaster Prevention and Mitigation; Disaster Preparedness
Barangay 528,528,1433,1510.0,666.0316259319306,5.373342637822749,3.099667774,3.0,3,4,87.53829091289961,96.0237156684745,8.485424755574883,1923.7812263028463,1321.828192784784,1449.9581065939649,128.12991380918083,0.4885953847892218,0.08216525878661614,0.312175540635582,0.1738063561965041,21.696656568118872,Medium,361,Medium,0.9893641035710892,Gradient Boosting,True,"Periodic drainage/waterway clearing, more frequent early-warning checks, community drills, relief-stock review, and evacuation-route verification.",Disaster Prevention and Mitigation; Disaster Preparedness
Barangay 872,872,1864,1950.0,809.8576365333554,4.6137339055794,1.199790795,1.0,1,2,79.8692864682335,84.09767240722363,4.2283859389901295,1018.1237058312508,1557.4510861305532,1639.9046119408606,82.45352581030738,0.42481800374694406,0.0921928622761345,0.39314626004603404,0.17368905318511235,21.681464394597754,Medium,362,Medium,0.9582180366550423,Gradient Boosting,True,"Periodic drainage/waterway clearing, more frequent early-warning checks, community drills, relief-stock review, and evacuation-route verification.",Disaster Prevention and Mitigation; Disaster Preparedness
Barangay 473,473,1383,1395.0,798.9449252152176,0.8676789587852495,2.842180775,3.0,2,3,100.0,100.0,0.0,0.0,1395.0,1395.0,0.0,0.5000000000017545,0.07759805678462904,0.33059913768974486,0.17364461377080145,21.675708947355794,Medium,363,Medium,0.9849564633360758,Gradient Boosting,True,"Periodic drainage/waterway clearing, more frequent early-warning checks, community drills, relief-stock review, and evacuation-route verification.",Disaster Prevention and Mitigation; Disaster Preparedness
Barangay 845,845,1309,1527.0,875.9839178037289,16.653934300993125,1.0,1.0,1,1,83.79286900144358,92.03655569559544,8.243686694151862,1437.025192600664,1279.5171096520435,1405.3982054717424,125.88109581969888,0.4676515887136753,0.079660072467078,0.4115713610319964,0.1736185256055049,21.672330211129584,Medium,364,Medium,0.983390499959941,Gradient Boosting,True,"Periodic drainage/waterway clearing, more frequent early-warning checks, community drills, relief-stock review, and evacuation-route verification.",Disaster Prevention and Mitigation; Disaster Preparedness
Barangay 769,769,1997,2317.0,682.1342140213172,16.024036054081122,2.687958884,3.0,2,4,68.43395003564717,77.80994623862563,9.375996202978456,3184.7373663069448,1585.614622325945,1802.8564543489558,217.24183202301083,0.40029550760056315,0.10284578165749216,0.33349264327335953,0.17350572611305698,21.65772129834865,Medium,365,Medium,0.928669354111395,Gradient Boosting,True,"Periodic drainage/waterway clearing, more frequent early-warning checks, community drills, relief-stock review, and evacuation-route verification.",Disaster Prevention and Mitigation; Disaster Preparedness
Barangay 892,892,1144,1294.0,456.8764371316351,13.111888111888112,1.430079156,1.0,1,2,92.647028335931,99.99999999998695,7.352971664055957,2082.564247135164,1198.852546666947,1293.9999999998313,95.1474533328842,0.5080828661659726,0.07310123301759694,0.3591428257073824,0.1734782964248137,21.65416881850625,Medium,366,Medium,0.9977604444682637,Gradient Boosting,True,"Periodic drainage/waterway clearing, more frequent early-warning checks, community drills, relief-stock review, and evacuation-route verification.",Disaster Prevention and Mitigation; Disaster Preparedness
Barangay 873,873,1248,1335.0,327.250436246212,6.971153846153847,2.0,2.0,2,2,92.89118902485096,100.0,7.108810975149041,2900.0000002089655,1240.0973734817603,1335.0,94.90262651823969,0.5093877372824832,0.07537900727647284,0.3246479994188988,0.17344892539319307,21.65036491097156,Medium,367,Medium,0.9913614980097378,Gradient Boosting,True,"Periodic drainage/waterway clearing, more frequent early-warning checks, community drills, relief-stock review, and evacuation-route verification.",Disaster Prevention and Mitigation; Disaster Preparedness
Barangay 366,366,1193,1256.0,560.6321186359456,5.2808046940486175,2.0,2.0,2,2,83.25894376327057,99.85287984532864,16.59393608205808,3717.5864575463165,1045.7323336666782,1254.1521708573277,208.41983719064956,0.5157624733543246,0.07221966697384548,0.34340571801716946,0.17339158017987505,21.642938005037976,Medium,368,Medium,0.9972196062954463,Gradient Boosting,True,"Periodic drainage/waterway clearing, more frequent early-warning checks, community drills, relief-stock review, and evacuation-route verification.",Disaster Prevention and Mitigation; Disaster Preparedness
Barangay 642,642,1279,1355.0,241.81274243411858,5.942142298670837,1.0,1.0,1,1,99.20882153169823,99.82154041154853,0.6127188798502914,343.3376065462362,1344.279531754511,1352.5818725764825,8.302340821971484,0.5000825536669065,0.0753363620606197,0.3534797111249166,0.17328418729449424,21.629029313945725,Medium,369,Medium,0.987360638021648,Gradient Boosting,True,"Periodic drainage/waterway clearing, more frequent early-warning checks, community drills, relief-stock review, and evacuation-route verification.",Disaster Prevention and Mitigation; Disaster Preparedness
Barangay 785,785,932,1081.0,750.5261380859671,15.987124463519315,0.79137931,1.0,0,2,41.86388396541942,95.83426750375844,53.97038353833902,7773.478050175762,452.5485856661839,1035.9684317156286,583.4198460494447,0.525168169795816,0.06450267863499921,0.4083622613728204,0.1731656375205473,21.61367566943718,Medium,370,Medium,0.9954497449489494,Gradient Boosting,True,"Periodic drainage/waterway clearing, more frequent early-warning checks, community drills, relief-stock review, and evacuation-route verification.",Disaster Prevention and Mitigation; Disaster Preparedness
Barangay 423,423,1307,1369.0,478.3028139287524,4.743687834736036,2.278116827,2.0,2,3,97.8716039482101,100.0,2.128396051789906,609.1902681832034,1339.8622580509962,1369.0,29.13774194900384,0.5023509752016027,0.07649519572686528,0.3261196429429741,0.17301323229746118,21.593937330521765,Medium,371,Medium,0.9725496891582451,Gradient Boosting,True,"Periodic drainage/waterway clearing, more frequent early-warning checks, community drills, relief-stock review, and evacuation-route verification.",Disaster Prevention and Mitigation; Disaster Preparedness
Barangay 449,449,1402,1360.0,820.6836939100268,-2.9957203994293864,3.0,3.0,3,3,96.89211342730916,100.0,3.1078865726908447,515.0249444730562,1317.7327426114045,1360.0,42.26725738859545,0.5027683122252131,0.07614930466130589,0.32486713983761584,0.17276228096462498,21.56143606607365,Medium,372,Medium,0.9882114440734189,Gradient Boosting,True,"Periodic drainage/waterway clearing, more frequent early-warning checks, community drills, relief-stock review, and evacuation-route verification.",Disaster Prevention and Mitigation; Disaster Preparedness
Barangay 346,346,1511,1501.0,509.7013618028627,-0.6618133686300464,2.0,2.0,2,2,62.42274975028457,90.28944744420149,27.86669769391692,8206.356971584286,936.9654737517714,1355.2446061374644,418.27913238569306,0.48263686704716263,0.08031637446596822,0.3363756408377829,0.1726663129629839,21.549007037047815,Medium,373,Medium,0.9412191204447066,Gradient Boosting,True,"Periodic drainage/waterway clearing, more frequent early-warning checks, community drills, relief-stock review, and evacuation-route verification.",Disaster Prevention and Mitigation; Disaster Preparedness
Barangay 511,511,1338,1129.0,520.8879459335067,-15.6203288490284,2.0,2.0,2,2,48.72742020317767,97.23177353831824,48.504353335140564,10513.089301237964,550.132574093876,1097.7467232476129,547.6141491537369,0.5337557611546918,0.06751715042999133,0.3303526060057448,0.17258483779944908,21.538455007671956,Medium,374,Medium,0.9959223466927367,Gradient Boosting,True,"Periodic drainage/waterway clearing, more frequent early-warning checks, community drills, relief-stock review, and evacuation-route verification.",Disaster Prevention and Mitigation; Disaster Preparedness
Barangay 820,820,1417,1362.0,301.6835915561825,-3.8814396612561755,1.632686981,2.0,1,2,100.0,100.0,0.0,0.0,1362.0,1362.0,0.0,0.5000000000017545,0.0757624038284466,0.3308516841125453,0.1722833432748842,21.49940778221276,Medium,375,Medium,0.9857754728062759,Gradient Boosting,True,"Periodic drainage/waterway clearing, more frequent early-warning checks, community drills, relief-stock review, and evacuation-route verification.",Disaster Prevention and Mitigation; Disaster Preparedness
Barangay 517,517,1029,1355.0,563.9988495185103,31.68124392614188,2.680208333,3.0,2,3,99.12263841985076,99.9734533630954,0.850814943244643,204.40719853961855,1343.1117505889779,1354.6402930699426,11.528542480964688,0.5007376492022907,0.07548888674204897,0.33116712482605776,0.17223878520512478,21.493636967640146,Medium,376,Medium,0.9919581371597203,Gradient Boosting,True,"Periodic drainage/waterway clearing, more frequent early-warning checks, community drills, relief-stock review, and evacuation-route verification.",Disaster Prevention and Mitigation; Disaster Preparedness
Barangay 637,637,1295,1320.0,422.4132157374554,1.9305019305019304,1.975239617,2.0,1,2,94.2215087085212,99.7189555222582,5.497446813737,1717.8983809642705,1243.7239149524798,1316.2902128938083,72.56629794132846,0.5049233964962782,0.07407500850073456,0.33117486434739,0.17198678451525953,21.460999798632706,Medium,377,Medium,0.9971192229078685,Gradient Boosting,True,"Periodic drainage/waterway clearing, more frequent early-warning checks, community drills, relief-stock review, and evacuation-route verification.",Disaster Prevention and Mitigation; Disaster Preparedness
Barangay 306,306,1248,1273.0,125.66941090064749,2.003205128205128,1.136329958,1.0,0,2,94.57406884093116,99.94134279695928,5.367273956028114,5436.915552524995,1203.9278963450536,1272.2532938052916,68.32539746023804,0.512557128176156,0.07157543525716213,0.33694945187434766,0.171918418731128,21.45214559409771,Medium,378,Medium,0.9991451556917604,Gradient Boosting,True,"Periodic drainage/waterway clearing, more frequent early-warning checks, community drills, relief-stock review, and evacuation-route verification.",Disaster Prevention and Mitigation; Disaster Preparedness
Barangay 504,504,1312,1361.0,619.3082304167779,3.7347560975609753,2.961363636,3.0,2,3,98.1798435547573,100.0,1.8201564452427021,400.00000004976755,1336.2276707802469,1361.0,24.772329219753146,0.5017958450092235,0.07599873916276238,0.31254367224253393,0.1717515783143102,21.430537721183292,Medium,379,Medium,0.9930945387511722,Gradient Boosting,True,"Periodic drainage/waterway clearing, more frequent early-warning checks, community drills, relief-stock review, and evacuation-route verification.",Disaster Prevention and Mitigation; Disaster Preparedness
Barangay 345,345,1149,1332.0,450.85192909733416,15.926892950391643,2.0,2.0,2,2,46.51228855862493,90.48683402755483,43.974545468929904,12991.869566109614,619.543683600884,1205.2846292470304,585.7409456461463,0.501726893519342,0.07394839152547496,0.33916571089389275,0.17173598982988186,21.42851882194484,Medium,380,Medium,0.9897972959372818,Gradient Boosting,True,"Periodic drainage/waterway clearing, more frequent early-warning checks, community drills, relief-stock review, and evacuation-route verification.",Disaster Prevention and Mitigation; Disaster Preparedness
Barangay 795,795,1157,1214.0,1972.778936458092,4.926534140017287,3.226720648,3.0,3,4,97.64050243858424,100.0,2.3594975614157647,145.1977201612617,1185.3556996044126,1214.0,28.64430039558738,0.5016655036423555,0.06786737382474468,0.41676621101941375,0.1716391762383096,21.415980278689066,Medium,381,Medium,0.9953347521193895,Gradient Boosting,True,"Periodic drainage/waterway clearing, more frequent early-warning checks, community drills, relief-stock review, and evacuation-route verification.",Disaster Prevention and Mitigation; Disaster Preparedness
Barangay 229,229,1545,1825.0,970.6823044220216,18.12297734627832,2.0,2.0,2,2,41.69044066770512,79.22337501922865,37.53293435152354,7056.645091754953,760.8505421856185,1445.826594100923,684.9760519153047,0.4310338981858461,0.08849830506462253,0.3837199082000713,0.17157544395066635,21.4077261685747,Medium,382,Medium,0.9732591594891762,Gradient Boosting,True,"Periodic drainage/waterway clearing, more frequent early-warning checks, community drills, relief-stock review, and evacuation-route verification.",Disaster Prevention and Mitigation; Disaster Preparedness
Barangay 178,178,1519,1324.0,579.783811933626,-12.837393021724818,1.867986799,2.0,0,2,99.46038160981968,100.0,0.5396183901803226,123.22778489036864,1316.8554525140125,1324.0,7.144547485987459,0.5005406455332028,0.07373282568958162,0.3413934907732546,0.17147404969295088,21.394594373073613,Medium,383,Medium,0.9974818229427335,Gradient Boosting,True,"Periodic drainage/waterway clearing, more frequent early-warning checks, community drills, relief-stock review, and evacuation-route verification.",Disaster Prevention and Mitigation; Disaster Preparedness
Barangay 712,712,1068,1225.0,932.9606008231686,14.700374531835205,2.0,2.0,2,2,38.604955670921335,91.49487781197357,52.88992214105223,6944.575640774479,472.91070696878637,1120.8122531966762,647.9015462278899,0.5013556367123375,0.06998215510705463,0.37896850594318643,0.17098585236116637,21.331366852407093,Medium,384,Medium,0.9964909513344311,Gradient Boosting,True,"Periodic drainage/waterway clearing, more frequent early-warning checks, community drills, relief-stock review, and evacuation-route verification.",Disaster Prevention and Mitigation; Disaster Preparedness
Barangay 882,882,1298,1312.0,586.6585880593931,1.078582434514638,2.0,2.0,2,2,100.0,100.0,0.0,0.0,1312.0,1312.0,0.0,0.5000000000017545,0.07298111147059438,0.34363007227579057,0.17093528240825656,21.324817425496008,Medium,385,Medium,0.9966164302501661,Gradient Boosting,True,"Periodic drainage/waterway clearing, more frequent early-warning checks, community drills, relief-stock review, and evacuation-route verification.",Disaster Prevention and Mitigation; Disaster Preparedness
Barangay 250,250,1182,1232.0,351.07883745290377,4.230118443316413,1.0,1.0,1,1,93.50329535553875,100.0,6.496704644461246,2279.812756600564,1151.9605987802374,1232.0,80.03940121976257,0.5079219762809338,0.06947437034031796,0.36183347205903393,0.17088400841523033,21.318176816785854,Medium,386,Medium,0.9994968698398529,Gradient Boosting,True,"Periodic drainage/waterway clearing, more frequent early-warning checks, community drills, relief-stock review, and evacuation-route verification.",Disaster Prevention and Mitigation; Disaster Preparedness
Barangay 130,130,1758,1398.0,420.66239362919384,-20.477815699658702,2.472138554,3.0,0,3,91.08973166417816,97.65636006645096,6.566628402272798,2182.307390774149,1273.4344486652108,1365.2359137289843,91.80146506377355,0.496072473099262,0.07702435599067553,0.30248260441663916,0.17083657406136352,21.31203348827061,Medium,387,Medium,0.9935078092224678,Gradient Boosting,True,"Periodic drainage/waterway clearing, more frequent early-warning checks, community drills, relief-stock review, and evacuation-route verification.",Disaster Prevention and Mitigation; Disaster Preparedness
Barangay 176,176,1278,1312.0,296.18539568018383,2.660406885758998,1.691873589,2.0,0,3,100.0,100.0,0.0,0.0,1312.0,1312.0,0.0,0.5000000000017545,0.07298111147059438,0.33127675065905143,0.170223257265519,21.23260146793852,Medium,388,Medium,0.9952973083743908,Gradient Boosting,True,"Periodic drainage/waterway clearing, more frequent early-warning checks, community drills, relief-stock review, and evacuation-route verification.",Disaster Prevention and Mitigation; Disaster Preparedness
Barangay 395,395,1222,1228.0,126.24637400905642,0.4909983633387889,2.0,2.0,2,2,90.26308534936312,99.79296375387648,9.529878404513354,9269.724198100841,1108.4306880901793,1225.457594897603,117.02690680742376,0.52110033599516,0.06954637005674102,0.304800156022159,0.17019223033020547,21.228583100639,Medium,389,Medium,0.9983075219315402,Gradient Boosting,True,"Periodic drainage/waterway clearing, more frequent early-warning checks, community drills, relief-stock review, and evacuation-route verification.",Disaster Prevention and Mitigation; Disaster Preparedness
Barangay 84,84,1141,1176.0,807.2239925462629,3.067484662576687,2.348275862,2.0,2,3,14.229444007295964,88.9714278225802,74.74198381528423,10888.746342823402,167.33826152580053,1046.3039911935432,878.9657296677426,0.508775918387547,0.0685608411642824,0.3503263816926061,0.16970075643037535,21.164931224368033,Medium,390,Medium,0.9822149460776971,Gradient Boosting,True,"Periodic drainage/waterway clearing, more frequent early-warning checks, community drills, relief-stock review, and evacuation-route verification.",Disaster Prevention and Mitigation; Disaster Preparedness
Barangay 678,678,1294,1335.0,218.18022001159042,3.1684698608964452,2.986938776,3.0,2,4,96.40452071928448,100.0,3.595479280715523,2199.9999997709456,1287.0003516024478,1335.0,47.999648397552164,0.5060492653478802,0.07482621917224437,0.2777557256105276,0.1696879615101791,21.16327412583745,Medium,391,Medium,0.9876986431071154,Gradient Boosting,True,"Periodic drainage/waterway clearing, more frequent early-warning checks, community drills, relief-stock review, and evacuation-route verification.",Disaster Prevention and Mitigation; Disaster Preparedness
Barangay 477,477,1045,1082.0,474.13835173394097,3.5406698564593304,2.0,2.0,2,2,70.15290530428044,100.0,29.847094695719562,6811.209500911751,759.0544353923143,1082.0,322.9455646076857,0.5298955630502895,0.06399333146904165,0.33535278476598146,0.16948745432446163,21.13730599491302,Medium,392,Medium,0.9958184883703552,Gradient Boosting,True,"Periodic drainage/waterway clearing, more frequent early-warning checks, community drills, relief-stock review, and evacuation-route verification.",Disaster Prevention and Mitigation; Disaster Preparedness
Barangay 151,151,1639,1725.0,328.8660076793284,5.247101891397193,0.86952381,1.0,0,1,59.84560306999991,82.1793937857808,22.333790715780893,11714.737335300368,1032.3366529574985,1417.594542804719,385.25788984722044,0.44501095164405924,0.08339546146777149,0.3652043283398813,0.16937924100198537,21.123291047190445,Medium,393,Medium,0.9822518169969332,Gradient Boosting,True,"Periodic drainage/waterway clearing, more frequent early-warning checks, community drills, relief-stock review, and evacuation-route verification.",Disaster Prevention and Mitigation; Disaster Preparedness
Barangay 3,3,1341,1232.0,316.3796173820979,-8.128262490678598,2.581514763,3.0,1,3,71.80709753135027,96.8406057300402,25.03350819868993,9748.188696852216,884.6634415862352,1193.0762625940952,308.41282100786,0.516438181300878,0.07000076297994721,0.29550711094363574,0.1690980250101894,21.086870139546313,Medium,394,Medium,0.9968734742327519,Gradient Boosting,True,"Periodic drainage/waterway clearing, more frequent early-warning checks, community drills, relief-stock review, and evacuation-route verification.",Disaster Prevention and Mitigation; Disaster Preparedness
Barangay 131,131,1621,1258.0,489.1298867380798,-22.393584207279456,2.0,2.0,2,2,95.39203899793338,99.99999999999996,4.607961002066574,1185.1279379507396,1200.031850594002,1257.9999999999995,57.968149405997565,0.5048524759019264,0.07066051548454967,0.32454164190489015,0.16903160705910664,21.078268203195368,Medium,395,Medium,0.9992786863402449,Gradient Boosting,True,"Periodic drainage/waterway clearing, more frequent early-warning checks, community drills, relief-stock review, and evacuation-route verification.",Disaster Prevention and Mitigation; Disaster Preparedness
Barangay 42,42,2142,2196.0,1247.6651004188552,2.5210084033613445,2.0,2.0,2,2,52.89022206009078,73.55614948903536,20.665927428944585,3637.3844727024043,1161.4692764395934,1615.2930427792164,453.82376633962303,0.38656614732778677,0.09520071023345199,0.3996561933751454,0.16894145276015413,21.066592119716255,Medium,396,Medium,0.9501066897893925,Gradient Boosting,True,"Periodic drainage/waterway clearing, more frequent early-warning checks, community drills, relief-stock review, and evacuation-route verification.",Disaster Prevention and Mitigation; Disaster Preparedness
Barangay 447,447,1454,1259.0,966.0285818190471,-13.411279229711143,3.0,3.0,3,3,97.2612036826864,100.0,2.7387963173136,356.9402218933228,1224.5185543650218,1259.0,34.48144563497817,0.5022675618689914,0.07043933224681771,0.332192718877694,0.16880830133977429,21.049347383549694,Medium,397,Medium,0.9978328441391479,Gradient Boosting,True,"Periodic drainage/waterway clearing, more frequent early-warning checks, community drills, relief-stock review, and evacuation-route verification.",Disaster Prevention and Mitigation; Disaster Preparedness
Barangay 247,247,737,876.0,620.816546419035,18.860244233378562,1.0,1.0,1,1,44.802035231820746,100.0,55.197964768179254,7788.680475067062,392.46582863074974,876.0,483.53417136925026,0.5467562733561195,0.05442706868000779,0.3912292968941305,0.16878988346113566,21.046962043183328,Medium,398,Medium,0.9854864897507096,Gradient Boosting,True,"Periodic drainage/waterway clearing, more frequent early-warning checks, community drills, relief-stock review, and evacuation-route verification.",Disaster Prevention and Mitigation; Disaster Preparedness
Barangay 622,622,1197,1229.0,495.2932301116734,2.6733500417710943,1.744466801,2.0,1,3,96.78468572820869,100.0,3.215314271791314,797.8346966584977,1189.4837875996848,1229.0,39.516212400315226,0.5033342626120662,0.06882989547726195,0.34603892932988173,0.16860581970123611,21.023123536855437,Medium,399,Medium,0.9992049240852331,Gradient Boosting,True,"Periodic drainage/waterway clearing, more frequent early-warning checks, community drills, relief-stock review, and evacuation-route verification.",Disaster Prevention and Mitigation; Disaster Preparedness
Barangay 567,567,2318,2437.0,691.5486298450971,5.133735979292493,2.839007092,3.0,2,4,65.95817341943075,73.88241654412344,7.924243124692694,2792.48337158902,1607.4006862315275,1800.5144911802884,193.11380494876084,0.3790955757493378,0.10243114039303092,0.32370602010493094,0.16854227012743078,21.014893090416006,Medium,400,Medium,0.9224481064410596,Gradient Boosting,True,"Periodic drainage/waterway clearing, more frequent early-warning checks, community drills, relief-stock review, and evacuation-route verification.",Disaster Prevention and Mitigation; Disaster Preparedness
Barangay 202,202,1420,1289.0,394.27005506590865,-9.225352112676056,2.286478228,2.0,2,4,98.23672083448496,99.83661371116165,1.599892876676691,523.058216453057,1266.271331556511,1286.8939507368736,20.622619180362562,0.5010658574461456,0.07182761983028564,0.31227808556044406,0.16846922048428925,21.005432268898343,Medium,401,Medium,0.9971929142225744,Gradient Boosting,True,"Periodic drainage/waterway clearing, more frequent early-warning checks, community drills, relief-stock review, and evacuation-route verification.",Disaster Prevention and Mitigation; Disaster Preparedness
Barangay 455,455,1274,1287.0,687.9591520137308,1.0204081632653061,3.0,3.0,3,3,99.52920380692984,100.0,0.4707961930701572,88.07422631237932,1280.940852995187,1287.0,6.059147004812985,0.5004372005630208,0.07166187705527556,0.3156209312548394,0.16841642985482086,20.9985952372343,Medium,402,Medium,0.9980959451929583,Gradient Boosting,True,"Periodic drainage/waterway clearing, more frequent early-warning checks, community drills, relief-stock review, and evacuation-route verification.",Disaster Prevention and Mitigation; Disaster Preparedness
Barangay 386,386,1213,1245.0,168.24845042418642,2.6380873866446826,1.063282572,1.0,0,2,97.42103481154945,99.45944272966668,2.0384079181172297,1508.3751747238275,1212.8918834037906,1238.2700619843501,25.378178580559506,0.5011901159161661,0.06917892279539216,0.34347426245630674,0.1683060755818207,20.984303010254585,Medium,403,Medium,0.9983759007909719,Gradient Boosting,True,"Periodic drainage/waterway clearing, more frequent early-warning checks, community drills, relief-stock review, and evacuation-route verification.",Disaster Prevention and Mitigation; Disaster Preparedness
Barangay 480,480,810,1073.0,682.5574231564296,32.46913580246913,2.0,2.0,2,2,77.18657398707022,100.0,22.81342601292978,3586.3365163730014,828.2119388812634,1073.0,244.78806111873655,0.5199761678989344,0.06257155183187961,0.3662662473754499,0.16829058375947376,20.98229662993697,Medium,404,Medium,0.9969294106374701,Gradient Boosting,True,"Periodic drainage/waterway clearing, more frequent early-warning checks, community drills, relief-stock review, and evacuation-route verification.",Disaster Prevention and Mitigation; Disaster Preparedness
Barangay 405,405,999,1153.0,709.6283535699389,15.415415415415415,3.0,3.0,3,3,81.43841471005932,100.0,18.56158528994068,3015.875525778625,938.9849216069839,1153.0,214.0150783930161,0.5164269172665624,0.0666589360507755,0.32413323751510376,0.16824110717627574,20.975888807765504,Medium,405,Medium,0.9969610732487463,Gradient Boosting,True,"Periodic drainage/waterway clearing, more frequent early-warning checks, community drills, relief-stock review, and evacuation-route verification.",Disaster Prevention and Mitigation; Disaster Preparedness
Barangay 170,170,1378,1245.0,641.7507040885179,-9.65166908563135,2.0,2.0,2,2,99.99999999999996,99.99999999999996,0.0,0.0,1244.9999999999995,1244.9999999999995,0.0,0.5000000000017543,0.06925417971107241,0.3432511498960149,0.16812009650968812,20.960216447585715,Medium,406,Medium,0.9991389729754847,Gradient Boosting,True,"Periodic drainage/waterway clearing, more frequent early-warning checks, community drills, relief-stock review, and evacuation-route verification.",Disaster Prevention and Mitigation; Disaster Preparedness
Barangay 416,416,821,1099.0,385.41645080528787,33.86114494518879,2.0,2.0,2,2,80.44621021176567,100.0,19.553789788234326,5575.6870087847055,884.1038502273049,1099.0,214.89614977269514,0.5215613721076354,0.06366552441628924,0.3420302926110488,0.16801931939703718,20.94716457991254,Medium,407,Medium,0.9980252285730923,Gradient Boosting,True,"Periodic drainage/waterway clearing, more frequent early-warning checks, community drills, relief-stock review, and evacuation-route verification.",Disaster Prevention and Mitigation; Disaster Preparedness
Barangay 824,824,1302,1378.0,355.7090504236059,5.837173579109063,3.0,3.0,3,3,44.39270147161389,87.78842090830456,43.39571943669067,16811.29600513287,611.7314262788394,1209.7244401164367,597.9930138375972,0.4946671023037449,0.07433975992637365,0.29003827228822743,0.1678361528889065,20.923442278653916,Medium,408,Medium,0.9862481999553177,Gradient Boosting,True,"Periodic drainage/waterway clearing, more frequent early-warning checks, community drills, relief-stock review, and evacuation-route verification.",Disaster Prevention and Mitigation; Disaster Preparedness
Barangay 421,421,1474,1264.0,425.95258272936866,-14.246947082767978,3.042929293,3.0,3,4,93.28020190435728,100.0,6.719798095642716,1994.07754226225,1179.0617520710762,1264.0,84.93824792892383,0.5075480475222623,0.07131213417084313,0.28501062034673547,0.16776135903769482,20.913755560875412,Medium,409,Medium,0.9990357751566382,Gradient Boosting,True,"Periodic drainage/waterway clearing, more frequent early-warning checks, community drills, relief-stock review, and evacuation-route verification.",Disaster Prevention and Mitigation; Disaster Preparedness
Barangay 490,490,471,1048.0,479.69376726833144,122.50530785562633,2.0,2.0,2,2,74.1889105975526,98.62683081886306,24.43792022131045,5339.018794798532,777.4997830623513,1033.6091869816848,256.10940391933354,0.5171897808360993,0.06051383532443786,0.3911694073665432,0.16764631720533194,20.89885623767213,Medium,410,Medium,0.9981404382560998,Gradient Boosting,True,"Periodic drainage/waterway clearing, more frequent early-warning checks, community drills, relief-stock review, and evacuation-route verification.",Disaster Prevention and Mitigation; Disaster Preparedness
Barangay 309,309,1151,1162.0,191.65056194211292,0.9556907037358819,2.0,2.0,2,2,85.81587923639891,99.17534181633542,13.359462579936505,8100.0000003000605,997.1805167269554,1152.4174719058176,155.23695517886222,0.5182215366951526,0.06593378649983343,0.31049354144134383,0.16725754437474885,20.848505404965977,Medium,411,Medium,0.9975394914116054,Gradient Boosting,True,"Periodic drainage/waterway clearing, more frequent early-warning checks, community drills, relief-stock review, and evacuation-route verification.",Disaster Prevention and Mitigation; Disaster Preparedness
Barangay 476,476,1268,1213.0,363.6111438943948,-4.337539432176656,2.134182909,2.0,2,3,94.41380805687427,100.0,5.586191943125726,1863.5432221459923,1145.239491729885,1213.0,67.760508270115,0.5066400201811709,0.06827276293360873,0.31753828336863804,0.1671830618877497,20.83885901265814,Medium,412,Medium,0.9984452742433189,Gradient Boosting,True,"Periodic drainage/waterway clearing, more frequent early-warning checks, community drills, relief-stock review, and evacuation-route verification.",Disaster Prevention and Mitigation; Disaster Preparedness
Barangay 472,472,1122,1126.0,685.8593348925598,0.35650623885918004,2.00304414,2.0,2,3,87.81279280841655,100.0,12.187207191583454,2000.8177478363887,988.7720470227704,1126.0,137.22795297722962,0.5108222613719894,0.06425204213701685,0.3514905190955431,0.16693305440639292,20.806479988511306,Medium,413,Medium,0.9976546163860908,Gradient Boosting,True,"Periodic drainage/waterway clearing, more frequent early-warning checks, community drills, relief-stock review, and evacuation-route verification.",Disaster Prevention and Mitigation; Disaster Preparedness
Barangay 671,671,1227,1239.0,364.5587856714168,0.9779951100244498,2.742647059,3.0,1,3,94.11527383965486,99.70576369194777,5.5904898522929045,1899.9999997898667,1166.0882428733237,1235.3544121432328,69.26616926990914,0.5052360963228465,0.06953399143359218,0.297902982590758,0.16672585034783677,20.779644530712595,Medium,414,Medium,0.9987750517296915,Gradient Boosting,True,"Periodic drainage/waterway clearing, more frequent early-warning checks, community drills, relief-stock review, and evacuation-route verification.",Disaster Prevention and Mitigation; Disaster Preparedness
Barangay 392,392,695,1115.0,376.24246124669787,60.431654676258994,2.0,2.0,2,2,89.53944726530662,99.99999999999996,10.460552734693337,3100.0000001423177,998.3648370081687,1114.9999999999995,116.63516299183084,0.5117425335293213,0.06339745575985048,0.3536246515555859,0.1665930302024598,20.762442698707382,Medium,415,Medium,0.9983901066492407,Gradient Boosting,True,"Periodic drainage/waterway clearing, more frequent early-warning checks, community drills, relief-stock review, and evacuation-route verification.",Disaster Prevention and Mitigation; Disaster Preparedness
Barangay 300,300,981,1341.0,1038.7384758792168,36.69724770642202,1.0,1.0,1,1,83.68283788051977,91.47940101726525,7.796563136745476,1006.5277650879452,1122.1868559777702,1226.738767641527,104.55191166375675,0.46383510316622734,0.06947060884825763,0.4345266693759314,0.1665685579268003,20.759273239936764,Medium,416,Medium,0.9964927821404687,Gradient Boosting,True,"Periodic drainage/waterway clearing, more frequent early-warning checks, community drills, relief-stock review, and evacuation-route verification.",Disaster Prevention and Mitigation; Disaster Preparedness
Barangay 157,157,1505,1409.0,781.4253218018029,-6.378737541528238,1.0,1.0,1,1,64.68671005780791,88.18472972048122,23.4980196626733,4236.964017030436,911.4357447145136,1242.5228417615804,331.0870970470668,0.4624628455087631,0.07301850482687043,0.39293614404686367,0.16656585392047002,20.758923038071657,Medium,417,Medium,0.9932447458602149,Gradient Boosting,True,"Periodic drainage/waterway clearing, more frequent early-warning checks, community drills, relief-stock review, and evacuation-route verification.",Disaster Prevention and Mitigation; Disaster Preparedness
Barangay 510,510,1134,1010.0,542.6073762093498,-10.934744268077601,2.0,2.0,2,2,46.60596544041095,96.52314566022145,49.9171802198105,9291.4977260753,470.7202509481506,974.8837711682365,504.16352022008596,0.5288878796472439,0.06017069515444798,0.33435155710616543,0.16637032819771014,20.73360006747809,Medium,418,Medium,0.9951388720724536,Gradient Boosting,True,"Periodic drainage/waterway clearing, more frequent early-warning checks, community drills, relief-stock review, and evacuation-route verification.",Disaster Prevention and Mitigation; Disaster Preparedness
Barangay 426,426,1786,1529.0,488.53998468799944,-14.38969764837626,3.095923261,3.0,2,4,24.59981421067349,80.92976247304475,56.32994826237126,17629.773118401074,376.13115928119765,1237.416068212854,861.2849089316564,0.46954371315935284,0.07898323011612828,0.2882530467447861,0.1663682787097915,20.733334633746082,Medium,419,Medium,0.9886961003542148,Gradient Boosting,True,"Periodic drainage/waterway clearing, more frequent early-warning checks, community drills, relief-stock review, and evacuation-route verification.",Disaster Prevention and Mitigation; Disaster Preparedness
Barangay 889,889,864,952.0,155.06354469534102,10.185185185185185,2.132113821,2.0,1,3,68.6973779524034,99.83711812524892,31.13974017284552,19117.98979108443,653.9990381068804,950.4493645523697,296.4503264454893,0.5516910528000485,0.05636344892382877,0.30690630417745196,0.16633268339202115,20.728724605088757,Medium,420,Medium,0.9884488073405178,Gradient Boosting,True,"Periodic drainage/waterway clearing, more frequent early-warning checks, community drills, relief-stock review, and evacuation-route verification.",Disaster Prevention and Mitigation; Disaster Preparedness
Barangay 448,448,1375,1167.0,636.012881106277,-15.127272727272729,3.0,3.0,3,3,86.6973201952659,100.0,13.302679804734098,2440.866811552927,1011.7577266787531,1167.0,155.2422733212469,0.5122687086579737,0.06674501465721112,0.30375764041338776,0.16632925971389498,20.72828119693106,Medium,421,Medium,0.9960363535250605,Gradient Boosting,True,"Periodic drainage/waterway clearing, more frequent early-warning checks, community drills, relief-stock review, and evacuation-route verification.",Disaster Prevention and Mitigation; Disaster Preparedness
Barangay 226,226,1562,1201.0,490.98015452568694,-23.111395646606915,2.0,2.0,2,2,70.95042173789714,95.50309600338906,24.552674265491916,6005.89688219528,852.1145650721446,1146.9921830007027,294.87761792855804,0.5028229650558951,0.06727777410865589,0.32436260934822897,0.16609450479568164,20.697877566111032,Medium,422,Medium,0.9985861716551628,Gradient Boosting,True,"Periodic drainage/waterway clearing, more frequent early-warning checks, community drills, relief-stock review, and evacuation-route verification.",Disaster Prevention and Mitigation; Disaster Preparedness
Barangay 132,132,925,1151.0,273.4963302762094,24.43243243243243,1.782531194,2.0,0,3,89.4926060661884,99.1701400333024,9.677533967114002,4072.7572413490416,1030.0598958218284,1141.4483117833106,111.38841596148222,0.5088522038592876,0.06480682851109655,0.3362008302048349,0.1660876525686998,20.69699011897665,Medium,423,Medium,0.9980213638879131,Gradient Boosting,True,"Periodic drainage/waterway clearing, more frequent early-warning checks, community drills, relief-stock review, and evacuation-route verification.",Disaster Prevention and Mitigation; Disaster Preparedness
Barangay 335,335,1350,1078.0,374.37080451865506,-20.14814814814815,2.0,2.0,2,2,79.02621049879296,100.0,20.973789501207037,6039.398588084758,851.9025491769881,1078.0,226.09745082301185,0.5232315119503163,0.06262939767743614,0.31597606293469066,0.1660631180500778,20.69381259898172,Medium,424,Medium,0.9968344437761986,Gradient Boosting,True,"Periodic drainage/waterway clearing, more frequent early-warning checks, community drills, relief-stock review, and evacuation-route verification.",Disaster Prevention and Mitigation; Disaster Preparedness
Barangay 616,616,910,1117.0,355.7097847304615,22.747252747252748,2.007171315,2.0,2,3,88.83765645405569,99.99999999999996,11.162343545944267,3505.199540762598,992.3166225918021,1116.9999999999995,124.68337740819743,0.5128803070830305,0.06360356192541369,0.3341100207074606,0.16584214590195062,20.665194005325407,Medium,425,Medium,0.9983901066492407,Gradient Boosting,True,"Periodic drainage/waterway clearing, more frequent early-warning checks, community drills, relief-stock review, and evacuation-route verification.",Disaster Prevention and Mitigation; Disaster Preparedness
Barangay 333,333,877,1024.0,619.3884432241454,16.76168757126568,2.0,2.0,2,2,75.88149550687116,99.99999999999996,24.118504493128796,3987.3763986304148,777.0265139903607,1023.9999999999995,246.9734860096388,0.5214665252857158,0.059871642254555844,0.35366795736567225,0.16582827825436436,20.663397975488145,Medium,426,Medium,0.9964681834934871,Gradient Boosting,True,"Periodic drainage/waterway clearing, more frequent early-warning checks, community drills, relief-stock review, and evacuation-route verification.",Disaster Prevention and Mitigation; Disaster Preparedness
Barangay 59,59,1112,1064.0,471.45898226482745,-4.316546762589928,3.0,3.0,3,3,67.42992241926925,99.1137989058074,31.683876486538153,7150.493648403997,717.4543745410248,1054.5708203577908,337.11644581676603,0.5271625810532939,0.06263457497961866,0.2950072934713576,0.16561653488141168,20.635974621000678,Medium,427,Medium,0.9961798796992034,Gradient Boosting,True,"Periodic drainage/waterway clearing, more frequent early-warning checks, community drills, relief-stock review, and evacuation-route verification.",Disaster Prevention and Mitigation; Disaster Preparedness
Barangay 145,145,1029,1109.0,628.9182281288843,7.774538386783285,1.009929078,1.0,0,2,98.26619184770318,100.0,1.7338081522968167,305.7302451890682,1089.7720675910284,1109.0,19.227932408971583,0.5015770398961575,0.06191568064727402,0.3863877798116812,0.1654103422602385,20.60927015670372,Medium,428,Medium,0.9980216833868739,Gradient Boosting,True,"Periodic drainage/waterway clearing, more frequent early-warning checks, community drills, relief-stock review, and evacuation-route verification.",Disaster Prevention and Mitigation; Disaster Preparedness
Barangay 744,744,1223,1253.0,374.25586960142107,2.4529844644317254,3.0,3.0,3,3,83.57962220644237,96.85831077080744,13.27868856436507,4445.674235882776,1047.2526662467228,1213.6346339582171,166.38196771149433,0.5001035160588354,0.06947039564699979,0.290016865703254,0.16523377833937197,20.586402971185223,Medium,429,Medium,0.9980898006661445,Gradient Boosting,True,"Periodic drainage/waterway clearing, more frequent early-warning checks, community drills, relief-stock review, and evacuation-route verification.",Disaster Prevention and Mitigation; Disaster Preparedness
Barangay 522,522,1091,1082.0,541.3427999326517,-0.8249312557286892,2.405742821,2.0,2,3,61.57031380656706,96.44798103270688,34.87766722613982,6971.116258196886,666.1907953870556,1043.5671547738884,377.37635938683286,0.5154208305773933,0.06249698117753113,0.3241539618389248,0.16492887244416526,20.54691393153796,Medium,430,Medium,0.9963450978457217,Gradient Boosting,True,"Periodic drainage/waterway clearing, more frequent early-warning checks, community drills, relief-stock review, and evacuation-route verification.",Disaster Prevention and Mitigation; Disaster Preparedness
Barangay 298,298,1020,1079.0,312.60713755450047,5.784313725490196,0.978955007,1.0,0,1,91.69747768220488,100.0,8.302522317795123,2865.7124245408813,989.4157841909906,1079.0,89.58421580900938,0.5100391481914017,0.061076108794460064,0.3601022600412909,0.16489801998326784,20.54291816080756,Medium,431,Medium,0.998439959071013,Gradient Boosting,True,"Periodic drainage/waterway clearing, more frequent early-warning checks, community drills, relief-stock review, and evacuation-route verification.",Disaster Prevention and Mitigation; Disaster Preparedness
Barangay 219,219,1080,1117.0,302.8185491726819,3.425925925925926,1.658090724,2.0,1,2,87.09961990011311,98.91560054045505,11.815980640341934,4358.534314136588,972.9027542842634,1104.887258036883,131.9845037526195,0.5093625757303223,0.06301582984914365,0.33342031531736854,0.164683459698824,20.51512998185685,Medium,432,Medium,0.998650421228992,Gradient Boosting,True,"Periodic drainage/waterway clearing, more frequent early-warning checks, community drills, relief-stock review, and evacuation-route verification.",Disaster Prevention and Mitigation; Disaster Preparedness
Barangay 25,25,2545,3000.0,1363.3748742795938,17.87819253438114,3.0,3.0,3,3,25.409574259933933,57.7278596400965,32.318285380162564,7111.386455006996,762.287227798018,1731.835789202895,969.5485614048771,0.32054202268211773,0.10776171735908995,0.3800261264644121,0.164491174155164,20.490226654054556,Medium,433,Medium,0.8105974373445368,Gradient Boosting,True,"Periodic drainage/waterway clearing, more frequent early-warning checks, community drills, relief-stock review, and evacuation-route verification.",Disaster Prevention and Mitigation; Disaster Preparedness
Barangay 861,861,1072,1131.0,548.3230663880374,5.503731343283582,1.60617284,2.0,1,2,99.99999999999996,99.99999999999996,0.0,0.0,1130.9999999999995,1130.9999999999995,0.0,0.5000000000017543,0.06291283313516936,0.3568396775442865,0.16415046048371104,20.44610006978091,Medium,434,Medium,0.998593275994258,Gradient Boosting,True,"Periodic drainage/waterway clearing, more frequent early-warning checks, community drills, relief-stock review, and evacuation-route verification.",Disaster Prevention and Mitigation; Disaster Preparedness
Barangay 168,168,1387,1154.0,383.391786085549,-16.79884643114636,1.517384106,2.0,1,2,99.33554283146432,100.0,0.6644571685356766,200.00000008322968,1146.3321642750982,1154.0,7.667835724901806,0.5007513671513926,0.06428259903208271,0.3358886124688552,0.16411442666387777,20.441433249747558,Medium,435,Medium,0.9984947741425354,Gradient Boosting,True,"Periodic drainage/waterway clearing, more frequent early-warning checks, community drills, relief-stock review, and evacuation-route verification.",Disaster Prevention and Mitigation; Disaster Preparedness
Barangay 323,323,1060,1076.0,452.342970211954,1.509433962264151,2.0,2.0,2,2,85.04549418421841,99.5796069050968,14.534112720878383,3457.2672325022177,915.0895174221902,1071.4765702988416,156.3870528766514,0.5127051271237136,0.06144493507484094,0.3325824780222079,0.1641024191685391,20.439878132359055,Medium,436,Medium,0.9977690344919828,Gradient Boosting,True,"Periodic drainage/waterway clearing, more frequent early-warning checks, community drills, relief-stock review, and evacuation-route verification.",Disaster Prevention and Mitigation; Disaster Preparedness
Barangay 269,269,904,1095.0,259.55494556398196,21.128318584070797,1.651190476,2.0,0,2,93.0095004671696,100.0,6.990499532830398,2949.1239212632863,1018.4540301155072,1095.0,76.54596988449282,0.5094043154073743,0.06181245647239383,0.33828538856990437,0.1640699927890454,20.435678519935767,Medium,437,Medium,0.9985562112248971,Gradient Boosting,True,"Periodic drainage/waterway clearing, more frequent early-warning checks, community drills, relief-stock review, and evacuation-route verification.",Disaster Prevention and Mitigation; Disaster Preparedness
Barangay 224,224,1069,1078.0,284.7691419621433,0.841908325537886,2.0,2.0,2,2,86.79178376896529,99.73583567518376,12.944051906218476,4899.999999564025,935.6154290294459,1075.1523085784809,139.536879549035,0.5150976816626429,0.06145080872252365,0.3182386764757556,0.16374149388156956,20.39313389687231,Medium,438,Medium,0.9962469540236155,Gradient Boosting,True,"Periodic drainage/waterway clearing, more frequent early-warning checks, community drills, relief-stock review, and evacuation-route verification.",Disaster Prevention and Mitigation; Disaster Preparedness
Barangay 716,716,920,836.0,1709.42888581848,-9.130434782608695,2.0,2.0,2,2,60.16138023560455,99.51176925297388,39.35038901736933,1924.4395301515929,502.949138769654,831.9183909548616,328.9692521852076,0.5244530995155735,0.05015332395416582,0.4329047691063601,0.16368743945920644,20.38613318858374,Medium,439,Medium,0.9912679555824414,Gradient Boosting,True,"Periodic drainage/waterway clearing, more frequent early-warning checks, community drills, relief-stock review, and evacuation-route verification.",Disaster Prevention and Mitigation; Disaster Preparedness
Barangay 890,890,1049,1063.0,121.74428123284105,1.334604385128694,1.981963928,2.0,1,3,56.39468776501915,90.98385499965347,34.589167234634324,30201.24181446797,599.4755309421536,967.1583786463164,367.6828477041628,0.5291503548718174,0.05813243269504733,0.30547333613624045,0.16322877249798898,20.326730211792736,Medium,440,Medium,0.978572054574277,Gradient Boosting,True,"Periodic drainage/waterway clearing, more frequent early-warning checks, community drills, relief-stock review, and evacuation-route verification.",Disaster Prevention and Mitigation; Disaster Preparedness
Barangay 331,331,924,860.0,62.146519437867624,-6.926406926406926,2.0,2.0,2,2,32.79856949109682,84.44181229642027,51.643242805323446,71465.2875403284,282.06769762343265,726.1995857492143,444.13188812578164,0.579839665913959,0.04562990715591999,0.2959810694615667,0.16308686390791224,20.308351315130118,Medium,441,Medium,0.9487673079992583,Gradient Boosting,True,"Periodic drainage/waterway clearing, more frequent early-warning checks, community drills, relief-stock review, and evacuation-route verification.",Disaster Prevention and Mitigation; Disaster Preparedness
Barangay 692,692,1329,2508.0,627.8219986652833,88.71331828442437,2.774718398,3.0,2,3,40.44670299710111,64.87398023362626,24.427277236525143,9758.117976026379,1014.4033111672959,1627.0394242593466,612.6361130920507,0.35626095210389735,0.0977258397728662,0.35960121323773325,0.1626807131892171,20.255749833540385,Medium,442,Medium,0.9410562446683642,Gradient Boosting,True,"Periodic drainage/waterway clearing, more frequent early-warning checks, community drills, relief-stock review, and evacuation-route verification.",Disaster Prevention and Mitigation; Disaster Preparedness
Barangay 443,443,1382,1084.0,673.8865394605365,-21.562952243125906,3.0,3.0,3,3,87.85199083231353,100.0,12.148009167686467,1954.1037202366133,952.3155806222787,1084.0,131.68441937772127,0.5107159780648076,0.06185042169812449,0.30393494557511613,0.16237151065300684,20.215704326374436,Medium,443,Medium,0.9976660161139448,Gradient Boosting,True,"Periodic drainage/waterway clearing, more frequent early-warning checks, community drills, relief-stock review, and evacuation-route verification.",Disaster Prevention and Mitigation; Disaster Preparedness
Barangay 220,220,1270,1290.0,240.68378095099257,1.574803149606299,1.849462366,2.0,1,2,74.49361473036838,91.16255851674644,16.668943786378065,8934.103245123144,960.967630021752,1175.997004866029,215.02937484427707,0.4816124288582562,0.06795011820168188,0.3203772182636558,0.16227807561005642,20.20360334645402,Medium,444,Medium,0.9825643686032646,Gradient Boosting,True,"Periodic drainage/waterway clearing, more frequent early-warning checks, community drills, relief-stock review, and evacuation-route verification.",Disaster Prevention and Mitigation; Disaster Preparedness
Barangay 629,629,1633,1640.0,416.42377572217526,0.4286589099816289,2.449873096,2.0,2,3,52.272109526183776,80.71392399785738,28.441814471673602,11201.227800370489,857.2625962294139,1323.708353564861,466.44575733544707,0.4404168608275003,0.07912982486613103,0.31266684636889897,0.16226794928562802,20.20229186368796,Medium,445,Medium,0.9558929989306042,Gradient Boosting,True,"Periodic drainage/waterway clearing, more frequent early-warning checks, community drills, relief-stock review, and evacuation-route verification.",Disaster Prevention and Mitigation; Disaster Preparedness
Barangay 169,169,914,1100.0,401.1047311690979,20.350109409190374,1.772186642,2.0,1,2,100.0,100.0,0.0,0.0,1100.0,1100.0,0.0,0.5000000000017545,0.06118843187330103,0.3453650141452304,0.16219663634510476,20.193055966383394,Medium,446,Medium,0.9987011292988457,Gradient Boosting,True,"Periodic drainage/waterway clearing, more frequent early-warning checks, community drills, relief-stock review, and evacuation-route verification.",Disaster Prevention and Mitigation; Disaster Preparedness
Barangay 160,160,1256,1399.0,936.2184893507019,11.385350318471337,1.0,1.0,1,1,77.64120774029311,87.36468749684664,9.72347975655353,1452.9886275641293,1086.2004962867006,1222.2319780808846,136.03148179418395,0.4452035271168688,0.06959092609719496,0.41416426875206874,0.1618918147494543,20.153577844558882,Medium,447,Medium,0.9959518473081908,Gradient Boosting,True,"Periodic drainage/waterway clearing, more frequent early-warning checks, community drills, relief-stock review, and evacuation-route verification.",Disaster Prevention and Mitigation; Disaster Preparedness
Barangay 543,543,822,830.0,683.1757754355947,0.9732360097323601,3.0,3.0,3,3,45.42602843076991,100.0,54.57397156923009,6630.269695025394,377.03603597539023,830.0,452.96396402460977,0.5443283320024893,0.05150798602281298,0.31519840651551995,0.1617514774313878,20.135402446823914,Medium,448,Medium,0.9837808355816731,Gradient Boosting,True,"Periodic drainage/waterway clearing, more frequent early-warning checks, community drills, relief-stock review, and evacuation-route verification.",Disaster Prevention and Mitigation; Disaster Preparedness
Barangay 459,459,752,1049.0,511.40587326655276,39.494680851063826,2.0,2.0,2,2,96.36146659574383,99.99999999999996,3.6385334042561226,746.3390118469179,1010.8317845893529,1048.9999999999995,38.16821541064667,0.5034954058135847,0.05880135579525317,0.3552022361898628,0.1616486379257949,20.1220834740605,Medium,449,Medium,0.9985251356994262,Gradient Boosting,True,"Periodic drainage/waterway clearing, more frequent early-warning checks, community drills, relief-stock review, and evacuation-route verification.",Disaster Prevention and Mitigation; Disaster Preparedness
Barangay 61,61,1022,1087.0,249.11387295803794,6.360078277886497,1.755428571,2.0,0,3,89.60490293861828,98.4570430393503,8.852140100732015,3862.6015385006394,974.0052949427807,1070.2280578377379,96.22276289495721,0.5044213037356613,0.06066640252501292,0.3267386313983824,0.1615844678149231,20.113772660487456,Medium,450,Medium,0.9978376423315288,Gradient Boosting,True,"Periodic drainage/waterway clearing, more frequent early-warning checks, community drills, relief-stock review, and evacuation-route verification.",Disaster Prevention and Mitigation; Disaster Preparedness
Barangay 631,631,1254,1045.0,213.6296250009153,-16.666666666666664,2.192130812,2.0,2,3,64.91898145182977,95.00460949160968,30.08562803977992,14716.817155595952,678.403356171621,992.7981691873212,314.39481301570015,0.5190895862203612,0.05893062679911192,0.2971287699382344,0.16140574489421886,20.090625858105103,Medium,451,Medium,0.9935134623955258,Gradient Boosting,True,"Periodic drainage/waterway clearing, more frequent early-warning checks, community drills, relief-stock review, and evacuation-route verification.",Disaster Prevention and Mitigation; Disaster Preparedness
Barangay 822,822,897,1087.0,800.3504377210904,21.181716833890746,2.961397059,3.0,2,3,99.26370704885392,100.0,0.7362929511460834,100.00000002182242,1078.9964956210422,1087.0,8.003504378957814,0.5006167777149373,0.06055962338891752,0.3358212128253329,0.16129420476747164,20.076180048572965,Medium,452,Medium,0.9976080397032361,Gradient Boosting,True,"Periodic drainage/waterway clearing, more frequent early-warning checks, community drills, relief-stock review, and evacuation-route verification.",Disaster Prevention and Mitigation; Disaster Preparedness
Barangay 134,134,1058,1104.0,326.24370541787204,4.3478260869565215,2.0,2.0,2,2,99.99999999999996,99.99999999999996,0.0,0.0,1103.9999999999995,1103.9999999999995,0.0,0.5000000000017543,0.06141093526192917,0.3233431207760139,0.1610940975183741,20.050263714328395,Medium,453,Medium,0.9981333668129649,Gradient Boosting,True,"Periodic drainage/waterway clearing, more frequent early-warning checks, community drills, relief-stock review, and evacuation-route verification.",Disaster Prevention and Mitigation; Disaster Preparedness
Barangay 610,610,968,991.0,339.01119672736235,2.37603305785124,2.0,2.0,2,2,84.59280334844607,100.0,15.407196651553932,4503.842949461381,838.3146811831006,991.0,152.68531881689944,0.5171852061458366,0.05692472985852426,0.3234948871047395,0.16105474262361044,20.045166774505102,Medium,454,Medium,0.998374534401819,Gradient Boosting,True,"Periodic drainage/waterway clearing, more frequent early-warning checks, community drills, relief-stock review, and evacuation-route verification.",Disaster Prevention and Mitigation; Disaster Preparedness
Barangay 698,698,1736,1759.0,207.903057679401,1.3248847926267282,1.989946777,2.0,1,2,65.2142689138378,79.47497231133931,14.260703397501516,12065.51628253929,1147.118990194407,1397.9647629564583,250.8457727620514,0.4272943180668884,0.08071938691427545,0.3123929535404165,0.16091274393017166,20.026776208355955,Medium,455,Medium,0.9857134158589893,Gradient Boosting,True,"Periodic drainage/waterway clearing, more frequent early-warning checks, community drills, relief-stock review, and evacuation-route verification.",Disaster Prevention and Mitigation; Disaster Preparedness
Barangay 137,137,911,1060.0,351.21979022216937,16.355653128430298,1.634408602,2.0,0,2,99.6686605753566,100.0,0.33133942464340294,99.99999997147825,1056.4878020987799,1060.0,3.5121979012201336,0.5003751530392596,0.059004791973015086,0.3443530728657153,0.16057401731843532,19.982906972599228,Medium,456,Medium,0.9986849905129374,Gradient Boosting,True,"Periodic drainage/waterway clearing, more frequent early-warning checks, community drills, relief-stock review, and evacuation-route verification.",Disaster Prevention and Mitigation; Disaster Preparedness
Barangay 355,355,970,1118.0,246.4865192587298,15.257731958762887,2.0,2.0,2,2,94.42226507084963,98.24212578125169,3.819860710402054,1732.5914159819513,1055.6409234920989,1098.346966234394,42.70604274229504,0.49656435118760145,0.06159980442380664,0.32174009286450234,0.16048066398724165,19.970816575349904,Medium,457,Medium,0.9972868822044049,Gradient Boosting,True,"Periodic drainage/waterway clearing, more frequent early-warning checks, community drills, relief-stock review, and evacuation-route verification.",Disaster Prevention and Mitigation; Disaster Preparedness
Barangay 326,326,825,841.0,685.8283527180002,1.9393939393939394,2.0,2.0,2,2,64.54051813096841,100.0,35.45948186903159,4348.234384546882,542.7857574814443,841.0,298.2142425185557,0.5288737250803245,0.05029602442367359,0.352335409812746,0.16000306563282723,19.908961751781632,Medium,458,Medium,0.9913165159220466,Gradient Boosting,True,"Periodic drainage/waterway clearing, more frequent early-warning checks, community drills, relief-stock review, and evacuation-route verification.",Disaster Prevention and Mitigation; Disaster Preparedness
Barangay 235,235,1557,1264.0,520.8490878286299,-18.81824020552344,1.91563786,2.0,1,2,73.78729907762592,90.8865793913928,17.099280313766883,4149.664619113748,932.6714603411915,1148.8063635072049,216.13490316601337,0.47199922696414315,0.06645064525311693,0.33193773431328016,0.15996655379137212,19.904233022106403,Medium,459,Medium,0.9924881592916793,Gradient Boosting,True,"Periodic drainage/waterway clearing, more frequent early-warning checks, community drills, relief-stock review, and evacuation-route verification.",Disaster Prevention and Mitigation; Disaster Preparedness
Barangay 305,305,645,899.0,240.2883925659676,39.37984496124031,1.05744823,1.0,1,2,84.78269680900912,100.0,15.217303190990876,5693.30687288403,762.1964443129921,899.0,136.80355568700793,0.5191826280128042,0.05161997297997164,0.36681494871368536,0.159960930766113,19.90350477161704,Medium,460,Medium,0.9962753785556994,Gradient Boosting,True,"Periodic drainage/waterway clearing, more frequent early-warning checks, community drills, relief-stock review, and evacuation-route verification.",Disaster Prevention and Mitigation; Disaster Preparedness
Barangay 646,646,918,970.0,139.45019967473996,5.664488017429194,0.837108954,1.0,0,1,92.41485489264603,99.71247381505468,7.297618922408645,5076.142143393867,896.4240924586666,967.2109960060304,70.78690354736386,0.5119243680297374,0.05463620978850445,0.3507182051657441,0.15989399826496173,19.894836194743963,Medium,461,Medium,0.9978711590796281,Gradient Boosting,True,"Periodic drainage/waterway clearing, more frequent early-warning checks, community drills, relief-stock review, and evacuation-route verification.",Disaster Prevention and Mitigation; Disaster Preparedness
Barangay 588,588,989,1037.0,532.4202585840529,4.853387259858443,3.472329472,3.0,3,5,50.76709443702091,94.0881844788304,43.32109004180949,8437.689897982027,526.4547693119068,975.6944730454712,449.2397037335644,0.5112622693889143,0.05956847120574712,0.28715530069095846,0.15979938861454393,19.882583088801788,Medium,462,Medium,0.9829589502621989,Gradient Boosting,True,"Periodic drainage/waterway clearing, more frequent early-warning checks, community drills, relief-stock review, and evacuation-route verification.",Disaster Prevention and Mitigation; Disaster Preparedness
Barangay 308,308,1033,965.0,241.02655330723513,-6.582768635043562,2.0,2.0,2,2,82.21932949097047,99.50046310196484,17.281133610994374,6918.861721161651,793.4165295878649,960.1794689339607,166.76293934609578,0.5200911447131352,0.05537622742344132,0.31112099515697106,0.1597413613066651,19.875067843286782,Medium,463,Medium,0.99458983716812,Gradient Boosting,True,"Periodic drainage/waterway clearing, more frequent early-warning checks, community drills, relief-stock review, and evacuation-route verification.",Disaster Prevention and Mitigation; Disaster Preparedness
Barangay 508,508,1006,1020.0,540.8614060425049,1.3916500994035785,2.101986755,2.0,2,3,91.56285337116356,99.46974371957084,7.906890348407288,1491.1450632773776,933.9411043858682,1014.5913859396227,80.65028155375444,0.5047126084084725,0.0573880317041873,0.3362215377140953,0.1597300798516263,19.87360675698996,Medium,464,Medium,0.9972937578602223,Gradient Boosting,True,"Periodic drainage/waterway clearing, more frequent early-warning checks, community drills, relief-stock review, and evacuation-route verification.",Disaster Prevention and Mitigation; Disaster Preparedness
Barangay 453,453,1492,1066.0,532.6474710626203,-28.55227882037534,3.0,3.0,3,3,92.30867583805409,99.99999999999996,7.691324161945872,1539.2829220192507,984.0104844336565,1065.9999999999995,81.98951556634302,0.5073206889078562,0.06026346332770052,0.2888551264827739,0.15965809322233424,19.864283608756768,Medium,465,Medium,0.9927782703297111,Gradient Boosting,True,"Periodic drainage/waterway clearing, more frequent early-warning checks, community drills, relief-stock review, and evacuation-route verification.",Disaster Prevention and Mitigation; Disaster Preparedness
Barangay 347,347,1266,1283.0,432.8813636006012,1.3428120063191153,2.0,2.0,2,2,54.5323737929124,86.6892016406301,32.1568278477177,9530.835373797207,699.6503557630662,1112.2224570492842,412.57210128621807,0.46954575298774665,0.06673079974142034,0.330875169886315,0.15964211148324994,19.862213778234455,Medium,466,Medium,0.9906562799058989,Gradient Boosting,True,"Periodic drainage/waterway clearing, more frequent early-warning checks, community drills, relief-stock review, and evacuation-route verification.",Disaster Prevention and Mitigation; Disaster Preparedness
Barangay 217,217,1263,1025.0,365.5815545254561,-18.844022169437846,1.037333333,1.0,1,2,96.82027748331224,99.5495790310059,2.729301547693666,765.2284563473986,992.4078442039504,1020.3831850678106,27.975340863860197,0.5007343069025194,0.057089390261524924,0.350950763492558,0.15958796462503366,19.855201098373254,Medium,467,Medium,0.9976204452254244,Gradient Boosting,True,"Periodic drainage/waterway clearing, more frequent early-warning checks, community drills, relief-stock review, and evacuation-route verification.",Disaster Prevention and Mitigation; Disaster Preparedness
Barangay 494,494,2318,1663.0,379.7648621993621,-28.257118205349443,2.645714286,3.0,2,3,78.3657394362114,84.60582966475776,6.240090228546364,2732.5513977185474,1303.2222468241955,1406.9949473249214,103.77270050072593,0.43160140304234895,0.07948832793838112,0.2891086817909374,0.1594786546053139,19.841044114955046,Medium,468,Medium,0.9456232816655392,Gradient Boosting,True,"Periodic drainage/waterway clearing, more frequent early-warning checks, community drills, relief-stock review, and evacuation-route verification.",Disaster Prevention and Mitigation; Disaster Preparedness
Barangay 852,852,1118,979.0,1110.8753894388615,-12.432915921288014,2.0,2.0,2,2,99.803763209672,99.99999999999996,0.1962367903279585,17.294092528965848,977.0788418226889,978.9999999999995,1.9211581773106445,0.5001477778109518,0.05448034671175759,0.3812432427180526,0.15926537073413322,19.813421247120804,Medium,469,Medium,0.998072355037007,Gradient Boosting,True,"Periodic drainage/waterway clearing, more frequent early-warning checks, community drills, relief-stock review, and evacuation-route verification.",Disaster Prevention and Mitigation; Disaster Preparedness
Barangay 583,583,1278,1228.0,1124.8616580335213,-3.912363067292645,3.082191781,3.0,3,4,80.39426628389076,92.16303057325828,11.768764289367525,1284.7839949143909,987.2415899661785,1131.7620154396118,144.5204254734333,0.4701171254665141,0.0646585065916632,0.346916422498569,0.15912370787228391,19.795074175266652,Medium,470,Medium,0.9856865149934414,Gradient Boosting,True,"Periodic drainage/waterway clearing, more frequent early-warning checks, community drills, relief-stock review, and evacuation-route verification.",Disaster Prevention and Mitigation; Disaster Preparedness
Barangay 764,764,2022,2073.0,431.84209899913054,2.522255192878338,1.916841004,2.0,1,3,48.29841148381072,70.68867113342839,22.39025964961767,10748.14344438217,1001.2260700593962,1465.3761525959703,464.15008253657413,0.38587579281778633,0.08698315988776016,0.33436932568488137,0.15888620781933913,19.764315015950938,Medium,471,Medium,0.9790784984447292,Gradient Boosting,True,"Periodic drainage/waterway clearing, more frequent early-warning checks, community drills, relief-stock review, and evacuation-route verification.",Disaster Prevention and Mitigation; Disaster Preparedness
Barangay 261,261,735,800.0,517.7677729261482,8.843537414965986,1.846774194,2.0,1,2,62.57601028849624,100.0,37.42398971150376,5782.359068043694,500.60808230796994,800.0,299.39191769203006,0.5325907743032408,0.04802924450880123,0.34706119269048613,0.15871697692385822,19.7423975468359,Medium,472,Medium,0.9919131164870674,Gradient Boosting,True,"Periodic drainage/waterway clearing, more frequent early-warning checks, community drills, relief-stock review, and evacuation-route verification.",Disaster Prevention and Mitigation; Disaster Preparedness
Barangay 786,786,1439,1476.0,517.7262050918907,2.571230020847811,1.779631255,2.0,1,3,73.95285198263596,85.29666118062283,11.343809197986872,3234.038032372111,1091.5440952637068,1258.978719025993,167.43462376228626,0.4389907073752927,0.07200510516335254,0.34658774736993275,0.15860805110287365,19.72829032184914,Medium,473,Medium,0.9926753886652259,Gradient Boosting,True,"Periodic drainage/waterway clearing, more frequent early-warning checks, community drills, relief-stock review, and evacuation-route verification.",Disaster Prevention and Mitigation; Disaster Preparedness
Barangay 680,680,968,1085.0,284.5204086381222,12.086776859504132,3.0,3.0,3,3,99.47553841738896,100.0,0.524461582611039,199.99999994965037,1079.3095918286704,1085.0,5.690408171329636,0.5006678356202044,0.06042111005539105,0.2869844772025556,0.15838536649430723,19.699449943638175,Medium,474,Medium,0.9950955910908974,Gradient Boosting,True,"Periodic drainage/waterway clearing, more frequent early-warning checks, community drills, relief-stock review, and evacuation-route verification.",Disaster Prevention and Mitigation; Disaster Preparedness
Barangay 252,252,910,925.0,1041.439446375192,1.6483516483516485,1.97752809,2.0,1,2,94.32099497050356,100.0,5.679005029496437,504.4056733752459,872.4692034771579,925.0,52.53079652284214,0.50428358407657,0.0520730249453458,0.38279955607184674,0.1583484071100601,19.694663251702018,Medium,475,Medium,0.9971105540054855,Gradient Boosting,True,"Periodic drainage/waterway clearing, more frequent early-warning checks, community drills, relief-stock review, and evacuation-route verification.",Disaster Prevention and Mitigation; Disaster Preparedness
Barangay 531,531,956,1310.0,526.0080238805806,37.029288702928866,4.011033099,4.0,4,5,91.75034908944568,93.65999591144433,1.909646821998649,475.5891969788936,1201.9295730717383,1226.9459464399206,25.016373368182258,0.4702833554736194,0.06854474511888894,0.281944983601342,0.1583236662128505,19.691459003157867,Medium,476,Medium,0.9953404915687107,Gradient Boosting,True,"Periodic drainage/waterway clearing, more frequent early-warning checks, community drills, relief-stock review, and evacuation-route verification.",Disaster Prevention and Mitigation; Disaster Preparedness
Barangay 171,171,1124,1026.0,379.32226946284135,-8.718861209964412,1.746061168,2.0,1,2,100.0,100.0,0.0,0.0,1026.0,1026.0,0.0,0.5000000000017545,0.05707211918367976,0.33096845410094655,0.15828165480335127,19.686018012211374,Medium,477,Medium,0.9981662327638872,Gradient Boosting,True,"Periodic drainage/waterway clearing, more frequent early-warning checks, community drills, relief-stock review, and evacuation-route verification.",Disaster Prevention and Mitigation; Disaster Preparedness
Barangay 172,172,1210,1038.0,229.2658163083531,-14.214876033057852,1.702209945,2.0,0,2,100.0,100.0,0.0,0.0,1038.0,1038.0,0.0,0.5000000000017545,0.05773962934956429,0.3174440881721556,0.15800243326732805,19.649855410963816,Medium,478,Medium,0.9972306552846687,Gradient Boosting,True,"Periodic drainage/waterway clearing, more frequent early-warning checks, community drills, relief-stock review, and evacuation-route verification.",Disaster Prevention and Mitigation; Disaster Preparedness
Barangay 437,437,899,983.0,552.298100573692,9.343715239154617,2.558368495,3.0,2,3,93.2578054848308,100.0,6.742194515169203,1200.0000002764864,916.7242279158868,983.0,66.27577208411321,0.5061523053261809,0.0554613193158876,0.32423707765933346,0.15787289755614045,19.63307895332479,Medium,479,Medium,0.9978351238077596,Gradient Boosting,True,"Periodic drainage/waterway clearing, more frequent early-warning checks, community drills, relief-stock review, and evacuation-route verification.",Disaster Prevention and Mitigation; Disaster Preparedness
Barangay 358,358,1029,1167.0,576.5828357455512,13.411078717201166,2.0,2.0,2,2,51.13963168932512,87.650994936814,36.51136324748888,7389.876747670474,596.799501814424,1022.8871109126194,426.08760909819534,0.4731537801196919,0.061920736210901495,0.348524308297796,0.15775006345462103,19.61717043603736,Medium,480,Medium,0.9862272798801518,Gradient Boosting,True,"Periodic drainage/waterway clearing, more frequent early-warning checks, community drills, relief-stock review, and evacuation-route verification.",Disaster Prevention and Mitigation; Disaster Preparedness
Barangay 175,175,988,996.0,270.64589782490833,0.8097165991902834,1.719047619,2.0,0,3,97.83872803098158,100.0,2.161271969018415,795.366528161816,974.4737311885765,996.0,21.526268811423506,0.5027009646340264,0.05565704760194809,0.3272859919082666,0.15752970893411902,19.58863183270646,Medium,481,Medium,0.9937688889999707,Gradient Boosting,True,"Periodic drainage/waterway clearing, more frequent early-warning checks, community drills, relief-stock review, and evacuation-route verification.",Disaster Prevention and Mitigation; Disaster Preparedness
Barangay 166,166,882,860.0,256.02742996334575,-2.494331065759637,1.0,1.0,1,1,83.69829746647164,100.0,16.301702533528356,5475.766475819204,719.8053582116561,860.0,140.19464178834392,0.519443629869327,0.04949053153001338,0.3507448100169523,0.1574889888132285,19.58335807941548,Medium,482,Medium,0.9936595800497383,Gradient Boosting,True,"Periodic drainage/waterway clearing, more frequent early-warning checks, community drills, relief-stock review, and evacuation-route verification.",Disaster Prevention and Mitigation; Disaster Preparedness
Barangay 144,144,880,893.0,285.1106344295308,1.4772727272727273,0.884370016,1.0,0,2,89.72084422030844,100.0,10.279155779691564,3219.552343121515,801.2071388873544,893.0,91.7928611126456,0.5118464468157031,0.05075573182725901,0.35924471750619863,0.15746199588227427,19.579862164979566,Medium,483,Medium,0.9946225668951592,Gradient Boosting,True,"Periodic drainage/waterway clearing, more frequent early-warning checks, community drills, relief-stock review, and evacuation-route verification.",Disaster Prevention and Mitigation; Disaster Preparedness
Barangay 88,88,1096,1052.0,1069.2155314119755,-4.014598540145985,2.056122449,2.0,2,3,71.41049584856705,92.90622010374278,21.49572425517573,2114.961974652775,751.2384163269254,977.3734354913742,226.13501916444875,0.48111005009259716,0.05703240255228615,0.37962481779049456,0.1574132641636944,19.573550811879045,Medium,484,Medium,0.9754322259471043,Gradient Boosting,True,"Periodic drainage/waterway clearing, more frequent early-warning checks, community drills, relief-stock review, and evacuation-route verification.",Disaster Prevention and Mitigation; Disaster Preparedness
Barangay 740,740,4138,4185.0,1397.5633440594565,1.1358144030932817,3.141784821,3.0,3,4,31.861021617682283,46.90722108875338,15.046199471071098,4505.580734790197,1333.3837547000035,1963.067202564329,629.6834478643254,0.2515089981942385,0.11661858571851656,0.3699291301065295,0.15723381080176974,19.550309408432014,Medium,485,Medium,0.9050322348238522,Gradient Boosting,True,"Periodic drainage/waterway clearing, more frequent early-warning checks, community drills, relief-stock review, and evacuation-route verification.",Disaster Prevention and Mitigation; Disaster Preparedness
Barangay 303,303,641,738.0,113.51279676306649,15.132605304212168,1.041939207,1.0,0,2,74.91004060070152,99.99999999999996,25.089959399298436,16312.160888195918,552.8360996331772,737.9999999999997,185.16390036682242,0.5439167275848177,0.043234175891161,0.345482200078521,0.157216360822984,19.54804942292519,Medium,486,Medium,0.9904939393119643,Gradient Boosting,True,"Periodic drainage/waterway clearing, more frequent early-warning checks, community drills, relief-stock review, and evacuation-route verification.",Disaster Prevention and Mitigation; Disaster Preparedness
Barangay 503,503,1183,1038.0,395.92507657325694,-12.256973795435334,2.984761905,3.0,2,3,96.79093399305933,100.0,3.209066006940674,841.3234503948115,1004.6898948479558,1038.0,33.31010515204423,0.5034077060546478,0.05813221486580314,0.28554299231802205,0.15711515704560294,19.53494229695524,Medium,487,Medium,0.9948359478268657,Gradient Boosting,True,"Periodic drainage/waterway clearing, more frequent early-warning checks, community drills, relief-stock review, and evacuation-route verification.",Disaster Prevention and Mitigation; Disaster Preparedness
Barangay 875,875,1022,1003.0,325.14067894151214,-1.8590998043052838,1.884022709,2.0,1,2,100.0,100.0,0.0,0.0,1003.0,1003.0,0.0,0.5000000000017545,0.05579272469906774,0.3245919667527048,0.15695521493164727,19.51422783856479,Medium,488,Medium,0.9980715867813463,Gradient Boosting,True,"Periodic drainage/waterway clearing, more frequent early-warning checks, community drills, relief-stock review, and evacuation-route verification.",Disaster Prevention and Mitigation; Disaster Preparedness
Barangay 761,761,1062,1097.0,375.20020397313215,3.295668549905838,4.0,4.0,4,4,99.6579761129615,100.0,0.3420238870384935,100.00000002881643,1093.2479979591878,1097.0,3.752002040812158,0.5003815281653724,0.061065774596263105,0.25402269116005516,0.15691346421828922,19.508820610954515,Medium,489,Medium,0.9848984135948431,Gradient Boosting,True,"Periodic drainage/waterway clearing, more frequent early-warning checks, community drills, relief-stock review, and evacuation-route verification.",Disaster Prevention and Mitigation; Disaster Preparedness
Barangay 451,451,1027,1030.0,526.8499228418096,0.2921129503407984,3.0,3.0,3,3,100.0,100.0,0.0,0.0,1030.0,1030.0,0.0,0.5000000000017545,0.057294622572307934,0.3017902231961436,0.15676663644979053,19.48980462056957,Medium,490,Medium,0.995254637956199,Gradient Boosting,True,"Periodic drainage/waterway clearing, more frequent early-warning checks, community drills, relief-stock review, and evacuation-route verification.",Disaster Prevention and Mitigation; Disaster Preparedness
Barangay 788,788,969,933.0,658.2742476897107,-3.7151702786377707,1.343971631,1.0,1,2,100.0,100.0,0.0,0.0,933.0,933.0,0.0,0.5000000000017545,0.05189891539807465,0.37131929529836444,0.15673008070061106,19.48507020430745,Medium,491,Medium,0.9953804402676067,Gradient Boosting,True,"Periodic drainage/waterway clearing, more frequent early-warning checks, community drills, relief-stock review, and evacuation-route verification.",Disaster Prevention and Mitigation; Disaster Preparedness
Barangay 575,575,1007,1078.0,723.8932811606822,7.0506454816285995,2.098993289,2.0,2,3,92.12519857772068,95.73005814187836,3.604859564157678,536.8247932804625,993.1096406678289,1031.9700267694486,38.860386101619724,0.48175381734559264,0.057862206877588286,0.35429141901442046,0.15669918557562923,19.481068908056727,Medium,492,Medium,0.9954100171270315,Gradient Boosting,True,"Periodic drainage/waterway clearing, more frequent early-warning checks, community drills, relief-stock review, and evacuation-route verification.",Disaster Prevention and Mitigation; Disaster Preparedness
Barangay 380,380,921,957.0,657.7323291901542,3.908794788273615,2.751286449,3.0,2,3,93.1271438937214,100.0,6.872856106278604,1000.0000002747402,891.2267670629137,957.0,65.77323293708628,0.5058753637583402,0.054009124474803875,0.3235029519957273,0.15668874914131245,19.479717262270302,Medium,493,Medium,0.9933281900035825,Gradient Boosting,True,"Periodic drainage/waterway clearing, more frequent early-warning checks, community drills, relief-stock review, and evacuation-route verification.",Disaster Prevention and Mitigation; Disaster Preparedness
Barangay 623,623,954,980.0,387.4112220374605,2.7253668763102725,1.95270936,2.0,1,3,100.0,100.0,0.0,0.0,980.0,980.0,0.0,0.5000000000017545,0.05451333021445573,0.32943508010927797,0.1562754543937412,19.426190541634803,Medium,494,Medium,0.9981619280617303,Gradient Boosting,True,"Periodic drainage/waterway clearing, more frequent early-warning checks, community drills, relief-stock review, and evacuation-route verification.",Disaster Prevention and Mitigation; Disaster Preparedness
Barangay 352,352,1342,1401.0,392.3906237473476,4.396423248882265,2.0,2.0,2,2,30.58601766085434,77.65844571960953,47.07242805875519,16806.841886410344,428.51010742856926,1087.9948245317296,659.4847171031604,0.4462031137544534,0.06829317452061257,0.3289051059271883,0.15619772771582294,19.41612398695608,Medium,495,Medium,0.9853374415914149,Gradient Boosting,True,"Periodic drainage/waterway clearing, more frequent early-warning checks, community drills, relief-stock review, and evacuation-route verification.",Disaster Prevention and Mitigation; Disaster Preparedness
Barangay 607,607,1782,1443.0,306.99818657176957,-19.023569023569024,1.732304417,2.0,1,3,28.344327182651277,75.56874764474655,47.224420462095274,22197.146988968514,409.0086412456579,1090.4570285136926,681.4483872680348,0.44541051081986494,0.06868899565136546,0.3206188938756933,0.1558639325269674,19.372893430728737,Medium,496,Medium,0.9774731765940808,Gradient Boosting,True,"Periodic drainage/waterway clearing, more frequent early-warning checks, community drills, relief-stock review, and evacuation-route verification.",Disaster Prevention and Mitigation; Disaster Preparedness
Barangay 491,491,813,926.0,422.0618959834036,13.899138991389915,2.0,2.0,2,2,95.26263553039637,100.0,4.737364469603634,1039.37349962183,882.1320050114704,926.0,43.86799498852963,0.5046710434151636,0.05202655293370295,0.3358112676475245,0.15567997353697682,19.34906849338444,Medium,497,Medium,0.9974950413014135,Gradient Boosting,True,"Periodic drainage/waterway clearing, more frequent early-warning checks, community drills, relief-stock review, and evacuation-route verification.",Disaster Prevention and Mitigation; Disaster Preparedness
Barangay 440,440,1004,918.0,735.7938541592848,-8.565737051792828,3.0,3.0,3,3,88.77874296531563,100.0,11.22125703468437,1399.999999947031,814.9888604215975,918.0,103.01113957840255,0.5091797429871476,0.05227859414968535,0.3151665729015072,0.15554849587285968,19.332040529108667,Medium,498,Medium,0.9902638219312982,Gradient Boosting,True,"Periodic drainage/waterway clearing, more frequent early-warning checks, community drills, relief-stock review, and evacuation-route verification.",Disaster Prevention and Mitigation; Disaster Preparedness
Barangay 167,167,926,955.0,331.97630625301565,3.131749460043196,1.570931245,2.0,1,2,65.00219190188403,93.54910082696524,28.546908925081212,8212.121621316739,620.7709326629925,893.3939128975181,272.6229802345256,0.49935122684759364,0.052908867269416016,0.3389035143011889,0.15549352834951902,19.32492156308461,Medium,499,Medium,0.9841681835271772,Gradient Boosting,True,"Periodic drainage/waterway clearing, more frequent early-warning checks, community drills, relief-stock review, and evacuation-route verification.",Disaster Prevention and Mitigation; Disaster Preparedness
Barangay 478,478,1129,935.0,362.59556821986536,-17.183348095659877,2.023300971,2.0,2,3,89.25362011311957,99.22439450662044,9.970774393500875,2571.094319683016,834.521348057668,927.7480886369011,93.22674057923314,0.5066337156708428,0.05270552308035289,0.31551973609600187,0.15539781187928367,19.31252511044975,Medium,500,Medium,0.992551959442274,Gradient Boosting,True,"Periodic drainage/waterway clearing, more frequent early-warning checks, community drills, relief-stock review, and evacuation-route verification.",Disaster Prevention and Mitigation; Disaster Preparedness
Barangay 89,89,720,728.0,586.4701902902183,1.1111111111111112,2.0,2.0,2,2,61.51525320148904,100.0,38.48474679851096,4777.207116946838,447.83104330684023,728.0,280.16895669315977,0.53144003796468,0.04379762595587202,0.3436294300013604,0.15512563642366153,19.27727506272343,Medium,501,Medium,0.9899150747625779,Gradient Boosting,True,"Periodic drainage/waterway clearing, more frequent early-warning checks, community drills, relief-stock review, and evacuation-route verification.",Disaster Prevention and Mitigation; Disaster Preparedness
Barangay 888,888,837,846.0,130.38524518409417,1.0752688172043012,2.300656117,3.0,1,4,78.06099785377421,98.46096219867474,20.399964344900525,13236.44390238967,660.3960418429298,832.9797402007883,172.58369835785857,0.5279652293998339,0.048369236930071564,0.294455079927539,0.15504759465136606,19.267167699472125,Medium,502,Medium,0.9746050659511477,Gradient Boosting,True,"Periodic drainage/waterway clearing, more frequent early-warning checks, community drills, relief-stock review, and evacuation-route verification.",Disaster Prevention and Mitigation; Disaster Preparedness
Barangay 760,760,1041,966.0,337.3900517890663,-7.204610951008646,3.967629046,4.0,3,4,87.0771926331815,100.0,12.922807366818503,3700.0000000448163,841.1656808365333,966.0,124.83431916346672,0.5142764046941901,0.05520583797077189,0.2471512264552608,0.1548051170897437,19.235763891953138,Medium,503,Medium,0.9890776547317971,Gradient Boosting,True,"Periodic drainage/waterway clearing, more frequent early-warning checks, community drills, relief-stock review, and evacuation-route verification.",Disaster Prevention and Mitigation; Disaster Preparedness
Barangay 302,302,654,766.0,742.8870887278208,17.12538226299694,1.0,1.0,1,1,85.54338840376442,100.0,14.456611596235575,1490.6389747168778,655.2623551728354,766.0,110.73764482716456,0.5112710309863401,0.04391452826012024,0.40064472095572556,0.15460974933136404,19.21046137967727,Medium,504,Medium,0.9963335528769371,Gradient Boosting,True,"Periodic drainage/waterway clearing, more frequent early-warning checks, community drills, relief-stock review, and evacuation-route verification.",Disaster Prevention and Mitigation; Disaster Preparedness
Barangay 482,482,701,864.0,528.0316766571297,23.25249643366619,2.0,2.0,2,2,92.49281718862214,100.0,7.507182811377859,1228.3744017202607,799.1379405096953,864.0,64.86205949030466,0.5066591037944937,0.04882518180091381,0.3490374402156333,0.15442628726497468,19.186700800012172,Medium,505,Medium,0.9981236566022534,Gradient Boosting,True,"Periodic drainage/waterway clearing, more frequent early-warning checks, community drills, relief-stock review, and evacuation-route verification.",Disaster Prevention and Mitigation; Disaster Preparedness
Barangay 253,253,1329,1339.0,563.8701803492836,0.7524454477050414,1.823036649,2.0,1,2,49.78683242079566,81.62469307085672,31.83786065006106,7560.40962904343,666.645686114454,1092.9546402187716,426.30895410431765,0.44053633362415623,0.06582091060993893,0.34802297592208026,0.15435379260826992,19.17731185602049,Medium,506,Medium,0.9784676869011184,Gradient Boosting,True,"Periodic drainage/waterway clearing, more frequent early-warning checks, community drills, relief-stock review, and evacuation-route verification.",Disaster Prevention and Mitigation; Disaster Preparedness
Barangay 445,445,931,941.0,736.1459130763241,1.0741138560687433,2.899803536,3.0,2,3,100.0,100.0,0.0,0.0,941.0,941.0,0.0,0.5000000000017545,0.05234392217533101,0.3233349447964353,0.1542978754321474,19.170069898355592,Medium,507,Medium,0.9828488992432142,Gradient Boosting,True,"Periodic drainage/waterway clearing, more frequent early-warning checks, community drills, relief-stock review, and evacuation-route verification.",Disaster Prevention and Mitigation; Disaster Preparedness
Barangay 502,502,815,920.0,526.5131329153968,12.883435582822086,2.621428571,3.0,2,3,96.80271151702551,99.99999999999996,3.197288482974443,558.6765496330227,890.5849459566348,919.9999999999995,29.415054043364762,0.5028991164898795,0.0515224586922312,0.32142519442234174,0.15413123198936782,19.14848753598632,Medium,508,Medium,0.9912459308882046,Gradient Boosting,True,"Periodic drainage/waterway clearing, more frequent early-warning checks, community drills, relief-stock review, and evacuation-route verification.",Disaster Prevention and Mitigation; Disaster Preparedness
Barangay 436,436,964,967.0,463.7180730335864,0.3112033195020747,3.0,3.0,3,3,99.09783920106985,100.0,0.9021607989301543,188.12928442887642,958.2761050743454,967.0,8.723894925654577,0.5008721335876879,0.053893012093383236,0.29651222380227565,0.1540811037469566,19.14199531598289,Medium,509,Medium,0.995254637956199,Gradient Boosting,True,"Periodic drainage/waterway clearing, more frequent early-warning checks, community drills, relief-stock review, and evacuation-route verification.",Disaster Prevention and Mitigation; Disaster Preparedness
Barangay 390,390,792,900.0,137.33480906620628,13.636363636363635,2.0,2.0,2,2,83.4451771926637,97.25330381857997,13.808126625916259,9048.917785536556,751.0065947339734,875.2797343672197,124.27313963324627,0.5105629247000331,0.05015283240307696,0.3118449634865259,0.15403053854706916,19.135446504646286,Medium,510,Medium,0.995607348818911,Gradient Boosting,True,"Periodic drainage/waterway clearing, more frequent early-warning checks, community drills, relief-stock review, and evacuation-route verification.",Disaster Prevention and Mitigation; Disaster Preparedness
Barangay 322,322,799,867.0,570.5178855171001,8.51063829787234,2.0,2.0,2,2,86.65642068118873,98.68392644596727,12.027505764778539,1827.786255747531,751.3111673059063,855.5896422865362,104.27847498062988,0.5038395564999424,0.04882190166464939,0.3457363507848039,0.15368978452720772,19.09131469476065,Medium,511,Medium,0.9976199825724111,Gradient Boosting,True,"Periodic drainage/waterway clearing, more frequent early-warning checks, community drills, relief-stock review, and evacuation-route verification.",Disaster Prevention and Mitigation; Disaster Preparedness
Barangay 460,460,789,861.0,252.72119631821886,9.125475285171103,2.584615385,3.0,2,3,87.32607602470225,99.99999999999996,12.673923975297711,4317.90000273304,751.8775145726863,860.9999999999997,109.12248542731334,0.5152243779632452,0.04917994782934792,0.29809081747171734,0.15340759550204378,19.054767767404044,Medium,512,Medium,0.9899649525002321,Gradient Boosting,True,"Periodic drainage/waterway clearing, more frequent early-warning checks, community drills, relief-stock review, and evacuation-route verification.",Disaster Prevention and Mitigation; Disaster Preparedness
Barangay 864,864,813,822.0,415.53856802971734,1.107011070110701,1.0,1.0,1,1,90.78310746739412,99.49447862794976,8.711371160555643,1723.244879032416,746.2371433819796,817.844614321747,71.60747093976738,0.5057281600985621,0.0463372492959444,0.36577844816595295,0.1533469584758106,19.0469145314691,Medium,513,Medium,0.996887782662606,Gradient Boosting,True,"Periodic drainage/waterway clearing, more frequent early-warning checks, community drills, relief-stock review, and evacuation-route verification.",Disaster Prevention and Mitigation; Disaster Preparedness
Barangay 488,488,783,818.0,367.8900337034639,4.469987228607918,2.0,2.0,2,2,85.0259509519133,100.0,14.974049048086698,3329.4656009105056,695.5122787866508,818.0,122.48772121334923,0.5148428041548535,0.046945556108205534,0.3268875684675223,0.1533191203133131,19.043309149218864,Medium,514,Medium,0.9952654196027311,Gradient Boosting,True,"Periodic drainage/waterway clearing, more frequent early-warning checks, community drills, relief-stock review, and evacuation-route verification.",Disaster Prevention and Mitigation; Disaster Preparedness
Barangay 666,666,810,904.0,13.07774070364935,11.604938271604938,2.256059619,2.0,0,5,42.36201293495864,62.7429287862518,20.38091585129316,140883.2637615127,382.95259693202615,567.1960762277163,184.24347929569012,0.5758753780874805,0.033722215054844705,0.29115676860733863,0.15311940335275812,19.017443362110225,Medium,515,Medium,0.9642536077258248,Gradient Boosting,True,"Periodic drainage/waterway clearing, more frequent early-warning checks, community drills, relief-stock review, and evacuation-route verification.",Disaster Prevention and Mitigation; Disaster Preparedness
Barangay 90,90,630,645.0,646.2057732350654,2.380952380952381,2.0,2.0,2,2,53.13982976174751,99.97952412877066,46.83969436702316,4675.229488508469,342.7519019632714,644.8679306305708,302.11602866729936,0.5361418657206781,0.03943199749706503,0.3492227231181712,0.15308276381502745,19.01269809420675,Medium,516,Medium,0.9520838916863256,Gradient Boosting,True,"Periodic drainage/waterway clearing, more frequent early-warning checks, community drills, relief-stock review, and evacuation-route verification.",Disaster Prevention and Mitigation; Disaster Preparedness
Barangay 609,609,1046,859.0,299.55490256859764,-17.877629063097515,1.571801567,2.0,1,2,93.52416534427856,100.0,6.475834655721442,1857.0024798678896,803.3725803073528,859.0,55.62741969264721,0.5071592389459404,0.04843821514730313,0.32638153617490845,0.15292686119524107,18.992506799677393,Medium,517,Medium,0.9931785917908952,Gradient Boosting,True,"Periodic drainage/waterway clearing, more frequent early-warning checks, community drills, relief-stock review, and evacuation-route verification.",Disaster Prevention and Mitigation; Disaster Preparedness
Barangay 454,454,1153,936.0,472.79661412461786,-18.820468343451864,2.968513854,3.0,2,3,97.52112180308228,100.0,2.4788781969177194,490.74589855320664,912.7977000768501,936.0,23.202299923149894,0.5023499165356283,0.05233925010372106,0.2895191375298192,0.15279848859194947,18.975880978725105,Medium,518,Medium,0.9813382895097252,Gradient Boosting,True,"Periodic drainage/waterway clearing, more frequent early-warning checks, community drills, relief-stock review, and evacuation-route verification.",Disaster Prevention and Mitigation; Disaster Preparedness
Barangay 679,679,931,860.0,190.7880870740467,-7.626208378088077,2.878737542,3.0,1,3,69.98761874326712,96.60089824886758,26.61327950560046,11996.252347733629,601.8935211920973,830.7677249402612,228.87420374816395,0.5201714813658027,0.048909619127191856,0.2743849022884817,0.15279270655718222,18.9751321345612,Medium,519,Medium,0.9518102133584033,Gradient Boosting,True,"Periodic drainage/waterway clearing, more frequent early-warning checks, community drills, relief-stock review, and evacuation-route verification.",Disaster Prevention and Mitigation; Disaster Preparedness
Barangay 43,43,3362,2949.0,2281.980044600194,-12.284354550862583,1.875968992,2.0,1,2,39.504364986918574,54.12984021015623,14.625475223237657,1890.0483610882911,1164.9837234642287,1596.2889877975074,431.3052643332787,0.2827297478019316,0.09387819550218585,0.4839075929243401,0.15278055863028517,18.97355882956969,Medium,520,Medium,0.8580081968765441,Gradient Boosting,True,"Periodic drainage/waterway clearing, more frequent early-warning checks, community drills, relief-stock review, and evacuation-route verification.",Disaster Prevention and Mitigation; Disaster Preparedness
Barangay 813,813,1001,967.0,430.36554753161465,-3.3966033966033966,3.309734513,3.0,3,4,98.74256863491624,99.66370538226684,0.9211367473506016,206.97270954817577,954.8406386996401,963.7480310465204,8.907392346880329,0.4992354209397101,0.053714281225352455,0.28069943982338535,0.15272006694841742,18.9657244175063,Medium,521,Medium,0.9915276205018217,Gradient Boosting,True,"Periodic drainage/waterway clearing, more frequent early-warning checks, community drills, relief-stock review, and evacuation-route verification.",Disaster Prevention and Mitigation; Disaster Preparedness
Barangay 501,501,845,941.0,498.8298739607582,11.36094674556213,2.0,2.0,2,2,31.16923732208005,87.0981388368676,55.928901514787555,10550.51011831647,293.3025232007733,819.5934864549241,526.2909632541508,0.4875840160945908,0.051793330651130655,0.3410591263761868,0.15251226478654986,18.93881149801942,Medium,522,Medium,0.91363732660134,Gradient Boosting,True,"Periodic drainage/waterway clearing, more frequent early-warning checks, community drills, relief-stock review, and evacuation-route verification.",Disaster Prevention and Mitigation; Disaster Preparedness
Barangay 568,568,1847,1881.0,897.1387095773222,1.8408229561451002,3.543400713,3.0,3,5,64.00885776080793,74.7055582538353,10.696700493027379,2242.7405497711807,1204.006614480797,1405.211550754642,201.20493627384508,0.38389000468639656,0.08053743972860666,0.313704787423344,0.15248107612829623,18.934772185622762,Medium,523,Medium,0.9389071734331389,Gradient Boosting,True,"Periodic drainage/waterway clearing, more frequent early-warning checks, community drills, relief-stock review, and evacuation-route verification.",Disaster Prevention and Mitigation; Disaster Preparedness
Barangay 201,201,1152,1166.0,223.13842660629786,1.215277777777778,2.658221797,3.0,2,4,87.25616027055865,92.2337755675214,4.977615296962753,2601.030904685409,1017.4068287547138,1075.4458231172996,58.038994362585754,0.4687544627625786,0.06050661970634838,0.289248945174195,0.15242519717860195,18.92753517874748,Medium,524,Medium,0.9604374723630194,Gradient Boosting,True,"Periodic drainage/waterway clearing, more frequent early-warning checks, community drills, relief-stock review, and evacuation-route verification.",Disaster Prevention and Mitigation; Disaster Preparedness
Barangay 611,611,808,774.0,243.59954789073828,-4.207920792079208,2.460267506,2.0,2,3,61.72466115718657,97.10233758758132,35.37767643039475,11240.711156577083,477.748877356624,751.5720929278795,273.82321557125545,0.5265674315572298,0.04503405409590127,0.29565761669328666,0.1523476005271591,18.917485464086354,Medium,525,Medium,0.961804975614508,Gradient Boosting,True,"Periodic drainage/waterway clearing, more frequent early-warning checks, community drills, relief-stock review, and evacuation-route verification.",Disaster Prevention and Mitigation; Disaster Preparedness
Barangay 463,463,830,856.0,643.824390724361,3.132530120481928,2.0,2.0,2,2,100.0,100.0,0.0,0.0,856.0,856.0,0.0,0.5000000000017545,0.04761572516698226,0.34937298892181173,0.15225486902718963,18.905475601579887,Medium,526,Medium,0.9956211900742321,Gradient Boosting,True,"Periodic drainage/waterway clearing, more frequent early-warning checks, community drills, relief-stock review, and evacuation-route verification.",Disaster Prevention and Mitigation; Disaster Preparedness
Barangay 348,348,1249,955.0,420.8410492013697,-23.53883106485188,2.0,2.0,2,2,82.65014794596782,95.5932874424251,12.943139496457277,2937.141764705131,789.3089128839925,912.9158950751596,123.60698219116705,0.4909012672515424,0.05223852454223419,0.3182900401552335,0.15217332766631875,18.894914998840022,Medium,527,Medium,0.9956161964862731,Gradient Boosting,True,"Periodic drainage/waterway clearing, more frequent early-warning checks, community drills, relief-stock review, and evacuation-route verification.",Disaster Prevention and Mitigation; Disaster Preparedness
Barangay 126,126,1162,913.0,66.85198503937413,-21.428571428571427,1.919017955,2.0,0,4,44.13456527159207,81.92297879972456,37.78841352813249,51607.774295505,402.9485809296356,747.9567964414853,345.00821551184964,0.5237411707999327,0.045671920797483556,0.2925806498532114,0.15210326238502195,18.885840688652774,Medium,528,Medium,0.8492155146010426,Gradient Boosting,True,"Periodic drainage/waterway clearing, more frequent early-warning checks, community drills, relief-stock review, and evacuation-route verification.",Disaster Prevention and Mitigation; Disaster Preparedness
Barangay 509,509,1260,814.0,371.16391846590807,-35.3968253968254,2.0,2.0,2,2,85.40581323005762,100.0,14.594186769942382,3200.6527142600644,695.203319692669,814.0,118.79668030733103,0.5143875698508814,0.046679550929566986,0.30861266330766074,0.1519786172272991,18.8696976174543,Medium,529,Medium,0.988393379546611,Gradient Boosting,True,"Periodic drainage/waterway clearing, more frequent early-warning checks, community drills, relief-stock review, and evacuation-route verification.",Disaster Prevention and Mitigation; Disaster Preparedness
Barangay 361,361,715,726.0,353.25469803252486,1.5384615384615385,2.0,2.0,2,2,74.25968767588631,99.99999999999996,25.740312324113646,5290.083005657838,539.1253325269346,725.9999999999997,186.87466747306507,0.5247458909528078,0.04258682844720434,0.3242979857318195,0.15181288166615117,18.848232836851437,Medium,530,Medium,0.9918391045890245,Gradient Boosting,True,"Periodic drainage/waterway clearing, more frequent early-warning checks, community drills, relief-stock review, and evacuation-route verification.",Disaster Prevention and Mitigation; Disaster Preparedness
Barangay 272,272,1064,1103.0,559.767671677946,3.6654135338345863,1.695488722,2.0,1,2,16.054495358264383,79.71629302110493,63.66179766284055,12544.304784809465,177.08108380165615,879.2707120227874,702.1896282211312,0.4588268204220323,0.057186029557223655,0.3536858298487173,0.1517358073721161,18.838250773858288,Medium,531,Medium,0.9350521268785718,Gradient Boosting,True,"Periodic drainage/waterway clearing, more frequent early-warning checks, community drills, relief-stock review, and evacuation-route verification.",Disaster Prevention and Mitigation; Disaster Preparedness
Barangay 506,506,668,816.0,504.6197178945244,22.15568862275449,2.697063369,3.0,2,3,88.87536002998654,100.0,11.124639970013462,1798.9202351043295,725.2229378446901,816.0,90.77706215530986,0.5098299856880383,0.04646056961480421,0.32114787189234567,0.15165802810032064,18.82817740762972,Medium,532,Medium,0.9956248264186343,Gradient Boosting,True,"Periodic drainage/waterway clearing, more frequent early-warning checks, community drills, relief-stock review, and evacuation-route verification.",Disaster Prevention and Mitigation; Disaster Preparedness
Barangay 751,751,1541,1175.0,469.7621289830161,-23.75081116158339,4.0,4.0,4,4,75.91369530920493,91.15556243355036,15.241867124345433,3812.3962674209906,891.9859198831579,1071.0778585942169,179.09193871105902,0.4716373855781541,0.061690351150475435,0.24935755885873712,0.15156913062945604,18.816664098747538,Medium,533,Medium,0.9565116052815971,Gradient Boosting,True,"Periodic drainage/waterway clearing, more frequent early-warning checks, community drills, relief-stock review, and evacuation-route verification.",Disaster Prevention and Mitigation; Disaster Preparedness
Barangay 186,186,1678,1492.0,322.81216937256903,-11.084624553039331,2.596320346,3.0,2,3,32.57391540233811,74.21868169761534,41.64476629527723,19247.72273403441,486.00281780288464,1107.342730928421,621.3399131255362,0.4300971455107256,0.0689198519996428,0.29413038038831835,0.1515568862365419,18.815078300227913,Medium,534,Medium,0.9162224051119141,Gradient Boosting,True,"Periodic drainage/waterway clearing, more frequent early-warning checks, community drills, relief-stock review, and evacuation-route verification.",Disaster Prevention and Mitigation; Disaster Preparedness
Barangay 316,316,829,856.0,442.4210270231632,3.2569360675512664,2.0,2.0,2,2,99.99999999999996,99.99999999999996,0.0,0.0,855.9999999999997,855.9999999999997,0.0,0.5000000000017543,0.04761572516698224,0.3325646506481828,0.15128606405070094,18.780003517476402,Medium,535,Medium,0.9955763676617514,Gradient Boosting,True,"Periodic drainage/waterway clearing, more frequent early-warning checks, community drills, relief-stock review, and evacuation-route verification.",Disaster Prevention and Mitigation; Disaster Preparedness
Barangay 324,324,605,643.0,515.7654719814457,6.2809917355371905,2.0,2.0,2,2,39.94497498378937,96.791505618687,56.846530634897626,7087.003916298247,256.84618914576566,622.3693811281574,365.5231919823918,0.5304523172955633,0.03892779939401605,0.340113791303785,0.15108256184822827,18.753647495280436,Medium,536,Medium,0.9592054717015784,Gradient Boosting,True,"Periodic drainage/waterway clearing, more frequent early-warning checks, community drills, relief-stock review, and evacuation-route verification.",Disaster Prevention and Mitigation; Disaster Preparedness
Barangay 816,816,781,806.0,755.4662138599592,3.201024327784891,1.992990654,2.0,1,2,98.44696100197652,99.99999999999996,1.553038998023439,165.69231150804808,793.4825056759307,805.9999999999997,12.517494324068934,0.5012206799480811,0.04498196122276909,0.3590097321427197,0.15107172089741905,18.752243459664697,Medium,537,Medium,0.9956211900742321,Gradient Boosting,True,"Periodic drainage/waterway clearing, more frequent early-warning checks, community drills, relief-stock review, and evacuation-route verification.",Disaster Prevention and Mitigation; Disaster Preparedness
Barangay 634,634,1319,960.0,161.98664972535863,-27.217589082638362,3.406078514,3.0,1,4,89.45323431044952,97.91922784751868,8.465993537069167,5017.2985300739165,858.7510493803153,940.0245873361794,81.27353795586407,0.5035508562190445,0.053247535923894446,0.24362790344208216,0.15106576796091292,18.751472481637038,Medium,538,Medium,0.7174831361864842,Gradient Boosting,True,"Periodic drainage/waterway clearing, more frequent early-warning checks, community drills, relief-stock review, and evacuation-route verification.",Disaster Prevention and Mitigation; Disaster Preparedness
Barangay 748,748,812,888.0,310.1926002159136,9.35960591133005,3.998251748,4.0,3,4,57.75396596379206,94.33285551593788,36.57888955214582,10471.576014287872,512.8552177584735,837.6757569815284,324.8205392230549,0.5120719073926927,0.050424686505369985,0.2514638824949427,0.15104504852312858,18.748789061234227,Medium,539,Medium,0.9434283449403212,Gradient Boosting,True,"Periodic drainage/waterway clearing, more frequent early-warning checks, community drills, relief-stock review, and evacuation-route verification.",Disaster Prevention and Mitigation; Disaster Preparedness
Barangay 641,641,763,805.0,91.45994679067992,5.5045871559633035,1.710211067,2.0,1,2,93.38234084507847,99.77277031841906,6.390429473340589,5624.6432526498975,751.7278438028817,803.1708010632735,51.442957260391836,0.5126578809843076,0.04528335151359533,0.3147869728064148,0.15095445307361235,18.737055843365866,Medium,540,Medium,0.9944487418475657,Gradient Boosting,True,"Periodic drainage/waterway clearing, more frequent early-warning checks, community drills, relief-stock review, and evacuation-route verification.",Disaster Prevention and Mitigation; Disaster Preparedness
Barangay 439,439,1052,821.0,458.46819446469124,-21.958174904942965,3.0,3.0,3,3,84.89188056161204,100.0,15.10811943838796,2705.480163874656,696.9623394108348,821.0,124.03766058916517,0.5138155263956159,0.0471307008916207,0.28571117307130317,0.15088642741492536,18.72824568923257,Medium,541,Medium,0.9894041901664062,Gradient Boosting,True,"Periodic drainage/waterway clearing, more frequent early-warning checks, community drills, relief-stock review, and evacuation-route verification.",Disaster Prevention and Mitigation; Disaster Preparedness
Barangay 371,371,842,858.0,344.9423130854193,1.9002375296912115,2.0,2.0,2,2,100.0,100.0,0.0,0.0,858.0,858.0,0.0,0.5000000000017545,0.047726976861296344,0.3237702032645091,0.15086255001197008,18.725153273747015,Medium,542,Medium,0.9953595368225887,Gradient Boosting,True,"Periodic drainage/waterway clearing, more frequent early-warning checks, community drills, relief-stock review, and evacuation-route verification.",Disaster Prevention and Mitigation; Disaster Preparedness
Barangay 318,318,740,781.0,615.5982615155095,5.540540540540541,2.0,2.0,2,2,93.12505423026876,100.0,6.874945769731241,872.213744226894,727.306673538399,781.0,53.69332646160103,0.505649851489674,0.044076604274918434,0.3481296237324581,0.1506202471853232,18.693772096542762,Medium,543,Medium,0.9962227826834495,Gradient Boosting,True,"Periodic drainage/waterway clearing, more frequent early-warning checks, community drills, relief-stock review, and evacuation-route verification.",Disaster Prevention and Mitigation; Disaster Preparedness
Barangay 638,638,545,828.0,66.02533432645289,51.92660550458715,1.8095806,2.0,1,2,98.551134725865,99.7510682635369,1.199933537671896,1504.7935452774545,816.0033955301622,825.9388452220854,9.935449691923282,0.5021415932238739,0.046060644973848645,0.33063249767765374,0.15042218651676328,18.668120819488827,Medium,544,Medium,0.9942413526840221,Gradient Boosting,True,"Periodic drainage/waterway clearing, more frequent early-warning checks, community drills, relief-stock review, and evacuation-route verification.",Disaster Prevention and Mitigation; Disaster Preparedness
Barangay 106,106,2513,2716.0,363.86747702562366,8.07799442896936,2.009042197,2.0,1,3,33.301093041341986,56.06941543587178,22.768322394529797,16994.85871313204,904.4576870028483,1522.8453232382776,618.3876362354293,0.324090007688868,0.09199774081176289,0.3278996979671123,0.15035581009817434,18.659524262103393,Medium,545,Medium,0.9515460613356884,Gradient Boosting,True,"Periodic drainage/waterway clearing, more frequent early-warning checks, community drills, relief-stock review, and evacuation-route verification.",Disaster Prevention and Mitigation; Disaster Preparedness
Barangay 644,644,729,735.0,293.9021824755589,0.823045267489712,0.885885886,1.0,0,1,90.662405034446,100.0,9.337594965554004,2335.1756839209374,666.368677003178,735.0,68.63132299682195,0.5097153002648159,0.04169387122189718,0.35962127940119126,0.15028080058965504,18.64980961406803,Medium,546,Medium,0.9917665751872078,Gradient Boosting,True,"Periodic drainage/waterway clearing, more frequent early-warning checks, community drills, relief-stock review, and evacuation-route verification.",Disaster Prevention and Mitigation; Disaster Preparedness
Barangay 127,127,565,574.0,126.94742338872298,1.592920353982301,2.0,2.0,2,2,49.98205658632466,97.4853392639862,47.503282677661545,21478.87962521648,286.8970048055035,559.5658473752808,272.66884256977727,0.5538852794210408,0.034339938843262356,0.3053715622193074,0.150160719225573,18.63425760991961,Medium,547,Medium,0.5541441950567604,Gradient Boosting,True,"Periodic drainage/waterway clearing, more frequent early-warning checks, community drills, relief-stock review, and evacuation-route verification.",Disaster Prevention and Mitigation; Disaster Preparedness
Barangay 244,244,640,659.0,497.7763774383176,2.96875,1.0,1.0,1,1,81.17883179108385,100.0,18.82116820891615,2491.7112205093927,534.9685015032426,659.0,124.03149849675742,0.5156516638696277,0.03811924102712424,0.3735315521338583,0.14954825162172905,18.554935570329462,Medium,548,Medium,0.9633813296043547,Gradient Boosting,True,"Periodic drainage/waterway clearing, more frequent early-warning checks, community drills, relief-stock review, and evacuation-route verification.",Disaster Prevention and Mitigation; Disaster Preparedness
Barangay 446,446,1002,769.0,545.0973842153035,-23.253493013972058,2.181172291,2.0,2,3,89.25741277306388,99.9982961654658,10.740883392401926,1515.2777408109232,686.3895042248612,768.986897512432,82.59739328757087,0.5090891605401934,0.04374902219717577,0.32222195208666643,0.14954474943941506,18.554481994920057,Medium,549,Medium,0.9840076980293214,Gradient Boosting,True,"Periodic drainage/waterway clearing, more frequent early-warning checks, community drills, relief-stock review, and evacuation-route verification.",Disaster Prevention and Mitigation; Disaster Preparedness
Barangay 608,608,756,821.0,318.19505353615176,8.597883597883598,2.037754114,2.0,2,3,99.37955303126368,100.0,0.6204469687363172,160.08638590437477,815.9061303866748,821.0,5.093869613325182,0.5006542800121351,0.0457288557347077,0.3232698318739517,0.1494622959870927,18.54380326519066,Medium,550,Medium,0.9871781135713171,Gradient Boosting,True,"Periodic drainage/waterway clearing, more frequent early-warning checks, community drills, relief-stock review, and evacuation-route verification.",Disaster Prevention and Mitigation; Disaster Preparedness
Barangay 735,735,2063,2038.0,911.9946387786581,-1.211827435773146,3.816574586,4.0,3,4,56.35605931643889,69.89688076904787,13.54082145260898,3025.916266062037,1148.5364888690247,1424.4984300731955,275.9619412041709,0.3629333863559569,0.0824913582201637,0.30356717246675263,0.14931955668525068,18.52531678120241,Medium,551,Medium,0.9355486468955417,Gradient Boosting,True,"Periodic drainage/waterway clearing, more frequent early-warning checks, community drills, relief-stock review, and evacuation-route verification.",Disaster Prevention and Mitigation; Disaster Preparedness
Barangay 165,165,1014,903.0,397.7403669135744,-10.946745562130179,1.0,1.0,1,1,84.93094313751443,94.04361884548102,9.112675707966588,2068.87378018683,766.9264165317553,849.2138781746936,82.2874616429383,0.47932663359849936,0.04820806317569762,0.35867964076628994,0.14924820455717405,18.516075808630777,Medium,552,Medium,0.9914914170384915,Gradient Boosting,True,"Periodic drainage/waterway clearing, more frequent early-warning checks, community drills, relief-stock review, and evacuation-route verification.",Disaster Prevention and Mitigation; Disaster Preparedness
Barangay 78,78,1221,844.0,573.4381907265589,-30.876330876330876,2.966159052,3.0,2,3,96.8841492234734,100.0,3.1158507765265995,458.59834554382905,817.7022194461156,844.0,26.297780553884422,0.5026729341869033,0.047258154813883006,0.2924237797668917,0.14921990957041967,18.51241126205648,Medium,553,Medium,0.9609343997996392,Gradient Boosting,True,"Periodic drainage/waterway clearing, more frequent early-warning checks, community drills, relief-stock review, and evacuation-route verification.",Disaster Prevention and Mitigation; Disaster Preparedness
Barangay 492,492,1107,1165.0,385.88159865797826,5.239385727190606,2.098006645,2.0,2,3,62.335091997647,84.84302896274959,22.507936965102587,6795.282971652105,726.2038217725875,988.4212874160327,262.21746564344517,0.44970337157635987,0.058072208391498174,0.32517838229886603,0.14899733974231252,18.48358574931771,Medium,554,Medium,0.9695462408408336,Gradient Boosting,True,"Periodic drainage/waterway clearing, more frequent early-warning checks, community drills, relief-stock review, and evacuation-route verification.",Disaster Prevention and Mitigation; Disaster Preparedness
Barangay 403,403,630,755.0,330.46568412833653,19.841269841269842,2.0,2.0,2,2,92.39259489647094,100.0,7.607405103529061,1738.0294321070614,697.5640914683555,755.0,57.435908531644486,0.5076232961230295,0.04267444149158093,0.3309054117932666,0.1489571435743153,18.47837985432957,Medium,555,Medium,0.9963987346482623,Gradient Boosting,True,"Periodic drainage/waterway clearing, more frequent early-warning checks, community drills, relief-stock review, and evacuation-route verification.",Disaster Prevention and Mitigation; Disaster Preparedness
Barangay 74,74,1039,711.0,354.8515349533977,-31.56881616939365,3.0,3.0,3,3,71.02890091116289,100.0,28.971099088837107,5804.808327761175,505.0154854783682,711.0,205.9845145216318,0.5275870026684819,0.041977665161523826,0.2725623510996063,0.1489222890276447,18.473865764582538,Medium,556,Medium,0.923644324923412,Gradient Boosting,True,"Periodic drainage/waterway clearing, more frequent early-warning checks, community drills, relief-stock review, and evacuation-route verification.",Disaster Prevention and Mitigation; Disaster Preparedness
Barangay 877,877,1813,805.0,272.5969098377767,-55.5984555984556,1.794416244,2.0,1,3,94.5922055869055,100.0,5.407794413094507,1596.9639953481928,761.4672549745893,805.0,43.53274502541069,0.5060605254128325,0.045291874245942415,0.2984556645808555,0.1487471721375424,18.451185987232,Medium,557,Medium,0.9831541885419939,Gradient Boosting,True,"Periodic drainage/waterway clearing, more frequent early-warning checks, community drills, relief-stock review, and evacuation-route verification.",Disaster Prevention and Mitigation; Disaster Preparedness
Barangay 663,663,604,704.0,136.04272306477574,16.55629139072848,0.760963855,1.0,0,1,93.70320110423664,100.0,6.296798895763359,3258.4958039296835,659.670535773826,704.0,44.32946422617397,0.5095393894627737,0.03968305363899078,0.3582772027416054,0.1486622910326621,18.440192846828303,Medium,558,Medium,0.9881308422552373,Gradient Boosting,True,"Periodic drainage/waterway clearing, more frequent early-warning checks, community drills, relief-stock review, and evacuation-route verification.",Disaster Prevention and Mitigation; Disaster Preparedness
Barangay 154,154,948,774.0,319.5806441955468,-18.354430379746837,1.0,1.0,1,1,71.45115493177084,94.9534326560386,23.502277724267756,5692.072811347298,553.0319391719063,734.9395687577388,181.90762958583252,0.4988910187652625,0.04302555912496209,0.34868765442463134,0.14856114866312004,18.42709367392397,Medium,559,Medium,0.9786572092457582,Gradient Boosting,True,"Periodic drainage/waterway clearing, more frequent early-warning checks, community drills, relief-stock review, and evacuation-route verification.",Disaster Prevention and Mitigation; Disaster Preparedness
Barangay 363,363,559,616.0,258.5026471908906,10.196779964221825,2.0,2.0,2,2,68.34478907724191,100.0,31.655210922758087,7543.292163665756,421.0039007158102,616.0,194.99609928418982,0.5322735109171657,0.03656370265516485,0.3203916258256436,0.14852514523267019,18.42243078968715,Medium,560,Medium,0.9009464721314613,Gradient Boosting,True,"Periodic drainage/waterway clearing, more frequent early-warning checks, community drills, relief-stock review, and evacuation-route verification.",Disaster Prevention and Mitigation; Disaster Preparedness
Barangay 325,325,522,526.0,533.6072757147416,0.7662835249042145,2.0,2.0,2,2,38.85123038287628,98.98553749865889,60.134307115782605,5927.701323137673,204.35747181392924,520.6639272429458,316.3064554290165,0.5413269986079259,0.032690289812880836,0.3390420648273436,0.14844303849567123,18.411796963829303,Medium,561,Medium,0.8911490679272359,Gradient Boosting,True,"Periodic drainage/waterway clearing, more frequent early-warning checks, community drills, relief-stock review, and evacuation-route verification.",Disaster Prevention and Mitigation; Disaster Preparedness
Barangay 505,505,1200,788.0,426.93982970321014,-34.333333333333336,2.327001357,2.0,2,3,89.89408758824487,99.45819818573784,9.56411059749297,1765.2415226903322,708.3654101953696,783.7306017036142,75.3651915082446,0.5061300879824439,0.04448391610586744,0.30185413563030844,0.14835090337173235,18.399864339307037,Medium,562,Medium,0.9693003152217317,Gradient Boosting,True,"Periodic drainage/waterway clearing, more frequent early-warning checks, community drills, relief-stock review, and evacuation-route verification.",Disaster Prevention and Mitigation; Disaster Preparedness
Barangay 667,667,2371,3010.0,151.13266701242432,26.950653732602277,1.938565697,2.0,0,3,23.6053527704541,47.13671427533146,23.531361504877356,46865.71045812228,710.5211183906684,1418.815099687477,708.2939812968085,0.33288817438153767,0.08727058775223935,0.32143548672705063,0.14813701468349963,18.372163140273166,Medium,563,Medium,0.9001224502484731,Gradient Boosting,True,"Periodic drainage/waterway clearing, more frequent early-warning checks, community drills, relief-stock review, and evacuation-route verification.",Disaster Prevention and Mitigation; Disaster Preparedness
Barangay 537,537,1085,1474.0,880.9239744519516,35.85253456221198,5.0,5.0,5,5,61.97042514609053,80.21104492300117,18.24061977691064,3052.0991970837513,913.4440666533743,1182.3108021650373,268.866735511663,0.4173549101384703,0.06893584372515621,0.2750563584745106,0.14801202282370407,18.35597516691927,Medium,564,Medium,0.9546058963597299,Gradient Boosting,True,"Periodic drainage/waterway clearing, more frequent early-warning checks, community drills, relief-stock review, and evacuation-route verification.",Disaster Prevention and Mitigation; Disaster Preparedness
Barangay 858,858,665,718.0,486.10310233949724,7.969924812030076,1.0,1.0,1,1,99.99999999999996,99.99999999999996,0.0,0.0,717.9999999999997,717.9999999999997,0.0,0.5000000000017543,0.039939358259310144,0.37488091797763795,0.1479716463465652,18.350745919693754,Medium,565,Medium,0.9949917462864502,Gradient Boosting,True,"Periodic drainage/waterway clearing, more frequent early-warning checks, community drills, relief-stock review, and evacuation-route verification.",Disaster Prevention and Mitigation; Disaster Preparedness
Barangay 66,66,2956,3388.0,1281.0585373518052,14.614343707713125,3.0,3.0,3,3,19.541176481752064,47.28386059796632,27.742684116214253,7337.07407157474,662.05505920176,1601.9771970590987,939.9221378573387,0.2659923784638574,0.10018905269914526,0.37161407822232234,0.14781019835452797,18.329836431688587,Medium,566,Medium,0.8870664792107394,Gradient Boosting,True,"Periodic drainage/waterway clearing, more frequent early-warning checks, community drills, relief-stock review, and evacuation-route verification.",Disaster Prevention and Mitigation; Disaster Preparedness
Barangay 379,379,654,729.0,770.3614257135548,11.46788990825688,2.546666667,3.0,2,3,94.74942379620327,100.0,5.250576203796726,496.866785486096,690.7232994743218,729.0,38.276700525678166,0.5040145744347728,0.04100236328651944,0.3439135010446534,0.14775770707158933,18.323038169058425,Medium,567,Medium,0.9895253049523155,Gradient Boosting,True,"Periodic drainage/waterway clearing, more frequent early-warning checks, community drills, relief-stock review, and evacuation-route verification.",Disaster Prevention and Mitigation; Disaster Preparedness
Barangay 612,612,703,718.0,327.62406417010067,2.1337126600284493,2.127002288,2.0,1,3,85.20716359375714,99.49924937498116,14.292085781224017,3132.1623510509307,611.7874346031763,714.4046105123647,102.6171759091884,0.5115820239047959,0.040948784963682754,0.3177973617249556,0.1476717089301003,18.311900358762728,Medium,568,Medium,0.9689659941302717,Gradient Boosting,True,"Periodic drainage/waterway clearing, more frequent early-warning checks, community drills, relief-stock review, and evacuation-route verification.",Disaster Prevention and Mitigation; Disaster Preparedness
Barangay 664,664,456,555.0,38.82853289485066,21.710526315789476,1.508557457,1.0,0,3,72.51267203918022,95.30079661055706,22.78812457137684,32572.462038068465,402.4453298174502,528.9194211885916,126.47409137114141,0.5479014789211649,0.03091218649028524,0.3252730359701293,0.14758466836536882,18.300627541917812,Medium,569,Medium,0.9462884552658071,Gradient Boosting,True,"Periodic drainage/waterway clearing, more frequent early-warning checks, community drills, relief-stock review, and evacuation-route verification.",Disaster Prevention and Mitigation; Disaster Preparedness
Barangay 683,683,784,869.0,445.83780159208857,10.841836734693878,3.0,3.0,3,3,93.85859780944295,97.37250070670976,3.513902897266803,684.9086387068346,815.6312149640593,846.1670311413078,30.535816177248535,0.4901745363858953,0.047428646305443266,0.29991451854909945,0.14736901952585538,18.27269838178249,Medium,570,Medium,0.9853127899560817,Gradient Boosting,True,"Periodic drainage/waterway clearing, more frequent early-warning checks, community drills, relief-stock review, and evacuation-route verification.",Disaster Prevention and Mitigation; Disaster Preparedness
Barangay 625,625,1027,794.0,247.5861308500867,-22.687439143135347,2.113192818,2.0,1,3,99.4781400312693,100.0,0.5218599687306948,167.3586536327748,789.8564318482782,794.0,4.143568151721752,0.5006083606258112,0.04421575781907248,0.3000495859174914,0.1469809922511625,18.222444107675468,Medium,571,Medium,0.9731219976495458,Gradient Boosting,True,"Periodic drainage/waterway clearing, more frequent early-warning checks, community drills, relief-stock review, and evacuation-route verification.",Disaster Prevention and Mitigation; Disaster Preparedness
Barangay 620,620,725,736.0,327.9386491449438,1.5172413793103448,1.847098214,2.0,1,3,96.43544946428436,100.0,3.5645505357156395,800.0000003437162,709.7649080571329,736.0,26.235091942867143,0.5035464846955396,0.04124982448684753,0.3277436732820547,0.14692090233935692,18.214661729745114,Medium,572,Medium,0.9933873761447338,Gradient Boosting,True,"Periodic drainage/waterway clearing, more frequent early-warning checks, community drills, relief-stock review, and evacuation-route verification.",Disaster Prevention and Mitigation; Disaster Preparedness
Barangay 728,728,840,886.0,124.15090458378008,5.476190476190476,3.304484933,3.0,3,4,40.45770523180361,84.39692695739129,43.93922172558768,31357.121866639045,358.45526835377996,747.7567728424867,389.30150448870677,0.5038457669130058,0.04618282520174679,0.2593756815924688,0.14673530036215998,18.19062400547884,Medium,573,Low,0.7534385219634949,Gradient Boosting,True,"Periodic drainage/waterway clearing, more frequent early-warning checks, community drills, relief-stock review, and evacuation-route verification.",Disaster Prevention and Mitigation; Disaster Preparedness
Barangay 621,621,1787,2070.0,260.926113995834,15.836597649692221,3.218966604,3.0,0,7,30.49839082801709,61.75894771770463,31.26055688968754,24799.876014972713,631.3166901399538,1278.4102177564857,647.0935276165319,0.37145490270519027,0.07873915226766125,0.27876861917759826,0.14672137094831297,18.188819976155973,Medium,574,Low,0.9309547308174861,Gradient Boosting,True,"Periodic drainage/waterway clearing, more frequent early-warning checks, community drills, relief-stock review, and evacuation-route verification.",Disaster Prevention and Mitigation; Disaster Preparedness
Barangay 727,727,1790,2842.0,490.86133544779017,58.770949720670394,3.05869659,3.0,3,4,21.562947966040724,51.44836166728457,29.88541370124385,17303.12404040814,612.8189811948773,1462.1624385842274,849.3434573893501,0.3057783348746999,0.0913441980624154,0.32384482233723455,0.1461006918799706,18.108434451561966,Medium,575,Medium,0.9291277968063502,Gradient Boosting,True,"Periodic drainage/waterway clearing, more frequent early-warning checks, community drills, relief-stock review, and evacuation-route verification.",Disaster Prevention and Mitigation; Disaster Preparedness
Barangay 4,4,1691,1717.0,427.18150861776314,1.537551744529864,3.0,3.0,3,3,22.46301029967951,66.29738054785679,43.83437024817728,17618.64973033403,385.68988684549714,1138.3260240067011,752.636137161204,0.3889062957866676,0.07219075211991417,0.29402311474802895,0.14605822852128567,18.102934927672706,Medium,576,Medium,0.890546792103794,Gradient Boosting,True,"Periodic drainage/waterway clearing, more frequent early-warning checks, community drills, relief-stock review, and evacuation-route verification.",Disaster Prevention and Mitigation; Disaster Preparedness
Barangay 664-A,664,640,689.0,43.46493230060525,7.656250000000001,0.827607942,1.0,0,2,98.61215020237992,100.0,1.3878497976200777,2199.9999998778803,679.4377148943977,689.0,9.562285105602314,0.5047320333133748,0.0384389076645592,0.34395324018802614,0.14597704900557448,18.092421188303085,Medium,577,Medium,0.9785362109920959,Gradient Boosting,True,"Periodic drainage/waterway clearing, more frequent early-warning checks, community drills, relief-stock review, and evacuation-route verification.",Disaster Prevention and Mitigation; Disaster Preparedness
Barangay 360,360,741,796.0,253.1195078674389,7.422402159244265,2.0,2.0,2,2,78.87286931655572,94.59418136517417,15.721312048618444,4943.974684580233,627.8280397597836,752.9696836667864,125.14164390700284,0.49112455906194025,0.0433594682159135,0.31864997148090196,0.14558226060180884,18.041291265354197,Medium,578,Medium,0.9732360368786804,Gradient Boosting,True,"Periodic drainage/waterway clearing, more frequent early-warning checks, community drills, relief-stock review, and evacuation-route verification.",Disaster Prevention and Mitigation; Disaster Preparedness
Barangay 895,895,556,720.0,346.38640303633326,29.496402877697843,2.23253012,2.0,1,3,100.0,100.0,0.0,0.0,720.0,720.0,0.0,0.5000000000017545,0.04005060995362425,0.32825168103398655,0.1453673972575638,18.01346383645558,Medium,579,Medium,0.9896186854897889,Gradient Boosting,True,"Periodic drainage/waterway clearing, more frequent early-warning checks, community drills, relief-stock review, and evacuation-route verification.",Disaster Prevention and Mitigation; Disaster Preparedness
Barangay 442,442,670,688.0,423.0214943326188,2.6865671641791042,3.0,3.0,3,3,86.26571298086033,100.0,13.734287019139671,2233.7374331476058,593.508105308319,688.0,94.49189469168095,0.5121586818831659,0.03938424337159492,0.2942093499323764,0.14525072021172547,17.998352733123475,Medium,580,Medium,0.6798921173035981,Gradient Boosting,True,"Periodic drainage/waterway clearing, more frequent early-warning checks, community drills, relief-stock review, and evacuation-route verification.",Disaster Prevention and Mitigation; Disaster Preparedness
Barangay 461,461,863,733.0,330.97360130283244,-15.063731170336037,2.811512415,3.0,2,3,92.9956859643714,100.0,7.004314035628596,1551.2301186275326,681.6583781188424,733.0,51.34162188115761,0.5069319693110571,0.041378846942443356,0.2851154130074613,0.14521350317166642,17.993532671610893,Medium,581,Medium,0.9800610498355145,Gradient Boosting,True,"Periodic drainage/waterway clearing, more frequent early-warning checks, community drills, relief-stock review, and evacuation-route verification.",Disaster Prevention and Mitigation; Disaster Preparedness
Barangay 486,486,969,687.0,356.61499357482023,-29.102167182662537,2.0,2.0,2,2,91.17546595360989,100.0,8.824534046390113,1699.9999997470877,626.3754511013,687.0,60.62454889870003,0.5082820396774299,0.038929464493515635,0.3103230389931571,0.14509098364654338,17.97766489581119,Medium,582,Medium,0.8979053360712307,Gradient Boosting,True,"Periodic drainage/waterway clearing, more frequent early-warning checks, community drills, relief-stock review, and evacuation-route verification.",Disaster Prevention and Mitigation; Disaster Preparedness
Barangay 332,332,582,640.0,512.8385184843772,9.965635738831615,2.0,2.0,2,2,89.44665255414711,100.0,10.553347445852893,1317.0115195923227,572.4585763465415,640.0,67.54142365345854,0.5086339550143479,0.03639657042988997,0.34158305446972054,0.1450622185969998,17.973939470361113,Medium,583,Medium,0.9342237418938106,Gradient Boosting,True,"Periodic drainage/waterway clearing, more frequent early-warning checks, community drills, relief-stock review, and evacuation-route verification.",Disaster Prevention and Mitigation; Disaster Preparedness
Barangay 643,643,657,659.0,49.95263533344312,0.30441400304414,0.840439644,1.0,0,1,96.6987002812878,99.69679735750688,2.998097076219082,3955.2387177170895,637.2444348536866,657.0018945859704,19.75745973228379,0.5072915146408497,0.03677914401190413,0.34060799781345863,0.14503385624290527,17.97026619889298,Medium,584,Medium,0.9529638283485152,Gradient Boosting,True,"Periodic drainage/waterway clearing, more frequent early-warning checks, community drills, relief-stock review, and evacuation-route verification.",Disaster Prevention and Mitigation; Disaster Preparedness
Barangay 717,717,479,491.0,1791.3073943626132,2.5052192066805845,2.0,2.0,2,2,87.83194884471138,100.0,12.168051155288623,333.5280776514951,431.25486882753285,491.0,59.745131172467154,0.5078521946269002,0.028016433828333864,0.4451753522141864,0.14460140374796254,17.914258315848368,Medium,585,Medium,0.9169509230971615,Gradient Boosting,True,"Periodic drainage/waterway clearing, more frequent early-warning checks, community drills, relief-stock review, and evacuation-route verification.",Disaster Prevention and Mitigation; Disaster Preparedness
Barangay 807,807,2010,2066.0,658.6406092085496,2.7860696517412937,3.469648562,3.0,3,4,58.53101276749614,67.77567823162701,9.244665464130875,2899.8331687815444,1209.2507237764703,1400.2455122654142,190.99478848894387,0.34954023825709307,0.08014086509188412,0.29686132085287176,0.14458835313110882,17.912568101475802,Medium,586,Medium,0.9434443305189009,Gradient Boosting,True,"Periodic drainage/waterway clearing, more frequent early-warning checks, community drills, relief-stock review, and evacuation-route verification.",Disaster Prevention and Mitigation; Disaster Preparedness
Barangay 635,635,660,723.0,135.93909312056115,9.545454545454547,2.556288271,3.0,0,4,95.43416119980176,99.67887728177264,4.2447160819708785,2257.577019837241,689.9889854745667,720.6782827472161,30.68929727264947,0.5049332050747463,0.04045003726151653,0.28953944015245736,0.14438687190185084,17.88647382000921,Medium,587,Medium,0.9636152417492423,Gradient Boosting,True,"Periodic drainage/waterway clearing, more frequent early-warning checks, community drills, relief-stock review, and evacuation-route verification.",Disaster Prevention and Mitigation; Disaster Preparedness
Barangay 618,618,740,749.0,186.4345014672546,1.2162162162162162,2.064174455,2.0,1,3,98.80429957783484,99.03303575589774,0.2287361780629027,91.8946847395564,740.044203837983,741.7574378116741,1.7132339736911035,0.49546472823807286,0.04128107765974617,0.3078378034500485,0.14423834609696312,17.86723791316039,Medium,588,Medium,0.9788713537744996,Gradient Boosting,True,"Periodic drainage/waterway clearing, more frequent early-warning checks, community drills, relief-stock review, and evacuation-route verification.",Disaster Prevention and Mitigation; Disaster Preparedness
Barangay 328,328,679,659.0,572.0430081841233,-2.945508100147275,2.0,2.0,2,2,96.9532109661704,100.0,3.0467890338295973,350.9935345014219,638.921660267063,659.0,20.078339732937025,0.5024407801769275,0.036894072138834236,0.34053379974246756,0.14418021102637585,17.859708711057685,Medium,589,Medium,0.9120727914157768,Gradient Boosting,True,"Periodic drainage/waterway clearing, more frequent early-warning checks, community drills, relief-stock review, and evacuation-route verification.",Disaster Prevention and Mitigation; Disaster Preparedness
Barangay 200,200,1666,757.0,497.97005508568145,-54.56182472989196,2.561576355,3.0,2,3,98.54723562832643,99.40221186678356,0.8549762384571267,129.97107073048392,746.0025737064311,752.4747438315516,6.472170125120442,0.49775183634346926,0.041933324653020215,0.28983676663978397,0.1441307460675149,17.853302394379924,Medium,590,Medium,0.9569956314647383,Gradient Boosting,True,"Periodic drainage/waterway clearing, more frequent early-warning checks, community drills, relief-stock review, and evacuation-route verification.",Disaster Prevention and Mitigation; Disaster Preparedness
Barangay 141,141,529,553.0,794.078037666385,4.536862003780719,2.0,2.0,2,2,80.45473174013537,99.99999999999996,19.545268259864585,1361.142461447359,444.9146665229486,552.9999999999998,108.08533347705117,0.5140774990169118,0.03203496326197411,0.3626091562433007,0.144054928276832,17.84348306392646,Medium,591,Medium,0.8560440419386723,Gradient Boosting,True,"Periodic drainage/waterway clearing, more frequent early-warning checks, community drills, relief-stock review, and evacuation-route verification.",Disaster Prevention and Mitigation; Disaster Preparedness
Barangay 406,406,449,651.0,679.1702220794187,44.98886414253897,3.0,3.0,3,3,94.84738318543762,99.99999999999996,5.152616814562336,493.8899611955949,617.4564645371989,650.9999999999997,33.54353546280072,0.503950842320143,0.036607763173930497,0.33534238353710816,0.1439576259732536,17.830881226493396,Medium,592,Medium,0.7933194936134176,Gradient Boosting,True,"Periodic drainage/waterway clearing, more frequent early-warning checks, community drills, relief-stock review, and evacuation-route verification.",Disaster Prevention and Mitigation; Disaster Preparedness
Barangay 236,236,801,603.0,210.66770057733206,-24.719101123595504,1.752405949,2.0,1,2,74.97826730735399,98.55115512452971,23.572887817175726,6747.333034348627,452.11895186334453,594.2634654009141,142.1445135375696,0.5187943413192797,0.034731692428615304,0.30916883878183904,0.14390560727089413,17.82414416882359,Medium,593,Medium,0.9105387925667017,Gradient Boosting,True,"Periodic drainage/waterway clearing, more frequent early-warning checks, community drills, relief-stock review, and evacuation-route verification.",Disaster Prevention and Mitigation; Disaster Preparedness
Barangay 159,159,1558,1595.0,1163.2797463982024,2.3748395378690628,1.0,1.0,1,1,24.01240952442176,65.39940928482204,41.386999760400286,5674.668094431157,382.9979319145271,1043.1205780929115,660.1226461783845,0.3617613405999711,0.06580452503760491,0.42898679721710026,0.14381567148871502,17.8124963859371,Medium,594,Medium,0.882721418483015,Gradient Boosting,True,"Periodic drainage/waterway clearing, more frequent early-warning checks, community drills, relief-stock review, and evacuation-route verification.",Disaster Prevention and Mitigation; Disaster Preparedness
Barangay 268,268,489,609.0,139.19519955030177,24.539877300613497,0.888127854,1.0,0,2,96.1085678035223,99.99999999999996,3.891432196477652,1702.5603004351287,585.3011779234508,608.9999999999998,23.698822076548936,0.5053431362472971,0.03415544998341496,0.35761869508467575,0.1436720968969138,17.793901721691157,Medium,595,Medium,0.5965138811354401,Gradient Boosting,True,"Periodic drainage/waterway clearing, more frequent early-warning checks, community drills, relief-stock review, and evacuation-route verification.",Disaster Prevention and Mitigation; Disaster Preparedness
Barangay 301,301,448,505.0,285.66622566183776,12.723214285714285,1.0,1.0,1,1,76.71648209147611,100.0,23.28351790852389,4116.054152556175,387.41823456195436,505.0,117.58176543804564,0.5211966527584319,0.02947684544067312,0.3603072251853759,0.1433779249686583,17.755802861942588,Medium,596,Low,0.6190190507099661,Gradient Boosting,True,"Periodic drainage/waterway clearing, more frequent early-warning checks, community drills, relief-stock review, and evacuation-route verification.",Disaster Prevention and Mitigation; Disaster Preparedness
Barangay 382,382,896,804.0,242.48361632087847,-10.267857142857142,3.03030303,3.0,3,4,82.02252891834189,95.18927419629784,13.166745277955954,4365.6818403219695,659.4611325034688,765.3217645382347,105.8606320347659,0.491549591684272,0.043819321446191384,0.27195808410873634,0.14331764958009982,17.747996462506045,Medium,597,Medium,0.9590793149547806,Gradient Boosting,True,"Periodic drainage/waterway clearing, more frequent early-warning checks, community drills, relief-stock review, and evacuation-route verification.",Disaster Prevention and Mitigation; Disaster Preparedness
Barangay 887,887,665,723.0,200.60110425824183,8.721804511278195,2.490304709,3.0,1,4,83.50292483059326,96.3194434623143,12.816518631721038,4619.288116582531,603.7261465251893,696.3895762325324,92.66342970734308,0.49744149647373426,0.03982937077378642,0.2969773511187912,0.14290554667191865,17.694624099636886,Medium,598,Medium,0.92265412048028,Gradient Boosting,True,"Periodic drainage/waterway clearing, more frequent early-warning checks, community drills, relief-stock review, and evacuation-route verification.",Disaster Prevention and Mitigation; Disaster Preparedness
Barangay 685,685,1044,869.0,191.06067856221398,-16.762452107279692,3.223929748,3.0,3,4,81.20005888563098,93.30170782490336,12.10164893927238,5504.184852354818,705.6285117161332,810.7918409984102,105.163329282277,0.4834965410177473,0.04634041471389841,0.25756930482306356,0.14282476741873745,17.684162199156457,Low,599,Low,0.9232353991146469,Gradient Boosting,True,"Routine monitoring, drainage inspection, annual information updating, and regular drills.",Disaster Prevention and Mitigation; Disaster Preparedness
Barangay 594,594,636,686.0,225.9300173665761,7.861635220125786,2.49299258,2.0,2,4,67.35755362543081,94.40115117333453,27.043597547903715,8211.351521192992,462.07281787045537,647.5918970490749,185.5190791786195,0.5027131273066502,0.03820933463340608,0.2986002525392658,0.14280154770228976,17.681154962111144,Low,600,Low,0.9197490685058952,Gradient Boosting,True,"Routine monitoring, drainage inspection, annual information updating, and regular drills.",Disaster Prevention and Mitigation; Disaster Preparedness
Barangay 431,431,700,656.0,458.68545370339973,-6.2857142857142865,3.0,3.0,3,3,93.00784369380214,100.0,6.992156306197856,999.999999963331,610.1314546313421,656.0,45.86854536865792,0.5059465469188581,0.037031152244665334,0.29302138714108034,0.14222053406461324,17.605906595534783,Low,601,Medium,0.5490530747923628,Gradient Boosting,True,"Routine monitoring, drainage inspection, annual information updating, and regular drills.",Disaster Prevention and Mitigation; Disaster Preparedness
Barangay 441,441,856,666.0,521.1651244493077,-22.19626168224299,3.0,3.0,3,3,94.52228848152036,100.0,5.477711518479637,700.0000000311429,629.5184412869256,666.0,36.48155871307438,0.5045105635625846,0.03747677777211002,0.29085085698346214,0.14215248358710222,17.59709322706047,Low,602,Low,0.810653256704419,Gradient Boosting,True,"Routine monitoring, drainage inspection, annual information updating, and regular drills.",Disaster Prevention and Mitigation; Disaster Preparedness
Barangay 206,206,2433,2487.0,599.7271296102566,2.219482120838471,2.942667471,3.0,2,4,42.83140671322443,58.3655990130827,15.534192299858269,6441.852359564629,1065.2170849578915,1451.5524474553667,386.3353624974752,0.3125280101662935,0.08529709753547927,0.3108806237665194,0.1421228738085165,17.5932583988761,Low,603,Low,0.9371607979521916,Gradient Boosting,True,"Routine monitoring, drainage inspection, annual information updating, and regular drills.",Disaster Prevention and Mitigation; Disaster Preparedness
Barangay 357,357,736,553.0,267.9944968175852,-24.86413043478261,2.0,2.0,2,2,77.46795920475611,99.515380656779,22.04742145202289,4549.430756135076,428.39781440230126,550.3200550319879,121.9222406296866,0.5188050460795842,0.03204896777358691,0.3048735058053501,0.14164938646442932,17.53193600138536,Low,604,Low,0.9080945080803323,Gradient Boosting,True,"Routine monitoring, drainage inspection, annual information updating, and regular drills.",Disaster Prevention and Mitigation; Disaster Preparedness
Barangay 661,661,441,486.0,39.75180803719647,10.204081632653061,0.787325677,1.0,0,4,90.47246426979387,99.67675812521944,9.204293855425561,11253.039885760882,439.69617635119823,484.42904448856643,44.7328681373682,0.5238444714427739,0.027473987656669727,0.3462966415097355,0.1415798861421107,17.52293486029009,Low,605,Low,0.7982463435142763,Gradient Boosting,True,"Routine monitoring, drainage inspection, annual information updating, and regular drills.",Disaster Prevention and Mitigation; Disaster Preparedness
Barangay 174,174,715,751.0,293.35067313891034,5.034965034965035,1.003898635,1.0,1,2,51.79542004585488,87.16763719780647,35.37221715195159,9055.556204071338,388.98360454437017,654.6289553555266,265.64535081115645,0.4730130736646615,0.0395451274409135,0.3572314246533194,0.1414542115217607,17.506658461100454,Low,606,Low,0.9487851564197382,Gradient Boosting,True,"Routine monitoring, drainage inspection, annual information updating, and regular drills.",Disaster Prevention and Mitigation; Disaster Preparedness
Barangay 796,796,631,672.0,620.8427352946143,6.497622820919176,3.767123288,4.0,3,4,97.6459502323098,100.0,2.3540497676901992,254.80227986192585,656.1807855611219,672.0,15.819214438878134,0.5018567484447192,0.037567011045182154,0.2845753753328724,0.14134659325830667,17.492720580793407,Low,607,Low,0.955437619618857,Gradient Boosting,True,"Routine monitoring, drainage inspection, annual information updating, and regular drills.",Disaster Prevention and Mitigation; Disaster Preparedness
Barangay 613,613,568,579.0,221.62695840104877,1.936619718309859,2.018199234,2.0,2,3,89.40402547966941,100.0,10.595974520330586,2768.196293236848,517.6493075272859,579.0,61.35069247271406,0.5112345440834807,0.03293043116777069,0.3127966311581209,0.1413066825931928,17.48755166191776,Low,608,Low,0.9552722075142309,Gradient Boosting,True,"Routine monitoring, drainage inspection, annual information updating, and regular drills.",Disaster Prevention and Mitigation; Disaster Preparedness
Barangay 243,243,436,338.0,227.70461482933962,-22.477064220183486,1.0,1.0,1,1,43.039376618392,100.0,56.960623381608,8455.116606843054,145.47309297016497,338.0,192.52690702983503,0.5489906069069579,0.021070615792885675,0.3390754720673737,0.14121398229100887,17.47554583990578,Low,609,Low,0.9736756975879896,Gradient Boosting,True,"Routine monitoring, drainage inspection, annual information updating, and regular drills.",Disaster Prevention and Mitigation; Disaster Preparedness
Barangay 164,164,1807,1824.0,685.3700175071237,0.9407858328721639,1.0,1.0,1,1,24.94454543034786,61.15664072646823,36.212095296120374,9637.255808237482,454.98850864954494,1115.4971268507807,660.5086182012358,0.34449146047111295,0.06983508085727629,0.38829773591659306,0.141160682635077,17.468642883093967,Low,610,Low,0.9469470258945127,Gradient Boosting,True,"Routine monitoring, drainage inspection, annual information updating, and regular drills.",Disaster Prevention and Mitigation; Disaster Preparedness
Barangay 230,230,2364,2376.0,2176.212637163819,0.5076142131979695,2.0,2.0,2,2,10.087826868022251,50.6214127175297,40.533585849507446,4425.477470985751,239.68676638420868,1202.7647661685057,963.077999784297,0.28514543681734383,0.07825543289147809,0.4764792244090921,0.14110898406751346,17.46194728679256,Low,611,Low,0.9572619036265335,Gradient Boosting,True,"Routine monitoring, drainage inspection, annual information updating, and regular drills.",Disaster Prevention and Mitigation; Disaster Preparedness
Barangay 28,28,2787,2515.0,1113.5328165710414,-9.759598134194475,2.998891353,3.0,2,3,40.5929181104779,56.82307770446072,16.23015959398282,3665.7070875164954,1020.9118904785194,1429.1004042671873,408.18851378866793,0.3003043462677893,0.08430574001016396,0.3462847056883123,0.14106303886643523,17.455996821762195,Low,612,Low,0.8966225513537543,Gradient Boosting,True,"Routine monitoring, drainage inspection, annual information updating, and regular drills.",Disaster Prevention and Mitigation; Disaster Preparedness
Barangay 438,438,712,648.0,510.95949157432415,-8.98876404494382,3.0,3.0,3,3,97.63444679938922,100.0,2.3655532006107762,299.9999998576841,632.6712152600421,648.0,15.328784739957882,0.5019438164318084,0.036226210617683864,0.29614133349686306,0.1410250943585999,17.45108254428229,Low,613,Low,0.8753790442970318,Gradient Boosting,True,"Routine monitoring, drainage inspection, annual information updating, and regular drills.",Disaster Prevention and Mitigation; Disaster Preparedness
Barangay 444,444,941,582.0,359.8181950975358,-38.150903294367694,2.610169492,3.0,2,3,82.19814126262095,99.94881793837008,17.750676675749133,2871.1426954063845,478.39318214845395,581.7021204013139,103.30893825285995,0.5154303288747959,0.033575249489061786,0.28413109019027216,0.140946935633521,17.440960034216264,Low,614,Low,0.9616205683431251,Gradient Boosting,True,"Routine monitoring, drainage inspection, annual information updating, and regular drills.",Disaster Prevention and Mitigation; Disaster Preparedness
Barangay 452,452,1039,693.0,322.2663710657078,-33.301251203079886,3.0,3.0,3,3,99.53496916136572,100.0,0.4650308386342772,100.00000003346577,689.7773362882645,693.0,3.2226637117355494,0.5004549230436303,0.038586693680597,0.2690274951548311,0.14094433934725464,17.440623783415873,Low,615,Low,0.898505870654061,Gradient Boosting,True,"Routine monitoring, drainage inspection, annual information updating, and regular drills.",Disaster Prevention and Mitigation; Disaster Preparedness
Barangay 559,559,1285,1535.0,1085.8435754672237,19.45525291828794,2.773049645,3.0,1,5,60.83696252587426,72.53095551902251,11.69399299314825,1653.1183358301678,933.8473747721699,1113.3501672169955,179.50279244482556,0.3725657524234838,0.06404662635994321,0.36579427538131526,0.1409395360415395,17.440001696625142,Low,616,Medium,0.9640118274498938,Gradient Boosting,True,"Routine monitoring, drainage inspection, annual information updating, and regular drills.",Disaster Prevention and Mitigation; Disaster Preparedness
Barangay 879,879,538,544.0,127.50170868493842,1.1152416356877324,2.216500878,2.0,1,3,82.750118917283,99.5312437181506,16.7811248008676,7159.850629319728,450.1606469100195,541.4499658267393,91.28931891671982,0.5203743455826314,0.031194528721570983,0.29730095005829793,0.14087516586115748,17.4316649716055,Low,617,Low,0.9443428928821332,Gradient Boosting,True,"Routine monitoring, drainage inspection, annual information updating, and regular drills.",Disaster Prevention and Mitigation; Disaster Preparedness
Barangay 775,775,12084,12116.0,2497.593266065702,0.264812975835816,0.0,0.0,0,0,11.576219753563638,16.733384467823416,5.157164714259778,2501.7767515204278,1402.5747853417704,2027.4168621214853,624.842076779715,0.09118351112198154,0.12014103071912267,0.5762104657730075,0.140843406425887,17.42755173660976,Low,618,Low,0.9277856738091999,Gradient Boosting,True,"Routine monitoring, drainage inspection, annual information updating, and regular drills.",Disaster Prevention and Mitigation; Disaster Preparedness
Barangay 695,695,654,722.0,151.51620374974047,10.397553516819572,3.0,3.0,3,3,22.882330669422057,82.58193225622622,59.699601586804164,28447.856584940644,165.21042743322727,596.2415508899533,431.031123456726,0.49901203438231684,0.03824647866336393,0.27506028526502385,0.1407587933956046,17.416593315142602,Low,619,Low,0.829560068206235,Gradient Boosting,True,"Routine monitoring, drainage inspection, annual information updating, and regular drills.",Disaster Prevention and Mitigation; Disaster Preparedness
Barangay 368,368,1337,658.0,251.4014656164574,-50.78534031413613,2.0,2.0,2,2,100.0,100.0,0.0,0.0,658.0,658.0,0.0,0.5000000000017545,0.036601807429887515,0.2914234301603192,0.14065979062076706,17.40377124590023,Low,620,Low,0.49879566057306285,Gradient Boosting,True,"Routine monitoring, drainage inspection, annual information updating, and regular drills.",Disaster Prevention and Mitigation; Disaster Preparedness
Barangay 710,710,559,747.0,719.1626213069543,33.631484794275494,2.0,2.0,2,2,40.70374618920938,85.67644417388126,44.97269798467188,4671.350317609317,304.0569840333941,640.0030379788931,335.946053945499,0.4635055966894432,0.03956009690159439,0.36987250767357116,0.1403604404845256,17.365001744935224,Low,621,Low,0.9162723477597118,Gradient Boosting,True,"Routine monitoring, drainage inspection, annual information updating, and regular drills.",Disaster Prevention and Mitigation; Disaster Preparedness
Barangay 851,851,1052,1121.0,474.899479494692,6.55893536121673,1.313240043,1.0,1,2,56.67763588267767,78.86843329191244,22.19079740923477,5238.136694152814,635.3562982448167,884.1151372023385,248.7588389575218,0.41687797939509413,0.05211147003111477,0.36186378414642845,0.140313566129348,17.358930943093913,Low,622,Low,0.8240143426531933,Gradient Boosting,True,"Routine monitoring, drainage inspection, annual information updating, and regular drills.",Disaster Prevention and Mitigation; Disaster Preparedness
Barangay 756,756,721,736.0,270.6945373515914,2.0804438280166435,3.856088561,4.0,3,4,95.1063016439104,98.1604793619968,3.0541777180864074,830.4101081995395,699.9823800991805,722.4611281042966,22.478748005116017,0.4940983193349426,0.040452441831030174,0.2499533857150138,0.1400173944836467,17.320573095497807,Low,623,Low,0.8215534915830323,Gradient Boosting,True,"Routine monitoring, drainage inspection, annual information updating, and regular drills.",Disaster Prevention and Mitigation; Disaster Preparedness
Barangay 173,173,1616,1704.0,559.4597412431996,5.445544554455446,1.866174056,2.0,1,2,46.719194614543966,67.05719211890873,20.337997504364765,6194.538264795794,796.0950762318292,1142.6545537062048,346.5594774743755,0.35841341115060926,0.06764560074597681,0.3482641967039631,0.13989716664608162,17.305002121243298,Low,624,Medium,0.9144757849458709,Gradient Boosting,True,"Routine monitoring, drainage inspection, annual information updating, and regular drills.",Disaster Prevention and Mitigation; Disaster Preparedness
Barangay 493,493,1170,858.0,434.85044050148474,-26.666666666666668,2.872313527,3.0,2,4,84.47497285093687,91.88710643156064,7.412133580623774,1462.4822743288678,724.7952670610383,788.3913731827903,63.59610612175197,0.4664533515010959,0.044604467636018656,0.28619872183136635,0.13988689144933145,17.303671357692217,Low,625,Low,0.8776916421801743,Gradient Boosting,True,"Routine monitoring, drainage inspection, annual information updating, and regular drills.",Disaster Prevention and Mitigation; Disaster Preparedness
Barangay 5,5,1288,1321.0,533.9132352573581,2.562111801242236,3.0,3.0,3,3,28.123859290247715,71.65948515171034,43.53562586146263,10771.518285226768,371.5161812241723,946.6217988540936,575.1056176299213,0.403388202746356,0.059434706838117794,0.303437905676321,0.13983315635762356,17.296712006626,Low,626,Low,0.8956924634538372,Gradient Boosting,True,"Routine monitoring, drainage inspection, annual information updating, and regular drills.",Disaster Prevention and Mitigation; Disaster Preparedness
Barangay 659,659,361,439.0,31.274981239301916,21.60664819944598,1.150963597,1.0,0,2,89.17130490201848,99.28758584872328,10.116280946704805,14199.999998793064,391.4620285198611,435.8725018758952,44.41047335603406,0.5276722038941138,0.024769189165387787,0.3376319238148892,0.13979142469797878,17.29130724670445,Low,627,Low,0.932527398921137,Gradient Boosting,True,"Routine monitoring, drainage inspection, annual information updating, and regular drills.",Disaster Prevention and Mitigation; Disaster Preparedness
Barangay 124,124,159,307.0,99.94933571409493,93.08176100628931,2.0,2.0,2,2,52.07459086769772,99.02329639357576,46.94870552587804,14420.558669517992,159.868993963832,304.0015199282776,144.13252596444562,0.5487190408503332,0.018609056088074418,0.34567821122139036,0.1396972337181925,17.279108363725577,Low,628,Low,0.9691904436531685,Gradient Boosting,True,"Routine monitoring, drainage inspection, annual information updating, and regular drills.",Disaster Prevention and Mitigation; Disaster Preparedness
Barangay 9,9,447,453.0,354.8288041254399,1.342281879194631,1.964980545,2.0,0,3,60.00408168295815,98.1116104344468,38.10752875148865,4865.081505142295,271.81849002380045,444.44559526804403,172.62710524424358,0.5219289492159176,0.026757207552691824,0.3256155254173581,0.13948120640908737,17.2511301871529,Low,629,Low,0.9749499509946571,Gradient Boosting,True,"Routine monitoring, drainage inspection, annual information updating, and regular drills.",Disaster Prevention and Mitigation; Disaster Preparedness
Barangay 370,370,772,628.0,313.0583774952387,-18.65284974093264,2.02638191,2.0,2,3,87.76256198559592,97.0089963932778,9.246434407681875,1854.8491992080671,551.1488892695423,609.2164973497846,58.06760808024228,0.4938535408469118,0.034572555726007,0.3105752473137144,0.13905734063111647,17.196234388893362,Low,630,Low,0.8959619774530451,Gradient Boosting,True,"Routine monitoring, drainage inspection, annual information updating, and regular drills.",Disaster Prevention and Mitigation; Disaster Preparedness
Barangay 140,140,543,568.0,174.9267221514271,4.6040515653775325,2.0,2.0,2,2,96.92030418829144,100.0,3.079695811708561,999.9999997348568,550.5073277894953,568.0,17.49267221050468,0.5036120889229947,0.031801645943229144,0.3107905234673613,0.1388749676481471,17.17261485884071,Low,631,Low,0.8783793064475978,Gradient Boosting,True,"Routine monitoring, drainage inspection, annual information updating, and regular drills.",Disaster Prevention and Mitigation; Disaster Preparedness
Barangay 242,242,448,454.0,190.44988483376426,1.3392857142857142,1.0,1.0,1,1,87.14001726094627,100.0,12.859982739053734,3065.6002594207457,395.61567836469607,454.0,58.384321635303934,0.5131131646941037,0.0259422392839375,0.3470368071991841,0.1384048700888656,17.111731479908457,Low,632,Low,0.9860830487439872,Gradient Boosting,True,"Routine monitoring, drainage inspection, annual information updating, and regular drills.",Disaster Prevention and Mitigation; Disaster Preparedness
Barangay 876,876,574,601.0,168.2405915048771,4.70383275261324,2.360839161,3.0,1,3,93.72905066142464,98.60032785757186,4.8712771961472185,1740.1493710271461,563.3115944751621,592.5879704240068,29.276375948844702,0.4989961247160685,0.03330825274837498,0.29711890767557697,0.13832593411218372,17.10150830626115,Low,633,Low,0.984679831008536,Gradient Boosting,True,"Routine monitoring, drainage inspection, annual information updating, and regular drills.",Disaster Prevention and Mitigation; Disaster Preparedness
Barangay 181,181,2773,2334.0,1263.0710173619261,-15.83122971510999,2.241565452,2.0,2,3,10.94741709043108,51.67047475693529,40.72305766650421,7525.120542480584,255.51271489066139,1205.9888808268697,950.4761659362083,0.29600417455735634,0.07828625458010546,0.3835987168321145,0.13787280993658232,17.042823187945135,Low,634,Low,0.9728602259145821,Gradient Boosting,True,"Routine monitoring, drainage inspection, annual information updating, and regular drills.",Disaster Prevention and Mitigation; Disaster Preparedness
Barangay 538,538,821,971.0,792.5343846339697,18.270401948842874,5.368635438,5.0,5,6,58.25413663446511,85.47697950318938,27.22284286872427,3335.2976145936536,565.6476667206563,829.9814709759689,264.33380425531266,0.4495465704065715,0.04928380207641253,0.24603134528147752,0.13781825987272686,17.03575828802613,Low,635,Low,0.9292844452162355,Gradient Boosting,True,"Routine monitoring, drainage inspection, annual information updating, and regular drills.",Disaster Prevention and Mitigation; Disaster Preparedness
Barangay 725,725,1409,1990.0,376.1531629175623,41.234918381831086,2.938061466,3.0,2,3,33.84220702369692,59.93639970349397,26.094192679797047,13804.866887209067,673.4599197715688,1192.73435409953,519.2744343279612,0.3397486842506513,0.07246691226804448,0.3104786648629703,0.137733197324832,17.024741648534658,Low,636,Low,0.9485160797799,Gradient Boosting,True,"Routine monitoring, drainage inspection, annual information updating, and regular drills.",Disaster Prevention and Mitigation; Disaster Preparedness
Barangay 759,759,787,802.0,285.5773928707736,1.9059720457433291,3.166077739,3.0,2,4,69.68881389073609,89.48692311909264,19.79810922835655,5559.993191872487,558.9042874037034,717.6851234151229,158.78083601141952,0.4691139174467664,0.041793198722469345,0.27628002772532895,0.1377212545032084,17.023194907182628,Low,637,Low,0.970016367606574,Gradient Boosting,True,"Routine monitoring, drainage inspection, annual information updating, and regular drills.",Disaster Prevention and Mitigation; Disaster Preparedness
Barangay 245,245,281,318.0,316.510040526765,13.167259786476867,1.0,1.0,1,1,49.523951761023575,98.48583378071196,48.96188201968838,4919.2368293745385,157.486166600055,313.184951422664,155.69878482260904,0.5303726608289802,0.019256209608034678,0.3630967977310999,0.13764799232151842,17.01370655932553,Low,638,Low,0.9859904563489097,Gradient Boosting,True,"Routine monitoring, drainage inspection, annual information updating, and regular drills.",Disaster Prevention and Mitigation; Disaster Preparedness
Barangay 878,878,960,504.0,225.52092956960183,-47.5,1.543113102,2.0,1,2,91.5012936665582,100.0,8.498706333441802,1899.3128488026668,461.1665200794533,504.0,42.83347992054672,0.508441311604661,0.028540252868136187,0.30744522844516115,0.13716908617632326,16.9516823608688,Low,639,Low,0.9479509561953937,Gradient Boosting,True,"Routine monitoring, drainage inspection, annual information updating, and regular drills.",Disaster Prevention and Mitigation; Disaster Preparedness
Barangay 94,94,2178,2117.0,216.17618592479297,-2.800734618916437,1.640613027,2.0,0,5,36.97796865384127,57.15977435362577,20.181805699784498,19763.91732681769,782.8235964018198,1210.0724230662574,427.2488266644376,0.3329122451886754,0.07234676362765875,0.32390479539952427,0.13709853729205224,16.942545418186334,Low,640,Low,0.748773663485793,Gradient Boosting,True,"Routine monitoring, drainage inspection, annual information updating, and regular drills.",Disaster Prevention and Mitigation; Disaster Preparedness
Barangay 893,893,662,674.0,124.61595824363684,1.812688821752266,2.148404993,3.0,1,3,92.40961412660234,95.27999003933704,2.8703759127347013,1552.4764183097504,622.8407992132998,642.1871328651316,19.346333651831856,0.4808675234609959,0.03595021489989336,0.29986693208235676,0.13696822068941517,16.92566782556143,Low,641,Low,0.9607253744057624,Gradient Boosting,True,"Routine monitoring, drainage inspection, annual information updating, and regular drills.",Disaster Prevention and Mitigation; Disaster Preparedness
Barangay 64,64,495,443.0,287.16359561029924,-10.505050505050505,3.0,3.0,3,3,70.65542629592774,100.0,29.34457370407226,4526.913003466298,313.0035384909599,443.0,129.9964615090401,0.5255421954640495,0.026174359773149625,0.2766943915073073,0.13692147355371362,16.919613500197002,Low,642,Low,0.990469049840232,Gradient Boosting,True,"Routine monitoring, drainage inspection, annual information updating, and regular drills.",Disaster Prevention and Mitigation; Disaster Preparedness
Barangay 639,639,490,475.0,156.8476139220312,-3.061224489795918,0.8059455,1.0,0,1,97.98711480989164,100.0,2.0128851901083635,609.5855980166561,465.4387953469853,475.0,9.561204653014727,0.5022827545550711,0.026534963638977043,0.34925164653300556,0.13688803688112772,16.9152830424716,Low,643,Low,0.9954771353348478,Gradient Boosting,True,"Routine monitoring, drainage inspection, annual information updating, and regular drills.",Disaster Prevention and Mitigation; Disaster Preparedness
Barangay 729,729,871,1775.0,564.1688695086015,103.78874856486797,3.0,3.0,3,3,37.04788709027648,62.59715053852587,25.549263448249384,8038.363169549404,657.5999958524076,1111.099422058834,453.4994262064265,0.3424945248305418,0.06715069034878246,0.35306994436566863,0.13673312582536132,16.895220167600616,Low,644,Low,0.9613223933714037,Gradient Boosting,True,"Routine monitoring, drainage inspection, annual information updating, and regular drills.",Disaster Prevention and Mitigation; Disaster Preparedness
Barangay 584,584,3411,3486.0,347.42814593388704,2.198768689533861,5.173230309,5.0,3,8,37.762635741337554,48.23051962041413,10.467883879076574,10503.191416565576,1316.405481943027,1681.3159139676366,364.91043202460946,0.26603660826495407,0.09782537552418069,0.20840436207966007,0.1366400063930138,16.883160063110314,Low,645,Medium,0.42920891861752297,Gradient Boosting,True,"Routine monitoring, drainage inspection, annual information updating, and regular drills.",Disaster Prevention and Mitigation; Disaster Preparedness
Barangay 600,600,5892,6276.0,985.4000504844719,6.517311608961303,5.564978406,5.0,1,10,22.524339300594168,31.80690388705687,9.282564586462701,5912.053212905528,1413.62753450529,1996.2012879516892,582.5737534463992,0.17506422099711538,0.11790647287127264,0.24955444645802674,0.13651782825052078,16.8673365005332,Low,646,Low,0.9041064978290071,Gradient Boosting,True,"Routine monitoring, drainage inspection, annual information updating, and regular drills.",Disaster Prevention and Mitigation; Disaster Preparedness
Barangay 433,433,464,523.0,423.40824665206844,12.71551724137931,3.0,3.0,3,3,96.65716039588077,99.99999999999996,3.3428396041191917,412.9123905305041,505.5169488704564,522.9999999999998,17.483051129543355,0.5027273016159649,0.029298369429234417,0.2989079678493835,0.13614322502278742,16.81882080456108,Low,647,Low,0.9474702019560661,Gradient Boosting,True,"Routine monitoring, drainage inspection, annual information updating, and regular drills.",Disaster Prevention and Mitigation; Disaster Preparedness
Barangay 427,427,495,395.0,205.48348301428337,-20.2020202020202,3.538261997,4.0,3,4,58.03525534550101,100.0,41.96474465449899,8066.864497023771,229.23925861472895,395.0,165.76074138527105,0.5393540162140265,0.023925828985189284,0.24571454090456712,0.13611429910394762,16.81507454457118,Low,648,Low,0.9959422635327617,Gradient Boosting,True,"Routine monitoring, drainage inspection, annual information updating, and regular drills.",Disaster Prevention and Mitigation; Disaster Preparedness
Barangay 139,139,371,440.0,614.266631898546,18.598382749326145,2.0,2.0,2,2,100.0,100.0,0.0,0.0,440.0,440.0,0.0,0.5000000000017545,0.02447537274965189,0.35409360920293037,0.13518320108169496,16.694485971853375,Low,649,Low,0.975833006204485,Gradient Boosting,True,"Routine monitoring, drainage inspection, annual information updating, and regular drills.",Disaster Prevention and Mitigation; Disaster Preparedness
Barangay 150,150,2277,1922.0,403.1381192573193,-15.590689503732982,1.077084426,1.0,0,2,26.844252682566417,57.24207084751113,30.397818164944713,14492.454005752763,515.9465365589265,1100.192601689164,584.2460651302374,0.3300650316679412,0.06808494013269241,0.35416004209728014,0.13509904113829654,16.68358623067481,Low,650,Low,0.9498779879418637,Gradient Boosting,True,"Routine monitoring, drainage inspection, annual information updating, and regular drills.",Disaster Prevention and Mitigation; Disaster Preparedness
Barangay 329,329,439,459.0,281.6409286385063,4.555808656036446,2.0,2.0,2,2,95.33637474495976,100.0,4.663625255040245,760.047199961833,437.5939600793653,459.0,21.406039920634726,0.5041313754761316,0.025784550687556914,0.31970469770795007,0.13497908587432972,16.668050558032363,Low,651,Low,0.9962109708048709,Gradient Boosting,True,"Routine monitoring, drainage inspection, annual information updating, and regular drills.",Disaster Prevention and Mitigation; Disaster Preparedness
Barangay 218,218,321,339.0,150.60210434800757,5.607476635514018,1.036625971,1.0,1,2,71.10091043331911,98.5240842259546,27.42317379263548,6172.859241210472,241.0320863689518,333.9966455259861,92.96455915703427,0.5199369324442058,0.01967450604446042,0.3443501233177726,0.13486835564061547,16.653709639545603,Low,652,Low,0.98996147464621,Gradient Boosting,True,"Routine monitoring, drainage inspection, annual information updating, and regular drills.",Disaster Prevention and Mitigation; Disaster Preparedness
Barangay 757,757,477,488.0,355.7321706935109,2.3060796645702304,3.391941392,3.0,3,4,89.49117132998545,99.95387206472655,10.462700734741105,1435.2927227806667,436.716916090329,487.7748956758656,51.0579795855366,0.5085591211473393,0.02773464982501111,0.2741050001740741,0.13466632921069177,16.627544747929967,Low,653,Low,0.9971387533419209,Gradient Boosting,True,"Routine monitoring, drainage inspection, annual information updating, and regular drills.",Disaster Prevention and Mitigation; Disaster Preparedness
Barangay 162,162,556,586.0,249.93103798629372,5.39568345323741,1.010626993,1.0,1,2,88.11680042577488,93.42290697932482,5.306106553549938,1244.0945572157325,516.3644504950408,547.4582348988434,31.0937844038026,0.4724882124978636,0.030819292551041506,0.3535177944836451,0.13459890296315768,16.618812224866303,Low,654,Low,0.9932632900632035,Gradient Boosting,True,"Routine monitoring, drainage inspection, annual information updating, and regular drills.",Disaster Prevention and Mitigation; Disaster Preparedness
Barangay 632,632,254,576.0,392.53825476656056,126.77165354330708,2.045918367,2.0,2,3,64.75342217555207,88.97733196227134,24.22390978671926,3554.5508922303707,372.97971173118,512.5094321026829,139.52972037150295,0.46564802055042204,0.03015323769520166,0.3841812998180624,0.13454789490380356,16.612206057816632,Low,655,Low,0.9972153040067153,Gradient Boosting,True,"Routine monitoring, drainage inspection, annual information updating, and regular drills.",Disaster Prevention and Mitigation; Disaster Preparedness
Barangay 274,274,1944,2062.0,1703.1509332150986,6.0699588477366255,2.0,2.0,2,2,0.8259703846872027,50.50644269530116,49.68047231061396,6014.800679532507,17.03150933225012,1041.4428483771098,1024.4113390448597,0.29284856719032354,0.0700046256915102,0.439451409994903,0.1342763769747501,16.577041167816503,Low,656,Low,0.9688025138275183,Gradient Boosting,True,"Routine monitoring, drainage inspection, annual information updating, and regular drills.",Disaster Prevention and Mitigation; Disaster Preparedness
Barangay 660,660,332,387.0,68.73251988530815,16.566265060240966,1.230905861,1.0,0,2,93.24387236035052,100.0,6.756127639649478,3804.0528717807683,360.8537860345565,387.0,26.146213965443508,0.5107815596137618,0.02183535633289675,0.33550845799120044,0.13421260423469566,16.56878181862053,Low,657,Low,0.9945229979696811,Gradient Boosting,True,"Routine monitoring, drainage inspection, annual information updating, and regular drills.",Disaster Prevention and Mitigation; Disaster Preparedness
Barangay 721,721,577,583.0,43.61193528860329,1.0398613518197575,1.357957733,1.0,0,2,53.76277947317861,81.41145172610108,27.648672252922466,36960.46923115119,313.4370043286313,474.6287635631693,161.19175923453798,0.4891415114000517,0.02830139740553095,0.321547719880312,0.13408076877839442,16.551707515884384,Low,658,Low,0.9976062504268305,Gradient Boosting,True,"Routine monitoring, drainage inspection, annual information updating, and regular drills.",Disaster Prevention and Mitigation; Disaster Preparedness
Barangay 865,865,79,86.0,4.604458919013776,8.860759493670885,2.364754646,3.0,1,4,69.30028637182015,96.68050636088752,27.38021998906737,51139.535838537675,59.598246279765334,83.14523547036326,23.546989190597927,0.5904876267085085,0.004902543756145441,0.28520678501871005,0.13399413725364306,16.54048767471572,Low,659,Low,0.9943269601907845,Gradient Boosting,True,"Routine monitoring, drainage inspection, annual information updating, and regular drills.",Disaster Prevention and Mitigation; Disaster Preparedness
Barangay 238,238,364,390.0,235.52173604282018,7.142857142857142,1.0,1.0,1,1,95.83568663630766,100.0,4.164313363692344,689.5678671223523,373.7591778815999,390.0,16.240822118400104,0.5037083828481216,0.021885491121558492,0.35351154408686364,0.13392372330174446,16.531368207424478,Low,660,Low,0.9959783974803432,Gradient Boosting,True,"Routine monitoring, drainage inspection, annual information updating, and regular drills.",Disaster Prevention and Mitigation; Disaster Preparedness
Barangay 321,321,240,384.0,295.26515220876655,60.0,2.0,2.0,2,2,92.31080332872249,100.0,7.689196671277514,999.9999998926069,354.47348478229435,384.0,29.52651521770565,0.5063624518091997,0.021708318272751315,0.3466424901955227,0.13390687172705254,16.529185722560822,Low,661,Low,0.994830881263509,Gradient Boosting,True,"Routine monitoring, drainage inspection, annual information updating, and regular drills.",Disaster Prevention and Mitigation; Disaster Preparedness
Barangay 518,518,1908,2019.0,582.6256821321149,5.817610062893082,2.858171346,3.0,2,3,23.1393727437528,56.4214461833628,33.282073439609995,11533.392422501427,467.183935696369,1139.148998442095,671.9650627457261,0.32243195404892355,0.07128575936750817,0.31420379111423097,0.13372294396206608,16.50536482923615,Low,662,Low,0.9625822786273944,Gradient Boosting,True,"Routine monitoring, drainage inspection, annual information updating, and regular drills.",Disaster Prevention and Mitigation; Disaster Preparedness
Barangay 430,430,508,463.0,370.00423157508396,-8.858267716535433,3.0,3.0,3,3,92.80769312235378,100.0,7.192306877646217,900.0000000471482,429.69961915649804,463.0,33.300380843501955,0.5058885194019846,0.026147238141957643,0.2843979643404387,0.13355477996758708,16.483585536839325,Low,663,Low,0.9955759230395494,Gradient Boosting,True,"Routine monitoring, drainage inspection, annual information updating, and regular drills.",Disaster Prevention and Mitigation; Disaster Preparedness
Barangay 415,415,884,795.0,336.60856418026657,-10.06787330316742,2.830866808,3.0,2,3,50.87495373042273,83.48712704242035,32.61217331199762,7702.322680403755,404.45588215686075,663.7226599872417,259.266777830381,0.4505623420125592,0.0399757960174884,0.28720599286216436,0.13341102376051306,16.464967351196055,Low,664,Low,0.9707380651074369,Gradient Boosting,True,"Routine monitoring, drainage inspection, annual information updating, and regular drills.",Disaster Prevention and Mitigation; Disaster Preparedness
Barangay 682,682,822,747.0,109.92836847399009,-9.124087591240876,3.46281296,3.0,3,4,77.16616198321165,89.4044946050601,12.238332621848443,8316.356001120745,576.431230014591,667.8515746997989,91.42034468520785,0.46908228089678633,0.038227269537814204,0.24561799265198067,0.13327517026401378,16.44737266315028,Low,665,Low,0.9885652857185085,Gradient Boosting,True,"Routine monitoring, drainage inspection, annual information updating, and regular drills.",Disaster Prevention and Mitigation; Disaster Preparedness
Barangay 359,359,410,459.0,238.84433282615655,11.951219512195122,2.0,2.0,2,2,94.9668600120868,98.43892592984812,3.472065917761327,667.245581000403,435.8978874554784,451.8346700180029,15.936782562524513,0.4954503560940909,0.025321513682170074,0.31956166853628526,0.13294958222947678,16.40520503370583,Low,666,Low,0.9963039023225639,Gradient Boosting,True,"Routine monitoring, drainage inspection, annual information updating, and regular drills.",Disaster Prevention and Mitigation; Disaster Preparedness
Barangay 57,57,882,815.0,296.0299495173628,-7.596371882086168,3.0,3.0,3,3,54.3209861210548,83.2915611321781,28.9705750111233,7975.888477689541,442.71603688659667,678.8262232272516,236.11018634065493,0.4478971181665965,0.040543026063093866,0.27879022936098746,0.13283708120175072,16.39063477575388,Low,667,Low,0.9853128270709584,Gradient Boosting,True,"Routine monitoring, drainage inspection, annual information updating, and regular drills.",Disaster Prevention and Mitigation; Disaster Preparedness
Barangay 356,356,505,443.0,213.1287800998962,-12.277227722772277,2.0,2.0,2,2,99.3613140540636,99.99999999999996,0.6386859459363592,132.7544191437737,440.17062125950173,442.99999999999983,2.8293787404981003,0.500616661621346,0.02467559672183536,0.30613524292228145,0.1326879568323245,16.37132134748234,Low,668,Low,0.994533976514556,Gradient Boosting,True,"Routine monitoring, drainage inspection, annual information updating, and regular drills.",Disaster Prevention and Mitigation; Disaster Preparedness
Barangay 6,6,771,506.0,121.88286698051482,-34.37094682230869,3.0,3.0,3,3,79.17735975266729,96.14599630092232,16.968636548255034,7044.5750958497665,400.63744034849645,486.49874128266697,85.86130093417052,0.5033554330180844,0.028073846887151296,0.2517489766705595,0.13262841612316972,16.363610098007005,Low,669,Low,0.9949819398709665,Gradient Boosting,True,"Routine monitoring, drainage inspection, annual information updating, and regular drills.",Disaster Prevention and Mitigation; Disaster Preparedness
Barangay 657,657,982,919.0,28.14189809422977,-6.415478615071284,2.296891747,2.0,0,9,39.931730391513256,63.40536647158805,23.473636080074797,76655.3538263716,366.9726022980068,582.6953178738942,215.72271557588738,0.467059274353702,0.03495538080322685,0.28254486871179163,0.13256113031943487,16.354895764131687,Low,670,Low,0.9929922531929741,Gradient Boosting,True,"Routine monitoring, drainage inspection, annual information updating, and regular drills.",Disaster Prevention and Mitigation; Disaster Preparedness
Barangay 633,633,447,548.0,352.6230821482718,22.595078299776286,2.309061489,2.0,2,3,87.94910731953593,94.00967258732332,6.060565267787396,941.8526281699833,481.9611081110569,515.1730057785318,33.21189766747489,0.475335871399376,0.029048362944017202,0.32277219936689683,0.1320486573665341,16.28852425386119,Low,671,Low,0.9888667344191653,Gradient Boosting,True,"Routine monitoring, drainage inspection, annual information updating, and regular drills.",Disaster Prevention and Mitigation; Disaster Preparedness
Barangay 614,614,404,406.0,245.40139875913331,0.49504950495049505,2.0,2.0,2,2,98.29129453511835,100.0,1.7087054648816462,282.69375083019077,399.06265581258054,406.0,6.9373441874194555,0.501521183117962,0.02266585594726415,0.3147804990197743,0.13185439408573577,16.263364784929795,Low,672,Low,0.994533976514556,Gradient Boosting,True,"Routine monitoring, drainage inspection, annual information updating, and regular drills.",Disaster Prevention and Mitigation; Disaster Preparedness
Barangay 615,615,1828,1875.0,921.4983376680829,2.5711159737417946,2.774630542,3.0,2,3,9.469136343441887,54.96424969350336,45.49511335006147,9257.025655329062,177.54630643953539,1030.579681753188,853.0333753136526,0.3183937023171347,0.06738053015011303,0.34411799905186374,0.13174135690460134,16.248725088559198,Low,673,Low,0.9875835372741721,Gradient Boosting,True,"Routine monitoring, drainage inspection, annual information updating, and regular drills.",Disaster Prevention and Mitigation; Disaster Preparedness
Barangay 574,574,1479,1043.0,599.264763928845,-29.479377958079784,2.378417266,2.0,2,3,77.67422581609769,80.5469660799428,2.8727402638451167,499.9907011963478,810.1421752618988,840.1048562138035,29.962680951904645,0.4053361587169347,0.047084677844754404,0.3166687582834688,0.1317150615264728,16.24531951573892,Low,674,Low,0.8954144357278457,Gradient Boosting,True,"Routine monitoring, drainage inspection, annual information updating, and regular drills.",Disaster Prevention and Mitigation; Disaster Preparedness
Barangay 349,349,788,548.0,392.60484374847607,-30.456852791878177,2.0,2.0,2,2,92.0477168498138,94.72600959533544,2.678292745521645,373.8375743234974,504.4214883369796,519.0985325824382,14.677044245458603,0.4758914936914113,0.029048276023783987,0.31270665207291853,0.13157558735244618,16.227255905705494,Low,675,Low,0.9772593489183257,Gradient Boosting,True,"Routine monitoring, drainage inspection, annual information updating, and regular drills.",Disaster Prevention and Mitigation; Disaster Preparedness
Barangay 435,435,592,471.0,183.61760904899677,-20.43918918918919,3.0,3.0,3,3,99.25234993690744,100.0,0.7476500630925642,191.78072383168183,467.478568202834,471.0,3.521431797165974,0.5007864208122886,0.02624127682616705,0.26340097234508053,0.13143104480463852,16.208535879327446,Low,676,Low,0.9976829100677569,Gradient Boosting,True,"Routine monitoring, drainage inspection, annual information updating, and regular drills.",Disaster Prevention and Mitigation; Disaster Preparedness
Barangay 658,658,2108,2793.0,112.48388749112264,32.49525616698292,1.927399053,2.0,0,4,31.1356406582762,44.98165392943768,13.846013271161478,34379.95959146244,869.6184435856542,1256.3375942491944,386.7191506635402,0.29417769105881764,0.07444262919050769,0.3211858688547064,0.13104237472074828,16.15819835357367,Low,677,Low,0.8464357054636624,Gradient Boosting,True,"Routine monitoring, drainage inspection, annual information updating, and regular drills.",Disaster Prevention and Mitigation; Disaster Preparedness
Barangay 526,526,790,805.0,632.9092559576467,1.89873417721519,3.0,3.0,3,3,81.47054483503896,86.11622643505784,4.645681600018875,590.8862372942513,655.8378859220636,693.2356228022156,37.397736880152024,0.43440162185573555,0.03900258023614205,0.31141952464315686,0.1309604847034172,16.14759259556132,Low,678,Low,0.9755636508803556,Gradient Boosting,True,"Routine monitoring, drainage inspection, annual information updating, and regular drills.",Disaster Prevention and Mitigation; Disaster Preparedness
Barangay 265,265,125,146.0,98.65400467846572,16.8,1.993254637,2.0,1,2,41.48385789896008,100.0,58.51614210103992,8659.918849312231,60.56643253248172,146.0,85.43356746751829,0.5502821677428328,0.0091282747755636,0.3103236338326838,0.1308550457724323,16.133936965442373,Low,679,Low,0.945416596133826,Gradient Boosting,True,"Routine monitoring, drainage inspection, annual information updating, and regular drills.",Disaster Prevention and Mitigation; Disaster Preparedness
Barangay 765,765,2075,2215.0,756.952972601557,6.746987951807229,0.139455782,0.0,0,1,31.53108484592953,51.6882879705067,20.15720312457717,5898.411993480635,698.4135293373391,1144.8955785467233,446.4820492093842,0.2809355337197235,0.06894792493416639,0.42837386426572,0.13054835038039314,16.094216164086088,Low,680,Low,0.9749491743066175,Gradient Boosting,True,"Routine monitoring, drainage inspection, annual information updating, and regular drills.",Disaster Prevention and Mitigation; Disaster Preparedness
Barangay 96,96,2100,2230.0,251.470148340378,6.190476190476191,3.102621934,3.0,0,5,48.293448611715,57.17330867182466,8.879860060109657,7874.5282749192775,1076.9439040412444,1274.9647833816898,198.0208793404454,0.30513841105212525,0.07325482636473918,0.2777311822328196,0.12976132944712787,15.992287335140794,Low,681,Low,0.9708802661679355,Gradient Boosting,True,"Routine monitoring, drainage inspection, annual information updating, and regular drills.",Disaster Prevention and Mitigation; Disaster Preparedness
Barangay 1,1,2995,3119.0,629.4970677891149,4.140233722871453,2.569269521,3.0,2,3,16.680654141571235,42.52398017367565,25.843326032104418,12804.719516364281,520.2696026756068,1326.3229416169436,806.0533389413367,0.2507621210340894,0.08327780322531785,0.32788342417432076,0.12967731684869038,15.981406676935356,Low,682,Low,0.9657524412614799,Gradient Boosting,True,"Routine monitoring, drainage inspection, annual information updating, and regular drills.",Disaster Prevention and Mitigation; Disaster Preparedness
Barangay 803,803,1705,1830.0,402.0214511109668,7.331378299120235,3.799561884,4.0,3,4,44.63354801595554,61.7805692166601,17.147021200704557,7805.317032356077,816.7939286919864,1130.5844166648799,313.7904879728935,0.33298468569952117,0.06658798110063353,0.2654555585250833,0.12942736711699293,15.949035132075156,Low,683,Low,0.9882988271169331,Gradient Boosting,True,"Routine monitoring, drainage inspection, annual information updating, and regular drills.",Disaster Prevention and Mitigation; Disaster Preparedness
Barangay 758,758,399,487.0,253.7521595316457,22.05513784461153,2.852287582,3.0,2,4,71.98512939462836,92.26618986971002,20.28106047508166,3892.3319784133764,350.5675801518401,449.3363446654878,98.76876451364768,0.4803391188048207,0.02615878159778244,0.2944322589093473,0.129214361756185,15.921448334737832,Low,684,Low,0.9995630271215504,Gradient Boosting,True,"Routine monitoring, drainage inspection, annual information updating, and regular drills.",Disaster Prevention and Mitigation; Disaster Preparedness
Barangay 304,304,298,307.0,109.90490857272198,3.0201342281879198,1.887399464,2.0,1,2,80.97264808000624,98.21001777528222,17.237369695275987,4814.955551278395,248.58602960561916,301.5047545701164,52.918724964497244,0.5098793843004731,0.017395145758549554,0.30871442736868265,0.12916629796184023,15.915223485988378,Low,685,Low,0.9909941657993842,Gradient Boosting,True,"Routine monitoring, drainage inspection, annual information updating, and regular drills.",Disaster Prevention and Mitigation; Disaster Preparedness
Barangay 711,711,1294,1308.0,1493.0060778863303,1.0819165378670788,2.0,2.0,2,2,21.147751673770134,62.3736793565415,41.22592768277137,3611.7410510079912,276.6125918929134,815.8477259835628,539.2351340906494,0.3428758808430241,0.05173752668010684,0.4195323291178907,0.12908524843513103,15.904726581783093,Low,686,Low,0.9851903790396103,Gradient Boosting,True,"Routine monitoring, drainage inspection, annual information updating, and regular drills.",Disaster Prevention and Mitigation; Disaster Preparedness
Barangay 377,377,578,663.0,436.73957451115496,14.705882352941178,3.840197694,4.0,3,5,74.26563007754093,88.67464314648798,14.409013068947047,2187.3849365276365,492.3811274140964,587.9128840612153,95.53175664711893,0.45585223478881953,0.03382906834051929,0.2703123568321362,0.1288505164498879,15.874325921062965,Low,687,Low,0.9978839776995639,Gradient Boosting,True,"Routine monitoring, drainage inspection, annual information updating, and regular drills.",Disaster Prevention and Mitigation; Disaster Preparedness
Barangay 180,180,2145,2160.0,613.3195413343705,0.6993006993006993,2.322214336,2.0,0,3,36.65097764367375,54.61698749054419,17.966009846870442,6327.3022713104,791.6611171033529,1179.7269297957546,388.06581269240166,0.29503268017939105,0.07019696753920969,0.3339366285822655,0.1287600649446669,15.862611345739964,Low,688,Low,0.9557567705021113,Gradient Boosting,True,"Routine monitoring, drainage inspection, annual information updating, and regular drills.",Disaster Prevention and Mitigation; Disaster Preparedness
Barangay 283,283,1345,1364.0,270.82515348608183,1.412639405204461,0.772862823,1.0,0,1,46.65998559147812,65.36089882614598,18.700913234667865,9418.639784283507,636.4422034677616,891.5226599886313,255.0804565208697,0.3546763701068861,0.05259802494487179,0.3620844764655846,0.12869482430269308,15.854161885306375,Low,689,Low,0.9662593590642146,Gradient Boosting,True,"Routine monitoring, drainage inspection, annual information updating, and regular drills.",Disaster Prevention and Mitigation; Disaster Preparedness
Barangay 46,46,2088,2173.0,1329.186597880068,4.07088122605364,2.0,2.0,2,2,27.72306028904256,51.54255851498715,23.81949822594459,3894.0935552261617,602.4221000808949,1120.0197965306706,517.5976964497758,0.27883537685304155,0.06840234174163858,0.4072042070582249,0.12851421604835347,15.830770909177808,Low,690,Low,0.9540481790034655,Gradient Boosting,True,"Routine monitoring, drainage inspection, annual information updating, and regular drills.",Disaster Prevention and Mitigation; Disaster Preparedness
Barangay 654,654,1042,1492.0,171.87030616034087,43.186180422264876,2.31815562,2.0,1,4,32.10268687835244,59.86231689401874,27.759630015666296,24098.03584380371,478.97208822501847,893.1457680587596,414.1736798337411,0.35863741285111317,0.05456334917373823,0.31688425574527684,0.12832649624135445,15.806458900070425,Low,691,Low,0.9908743140479326,Gradient Boosting,True,"Routine monitoring, drainage inspection, annual information updating, and regular drills.",Disaster Prevention and Mitigation; Disaster Preparedness
Barangay 805,805,1237,1396.0,714.0736127087577,12.853678253839934,1.83248731,2.0,1,3,13.154383005825366,60.07981826456628,46.92543525874091,9173.831164647781,183.6351867613221,838.7142629733452,655.0790762120231,0.34467734888409995,0.05437480819709766,0.36588732799396767,0.12831731763743007,15.805270158691611,Low,692,Low,0.9778106728333262,Gradient Boosting,True,"Routine monitoring, drainage inspection, annual information updating, and regular drills.",Disaster Prevention and Mitigation; Disaster Preparedness
Barangay 233,233,735,724.0,338.933405052017,-1.4965986394557822,2.0,2.0,2,2,51.04652190889973,80.34710200295234,29.300580094052613,6258.934549351481,369.576818620434,581.7130185013749,212.13619988094092,0.4303249604902453,0.03485846968942825,0.32168652991439,0.12766001535067104,15.720141479744731,Low,693,Low,0.9804403959403363,Gradient Boosting,True,"Routine monitoring, drainage inspection, annual information updating, and regular drills.",Disaster Prevention and Mitigation; Disaster Preparedness
Barangay 16,16,1477,1371.0,1294.1400620659265,-7.176709546377793,2.888625592,3.0,2,3,37.89797208693834,64.40343936247955,26.505467275541207,2807.9646631722767,519.5811973119246,882.9711536595945,363.3899563476699,0.34281506910343407,0.05339885191933889,0.36663202171962367,0.1272696013855394,15.669578100058432,Low,694,Low,0.9829334883057871,Gradient Boosting,True,"Routine monitoring, drainage inspection, annual information updating, and regular drills.",Disaster Prevention and Mitigation; Disaster Preparedness
Barangay 362,362,252,290.0,168.37983658979675,15.079365079365079,2.0,2.0,2,2,86.83825266513546,98.25813962129222,11.419886956156759,1966.8431115974508,251.8309327288928,284.94860490174744,33.11767217285464,0.5015948318839669,0.016240825088228338,0.31511617652327756,0.12707236779826364,15.644033940138454,Low,695,Low,0.9952461949027402,Gradient Boosting,True,"Routine monitoring, drainage inspection, annual information updating, and regular drills.",Disaster Prevention and Mitigation; Disaster Preparedness
Barangay 561,561,2332,2387.0,1105.9973666700005,2.358490566037736,2.929234339,3.0,1,5,44.505609001993854,52.54569757825425,8.040088576260395,1735.2384381634638,1062.3488868775933,1254.2658011929288,191.9169143153356,0.27060500171792295,0.07203148796634005,0.3538319833012213,0.1265706823364176,15.579059541792168,Low,696,Low,0.9290658658832261,Gradient Boosting,True,"Routine monitoring, drainage inspection, annual information updating, and regular drills.",Disaster Prevention and Mitigation; Disaster Preparedness
Barangay 762,762,365,391.0,147.02104480530014,7.123287671232877,4.0,4.0,4,4,99.6859367246332,100.0,0.3140632753668058,83.52460073389011,389.77201259331576,391.0,1.2279874066842353,0.5003356089285983,0.021764179026352252,0.23669507048817184,0.12644922052592222,15.56332875296295,Low,697,Low,0.9996030807721477,Gradient Boosting,True,"Routine monitoring, drainage inspection, annual information updating, and regular drills.",Disaster Prevention and Mitigation; Disaster Preparedness
Barangay 372,372,4136,4332.0,79.56318339174008,4.738878143133462,8.761012356,9.0,2,14,28.658265479322736,37.1814948616582,8.523229382335465,46406.67719701922,1241.476060564261,1610.7023574070333,369.2262968427724,0.27334257287130287,0.09394830244587389,0.05632458443267841,0.12637752193183574,15.55404290880892,Low,698,Low,0.5662466739422637,Gradient Boosting,True,"Routine monitoring, drainage inspection, annual information updating, and regular drills.",Disaster Prevention and Mitigation; Disaster Preparedness
Barangay 161,161,1004,876.0,291.38509018621306,-12.749003984063744,1.847372811,2.0,1,2,45.95328265110391,74.60620860637798,28.652925955274064,8614.017663285265,402.55075602367026,653.550387391871,250.99963136820077,0.4054131952839337,0.03931251998104305,0.31803479547348495,0.12598340151038268,15.502999497732844,Low,699,Low,0.9732358260218509,Gradient Boosting,True,"Routine monitoring, drainage inspection, annual information updating, and regular drills.",Disaster Prevention and Mitigation; Disaster Preparedness
Barangay 240,240,56,91.0,67.36284460064182,62.5,1.0,1.0,1,1,75.82903204977566,99.99999999999996,24.170967950224295,3265.2393118349028,69.00441916529584,90.99999999999996,21.995580834704114,0.5202163829574059,0.005321187132307947,0.3651856818025305,0.1253653261440025,15.422951184362468,Low,700,Low,0.9922891563268346,Gradient Boosting,True,"Routine monitoring, drainage inspection, annual information updating, and regular drills.",Disaster Prevention and Mitigation; Disaster Preparedness
Barangay 344,344,536,644.0,184.0475280252585,20.149253731343283,2.0,2.0,2,2,40.33141571614396,77.88787277729283,37.55645706114887,13141.36549775369,259.7343172119671,501.59790068576586,241.86358347379877,0.435167873079295,0.030752358744890174,0.31878714133522507,0.12534935708568679,15.420882996154656,Low,701,Low,0.9868028145715273,Gradient Boosting,True,"Routine monitoring, drainage inspection, annual information updating, and regular drills.",Disaster Prevention and Mitigation; Disaster Preparedness
Barangay 885,885,623,694.0,217.77775717355104,11.396468699839486,2.0,2.0,2,2,54.70262849602341,79.34403049196018,24.641401995936775,7852.561807564176,379.63624176240245,550.6475716142037,171.01132985180124,0.42535752053021436,0.03264573928605568,0.31753936763752416,0.12480451711200763,15.35031956113992,Low,702,Low,0.9927476253289997,Gradient Boosting,True,"Routine monitoring, drainage inspection, annual information updating, and regular drills.",Disaster Prevention and Mitigation; Disaster Preparedness
Barangay 248,248,503,173.0,200.2447726886176,-65.60636182902584,1.0,1.0,1,1,67.18492876463455,97.66585214186192,30.48092337722737,2633.376978314538,116.22992676281775,168.96192420542113,52.73199744260337,0.5111893696200153,0.010020137805735532,0.3167088612213713,0.12435213795013478,15.291730931206473,Low,703,Low,0.9966041348723479,Gradient Boosting,True,"Routine monitoring, drainage inspection, annual information updating, and regular drills.",Disaster Prevention and Mitigation; Disaster Preparedness
Barangay 668,668,2645,2905.0,186.26084024458555,9.829867674858223,1.824847903,2.0,0,3,24.43789056921698,41.37961700975544,16.941726440538464,26423.007243571643,709.9207210357532,1202.0778741333957,492.15715309764244,0.26389487217816177,0.07266705521923918,0.32055810927243794,0.12383508186629819,15.224765849469899,Low,704,Low,0.9690920914415577,Gradient Boosting,True,"Routine monitoring, drainage inspection, annual information updating, and regular drills.",Disaster Prevention and Mitigation; Disaster Preparedness
Barangay 10,10,160,161.0,265.78243085030164,0.625,0.946938776,1.0,0,2,91.52382621756922,99.034978111963,7.511151894393777,454.9945047641304,147.35336021028647,159.44631476026044,12.092954549973967,0.5004639854315459,0.009011861217120195,0.35494797322267607,0.12373198523159243,15.211413575344023,Low,705,Low,0.9940331168492786,Gradient Boosting,True,"Routine monitoring, drainage inspection, annual information updating, and regular drills.",Disaster Prevention and Mitigation; Disaster Preparedness
Barangay 750,750,1107,1220.0,465.11654023809785,10.20776874435411,4.0,4.0,4,4,52.20226624652218,69.7901828400488,17.58791659352662,4613.307932054682,636.8676482075706,851.4402306485954,214.5725824410248,0.36763154386420965,0.049890989031261546,0.26476863375902165,0.12355528949634295,15.188529318252053,Low,706,Low,0.8699722933137777,Gradient Boosting,True,"Routine monitoring, drainage inspection, annual information updating, and regular drills.",Disaster Prevention and Mitigation; Disaster Preparedness
Barangay 576,576,3603,2112.0,575.107201979934,-41.38218151540383,3.230455472,3.0,3,5,46.32494387402637,55.98905756040675,9.664113686380382,3549.0093038945306,978.3828146194369,1182.4888956757907,204.1060810563538,0.2920093834200278,0.06818249560815617,0.2780377702326981,0.12344522470788083,15.174274583057768,Low,707,Low,0.9940479865663154,Gradient Boosting,True,"Routine monitoring, drainage inspection, annual information updating, and regular drills.",Disaster Prevention and Mitigation; Disaster Preparedness
Barangay 100,100,2222,2340.0,797.2878538425763,5.3105310531053105,2.046968403,2.0,2,3,30.61621788827872,48.88903596096728,18.27281807268856,5362.9807708739845,716.419498585722,1144.0034414866343,427.58394290091235,0.26486477996412056,0.06867557016217468,0.36152520846887715,0.12339178463183041,15.167353440124545,Low,708,Low,0.949001411165946,Gradient Boosting,True,"Routine monitoring, drainage inspection, annual information updating, and regular drills.",Disaster Prevention and Mitigation; Disaster Preparedness
Barangay 779,779,4444,4450.0,1206.8681956727082,0.135013501350135,0.971467391,1.0,0,1,5.06352750594914,29.40176853838363,24.338241032434492,8974.068003669961,225.32697401473672,1308.3786999580716,1083.051725943335,0.17745545674859486,0.08554428117481083,0.43263536012966214,0.1232759320038822,15.152349108984328,Low,709,Low,0.9875054324724152,Gradient Boosting,True,"Routine monitoring, drainage inspection, annual information updating, and regular drills.",Disaster Prevention and Mitigation; Disaster Preparedness
Barangay 724,724,2338,2459.0,295.48777448870453,5.175363558597092,3.0,3.0,3,3,22.634420598820657,46.31011925545172,23.67569865663106,19702.521736269417,556.580402525,1138.7658324915576,582.1854299665576,0.28063973228058287,0.07020632258435411,0.28468720790010316,0.1231526122938573,15.136377699460871,Low,710,Low,0.9937237634175478,Gradient Boosting,True,"Routine monitoring, drainage inspection, annual information updating, and regular drills.",Disaster Prevention and Mitigation; Disaster Preparedness
Barangay 520,520,631,695.0,185.97011148566537,10.142630744849445,3.0,3.0,3,3,54.64926060450611,79.32893776991591,24.6796771654098,9223.189410886556,379.81236120131746,551.3361175009155,171.52375629959806,0.42773709911350427,0.032690079578846495,0.27782696642883736,0.123007715785134,15.11761183081853,Low,711,Low,0.9975802680568147,Gradient Boosting,True,"Routine monitoring, drainage inspection, annual information updating, and regular drills.",Disaster Prevention and Mitigation; Disaster Preparedness
Barangay 720,720,1238,1604.0,301.53896288020496,29.563812600969307,1.95915493,2.0,1,2,52.93095516302921,61.26094849801799,8.329993334988778,4431.039087519224,849.0125208149886,982.6256139082085,133.61309309321985,0.31913798347481104,0.05623411651266954,0.3344960822834661,0.12297603954592774,15.113509370729842,Low,712,Low,0.9759326675679205,Gradient Boosting,True,"Routine monitoring, drainage inspection, annual information updating, and regular drills.",Disaster Prevention and Mitigation; Disaster Preparedness
Barangay 104,104,5741,5801.0,1489.8103889382407,1.0451140916216688,3.0,3.0,3,3,11.81880044857978,26.496099476277543,14.677299027697762,5715.023354103103,685.6086140221131,1537.0387306188602,851.4301165967471,0.15137945600750422,0.09553384814173682,0.3827822505679899,0.12286069837285994,15.098571279247064,Low,713,Low,0.9548281239467563,Gradient Boosting,True,"Routine monitoring, drainage inspection, annual information updating, and regular drills.",Disaster Prevention and Mitigation; Disaster Preparedness
Barangay 663-A,663,403,185.0,24.57471615768263,-54.09429280397022,0.501657825,1.0,0,1,98.67163696456862,99.60149108937544,0.9298541248068233,699.9999999409192,182.54252838445194,184.26275851534456,1.7202301308926167,0.49980443709075834,0.010270046293501303,0.325526141899604,0.1228519725837396,15.09744118291917,Low,714,Low,0.9991570989345431,Gradient Boosting,True,"Routine monitoring, drainage inspection, annual information updating, and regular drills.",Disaster Prevention and Mitigation; Disaster Preparedness
Barangay 222,222,2040,1760.0,1015.0378419543671,-13.725490196078432,2.0,2.0,2,2,30.27358587287055,54.73121742286826,24.45763154999771,4240.771107125991,532.8151113625217,963.2694266424814,430.4543152799597,0.29577461389830256,0.05865591704902506,0.37261606782897233,0.12248252420104828,15.049593102376733,Low,715,Low,0.995801268983683,Gradient Boosting,True,"Routine monitoring, drainage inspection, annual information updating, and regular drills.",Disaster Prevention and Mitigation; Disaster Preparedness
Barangay 886,886,384,406.0,182.0455676655789,5.729166666666666,2.288439955,2.0,2,4,67.25721959441493,88.4608859294758,21.20366633506086,4728.864669668326,273.0643115533246,359.1511968736717,86.08688532034711,0.4633475357321251,0.020992690533607018,0.3013921093435221,0.12246653817262029,15.047522716331994,Low,716,Low,0.9997221034540733,Gradient Boosting,True,"Routine monitoring, drainage inspection, annual information updating, and regular drills.",Disaster Prevention and Mitigation; Disaster Preparedness
Barangay 241,241,447,303.0,35.09821589120946,-32.21476510067114,1.0,1.0,1,1,21.35062040235474,73.56451340806532,52.21389300571059,45075.822742012126,64.69237981913486,222.90047562643792,158.20809580730307,0.4789650614354292,0.014263633339824439,0.31841522059533117,0.12141625518277736,14.911498233766205,Low,717,Low,0.9997340793729679,Gradient Boosting,True,"Routine monitoring, drainage inspection, annual information updating, and regular drills.",Disaster Prevention and Mitigation; Disaster Preparedness
Barangay 544,544,164,45.0,33.20353802010317,-72.5609756097561,2.92804428,3.0,2,4,19.90706100292447,96.37357586437749,76.46651486145302,10363.332867365,8.95817745131601,43.368109138969864,34.40993168765385,0.5458832829389513,0.0028179356390211677,0.22917764499821877,0.1205999439110328,14.805775948034164,Low,718,Low,0.9974556741922481,Gradient Boosting,True,"Routine monitoring, drainage inspection, annual information updating, and regular drills.",Disaster Prevention and Mitigation; Disaster Preparedness
Barangay 714,714,1371,1617.0,1045.4222214930458,17.943107221006567,2.0,2.0,2,2,30.65115067139809,55.04473457221367,24.39358390081558,3773.061673711629,495.62910635650707,890.0733580326951,394.444251676188,0.29647402498531167,0.05415991709592719,0.38989520074073925,0.12024358855937098,14.759623575018393,Low,719,Low,0.9948443164270993,Gradient Boosting,True,"Routine monitoring, drainage inspection, annual information updating, and regular drills.",Disaster Prevention and Mitigation; Disaster Preparedness
Barangay 797,797,244,268.0,331.7364148986219,9.836065573770492,3.455974843,3.0,3,4,90.6562069898869,96.2405398784591,5.584332888572206,451.1416736069541,242.95863473289688,257.9246468742704,14.96601214137354,0.4853352772270181,0.014523663087542533,0.2732640322035988,0.120237260996113,14.758804078248101,Low,720,Low,0.998171926559519,Gradient Boosting,True,"Routine monitoring, drainage inspection, annual information updating, and regular drills.",Disaster Prevention and Mitigation; Disaster Preparedness
Barangay 794,794,710,709.0,594.1897886804583,-0.14084507042253522,2.947478992,3.0,2,3,61.08307366950546,76.78669515117134,15.703621481665884,1873.789796224295,433.07899231679374,544.4176686218049,111.33867630501112,0.396628471714669,0.03159590698595636,0.3091432501248286,0.11799307267419029,14.468154264605616,Low,721,Low,0.9970196323957098,Gradient Boosting,True,"Routine monitoring, drainage inspection, annual information updating, and regular drills.",Disaster Prevention and Mitigation; Disaster Preparedness
Barangay 811,811,2332,2242.0,677.8420771580107,-3.8593481989708405,4.0,4.0,4,4,39.42151735365442,50.94777835741513,11.526261003760709,3812.374303876026,883.8304190689322,1142.2491907732472,258.41877170431496,0.2683814258393926,0.06658424526733747,0.2760379213669865,0.11757520091610137,14.414034765172987,Low,722,Low,0.9758446579194854,Gradient Boosting,True,"Routine monitoring, drainage inspection, annual information updating, and regular drills.",Disaster Prevention and Mitigation; Disaster Preparedness
Barangay 688,688,1212,756.0,161.14985840799596,-37.62376237623762,3.0,3.0,3,3,27.45248013722098,69.2052721190851,41.752791981864114,19587.42691437765,207.54074983739062,523.1918572202833,315.65110738289263,0.4056973650399993,0.0328231842726082,0.25352387467259047,0.1174561281342724,14.398613384752101,Low,723,Low,0.9968426385092646,Gradient Boosting,True,"Routine monitoring, drainage inspection, annual information updating, and regular drills.",Disaster Prevention and Mitigation; Disaster Preparedness
Barangay 825,825,388,463.0,77.85041014311953,19.329896907216497,3.096461668,3.0,1,4,51.94054893979647,79.49901777013892,27.55846883034245,16389.85722103643,240.48474159125766,368.0804522757432,127.59571068448554,0.4430225819915929,0.02197860174526614,0.26952975221787706,0.1174491384055916,14.39770812946731,Low,724,Low,0.9996575412571229,Gradient Boosting,True,"Routine monitoring, drainage inspection, annual information updating, and regular drills.",Disaster Prevention and Mitigation; Disaster Preparedness
Barangay 498,498,1033,1029.0,471.88928513987685,-0.3872216844143272,2.807118255,3.0,2,3,35.206293204880566,65.29841247292838,30.09211926804781,6561.876207391034,362.27275707822105,671.920664346433,309.64790726821195,0.3560913782482549,0.041025597779696256,0.3039050471026878,0.11694078917493614,14.331870691623088,Low,725,Low,0.9861130793723255,Gradient Boosting,True,"Routine monitoring, drainage inspection, annual information updating, and regular drills.",Disaster Prevention and Mitigation; Disaster Preparedness
Barangay 8,8,147,301.0,82.69642912575297,104.76190476190477,2.239612188,2.0,0,3,49.163929935963885,80.95964921354442,31.795719277580538,11573.065008645379,147.98342910725128,243.68854413276873,95.70511502551744,0.44430650213984024,0.014683340983348567,0.34093034407563616,0.11634434890279033,14.254624387355927,Low,726,Low,0.9996567437547383,Gradient Boosting,True,"Routine monitoring, drainage inspection, annual information updating, and regular drills.",Disaster Prevention and Mitigation; Disaster Preparedness
Barangay 237,237,452,223.0,100.30237477321717,-50.66371681415929,1.083521445,1.0,1,2,40.72888330864973,83.90711704026891,43.17823373161919,9599.718993614651,90.82540977828889,187.1128709997997,96.28746122151081,0.4623337362244632,0.011543134640037861,0.3122461523018381,0.11581415935643952,14.185958361721307,Low,727,Low,0.9999190866087918,Gradient Boosting,True,"Routine monitoring, drainage inspection, annual information updating, and regular drills.",Disaster Prevention and Mitigation; Disaster Preparedness
Barangay 752,752,763,782.0,458.0304474843399,2.490170380078637,4.0,4.0,4,4,16.47096766086137,67.84918947905746,51.37822181819609,8771.855600975745,128.8029671079359,530.5806617262293,401.7776946182934,0.3854677475183332,0.03424926165019046,0.26058440618087575,0.11503047183287442,14.08446125006938,Low,728,Low,0.9940486566291058,Gradient Boosting,True,"Routine monitoring, drainage inspection, annual information updating, and regular drills.",Disaster Prevention and Mitigation; Disaster Preparedness
Barangay 651,651,2556,2033.0,116.9047126914612,-20.461658841940533,1.134493671,1.0,0,3,33.075864174551484,46.24305517558884,13.16719100103736,22898.04977816277,672.4323186686316,940.1213117197212,267.6889930510896,0.2797047978259261,0.055449967535005355,0.3258300638616787,0.11428378035613498,13.987755578605581,Low,729,Low,0.9966573332585577,Gradient Boosting,True,"Routine monitoring, drainage inspection, annual information updating, and regular drills.",Disaster Prevention and Mitigation; Disaster Preparedness
Barangay 542,542,802,336.0,276.2975336202152,-58.104738154613464,3.0,3.0,3,3,26.044555569961435,80.87069207572702,54.82613650576559,6667.298699545624,87.50970671507042,271.7255253744428,184.21581865937236,0.44889796095533985,0.017286089351544128,0.25363743652595466,0.11414920008637992,13.970325788983134,Low,730,Low,0.9998447834117355,Gradient Boosting,True,"Routine monitoring, drainage inspection, annual information updating, and regular drills.",Disaster Prevention and Mitigation; Disaster Preparedness
Barangay 196,196,1631,1468.0,728.2451667032478,-9.993868792152053,5.203955501,5.0,4,8,52.144202958285405,61.90666504508919,9.762462086803787,1967.9216558766166,765.4768994276297,908.7898428619094,143.31294343427965,0.31885043288555553,0.0522412594839031,0.2335019637049823,0.11410679079157389,13.964833267026902,Low,731,Low,0.9978139665946173,Gradient Boosting,True,"Routine monitoring, drainage inspection, annual information updating, and regular drills.",Disaster Prevention and Mitigation; Disaster Preparedness
Barangay 285,285,2066,2091.0,380.82123466993494,1.2100677637947725,0.809285389,1.0,0,1,25.260119093677638,44.74359087275158,19.483471779073945,10697.916970242924,528.1890902487994,935.5884851492356,407.39939490043616,0.2543268630007516,0.05684442104681836,0.36987351975555355,0.11297315780973843,13.81801394188793,Low,732,Low,0.9984385840916392,Gradient Boosting,True,"Routine monitoring, drainage inspection, annual information updating, and regular drills.",Disaster Prevention and Mitigation; Disaster Preparedness
Barangay 26,26,2555,2340.0,1192.8649903949238,-8.414872798434441,3.0,3.0,3,3,22.439226215884503,43.39132398093978,20.952097765055278,4110.097049121845,525.0778934516974,1015.3569811539909,490.2790877022935,0.2367516071405966,0.06225841290285789,0.353513500368754,0.11269844953452168,13.782435863070821,Low,733,Low,0.9975703478337027,Gradient Boosting,True,"Routine monitoring, drainage inspection, annual information updating, and regular drills.",Disaster Prevention and Mitigation; Disaster Preparedness
Barangay 767,767,5429,5497.0,1306.9150674398736,1.2525326947872537,0.598448687,1.0,0,2,7.782293440619085,23.021591128455825,15.23929768783674,6409.782967315321,427.79267043083115,1265.4968643312166,837.7041939003855,0.13557510746736806,0.08026733110829139,0.45513584239537236,0.11254073470743799,13.762009865549697,Low,734,Low,0.9939391793598361,Gradient Boosting,True,"Routine monitoring, drainage inspection, annual information updating, and regular drills.",Disaster Prevention and Mitigation; Disaster Preparedness
Barangay 701,701,2695,3328.0,173.84180510639453,23.487940630797773,0.824513263,1.0,0,1,17.25497963984503,32.20129450883499,14.946314868989962,28612.988603952865,574.2457224140426,1071.6590812540285,497.4133588399859,0.22069881534629834,0.0654743478559826,0.3623504094920007,0.11252222199192519,13.759612242649135,Low,735,Low,0.9828313375025596,Gradient Boosting,True,"Routine monitoring, drainage inspection, annual information updating, and regular drills.",Disaster Prevention and Mitigation; Disaster Preparedness
Barangay 47,47,1123,1677.0,504.1832539012309,49.33214603739982,2.970698723,3.0,2,3,15.666460638548472,48.8194161493618,33.15295551081333,11027.241773985112,262.72654490845787,818.7016088247974,555.9750639163395,0.2834465889070985,0.05209356943340868,0.32377766925498425,0.11237149210860964,13.740090880708136,Low,736,Low,0.9979348810750412,Gradient Boosting,True,"Routine monitoring, drainage inspection, annual information updating, and regular drills.",Disaster Prevention and Mitigation; Disaster Preparedness
Barangay 232,232,1778,1871.0,500.1530398386096,5.230596175478065,1.159866221,1.0,1,2,18.32483055706451,45.73904333661174,27.414212779547235,10255.259495590366,342.857579722677,855.7775008280057,512.9199211053287,0.26325067720263534,0.053648508965060654,0.36895338928328014,0.11224581559364236,13.723814236142415,Low,737,Low,0.9987576941916768,Gradient Boosting,True,"Routine monitoring, drainage inspection, annual information updating, and regular drills.",Disaster Prevention and Mitigation; Disaster Preparedness
Barangay 118,118,10840,10891.0,767.2100246759161,0.4704797047970479,1.263937897,1.0,0,3,7.24980454154386,14.296156266062969,7.046351724519109,10002.712968219465,789.5762126195417,1556.9943789369179,767.4181663173762,0.09343514857417624,0.09565375175999652,0.3853078975171134,0.11192106292292667,13.681754796521703,Low,738,Low,0.9234942374250104,Gradient Boosting,True,"Routine monitoring, drainage inspection, annual information updating, and regular drills.",Disaster Prevention and Mitigation; Disaster Preparedness
Barangay 72,72,3233,3743.0,1399.0871753286774,15.774822146613051,2.055970149,2.0,2,3,25.390915696647003,33.1270002468246,7.736084550177598,2069.646908493195,950.3819745254974,1239.9436192386447,289.5616447131473,0.1739235383037045,0.0723856236118078,0.41646251828603525,0.11180014451152298,13.666094384515675,Low,739,Low,0.9530743734967573,Gradient Boosting,True,"Routine monitoring, drainage inspection, annual information updating, and regular drills.",Disaster Prevention and Mitigation; Disaster Preparedness
Barangay 32,32,2219,2221.0,1382.0293667449328,0.09013068949977468,3.0,3.0,3,3,21.35224757979241,43.010501915339525,21.658254335547113,3480.6049738686916,474.23341874718943,955.263247539691,481.0298287925015,0.23415179557177768,0.05880663834629191,0.37331196031238995,0.11075108893731489,13.530228867274696,Low,740,Low,0.99914788175399,Gradient Boosting,True,"Routine monitoring, drainage inspection, annual information updating, and regular drills.",Disaster Prevention and Mitigation; Disaster Preparedness
Barangay 110,110,2677,2431.0,136.44052418352132,-9.18939110945088,1.920067312,2.0,0,4,32.27626570330106,42.27771897976759,10.001453276466535,17819.876507060966,784.6360192472487,1027.7713483981502,243.1353291509015,0.24897789393793932,0.06003619103810601,0.30406456915144586,0.11054068186356414,13.502978579864624,Low,741,Low,0.9855978410663022,Gradient Boosting,True,"Routine monitoring, drainage inspection, annual information updating, and regular drills.",Disaster Prevention and Mitigation; Disaster Preparedness
Barangay 606,606,532,443.0,144.16829350538265,-16.729323308270676,1.550689376,2.0,1,3,50.6649535885332,73.81422092487001,23.149267336336813,7113.301531598085,224.44574439720208,326.99699869717415,102.55125429997207,0.395506325563307,0.019398131423900584,0.31467306090053,0.10895312017607992,13.29736993993644,Low,742,Low,0.9998039404640622,Gradient Boosting,True,"Routine monitoring, drainage inspection, annual information updating, and regular drills.",Disaster Prevention and Mitigation; Disaster Preparedness
Barangay 107,107,7003,7153.0,454.6615344204543,2.1419391689276024,2.141019533,2.0,0,4,14.539862643189078,20.751139907886948,6.21127726469787,9771.943063319999,1040.0363748673146,1484.3290376111534,444.2926627438387,0.12480229519545982,0.08780339502445907,0.3279286073840884,0.10877938601882639,13.274869243388029,Low,743,Low,0.9668640426846301,Gradient Boosting,True,"Routine monitoring, drainage inspection, annual information updating, and regular drills.",Disaster Prevention and Mitigation; Disaster Preparedness
Barangay 202-A,202,1213,1037.0,531.5316680467778,-14.509480626545754,3.626598465,4.0,3,6,61.00360656976138,65.66125879410926,4.657652224347878,908.6919269358878,632.6074001284255,680.907253694913,48.29985356648751,0.3326978783652723,0.038445294191327875,0.272446338172419,0.10868197083187374,13.262252786178466,Low,744,Low,0.9941618162533702,Gradient Boosting,True,"Routine monitoring, drainage inspection, annual information updating, and regular drills.",Disaster Prevention and Mitigation; Disaster Preparedness
Barangay 111,111,2661,2676.0,1841.8922013529761,0.5636978579481398,3.388984509,3.0,3,4,10.949765553563996,35.93459781660427,24.98483226304027,3629.930735728382,293.01572621337255,961.6098375723302,668.5941113589577,0.201022134367633,0.06137026385469339,0.39785836903598626,0.10769799650194084,13.134816085421125,Low,745,Low,0.9993057881280586,Gradient Boosting,True,"Routine monitoring, drainage inspection, annual information updating, and regular drills.",Disaster Prevention and Mitigation; Disaster Preparedness
Barangay 891,891,760,931.0,235.7147404877759,22.5,2.279216677,3.0,1,4,52.22209159301677,62.96156987771554,10.73947828469877,4241.760299913469,486.18767273098615,586.1722155615316,99.98454283054548,0.3287428852682596,0.0337847217316162,0.31402594983782767,0.1068226838298666,13.021452397297429,Low,746,Low,0.9969685181800355,Gradient Boosting,True,"Routine monitoring, drainage inspection, annual information updating, and regular drills.",Disaster Prevention and Mitigation; Disaster Preparedness
Barangay 273,273,825,454.0,222.37353902597482,-44.96969696969697,1.0,1.0,1,1,26.190218480226356,67.18153822545541,40.991319745229056,8368.828074531033,118.90359190022767,305.0041835435676,186.10059164333992,0.37521673140973477,0.019159456421086244,0.328163746620532,0.10563878394678622,12.868122894141532,Low,747,Low,0.9999460091506189,Gradient Boosting,True,"Routine monitoring, drainage inspection, annual information updating, and regular drills.",Disaster Prevention and Mitigation; Disaster Preparedness
Barangay 212,212,2675,2131.0,731.2893982447785,-20.33644859813084,2.660958904,3.0,2,3,23.502422955405105,42.37839798874927,18.875975033344165,5500.517701009026,500.8366331796828,903.083661140247,402.24702796056425,0.2329155392060797,0.05497558801988081,0.32167597211791676,0.10466506981932697,12.742015014993216,Low,748,Low,0.9991980900979793,Gradient Boosting,True,"Routine monitoring, drainage inspection, annual information updating, and regular drills.",Disaster Prevention and Mitigation; Disaster Preparedness
Barangay 706,706,296,301.0,74.98829393653992,1.6891891891891893,2.0,2.0,2,2,35.360963347723725,70.93719600946005,35.57623266173633,14280.156900548818,106.43649967664841,213.52095998847477,107.08446031182636,0.40125375034144545,0.013139357999988084,0.3010651147545104,0.1045862551731584,12.731807555130148,Low,749,Low,0.9997015381831337,Gradient Boosting,True,"Routine monitoring, drainage inspection, annual information updating, and regular drills.",Disaster Prevention and Mitigation; Disaster Preparedness
Barangay 562,562,2583,2261.0,1043.7509147167132,-12.466124661246612,3.325635104,3.0,2,5,36.13034175563413,43.45687289314936,7.326531137515232,1587.091964984571,816.9070270948876,982.5598961141071,165.65286901921957,0.22447222941490788,0.056608074602244644,0.3272668225087693,0.10458250258032606,12.731321548498379,Low,750,Low,0.9961565401657104,Gradient Boosting,True,"Routine monitoring, drainage inspection, annual information updating, and regular drills.",Disaster Prevention and Mitigation; Disaster Preparedness
Barangay 428,428,1304,924.0,323.61835483155625,-29.141104294478527,3.735733099,4.0,3,5,31.730772190231487,60.73086638768238,29.000094197450895,8280.150565746504,293.1923350377389,561.1532054221852,267.9608703844463,0.33565117652898313,0.03437274986269432,0.2442475761067695,0.10457382751996225,12.730198022164402,Low,751,Low,0.9998201603899584,Gradient Boosting,True,"Routine monitoring, drainage inspection, annual information updating, and regular drills.",Disaster Prevention and Mitigation; Disaster Preparedness
Barangay 741,741,1207,1296.0,924.3544793330014,7.373653686826843,3.120071685,3.0,3,4,12.4093775096623,49.540857444811,37.131479935148704,5206.0545031032925,160.8255325252234,642.0495124847506,481.22397995952724,0.2790978656726335,0.04138614721526044,0.33399506021681574,0.10409647365256525,12.668374862652731,Low,752,Low,0.998226030637893,Gradient Boosting,True,"Routine monitoring, drainage inspection, annual information updating, and regular drills.",Disaster Prevention and Mitigation; Disaster Preparedness
Barangay 737,737,2209,2615.0,2181.839330375207,18.379357175192396,4.0,4.0,4,4,5.469074743634282,33.28994565667496,27.82087091304068,3334.414978443458,143.01630454603648,870.5320789220501,727.5157743760136,0.18896666187066197,0.056998424033119,0.4123350425121857,0.10293069674202572,12.517392505919526,Low,753,Low,0.9986735973983715,Gradient Boosting,True,"Routine monitoring, drainage inspection, annual information updating, and regular drills.",Disaster Prevention and Mitigation; Disaster Preparedness
Barangay 33,33,4082,4343.0,1818.6341022247577,6.393924546790789,2.512526096,3.0,2,3,6.8455276095396425,24.43495499138873,17.589427381849084,4200.453682569829,297.30126408230666,1061.2100952760125,763.9088311937057,0.14012368843998305,0.06803397072827622,0.4305836706726062,0.10283388570959665,12.504854294104065,Low,754,Low,0.994775969794495,Gradient Boosting,True,"Routine monitoring, drainage inspection, annual information updating, and regular drills.",Disaster Prevention and Mitigation; Disaster Preparedness
Barangay 715,715,180,217.0,404.20537173135966,20.555555555555554,2.0,2.0,2,2,39.07891969452732,73.95720012734438,34.87828043281706,1872.4607299260451,84.80125573712428,160.4871242763373,75.68586853921303,0.3939196318500047,0.009819249117282955,0.33741297088930694,0.10277840492373261,12.497668854310712,Low,755,Low,0.9995680590414273,Gradient Boosting,True,"Routine monitoring, drainage inspection, annual information updating, and regular drills.",Disaster Prevention and Mitigation; Disaster Preparedness
Barangay 258,258,1181,708.0,322.16640889404067,-40.05080440304826,1.761363636,2.0,1,2,42.72337396915556,63.13852564351692,20.41515167436136,4486.478722305801,302.48148770162135,447.0207615560998,144.53927385447844,0.3358351307854077,0.026569416403857515,0.31104601131028065,0.1026108371599568,12.475966781076412,Low,756,Low,0.9991333867805239,Gradient Boosting,True,"Routine monitoring, drainage inspection, annual information updating, and regular drills.",Disaster Prevention and Mitigation; Disaster Preparedness
Barangay 571,571,2097,2452.0,1112.6480239083671,16.92894611349547,3.323094425,3.0,2,4,37.82871310989581,40.55134285794775,2.7226297480519435,599.9999998897347,927.5600454546452,994.3189268768789,66.75888142223369,0.20544594415505307,0.05609663803190201,0.346805975264686,0.10165599492475653,12.352303042606744,Low,757,Low,0.9956401893702803,Gradient Boosting,True,"Routine monitoring, drainage inspection, annual information updating, and regular drills.",Disaster Prevention and Mitigation; Disaster Preparedness
Barangay 2,2,1887,1666.0,439.74063780983874,-11.711711711711711,2.726790451,3.0,2,3,13.399810524894823,43.58030042711015,30.180489902215328,11434.17093028234,223.24084334474776,726.0478051156551,502.8069617709074,0.25619952493537773,0.04631299564242667,0.2988729739076805,0.10134863087328515,12.312495641682379,Low,758,Low,0.9990889775211158,Gradient Boosting,True,"Routine monitoring, drainage inspection, annual information updating, and regular drills.",Disaster Prevention and Mitigation; Disaster Preparedness
Barangay 723,723,540,588.0,263.07678006814587,8.88888888888889,2.989944134,3.0,2,3,34.77565731308794,63.6149938540338,28.839336540945858,6445.848197504771,204.48086500095707,374.05616386171874,169.57529886076168,0.3467208901356766,0.022805767886200184,0.28406750279448884,0.10033439155273319,12.181139254775083,Low,759,Low,0.9998429596589832,Gradient Boosting,True,"Routine monitoring, drainage inspection, annual information updating, and regular drills.",Disaster Prevention and Mitigation; Disaster Preparedness
Barangay 185,185,3532,3399.0,990.7403316045348,-3.7655719139297847,2.0,2.0,2,2,3.382629870757893,27.620561025169067,24.237931154411175,8315.471306232072,114.97558930706079,938.8228692454966,823.8472799384358,0.16732087480576927,0.06193249887085928,0.37521542050507,0.10031470167709856,12.178589175252815,Low,760,Low,0.9969234311945518,Gradient Boosting,True,"Routine monitoring, drainage inspection, annual information updating, and regular drills.",Disaster Prevention and Mitigation; Disaster Preparedness
Barangay 197,197,523,305.0,209.76479351242006,-41.68260038240918,4.426597582,4.0,4,6,69.1075634881787,79.11097627416821,10.00341278598951,1454.505710247393,210.77806863894503,241.28847763621303,30.510408997268,0.40410469146513467,0.013781464896203086,0.20368521749694043,0.100004528375139,12.13841794205872,Low,761,Low,0.9999948051093659,Gradient Boosting,True,"Routine monitoring, drainage inspection, annual information updating, and regular drills.",Disaster Prevention and Mitigation; Disaster Preparedness
Barangay 592,592,2371,2119.0,656.2087794960091,-10.628426824124842,3.429675425,3.0,2,6,27.390587884378025,41.08513005438702,13.694542170008997,4422.180221443616,580.4065572699703,870.5939058524609,290.1873485824906,0.22144405036065365,0.051847607314608614,0.29187386138805077,0.09839051599515301,11.92938361420085,Low,762,Low,0.999540628753043,Gradient Boosting,True,"Routine monitoring, drainage inspection, annual information updating, and regular drills.",Disaster Prevention and Mitigation; Disaster Preparedness
Barangay 693,693,511,557.0,199.99069770236426,9.001956947162427,2.891284816,3.0,2,3,39.82974900987033,63.39053445911087,23.560785449240534,6561.98395525265,221.85170198497778,353.08527693724756,131.23357495226978,0.3426551114155614,0.021187357475732495,0.2824347069793976,0.0982431551348071,11.910298581906838,Low,763,Low,0.9998654395317224,Gradient Boosting,True,"Routine monitoring, drainage inspection, annual information updating, and regular drills.",Disaster Prevention and Mitigation; Disaster Preparedness
Barangay 536,536,944,1045.0,668.1204115511796,10.699152542372882,5.52388535,6.0,5,6,46.98618024724083,58.479030092830186,11.492849845589355,1797.5843696732936,491.0055835836667,611.1058644700754,120.10028088640871,0.30244246637953925,0.03540875670500472,0.22642852334723362,0.09791865993698631,11.868272488172563,Low,764,Low,0.999270899756116,Gradient Boosting,True,"Routine monitoring, drainage inspection, annual information updating, and regular drills.",Disaster Prevention and Mitigation; Disaster Preparedness
Barangay 853,853,505,291.0,397.4114918893347,-42.37623762376238,2.0,2.0,2,2,70.09393942014871,72.82528987760641,2.731350457457694,199.99999983430826,203.97336371263273,211.92159354383466,7.948229831201928,0.3661110751420738,0.011881994247388714,0.30756337370686665,0.09724082753391,11.780484908266532,Low,765,Low,0.9999433824152917,Gradient Boosting,True,"Routine monitoring, drainage inspection, annual information updating, and regular drills.",Disaster Prevention and Mitigation; Disaster Preparedness
Barangay 182,182,3936,4072.0,772.5536162119635,3.4552845528455287,2.488394126,3.0,0,4,24.62682020003269,28.041841096166078,3.415020896133388,1799.9999996427177,1002.8041185453311,1141.8637694358827,139.05965089055155,0.14544098873447545,0.065156065736608,0.34249393749802276,0.09662502967302158,11.700731559690455,Low,766,Low,0.9890909014459963,Gradient Boosting,True,"Routine monitoring, drainage inspection, annual information updating, and regular drills.",Disaster Prevention and Mitigation; Disaster Preparedness
Barangay 378,378,602,683.0,277.44554275421365,13.455149501661129,3.837892604,4.0,3,5,31.115488877466237,59.067239841524014,27.951750964057776,6881.00652795999,212.51878903309438,403.429248117609,190.91045908451463,0.3242247187126535,0.024691122051073322,0.25647463792867703,0.09581847448554741,11.596272806099355,Low,767,Low,0.9999798261839516,Gradient Boosting,True,"Routine monitoring, drainage inspection, annual information updating, and regular drills.",Disaster Prevention and Mitigation; Disaster Preparedness
Barangay 742,742,807,836.0,1105.4404653313356,3.593556381660471,3.0,3.0,3,3,29.96419727782028,53.26343220141528,23.299234923594998,1762.0270839540149,250.50068924257755,445.28229320383167,194.78160396125412,0.2833459263914021,0.027064857595586227,0.3517794992550633,0.09520697064496357,11.517075585629422,Low,768,Low,0.9997051059283562,Gradient Boosting,True,"Routine monitoring, drainage inspection, annual information updating, and regular drills.",Disaster Prevention and Mitigation; Disaster Preparedness
Barangay 211,211,2007,2102.0,673.6802377105131,4.733432984554061,2.83788122,3.0,2,3,13.13295920821714,36.2799193522658,23.146960144048663,7222.255826910239,276.05480255672427,762.603904784627,486.5491022279028,0.2080267825071089,0.04815484812620168,0.3220644624354904,0.09477527954212711,11.461166312167453,Low,769,Low,0.9992741175036725,Gradient Boosting,True,"Routine monitoring, drainage inspection, annual information updating, and regular drills.",Disaster Prevention and Mitigation; Disaster Preparedness
Barangay 656,656,364,519.0,16.16228991582683,42.582417582417584,1.480386052,2.0,0,6,38.36710162426938,50.69945375125234,12.332352126982961,39601.38561576296,199.12525742995808,263.1301649689997,64.0049075390416,0.33112904866717024,0.01539118599328859,0.33411335576119594,0.09465467702192606,11.445546811932635,Low,770,Low,0.9991734446721992,Gradient Boosting,True,"Routine monitoring, drainage inspection, annual information updating, and regular drills.",Disaster Prevention and Mitigation; Disaster Preparedness
Barangay 703,703,114,848.0,144.7390140910398,643.859649122807,2.0,2.0,2,2,17.68445465330607,38.911271872524864,21.226817219218795,12436.412611305648,149.96417546003548,329.9675854790109,180.00341001897542,0.22929046766184552,0.020476206770464012,0.6056927963115188,0.09447882546907893,11.422771886778415,Low,771,Low,0.9992823624984243,Gradient Boosting,True,"Routine monitoring, drainage inspection, annual information updating, and regular drills.",Disaster Prevention and Mitigation; Disaster Preparedness
Barangay 350,350,6776,8026.0,515.9306890316597,18.44746162927981,2.0,2.0,2,2,6.250574241779017,14.53761485634764,8.287040614568623,12891.613037666446,501.6710886451839,1166.7889683704616,665.1178797252777,0.10050913407917306,0.07274255672874701,0.34578839378551135,0.0938355024052239,11.339453688035995,Low,772,Low,0.9906329051972494,Gradient Boosting,True,"Routine monitoring, drainage inspection, annual information updating, and regular drills.",Disaster Prevention and Mitigation; Disaster Preparedness
Barangay 68,68,1115,966.0,1321.8507502978944,-13.363228699551568,3.0,3.0,3,3,14.842567868518064,47.53309484617152,32.69052697765346,2389.0026202501704,143.3792056098845,459.1696962140169,315.7904906041324,0.2614103461856264,0.02926354006956162,0.36201286726306914,0.09321425087757411,11.25899402296572,Low,773,Low,0.9995734665230396,Gradient Boosting,True,"Routine monitoring, drainage inspection, annual information updating, and regular drills.",Disaster Prevention and Mitigation; Disaster Preparedness
Barangay 255,255,1086,957.0,424.6773512629303,-11.878453038674033,2.0,2.0,2,2,22.993492260335508,49.15379520416239,26.160302943826885,5895.160135757313,220.0477209314108,470.4018201038341,250.3540991724233,0.27183918461295287,0.029117117670667898,0.32403659971517046,0.09292691200240219,11.221780127097386,Low,774,Low,0.9993013288880211,Gradient Boosting,True,"Routine monitoring, drainage inspection, annual information updating, and regular drills.",Disaster Prevention and Mitigation; Disaster Preparedness
Barangay 207,207,1541,1139.0,229.76146495714192,-26.08695652173913,2.716591024,3.0,2,4,40.8809389232343,50.656498431998095,9.775559508763799,4846.052963040995,465.6338943356386,576.9775171404583,111.34362280481969,0.26771471280334214,0.03340713444146185,0.274972053232657,0.09251885014700453,11.16893112994891,Low,775,Low,0.9999651682928083,Gradient Boosting,True,"Routine monitoring, drainage inspection, annual information updating, and regular drills.",Disaster Prevention and Mitigation; Disaster Preparedness
Barangay 548,548,749,771.0,530.7198734879951,2.9372496662216285,3.0,3.0,3,3,5.832625849011227,49.95280242817416,44.12017657916293,6409.531250256465,44.96954529587656,385.13610672122275,340.1665614253462,0.2874631465339394,0.02543264990376522,0.3033450250550825,0.09198598583274309,11.09991868918185,Low,776,Low,0.9995294326069767,Gradient Boosting,True,"Routine monitoring, drainage inspection, annual information updating, and regular drills.",Disaster Prevention and Mitigation; Disaster Preparedness
Barangay 119,119,2345,1877.0,1007.181836963259,-19.957356076759062,2.785714286,3.0,2,3,20.142403312053684,37.74186803423938,17.599464722185697,3279.8640792752512,378.07291016724764,708.4148630026731,330.34195283542545,0.2050306391030941,0.043299513930550204,0.34040730449905715,0.09161561164037534,11.051950704972107,Low,777,Low,0.9992684997323692,Gradient Boosting,True,"Routine monitoring, drainage inspection, annual information updating, and regular drills.",Disaster Prevention and Mitigation; Disaster Preparedness
Barangay 515,515,2166,2289.0,533.2545757463846,5.678670360110803,3.0,3.0,3,3,26.44488227831392,35.907015153638696,9.462132875324777,4061.6289361048657,605.3233553506057,821.9115768667897,216.58822151618403,0.1923883081435415,0.048272188524621125,0.304832807174283,0.09085400263788643,10.953313031618478,Low,778,Low,0.9992269867076319,Gradient Boosting,True,"Routine monitoring, drainage inspection, annual information updating, and regular drills.",Disaster Prevention and Mitigation; Disaster Preparedness
Barangay 529,529,935,944.0,619.4825887127336,0.9625668449197862,4.0,4.0,4,4,42.11228150375435,53.06022100658656,10.947939502832206,1668.304336389684,397.5399373954411,500.8884863021771,103.34854890673603,0.2747938780251933,0.029080389472844914,0.2733942153135779,0.09055027940173185,10.913977160771601,Low,779,Low,0.9998530537131329,Gradient Boosting,True,"Routine monitoring, drainage inspection, annual information updating, and regular drills.",Disaster Prevention and Mitigation; Disaster Preparedness
Barangay 12,12,2137,1723.0,837.7862808380454,-19.37295273748245,2.0,2.0,2,2,16.228699822968117,36.99020754816912,20.761507725201,4269.8333248830695,279.6204979497407,637.3412760549539,357.72077810521324,0.20491576014537402,0.03966866621229015,0.3551447739204949,0.08972156952097089,10.80664910365004,Low,780,Low,0.9982782654099797,Gradient Boosting,True,"Routine monitoring, drainage inspection, annual information updating, and regular drills.",Disaster Prevention and Mitigation; Disaster Preparedness
Barangay 749,749,616,673.0,581.092341794318,9.253246753246753,3.454545455,3.0,3,4,36.39349139859546,55.21029591080606,18.816804512210602,2179.293810277085,244.92819711254742,371.5652914797248,126.63709436717738,0.29114614915780573,0.02216115083875228,0.29392692026501116,0.08970144434134963,10.804042646941706,Low,781,Low,0.9999585940453004,Gradient Boosting,True,"Routine monitoring, drainage inspection, annual information updating, and regular drills.",Disaster Prevention and Mitigation; Disaster Preparedness
Barangay 582,582,1563,1269.0,949.1230780767534,-18.809980806142036,2.945794393,3.0,2,4,16.56649618422998,42.4700952504991,25.90359906626912,3463.372451305758,210.22883657787844,538.9455087288336,328.71667215095516,0.23395226371221023,0.03385348233400198,0.3302417323028633,0.08952765238806011,10.781534465100314,Low,782,Low,0.9991454212058977,Gradient Boosting,True,"Routine monitoring, drainage inspection, annual information updating, and regular drills.",Disaster Prevention and Mitigation; Disaster Preparedness
Barangay 558,558,1260,1198.0,847.4490999042362,-4.920634920634921,3.276595745,3.0,2,5,29.89013336720901,45.58757185388429,15.697438486675281,2219.0750228140014,358.0837977391639,546.1391108095338,188.0553130703699,0.24124188113008294,0.03259582894288878,0.31612679481511624,0.08917734386818585,10.736165230698633,Low,783,Low,0.9996564798428886,Gradient Boosting,True,"Routine monitoring, drainage inspection, annual information updating, and regular drills.",Disaster Prevention and Mitigation; Disaster Preparedness
Barangay 708,708,753,788.0,390.7030008553199,4.648074369189907,2.0,2.0,2,2,12.431166900500733,47.439085353914976,35.00791845341424,7060.6674842269285,97.95759517594577,373.81999258885,275.8623974129043,0.27061297985658234,0.02404530684439725,0.3288808657201036,0.0891683070453139,10.734994851698797,Low,784,Low,0.9991345034258006,Gradient Boosting,True,"Routine monitoring, drainage inspection, annual information updating, and regular drills.",Disaster Prevention and Mitigation; Disaster Preparedness
Barangay 800,800,1558,1541.0,820.3317913439861,-1.0911424903722722,4.0,4.0,4,4,41.46879979852394,44.52007359083944,3.0512737923154987,573.1842851359779,639.0342048952539,686.0543340348357,47.020129139581854,0.2254381057276037,0.03871652234717294,0.2892584876107965,0.08916827572852842,10.73499079579236,Low,785,Low,0.9997502474157667,Gradient Boosting,True,"Routine monitoring, drainage inspection, annual information updating, and regular drills.",Disaster Prevention and Mitigation; Disaster Preparedness
Barangay 730,730,1539,2443.0,541.8189020840158,58.73944119558154,3.496949529,3.0,3,4,17.790267088747395,32.1082827766849,14.318015687937507,6455.830941130105,434.61622497809884,784.4053482344123,349.7891232563134,0.1805405749728219,0.04775574908761517,0.31211648569737854,0.08860180788174513,10.66162628689902,Low,786,Low,0.9988897073980028,Gradient Boosting,True,"Routine monitoring, drainage inspection, annual information updating, and regular drills.",Disaster Prevention and Mitigation; Disaster Preparedness
Barangay 569,569,2086,2107.0,1018.7247513365256,1.006711409395973,5.327690447,5.0,4,8,24.955015263558018,37.310077646085794,12.355062382527777,2555.3631052777446,525.8021716031674,786.1233360030277,260.3211643998603,0.19845685535811344,0.04679686407986771,0.25843400865615457,0.08824426611177087,10.615320258212718,Low,787,Low,0.9996014947520238,Gradient Boosting,True,"Routine monitoring, drainage inspection, annual information updating, and regular drills.",Disaster Prevention and Mitigation; Disaster Preparedness
Barangay 563,563,1526,1549.0,1148.9276223563215,1.507208387942333,3.580406654,3.0,2,5,30.22524788832613,40.61228935629594,10.387041467969809,1400.3951964256394,468.18908979017175,629.084362129024,160.8952723388523,0.2117441374768312,0.036889626595067816,0.33328581375649535,0.08769567090329,10.544270474398889,Low,788,Low,0.9997293662412275,Gradient Boosting,True,"Routine monitoring, drainage inspection, annual information updating, and regular drills.",Disaster Prevention and Mitigation; Disaster Preparedness
Barangay 187,187,886,717.0,651.3610527143449,-19.0744920993228,6.767123288,7.0,5,9,53.93861879201334,60.45789242345626,6.519273631442921,717.6233786570147,386.73989673873564,433.4830886761814,46.74319193744577,0.3074527702758163,0.024663768936106053,0.1658369828506954,0.0873391476820524,10.498096360221542,Low,789,Low,0.9999537130544158,Gradient Boosting,True,"Routine monitoring, drainage inspection, annual information updating, and regular drills.",Disaster Prevention and Mitigation; Disaster Preparedness
Barangay 766,766,3101,3321.0,1531.4626604758673,7.09448564979039,0.0,0.0,0,0,15.358737842573252,22.489231810702787,7.130493968129535,1546.2584285796456,510.06368375185775,746.8673884334396,236.80370468158185,0.11944459411615073,0.04433604717269041,0.49848099609929336,0.08499756987908527,10.194833418598757,Low,790,Low,0.9984477573892252,Gradient Boosting,True,"Routine monitoring, drainage inspection, annual information updating, and regular drills.",Disaster Prevention and Mitigation; Disaster Preparedness
Barangay 774,774,2878,2909.0,1545.5550873486663,1.0771369006254343,0.071334214,0.0,0,1,4.130124486172814,21.255569045552576,17.125444559379762,3223.3026587681343,120.14532130276716,618.3245035351244,498.1791822323573,0.12221594001028147,0.040266253749547766,0.49426019095754153,0.08223844726148577,9.837493320716503,Low,791,Low,0.9992232017128623,Gradient Boosting,True,"Routine monitoring, drainage inspection, annual information updating, and regular drills.",Disaster Prevention and Mitigation; Disaster Preparedness
Barangay 747,747,369,381.0,327.7330910548021,3.2520325203252036,4.0,4.0,4,4,43.19516326194305,57.41413006288057,14.218966800937515,1652.9994983787938,164.57357202800304,218.74783553957494,54.174263511571894,0.29848799696309514,0.012806519528398314,0.2500273264768808,0.08157576345665743,9.751667669412768,Low,792,Low,0.9999930612762956,Gradient Boosting,True,"Routine monitoring, drainage inspection, annual information updating, and regular drills.",Disaster Prevention and Mitigation; Disaster Preparedness
Barangay 690,690,496,544.0,422.2968333148172,9.67741935483871,3.0,3.0,3,3,9.906705399925611,47.4743394436521,37.567634043726486,4839.437880546887,53.89247737559533,258.26040657346744,204.36792919787212,0.2683749487862858,0.016774589019322595,0.2974013401354552,0.08147283198237905,9.738336785580646,Low,793,Low,0.9999201783781458,Gradient Boosting,True,"Routine monitoring, drainage inspection, annual information updating, and regular drills.",Disaster Prevention and Mitigation; Disaster Preparedness
Barangay 801,801,614,832.0,400.52128516245233,35.50488599348534,2.102994012,2.0,1,3,38.67685408758532,45.225005756168095,6.548151668582776,1360.2428610132738,321.7914260087099,376.27204789131855,54.48062188260866,0.23244590802502688,0.02157254796006781,0.3403043061343645,0.08061253490025123,9.626917799858717,Low,794,Low,0.9996791164157869,Gradient Boosting,True,"Routine monitoring, drainage inspection, annual information updating, and regular drills.",Disaster Prevention and Mitigation; Disaster Preparedness
Barangay 15,15,1119,1104.0,1580.4891958313276,-1.3404825737265416,3.0,3.0,3,3,10.444877052637016,36.10805784807427,25.66318079543725,1792.619125324687,115.31144266111266,398.6329586427399,283.3215159816272,0.19903384251879006,0.02551346061978395,0.3892660497778914,0.07994451846975713,9.540401508361894,Low,795,Low,0.9996843126088297,Gradient Boosting,True,"Routine monitoring, drainage inspection, annual information updating, and regular drills.",Disaster Prevention and Mitigation; Disaster Preparedness
Barangay 18,18,1982,2006.0,862.6191348942524,1.2108980827447022,2.110151188,2.0,2,3,19.00625096664844,29.915831033120654,10.909580066472213,2536.9965408924145,381.26539439096774,600.1115705244003,218.8461761334326,0.16059055078041898,0.03596098702503809,0.3627848357656657,0.07883450167625705,9.39664076822293,Low,796,Low,0.9993838215233899,Gradient Boosting,True,"Routine monitoring, drainage inspection, annual information updating, and regular drills.",Disaster Prevention and Mitigation; Disaster Preparedness
Barangay 726,726,595,738.0,170.67865593690752,24.03361344537815,3.0,3.0,3,3,22.661820325920782,43.48525306024472,20.82343273432394,9003.875308000914,167.24423400529537,320.92116758460605,153.67693357931068,0.24582858315624606,0.019662714095216364,0.2830095475882677,0.07845970212319497,9.348099645721476,Low,797,Low,0.99972115347711,Gradient Boosting,True,"Routine monitoring, drainage inspection, annual information updating, and regular drills.",Disaster Prevention and Mitigation; Disaster Preparedness
Barangay 45,45,2264,2312.0,1309.5900693439096,2.1201413427561837,2.950213371,3.0,2,3,4.674520937195365,25.208216727381384,20.53369579018602,3625.0965686303643,108.07492406795684,582.8139707370576,474.7390466691008,0.14472577940637152,0.038014690037343264,0.37000564192262303,0.0777302900515401,9.253631868385643,Low,798,Low,0.9997157424749483,Gradient Boosting,True,"Routine monitoring, drainage inspection, annual information updating, and regular drills.",Disaster Prevention and Mitigation; Disaster Preparedness
Barangay 691,691,409,434.0,295.8122696831376,6.112469437652812,3.0,3.0,3,3,7.939273608086372,46.60844738189572,38.66917377380935,5673.33513103088,34.45644745909485,202.28066163742744,167.8242141783326,0.2661825134051969,0.013229972158202727,0.28515039515049895,0.07768717697195361,9.248048197699474,Low,799,Low,0.999975570218308,Gradient Boosting,True,"Routine monitoring, drainage inspection, annual information updating, and regular drills.",Disaster Prevention and Mitigation; Disaster Preparedness
Barangay 29,29,4406,4422.0,606.3142898955116,0.3631411711302769,1.137671233,1.0,0,3,11.263654059487065,18.07632643610101,6.8126723766139445,4968.650376783717,498.078782510518,799.3351550043866,301.2563724938686,0.10326353065559261,0.04801423599373587,0.37638834094068513,0.07759649975419647,9.236304389844635,Low,800,Low,0.9988573800653602,Gradient Boosting,True,"Routine monitoring, drainage inspection, annual information updating, and regular drills.",Disaster Prevention and Mitigation; Disaster Preparedness
Barangay 798,798,1562,1586.0,569.6978056401435,1.5364916773367476,3.989208633,4.0,3,4,32.79630588335886,36.88633902042375,4.090033137064886,1138.6374479880596,520.1494113100715,585.0173368639206,64.86792555384909,0.188892639387189,0.03330660395796587,0.26988560792604654,0.07694878645868394,9.152417602450077,Low,801,Low,0.9997473134065572,Gradient Boosting,True,"Routine monitoring, drainage inspection, annual information updating, and regular drills.",Disaster Prevention and Mitigation; Disaster Preparedness
Barangay 564,564,1430,1451.0,901.1503298999702,1.4685314685314685,3.414596273,3.0,2,5,27.688892513892743,35.641122849760734,7.952230335867991,1280.4396596764573,401.7658303765837,517.1526925500282,115.38686217344446,0.185222656488127,0.030126980615624552,0.31856441355001924,0.07666362745586817,9.115486026691823,Low,802,Low,0.9997737350820913,Gradient Boosting,True,"Routine monitoring, drainage inspection, annual information updating, and regular drills.",Disaster Prevention and Mitigation; Disaster Preparedness
Barangay 527,527,2134,2424.0,1178.1896780831235,13.58950328022493,4.719467956,5.0,4,5,25.536785863367427,29.30066481391414,3.7638789505467116,774.3780773032322,619.0116893280265,710.2481150892787,91.23642576125224,0.1501232759855507,0.04058344538583419,0.2998216682130876,0.07665124577369006,9.11388244753472,Low,803,Low,0.9992174733913675,Gradient Boosting,True,"Routine monitoring, drainage inspection, annual information updating, and regular drills.",Disaster Prevention and Mitigation; Disaster Preparedness
Barangay 699,699,3193,2733.0,139.77105587865685,-14.406514249921704,1.158379138,1.0,0,2,14.883051160129462,23.118874217236613,8.235823057107151,16103.838003924608,406.7537882063382,631.8388323570766,225.08504415073844,0.14908502435921028,0.03779937275807998,0.3296912932749812,0.0760859757678203,9.040673073678352,Low,804,Low,0.9991544363341854,Gradient Boosting,True,"Routine monitoring, drainage inspection, annual information updating, and regular drills.",Disaster Prevention and Mitigation; Disaster Preparedness
Barangay 512,512,2473,2560.0,463.20800368438483,3.5179943388596846,3.006793478,3.0,3,4,23.374676341196658,27.655828347412047,4.28115200621539,2366.053489736125,598.3917143346345,707.9892056937484,109.59749135911397,0.14503219425585767,0.040674191086519054,0.2977138252938703,0.0756159066998329,8.979793384716874,Low,805,Low,0.9993109733122278,Gradient Boosting,True,"Routine monitoring, drainage inspection, annual information updating, and regular drills.",Disaster Prevention and Mitigation; Disaster Preparedness
Barangay 374,374,3277,4221.0,1588.1865409220482,28.80683552029295,4.818181818,5.0,4,7,10.309848182533146,18.73228580606393,8.422437623530785,2238.471885568534,435.1786917847241,790.6897838739585,355.5110920892344,0.10265907727172233,0.048172764000376726,0.33763686348018945,0.07536517125217296,8.947320080037393,Low,806,Low,0.9988107836298608,Gradient Boosting,True,"Routine monitoring, drainage inspection, annual information updating, and regular drills.",Disaster Prevention and Mitigation; Disaster Preparedness
Barangay 799,799,544,570.0,352.111777867793,4.779411764705882,4.0,4.0,4,4,46.4343014224883,48.90526126732082,2.470959844832514,400.00000002367597,264.6755181081833,278.75998922372867,14.084471115545341,0.24671046790559922,0.015672257009398654,0.25277953581760354,0.07389651493521751,8.757111138720807,Low,807,Low,0.9999930289925555,Gradient Boosting,True,"Routine monitoring, drainage inspection, annual information updating, and regular drills.",Disaster Prevention and Mitigation; Disaster Preparedness
Barangay 375,375,3909,4466.0,2570.5108027132746,14.249168585315939,4.110791367,4.0,3,5,5.136047616919667,15.115298646728306,9.979251029808639,1733.792950882868,229.37588657163235,675.0492375628861,445.67335099125376,0.08460748712874161,0.04280279304534962,0.4389220273852961,0.07369686324846175,8.73125380536687,Low,808,Low,0.9993485918432395,Gradient Boosting,True,"Routine monitoring, drainage inspection, annual information updating, and regular drills.",Disaster Prevention and Mitigation; Disaster Preparedness
Barangay 586,586,5105,6859.0,622.1341214780218,34.35847208619001,6.067074552,6.0,2,10,7.438425801907952,14.10019700398851,6.661771202080558,7344.572029985458,510.20162575286645,967.1325125035719,456.93088675070544,0.08750896253651318,0.05918285147559157,0.21377800729787513,0.07355640575784507,8.71306284381804,Low,809,Low,0.9991158733308718,Gradient Boosting,True,"Routine monitoring, drainage inspection, annual information updating, and regular drills.",Disaster Prevention and Mitigation; Disaster Preparedness
Barangay 722,722,641,682.0,261.68931710739054,6.3962558502340086,3.0,3.0,3,3,7.873355915372686,39.17125454945062,31.29789863407794,8156.682551806899,53.69628734284172,267.14795602725326,213.45166868441154,0.22900505798515203,0.017376025427044774,0.28242485888783314,0.07346755506476398,8.701555593230486,Low,810,Low,0.9999452557136197,Gradient Boosting,True,"Routine monitoring, drainage inspection, annual information updating, and regular drills.",Disaster Prevention and Mitigation; Disaster Preparedness
Barangay 579,579,1703,1468.0,489.09153272628186,-13.799177921315325,2.865,3.0,2,4,20.8944480048023,33.055258126755604,12.160810121953304,3650.046681347537,306.73049671049773,485.2511893007723,178.52069259027456,0.17900938934372523,0.029096513803673427,0.2969946845257042,0.07344976197219899,8.699251170296094,Low,811,Low,0.999793798330186,Gradient Boosting,True,"Routine monitoring, drainage inspection, annual information updating, and regular drills.",Disaster Prevention and Mitigation; Disaster Preparedness
Barangay 652,652,39,34.0,3.572790785626313,-12.82051282051282,0.74252753,1.0,0,1,30.2568119793401,47.18484657041355,16.928034591073448,16109.344504917673,10.287316072975633,16.042847833940606,5.755531760964972,0.27461106201436464,0.0009602304237656527,0.33418767217377265,0.07294292130024511,8.63360910923964,Low,812,Low,0.9999743766178464,Gradient Boosting,True,"Routine monitoring, drainage inspection, annual information updating, and regular drills.",Disaster Prevention and Mitigation; Disaster Preparedness
Barangay 179,179,1021,1034.0,320.1973651285253,1.2732615083251715,2.012374323,2.0,2,3,14.332859021792382,34.41598105224728,20.083122030454902,6485.358857077115,148.20176228533325,355.8612440802369,207.65948179490363,0.19557134521243738,0.022242511798219677,0.32095502409984256,0.07288782474010766,8.626473431373457,Low,813,Low,0.9996457041622911,Gradient Boosting,True,"Routine monitoring, drainage inspection, annual information updating, and regular drills.",Disaster Prevention and Mitigation; Disaster Preparedness
Barangay 689,689,733,736.0,298.87683419800805,0.4092769440654843,3.0,3.0,3,3,3.9934629807763287,37.44518867473571,33.45172569395938,8237.664246149927,29.391887538513778,275.59658864605484,246.20470110754107,0.22180356175323598,0.018232007754313582,0.2827534738143744,0.07273918403357467,8.607222643357373,Low,814,Low,0.999852498774874,Gradient Boosting,True,"Routine monitoring, drainage inspection, annual information updating, and regular drills.",Disaster Prevention and Mitigation; Disaster Preparedness
Barangay 284,284,961,1076.0,202.0445731220893,11.966701352757545,0.913227017,1.0,0,1,18.959560273592448,32.79466851194611,13.835108238353659,7367.966500873563,204.00486854385474,352.8706331885401,148.86576464468538,0.18530296770112012,0.02138322681496746,0.35611667458199187,0.07229009963483768,8.549060725514924,Low,815,Low,0.9997107442016172,Gradient Boosting,True,"Routine monitoring, drainage inspection, annual information updating, and regular drills.",Disaster Prevention and Mitigation; Disaster Preparedness
Barangay 550,550,992,657.0,541.7260798940508,-33.770161290322584,2.989669421,3.0,2,3,8.34465878782908,39.542708320026215,31.198049532197135,3783.668407964092,54.82440823603705,259.79559366257223,204.9711854265352,0.22304275380804722,0.016867094945899726,0.28756435339017444,0.0722324586438624,8.54159551276006,Low,816,Low,0.9999477309166219,Gradient Boosting,True,"Routine monitoring, drainage inspection, annual information updating, and regular drills.",Disaster Prevention and Mitigation; Disaster Preparedness
Barangay 256,256,1030,1044.0,487.62340131077457,1.3592233009708738,2.0,2.0,2,2,23.10511585138259,35.27860009097606,12.173484239593474,2606.338726150623,241.2174094884342,368.3085849497901,127.09117546135587,0.18828158207652362,0.021985345478213084,0.3354670951738686,0.0721256338124473,8.527760391598486,Low,817,Low,0.9993877295717007,Gradient Boosting,True,"Routine monitoring, drainage inspection, annual information updating, and regular drills.",Disaster Prevention and Mitigation; Disaster Preparedness
Barangay 516,516,1087,1192.0,695.8763904352254,9.659613615455381,3.0,3.0,3,3,33.89983740235438,36.23499307391177,2.335155671557388,399.9999998211615,404.0860618360642,431.92111744102823,27.835055604964055,0.18327809630834793,0.024354035859031804,0.32030356354846595,0.07206200567608717,8.519519770348106,Low,818,Low,0.999701655841033,Gradient Boosting,True,"Routine monitoring, drainage inspection, annual information updating, and regular drills.",Disaster Prevention and Mitigation; Disaster Preparedness
Barangay 69,69,1968,2143.0,907.0616107862315,8.892276422764228,3.0,3.0,3,3,16.084153621761242,26.144370846761795,10.060217225000553,2376.8005675478908,344.68341211434347,560.2738672461053,215.59045513176181,0.14094218754314572,0.033706609825286914,0.33763192818774607,0.07190570514430461,8.49927694135241,Low,819,Low,0.9995015417185318,Gradient Boosting,True,"Routine monitoring, drainage inspection, annual information updating, and regular drills.",Disaster Prevention and Mitigation; Disaster Preparedness
Barangay 31,31,2881,3101.0,1771.3317381350203,7.636237417563346,3.0,3.0,3,3,9.219186235709936,19.29131125795314,10.072125022243204,1763.2868548305426,285.8869651693651,598.2235621091269,312.33659693976176,0.10559530303888352,0.03695782233525583,0.4094245235768647,0.07166354219491441,8.467913879962323,Low,820,Low,0.9994352827038483,Gradient Boosting,True,"Routine monitoring, drainage inspection, annual information updating, and regular drills.",Disaster Prevention and Mitigation; Disaster Preparedness
Barangay 373,373,3788,3977.0,2025.7112996432106,4.989440337909187,4.680306905,5.0,4,6,6.01793288721104,16.872918098822012,10.854985211610973,2131.1169165211472,239.33319092438305,671.0359527901514,431.70276186576837,0.0946231698311018,0.04241489641308926,0.3682227079427029,0.07126275510966557,8.416007054452203,Low,821,Low,0.9996222732161746,Gradient Boosting,True,"Routine monitoring, drainage inspection, annual information updating, and regular drills.",Disaster Prevention and Mitigation; Disaster Preparedness
Barangay 530,530,483,503.0,200.0072149442795,4.140786749482402,3.548514851,4.0,3,5,36.75465368373101,44.42448886421072,7.669835180479716,1928.8939635783045,184.87590802916696,223.45517898697992,38.57927095781295,0.2301216834598769,0.012884570369863277,0.25620818951717594,0.06880546284520744,8.097757675933924,Low,822,Low,0.9999932252956113,Gradient Boosting,True,"Routine monitoring, drainage inspection, annual information updating, and regular drills.",Disaster Prevention and Mitigation; Disaster Preparedness
Barangay 73,73,2478,2394.0,2305.5342934940777,-3.389830508474576,2.151589242,2.0,2,3,18.041083959786047,20.299663729733023,2.2585797699469765,234.52437834089164,431.903549997278,485.97394968980853,54.07039969253054,0.10326211924367329,0.027669974394539915,0.4799679313998458,0.0683183057031605,8.034664872550453,Low,823,Low,0.9997682842842862,Gradient Boosting,True,"Routine monitoring, drainage inspection, annual information updating, and regular drills.",Disaster Prevention and Mitigation; Disaster Preparedness
Barangay 123,123,8660,8879.0,898.7995628584441,2.5288683602771362,1.232987604,1.0,0,2,6.418603876008207,8.910726397870395,2.4921225218621874,2461.901049577983,569.9078381507687,791.1833968669123,221.27555871614356,0.05040930292195491,0.04661815139783854,0.39841399695495155,0.06762624286324015,7.945034277164675,Low,824,Low,0.9994252518309422,Gradient Boosting,True,"Routine monitoring, drainage inspection, annual information updating, and regular drills.",Disaster Prevention and Mitigation; Disaster Preparedness
Barangay 655,655,1607,1714.0,85.61002121370025,6.658369632856253,2.055423792,2.0,1,3,15.08163681002348,24.395624358656526,9.313987548633046,18647.553676580887,258.4992549238024,418.14100150737283,159.6417465835704,0.16062595756242617,0.025140949681623014,0.3022456085250447,0.06724230143141799,7.895309169641999,Low,825,Low,0.9996793047726172,Gradient Boosting,True,"Routine monitoring, drainage inspection, annual information updating, and regular drills.",Disaster Prevention and Mitigation; Disaster Preparedness
Barangay 587-A,587,1277,1227.0,559.106480704616,-3.915426781519186,4.076222981,4.0,3,6,3.934253690057215,29.769999991589923,25.83574630153271,5669.843188372635,48.27329277700203,365.2778998968084,317.00460711980634,0.17432672533398963,0.02405503866646877,0.2632889989433834,0.06682532881719827,7.841306120328763,Low,826,Low,0.9998271199718,Gradient Boosting,True,"Routine monitoring, drainage inspection, annual information updating, and regular drills.",Disaster Prevention and Mitigation; Disaster Preparedness
Barangay 121,121,4511,4097.0,1463.0397873807328,-9.177565949900243,2.90437891,3.0,2,3,7.793049877728986,14.919204122194117,7.1261542444651305,1995.5611727991845,319.28125349055654,611.2397928862929,291.95853939573635,0.08238916244541318,0.03744168992954767,0.3792708743055498,0.06581268384875844,7.7101562215043735,Low,827,Low,0.9994645752177118,Gradient Boosting,True,"Routine monitoring, drainage inspection, annual information updating, and regular drills.",Disaster Prevention and Mitigation; Disaster Preparedness
Barangay 208,208,635,454.0,151.16042325449055,-28.503937007874015,3.464106845,3.0,3,4,29.417252210244083,41.60588437709383,12.188632166849747,3660.772366609124,133.55432503450814,188.89071507200597,55.336390037497836,0.22179815417755108,0.011159388474372632,0.24000674792313612,0.06497334286867638,7.601451307099354,Low,828,Low,0.9999969974913444,Gradient Boosting,True,"Routine monitoring, drainage inspection, annual information updating, and regular drills.",Disaster Prevention and Mitigation; Disaster Preparedness
Barangay 376,376,930,962.0,221.41808060304842,3.4408602150537635,3.946069994,4.0,3,5,11.563720672998796,31.596717552182668,20.03299687918387,8703.780172462371,111.24299287424843,303.9604228519973,192.71742997774885,0.1853817497356316,0.019179380938395746,0.2431785688841773,0.06414393832443528,7.494033282567715,Low,829,Low,0.9999347849345543,Gradient Boosting,True,"Routine monitoring, drainage inspection, annual information updating, and regular drills.",Disaster Prevention and Mitigation; Disaster Preparedness
Barangay 772,772,2426,2439.0,777.4847416622912,0.5358615004122012,0.0,0.0,0,0,5.933791625181542,16.999552131891917,11.065760506710376,3471.37228933423,144.72517773817782,414.6190764968439,269.89389875866607,0.09776041219528964,0.0262444470477714,0.4322886802813101,0.06344066208939096,7.402950415475841,Low,830,Low,0.9997661665240308,Gradient Boosting,True,"Routine monitoring, drainage inspection, annual information updating, and regular drills.",Disaster Prevention and Mitigation; Disaster Preparedness
Barangay 700,700,138,140.0,35.427817501402544,1.4492753623188406,0.886219975,1.0,0,1,16.91359234626379,37.60654115741407,20.69294881115028,8177.226365824962,23.679029284769307,52.6491576203797,28.97012833561039,0.21489026337172423,0.0032700895067138136,0.3382549201473619,0.0633909065327671,7.396506462836425,Low,831,Low,0.9999866731861835,Gradient Boosting,True,"Routine monitoring, drainage inspection, annual information updating, and regular drills.",Disaster Prevention and Mitigation; Disaster Preparedness
Barangay 523,523,1115,1299.0,521.0726412075336,16.50224215246637,2.799798793,3.0,2,3,16.938827030868232,27.40907622120259,10.470249190334357,2610.164614807971,220.0353631309783,356.0439001134216,136.0085369824433,0.14792447814512322,0.021408210040457506,0.3161490022643239,0.06279637787485899,7.319507735974649,Low,832,Low,0.9996257111075011,Gradient Boosting,True,"Routine monitoring, drainage inspection, annual information updating, and regular drills.",Disaster Prevention and Mitigation; Disaster Preparedness
Barangay 545,545,883,934.0,862.9724116801913,5.775764439411098,3.271461717,3.0,3,4,16.83050274226384,30.23780810973069,13.40730536746685,1451.080364067852,157.19689561274427,282.42112774488464,125.22423213214037,0.16176378175570758,0.01718577953075,0.3225907633121543,0.0626719807143084,7.303396783440726,Low,833,Low,0.9998572424574849,Gradient Boosting,True,"Routine monitoring, drainage inspection, annual information updating, and regular drills.",Disaster Prevention and Mitigation; Disaster Preparedness
Barangay 771,771,1813,1902.0,660.3975002295392,4.908990623276337,0.308225108,0.0,0,1,4.352607173582242,18.905694078209144,14.553086904626902,4191.410670540007,82.78658844153424,359.58630136753794,276.79971292600374,0.11064963569683306,0.02326459270492426,0.41327856520912776,0.06259734340164896,7.293730339317777,Low,834,Low,0.9997390192602781,Gradient Boosting,True,"Routine monitoring, drainage inspection, annual information updating, and regular drills.",Disaster Prevention and Mitigation; Disaster Preparedness
Barangay 17,17,1176,973.0,1071.1550437586181,-17.261904761904763,2.953168044,3.0,2,3,19.698586316192717,29.31670409545547,9.618117779262754,873.6763789473939,191.66724485655513,285.2515308487817,93.5842859922266,0.15387274302882537,0.016970321708892677,0.3409125154704955,0.06204467279872277,7.222152742118376,Low,835,Low,0.9997337813167263,Gradient Boosting,True,"Routine monitoring, drainage inspection, annual information updating, and regular drills.",Disaster Prevention and Mitigation; Disaster Preparedness
Barangay 36,36,2231,2267.0,1931.4140894943866,1.6136261766024205,2.562899787,3.0,2,3,0.0,16.147412733349487,16.147412733349487,1895.304837301161,0.0,366.0618466650329,366.0618466650329,0.09373503655265719,0.024676824121469904,0.43596720905904535,0.06170141913787115,7.177697198176704,Low,836,Low,0.9997439500267623,Gradient Boosting,True,"Routine monitoring, drainage inspection, annual information updating, and regular drills.",Disaster Prevention and Mitigation; Disaster Preparedness
Barangay 802,802,1787,1840.0,651.101555557779,2.9658645775041967,2.891964286,3.0,2,4,4.932593992297174,21.422861251014687,16.490267258717513,4660.116612691408,90.759729458268,394.18064701867024,303.42091756040224,0.12522306151473472,0.025502684105924354,0.3173790802848742,0.06155792580435364,7.159113057871548,Low,837,Low,0.999729196274152,Gradient Boosting,True,"Routine monitoring, drainage inspection, annual information updating, and regular drills.",Disaster Prevention and Mitigation; Disaster Preparedness
Barangay 35,35,2265,2289.0,1494.1537510710755,1.0596026490066226,2.998363339,3.0,2,3,10.164228817393736,18.55079865057379,8.386569833180053,1284.7980560493177,232.65919763014261,424.627781111634,191.9685834814914,0.10003792802783261,0.025882779226965236,0.3832124014619613,0.06078015436278006,7.058382151137243,Low,838,Low,0.999759042611701,Gradient Boosting,True,"Routine monitoring, drainage inspection, annual information updating, and regular drills.",Disaster Prevention and Mitigation; Disaster Preparedness
Barangay 496,496,1177,1085.0,427.17183077632023,-7.816482582837724,3.0,3.0,3,3,23.289264118509656,28.90516303742397,5.615898918914315,1426.4166988606148,252.68851568582977,313.6210189560501,60.93250327022031,0.1504078714738409,0.018163571844277585,0.28967009647584036,0.05931725678825869,6.868919037342764,Low,839,Low,0.9997807908547153,Gradient Boosting,True,"Routine monitoring, drainage inspection, annual information updating, and regular drills.",Disaster Prevention and Mitigation; Disaster Preparedness
Barangay 770,770,9651,9673.0,1760.9883761472481,0.2279556522640141,0.075909091,0.0,0,1,4.098837850768413,5.456400415045421,1.357562564277008,745.7007020671817,396.4805853048286,527.7976121473436,131.31702684251496,0.029415282382942366,0.03090686267606113,0.5117393991832629,0.05833359474962044,6.7415227821245525,Low,840,Low,0.9996646385754352,Gradient Boosting,True,"Routine monitoring, drainage inspection, annual information updating, and regular drills.",Disaster Prevention and Mitigation; Disaster Preparedness
Barangay 19,19,2272,2260.0,1203.140153534445,-0.528169014084507,3.0,3.0,3,3,5.986686947547437,17.4149748887719,11.428287941224465,2146.710062937639,135.29912501457207,393.57843248624494,258.27930747167284,0.09770319814547075,0.02493715640138225,0.35804347253953756,0.05817043829581006,6.720392027440861,Low,841,Low,0.9997570312716685,Gradient Boosting,True,"Routine monitoring, drainage inspection, annual information updating, and regular drills.",Disaster Prevention and Mitigation; Disaster Preparedness
Barangay 557,557,1262,1352.0,1103.2715369764726,7.131537242472266,4.157894737,4.0,3,5,18.41788516991187,25.099815509739777,6.6819303398279075,818.8346673208862,249.00980749720847,339.34950569168177,90.3396981944733,0.13093903984355545,0.019941327396378116,0.3110209813458776,0.058125581057131656,6.71458246683713,Low,842,Low,0.9998859681829221,Gradient Boosting,True,"Routine monitoring, drainage inspection, annual information updating, and regular drills.",Disaster Prevention and Mitigation; Disaster Preparedness
Barangay 653,653,58,58.0,1.9601154802206857,0.0,0.41164048,0.0,0,2,15.853505316756088,26.167408524559598,10.31390320780351,30518.935852965784,9.195033083718531,15.177096944244568,5.982063860526036,0.19114749151445984,0.0009147421542146242,0.3520836060433142,0.057843624236407695,6.678065612793242,Low,843,Low,0.999971358491785,Gradient Boosting,True,"Routine monitoring, drainage inspection, annual information updating, and regular drills.",Disaster Prevention and Mitigation; Disaster Preparedness
Barangay 540,540,1951,2024.0,912.3139120230993,3.7416709379805226,6.0,6.0,6,6,13.735492080571266,22.40368731322072,8.668195232649452,1923.0691234310898,278.0063597107624,453.45063121958736,175.44427150882495,0.1206030335097051,0.027291322803354112,0.2262793097615455,0.05675666068802404,6.53729054962777,Low,844,Low,0.9998556155331373,Gradient Boosting,True,"Routine monitoring, drainage inspection, annual information updating, and regular drills.",Disaster Prevention and Mitigation; Disaster Preparedness
Barangay 524,524,865,796.0,319.30754606700003,-7.976878612716763,2.954,3.0,2,3,23.887030049404945,29.571167078897115,5.68413702949217,1416.9953485929773,190.14075919326336,235.38648994802102,45.24573075475766,0.1537618891292485,0.013626829067331639,0.2822399414787747,0.05613554617684574,6.456848629865014,Low,845,Low,0.999818097783855,Gradient Boosting,True,"Routine monitoring, drainage inspection, annual information updating, and regular drills.",Disaster Prevention and Mitigation; Disaster Preparedness
Barangay 590,590,3209,2854.0,788.2456037296482,-11.06263633530695,5.210635359,5.0,4,8,11.647960752401916,17.144485500858778,5.496524748456862,1990.1261177824763,332.43279987355066,489.3036161945095,156.87081632095885,0.0925335694547633,0.0290667728395984,0.23778575476511934,0.05333713079483213,6.094419638799022,Low,846,Low,0.9998384487974143,Gradient Boosting,True,"Routine monitoring, drainage inspection, annual information updating, and regular drills.",Disaster Prevention and Mitigation; Disaster Preparedness
Barangay 555,555,1138,1151.0,664.2123251147202,1.1423550087873462,5.879136691,6.0,5,7,20.01574329214388,27.15929331724694,7.14355002510306,1237.8912236344772,230.38120529257608,312.6034660815123,82.22226078893621,0.14225548843824806,0.018357885966910143,0.2087003379583072,0.05322367207863925,6.079725348486824,Low,847,Low,0.999883635810138,Gradient Boosting,True,"Routine monitoring, drainage inspection, annual information updating, and regular drills.",Disaster Prevention and Mitigation; Disaster Preparedness
Barangay 593,593,1775,1628.0,371.2834995926873,-8.28169014084507,3.253142857,3.0,2,7,14.300499675674704,20.903361649713364,6.60286197403866,2895.216002199808,232.8121347199842,340.30672765733357,107.49459293734938,0.11359417032812659,0.020196757466244306,0.2755424228167375,0.05292698767908413,6.041301093000347,Low,848,Low,0.9998609125009952,Gradient Boosting,True,"Routine monitoring, drainage inspection, annual information updating, and regular drills.",Disaster Prevention and Mitigation; Disaster Preparedness
Barangay 34,34,1854,1930.0,1669.0237817404509,4.0992448759439055,2.152505447,2.0,2,3,5.9654663360127005,13.73691997976026,7.77145364374756,898.6633801462069,115.13350028504513,265.1225556093731,149.98905532432795,0.07491630845328902,0.016515404518200577,0.43011539461327786,0.051617764164830715,5.871740648042634,Low,849,Low,0.9997291380268093,Gradient Boosting,True,"Routine monitoring, drainage inspection, annual information updating, and regular drills.",Disaster Prevention and Mitigation; Disaster Preparedness
Barangay 734,734,902,792.0,526.5416510173784,-12.195121951219512,3.298831386,3.0,3,4,16.834551049742657,23.77610790613541,6.941556856392754,1044.117406408484,133.32964431396184,188.30677461659246,54.97713030263063,0.12487518231110226,0.011122672136244667,0.28505740931780293,0.048850008357485736,5.513282446583176,Low,850,Low,0.9998984590633246,Gradient Boosting,True,"Routine monitoring, drainage inspection, annual information updating, and regular drills.",Disaster Prevention and Mitigation; Disaster Preparedness
Barangay 195,195,1401,1261.0,1193.6234914681404,-9.992862241256246,5.435714286,6.0,3,7,20.317992367835306,22.21113034273928,1.8931379749039756,200.00000028632394,256.2098837584032,280.08235362194233,23.872469863539152,0.11254013904297759,0.01586117383306341,0.2640236767502316,0.04881025508133831,5.508133911502115,Low,851,Low,0.9998940295128932,Gradient Boosting,True,"Routine monitoring, drainage inspection, annual information updating, and regular drills.",Disaster Prevention and Mitigation; Disaster Preparedness
Barangay 605,605,1751,2242.0,582.9286747457143,28.041119360365506,3.585556278,3.0,2,8,4.027449058645663,13.89156100029977,9.864111941654107,3793.8327502649763,90.29540789483576,311.4487976267209,221.1533897318851,0.08207567790747937,0.019931068047987742,0.29804489387535177,0.047946235149381934,5.396232771230891,Low,852,Low,0.9997427655771269,Gradient Boosting,True,"Routine monitoring, drainage inspection, annual information updating, and regular drills.",Disaster Prevention and Mitigation; Disaster Preparedness
Barangay 192,192,1878,1771.0,519.682524268535,-5.697550585729499,7.760294118,8.0,5,9,18.433590120121707,22.525977961833814,4.092387841712107,1394.6243195060933,326.4588810273554,398.9350697040768,72.47618867672139,0.11754649259778423,0.02304528950911401,0.12481742372586835,0.04713666975413752,5.291384158946159,Low,853,Low,0.9998647129718898,Gradient Boosting,True,"Routine monitoring, drainage inspection, annual information updating, and regular drills.",Disaster Prevention and Mitigation; Disaster Preparedness
Barangay 773,773,2748,2656.0,979.1013591561684,-3.3478893740902476,0.0,0.0,0,0,5.507952574738364,9.446857210632537,3.938904635894173,1068.503338811754,146.29122038505093,250.90852751440016,104.61730712934923,0.051480601806560174,0.015189995796187176,0.447365744145829,0.04709886299402169,5.286487721479325,Low,854,Low,0.999768186445513,Gradient Boosting,True,"Routine monitoring, drainage inspection, annual information updating, and regular drills.",Disaster Prevention and Mitigation; Disaster Preparedness
Barangay 108,108,5391,5114.0,1595.6710984480724,-5.138193285104804,3.090625,3.0,3,4,0.6113768912161809,6.657499478978463,6.046122587762282,1937.7345960510625,31.26581421679549,340.46452335495854,309.19870913816305,0.040333599579660664,0.022582774992043465,0.38546578046815605,0.04692215986282371,5.263602506521637,Low,855,Low,0.9997057071543717,Gradient Boosting,True,"Routine monitoring, drainage inspection, annual information updating, and regular drills.",Disaster Prevention and Mitigation; Disaster Preparedness
Barangay 560,560,1103,1133.0,746.323120966413,2.7198549410698094,4.238879736,4.0,2,7,13.19861403526897,19.69909309390422,6.500479058635252,986.8437097187548,149.5402970195974,223.19072475393483,73.65042773433743,0.10412529595986203,0.013283200759469134,0.27612307856746343,0.04595256920010468,5.138028666449544,Low,856,Low,0.9998779867866572,Gradient Boosting,True,"Routine monitoring, drainage inspection, annual information updating, and regular drills.",Disaster Prevention and Mitigation; Disaster Preparedness
Barangay 44,44,800,841.0,161.24854581499847,5.125,0.569717298,1.0,0,2,13.222755960270597,16.326480232007885,3.1037242717372884,1618.7631952512602,111.20337762587572,137.3056987511863,26.10232112531058,0.08635683412940716,0.007945381984360204,0.3620431908725074,0.04347734686213821,4.817457124290678,Low,857,Low,0.9998608339568062,Gradient Boosting,True,"Routine monitoring, drainage inspection, annual information updating, and regular drills.",Disaster Prevention and Mitigation; Disaster Preparedness
Barangay 551,551,959,591.0,480.6370229671481,-38.373305526590194,2.981632653,3.0,2,3,3.0661854474972947,18.329427566367592,15.263242118870297,1876.7959314838108,18.121155994709014,108.32691691723247,90.20576092252345,0.10408470593256461,0.007088921628385525,0.2805998731663922,0.04156014716368804,4.569156333476222,Low,858,Low,0.9999761511247872,Gradient Boosting,True,"Routine monitoring, drainage inspection, annual information updating, and regular drills.",Disaster Prevention and Mitigation; Disaster Preparedness
Barangay 556,556,822,909.0,663.8071469522587,10.583941605839415,5.018382353,5.0,4,6,14.662562411898833,18.940114099649254,4.277551687750421,585.7566466431529,133.2826923241604,172.16563716581172,38.88294484165132,0.0982923045898961,0.010035125188850682,0.2444470478025249,0.04056742892298371,4.440587189415705,Low,859,Low,0.9998390922467605,Gradient Boosting,True,"Routine monitoring, drainage inspection, annual information updating, and regular drills.",Disaster Prevention and Mitigation; Disaster Preparedness
Barangay 585,585,1090,1138.0,166.89028970075142,4.4036697247706424,7.743297833,8.0,5,10,16.932510527375896,22.26199975016917,5.329489222793274,3634.0992315453095,192.6919698015377,253.34155715692515,60.64958735538744,0.12093873637439234,0.014807141331265811,0.10059300014647282,0.040220124008390756,4.395606958604647,Low,860,Low,0.9999405912540555,Gradient Boosting,True,"Routine monitoring, drainage inspection, annual information updating, and regular drills.",Disaster Prevention and Mitigation; Disaster Preparedness
Barangay 39,39,2324,2498.0,240.63053294227615,7.487091222030981,0.837466891,1.0,0,2,6.614458319316737,8.401265879362658,1.7868075600459212,1854.8956487020005,165.22916881653208,209.86362166647916,44.63445284994708,0.046364015718850064,0.012199893511395006,0.360026361058845,0.03883689546687222,4.216461958209632,Low,861,Low,0.9998690021859786,Gradient Boosting,True,"Routine monitoring, drainage inspection, annual information updating, and regular drills.",Disaster Prevention and Mitigation; Disaster Preparedness
Barangay 525,525,1784,1673.0,633.3415808413621,-6.221973094170403,3.095283019,3.0,3,4,11.064078188367189,12.144578700579272,1.0805005122120832,285.4190237327239,185.1020280913831,203.17880166069122,18.07677356930813,0.06187407998323254,0.011515041813907641,0.30420283131393794,0.03809727535848134,4.120672115365307,Low,862,Low,0.999748449908191,Gradient Boosting,True,"Routine monitoring, drainage inspection, annual information updating, and regular drills.",Disaster Prevention and Mitigation; Disaster Preparedness
Barangay 533,533,913,948.0,751.2625207351829,3.8335158817086525,5.0,5.0,5,5,10.514260669133552,16.24589491065293,5.731634241519377,723.2610586833316,99.67519114338607,154.01108375298975,54.335892609603675,0.08593282403435185,0.009207387792799027,0.24930037388932638,0.037843138928901204,4.087758341964174,Low,863,Low,0.9998768094539598,Gradient Boosting,True,"Routine monitoring, drainage inspection, annual information updating, and regular drills.",Disaster Prevention and Mitigation; Disaster Preparedness
Barangay 30,30,166,170.0,144.13803612225527,2.4096385542168677,1.198294243,1.0,0,2,13.547292912228077,16.30277224595277,2.7554793337246934,324.988115098143,23.03039795078773,27.71471281811971,4.684314867331981,0.08373467778344405,0.001596862676536852,0.33642563426389405,0.03673685434101348,3.944480968062842,Low,864,Low,0.9999868940836949,Gradient Boosting,True,"Routine monitoring, drainage inspection, annual information updating, and regular drills.",Disaster Prevention and Mitigation; Disaster Preparedness
Barangay 120,120,3873,3886.0,2286.2934062375416,0.3356571133488252,2.042459736,2.0,2,3,0.0,2.3533642885767607,2.3533642885767607,400.0000000200816,0.0,91.45173625409292,91.45173625409292,0.013880816964977453,0.006164910197161466,0.48406945653159816,0.035198623920926986,3.7452613301341033,Low,865,Low,0.9996687924536862,Gradient Boosting,True,"Routine monitoring, drainage inspection, annual information updating, and regular drills.",Disaster Prevention and Mitigation; Disaster Preparedness
Barangay 804,804,1251,1331.0,563.1568147330579,6.394884092725819,1.130663857,1.0,0,2,6.64385738265236,8.509497682833448,1.865640300181088,440.9370844101527,88.42974176310291,113.2614141585132,24.831672395410294,0.04444311601937622,0.006592922700312508,0.3758361348169694,0.03517524235749829,3.7422331319268336,Low,866,Low,0.9998072533028965,Gradient Boosting,True,"Routine monitoring, drainage inspection, annual information updating, and regular drills.",Disaster Prevention and Mitigation; Disaster Preparedness
Barangay 778,778,1848,1860.0,1186.7028893138197,0.6493506493506493,1.0,1.0,1,1,0.0,4.853626040485542,4.853626040485542,760.7417590870759,0.0,90.27744435303109,90.27744435303109,0.028514106450399916,0.006085749271287547,0.4301455044510314,0.03485336536312313,3.700546127535513,Low,867,Low,0.9997616013945005,Gradient Boosting,True,"Routine monitoring, drainage inspection, annual information updating, and regular drills.",Disaster Prevention and Mitigation; Disaster Preparedness
Barangay 38,38,2870,3144.0,2254.9384739541642,9.547038327526131,2.0,2.0,2,2,0.0,1.2567049245351216,1.2567049245351216,175.21898394903764,0.0,39.51080282738422,39.51080282738422,0.007344295406497041,0.0026634874443553446,0.48727782827864036,0.03149859675223964,3.26606259420549,Low,868,Low,0.9996328157112213,Gradient Boosting,True,"Routine monitoring, drainage inspection, annual information updating, and regular drills.",Disaster Prevention and Mitigation; Disaster Preparedness
Barangay 534,534,1096,1128.0,645.6339517447747,2.9197080291970803,5.852646638,6.0,5,6,9.825064302895568,12.390777510262271,2.565713207366704,448.26088994987003,110.826725336662,139.76797031575842,28.941244979096425,0.06428022571239564,0.008115806853372142,0.20893744850263643,0.030522646273626178,3.139665080252527,Low,869,Low,0.9998888932312339,Gradient Boosting,True,"Routine monitoring, drainage inspection, annual information updating, and regular drills.",Disaster Prevention and Mitigation; Disaster Preparedness
Barangay 570,570,2002,1897.0,490.63386676914024,-5.244755244755245,4.007101356,4.0,3,5,5.46314981645692,8.133805647786367,2.670655831329447,1032.5895652889762,103.63595201818778,154.29829313850738,50.662341120319596,0.04409488500798328,0.009180068394558675,0.2594569017163251,0.030339247982240015,3.115912760229727,Low,870,Low,0.9998792198912624,Gradient Boosting,True,"Routine monitoring, drainage inspection, annual information updating, and regular drills.",Disaster Prevention and Mitigation; Disaster Preparedness
Barangay 553,553,1430,1454.0,1381.0451286244054,1.6783216783216783,3.428235294,3.0,3,4,1.9613439300582431,4.907952146576043,2.9466082165177996,310.22652757801916,28.517940743046854,71.36162421121566,42.843683468168805,0.02684842394040303,0.004474496958988131,0.3583527395954024,0.029186468732342385,2.966613759392482,Low,871,Low,0.9998876221830979,Gradient Boosting,True,"Routine monitoring, drainage inspection, annual information updating, and regular drills.",Disaster Prevention and Mitigation; Disaster Preparedness
Barangay 580,580,2008,1889.0,831.3756009402631,-5.926294820717132,4.094401756,4.0,4,5,6.161597889496055,7.061970445010211,0.9003725555141564,204.5770594473397,116.39258413258048,133.4006217062429,17.00803757366242,0.036210105702852276,0.00762097555530217,0.28449126255015783,0.029092992896847705,2.954507496339065,Low,872,Low,0.9998819255417429,Gradient Boosting,True,"Routine monitoring, drainage inspection, annual information updating, and regular drills.",Disaster Prevention and Mitigation; Disaster Preparedness
Barangay 577,577,985,801.0,669.6615363417453,-18.68020304568528,3.014613779,3.0,3,4,5.337994333334003,7.538300707153287,2.2003063738192834,263.1845058710113,42.757334610005366,60.38178866429782,17.624454054292457,0.03947139192678317,0.0035665060569390825,0.3043895067331673,0.02783002731355843,2.7909380187537756,Low,873,Low,0.999809104593608,Gradient Boosting,True,"Routine monitoring, drainage inspection, annual information updating, and regular drills.",Disaster Prevention and Mitigation; Disaster Preparedness
Barangay 581,581,2461,2212.0,122.45942238181617,-10.11783827712312,6.801134791,7.0,2,10,6.057744144231516,8.912026536270758,2.8542823920392424,5155.726303775473,133.99730047040114,197.1340269823092,63.13672651190805,0.05541213804175969,0.011709862719529627,0.12447198762763308,0.026637660625712645,2.6365119609089636,Low,874,Low,0.9999402760676869,Gradient Boosting,True,"Routine monitoring, drainage inspection, annual information updating, and regular drills.",Disaster Prevention and Mitigation; Disaster Preparedness
Barangay 189,189,1481,1618.0,667.7291566662955,9.25050641458474,8.205578512,8.0,7,9,7.9165289292486705,10.84502948545961,2.92850055621094,709.6161449060885,128.0894380752435,175.4725770747365,47.38313899949301,0.05723173067402139,0.010319257927084291,0.12793289285785744,0.026145804163008973,2.572810538070618,Low,875,Low,0.999870696933665,Gradient Boosting,True,"Routine monitoring, drainage inspection, annual information updating, and regular drills.",Disaster Prevention and Mitigation; Disaster Preparedness
Barangay 109,109,3254,3495.0,1304.7210537704727,7.406269207129687,3.0,3.0,3,3,0.3018743791181689,1.623437565852625,1.3215631867344562,354.01155858480365,10.550509550180003,56.73914292654924,46.18863337636924,0.009533928546151826,0.0037005318882106495,0.3702419158443349,0.025952397168036455,2.547761968618232,Low,876,Low,0.9997481406002344,Gradient Boosting,True,"Routine monitoring, drainage inspection, annual information updating, and regular drills.",Disaster Prevention and Mitigation; Disaster Preparedness
Barangay 532,532,987,1085.0,789.2772153941277,9.929078014184398,4.288073394,4.0,3,5,5.079355459153715,6.528420745044365,1.4490652858906508,199.19944533129024,55.1110067318178,70.83336508373137,15.722358351913563,0.03386020444649426,0.00412546617104213,0.28128061977653634,0.02583484352401262,2.5325373351083083,Low,877,Low,0.99989400671863,Gradient Boosting,True,"Routine monitoring, drainage inspection, annual information updating, and regular drills.",Disaster Prevention and Mitigation; Disaster Preparedness
Barangay 70,70,2344,2405.0,1888.9130670368122,2.6023890784982933,3.0,3.0,3,3,0.7854108391464862,0.7854108386184558,-5.280303971844091e-10,-6.722986256590957e-08,18.889130681472995,18.889130668773863,-1.2699132412308245e-08,0.003927054194412355,0.0010507238959134525,0.4169290659913756,0.025575993625744538,2.4990131099093564,Low,878,Low,0.9997836387036039,Gradient Boosting,True,"Routine monitoring, drainage inspection, annual information updating, and regular drills.",Disaster Prevention and Mitigation; Disaster Preparedness
Barangay 589,589,660,559.0,170.21695674438084,-15.303030303030301,5.640030441,6.0,3,9,2.436228826356354,10.195840887258964,7.75961206090261,2548.2908548050705,13.618519139332017,56.99475055977761,43.37623142044559,0.06013114240771733,0.0036816039332565782,0.1683988864631145,0.024062435334732367,2.302988814210842,Low,879,Low,0.9999940949249484,Gradient Boosting,True,"Routine monitoring, drainage inspection, annual information updating, and regular drills.",Disaster Prevention and Mitigation; Disaster Preparedness
Barangay 554,554,1551,1581.0,569.0315819942817,1.9342359767891684,3.456756757,3.0,3,5,0.0,3.3444130990345995,3.3444130990345995,929.2132944611916,0.0,52.87517109573702,52.87517109573702,0.020366491632379514,0.0035644012332405554,0.28943091405862525,0.023281710253275356,2.201875375015559,Low,880,Low,0.9998642626004846,Gradient Boosting,True,"Routine monitoring, drainage inspection, annual information updating, and regular drills.",Disaster Prevention and Mitigation; Disaster Preparedness
Barangay 578,578,1100,1186.0,468.80499524568205,7.818181818181818,4.168150346,4.0,3,7,2.2288070897494063,4.689553894921741,2.460746805172335,622.5287146108475,26.43365208442796,55.61810919377185,29.184457109343892,0.026020718589961567,0.0034377659845738957,0.25783404133655596,0.022456073223607265,2.094945289663465,Low,881,Low,0.9999087121275639,Gradient Boosting,True,"Routine monitoring, drainage inspection, annual information updating, and regular drills.",Disaster Prevention and Mitigation; Disaster Preparedness
Barangay 194,194,775,746.0,438.9016916385461,-3.741935483870968,6.350439883,7.0,4,8,8.371168533504548,8.959508602342718,0.5883400688381695,99.99999993500319,62.44891725994393,66.83793417347668,4.38901691353275,0.04532604129478337,0.0037696446917095568,0.170373265291493,0.021386925972542756,1.9564776547316314,Low,882,Low,0.9999182121807264,Gradient Boosting,True,"Routine monitoring, drainage inspection, annual information updating, and regular drills.",Disaster Prevention and Mitigation; Disaster Preparedness
Barangay 541,541,485,812.0,589.6260542640692,67.42268041237114,5.885245902,6.0,5,6,1.2123283053693483,4.870042509639115,3.6577142042697663,503.7199276368614,9.84410583959911,39.54474517826961,29.7006393386705,0.027426530893781075,0.0025497551038926626,0.23307009427148553,0.020634276952063376,1.8590004085470897,Low,883,Low,0.9998109494119065,Gradient Boosting,True,"Routine monitoring, drainage inspection, annual information updating, and regular drills.",Disaster Prevention and Mitigation; Disaster Preparedness
Barangay 591,591,2498,2085.0,312.6251689762822,-16.533226581265012,5.554429429,6.0,2,9,3.549041121044737,4.21670219701998,0.6676610759752428,445.28511506825953,73.99750737378277,87.91824080786657,13.9207334340838,0.02227205286793028,0.00505459330481309,0.18287373666410814,0.018624337290995274,1.5986886592097678,Low,884,Low,0.9998981597186826,Gradient Boosting,True,"Routine monitoring, drainage inspection, annual information updating, and regular drills.",Disaster Prevention and Mitigation; Disaster Preparedness
Barangay 603,603,712,739.0,155.2353359858418,3.7921348314606744,4.913340336,4.0,3,9,3.5710429121113205,4.839047339932912,1.2680044278215914,603.6352910304001,26.39000712050266,35.76055984210422,9.370552721601562,0.02602298237823332,0.0020996506940020756,0.20252779517787065,0.018265827708793342,1.5522572870124631,Low,885,Low,0.9999635516388842,Gradient Boosting,True,"Routine monitoring, drainage inspection, annual information updating, and regular drills.",Disaster Prevention and Mitigation; Disaster Preparedness
Barangay 535,535,1035,1037.0,790.1465439855166,0.1932367149758454,5.171755725,5.0,4,6,0.7753149679043639,2.30532330387952,1.5300083359751557,200.8005548443328,8.040016217168253,23.906202661230623,15.86618644406237,0.01279585494015585,0.0015167981326293257,0.2445997928620769,0.01770296912738797,1.4793602220939601,Low,886,Low,0.9998992104646766,Gradient Boosting,True,"Routine monitoring, drainage inspection, annual information updating, and regular drills.",Disaster Prevention and Mitigation; Disaster Preparedness
Barangay 587,587,2920,2685.0,366.02153471164536,-8.047945205479452,7.28804903,7.0,4,13,2.4109006944612195,4.299139262315603,1.8882385678543838,1385.1426962304677,64.73268364628375,115.43188919317394,50.6992055468902,0.025080318292263017,0.007018526225112294,0.1280763096545816,0.01747947584116369,1.4504151102435512,Low,887,Low,0.999858330884573,Gradient Boosting,True,"Routine monitoring, drainage inspection, annual information updating, and regular drills.",Disaster Prevention and Mitigation; Disaster Preparedness
Barangay 552,552,937,942.0,557.7953782009248,0.5336179295624333,3.704309064,4.0,3,5,0.0,0.8481976203126135,0.8481976203126135,143.24287894093513,0.0,7.990021583344818,7.990021583344818,0.0050012715685327416,0.0005386203433464981,0.2788112027866011,0.01743845655326557,1.4451026111689989,Low,888,Low,0.9998944109696793,Gradient Boosting,True,"Routine monitoring, drainage inspection, annual information updating, and regular drills.",Disaster Prevention and Mitigation; Disaster Preparedness
Barangay 546,546,892,768.0,481.702800007737,-13.901345291479823,3.0,3.0,3,3,0.0,0.0,0.0,0.0,0.0,0.0,0.0,1.7544379205750609e-12,5.524718082137014e-13,0.29140556969688836,0.016796137816575792,1.3619144850682374,Low,889,Low,0.9998122297616852,Gradient Boosting,True,"Routine monitoring, drainage inspection, annual information updating, and regular drills.",Disaster Prevention and Mitigation; Disaster Preparedness
Barangay 573,573,947,716.0,455.6478532032057,-24.39281942977825,3.0,3.0,3,3,0.0,0.0,0.0,0.0,0.0,0.0,0.0,1.7544379205750609e-12,5.524718082137014e-13,0.28434220613739636,0.016389017156830353,1.3091873842589612,Low,890,Low,0.9998436604645686,Gradient Boosting,True,"Routine monitoring, drainage inspection, annual information updating, and regular drills.",Disaster Prevention and Mitigation; Disaster Preparedness
Barangay 547,547,1059,1170.0,418.996790003771,10.48158640226629,3.68161435,4.0,3,5,0.0,0.0,0.0,0.0,0.0,0.0,0.0,1.7544379205750609e-12,5.524718082137014e-13,0.2726438455751646,0.015714742892179827,1.2218606267626488,Low,891,Low,0.9998380848562991,Gradient Boosting,True,"Routine monitoring, drainage inspection, annual information updating, and regular drills.",Disaster Prevention and Mitigation; Disaster Preparedness
Barangay 539,539,1846,2015.0,371.79366823716623,9.15492957746479,5.367403315,5.0,4,6,0.7380519468636575,1.291590907113834,0.5535389602501766,300.00000005180476,14.871746729302698,26.02555677834376,11.153810049041061,0.00732059171051255,0.0015791499771116377,0.206600766748948,0.014503547169274395,1.064995978770257,Low,892,Low,0.9998779748376878,Gradient Boosting,True,"Routine monitoring, drainage inspection, annual information updating, and regular drills.",Disaster Prevention and Mitigation; Disaster Preparedness
Barangay 193,193,979,928.0,819.3873170764664,-5.209397344228805,6.760964912,7.0,3,8,1.540043908847642,2.4230043807220683,0.8829604718744262,100.00000010044101,14.291607474106119,22.485480653100794,8.193873178994675,0.012819312110358411,0.0013473450837551781,0.18658375260177293,0.014236538381601896,1.0304150776846346,Low,893,Low,0.9998992104646766,Gradient Boosting,True,"Routine monitoring, drainage inspection, annual information updating, and regular drills.",Disaster Prevention and Mitigation; Disaster Preparedness
Barangay 549,549,867,770.0,552.5422343435438,-11.18800461361015,4.467741935,4.0,4,5,0.0,0.0,0.0,0.0,0.0,0.0,0.0,1.7544379205750609e-12,5.524718082137014e-13,0.24507865934814207,0.01412593088948031,1.0160900557341332,Low,894,Low,0.9999181382927473,Gradient Boosting,True,"Routine monitoring, drainage inspection, annual information updating, and regular drills.",Disaster Prevention and Mitigation; Disaster Preparedness
Barangay 190,190,1232,1282.0,823.5234816503645,4.058441558441558,7.433386838,8.0,5,9,0.8515743634987604,0.8848111875464748,0.03323682404771444,5.174061138339255,10.917183340054107,11.343279424345807,0.4260960842917001,0.004453068910632236,0.0006360014020773407,0.16672214042467012,0.0109450889149283,0.6041321473453799,Low,895,Low,0.9998953367208161,Gradient Boosting,True,"Routine monitoring, drainage inspection, annual information updating, and regular drills.",Disaster Prevention and Mitigation; Disaster Preparedness
Barangay 191,191,703,754.0,719.4460813908158,7.254623044096728,8.657142857,9.0,8,9,1.5895525982898435,2.9184864522469622,1.3289338539571187,139.27605581596805,11.985226591105421,22.005387849942093,10.020161258836671,0.01563251866687463,0.0013421637413833145,0.11486876611047105,0.010641673099313256,0.5648360912153217,Low,896,Low,0.9999177110921855,Gradient Boosting,True,"Routine monitoring, drainage inspection, annual information updating, and regular drills.",Disaster Prevention and Mitigation; Disaster Preparedness
Barangay 188,188,865,872.0,624.132873848588,0.8092485549132947,8.517985612,9.0,7,9,0.0,0.0,0.0,0.0,0.0,0.0,0.0,1.7544379205750609e-12,5.524718082137014e-13,0.10896244277869076,0.00628041601189225,0.0,Low,897,Low,0.9999066133695584,Gradient Boosting,True,"Routine monitoring, drainage inspection, annual information updating, and regular drills.",Disaster Prevention and Mitigation; Disaster Preparedness
