Barangay,Barangay_No,Elevation_Mean,Elevation_Median,Elevation_Min,Elevation_Max,Elevation_Count,Flood_PCT_25yr,Population_2024,Affected_Population_25yr,Vulnerability,Exposure,DPI_Scaled,DPI_Risk_Class
Barangay 128,128,9.141101108,5.0,0,30,11552,30.910284802595907,22298.0,6892.375305282835,0.048381522821380384,0.4020476727159876,45.88967903350885,High
Barangay 372,372,8.761012356,9.0,2,14,21771,37.1814948616582,4332.0,1610.7023574070333,0.05632458443267841,0.09394830244587389,15.55404290880892,Low
Barangay 191,191,8.657142857,9.0,8,9,420,2.9184864522469622,754.0,22.005387849942093,0.11486876611047105,0.0013421637413833145,0.5648360912153217,Low
Barangay 188,188,8.517985612,9.0,7,9,556,0.0,872.0,0.0,0.10896244277869076,5.524718082137014e-13,0.0,Low
Barangay 189,189,8.205578512,8.0,7,9,968,10.84502948545961,1618.0,175.4725770747365,0.12793289285785744,0.010319257927084291,2.572810538070618,Low
Barangay 192,192,7.760294118,8.0,5,9,1360,22.525977961833814,1771.0,398.9350697040768,0.12481742372586835,0.02304528950911401,5.291384158946159,Low
Barangay 585,585,7.743297833,8.0,5,10,2723,22.26199975016917,1138.0,253.34155715692515,0.10059300014647282,0.014807141331265811,4.395606958604647,Low
Barangay 190,190,7.433386838,8.0,5,9,623,0.8848111875464748,1282.0,11.343279424345807,0.16672214042467012,0.0006360014020773407,0.6041321473453799,Low
Barangay 587,587,7.28804903,7.0,4,13,2937,4.299139262315603,2685.0,115.43188919317394,0.1280763096545816,0.007018526225112294,1.4504151102435512,Low
Barangay 581,581,6.801134791,7.0,2,10,7226,8.912026536270758,2212.0,197.1340269823092,0.12447198762763308,0.011709862719529627,2.6365119609089636,Low
Barangay 187,187,6.767123288,7.0,5,9,438,60.45789242345626,717.0,433.4830886761814,0.1658369828506954,0.024663768936106053,10.498096360221542,Low
Barangay 193,193,6.760964912,7.0,3,8,456,2.4230043807220683,928.0,22.485480653100794,0.18658375260177293,0.0013473450837551781,1.0304150776846346,Low
Barangay 194,194,6.350439883,7.0,4,8,682,8.959508602342718,746.0,66.83793417347668,0.170373265291493,0.0037696446917095568,1.9564776547316314,Low
Barangay 586,586,6.067074552,6.0,2,10,4413,14.10019700398851,6859.0,967.1325125035719,0.21377800729787513,0.05918285147559157,8.71306284381804,Low
Barangay 540,540,6.0,6.0,6,6,885,22.40368731322072,2024.0,453.45063121958736,0.2262793097615455,0.027291322803354112,6.53729054962777,Low
Barangay 541,541,5.885245902,6.0,5,6,549,4.870042509639115,812.0,39.54474517826961,0.23307009427148553,0.0025497551038926626,1.8590004085470897,Low
Barangay 555,555,5.879136691,6.0,5,7,695,27.15929331724694,1151.0,312.6034660815123,0.2087003379583072,0.018357885966910143,6.079725348486824,Low
Barangay 534,534,5.852646638,6.0,5,6,699,12.390777510262271,1128.0,139.76797031575842,0.20893744850263643,0.008115806853372142,3.139665080252527,Low
Barangay 589,589,5.640030441,6.0,3,9,1314,10.195840887258964,559.0,56.99475055977761,0.1683988864631145,0.0036816039332565782,2.302988814210842,Low
Barangay 600,600,5.564978406,5.0,1,10,2547,31.80690388705687,6276.0,1996.2012879516892,0.24955444645802674,0.11790647287127264,16.8673365005332,Low
Barangay 591,591,5.554429429,6.0,2,9,2664,4.21670219701998,2085.0,87.91824080786657,0.18287373666410814,0.00505459330481309,1.5986886592097678,Low
Barangay 536,536,5.52388535,6.0,5,6,628,58.479030092830186,1045.0,611.1058644700754,0.22642852334723362,0.03540875670500472,11.868272488172563,Low
Barangay 195,195,5.435714286,6.0,3,7,420,22.21113034273928,1261.0,280.08235362194233,0.2640236767502316,0.01586117383306341,5.508133911502115,Low
Barangay 538,538,5.368635438,5.0,5,6,491,85.47697950318938,971.0,829.9814709759689,0.24603134528147752,0.04928380207641253,17.03575828802613,Low
Barangay 539,539,5.367403315,5.0,4,6,2172,1.291590907113834,2015.0,26.02555677834376,0.206600766748948,0.0015791499771116377,1.064995978770257,Low
Barangay 569,569,5.327690447,5.0,4,8,827,37.310077646085794,2107.0,786.1233360030277,0.25843400865615457,0.04679686407986771,10.615320258212718,Low
Barangay 590,590,5.210635359,5.0,4,8,1448,17.144485500858778,2854.0,489.3036161945095,0.23778575476511934,0.0290667728395984,6.094419638799022,Low
Barangay 196,196,5.203955501,5.0,4,8,809,61.90666504508919,1468.0,908.7898428619094,0.2335019637049823,0.0522412594839031,13.964833267026902,Low
Barangay 584,584,5.173230309,5.0,3,8,4012,48.23051962041413,3486.0,1681.3159139676366,0.20840436207966007,0.09782537552418069,16.883160063110314,Low
Barangay 535,535,5.171755725,5.0,4,6,524,2.30532330387952,1037.0,23.906202661230623,0.2445997928620769,0.0015167981326293257,1.4793602220939601,Low
Barangay 556,556,5.018382353,5.0,4,6,544,18.940114099649254,909.0,172.16563716581172,0.2444470478025249,0.010035125188850682,4.440587189415705,Low
Barangay 533,533,5.0,5.0,5,5,503,16.24589491065293,948.0,154.01108375298975,0.24930037388932638,0.009207387792799027,4.087758341964174,Low
Barangay 537,537,5.0,5.0,5,5,668,80.21104492300117,1474.0,1182.3108021650373,0.2750563584745106,0.06893584372515621,18.35597516691927,Medium
Barangay 603,603,4.913340336,4.0,3,9,1904,4.839047339932912,739.0,35.76055984210422,0.20252779517787065,0.0020996506940020756,1.5522572870124631,Low
Barangay 374,374,4.818181818,5.0,4,7,1067,18.73228580606393,4221.0,790.6897838739585,0.33763686348018945,0.048172764000376726,8.947320080037393,Low
Barangay 527,527,4.719467956,5.0,4,5,827,29.30066481391414,2424.0,710.2481150892787,0.2998216682130876,0.04058344538583419,9.11388244753472,Low
Barangay 373,373,4.680306905,5.0,4,6,782,16.872918098822012,3977.0,671.0359527901514,0.3682227079427029,0.04241489641308926,8.416007054452203,Low
Barangay 549,549,4.467741935,4.0,4,5,558,0.0,770.0,0.0,0.24507865934814207,5.524718082137014e-13,1.0160900557341332,Low
Barangay 197,197,4.426597582,4.0,4,6,579,79.11097627416821,305.0,241.28847763621303,0.20368521749694043,0.013781464896203086,12.13841794205872,Low
Barangay 532,532,4.288073394,4.0,3,5,545,6.528420745044365,1085.0,70.83336508373137,0.28128061977653634,0.00412546617104213,2.5325373351083083,Low
Barangay 599,599,4.251214434,4.0,2,9,1441,68.93530842882578,4577.0,3155.169066787356,0.3217923209016663,0.18219575443031308,28.266000595627116,High
Barangay 560,560,4.238879736,4.0,2,7,607,19.69909309390422,1133.0,223.19072475393483,0.27612307856746343,0.013283200759469134,5.138028666449544,Low
Barangay 578,578,4.168150346,4.0,3,7,1011,4.689553894921741,1186.0,55.61810919377185,0.25783404133655596,0.0034377659845738957,2.094945289663465,Low
Barangay 557,557,4.157894737,4.0,3,5,494,25.099815509739777,1352.0,339.34950569168177,0.3110209813458776,0.019941327396378116,6.71458246683713,Low
Barangay 375,375,4.110791367,4.0,3,5,695,15.115298646728306,4466.0,675.0492375628861,0.4389220273852961,0.04280279304534962,8.73125380536687,Low
Barangay 580,580,4.094401756,4.0,4,5,911,7.061970445010211,1889.0,133.4006217062429,0.28449126255015783,0.00762097555530217,2.954507496339065,Low
Barangay 587-A,587,4.076222981,4.0,3,6,879,29.769999991589923,1227.0,365.2778998968084,0.2632889989433834,0.02405503866646877,7.841306120328763,Low
Barangay 531,531,4.011033099,4.0,4,5,997,93.65999591144433,1310.0,1226.9459464399206,0.281944983601342,0.06854474511888894,19.691459003157867,Medium
Barangay 570,570,4.007101356,4.0,3,5,1549,8.133805647786367,1897.0,154.29829313850738,0.2594569017163251,0.009180068394558675,3.115912760229727,Low
Barangay 754,754,4.0,4.0,4,4,531,94.24785291795786,2595.0,2445.7317832210065,0.3856615025324725,0.1386808798202314,27.47654365312162,High
Barangay 750,750,4.0,4.0,4,4,1054,69.7901828400488,1220.0,851.4402306485954,0.26476863375902165,0.049890989031261546,15.188529318252053,Low
Barangay 808,808,4.0,4.0,4,4,1101,99.28651358887632,2330.0,2313.375766620818,0.2946353202145768,0.1292547010922848,26.388977922181862,High
Barangay 762,762,4.0,4.0,4,4,1064,100.0,391.0,391.0,0.23669507048817184,0.021764179026352252,15.56332875296295,Low
Barangay 746,746,4.0,4.0,4,4,1379,99.41723880967112,1494.0,1485.2935478164866,0.25279585485577266,0.08423426984191247,21.942280093724886,Medium
Barangay 747,747,4.0,4.0,4,4,465,57.41413006288057,381.0,218.74783553957494,0.2500273264768808,0.012806519528398314,9.751667669412768,Low
Barangay 811,811,4.0,4.0,4,4,1322,50.94777835741513,2242.0,1142.2491907732472,0.2760379213669865,0.06658424526733747,14.414034765172987,Low
Barangay 529,529,4.0,4.0,4,4,608,53.06022100658656,944.0,500.8884863021771,0.2733942153135779,0.029080389472844914,10.913977160771601,Low
Barangay 751,751,4.0,4.0,4,4,1003,91.15556243355036,1175.0,1071.0778585942169,0.24935755885873712,0.061690351150475435,18.816664098747538,Medium
Barangay 753,753,4.0,4.0,4,4,977,96.40601136719287,2531.0,2440.0361477036517,0.3108665042230061,0.1400589195190565,27.515965339379484,High
Barangay 752,752,4.0,4.0,4,4,681,67.84918947905746,782.0,530.5806617262293,0.26058440618087575,0.03424926165019046,14.08446125006938,Low
Barangay 732,732,4.0,4.0,4,4,924,91.80609790751826,1983.0,1820.5149215060874,0.2928969999219604,0.10388307429995151,23.204220952892854,High
Barangay 739,739,4.0,4.0,4,4,1036,85.31936101653181,4598.0,3922.984219540133,0.37061432014737833,0.23823487663492515,36.70791907325285,High
Barangay 755,755,4.0,4.0,4,4,1347,99.07075827164942,1722.0,1705.9984574378032,0.27573633455750024,0.09582989999249808,23.056940075490314,High
Barangay 737,737,4.0,4.0,4,4,478,33.28994565667496,2615.0,870.5320789220501,0.4123350425121857,0.056998424033119,12.517392505919526,Low
Barangay 738,738,4.0,4.0,4,4,1312,83.00386734825737,3548.0,2944.9772135161716,0.3191371482680191,0.17384519643910154,29.51693633791015,High
Barangay 761,761,4.0,4.0,4,4,1170,100.0,1097.0,1097.0,0.25402269116005516,0.061065774596263105,19.508820610954515,Medium
Barangay 799,799,4.0,4.0,4,4,644,48.90526126732082,570.0,278.75998922372867,0.25277953581760354,0.015672257009398654,8.757111138720807,Low
Barangay 745,745,4.0,4.0,4,4,546,98.19912450121237,1826.0,1793.1160133921378,0.3284507778418085,0.10410762508344255,24.433248386353547,High
Barangay 800,800,4.0,4.0,4,4,745,44.52007359083944,1541.0,686.0543340348357,0.2892584876107965,0.03871652234717294,10.73499079579236,Low
Barangay 748,748,3.998251748,4.0,3,4,1144,94.33285551593788,888.0,837.6757569815284,0.2514638824949427,0.050424686505369985,18.748789061234227,Medium
Barangay 798,798,3.989208633,4.0,3,4,1112,36.88633902042375,1586.0,585.0173368639206,0.26988560792604654,0.03330660395796587,9.152417602450077,Low
Barangay 760,760,3.967629046,4.0,3,4,1143,100.0,966.0,966.0,0.2471512264552608,0.05520583797077189,19.235763891953138,Medium
Barangay 376,376,3.946069994,4.0,3,5,1743,31.596717552182668,962.0,303.9604228519973,0.2431785688841773,0.019179380938395746,7.494033282567715,Low
Barangay 810,810,3.913604767,4.0,3,4,1007,99.90893299889476,2073.0,2071.1121810670884,0.28881082656813284,0.11523821386948728,25.00940060260628,High
Barangay 601,601,3.909617862,3.0,1,11,4658,65.06071331624867,7765.0,5051.964389006709,0.28030340785347624,0.2885479774057907,37.96032728527947,High
Barangay 809,809,3.895939086,4.0,3,4,788,100.0,1479.0,1479.0,0.2994506321835177,0.08227062794582075,21.896754719366218,Medium
Barangay 756,756,3.856088561,4.0,3,4,1084,98.1604793619968,736.0,722.4611281042966,0.2499533857150138,0.040452441831030174,17.320573095497807,Low
Barangay 377,377,3.840197694,4.0,3,5,607,88.67464314648798,663.0,587.9128840612153,0.2703123568321362,0.03382906834051929,15.874325921062965,Low
Barangay 378,378,3.837892604,4.0,3,5,987,59.067239841524014,683.0,403.429248117609,0.25647463792867703,0.024691122051073322,11.596272806099355,Low
Barangay 735,735,3.816574586,4.0,3,4,905,69.89688076904787,2038.0,1424.4984300731955,0.30356717246675263,0.0824913582201637,18.52531678120241,Medium
Barangay 803,803,3.799561884,4.0,3,4,1826,61.7805692166601,1830.0,1130.5844166648799,0.2654555585250833,0.06658798110063353,15.949035132075156,Low
Barangay 796,796,3.767123288,4.0,3,4,438,100.0,672.0,672.0,0.2845753753328724,0.037567011045182154,17.492720580793407,Low
Barangay 428,428,3.735733099,4.0,3,5,1139,60.73086638768238,924.0,561.1532054221852,0.2442475761067695,0.03437274986269432,12.730198022164402,Low
Barangay 733,733,3.705702023,4.0,3,4,1631,99.93457878051912,4317.0,4314.17576595501,0.3204412101760728,0.24244685813440672,37.75362036831507,High
Barangay 552,552,3.704309064,4.0,3,5,673,0.8481976203126135,942.0,7.990021583344818,0.2788112027866011,0.0005386203433464981,1.4451026111689989,Low
Barangay 547,547,3.68161435,4.0,3,5,1115,0.0,1170.0,0.0,0.2726438455751646,5.524718082137014e-13,1.2218606267626488,Low
Barangay 670,670,3.657444934,4.0,3,4,5675,83.25394324626204,2904.0,2417.69451187145,0.252872350052163,0.1503348819209691,29.668246343143245,High
Barangay 112,112,3.642661805,4.0,3,4,1097,63.5129209257406,5840.0,3709.154582063251,0.41434730366064665,0.2190037367828812,31.96891629985941,High
Barangay 202-A,202,3.626598465,4.0,3,6,782,65.66125879410926,1037.0,680.907253694913,0.272446338172419,0.038445294191327875,13.262252786178466,Low
Barangay 605,605,3.585556278,3.0,2,8,1537,13.89156100029977,2242.0,311.4487976267209,0.29804489387535177,0.019931068047987742,5.396232771230891,Low
Barangay 563,563,3.580406654,3.0,2,5,541,40.61228935629594,1549.0,629.084362129024,0.33328581375649535,0.036889626595067816,10.544270474398889,Low
Barangay 530,530,3.548514851,4.0,3,5,1010,44.42448886421072,503.0,223.45517898697992,0.25620818951717594,0.012884570369863277,8.097757675933924,Low
Barangay 568,568,3.543400713,3.0,3,5,841,74.7055582538353,1881.0,1405.211550754642,0.313704787423344,0.08053743972860666,18.934772185622762,Medium
Barangay 427,427,3.538261997,4.0,3,4,771,100.0,395.0,395.0,0.24571454090456712,0.023925828985189284,16.81507454457118,Low
Barangay 730,730,3.496949529,3.0,3,4,1803,32.1082827766849,2443.0,784.4053482344123,0.31211648569737854,0.04775574908761517,10.66162628689902,Low
Barangay 588,588,3.472329472,3.0,3,5,777,94.0881844788304,1037.0,975.6944730454712,0.28715530069095846,0.05956847120574712,19.882583088801788,Medium
Barangay 807,807,3.469648562,3.0,3,4,1252,67.77567823162701,2066.0,1400.2455122654142,0.29686132085287176,0.08014086509188412,17.912568101475802,Medium
Barangay 208,208,3.464106845,3.0,3,4,1198,41.60588437709383,454.0,188.89071507200597,0.24000674792313612,0.011159388474372632,7.601451307099354,Low
Barangay 682,682,3.46281296,3.0,3,4,2716,89.4044946050601,747.0,667.8515746997989,0.24561799265198067,0.038227269537814204,16.44737266315028,Low
Barangay 554,554,3.456756757,3.0,3,5,1110,3.3444130990345995,1581.0,52.87517109573702,0.28943091405862525,0.0035644012332405554,2.201875375015559,Low
Barangay 797,797,3.455974843,3.0,3,4,318,96.2405398784591,268.0,257.9246468742704,0.2732640322035988,0.014523663087542533,14.758804078248101,Low
Barangay 749,749,3.454545455,3.0,3,4,462,55.21029591080606,673.0,371.5652914797248,0.29392692026501116,0.02216115083875228,10.804042646941706,Low
Barangay 592,592,3.429675425,3.0,2,6,1294,41.08513005438702,2119.0,870.5939058524609,0.29187386138805077,0.051847607314608614,11.92938361420085,Low
Barangay 553,553,3.428235294,3.0,3,4,425,4.907952146576043,1454.0,71.36162421121566,0.3583527395954024,0.004474496958988131,2.966613759392482,Low
Barangay 564,564,3.414596273,3.0,2,5,644,35.641122849760734,1451.0,517.1526925500282,0.31856441355001924,0.030126980615624552,9.115486026691823,Low
Barangay 634,634,3.406078514,3.0,1,4,2369,97.91922784751868,960.0,940.0245873361794,0.24362790344208216,0.053247535923894446,18.751472481637038,Medium
Barangay 815,815,3.392241379,3.0,2,4,1160,98.90457359411892,1470.0,1453.8972318335482,0.2890365900115937,0.08233160797940758,21.921346891929122,Medium
Barangay 757,757,3.391941392,3.0,3,4,546,99.95387206472655,488.0,487.7748956758656,0.2741050001740741,0.02773464982501111,16.627544747929967,Low
Barangay 111,111,3.388984509,3.0,3,4,581,35.93459781660427,2676.0,961.6098375723302,0.39785836903598626,0.06137026385469339,13.134816085421125,Low
Barangay 562,562,3.325635104,3.0,2,5,866,43.45687289314936,2261.0,982.5598961141071,0.3272668225087693,0.056608074602244644,12.731321548498379,Low
Barangay 571,571,3.323094425,3.0,2,4,879,40.55134285794775,2452.0,994.3189268768789,0.346805975264686,0.05609663803190201,12.352303042606744,Low
Barangay 813,813,3.309734513,3.0,3,4,904,99.66370538226684,967.0,963.7480310465204,0.28069943982338535,0.053714281225352455,18.9657244175063,Medium
Barangay 728,728,3.304484933,3.0,3,4,2854,84.39692695739129,886.0,747.7567728424867,0.2593756815924688,0.04618282520174679,18.19062400547884,Medium
Barangay 734,734,3.298831386,3.0,3,4,599,23.77610790613541,792.0,188.30677461659246,0.28505740931780293,0.011122672136244667,5.513282446583176,Low
Barangay 558,558,3.276595745,3.0,2,5,564,45.58757185388429,1198.0,546.1391108095338,0.31612679481511624,0.03259582894288878,10.736165230698633,Low
Barangay 545,545,3.271461717,3.0,3,4,431,30.23780810973069,934.0,282.42112774488464,0.3225907633121543,0.01718577953075,7.303396783440726,Low
Barangay 593,593,3.253142857,3.0,2,7,1750,20.903361649713364,1628.0,340.30672765733357,0.2755424228167375,0.020196757466244306,6.041301093000347,Low
Barangay 576,576,3.230455472,3.0,3,5,1471,55.98905756040675,2112.0,1182.4888956757907,0.2780377702326981,0.06818249560815617,15.174274583057768,Low
Barangay 795,795,3.226720648,3.0,3,4,247,100.0,1214.0,1214.0,0.41676621101941375,0.06786737382474468,21.415980278689066,Medium
Barangay 685,685,3.223929748,3.0,3,4,1822,93.30170782490336,869.0,810.7918409984102,0.25756930482306356,0.04634041471389841,17.684162199156457,Low
Barangay 621,621,3.218966604,3.0,0,7,3174,61.75894771770463,2070.0,1278.4102177564857,0.27876861917759826,0.07873915226766125,18.188819976155973,Medium
Barangay 759,759,3.166077739,3.0,2,4,1132,89.48692311909264,802.0,717.6851234151229,0.27628002772532895,0.041793198722469345,17.023194907182628,Low
Barangay 740,740,3.141784821,3.0,3,4,1199,46.90722108875338,4185.0,1963.067202564329,0.3699291301065295,0.11661858571851656,19.550309408432014,Medium
Barangay 566,566,3.120492524,3.0,2,5,1137,97.1795314422959,2177.0,2115.598399498782,0.31758429086604534,0.11957674197741296,25.504360722829045,High
Barangay 741,741,3.120071685,3.0,3,4,558,49.540857444811,1296.0,642.0495124847506,0.33399506021681574,0.04138614721526044,12.668374862652731,Low
Barangay 96,96,3.102621934,3.0,0,5,3547,57.17330867182466,2230.0,1274.9647833816898,0.2777311822328196,0.07325482636473918,15.992287335140794,Low
Barangay 528,528,3.099667774,3.0,3,4,903,96.0237156684745,1510.0,1449.9581065939649,0.312175540635582,0.08216525878661614,21.696656568118872,Medium
Barangay 825,825,3.096461668,3.0,1,4,2374,79.49901777013892,463.0,368.0804522757432,0.26952975221787706,0.02197860174526614,14.39770812946731,Low
Barangay 426,426,3.095923261,3.0,2,4,1251,80.92976247304475,1529.0,1237.416068212854,0.2882530467447861,0.07898323011612828,20.733334633746082,Medium
Barangay 525,525,3.095283019,3.0,3,4,1060,12.144578700579272,1673.0,203.17880166069122,0.30420283131393794,0.011515041813907641,4.120672115365307,Low
Barangay 108,108,3.090625,3.0,3,4,1280,6.657499478978463,5114.0,340.46452335495854,0.38546578046815605,0.022582774992043465,5.263602506521637,Low
Barangay 731,731,3.087465565,3.0,3,4,1452,96.19391423278806,2933.0,2821.3675044476736,0.3223197143871121,0.16337282625804692,30.041198828602887,High
Barangay 583,583,3.082191781,3.0,3,4,438,92.16303057325828,1228.0,1131.7620154396118,0.346916422498569,0.0646585065916632,19.795074175266652,Medium
Barangay 727,727,3.05869659,3.0,3,4,2317,51.44836166728457,2842.0,1462.1624385842274,0.32384482233723455,0.0913441980624154,18.108434451561966,Medium
Barangay 736,736,3.052810903,3.0,3,4,587,85.45270651454902,3825.0,3268.5660241815003,0.47543951121188055,0.19765866194607526,33.34531876803774,High
Barangay 565,565,3.052631579,3.0,2,5,1292,75.246084804453,2658.0,2000.040934102361,0.3281716992084261,0.115467842586011,22.635237329512307,Medium
Barangay 421,421,3.042929293,3.0,3,4,1188,100.0,1264.0,1264.0,0.28501062034673547,0.07131213417084313,20.913755560875412,Medium
Barangay 425,425,3.038540596,3.0,3,4,1946,88.5703254930355,1792.0,1587.180232835196,0.28035361718651347,0.09286707286105046,22.146639597714795,Medium
Barangay 382,382,3.03030303,3.0,3,4,1320,95.18927419629784,804.0,765.3217645382347,0.27195808410873634,0.043819321446191384,17.747996462506045,Medium
Barangay 577,577,3.014613779,3.0,3,4,479,7.538300707153287,801.0,60.38178866429782,0.3043895067331673,0.0035665060569390825,2.7909380187537756,Low
Barangay 512,512,3.006793478,3.0,3,4,2208,27.655828347412047,2560.0,707.9892056937484,0.2977138252938703,0.040674191086519054,8.979793384716874,Low
Barangay 69,69,3.0,3.0,3,3,948,26.144370846761795,2143.0,560.2738672461053,0.33763192818774607,0.033706609825286914,8.49927694135241,Low
Barangay 57,57,3.0,3.0,3,3,1101,83.2915611321781,815.0,678.8262232272516,0.27879022936098746,0.040543026063093866,16.39063477575388,Low
Barangay 59,59,3.0,3.0,3,3,904,99.1137989058074,1064.0,1054.5708203577908,0.2950072934713576,0.06263457497961866,20.635974621000678,Medium
Barangay 742,742,3.0,3.0,3,3,302,53.26343220141528,836.0,445.28229320383167,0.3517794992550633,0.027064857595586227,11.517075585629422,Low
Barangay 85,85,3.0,3.0,3,3,1016,66.01064212242366,4051.0,2674.091112379382,0.3913102756369436,0.16080854269580988,26.622107288271252,High
Barangay 744,744,3.0,3.0,3,3,1339,96.85831077080744,1253.0,1213.6346339582171,0.290016865703254,0.06947039564699979,20.586402971185223,Medium
Barangay 743,743,3.0,3.0,3,3,1505,81.00302130959646,2028.0,1642.7412721586163,0.31480686746750464,0.09996049455438978,22.490618311539578,Medium
Barangay 66,66,3.0,3.0,3,3,1065,47.28386059796632,3388.0,1601.9771970590987,0.37161407822232234,0.10018905269914526,18.329836431688587,Medium
Barangay 67,67,3.0,3.0,3,3,794,70.6764032573807,3641.0,2573.327842601231,0.404385658241366,0.16343789768169323,28.02243140492788,High
Barangay 4,4,3.0,3.0,3,3,1607,66.29738054785679,1717.0,1138.3260240067011,0.29402311474802895,0.07219075211991417,18.102934927672706,Medium
Barangay 408,408,3.0,3.0,3,3,987,99.99999999999996,1774.0,1773.9999999999993,0.318027148292384,0.10387112805594086,24.773145882709475,High
Barangay 411,411,3.0,3.0,3,3,1258,99.99999999999996,2182.0,2181.999999999999,0.32229388302844086,0.12390335525280227,26.392447726881667,High
Barangay 419,419,3.0,3.0,3,3,882,100.0,1567.0,1567.0,0.31378487974835295,0.08748811495498515,22.55321886410789,Medium
Barangay 824,824,3.0,3.0,3,3,1553,87.78842090830456,1378.0,1209.7244401164367,0.29003827228822743,0.07433975992637365,20.923442278653916,Medium
Barangay 70,70,3.0,3.0,3,3,508,0.7854108386184558,2405.0,18.889130668773863,0.4169290659913756,0.0010507238959134525,2.4990131099093564,Low
Barangay 429,429,3.0,3.0,3,3,916,100.0,3113.0,3113.0,0.37607286270831924,0.17342742903674704,31.33535320851403,High
Barangay 79,79,3.0,3.0,3,3,315,98.03108844636604,1601.0,1569.4777260263204,0.4311302039330194,0.09415031033642422,24.453787789496694,High
Barangay 68,68,3.0,3.0,3,3,290,47.53309484617152,966.0,459.1696962140169,0.36201286726306914,0.02926354006956162,11.25899402296572,Low
Barangay 80,80,3.0,3.0,3,3,468,72.61854871572851,2566.0,1863.3919600455934,0.4416423905388001,0.11209910836385785,22.994935415231115,High
Barangay 62,62,3.0,3.0,3,3,825,99.03252174215734,1877.0,1858.8404331002932,0.33144246734570143,0.10960092000468591,25.34232272242883,High
Barangay 63,63,3.0,3.0,3,3,748,99.46419678458317,1588.0,1579.4914449391808,0.33328619463357095,0.0894651152030587,22.97947745783733,High
Barangay 64,64,3.0,3.0,3,3,617,100.0,443.0,443.0,0.2766943915073073,0.026174359773149625,16.919613500197002,Low
Barangay 65,65,3.0,3.0,3,3,774,100.0,1721.0,1721.0,0.33442404363591627,0.1004533772968128,24.469787157143955,High
Barangay 431,431,3.0,3.0,3,3,570,100.0,656.0,656.0,0.29302138714108034,0.037031152244665334,17.605906595534783,Low
Barangay 432,432,3.0,3.0,3,3,2246,100.0,3132.0,3132.0,0.30012305855315663,0.17695086947674946,31.386747007794906,High
Barangay 433,433,3.0,3.0,3,3,494,99.99999999999996,523.0,522.9999999999998,0.2989079678493835,0.029298369429234417,16.81882080456108,Low
Barangay 434,434,3.0,3.0,3,3,815,100.0,1582.0,1582.0,0.33920457129661186,0.09171644365200156,23.586305749218134,High
Barangay 435,435,3.0,3.0,3,3,1023,100.0,471.0,471.0,0.26340097234508053,0.02624127682616705,16.208535879327446,Low
Barangay 722,722,3.0,3.0,3,3,1044,39.17125454945062,682.0,267.14795602725326,0.28242485888783314,0.017376025427044774,8.701555593230486,Low
Barangay 695,695,3.0,3.0,3,3,1907,82.58193225622622,722.0,596.2415508899533,0.27506028526502385,0.03824647866336393,17.416593315142602,Low
Barangay 694,694,3.0,3.0,3,3,2860,94.34806977914452,1478.0,1394.4644713357561,0.28200326293573147,0.0876404951660902,24.2757743787536,High
Barangay 691,691,3.0,3.0,3,3,587,46.60844738189572,434.0,202.28066163742744,0.28515039515049895,0.013229972158202727,9.248048197699474,Low
Barangay 690,690,3.0,3.0,3,3,516,47.4743394436521,544.0,258.26040657346744,0.2974013401354552,0.016774589019322595,9.738336785580646,Low
Barangay 689,689,3.0,3.0,3,3,984,37.44518867473571,736.0,275.59658864605484,0.2827534738143744,0.018232007754313582,8.607222643357373,Low
Barangay 688,688,3.0,3.0,3,3,1876,69.2052721190851,756.0,523.1918572202833,0.25352387467259047,0.0328231842726082,14.398613384752101,Low
Barangay 687,687,3.0,3.0,3,3,1374,86.83836875701337,2106.0,1828.8160460227016,0.3306113534336161,0.1119564511604807,24.60947588009657,High
Barangay 117,117,3.0,3.0,3,3,856,57.3017466664357,4262.0,2442.2004429234894,0.4286743473815487,0.15240825889675877,25.135199641866446,High
Barangay 116,116,3.0,3.0,3,3,1689,80.08577738213208,6182.0,4950.902757763405,0.38176249880503454,0.2969536524514476,41.85912271747477,High
Barangay 729,729,3.0,3.0,3,3,1259,62.59715053852587,1775.0,1111.099422058834,0.35306994436566863,0.06715069034878246,16.895220167600616,Low
Barangay 441,441,3.0,3.0,3,3,511,100.0,666.0,666.0,0.29085085698346214,0.03747677777211002,17.59709322706047,Low
Barangay 104,104,3.0,3.0,3,3,1558,26.496099476277543,5801.0,1537.0387306188602,0.3827822505679899,0.09553384814173682,15.098571279247064,Low
Barangay 103,103,3.0,3.0,3,3,1315,70.4801103271446,5071.0,3574.0463946895024,0.38933129098364777,0.2245318217667678,33.96026748272151,High
Barangay 448,448,3.0,3.0,3,3,734,100.0,1167.0,1167.0,0.30375764041338776,0.06674501465721112,20.72828119693106,Medium
Barangay 109,109,3.0,3.0,3,3,1074,1.623437565852625,3495.0,56.73914292654924,0.3702419158443349,0.0037005318882106495,2.547761968618232,Low
Barangay 440,440,3.0,3.0,3,3,500,100.0,918.0,918.0,0.3151665729015072,0.05227859414968535,19.332040529108667,Medium
Barangay 439,439,3.0,3.0,3,3,715,100.0,821.0,821.0,0.28571117307130317,0.0471307008916207,18.72824568923257,Medium
Barangay 438,438,3.0,3.0,3,3,510,100.0,648.0,648.0,0.29614133349686306,0.036226210617683864,17.45108254428229,Low
Barangay 436,436,3.0,3.0,3,3,831,100.0,967.0,967.0,0.29651222380227565,0.053893012093383236,19.14199531598289,Medium
Barangay 443,443,3.0,3.0,3,3,643,100.0,1084.0,1084.0,0.30393494557511613,0.06185042169812449,20.215704326374436,Medium
Barangay 442,442,3.0,3.0,3,3,651,100.0,688.0,688.0,0.2942093499323764,0.03938424337159492,17.998352733123475,Medium
Barangay 447,447,3.0,3.0,3,3,520,100.0,1259.0,1259.0,0.332192718877694,0.07043933224681771,21.049347383549694,Medium
Barangay 71,71,3.0,3.0,3,3,1598,72.18638335314,3486.0,2516.4173236904608,0.33174887739936354,0.16070619550112583,27.920807450647516,High
Barangay 74,74,3.0,3.0,3,3,804,100.0,711.0,711.0,0.2725623510996063,0.041977665161523826,18.473865764582538,Medium
Barangay 75,75,3.0,3.0,3,3,1027,97.0590078886154,1631.0,1583.0324186633172,0.320520986251604,0.09383138482121735,23.597749624531332,High
Barangay 430,430,3.0,3.0,3,3,503,100.0,463.0,463.0,0.2843979643404387,0.026147238141957643,16.483585536839325,Low
Barangay 681,681,3.0,3.0,3,3,1403,99.99999999999996,1453.0,1452.9999999999993,0.30752169106859245,0.080873218889091,21.830042777902538,Medium
Barangay 724,724,3.0,3.0,3,3,3327,46.31011925545172,2459.0,1138.7658324915576,0.28468720790010316,0.07020632258435411,15.136377699460871,Low
Barangay 726,726,3.0,3.0,3,3,1731,43.48525306024472,738.0,320.92116758460605,0.2830095475882677,0.019662714095216364,9.348099645721476,Low
Barangay 122,122,3.0,3.0,3,3,920,64.80546591908607,3830.0,2482.0493447009962,0.39566789671066643,0.15144670506315552,25.68154708674855,High
Barangay 675,675,3.0,3.0,3,3,3442,99.06963304094486,2044.0,2024.983299356913,0.2787512553120067,0.1291081727975928,29.79644485900119,High
Barangay 513,513,3.0,3.0,3,3,1391,95.1170432660184,1929.0,1834.807764601495,0.3017285485737346,0.10526220614660298,23.96180788605863,High
Barangay 573,573,3.0,3.0,3,3,625,0.0,716.0,0.0,0.28434220613739636,5.524718082137014e-13,1.3091873842589612,Low
Barangay 449,449,3.0,3.0,3,3,664,100.0,1360.0,1360.0,0.32486713983761584,0.07614930466130589,21.56143606607365,Medium
Barangay 451,451,3.0,3.0,3,3,784,100.0,1030.0,1030.0,0.3017902231961436,0.057294622572307934,19.48980462056957,Medium
Barangay 452,452,3.0,3.0,3,3,861,100.0,693.0,693.0,0.2690274951548311,0.038586693680597,17.440623783415873,Low
Barangay 453,453,3.0,3.0,3,3,798,99.99999999999996,1066.0,1065.9999999999995,0.2888551264827739,0.06026346332770052,19.864283608756768,Medium
Barangay 455,455,3.0,3.0,3,3,749,100.0,1287.0,1287.0,0.3156209312548394,0.07166187705527556,20.9985952372343,Medium
Barangay 496,496,3.0,3.0,3,3,1018,28.90516303742397,1085.0,313.6210189560501,0.28967009647584036,0.018163571844277585,6.868919037342764,Low
Barangay 683,683,3.0,3.0,3,3,777,97.37250070670976,869.0,846.1670311413078,0.29991451854909945,0.047428646305443266,18.27269838178249,Medium
Barangay 676,676,3.0,3.0,3,3,5905,83.8740207949533,2564.0,2150.5298931826023,0.3089209727346445,0.13501790968426505,29.164983045944858,High
Barangay 680,680,3.0,3.0,3,3,1527,100.0,1085.0,1085.0,0.2869844772025556,0.06042111005539105,19.699449943638175,Medium
Barangay 515,515,3.0,3.0,3,3,1716,35.907015153638696,2289.0,821.9115768667897,0.304832807174283,0.048272188524621125,10.953313031618478,Low
Barangay 548,548,3.0,3.0,3,3,581,49.95280242817416,771.0,385.13610672122275,0.3033450250550825,0.02543264990376522,11.09991868918185,Low
Barangay 542,542,3.0,3.0,3,3,489,80.87069207572702,336.0,271.7255253744428,0.25363743652595466,0.017286089351544128,13.970325788983134,Low
Barangay 543,543,3.0,3.0,3,3,486,100.0,830.0,830.0,0.31519840651551995,0.05150798602281298,20.135402446823914,Medium
Barangay 546,546,3.0,3.0,3,3,640,0.0,768.0,0.0,0.29140556969688836,5.524718082137014e-13,1.3619144850682374,Low
Barangay 520,520,3.0,3.0,3,3,1495,79.32893776991591,695.0,551.3361175009155,0.27782696642883736,0.032690079578846495,15.11761183081853,Low
Barangay 519,519,3.0,3.0,3,3,874,99.6570385102986,1385.0,1380.2499833676357,0.31327312994898443,0.0779360936716378,21.71082406076843,Medium
Barangay 516,516,3.0,3.0,3,3,684,36.23499307391177,1192.0,431.92111744102823,0.32030356354846595,0.024354035859031804,8.519519770348106,Low
Barangay 526,526,3.0,3.0,3,3,505,86.11622643505784,805.0,693.2356228022156,0.31141952464315686,0.03900258023614205,16.14759259556132,Low
Barangay 6,6,3.0,3.0,3,3,1667,96.14599630092232,506.0,486.49874128266697,0.2517489766705595,0.028073846887151296,16.363610098007005,Low
Barangay 5,5,3.0,3.0,3,3,989,71.65948515171034,1321.0,946.6217988540936,0.303437905676321,0.059434706838117794,17.296712006626,Low
Barangay 15,15,3.0,3.0,3,3,276,36.10805784807427,1104.0,398.6329586427399,0.3892660497778914,0.02551346061978395,9.540401508361894,Low
Barangay 405,405,3.0,3.0,3,3,646,100.0,1153.0,1153.0,0.32413323751510376,0.0666589360507755,20.975888807765504,Medium
Barangay 406,406,3.0,3.0,3,3,383,99.99999999999996,651.0,650.9999999999997,0.33534238353710816,0.036607763173930497,17.830881226493396,Medium
Barangay 407,407,3.0,3.0,3,3,1160,100.0,2637.0,2637.0,0.3652902889213643,0.15492779896926903,30.1770353470029,High
Barangay 821,821,3.0,3.0,3,3,547,99.99999999999996,2474.0,2473.999999999999,0.4203970929897262,0.13797878680887657,28.23308855757764,High
Barangay 19,19,3.0,3.0,3,3,754,17.4149748887719,2260.0,393.57843248624494,0.35804347253953756,0.02493715640138225,6.720392027440861,Low
Barangay 25,25,3.0,3.0,3,3,882,57.7278596400965,3000.0,1731.835789202895,0.3800261264644121,0.10776171735908995,20.490226654054556,Medium
Barangay 26,26,3.0,3.0,3,3,789,43.39132398093978,2340.0,1015.3569811539909,0.353513500368754,0.06225841290285789,13.782435863070821,Low
Barangay 31,31,3.0,3.0,3,3,702,19.29131125795314,3101.0,598.2235621091269,0.4094245235768647,0.03695782233525583,8.467913879962323,Low
Barangay 32,32,3.0,3.0,3,3,642,43.010501915339525,2221.0,955.263247539691,0.37331196031238995,0.05880663834629191,13.530228867274696,Low
Barangay 28,28,2.998891353,3.0,2,3,902,56.82307770446072,2515.0,1429.1004042671873,0.3462847056883123,0.08430574001016396,17.455996821762195,Low
Barangay 35,35,2.998363339,3.0,2,3,611,18.55079865057379,2289.0,424.627781111634,0.3832124014619613,0.025882779226965236,7.058382151137243,Low
Barangay 81,81,2.991596639,3.0,2,3,714,96.4537303908138,1848.0,1782.4649376222392,0.34604557401506425,0.10817979578001508,25.259985256398565,High
Barangay 723,723,2.989944134,3.0,2,3,895,63.6149938540338,588.0,374.05616386171874,0.28406750279448884,0.022805767886200184,12.181139254775083,Low
Barangay 550,550,2.989669421,3.0,2,3,484,39.542708320026215,657.0,259.79559366257223,0.28756435339017444,0.016867094945899726,8.54159551276006,Low
Barangay 678,678,2.986938776,3.0,2,4,2450,100.0,1335.0,1335.0,0.2777557256105276,0.07482621917224437,21.16327412583745,Medium
Barangay 503,503,2.984761905,3.0,2,3,1050,100.0,1038.0,1038.0,0.28554299231802205,0.05813221486580314,19.53494229695524,Medium
Barangay 551,551,2.981632653,3.0,2,3,490,18.329427566367592,591.0,108.32691691723247,0.2805998731663922,0.007088921628385525,4.569156333476222,Low
Barangay 514,514,2.980190756,3.0,2,3,1363,77.98517827472823,2196.0,1712.5545149130319,0.31041544559383966,0.10650937869397697,22.886487644756908,Medium
Barangay 814,814,2.976331361,3.0,2,4,676,100.0,2528.0,2528.0,0.38994641277638054,0.14156375867501175,28.39878097637453,High
Barangay 95,95,2.975262369,3.0,2,3,1334,56.49370536238969,4994.0,2821.295645797741,0.3792473496645162,0.17293330309455715,26.666341052798636,High
Barangay 669,669,2.971995927,3.0,2,4,9820,56.632326340115966,3738.0,2116.916358593535,0.2841741236085558,0.1301175876541323,24.48352033848633,High
Barangay 47,47,2.970698723,3.0,2,3,1331,48.8194161493618,1677.0,818.7016088247974,0.32377766925498425,0.05209356943340868,13.740090880708136,Low
Barangay 456,456,2.970528455,3.0,2,3,984,100.0,1589.0,1589.0,0.31441052706978706,0.08959395795598486,22.885393335162863,Medium
Barangay 454,454,2.968513854,3.0,2,3,794,100.0,936.0,936.0,0.2895191375298192,0.05233925010372106,18.975880978725105,Medium
Barangay 409,409,2.967769296,3.0,2,3,1179,100.0,1673.0,1673.0,0.3003309417937953,0.09306426047074312,22.95137576941727,High
Barangay 78,78,2.966159052,3.0,2,3,591,100.0,844.0,844.0,0.2924237797668917,0.047258154813883006,18.51241126205648,Medium
Barangay 822,822,2.961397059,3.0,2,3,544,100.0,1087.0,1087.0,0.3358212128253329,0.06055962338891752,20.076180048572965,Medium
Barangay 504,504,2.961363636,3.0,2,3,880,100.0,1361.0,1361.0,0.31254367224253393,0.07599873916276238,21.430537721183292,Medium
Barangay 450,450,2.959289415,3.0,2,3,1351,100.0,1603.0,1603.0,0.29284765154686515,0.09093866448627996,22.96893524106518,High
Barangay 524,524,2.954,3.0,2,3,1000,29.571167078897115,796.0,235.38648994802102,0.2822399414787747,0.013626829067331639,6.456848629865014,Low
Barangay 17,17,2.953168044,3.0,2,3,363,29.31670409545547,973.0,285.2515308487817,0.3409125154704955,0.016970321708892677,7.222152742118376,Low
Barangay 45,45,2.950213371,3.0,2,3,703,25.208216727381384,2312.0,582.8139707370576,0.37000564192262303,0.038014690037343264,9.253631868385643,Low
Barangay 414,414,2.949541284,3.0,2,3,654,100.0,1603.0,1603.0,0.33866344723127345,0.09037849783731426,23.118257365910235,High
Barangay 794,794,2.947478992,3.0,2,3,476,76.78669515117134,709.0,544.4176686218049,0.3091432501248286,0.03159590698595636,14.468154264605616,Low
Barangay 582,582,2.945794393,3.0,2,4,535,42.4700952504991,1269.0,538.9455087288336,0.3302417323028633,0.03385348233400198,10.781534465100314,Low
Barangay 206,206,2.942667471,3.0,2,4,1657,58.3655990130827,2487.0,1451.5524474553667,0.3108806237665194,0.08529709753547927,17.5932583988761,Low
Barangay 725,725,2.938061466,3.0,2,3,2115,59.93639970349397,1990.0,1192.73435409953,0.3104786648629703,0.07246691226804448,17.024741648534658,Low
Barangay 420,420,2.932767624,3.0,1,4,1532,99.21426594891116,2890.0,2867.2922859235327,0.319750709364948,0.16043405609024555,29.625161294337875,High
Barangay 561,561,2.929234339,3.0,1,5,862,52.54569757825425,2387.0,1254.2658011929288,0.3538319833012213,0.07203148796634005,15.579059541792168,Low
Barangay 544,544,2.92804428,3.0,2,4,542,96.37357586437749,45.0,43.368109138969864,0.22917764499821877,0.0028179356390211677,14.805775948034164,Low
Barangay 686,686,2.916087963,3.0,2,3,1728,94.631854286515,3306.0,3128.5291027121857,0.3255393531041329,0.1904560379037017,33.35765787780202,High
Barangay 823,823,2.914244186,3.0,2,3,688,99.59585088198844,3590.0,3575.4910466633846,0.4451234501200416,0.19987930412326452,34.40258651235329,High
Barangay 674,674,2.912305516,3.0,2,3,7070,87.72184229582231,1629.0,1428.9888109989456,0.2761340176641995,0.08629925946210798,23.88951914849071,High
Barangay 684,684,2.906197655,3.0,2,3,1194,98.05963473981446,2685.0,2632.901192764018,0.3355144751570765,0.14741394034073768,28.332129382551134,High
Barangay 121,121,2.90437891,3.0,2,3,1119,14.919204122194117,4097.0,611.2397928862929,0.3792708743055498,0.03744168992954767,7.7101562215043735,Low
Barangay 413,413,2.903930131,3.0,2,3,687,100.0,1907.0,1907.0,0.35945560764289025,0.10691250450115257,24.820268231851138,High
Barangay 76,76,2.902068966,3.0,2,3,725,99.64283784158356,1745.0,1738.767520335633,0.3385107604051322,0.1056595405127122,25.41419747093596,High
Barangay 445,445,2.899803536,3.0,2,3,509,100.0,941.0,941.0,0.3233349447964353,0.05234392217533101,19.170069898355592,Medium
Barangay 817,817,2.895833333,3.0,2,3,336,99.99999999999996,1395.0,1394.9999999999993,0.3913924797498054,0.07954505580374276,22.539197078354732,Medium
Barangay 802,802,2.891964286,3.0,2,4,1120,21.422861251014687,1840.0,394.18064701867024,0.3173790802848742,0.025502684105924354,7.159113057871548,Low
Barangay 693,693,2.891284816,3.0,2,3,1113,63.39053445911087,557.0,353.08527693724756,0.2824347069793976,0.021187357475732495,11.910298581906838,Low
Barangay 16,16,2.888625592,3.0,2,3,422,64.40343936247955,1371.0,882.9711536595945,0.36663202171962367,0.05339885191933889,15.669578100058432,Low
Barangay 679,679,2.878737542,3.0,1,3,1806,96.60089824886758,860.0,830.7677249402612,0.2743849022884817,0.048909619127191856,18.9751321345612,Medium
Barangay 673,673,2.878314673,3.0,1,3,3394,98.22874222256831,2539.0,2494.0277650310095,0.2832218495600412,0.14638497783358906,29.121662421589388,High
Barangay 417,417,2.872916667,3.0,2,3,960,100.0,1818.0,1818.0,0.32118749395637525,0.10302675697205134,24.300099255319807,High
Barangay 418,418,2.872727273,3.0,2,4,1485,99.99999999999996,2977.0,2976.9999999999986,0.33157004743842705,0.1671804093818354,30.520206834668805,High
Barangay 493,493,2.872313527,3.0,2,4,791,91.88710643156064,858.0,788.3913731827903,0.28619872183136635,0.044604467636018656,17.303671357692217,Low
Barangay 579,579,2.865,3.0,2,4,1200,33.055258126755604,1468.0,485.2511893007723,0.2969946845257042,0.029096513803673427,8.699251170296094,Low
Barangay 518,518,2.858171346,3.0,2,3,1389,56.4214461833628,2019.0,1139.148998442095,0.31420379111423097,0.07128575936750817,16.50536482923615,Low
Barangay 758,758,2.852287582,3.0,2,4,765,92.26618986971002,487.0,449.3363446654878,0.2944322589093473,0.02615878159778244,15.921448334737832,Low
Barangay 572,572,2.842276423,3.0,2,3,615,97.35911229686116,1617.0,1574.296845840245,0.34547613252143217,0.08845022520351169,22.610456543234434,Medium
Barangay 473,473,2.842180775,3.0,2,3,697,100.0,1395.0,1395.0,0.33059913768974486,0.07759805678462904,21.675708947355794,Medium
Barangay 567,567,2.839007092,3.0,2,4,1410,73.88241654412344,2437.0,1800.5144911802884,0.32370602010493094,0.10243114039303092,21.014893090416006,Medium
Barangay 211,211,2.83788122,3.0,2,3,1246,36.2799193522658,2102.0,762.603904784627,0.3220644624354904,0.04815484812620168,11.461166312167453,Low
Barangay 198,198,2.834682081,3.0,2,3,1730,98.1528703502886,3840.0,3769.070221451082,0.32678963220411794,0.21825306652467866,35.71756726859825,High
Barangay 415,415,2.830866808,3.0,2,3,946,83.48712704242035,795.0,663.7226599872417,0.28720599286216436,0.0399757960174884,16.464967351196055,Low
Barangay 461,461,2.811512415,3.0,2,3,886,100.0,733.0,733.0,0.2851154130074613,0.041378846942443356,17.993532671610893,Medium
Barangay 97,97,2.807881773,3.0,2,3,1218,98.60277131176294,3656.0,3604.917319158053,0.36546717136817497,0.21119336720217638,35.43228336212686,High
Barangay 498,498,2.807118255,3.0,2,3,871,65.29841247292838,1029.0,671.920664346433,0.3039050471026878,0.041025597779696256,14.331870691623088,Low
Barangay 210,210,2.800136893,3.0,2,3,1461,81.80374478927502,3106.0,2540.824313154882,0.33494070056628994,0.15600303409919503,28.288202213571793,High
Barangay 523,523,2.799798793,3.0,2,3,994,27.40907622120259,1299.0,356.0439001134216,0.3161490022643239,0.021408210040457506,7.319507735974649,Low
Barangay 119,119,2.785714286,3.0,2,3,742,37.74186803423938,1877.0,708.4148630026731,0.34040730449905715,0.043299513930550204,11.051950704972107,Low
Barangay 692,692,2.774718398,3.0,2,3,1598,64.87398023362626,2508.0,1627.0394242593466,0.35960121323773325,0.0977258397728662,20.255749833540385,Medium
Barangay 615,615,2.774630542,3.0,2,3,812,54.96424969350336,1875.0,1030.579681753188,0.34411799905186374,0.06738053015011303,16.248725088559198,Low
Barangay 559,559,2.773049645,3.0,1,5,564,72.53095551902251,1535.0,1113.3501672169955,0.36579427538131526,0.06404662635994321,17.440001696625142,Low
Barangay 13,13,2.757028112,3.0,2,3,498,99.03022293440054,2435.0,2411.385928452653,0.4318370047944759,0.14351223655016468,29.375412219754725,High
Barangay 380,380,2.751286449,3.0,2,3,583,100.0,957.0,957.0,0.3235029519957273,0.054009124474803875,19.479717262270302,Medium
Barangay 671,671,2.742647059,3.0,1,3,1360,99.70576369194777,1239.0,1235.3544121432328,0.297902982590758,0.06953399143359218,20.779644530712595,Medium
Barangay 2,2,2.726790451,3.0,2,3,1508,43.58030042711015,1666.0,726.0478051156551,0.2988729739076805,0.04631299564242667,12.312495641682379,Low
Barangay 424,424,2.716654107,3.0,2,3,1327,93.39904031880806,2079.0,1941.7660482280196,0.32475970529125964,0.11086362537287713,24.38125049549188,High
Barangay 207,207,2.716591024,3.0,2,4,1983,50.656498431998095,1139.0,576.9775171404583,0.274972053232657,0.03340713444146185,11.16893112994891,Low
Barangay 506,506,2.697063369,3.0,2,3,647,100.0,816.0,816.0,0.32114787189234567,0.04646056961480421,18.82817740762972,Medium
Barangay 381,381,2.69488684,3.0,2,3,1193,100.0,1473.0,1473.0,0.3066209766446892,0.08222827995797415,21.993347763718297,Medium
Barangay 769,769,2.687958884,3.0,2,4,1362,77.80994623862563,2317.0,1802.8564543489558,0.33349264327335953,0.10284578165749216,21.65772129834865,Medium
Barangay 517,517,2.680208333,3.0,2,3,960,99.9734533630954,1355.0,1354.6402930699426,0.33116712482605776,0.07548888674204897,21.493636967640146,Medium
Barangay 82,82,2.677383592,3.0,2,3,902,92.89217918109468,2662.0,2472.7898098007404,0.36868260292681626,0.15355974201040892,29.715461120817515,High
Barangay 212,212,2.660958904,3.0,2,3,1168,42.37839798874927,2131.0,903.083661140247,0.32167597211791676,0.05497558801988081,12.742015014993216,Low
Barangay 201,201,2.658221797,3.0,2,4,2092,92.2337755675214,1166.0,1075.4458231172996,0.289248945174195,0.06050661970634838,18.92753517874748,Medium
Barangay 494,494,2.645714286,3.0,2,3,1750,84.60582966475776,1663.0,1406.9949473249214,0.2891086817909374,0.07948832793838112,19.841044114955046,Medium
Barangay 521,521,2.632882883,3.0,2,3,1776,100.0,1582.0,1582.0,0.28705903316623443,0.09325519483068455,23.844763035899483,High
Barangay 806,806,2.623036649,3.0,2,4,1146,96.18972887541617,1604.0,1542.8832511616754,0.31794248879144105,0.09195331033586157,23.39595672318315,High
Barangay 502,502,2.621428571,3.0,2,3,700,99.99999999999996,920.0,919.9999999999995,0.32142519442234174,0.0515224586922312,19.14848753598632,Medium
Barangay 444,444,2.610169492,3.0,2,3,649,99.94881793837008,582.0,581.7021204013139,0.28413109019027216,0.033575249489061786,17.440960034216264,Low
Barangay 186,186,2.596320346,3.0,2,3,1848,74.21868169761534,1492.0,1107.342730928421,0.29413038038831835,0.0689198519996428,18.815078300227913,Medium
Barangay 460,460,2.584615385,3.0,2,3,1365,99.99999999999996,861.0,860.9999999999997,0.29809081747171734,0.04917994782934792,19.054767767404044,Medium
Barangay 3,3,2.581514763,3.0,1,3,1558,96.8406057300402,1232.0,1193.0762625940952,0.29550711094363574,0.07000076297994721,21.086870139546313,Medium
Barangay 1,1,2.569269521,3.0,2,3,1985,42.52398017367565,3119.0,1326.3229416169436,0.32788342417432076,0.08327780322531785,15.981406676935356,Low
Barangay 598,598,2.567198178,3.0,1,4,3073,100.0,10510.0,10510.0,0.38202155404728,0.5846396996277065,71.27845725494744,High
Barangay 36,36,2.562899787,3.0,2,3,469,16.147412733349487,2267.0,366.0618466650329,0.43596720905904535,0.024676824121469904,7.177697198176704,Low
Barangay 200,200,2.561576355,3.0,2,3,609,99.40221186678356,757.0,752.4747438315516,0.28983676663978397,0.041933324653020215,17.853302394379924,Medium
Barangay 437,437,2.558368495,3.0,2,3,711,100.0,983.0,983.0,0.32423707765933346,0.0554613193158876,19.63307895332479,Medium
Barangay 635,635,2.556288271,3.0,0,4,2123,99.67887728177264,723.0,720.6782827472161,0.28953944015245736,0.04045003726151653,17.88647382000921,Medium
Barangay 379,379,2.546666667,3.0,2,3,375,100.0,729.0,729.0,0.3439135010446534,0.04100236328651944,18.323038169058425,Medium
Barangay 458,458,2.534115921,3.0,2,3,1363,100.0,1649.0,1649.0,0.3209780401923201,0.09570588166749688,23.97610123188691,High
Barangay 7,7,2.520951302,3.0,0,3,1766,87.54759032469757,1566.0,1370.995264484764,0.30495919252393966,0.08395770181651473,21.981682473171272,Medium
Barangay 33,33,2.512526096,3.0,2,3,958,24.43495499138873,4343.0,1061.2100952760125,0.4305836706726062,0.06803397072827622,12.504854294104065,Low
Barangay 457,457,2.50814664,3.0,2,3,982,99.99999999999996,2895.0,2894.9999999999986,0.3827172839929181,0.1637267856122012,30.628602126887262,High
Barangay 410,410,2.497149373,2.5,1,3,1754,100.0,2565.0,2565.0,0.32756880611846717,0.1461157910508019,28.69430191586731,High
Barangay 827,827,2.494785889,3.0,1,3,4507,100.0,2719.0,2719.0,0.29716051084122486,0.1540704207608786,29.4210486899874,High
Barangay 594,594,2.49299258,2.0,2,4,1213,94.40115117333453,686.0,647.5918970490749,0.2986002525392658,0.03820933463340608,17.681154962111144,Low
Barangay 887,887,2.490304709,3.0,1,4,1444,96.3194434623143,723.0,696.3895762325324,0.2969773511187912,0.03982937077378642,17.694624099636886,Medium
Barangay 182,182,2.488394126,3.0,0,4,2111,28.041841096166078,4072.0,1141.8637694358827,0.34249393749802276,0.065156065736608,11.700731559690455,Low
Barangay 130,130,2.472138554,3.0,0,3,1328,97.65636006645096,1398.0,1365.2359137289843,0.30248260441663916,0.07702435599067553,21.31203348827061,Medium
Barangay 83,83,2.470692718,2.0,2,3,563,95.05764300101124,1658.0,1576.0557209567664,0.3816580717143552,0.09941418703218323,24.826756028969225,High
Barangay 129,129,2.463698993,3.0,0,3,1887,85.12786720286304,5207.0,4432.608045253079,0.36540184705388556,0.26529683611077093,39.39086797908972,High
Barangay 611,611,2.460267506,2.0,2,3,1271,97.10233758758132,774.0,751.5720929278795,0.29565761669328666,0.04503405409590127,18.917485464086354,Medium
Barangay 629,629,2.449873096,2.0,2,3,1576,80.71392399785738,1640.0,1323.708353564861,0.31266684636889897,0.07912982486613103,20.20229186368796,Medium
Barangay 660-A,660,2.437957777,2.0,2,3,4642,85.96505357017473,3099.0,2664.0570101397147,0.3125666613291627,0.157982942060785,29.36884093549142,High
Barangay 522,522,2.405742821,2.0,2,3,801,96.44798103270688,1082.0,1043.5671547738884,0.3241539618389248,0.06249698117753113,20.54691393153796,Medium
Barangay 826,826,2.402597403,2.0,2,3,847,100.0,2048.0,2048.0,0.36757943717731756,0.11392173497817887,25.477692849312707,High
Barangay 574,574,2.378417266,2.0,2,3,695,80.5469660799428,1043.0,840.1048562138035,0.3166687582834688,0.047084677844754404,16.24531951573892,Low
Barangay 626,626,2.37395278,2.0,2,3,1313,100.0,1502.0,1502.0,0.32653120836640753,0.08637587126333346,22.967610252358906,High
Barangay 58,58,2.367671692,2.0,0,3,1194,99.99999999999996,4088.0,4087.999999999998,0.3998351614543869,0.23237570198686855,37.50748506949574,High
Barangay 422,422,2.366548043,2.0,2,3,1124,100.0,2650.0,2650.0,0.36683166707971565,0.15234738961028418,29.63412020687317,High
Barangay 865,865,2.364754646,3.0,1,4,7479,96.68050636088752,86.0,83.14523547036326,0.28520678501871005,0.004902543756145441,16.54048767471572,Low
Barangay 876,876,2.360839161,3.0,1,3,1430,98.60032785757186,601.0,592.5879704240068,0.29711890767557697,0.03330825274837498,17.10150830626115,Low
Barangay 630,630,2.352722288,3.0,0,7,10212,76.56510989992373,6552.0,5016.546000643002,0.32153024217515175,0.2959408215277974,42.67574315443043,High
Barangay 84,84,2.348275862,2.0,2,3,580,88.9714278225802,1176.0,1046.3039911935432,0.3503263816926061,0.0685608411642824,21.164931224368033,Medium
Barangay 719,719,2.343326303,2.0,0,4,19914,51.74991783284959,8846.0,4577.797731493874,0.31135360705427123,0.2684406155063425,37.148713850821444,High
Barangay 696,696,2.338922156,2.0,2,3,3340,57.8820943618108,4121.0,2385.321108650223,0.3556910134276819,0.14960358749514946,25.4003380774154,High
Barangay 505,505,2.327001357,2.0,2,3,737,99.45819818573784,788.0,783.7306017036142,0.30185413563030844,0.04448391610586744,18.399864339307037,Medium
Barangay 180,180,2.322214336,2.0,0,3,1409,54.61698749054419,2160.0,1179.7269297957546,0.3339366285822655,0.07019696753920969,15.862611345739964,Low
Barangay 812,812,2.318805093,2.0,1,3,2042,98.72805700784188,1722.0,1700.0971416750372,0.3111678472456318,0.09498537387332356,23.136479271726145,High
Barangay 654,654,2.31815562,2.0,1,4,3470,59.86231689401874,1492.0,893.1457680587596,0.31688425574527684,0.05456334917373823,15.806458900070425,Low
Barangay 633,633,2.309061489,2.0,2,3,618,94.00967258732332,548.0,515.1730057785318,0.32277219936689683,0.029048362944017202,16.28852425386119,Low
Barangay 888,888,2.300656117,3.0,1,4,2591,98.46096219867474,846.0,832.9797402007883,0.294455079927539,0.048369236930071564,19.267167699472125,Medium
Barangay 657,657,2.296891747,2.0,0,9,13062,63.40536647158805,919.0,582.6953178738942,0.28254486871179163,0.03495538080322685,16.354895764131687,Low
Barangay 886,886,2.288439955,2.0,2,4,891,88.4608859294758,406.0,359.1511968736717,0.3013921093435221,0.020992690533607018,15.047522716331994,Low
Barangay 202,202,2.286478228,2.0,2,4,1309,99.83661371116165,1289.0,1286.8939507368736,0.31227808556044406,0.07182761983028564,21.005432268898343,Medium
Barangay 102,102,2.280041797,2.0,2,3,957,59.41577869219225,4616.0,2742.632344431594,0.45066774087506606,0.17462725837324902,27.956271001950313,High
Barangay 891,891,2.279216677,3.0,1,4,1583,62.96156987771554,931.0,586.1722155615316,0.31402594983782767,0.0337847217316162,13.021452397297429,Low
Barangay 423,423,2.278116827,2.0,2,3,1147,100.0,1369.0,1369.0,0.3261196429429741,0.07649519572686528,21.593937330521765,Medium
Barangay 677,677,2.277006173,2.0,0,3,2592,99.84579213591417,2235.0,2231.5534542376818,0.331594145658703,0.12486860334413315,26.374461077693255,High
Barangay 475,475,2.274566474,2.0,2,3,1038,100.0,1701.0,1701.0,0.33994536459567654,0.09562443452798873,23.627615832311513,High
Barangay 215,215,2.268428373,2.0,2,3,719,100.0,3147.0,3147.0,0.4328190104880867,0.17845042882678477,32.43720224817498,High
Barangay 672,672,2.25862069,2.0,0,3,3654,99.89055944621906,3268.0,3264.423482702439,0.3165245686041657,0.1833697140917122,32.0807377963006,High
Barangay 666,666,2.256059619,2.0,0,5,27642,62.7429287862518,904.0,567.1960762277163,0.29115676860733863,0.033722215054844705,19.017443362110225,Medium
Barangay 181,181,2.241565452,2.0,2,3,741,51.67047475693529,2334.0,1205.9888808268697,0.3835987168321145,0.07828625458010546,17.042823187945135,Low
Barangay 8,8,2.239612188,2.0,0,3,1444,80.95964921354442,301.0,243.68854413276873,0.34093034407563616,0.014683340983348567,14.254624387355927,Low
Barangay 895,895,2.23253012,2.0,1,3,830,100.0,720.0,720.0,0.32825168103398655,0.04005060995362425,18.01346383645558,Medium
Barangay 56,56,2.226628895,2.0,0,3,2118,99.87253709882928,3377.0,3372.695577827465,0.33801116407222964,0.19282407516757838,33.40320030099036,High
Barangay 596,596,2.225225225,2.0,2,3,888,95.91535072666989,2467.0,2366.2317024269464,0.38038183816478316,0.13471019974205975,27.344035730408116,High
Barangay 884,884,2.220172568,2.0,1,4,3361,96.4120121175419,2341.0,2257.005203671656,0.3119060774719487,0.12866066826594105,26.63340719352265,High
Barangay 879,879,2.216500878,2.0,1,3,1709,99.5312437181506,544.0,541.4499658267393,0.29730095005829793,0.031194528721570983,17.4316649716055,Low
Barangay 184,184,2.211197339,2.0,2,3,1804,97.09469577976051,2126.0,2064.2332322777083,0.30915747162041224,0.12009780745854594,26.01219630396653,High
Barangay 60,60,2.204044118,2.0,0,3,544,100.0,3800.0,3800.0,0.5129867666464549,0.21302266857727556,36.2597277162433,High
Barangay 709,709,2.196805476,2.0,2,3,1753,51.34246026585084,5339.0,2741.1739535937763,0.40202851019681257,0.1681934220005393,25.783901587084546,High
Barangay 199,199,2.19665272,2.0,2,4,1434,99.9999999999974,2240.0,2239.999999999942,0.32272935850561807,0.12480613938139527,26.22324412916641,High
Barangay 631,631,2.192130812,2.0,2,3,1957,95.00460949160968,1045.0,992.7981691873212,0.2971287699382344,0.05893062679911192,20.090625858105103,Medium
Barangay 883,883,2.189325277,2.0,1,3,1986,99.59764857882796,2239.0,2229.991351679958,0.3256627091732258,0.12665356826778143,26.715513657814345,High
Barangay 412,412,2.185559567,2.0,2,3,1385,100.0,2015.0,2015.0,0.3390440580158412,0.11216917036727408,25.105142639832568,High
Barangay 446,446,2.181172291,2.0,2,3,563,99.9982961654658,769.0,768.986897512432,0.32222195208666643,0.04374902219717577,18.554481994920057,Medium
Barangay 627,627,2.173374613,2.0,2,3,1615,96.5951302446445,1618.0,1562.9092073583479,0.3216903812301716,0.09304328147864978,23.732006955018633,High
Barangay 597,597,2.161316872,2.0,1,3,1215,100.0,1544.0,1544.0,0.32703882161747894,0.08617438285432677,22.526582033108944,Medium
Barangay 595,595,2.154358974,2.0,1,3,1950,95.06823094302726,4229.0,4020.4354865806226,0.361454520030479,0.24315049402456876,38.78836613605483,High
Barangay 205,205,2.154094828,2.0,2,3,1856,97.63036561765992,1832.0,1788.5882981155298,0.32333319942176647,0.1005838072023651,23.736197409592744,High
Barangay 34,34,2.152505447,2.0,2,3,459,13.73691997976026,1930.0,265.1225556093731,0.43011539461327786,0.016515404518200577,5.871740648042634,Low
Barangay 73,73,2.151589242,2.0,2,3,409,20.299663729733023,2394.0,485.97394968980853,0.4799679313998458,0.027669974394539915,8.034664872550453,Low
Barangay 893,893,2.148404993,3.0,1,3,2163,95.27999003933704,674.0,642.1871328651316,0.29986693208235676,0.03595021489989336,16.92566782556143,Low
Barangay 107,107,2.141019533,2.0,0,4,6297,20.751139907886948,7153.0,1484.3290376111534,0.3279286073840884,0.08780339502445907,13.274869243388029,Low
Barangay 11,11,2.138317757,2.0,2,3,535,81.2203678537833,2790.0,2266.048263120554,0.4643598968248293,0.1406348828445734,27.371499557616236,High
Barangay 476,476,2.134182909,2.0,2,3,1334,100.0,1213.0,1213.0,0.31753828336863804,0.06827276293360873,20.83885901265814,Medium
Barangay 889,889,2.132113821,2.0,1,3,2460,99.83711812524892,952.0,950.4493645523697,0.30690630417745196,0.05636344892382877,20.728724605088757,Medium
Barangay 612,612,2.127002288,2.0,1,3,874,99.49924937498116,718.0,714.4046105123647,0.3177973617249556,0.040948784963682754,18.311900358762728,Medium
Barangay 625,625,2.113192818,2.0,1,3,1281,100.0,794.0,794.0,0.3000495859174914,0.04421575781907248,18.222444107675468,Medium
Barangay 18,18,2.110151188,2.0,2,3,926,29.915831033120654,2006.0,600.1115705244003,0.3627848357656657,0.03596098702503809,9.39664076822293,Low
Barangay 401,401,2.103588355,2.0,2,3,1477,99.45799990369312,2112.0,2100.5529579659988,0.3337453160996123,0.1234479209249852,26.911331908282172,High
Barangay 801,801,2.102994012,2.0,1,3,835,45.225005756168095,832.0,376.27204789131855,0.3403043061343645,0.02157254796006781,9.626917799858717,Low
Barangay 508,508,2.101986755,2.0,2,3,755,99.46974371957084,1020.0,1014.5913859396227,0.3362215377140953,0.0573880317041873,19.87360675698996,Medium
Barangay 575,575,2.098993289,2.0,2,3,596,95.73005814187836,1078.0,1031.9700267694486,0.35429141901442046,0.057862206877588286,19.481068908056727,Medium
Barangay 492,492,2.098006645,2.0,2,3,1204,84.84302896274959,1165.0,988.4212874160327,0.32517838229886603,0.058072208391498174,18.48358574931771,Medium
Barangay 209,209,2.076800637,2.0,2,3,2513,67.57007066804466,4704.0,3178.4961242248214,0.35056792223801486,0.19111022704503292,29.895433408777965,High
Barangay 92,92,2.069548872,2.0,1,3,1064,97.21774378310884,2519.0,2448.9149658965116,0.3687294860117895,0.1547172977985161,30.760968685619083,High
Barangay 880,880,2.067133443,2.0,1,3,2428,100.0,3751.0,3751.0,0.3478941782915505,0.2121404231259165,35.194470363507676,High
Barangay 618,618,2.064174455,2.0,1,3,1605,99.03303575589774,749.0,741.7574378116741,0.3078378034500485,0.04128107765974617,17.86723791316039,Medium
Barangay 183,183,2.061930783,2.0,0,3,1647,69.79582725958822,8512.0,5941.020816336149,0.46534472794988496,0.33682255142062756,44.282085721624455,High
Barangay 88,88,2.056122449,2.0,2,3,392,92.90622010374278,1052.0,977.3734354913742,0.37962481779049456,0.05703240255228615,19.573550811879045,Medium
Barangay 72,72,2.055970149,2.0,2,3,1072,33.1270002468246,3743.0,1239.9436192386447,0.41646251828603525,0.0723856236118078,13.666094384515675,Low
Barangay 655,655,2.055423792,2.0,1,3,8011,24.395624358656526,1714.0,418.14100150737283,0.3022456085250447,0.025140949681623014,7.895309169641999,Low
Barangay 697,697,2.049620549,2.0,2,3,3426,71.35035304524827,3568.0,2545.7805966544583,0.3649429532833656,0.15234115761649322,26.95840623937847,High
Barangay 100,100,2.046968403,2.0,2,3,1171,48.88903596096728,2340.0,1144.0034414866343,0.36152520846887715,0.06867557016217468,15.167353440124545,Low
Barangay 632,632,2.045918367,2.0,2,3,588,88.97733196227134,576.0,512.5094321026829,0.3841812998180624,0.03015323769520166,16.612206057816632,Low
Barangay 105,105,2.04584824,2.0,0,3,10622,21.492867861397823,26494.0,5694.32041119874,0.33893734814488696,0.33455245636367176,38.241596769171004,High
Barangay 120,120,2.042459736,2.0,2,3,683,2.3533642885767607,3886.0,91.45173625409292,0.48406945653159816,0.006164910197161466,3.7452613301341033,Low
Barangay 608,608,2.037754114,2.0,2,3,1033,100.0,821.0,821.0,0.3232698318739517,0.0457288557347077,18.54380326519066,Medium
Barangay 77,77,2.027079304,2.0,2,3,517,91.00442456559406,1346.0,1224.919554652896,0.3800849048828776,0.0775820179690879,22.145620926922888,Medium
Barangay 370,370,2.02638191,2.0,2,3,796,97.0089963932778,628.0,609.2164973497846,0.3105752473137144,0.034572555726007,17.196234388893362,Low
Barangay 478,478,2.023300971,2.0,2,3,1030,99.22439450662044,935.0,927.7480886369011,0.31551973609600187,0.05270552308035289,19.31252511044975,Medium
Barangay 203,203,2.02183766,2.0,2,3,2427,93.86992420253353,2014.0,1890.5402734390252,0.31255621525398364,0.10756731808845577,24.10771947363207,High
Barangay 849,849,2.020876827,2.0,2,3,479,100.0,1908.0,1908.0,0.42730814506246023,0.10908738560707192,25.720169465054806,High
Barangay 613,613,2.018199234,2.0,2,3,1044,100.0,579.0,579.0,0.3127966311581209,0.03293043116777069,17.48755166191776,Low
Barangay 14,14,2.017271157,2.0,2,3,579,97.23579314365053,2479.0,2410.4753120310966,0.4460251499603746,0.14401642530482037,29.363986301427854,High
Barangay 179,179,2.012374323,2.0,2,3,1293,34.41598105224728,1034.0,355.8612440802369,0.32095502409984256,0.022242511798219677,8.626473431373457,Low
Barangay 507,507,2.011178862,2.0,2,3,984,100.0,1526.0,1526.0,0.34534383784986084,0.0852760924648777,22.58719967381396,Medium
Barangay 106,106,2.009042197,2.0,1,3,2986,56.06941543587178,2716.0,1522.8453232382776,0.3278996979671123,0.09199774081176289,18.659524262103393,Medium
Barangay 616,616,2.007171315,2.0,2,3,1255,99.99999999999996,1117.0,1116.9999999999995,0.3341100207074606,0.06360356192541369,20.665194005325407,Medium
Barangay 495,495,2.003989362,2.0,2,3,1504,97.84726218222202,1443.0,1411.9359932894638,0.3147633396826602,0.08120057857417513,22.13159495010483,Medium
Barangay 472,472,2.00304414,2.0,2,3,657,100.0,1126.0,1126.0,0.3514905190955431,0.06425204213701685,20.806479988511306,Medium
Barangay 322,322,2.0,2.0,2,2,611,98.68392644596727,867.0,855.5896422865362,0.3457363507848039,0.04882190166464939,19.09131469476065,Medium
Barangay 319,319,2.0,2.0,2,2,681,100.0,1358.0,1358.0,0.3664155176211527,0.07802404326849875,22.3330651825905,Medium
Barangay 311,311,2.0,2.0,2,2,1833,100.0,1805.0,1805.0,0.3154690187849271,0.10436620231308656,24.816528854500223,High
Barangay 312,312,2.0,2.0,2,2,1449,99.72429092829763,2945.0,2936.880367838365,0.3566414417305066,0.17414377258040678,32.169274104568444,High
Barangay 315,315,2.0,2.0,2,2,2724,99.99999999999996,2150.0,2149.999999999999,0.3299315986423446,0.12122867975874829,26.196447409686247,High
Barangay 316,316,2.0,2.0,2,2,775,99.99999999999996,856.0,855.9999999999997,0.3325646506481828,0.04761572516698224,18.780003517476402,Medium
Barangay 317,317,2.0,2.0,2,2,993,100.0,1573.0,1573.0,0.3480382190019807,0.08969662906803688,23.287230828511213,High
Barangay 318,318,2.0,2.0,2,2,504,100.0,781.0,781.0,0.3481296237324581,0.044076604274918434,18.693772096542762,Medium
Barangay 89,89,2.0,2.0,2,2,492,100.0,728.0,728.0,0.3436294300013604,0.04379762595587202,19.27727506272343,Medium
Barangay 90,90,2.0,2.0,2,2,400,99.97952412877066,645.0,644.8679306305708,0.3492227231181712,0.03943199749706503,19.01269809420675,Medium
Barangay 37,37,2.0,2.0,2,2,403,73.67813928517545,2456.0,1809.535100843909,0.5087830138569084,0.10527717426212141,22.713953255016612,Medium
Barangay 267,267,2.0,2.0,2,2,521,100.0,1780.0,1780.0,0.40452467806079934,0.10017541121130753,24.53354913510403,High
Barangay 46,46,2.0,2.0,2,2,654,51.54255851498715,2173.0,1120.0197965306706,0.4072042070582249,0.06840234174163858,15.830770909177808,Low
Barangay 42,42,2.0,2.0,2,2,704,73.55614948903536,2196.0,1615.2930427792164,0.3996561933751454,0.09520071023345199,21.066592119716255,Medium
Barangay 41,41,2.0,2.0,2,2,843,81.48600801307933,3957.0,3224.4013370775488,0.45248897394691534,0.1837309874093336,30.803149617103255,High
Barangay 38,38,2.0,2.0,2,2,557,1.2567049245351216,3144.0,39.51080282738422,0.48727782827864036,0.0026634874443553446,3.26606259420549,Low
Barangay 462,462,2.0,2.0,2,2,988,100.0,1594.0,1594.0,0.3503881902689752,0.09073047516016108,23.38131284763704,High
Barangay 463,463,2.0,2.0,2,2,523,100.0,856.0,856.0,0.34937298892181173,0.04761572516698226,18.905475601579887,Medium
Barangay 320,320,2.0,2.0,2,2,971,100.0,1416.0,1416.0,0.3469510319616436,0.08421965554750382,23.27948596645146,High
Barangay 321,321,2.0,2.0,2,2,517,100.0,384.0,384.0,0.3466424901955227,0.021708318272751315,16.529185722560822,Low
Barangay 324,324,2.0,2.0,2,2,500,96.791505618687,643.0,622.3693811281574,0.340113791303785,0.03892779939401605,18.753647495280436,Medium
Barangay 323,323,2.0,2.0,2,2,954,99.5796069050968,1076.0,1071.4765702988416,0.3325824780222079,0.06144493507484094,20.439878132359055,Medium
Barangay 325,325,2.0,2.0,2,2,393,98.98553749865889,526.0,520.6639272429458,0.3390420648273436,0.032690289812880836,18.411796963829303,Medium
Barangay 885,885,2.0,2.0,2,2,1272,79.34403049196018,694.0,550.6475716142037,0.31753936763752416,0.03264573928605568,15.35031956113992,Low
Barangay 309,309,2.0,2.0,2,2,2426,99.17534181633542,1162.0,1152.4174719058176,0.31049354144134383,0.06593378649983343,20.848505404965977,Medium
Barangay 310,310,2.0,2.0,2,2,3461,98.95978637105291,13761.0,13617.856202520592,0.4277361845028232,0.8478075311820902,100.0,High
Barangay 397,397,2.0,2.0,2,2,1650,99.75733283927588,8835.0,8813.560356350024,0.5254750648146062,0.5013798083527974,64.59067080573784,High
Barangay 398,398,2.0,2.0,2,2,803,100.0,2413.0,2413.0,0.38418749301185423,0.13704886594066554,28.08341097146567,High
Barangay 399,399,2.0,2.0,2,2,632,100.0,1647.0,1647.0,0.4071187041360291,0.09469395194717757,24.25304207774509,High
Barangay 400,400,2.0,2.0,2,2,855,100.0,1458.0,1458.0,0.34961688375067346,0.08335954108250322,22.69731353114913,Medium
Barangay 402,402,2.0,2.0,2,2,1184,100.0,2778.0,2778.0,0.3731388265451144,0.15914436757864123,30.303521542251254,High
Barangay 403,403,2.0,2.0,2,2,913,100.0,755.0,755.0,0.3309054117932666,0.04267444149158093,18.47837985432957,Medium
Barangay 840,840,2.0,2.0,2,2,1063,100.0,2820.0,2820.0,0.38798894045301785,0.15701007815860743,29.82427736197476,High
Barangay 841,841,2.0,2.0,2,2,1657,99.99999999999996,2541.0,2540.999999999999,0.3514593523359159,0.14134527762660157,28.01935518911029,High
Barangay 12,12,2.0,2.0,2,2,830,36.99020754816912,1723.0,637.3412760549539,0.3551447739204949,0.03966866621229015,10.80664910365004,Low
Barangay 308,308,2.0,2.0,2,2,1596,99.50046310196484,965.0,960.1794689339607,0.31112099515697106,0.05537622742344132,19.875067843286782,Medium
Barangay 882,882,2.0,2.0,2,2,893,100.0,1312.0,1312.0,0.34363007227579057,0.07298111147059438,21.324817425496008,Medium
Barangay 416,416,2.0,2.0,2,2,1134,100.0,1099.0,1099.0,0.3420302926110488,0.06366552441628924,20.94716457991254,Medium
Barangay 404,404,2.0,2.0,2,2,2820,97.87639061622008,1268.0,1241.0726330136706,0.3441053457602481,0.07178616974562223,21.797653118849013,Medium
Barangay 307,307,2.0,2.0,2,2,2905,100.0,1399.0,1399.0,0.3108703153819928,0.07978365537771294,22.300568874933393,Medium
Barangay 474,474,2.0,2.0,2,2,1009,100.0,1614.0,1614.0,0.34632410261942576,0.09015292597208137,23.062955862869646,High
Barangay 477,477,2.0,2.0,2,2,916,100.0,1082.0,1082.0,0.33535278476598146,0.06399333146904165,21.13730599491302,Medium
Barangay 480,480,2.0,2.0,2,2,628,100.0,1073.0,1073.0,0.3662662473754499,0.06257155183187961,20.98229662993697,Medium
Barangay 479,479,2.0,2.0,2,2,2013,98.41013556047842,3179.0,3128.458209467609,0.36449272608344513,0.18484727863894504,33.21570509826003,High
Barangay 481,481,2.0,2.0,2,2,751,96.2685154533162,1943.0,1870.4972552579336,0.4242523668812104,0.10995074217468949,25.647750061225196,High
Barangay 484,484,2.0,2.0,2,2,687,98.1029292921574,2285.0,2241.6519343257964,0.4186632537216588,0.13675344693731153,28.84681130765916,High
Barangay 483,483,2.0,2.0,2,2,920,100.0,1397.0,1397.0,0.34578627256818106,0.08347434775736978,23.23848400151749,High
Barangay 482,482,2.0,2.0,2,2,656,100.0,864.0,864.0,0.3490374402156333,0.04882518180091381,19.186700800012172,Medium
Barangay 342,342,2.0,2.0,2,2,2288,99.47513941950734,1765.0,1755.7362107543045,0.3235889774583747,0.10636791911268716,26.034077395385296,High
Barangay 343,343,2.0,2.0,2,2,1669,85.22995002150603,3037.0,2588.433582153138,0.3726210985112755,0.16253423445609363,30.11681747983637,High
Barangay 344,344,2.0,2.0,2,2,1398,77.88787277729283,644.0,501.59790068576586,0.31878714133522507,0.030752358744890174,15.420882996154656,Low
Barangay 485,485,2.0,2.0,2,2,900,100.0,1800.0,1800.0,0.37706928318542826,0.10574821990696792,25.414483552709093,High
Barangay 345,345,2.0,2.0,2,2,1188,90.48683402755483,1332.0,1205.2846292470304,0.33916571089389275,0.07394839152547496,21.42851882194484,Medium
Barangay 276,276,2.0,2.0,2,2,827,96.56698534361956,3077.0,2971.3661390231737,0.42758618234388884,0.19456202224544664,35.27249908624141,High
Barangay 134,134,2.0,2.0,2,2,1355,99.99999999999996,1104.0,1103.9999999999995,0.3233431207760139,0.06141093526192917,20.050263714328395,Medium
Barangay 346,346,2.0,2.0,2,2,1179,90.28944744420149,1501.0,1355.2446061374644,0.3363756408377829,0.08031637446596822,21.549007037047815,Medium
Barangay 466,466,2.0,2.0,2,2,752,98.40031319049568,1448.0,1424.8365349983774,0.3665954412111286,0.08112848387336886,22.341821762892103,Medium
Barangay 467,467,2.0,2.0,2,2,497,100.0,1417.0,1417.0,0.3998894791720355,0.07916593960807461,22.38719350804546,Medium
Barangay 465,465,2.0,2.0,2,2,518,100.0,1292.0,1292.0,0.40982616468978,0.0718685945274535,21.710970991737558,Medium
Barangay 274,274,2.0,2.0,2,2,484,50.50644269530116,2062.0,1041.4428483771098,0.439451409994903,0.0700046256915102,16.577041167816503,Low
Barangay 459,459,2.0,2.0,2,2,822,99.99999999999996,1049.0,1048.9999999999995,0.3552022361898628,0.05880135579525317,20.1220834740605,Medium
Barangay 464,464,2.0,2.0,2,2,967,95.85626085310314,3138.0,3007.9694655703765,0.405940597337606,0.18422394596009553,33.24011158451456,High
Barangay 471,471,2.0,2.0,2,2,1437,99.72176847105148,1773.0,1768.0669549917427,0.34708208386751704,0.09979194956745292,24.131096997796018,High
Barangay 249,249,2.0,2.0,2,2,591,92.09006169922638,1750.0,1611.5760797364617,0.397335382559922,0.09480937840847532,23.393679474532625,High
Barangay 500,500,2.0,2.0,2,2,1602,99.69806968445326,1404.0,1399.7608983697237,0.30230779410917696,0.07904265706104391,21.799938652134276,Medium
Barangay 501,501,2.0,2.0,2,2,754,87.0981388368676,941.0,819.5934864549241,0.3410591263761868,0.051793330651130655,18.93881149801942,Medium
Barangay 497,497,2.0,2.0,2,2,1512,99.73560794225658,1601.0,1596.7670831555279,0.33294704402617475,0.08907096281244738,22.815751979783556,Medium
Barangay 499,499,2.0,2.0,2,2,860,97.66621449827058,1435.0,1401.5101780501827,0.34813371957304057,0.09068042468139835,24.620163710048338,High
Barangay 491,491,2.0,2.0,2,2,876,100.0,926.0,926.0,0.3358112676475245,0.05202655293370295,19.34906849338444,Medium
Barangay 490,490,2.0,2.0,2,2,873,98.62683081886306,1048.0,1033.6091869816848,0.3911694073665432,0.06051383532443786,20.89885623767213,Medium
Barangay 489,489,2.0,2.0,2,2,903,100.0,1224.0,1224.0,0.34266266670038165,0.07217355439987556,21.945526516799152,Medium
Barangay 468,468,2.0,2.0,2,2,537,100.0,1364.0,1364.0,0.38161531967069706,0.07647407559918742,22.025258534464918,Medium
Barangay 339,339,2.0,2.0,2,2,1099,99.99999999999996,1551.0,1550.9999999999993,0.35176817549147127,0.0980401143912802,25.561337322630585,High
Barangay 338,338,2.0,2.0,2,2,1144,96.1622735145302,1426.0,1371.2740203172007,0.3372832280863148,0.08757759723922143,24.07114579485097,High
Barangay 336,336,2.0,2.0,2,2,1309,91.62855486732016,1986.0,1819.7430996649784,0.3416841037611735,0.1132800146295009,25.689921648391767,High
Barangay 337,337,2.0,2.0,2,2,1157,95.19848598313796,1203.0,1145.2377863771496,0.322773771351275,0.07162620038413282,21.98507087046792,Medium
Barangay 334,334,2.0,2.0,2,2,1213,96.92947049292565,1467.0,1421.9553321312192,0.33464973990753205,0.09007470920459565,24.334272440579984,High
Barangay 333,333,2.0,2.0,2,2,662,99.99999999999996,1024.0,1023.9999999999995,0.35366795736567225,0.059871642254555844,20.663397975488145,Medium
Barangay 332,332,2.0,2.0,2,2,502,100.0,640.0,640.0,0.34158305446972054,0.03639657042988997,17.973939470361113,Medium
Barangay 335,335,2.0,2.0,2,2,1151,100.0,1078.0,1078.0,0.31597606293469066,0.06262939767743614,20.69381259898172,Medium
Barangay 131,131,2.0,2.0,2,2,1027,99.99999999999996,1258.0,1257.9999999999995,0.32454164190489015,0.07066051548454967,21.078268203195368,Medium
Barangay 127,127,2.0,2.0,2,2,1805,97.4853392639862,574.0,559.5658473752808,0.3053715622193074,0.034339938843262356,18.63425760991961,Medium
Barangay 124,124,2.0,2.0,2,2,1230,99.02329639357576,307.0,304.0015199282776,0.34567821122139036,0.018609056088074418,17.279108363725577,Low
Barangay 510,510,2.0,2.0,2,2,743,96.52314566022145,1010.0,974.8837711682365,0.33435155710616543,0.06017069515444798,20.73360006747809,Medium
Barangay 509,509,2.0,2.0,2,2,877,100.0,814.0,814.0,0.30861266330766074,0.046679550929566986,18.8696976174543,Medium
Barangay 256,256,2.0,2.0,2,2,856,35.27860009097606,1044.0,368.3085849497901,0.3354670951738686,0.021985345478213084,8.527760391598486,Low
Barangay 718,718,2.0,2.0,2,2,343,98.43429932776084,1196.0,1177.2742199600198,0.4151648477920293,0.07033493136364798,22.046751447530415,Medium
Barangay 469,469,2.0,2.0,2,2,567,100.0,2424.0,2424.0,0.448623932402424,0.13483705350922745,28.112924534047234,High
Barangay 487,487,2.0,2.0,2,2,911,100.0,1464.0,1464.0,0.3481475818124367,0.08178564516448479,22.263780184503332,Medium
Barangay 486,486,2.0,2.0,2,2,769,100.0,687.0,687.0,0.3103230389931571,0.038929464493515635,17.97766489581119,Medium
Barangay 396,396,2.0,2.0,2,2,1805,100.0,4237.0,4237.0,0.44449021594937493,0.24067018216469052,38.70344868573031,High
Barangay 395,395,2.0,2.0,2,2,3886,99.79296375387648,1228.0,1225.457594897603,0.304800156022159,0.06954637005674102,21.228583100639,Medium
Barangay 394,394,2.0,2.0,2,2,1065,100.0,1487.0,1487.0,0.3425026779167297,0.08305278705706855,22.345440447139957,Medium
Barangay 393,393,2.0,2.0,2,2,3734,98.09346617045792,4130.0,4051.260152839912,0.331739693347668,0.23122487513538856,37.03682022417658,High
Barangay 392,392,2.0,2.0,2,2,1180,99.99999999999996,1115.0,1114.9999999999995,0.3536246515555859,0.06339745575985048,20.762442698707382,Medium
Barangay 391,391,2.0,2.0,2,2,2555,100.0,2633.0,2633.0,0.3299293407637711,0.14705791440334806,28.495956336940843,High
Barangay 390,390,2.0,2.0,2,2,2625,97.25330381857997,900.0,875.2797343672197,0.3118449634865259,0.05015283240307696,19.135446504646286,Medium
Barangay 388,388,2.0,2.0,2,2,1013,99.9122679315991,1553.0,1551.637520977734,0.35636389873171864,0.08761713139410203,23.01576593621676,High
Barangay 387,387,2.0,2.0,2,2,1449,99.72403481031226,2678.0,2670.6096522201624,0.3563094952276651,0.149889207223358,28.981354830027655,High
Barangay 255,255,2.0,2.0,2,2,903,49.15379520416239,957.0,470.4018201038341,0.32403659971517046,0.029117117670667898,11.221780127097386,Low
Barangay 251,251,2.0,2.0,2,2,384,89.91114630099585,1339.0,1203.9102489703344,0.4168352992285799,0.07619450816249877,22.043687838593968,Medium
Barangay 341,341,2.0,2.0,2,2,1330,98.19323701903352,1615.0,1585.8207778573912,0.3395595972240199,0.10045569178123422,25.641120561973963,High
Barangay 340,340,2.0,2.0,2,2,1146,99.65062088212426,1785.0,1778.763582745918,0.3410375843997013,0.1092544071054377,26.134865675795965,High
Barangay 488,488,2.0,2.0,2,2,890,100.0,818.0,818.0,0.3268875684675223,0.046945556108205534,19.043309149218864,Medium
Barangay 146,146,2.0,2.0,2,2,1498,99.54000072516006,2724.0,2711.46961975336,0.35218015372394595,0.16503042662509798,31.659832423482793,High
Barangay 703,703,2.0,2.0,2,2,2346,38.911271872524864,848.0,329.9675854790109,0.6056927963115188,0.020476206770464012,11.422771886778415,Low
Barangay 511,511,2.0,2.0,2,2,868,97.23177353831824,1129.0,1097.7467232476129,0.3303526060057448,0.06751715042999133,21.538455007671956,Medium
Barangay 233,233,2.0,2.0,2,2,854,80.34710200295234,724.0,581.7130185013749,0.32168652991439,0.03485846968942825,15.720141479744731,Low
Barangay 706,706,2.0,2.0,2,2,1607,70.93719600946005,301.0,213.52095998847477,0.3010651147545104,0.013139357999988084,12.731807555130148,Low
Barangay 705,705,2.0,2.0,2,2,915,96.0662511458834,2696.0,2589.9461308930163,0.3929025811899914,0.15714645851470968,30.40210521153635,High
Barangay 707,707,2.0,2.0,2,2,176,99.9281350250666,1081.0,1080.22313962097,0.5012734405870697,0.06750582358002372,22.94223074773652,High
Barangay 708,708,2.0,2.0,2,2,806,47.439085353914976,788.0,373.81999258885,0.3288808657201036,0.02404530684439725,10.734994851698797,Low
Barangay 713,713,2.0,2.0,2,2,209,85.14210246740342,2091.0,1780.3213625934054,0.630505532599027,0.1091863186466114,25.83514457309226,High
Barangay 710,710,2.0,2.0,2,2,415,85.67644417388126,747.0,640.0030379788931,0.36987250767357116,0.03956009690159439,17.365001744935224,Low
Barangay 711,711,2.0,2.0,2,2,352,62.3736793565415,1308.0,815.8477259835628,0.4195323291178907,0.05173752668010684,15.904726581783093,Low
Barangay 712,712,2.0,2.0,2,2,523,91.49487781197357,1225.0,1120.8122531966762,0.37896850594318643,0.06998215510705463,21.331366852407093,Medium
Barangay 715,715,2.0,2.0,2,2,215,73.95720012734438,217.0,160.4871242763373,0.33741297088930694,0.009819249117282955,12.497668854310712,Low
Barangay 714,714,2.0,2.0,2,2,620,55.04473457221367,1617.0,890.0733580326951,0.38989520074073925,0.05415991709592719,14.759623575018393,Low
Barangay 716,716,2.0,2.0,2,2,197,99.51176925297388,836.0,831.9183909548616,0.4329047691063601,0.05015332395416582,20.38613318858374,Medium
Barangay 717,717,2.0,2.0,2,2,111,100.0,491.0,491.0,0.4451753522141864,0.028016433828333864,17.914258315848368,Medium
Barangay 331,331,2.0,2.0,2,2,5542,84.44181229642027,860.0,726.1995857492143,0.2959810694615667,0.04562990715591999,20.308351315130118,Medium
Barangay 361,361,2.0,2.0,2,2,821,99.99999999999996,726.0,725.9999999999997,0.3242979857318195,0.04258682844720434,18.848232836851437,Medium
Barangay 223,223,2.0,2.0,2,2,754,100.0,1583.0,1583.0,0.3628992631159906,0.09181281115894323,23.765292300763182,High
Barangay 222,222,2.0,2.0,2,2,696,54.73121742286826,1760.0,963.2694266424814,0.37261606782897233,0.05865591704902506,15.049593102376733,Low
Barangay 357,357,2.0,2.0,2,2,826,99.515380656779,553.0,550.3200550319879,0.3048735058053501,0.03204896777358691,17.53193600138536,Low
Barangay 362,362,2.0,2.0,2,2,692,98.25813962129222,290.0,284.94860490174744,0.31511617652327756,0.016240825088228338,15.644033940138454,Low
Barangay 142,142,2.0,2.0,2,2,671,99.64984681686708,1721.0,1714.9738637182825,0.38025773726687634,0.10711003459351592,26.157182178184573,High
Barangay 141,141,2.0,2.0,2,2,278,99.99999999999996,553.0,552.9999999999998,0.3626091562433007,0.03203496326197411,17.84348306392646,Medium
Barangay 226,226,2.0,2.0,2,2,981,95.50309600338906,1201.0,1146.9921830007027,0.32436260934822897,0.06727777410865589,20.697877566111032,Medium
Barangay 229,229,2.0,2.0,2,2,751,79.22337501922865,1825.0,1445.826594100923,0.3837199082000713,0.08849830506462253,21.4077261685747,Medium
Barangay 225,225,2.0,2.0,2,2,620,98.0842276754424,2275.0,2231.416179616315,0.41289171141475034,0.13150231436840226,27.88430534703825,High
Barangay 224,224,2.0,2.0,2,2,1513,99.73583567518376,1078.0,1075.1523085784809,0.3182386764757556,0.06145080872252365,20.39313389687231,Medium
Barangay 138,138,2.0,2.0,2,2,1029,100.0,3217.0,3217.0,0.40324964059677054,0.18543791295081838,33.136042144403675,High
Barangay 230,230,2.0,2.0,2,2,438,50.6214127175297,2376.0,1202.7647661685057,0.4764792244090921,0.07825543289147809,17.46194728679256,Low
Barangay 140,140,2.0,2.0,2,2,1298,100.0,568.0,568.0,0.3107905234673613,0.031801645943229144,17.17261485884071,Low
Barangay 139,139,2.0,2.0,2,2,286,100.0,440.0,440.0,0.35409360920293037,0.02447537274965189,16.694485971853375,Low
Barangay 363,363,2.0,2.0,2,2,955,100.0,616.0,616.0,0.3203916258256436,0.03656370265516485,18.42243078968715,Medium
Barangay 366,366,2.0,2.0,2,2,896,99.85287984532864,1256.0,1254.1521708573277,0.34340571801716946,0.07221966697384548,21.642938005037976,Medium
Barangay 365,365,2.0,2.0,2,2,766,95.32136359680452,1387.0,1322.1073130876787,0.3583492696373252,0.07898959361400372,22.21423076415818,Medium
Barangay 364,364,2.0,2.0,2,2,892,99.55405141640507,2057.0,2047.8268376354524,0.3725063116086181,0.11457226490012339,25.589572344763106,High
Barangay 367,367,2.0,2.0,2,2,1253,97.109266926773,2063.0,2003.3641766993271,0.35916007894321006,0.11441048456994558,25.45207566063712,High
Barangay 356,356,2.0,2.0,2,2,827,99.99999999999996,443.0,442.99999999999983,0.30613524292228145,0.02467559672183536,16.37132134748234,Low
Barangay 369,369,2.0,2.0,2,2,897,100.0,1785.0,1785.0,0.37365223085210825,0.09938599130229092,24.123125448520657,High
Barangay 368,368,2.0,2.0,2,2,1054,100.0,658.0,658.0,0.2914234301603192,0.036601807429887515,17.40377124590023,Low
Barangay 359,359,2.0,2.0,2,2,773,98.43892592984812,459.0,451.8346700180029,0.31956166853628526,0.025321513682170074,16.40520503370583,Low
Barangay 358,358,2.0,2.0,2,2,809,87.650994936814,1167.0,1022.8871109126194,0.348524308297796,0.061920736210901495,19.61717043603736,Medium
Barangay 360,360,2.0,2.0,2,2,1258,94.59418136517417,796.0,752.9696836667864,0.31864997148090196,0.0433594682159135,18.041291265354197,Medium
Barangay 349,349,2.0,2.0,2,2,559,94.72600959533544,548.0,519.0985325824382,0.31270665207291853,0.029048276023783987,16.227255905705494,Low
Barangay 348,348,2.0,2.0,2,2,909,95.5932874424251,955.0,912.9158950751596,0.3182900401552335,0.05223852454223419,18.894914998840022,Medium
Barangay 355,355,2.0,2.0,2,2,1816,98.24212578125169,1118.0,1098.346966234394,0.32174009286450234,0.06159980442380664,19.970816575349904,Medium
Barangay 353,353,2.0,2.0,2,2,1950,90.90067471240798,3010.0,2736.11030884348,0.36157739016766155,0.16449373987432026,30.475981256140994,High
Barangay 354,354,2.0,2.0,2,2,1667,92.83770244910836,2200.0,2042.429453880384,0.34827883998464654,0.12361337936255694,26.666532508066705,High
Barangay 170,170,2.0,2.0,2,2,777,99.99999999999996,1245.0,1244.9999999999995,0.3432511498960149,0.06925417971107241,20.960216447585715,Medium
Barangay 371,371,2.0,2.0,2,2,995,100.0,858.0,858.0,0.3237702032645091,0.047726976861296344,18.725153273747015,Medium
Barangay 347,347,2.0,2.0,2,2,1182,86.6892016406301,1283.0,1112.2224570492842,0.330875169886315,0.06673079974142034,19.862213778234455,Medium
Barangay 352,352,2.0,2.0,2,2,1422,77.65844571960953,1401.0,1087.9948245317296,0.3289051059271883,0.06829317452061257,19.41612398695608,Medium
Barangay 351,351,2.0,2.0,2,2,2038,80.62039457456055,3415.0,2753.1864747212426,0.35026801529413615,0.16834060848631324,29.626383044223264,High
Barangay 350,350,2.0,2.0,2,2,6223,14.53761485634764,8026.0,1166.7889683704616,0.34578839378551135,0.07274255672874701,11.339453688035995,Low
Barangay 610,610,2.0,2.0,2,2,1170,100.0,991.0,991.0,0.3234948871047395,0.05692472985852426,20.045166774505102,Medium
Barangay 614,614,2.0,2.0,2,2,666,100.0,406.0,406.0,0.3147804990197743,0.02266585594726415,16.263364784929795,Low
Barangay 185,185,2.0,2.0,2,2,1371,27.620561025169067,3399.0,938.8228692454966,0.37521542050507,0.06193249887085928,12.178589175252815,Low
Barangay 853,853,2.0,2.0,2,2,296,72.82528987760641,291.0,211.92159354383466,0.30756337370686665,0.011881994247388714,11.780484908266532,Low
Barangay 329,329,2.0,2.0,2,2,651,100.0,459.0,459.0,0.31970469770795007,0.025784550687556914,16.668050558032363,Low
Barangay 852,852,2.0,2.0,2,2,348,99.99999999999996,979.0,978.9999999999995,0.3812432427180526,0.05448034671175759,19.813421247120804,Medium
Barangay 328,328,2.0,2.0,2,2,457,100.0,659.0,659.0,0.34053379974246756,0.036894072138834236,17.859708711057685,Medium
Barangay 327,327,2.0,2.0,2,2,1221,90.53798884169905,1242.0,1124.4818214139023,0.32817635835139103,0.07296604178226539,22.049752994407292,Medium
Barangay 326,326,2.0,2.0,2,2,489,100.0,841.0,841.0,0.352335409812746,0.05029602442367359,19.908961751781632,Medium
Barangay 873,873,2.0,2.0,2,2,1637,100.0,1335.0,1335.0,0.3246479994188988,0.07537900727647284,21.65036491097156,Medium
Barangay 265,265,1.993254637,2.0,1,2,593,100.0,146.0,146.0,0.3103236338326838,0.0091282747755636,16.133936965442373,Low
Barangay 816,816,1.992990654,2.0,1,2,428,99.99999999999996,806.0,805.9999999999997,0.3590097321427197,0.04498196122276909,18.752243459664697,Medium
Barangay 698,698,1.989946777,2.0,1,2,3382,79.47497231133931,1759.0,1397.9647629564583,0.3123929535404165,0.08071938691427545,20.026776208355955,Medium
Barangay 204,204,1.988394584,2.0,1,3,2068,97.51527437939964,1932.0,1883.995101010001,0.3127061897958232,0.10582158675325058,24.141265776775455,High
Barangay 890,890,1.981963928,2.0,1,3,3493,90.98385499965347,1063.0,967.1583786463164,0.30547333613624045,0.05813243269504733,20.326730211792736,Medium
Barangay 252,252,1.97752809,2.0,1,2,356,100.0,925.0,925.0,0.38279955607184674,0.0520730249453458,19.694663251702018,Medium
Barangay 602,602,1.976155268,2.0,1,5,5410,84.21837330456582,2027.0,1707.1064268835491,0.3080423902947018,0.10043197833500735,23.46815475873681,High
Barangay 838,838,1.975987994,2.0,0,7,1999,76.71675296433997,3238.0,2484.0884609853283,0.35345286229755724,0.14295371477000918,25.74559839725102,High
Barangay 637,637,1.975239617,2.0,1,2,1252,99.7189555222582,1320.0,1316.2902128938083,0.33117486434739,0.07407500850073456,21.460999798632706,Medium
Barangay 125,125,1.972624799,2.0,1,2,621,79.37236635730268,3749.0,2975.6700147352776,0.4909038605349511,0.18704955897488793,31.979404344241143,High
Barangay 216,216,1.97007874,2.0,1,2,1270,94.13695559831598,2237.0,2105.843696734328,0.3503389283727209,0.12047229631219329,25.619064111034884,High
Barangay 9,9,1.964980545,2.0,0,3,514,98.1116104344468,453.0,444.44559526804403,0.3256155254173581,0.026757207552691824,17.2511301871529,Low
Barangay 894,894,1.963815789,2.0,1,3,1520,100.0,1724.0,1724.0,0.3292239889922432,0.09617480434081932,23.511851198958432,High
Barangay 720,720,1.95915493,2.0,1,2,2130,61.26094849801799,1604.0,982.6256139082085,0.3344960822834661,0.05623411651266954,15.113509370729842,Low
Barangay 623,623,1.95270936,2.0,1,3,1015,100.0,980.0,980.0,0.32943508010927797,0.05451333021445573,19.426190541634803,Medium
Barangay 900,900,1.95234435,2.0,1,3,2602,96.84645212989356,8689.0,8414.988225566452,0.4081322570994111,0.5146505079696695,66.27427225532607,High
Barangay 667,667,1.938565697,2.0,0,3,7976,47.13671427533146,3010.0,1418.815099687477,0.32143548672705063,0.08727058775223935,18.372163140273166,Medium
Barangay 860,860,1.92885906,2.0,1,2,745,100.0,3480.0,3480.0,0.4572887931862472,0.19556458679470687,34.1844930599409,High
Barangay 658,658,1.927399053,2.0,0,4,9931,44.98165392943768,2793.0,1256.3375942491944,0.3211858688547064,0.07444262919050769,16.15819835357367,Low
Barangay 110,110,1.920067312,2.0,0,4,7131,42.27771897976759,2431.0,1027.7713483981502,0.30406456915144586,0.06003619103810601,13.502978579864624,Low
Barangay 126,126,1.919017955,2.0,0,4,5458,81.92297879972456,913.0,747.9567964414853,0.2925806498532114,0.045671920797483556,18.885840688652774,Medium
Barangay 764,764,1.916841004,2.0,1,3,1912,70.68867113342839,2073.0,1465.3761525959703,0.33436932568488137,0.08698315988776016,19.764315015950938,Medium
Barangay 235,235,1.91563786,2.0,1,2,972,90.8865793913928,1264.0,1148.8063635072049,0.33193773431328016,0.06645064525311693,19.904233022106403,Medium
Barangay 470,470,1.909473299,2.0,1,2,10936,99.451524964866,1487.0,1478.8441762275575,0.2859397082857305,0.08363890625586817,22.92969837029526,High
Barangay 101,101,1.901875902,2.0,0,4,4158,55.17350824105141,13659.0,7536.149490645212,0.4024189299266861,0.4499371695019964,53.92091228493761,High
Barangay 87,87,1.895054282,2.0,1,2,829,95.23640397882134,1639.0,1560.9246612128818,0.3642171643374735,0.10092446543046314,25.354060336149715,High
Barangay 899,899,1.894259819,2.0,1,3,662,100.0,1569.0,1569.0,0.3777132816488264,0.08762743534484552,23.04306435184467,High
Barangay 304,304,1.887399464,2.0,1,2,1119,98.21001777528222,307.0,301.5047545701164,0.30871442736868265,0.017395145758549554,15.915223485988378,Low
Barangay 875,875,1.884022709,2.0,1,2,1233,100.0,1003.0,1003.0,0.3245919667527048,0.05579272469906774,19.51422783856479,Medium
Barangay 389,389,1.883424408,2.0,1,2,1647,99.99999999999996,1788.0,1787.9999999999993,0.35906056859624097,0.09980731177508183,24.09872154500944,High
Barangay 270,270,1.882985878,2.0,1,2,1487,99.95181618534492,954.0,953.5403264081906,0.32164459746931556,0.06034929591090085,21.96496581392576,Medium
Barangay 43,43,1.875968992,2.0,1,2,516,54.12984021015623,2949.0,1596.2889877975074,0.4839075929243401,0.09387819550218585,18.97355882956969,Medium
Barangay 178,178,1.867986799,2.0,0,2,909,100.0,1324.0,1324.0,0.3413934907732546,0.07373282568958162,21.394594373073613,Medium
Barangay 173,173,1.866174056,2.0,1,2,1218,67.05719211890873,1704.0,1142.6545537062048,0.3482641967039631,0.06764560074597681,17.305002121243298,Low
Barangay 702,702,1.865362486,2.0,1,2,1738,88.03358204476324,3572.0,3144.5595506389427,0.3709359648874882,0.18330174290496296,31.423351377999364,High
Barangay 213,213,1.86410055,2.0,1,2,1273,99.25597654281697,3037.0,3014.4040076053516,0.37594479728406904,0.17054534221527082,31.17617071060699,High
Barangay 385,385,1.858201415,2.0,0,2,2969,99.99999999999996,3549.0,3548.9999999999986,0.3410939626486556,0.20023456715783605,33.980842401904106,High
Barangay 220,220,1.849462366,2.0,1,2,2139,91.16255851674644,1290.0,1175.997004866029,0.3203772182636558,0.06795011820168188,20.20360334645402,Medium
Barangay 133,133,1.84938762,2.0,0,3,3021,95.56266463263368,2317.0,2214.1869395381227,0.32963076361033944,0.12703119491087844,26.59745481833717,High
Barangay 161,161,1.847372811,2.0,1,2,1199,74.60620860637798,876.0,653.550387391871,0.31803479547348495,0.03931251998104305,15.502999497732844,Low
Barangay 620,620,1.847098214,2.0,1,3,896,100.0,736.0,736.0,0.3277436732820547,0.04124982448684753,18.214661729745114,Medium
Barangay 261,261,1.846774194,2.0,1,2,620,100.0,800.0,800.0,0.34706119269048613,0.04802924450880123,19.7423975468359,Medium
Barangay 898,898,1.844769874,2.0,1,3,2390,91.80350234582042,7812.0,7171.689603255491,0.4104152782652877,0.4177089085754635,55.10671780710075,High
Barangay 828,828,1.841781874,2.0,1,2,651,99.99999999999996,2715.0,2714.9999999999986,0.4406626369287605,0.15102417503192725,29.624774486647894,High
Barangay 805,805,1.83248731,2.0,1,3,788,60.07981826456628,1396.0,838.7142629733452,0.36588732799396767,0.05437480819709766,15.805270158691611,Low
Barangay 668,668,1.824847903,2.0,0,3,6246,41.37961700975544,2905.0,1202.0778741333957,0.32055810927243794,0.07266705521923918,15.224765849469899,Low
Barangay 253,253,1.823036649,2.0,1,2,955,81.62469307085672,1339.0,1092.9546402187716,0.34802297592208026,0.06582091060993893,19.17731185602049,Medium
Barangay 638,638,1.8095806,2.0,1,2,5031,99.7510682635369,828.0,825.9388452220854,0.33063249767765374,0.046060644973848645,18.668120819488827,Medium
Barangay 619,619,1.794897324,2.0,0,3,8035,99.96572831507254,1288.0,1287.5585806981344,0.307025260085919,0.07484631759415679,23.437817275412037,High
Barangay 877,877,1.794416244,2.0,1,3,1182,100.0,805.0,805.0,0.2984556645808555,0.045291874245942415,18.451185987232,Medium
Barangay 901,901,1.794019934,2.0,1,2,301,100.0,1616.0,1616.0,0.4814067702529754,0.09046694583874769,24.105773783046004,High
Barangay 896,896,1.786073501,2.0,1,3,5170,99.845416169699,1371.0,1368.8806556865734,0.3145731161284613,0.08088245047763641,23.9737780529625,High
Barangay 132,132,1.782531194,2.0,0,3,1683,99.1701400333024,1151.0,1141.4483117833106,0.3362008302048349,0.06480682851109655,20.69699011897665,Medium
Barangay 786,786,1.779631255,2.0,1,3,1139,85.29666118062283,1476.0,1258.978719025993,0.34658774736993275,0.07200510516335254,19.72829032184914,Medium
Barangay 905,905,1.774356618,2.0,1,3,6528,62.40764378331448,7428.0,4635.639780224599,0.3406159549857459,0.2742632911601812,37.7802910009508,High
Barangay 231,231,1.774226804,2.0,1,2,970,95.99594446731729,1389.0,1333.3836686510372,0.337805697092797,0.0780937217399875,21.892816160694476,Medium
Barangay 169,169,1.772186642,2.0,1,2,1093,100.0,1100.0,1100.0,0.3453650141452304,0.06118843187330103,20.193055966383394,Medium
Barangay 837,837,1.77186164,2.0,0,3,2573,99.06824212485424,3188.0,3158.2955589403527,0.34605897910955447,0.1772911236507069,31.537891575654054,High
Barangay 258,258,1.761363636,2.0,1,2,880,63.13852564351692,708.0,447.0207615560998,0.31104601131028065,0.026569416403857515,12.475966781076412,Low
Barangay 61,61,1.755428571,2.0,0,3,1750,98.4570430393503,1087.0,1070.2280578377379,0.3267386313983824,0.06066640252501292,20.113772660487456,Medium
Barangay 236,236,1.752405949,2.0,1,2,1143,98.55115512452971,603.0,594.2634654009141,0.30916883878183904,0.034731692428615304,17.82414416882359,Medium
Barangay 171,171,1.746061168,2.0,1,2,1079,100.0,1026.0,1026.0,0.33096845410094655,0.05707211918367976,19.686018012211374,Medium
Barangay 622,622,1.744466801,2.0,1,3,994,100.0,1229.0,1229.0,0.34603892932988173,0.06882989547726195,21.023123536855437,Medium
Barangay 135,135,1.734883721,2.0,0,2,1290,98.76591046060258,1946.0,1921.9846175633263,0.3542097471259522,0.10811545900522786,24.813735252210563,High
Barangay 607,607,1.732304417,2.0,1,3,1879,75.56874764474655,1443.0,1090.4570285136926,0.3206188938756933,0.06868899565136546,19.372893430728737,Medium
Barangay 383,383,1.728274174,2.0,1,2,817,100.0,2529.0,2529.0,0.41261321097339576,0.14272706336366794,28.774918775324544,High
Barangay 768,768,1.724665392,2.0,1,3,1046,100.0,1403.0,1403.0,0.359290228784151,0.08153180302878898,22.831064698136462,Medium
Barangay 881,881,1.723901882,2.0,1,2,1753,99.99999999999622,2443.0,2442.9999999999077,0.3535312220236387,0.13589394460520557,27.50566184241278,High
Barangay 175,175,1.719047619,2.0,0,3,1470,100.0,996.0,996.0,0.3272859919082666,0.05565704760194809,19.58863183270646,Medium
Barangay 641,641,1.710211067,2.0,1,2,3506,99.77277031841906,805.0,803.1708010632735,0.3147869728064148,0.04528335151359533,18.737055843365866,Medium
Barangay 172,172,1.702209945,2.0,0,2,1810,100.0,1038.0,1038.0,0.3174440881721556,0.05773962934956429,19.649855410963816,Medium
Barangay 272,272,1.695488722,2.0,1,2,798,79.71629302110493,1103.0,879.2707120227874,0.3536858298487173,0.057186029557223655,18.838250773858288,Medium
Barangay 176,176,1.691873589,2.0,0,3,1772,100.0,1312.0,1312.0,0.33127675065905143,0.07298111147059438,21.23260146793852,Medium
Barangay 839,839,1.68137895,2.0,0,3,3829,100.0,2052.0,2052.0,0.3246169137451917,0.11759866012016644,26.332672435587185,High
Barangay 234,234,1.677555959,2.0,1,2,1653,88.31969983800577,2013.0,1777.8755577390561,0.34820556132036334,0.10411988649027724,23.654077554746287,High
Barangay 617,617,1.67571885,2.0,1,2,1252,100.0,1300.0,1300.0,0.35979147934929284,0.07389210423713004,21.830202257409205,Medium
Barangay 902,902,1.669473684,2.0,1,2,475,100.0,1337.0,1337.0,0.40065981716733656,0.07547758219197762,22.134391894995794,Medium
Barangay 219,219,1.658090724,2.0,1,2,1477,98.91560054045505,1117.0,1104.887258036883,0.33342031531736854,0.06301582984914365,20.51512998185685,Medium
Barangay 269,269,1.651190476,2.0,0,2,1680,100.0,1095.0,1095.0,0.33828538856990437,0.06181245647239383,20.435678519935767,Medium
Barangay 866,866,1.650182279,2.0,1,3,6309,100.0,4046.0,4046.0,0.3308016063185995,0.22640310436916633,36.360149205199896,High
Barangay 136,136,1.648389904,2.0,0,2,1149,100.0,1302.0,1302.0,0.3488578847177261,0.07440286017937638,21.85808478868776,Medium
Barangay 897,897,1.643361845,2.0,1,3,2689,99.99999999999996,2184.0,2183.999999999999,0.3345653410178487,0.12152848233865836,25.976867448259654,High
Barangay 604,604,1.642857143,2.0,1,3,798,92.1521599907478,1581.0,1456.9256494537228,0.3764905763710633,0.08391553815604702,22.01788135190691,Medium
Barangay 94,94,1.640613027,2.0,0,5,3915,57.15977435362577,2117.0,1210.0724230662574,0.32390479539952427,0.07234676362765875,16.942545418186334,Low
Barangay 704,704,1.638268156,2.0,1,2,1432,68.70562743476923,5339.0,3668.1934487423287,0.4322410287643801,0.22433743064714798,33.763170518930295,High
Barangay 137,137,1.634408602,2.0,0,2,1209,100.0,1060.0,1060.0,0.3443530728657153,0.059004791973015086,19.982906972599228,Medium
Barangay 820,820,1.632686981,2.0,1,2,1805,100.0,1362.0,1362.0,0.3308516841125453,0.0757624038284466,21.49940778221276,Medium
Barangay 850,850,1.613107822,2.0,1,2,473,100.0,2655.0,2655.0,0.5008104359708546,0.14910035889825107,29.977925196550903,High
Barangay 624,624,1.607621009,2.0,1,3,971,100.0,1510.0,1510.0,0.363151310633381,0.08406850268825668,22.557376614221383,Medium
Barangay 861,861,1.60617284,2.0,1,2,810,99.99999999999996,1131.0,1130.9999999999995,0.3568396775442865,0.06291283313516936,20.44610006978091,Medium
Barangay 609,609,1.571801567,2.0,1,2,1149,100.0,859.0,859.0,0.32638153617490845,0.04843821514730313,18.992506799677393,Medium
Barangay 227,227,1.571736785,2.0,1,2,1854,100.0,1726.0,1726.0,0.33798818472272174,0.09697621237486159,23.78030842929269,High
Barangay 167,167,1.570931245,2.0,1,2,1149,93.54910082696524,955.0,893.3939128975181,0.3389035143011889,0.052908867269416016,19.32492156308461,Medium
Barangay 86,86,1.559854897,2.0,1,2,827,94.15805144671508,1662.0,1564.9068150444045,0.38522270883594095,0.09949894109437103,25.011775512400035,High
Barangay 606,606,1.550689376,2.0,1,3,1233,73.81422092487001,443.0,326.99699869717415,0.31467306090053,0.019398131423900584,13.29736993993644,Low
Barangay 878,878,1.543113102,2.0,1,2,893,100.0,504.0,504.0,0.30744522844516115,0.028540252868136187,16.9516823608688,Low
Barangay 903,903,1.525358852,2.0,1,2,1045,100.0,3879.0,3879.0,0.4377462084223616,0.21577266112272667,35.88812372161889,High
Barangay 168,168,1.517384106,2.0,1,2,1208,100.0,1154.0,1154.0,0.3358886124688552,0.06428259903208271,20.441433249747558,Medium
Barangay 664,664,1.508557457,1.0,0,3,5726,95.30079661055706,555.0,528.9194211885916,0.3252730359701293,0.03091218649028524,18.300627541917812,Medium
Barangay 314,314,1.50070922,2.0,1,2,2115,96.40250334026967,1630.0,1571.3608044463956,0.32826831252685124,0.08927350297024077,22.714344403538153,Medium
Barangay 656,656,1.480386052,2.0,0,6,12848,50.69945375125234,519.0,263.1301649689997,0.33411335576119594,0.01539118599328859,11.445546811932635,Low
Barangay 843,843,1.479753521,1.0,1,2,1136,100.0,9355.0,9355.0,0.5911393433483698,0.5203798001547004,66.60132560153181,High
Barangay 904,904,1.47834275,1.0,1,2,531,100.0,1799.0,1799.0,0.426688607833322,0.1113122679967105,26.76740445956394,High
Barangay 93,93,1.472633979,2.0,0,3,1754,74.58883568157229,4586.0,3420.6440043569055,0.4081420182933848,0.20303567937016678,32.0679835532222,High
Barangay 784,784,1.443125618,2.0,0,3,1011,100.0,3425.0,3425.0,0.4286555295760948,0.1914711911455573,33.522859465607866,High
Barangay 892,892,1.430079156,1.0,1,2,1137,99.99999999998695,1294.0,1293.9999999998313,0.3591428257073824,0.07310123301759694,21.65416881850625,Medium
Barangay 313,313,1.425541724,1.0,1,2,2169,99.81604267126778,3587.0,3580.4014506183753,0.3822787642390457,0.20953887837198748,35.80313103349904,High
Barangay 271,271,1.415547416,1.0,0,2,2457,100.0,1315.0,1315.0,0.38337289881213166,0.08024236136432707,24.254523896647424,High
Barangay 628,628,1.408893119,2.0,0,3,7354,85.6499466631475,16279.0,13942.954817293781,0.3929551768095137,0.8452050559712375,98.35986437166382,High
Barangay 98,98,1.395759717,2.0,0,2,566,98.15155808145116,1877.0,1842.304745188838,0.427098033867323,0.10461430593673786,24.991712029847832,High
Barangay 177,177,1.379046926,1.0,0,3,5498,84.38715738754675,3440.0,2902.9182141316082,0.3394968204315317,0.1656375724286831,29.115169154959208,High
Barangay 842,842,1.370955012,1.0,1,2,1267,100.0,2831.0,2831.0,0.39224250230192886,0.15822884904786466,30.02785840988543,High
Barangay 636,636,1.36971831,2.0,0,3,3408,97.26463526266367,2025.0,1969.6088640689395,0.33450073959947174,0.11245992240213276,25.386677519758578,High
Barangay 275,275,1.365465214,1.0,0,6,10737,29.280518004210844,20995.0,6147.444754984066,0.38512117110818495,0.36537504480603683,42.45740742137066,High
Barangay 829,829,1.364618801,1.0,0,2,6755,91.355492143078,4375.0,3996.8027812596624,0.3405020971134536,0.23856230371918108,39.121354838433405,High
Barangay 52,52,1.363636364,2.0,0,2,1056,100.0,2249.0,2249.0,0.3803458009658547,0.12755406301262848,27.142303676654567,High
Barangay 721,721,1.357957733,1.0,0,2,5347,81.41145172610108,583.0,474.6287635631693,0.321547719880312,0.02830139740553095,16.551707515884384,Low
Barangay 788,788,1.343971631,1.0,1,2,564,100.0,933.0,933.0,0.37131929529836444,0.05189891539807465,19.48507020430745,Medium
Barangay 831,831,1.337660464,1.0,0,3,6933,91.7998305809401,3678.0,3376.3977687669767,0.34049414446028137,0.19576127727752243,33.87573762688017,High
Barangay 330,330,1.329680365,1.0,1,2,1095,100.0,2949.0,2949.0,0.4235305367944819,0.16468043881082067,30.872203767622935,High
Barangay 862,862,1.328151986,1.0,1,2,1737,99.99999999999996,2525.0,2524.999999999999,0.3691624276146031,0.14107115991562316,28.19563274221948,High
Barangay 851,851,1.313240043,1.0,1,2,929,78.86843329191244,1121.0,884.1151372023385,0.36186378414642845,0.05211147003111477,17.358930943093913,Low
Barangay 835,835,1.311111111,1.0,1,3,3735,99.68225332515787,2943.0,2933.648715359396,0.34967092447900594,0.1661005156122165,30.841111628230756,High
Barangay 99,99,1.301158301,2.0,0,3,518,87.37611180418217,3682.0,3217.188436629988,0.5384487993279548,0.18101585396739753,31.787275122143182,High
Barangay 214,214,1.291798107,1.0,1,2,634,99.99999999999996,1323.0,1322.9999999999993,0.38171317664579335,0.07408123193187292,21.784718703200934,Medium
Barangay 221,221,1.290836653,1.0,1,2,1004,99.99976273198216,3395.0,3394.991944750794,0.4338339396926622,0.19512862653421859,34.26326591538895,High
Barangay 118,118,1.263937897,1.0,0,3,5668,14.296156266062969,10891.0,1556.9943789369179,0.3853078975171134,0.09565375175999652,13.681754796521703,Low
Barangay 648,648,1.249851983,1.0,0,2,1689,97.39783039094698,9086.0,8849.566869321443,0.529859257720407,0.5295535844169951,67.88079187099471,High
Barangay 264,264,1.238416988,1.0,1,2,1036,99.61342045492894,2758.0,2747.3381361469405,0.41705620917175734,0.15999409646224613,30.852718949012964,High
Barangay 123,123,1.232987604,1.0,0,2,3953,8.910726397870395,8879.0,791.1833968669123,0.39841399695495155,0.04661815139783854,7.945034277164675,Low
Barangay 660,660,1.230905861,1.0,0,2,2252,100.0,387.0,387.0,0.33550845799120044,0.02183535633289675,16.56878181862053,Low
Barangay 20,20,1.223005928,1.0,0,3,13327,23.628009847751304,43691.0,10323.313782581023,0.3468747626530711,0.606676395994949,67.54239858964867,High
Barangay 872,872,1.199790795,1.0,1,2,956,84.09767240722363,1950.0,1639.9046119408606,0.39314626004603404,0.0921928622761345,21.681464394597754,Medium
Barangay 30,30,1.198294243,1.0,0,2,469,16.30277224595277,170.0,27.71471281811971,0.33642563426389405,0.001596862676536852,3.944480968062842,Low
Barangay 830,830,1.164180885,1.0,0,3,16762,94.9907748505125,5407.0,5136.15119616721,0.3372147245247288,0.29699404994969847,45.95265658564356,High
Barangay 232,232,1.159866221,1.0,1,2,1495,45.73904333661174,1871.0,855.7775008280057,0.36895338928328014,0.053648508965060654,13.723814236142415,Low
Barangay 699,699,1.158379138,1.0,0,2,7823,23.118874217236613,2733.0,631.8388323570766,0.3296912932749812,0.03779937275807998,9.040673073678352,Low
Barangay 659,659,1.150963597,1.0,0,2,5604,99.28758584872328,439.0,435.8725018758952,0.3376319238148892,0.024769189165387787,17.29130724670445,Low
Barangay 50,50,1.14770318,1.0,1,2,1415,100.0,3806.0,3806.0,0.41062323373689863,0.21823531745932442,36.36950967898171,High
Barangay 29,29,1.137671233,1.0,0,3,2920,18.07632643610101,4422.0,799.3351550043866,0.37638834094068513,0.04801423599373587,9.236304389844635,Low
Barangay 306,306,1.136329958,1.0,0,2,4049,99.94134279695928,1273.0,1272.2532938052916,0.33694945187434766,0.07157543525716213,21.45214559409771,Medium
Barangay 651,651,1.134493671,1.0,0,3,6952,46.24305517558884,2033.0,940.1213117197212,0.3258300638616787,0.055449967535005355,13.987755578605581,Low
Barangay 804,804,1.130663857,1.0,0,2,949,8.509497682833448,1331.0,113.2614141585132,0.3758361348169694,0.006592922700312508,3.7422331319268336,Low
Barangay 148,148,1.11907597,1.0,0,2,4199,85.49091231596346,1827.0,1561.9189680126522,0.3306315636153366,0.09072869713451653,22.234225672370016,Medium
Barangay 640,640,1.115293561,1.0,0,2,4224,100.0,2179.0,2179.0,0.34428533027061636,0.12141984852304764,26.08236050714589,High
Barangay 237,237,1.083521445,1.0,1,2,886,83.90711704026891,223.0,187.1128709997997,0.3122461523018381,0.011543134640037861,14.185958361721307,Low
Barangay 257,257,1.081318681,1.0,1,2,455,99.50826175733869,1341.0,1334.4057901659119,0.42617774838954353,0.07899565858767088,23.067084919065575,High
Barangay 150,150,1.077084426,1.0,0,2,1907,57.24207084751113,1922.0,1100.192601689164,0.35416004209728014,0.06808494013269241,16.68358623067481,Low
Barangay 384,384,1.068787618,1.0,0,2,2326,92.18281368808977,3830.0,3530.601764253838,0.3874027754656455,0.19908014031457313,33.15770935536768,High
Barangay 55,55,1.063742289,1.0,0,2,1459,93.25413663998496,2427.0,2263.277896252435,0.38262475768026,0.12933871813152545,26.618006791333578,High
Barangay 386,386,1.063282572,1.0,0,2,2955,99.45944272966668,1245.0,1238.2700619843501,0.34347426245630674,0.06917892279539216,20.984303010254585,Medium
Barangay 305,305,1.05744823,1.0,1,2,1497,100.0,899.0,899.0,0.36681494871368536,0.05161997297997164,19.90350477161704,Medium
Barangay 147,147,1.055373967,1.0,0,3,5201,88.00935760066483,2023.0,1780.4293042614495,0.33631532554587595,0.1024367833627623,23.666357456194778,High
Barangay 650,650,1.041981132,1.0,0,2,4240,46.46241001001306,4889.0,2271.5472253895387,0.36479975518808594,0.13577802366837136,21.903388810425515,Medium
Barangay 303,303,1.041939207,1.0,0,2,2599,99.99999999999996,738.0,737.9999999999997,0.345482200078521,0.043234175891161,19.54804942292519,Medium
Barangay 163,163,1.037589829,1.0,1,2,1809,70.36102703955471,3850.0,2708.8995410228563,0.4003068335529005,0.17041053510467397,29.025542438530827,High
Barangay 217,217,1.037333333,1.0,1,2,1125,99.5495790310059,1025.0,1020.3831850678106,0.350950763492558,0.057089390261524924,19.855201098373254,Medium
Barangay 218,218,1.036625971,1.0,1,2,901,98.5240842259546,339.0,333.9966455259861,0.3443501233177726,0.01967450604446042,16.653709639545603,Low
Barangay 874,874,1.024114931,1.0,1,2,1949,100.0,2030.0,2030.0,0.36476503654916753,0.1129269042732786,25.361097929633523,High
Barangay 162,162,1.010626993,1.0,1,2,941,93.42290697932482,586.0,547.4582348988434,0.3535177944836451,0.030819292551041506,16.618812224866303,Low
Barangay 145,145,1.009929078,1.0,0,2,705,100.0,1109.0,1109.0,0.3863877798116812,0.06191568064727402,20.60927015670372,Medium
Barangay 254,254,1.009803922,1.0,1,2,1938,75.20024422351294,3513.0,2641.7845795720095,0.3882381389474001,0.16772212837522907,29.583545612770866,High
Barangay 262,262,1.006700168,1.0,1,2,1791,100.0,3638.0,3638.0,0.44920743122777923,0.20796124831550342,35.6689458862556,High
Barangay 174,174,1.003898635,1.0,1,2,1026,87.16763719780647,751.0,654.6289553555266,0.3572314246533194,0.0395451274409135,17.506658461100454,Low
Barangay 863,863,1.002680965,1.0,1,2,1492,99.99999999999994,1492.0,1491.999999999999,0.36402680114237634,0.08308994016874831,22.475581308250685,Medium
Barangay 53,53,1.001019368,1.0,1,2,981,100.0,3218.0,3218.0,0.4450712518647246,0.18286841297688225,33.011469222387504,High
Barangay 867,867,1.000837521,1.0,1,2,1194,99.99999999999994,2396.0,2395.9999999999986,0.4034236427409315,0.13327952978883015,27.624321729710477,High
Barangay 259,259,1.0,1.0,1,1,2711,100.0,2014.0,2014.0,0.3537204378036443,0.11499784342982762,26.03960887140429,High
Barangay 243,243,1.0,1.0,1,1,593,100.0,338.0,338.0,0.3390754720673737,0.021070615792885675,17.47554583990578,Low
Barangay 295,295,1.0,1.0,1,1,1034,100.0,1417.0,1417.0,0.37285384246736664,0.07901121136551727,22.158217851188162,Medium
Barangay 294,294,1.0,1.0,1,1,2030,100.0,1905.0,1905.0,0.3625280983928427,0.10738693370130115,25.041969945645675,High
Barangay 300,300,1.0,1.0,1,1,514,91.47940101726525,1341.0,1226.738767641527,0.4345266693759314,0.06947060884825763,20.759273239936764,Medium
Barangay 299,299,1.0,1.0,1,1,1289,100.0,1447.0,1447.0,0.3734011685023795,0.08158292311746786,22.56879832156983,Medium
Barangay 846,846,1.0,1.0,1,1,564,82.53415350078096,1996.0,1647.381703875588,0.4545068903306433,0.09346490714493004,22.123232359464346,Medium
Barangay 289,289,1.0,1.0,1,1,1781,100.0,1352.0,1352.0,0.37122769191853117,0.07581012251527347,21.93671112668979,Medium
Barangay 845,845,1.0,1.0,1,1,697,92.03655569559544,1527.0,1405.3982054717424,0.4115713610319964,0.079660072467078,21.672330211129584,Medium
Barangay 844,844,1.0,1.0,1,1,1326,78.73879534696052,4285.0,3373.957380617258,0.44855612078907053,0.19811729711912737,32.21313675271952,High
Barangay 54,54,1.0,1.0,1,1,1082,100.0,1818.0,1818.0,0.391525559087374,0.10199877240068755,24.608426003669372,High
Barangay 818,818,1.0,1.0,1,1,567,100.0,1424.0,1424.0,0.41569090390192037,0.07921120635218333,22.46749608277905,Medium
Barangay 266,266,1.0,1.0,1,1,1084,100.0,2072.0,2072.0,0.40562182625260973,0.11635169065945805,26.118436112656372,High
Barangay 818-A,818,1.0,1.0,1,1,334,100.0,1659.0,1659.0,0.4992967627055262,0.09228328043408869,24.36050616177906,High
Barangay 819,819,1.0,1.0,1,1,583,100.0,2280.0,2280.0,0.46771644757484054,0.1268269315186131,27.477907086607555,High
Barangay 792,792,1.0,1.0,1,1,1216,100.0,2648.0,2648.0,0.40512402288949984,0.15720891651857938,30.86052698050179,High
Barangay 783,783,1.0,1.0,1,1,1089,92.40730385891057,2341.0,2163.2549833370963,0.4069256298819089,0.12667742099478088,26.680784911140325,High
Barangay 782,782,1.0,1.0,1,1,1007,100.0,1619.0,1619.0,0.38858053628388406,0.09071545342554548,23.471603576742677,High
Barangay 780,780,1.0,1.0,1,1,1271,99.99999999999996,2340.0,2339.999999999999,0.3926569498041161,0.13482005578609405,28.18267085958423,High
Barangay 781,781,1.0,1.0,1,1,1308,98.47708854965396,4337.0,4270.951330398492,0.4417624444482157,0.26562387185360514,42.183288731677706,High
Barangay 791,791,1.0,1.0,1,1,1108,98.7251720423368,2060.0,2033.738544072138,0.3939843558798664,0.12718825827708655,28.371421461743058,High
Barangay 778,778,1.0,1.0,1,1,621,4.853626040485542,1860.0,90.27744435303109,0.4301455044510314,0.006085749271287547,3.700546127535513,Low
Barangay 776,776,1.0,1.0,1,1,1255,72.92576459753363,4606.0,3358.960717362399,0.45313203382215866,0.21542881735459343,34.10780367723451,High
Barangay 793,793,1.0,1.0,1,1,926,100.0,1735.0,1735.0,0.3939719205881212,0.10064525312589943,24.893463233649722,High
Barangay 302,302,1.0,1.0,1,1,415,100.0,766.0,766.0,0.40064472095572556,0.04391452826012024,19.21046137967727,Medium
Barangay 228,228,1.0,1.0,1,1,607,100.0,2697.0,2697.0,0.474441706820733,0.1512736426496139,29.98625831245138,High
Barangay 239,239,1.0,1.0,1,1,908,100.0,1631.0,1631.0,0.3867392658801328,0.10258233644342134,26.05862250841397,High
Barangay 240,240,1.0,1.0,1,1,540,99.99999999999996,91.0,90.99999999999996,0.3651856818025305,0.005321187132307947,15.422951184362468,Low
Barangay 241,241,1.0,1.0,1,1,3457,73.56451340806532,303.0,222.90047562643792,0.31841522059533117,0.014263633339824439,14.911498233766205,Low
Barangay 247,247,1.0,1.0,1,1,568,100.0,876.0,876.0,0.3912292968941305,0.05442706868000779,21.046962043183328,Medium
Barangay 245,245,1.0,1.0,1,1,398,98.48583378071196,318.0,313.184951422664,0.3630967977310999,0.019256209608034678,17.01370655932553,Low
Barangay 248,248,1.0,1.0,1,1,347,97.66585214186192,173.0,168.96192420542113,0.3167088612213713,0.010020137805735532,15.291730931206473,Low
Barangay 246,246,1.0,1.0,1,1,743,99.62328830994252,1258.0,1253.260966939077,0.3873078852677196,0.07604277269979894,22.888783230420326,Medium
Barangay 642,642,1.0,1.0,1,1,2244,99.82154041154853,1355.0,1352.5818725764825,0.3534797111249166,0.0753363620606197,21.629029313945725,Medium
Barangay 165,165,1.0,1.0,1,1,906,94.04361884548102,903.0,849.2138781746936,0.35867964076628994,0.04820806317569762,18.516075808630777,Medium
Barangay 152,152,1.0,1.0,1,1,1010,100.0,6016.0,6016.0,0.5290562132221814,0.33652737113263903,48.36056083543815,High
Barangay 153,153,1.0,1.0,1,1,841,98.80721826947313,1658.0,1638.2236789078645,0.3878534039936185,0.09314072542992148,23.712025163114788,High
Barangay 166,166,1.0,1.0,1,1,1344,100.0,860.0,860.0,0.3507448100169523,0.04949053153001338,19.58335807941548,Medium
Barangay 238,238,1.0,1.0,1,1,662,100.0,390.0,390.0,0.35351154408686364,0.021885491121558492,16.531368207424478,Low
Barangay 158,158,1.0,1.0,1,1,963,95.4783335572484,2037.0,1944.89365456115,0.40363439641610954,0.11319013918649884,25.64466793910718,High
Barangay 164,164,1.0,1.0,1,1,1064,61.15664072646823,1824.0,1115.4971268507807,0.38829773591659306,0.06983508085727629,17.468642883093967,Low
Barangay 871,871,1.0,1.0,1,1,505,100.0,2480.0,2480.0,0.49499767505948417,0.13795210095002192,28.76147546770005,High
Barangay 160,160,1.0,1.0,1,1,602,87.36468749684664,1399.0,1222.2319780808846,0.41416426875206874,0.06959092609719496,20.153577844558882,Medium
Barangay 157,157,1.0,1.0,1,1,721,88.18472972048122,1409.0,1242.5228417615804,0.39293614404686367,0.07301850482687043,20.758923038071657,Medium
Barangay 864,864,1.0,1.0,1,1,800,99.49447862794976,822.0,817.844614321747,0.36577844816595295,0.0463372492959444,19.0469145314691,Medium
Barangay 859,859,1.0,1.0,1,1,1377,99.36701672771414,1377.0,1368.2838203406238,0.3647580557328763,0.07732773948213557,22.05122691492532,Medium
Barangay 858,858,1.0,1.0,1,1,592,99.99999999999996,718.0,717.9999999999997,0.37488091797763795,0.039939358259310144,18.350745919693754,Medium
Barangay 869,869,1.0,1.0,1,1,999,95.59005376324124,2078.0,1986.361317200153,0.40180373972515165,0.11284451558348141,25.32710562352553,High
Barangay 870,870,1.0,1.0,1,1,954,99.99999999999996,3139.0,3138.9999999999986,0.44257623750028513,0.17460953422651396,31.928484423076135,High
Barangay 848,848,1.0,1.0,1,1,1643,100.0,1589.0,1589.0,0.3628858565586776,0.08853363628818851,23.00375415529385,High
Barangay 159,159,1.0,1.0,1,1,549,65.39940928482204,1595.0,1043.1205780929115,0.42898679721710026,0.06580452503760491,17.8124963859371,Medium
Barangay 155,155,1.0,1.0,1,1,720,96.12809390536,3292.0,3164.536851364451,0.4834663870657952,0.17855560442632057,32.282382385659034,High
Barangay 154,154,1.0,1.0,1,1,969,94.9534326560386,774.0,734.9395687577388,0.34868765442463134,0.04302555912496209,18.42709367392397,Medium
Barangay 847,847,1.0,1.0,1,1,1624,98.88652400272106,3132.0,3097.125931765224,0.39889419257456366,0.1724588177071618,31.270514611288565,High
Barangay 156,156,1.0,1.0,1,1,1734,89.91592311825562,1627.0,1462.932069134019,0.3622191532508668,0.08845320599598451,22.965613345314758,High
Barangay 242,242,1.0,1.0,1,1,951,100.0,454.0,454.0,0.3470368071991841,0.0259422392839375,17.111731479908457,Low
Barangay 250,250,1.0,1.0,1,1,1399,100.0,1232.0,1232.0,0.36183347205903393,0.06947437034031796,21.318176816785854,Medium
Barangay 263,263,1.0,1.0,1,1,607,99.99999999999996,1317.0,1316.9999999999993,0.4038081202412815,0.07325924070637957,21.801036754387134,Medium
Barangay 301,301,1.0,1.0,1,1,705,100.0,505.0,505.0,0.3603072251853759,0.02947684544067312,17.755802861942588,Medium
Barangay 149,149,1.0,1.0,1,1,858,89.51658063934266,1569.0,1404.5151502312865,0.3920516499266918,0.09034773159120191,23.67719987071879,High
Barangay 260,260,1.0,1.0,1,1,1583,99.99999999999996,1935.0,1934.999999999999,0.37961793058887533,0.10763954564692864,24.958250409250653,High
Barangay 244,244,1.0,1.0,1,1,529,100.0,659.0,659.0,0.3735315521338583,0.03811924102712424,18.554935570329462,Medium
Barangay 273,273,1.0,1.0,1,1,821,67.18153822545541,454.0,305.0041835435676,0.328163746620532,0.019159456421086244,12.868122894141532,Low
Barangay 292,292,0.994869403,1.0,0,1,2144,100.0,3113.0,3113.0,0.3836466280288098,0.17566327321877295,31.85432750879782,High
Barangay 856,856,0.987365761,1.0,0,1,1583,100.0,1733.0,1733.0,0.3709817093620044,0.09663508503878897,23.86256368420071,High
Barangay 296,296,0.982930299,1.0,0,1,1406,99.99999999999996,2273.0,2272.999999999999,0.4273908001298845,0.12650878686812492,27.15409142041863,High
Barangay 777,777,0.980357143,1.0,0,1,1120,92.10147804350152,3100.0,2855.145819348547,0.42513168887575,0.18237192109608302,33.32726992715316,High
Barangay 298,298,0.978955007,1.0,0,1,1378,100.0,1079.0,1079.0,0.3601022600412909,0.061076108794460064,20.54291816080756,Medium
Barangay 836,836,0.978478478,1.0,0,7,1998,97.61921674780216,5673.0,5537.9381661028165,0.42937605357696024,0.3219511022065083,46.60553170332276,High
Barangay 779,779,0.971467391,1.0,0,1,1472,29.40176853838363,4450.0,1308.3786999580716,0.43263536012966214,0.08554428117481083,15.152349108984328,Low
Barangay 293,293,0.965679545,1.0,0,1,5099,100.0,3708.0,3708.0,0.3579570114825126,0.2114687120603699,35.72525752829757,High
Barangay 51,51,0.963975155,1.0,0,2,1610,99.5029422701662,2614.0,2601.0069109421447,0.3867958772036098,0.1495609437474195,29.53687854295971,High
Barangay 49,49,0.962168979,1.0,0,2,793,99.9976946390619,2184.0,2183.949650917112,0.4254217579724602,0.12846025425917396,27.962782709139333,High
Barangay 647,647,0.955143412,1.0,0,3,4637,100.0,3019.0,3019.0,0.36498247423825086,0.1689190357342547,30.980095926286655,High
Barangay 286,286,0.950381679,1.0,0,6,1834,51.93911708766185,4216.0,2189.7531764158234,0.4041980241163962,0.13011822290780492,21.911106575556012,Medium
Barangay 10,10,0.946938776,1.0,0,2,245,99.034978111963,161.0,159.44631476026044,0.35494797322267607,0.009011861217120195,15.211413575344023,Low
Barangay 868,868,0.944669366,1.0,0,1,741,85.14534480602596,3002.0,2556.063251076899,0.47098940197962874,0.14697502305014729,27.915732646622548,High
Barangay 832,832,0.94119256,1.0,0,1,3656,95.12914447519935,2990.0,2844.3614198084606,0.3616900591568011,0.1634957518429591,30.46624238581122,High
Barangay 290,290,0.913628472,1.0,0,1,2304,100.0,1713.0,1713.0,0.38493370802590404,0.09546291945033791,23.85064499390591,High
Barangay 284,284,0.913227017,1.0,0,1,2132,32.79466851194611,1076.0,352.8706331885401,0.35611667458199187,0.02138322681496746,8.549060725514924,Low
Barangay 91,91,0.91158267,1.0,0,2,2262,83.35207071973005,4453.0,3711.6677091495794,0.3985911157442708,0.23324912902508443,37.253510672962015,High
Barangay 281,281,0.910483871,1.0,0,1,3720,76.74133725294553,3436.0,2636.8323480112085,0.3880546951980494,0.16337779323406318,29.83900176364379,High
Barangay 48,48,0.908284024,1.0,0,2,676,99.98760419413296,4191.0,4190.480491776112,0.5429065737178852,0.24481713289767604,40.02215867689384,High
Barangay 268,268,0.888127854,1.0,0,2,1752,99.99999999999996,609.0,608.9999999999998,0.35761869508467575,0.03415544998341496,17.793901721691157,Medium
Barangay 700,700,0.886219975,1.0,0,1,1582,37.60654115741407,140.0,52.6491576203797,0.3382549201473619,0.0032700895067138136,7.396506462836425,Low
Barangay 644,644,0.885885886,1.0,0,1,999,100.0,735.0,735.0,0.35962127940119126,0.04169387122189718,18.64980961406803,Medium
Barangay 144,144,0.884370016,1.0,0,2,1254,100.0,893.0,893.0,0.35924471750619863,0.05075573182725901,19.579862164979566,Medium
Barangay 287,287,0.883411581,1.0,0,1,5112,99.95649072388552,3117.0,3115.643815863512,0.36558371591297756,0.17980420825373414,33.1169356468076,High
Barangay 833,833,0.883365949,1.0,0,2,2555,99.53031208683502,1517.0,1509.8748343572875,0.3550095398553071,0.08448043243783399,22.58634655353863,Medium
Barangay 789,789,0.880201765,1.0,0,1,793,100.0,1763.0,1763.0,0.4136963572400279,0.0996637583306428,24.61957373743652,High
Barangay 297,297,0.879204893,1.0,0,1,1308,100.0,2015.0,2015.0,0.386649176600027,0.11317427648077583,25.68226561336962,High
Barangay 763,763,0.874350087,1.0,0,2,1154,85.45482028083518,1984.0,1695.4236343717698,0.39748751410326494,0.1009922856419555,23.42405186700898,High
Barangay 659-A,659,0.871466742,1.0,0,3,14222,94.25206079945193,3547.0,3343.1205965565596,0.36028632507745345,0.19162983896372884,34.58541551606644,High
Barangay 151,151,0.86952381,1.0,0,1,2100,82.1793937857808,1725.0,1417.594542804719,0.3652043283398813,0.08339546146777149,21.123291047190445,Medium
Barangay 643,643,0.840439644,1.0,0,1,5277,99.69679735750688,659.0,657.0018945859704,0.34060799781345863,0.03677914401190413,17.97026619889298,Medium
Barangay 787,787,0.839950372,1.0,0,2,806,100.0,3646.0,3646.0,0.48821953810216884,0.20586092073043483,35.47185850132209,High
Barangay 39,39,0.837466891,1.0,0,2,4153,8.401265879362658,2498.0,209.86362166647916,0.360026361058845,0.012199893511395006,4.216461958209632,Low
Barangay 646,646,0.837108954,1.0,0,1,2781,99.71247381505468,970.0,967.2109960060304,0.3507182051657441,0.05463620978850445,19.894836194743963,Medium
Barangay 664-A,664,0.827607942,1.0,0,2,6346,100.0,689.0,689.0,0.34395324018802614,0.0384389076645592,18.092421188303085,Medium
Barangay 288,288,0.827260459,1.0,0,1,1482,98.53632656091852,2800.0,2759.017143705719,0.4046076548308646,0.15741701259072954,30.168568420201208,High
Barangay 701,701,0.824513263,1.0,0,1,7653,32.20129450883499,3328.0,1071.6590812540285,0.3623504094920007,0.0654743478559826,13.759612242649135,Low
Barangay 645,645,0.82190561,1.0,0,1,3369,100.0,1716.0,1716.0,0.35436110734334386,0.09578274630186685,23.703146912480623,High
Barangay 285,285,0.809285389,1.0,0,1,2197,44.74359087275158,2091.0,935.5884851492356,0.36987351975555355,0.05684442104681836,13.81801394188793,Low
Barangay 639,639,0.8059455,1.0,0,1,1211,100.0,475.0,475.0,0.34925164653300556,0.026534963638977043,16.9152830424716,Low
Barangay 785,785,0.79137931,1.0,0,2,580,95.83426750375844,1081.0,1035.9684317156286,0.4083622613728204,0.06450267863499921,21.61367566943718,Medium
Barangay 834,834,0.789549162,1.0,0,1,11157,99.1389682641249,1918.0,1901.4854113059155,0.3488682291739056,0.10657615293182097,25.010124338346078,High
Barangay 661,661,0.787325677,1.0,0,4,4876,99.67675812521944,486.0,484.42904448856643,0.3462966415097355,0.027473987656669727,17.52293486029009,Low
Barangay 283,283,0.772862823,1.0,0,1,2012,65.36089882614598,1364.0,891.5226599886313,0.3620844764655846,0.05259802494487179,15.854161885306375,Low
Barangay 143,143,0.769417476,1.0,0,1,412,100.0,1421.0,1421.0,0.4551310516425144,0.08200270518140901,23.37674495956322,High
Barangay 663,663,0.760963855,1.0,0,1,2075,100.0,704.0,704.0,0.3582772027416054,0.03968305363899078,18.440192846828303,Medium
Barangay 291,291,0.749177245,1.0,0,1,4254,100.0,2537.0,2537.0,0.36484428192383556,0.14354518905090843,28.835663284372952,High
Barangay 652,652,0.74252753,1.0,0,1,3814,47.18484657041355,34.0,16.042847833940606,0.33418767217377265,0.0009602304237656527,8.63360910923964,Low
Barangay 662,662,0.684150943,1.0,0,2,5300,100.0,1753.0,1753.0,0.3574819520471914,0.09974640694128212,24.82243413433429,High
Barangay 282,282,0.671088129,1.0,0,1,4448,79.92327204744862,2503.0,2000.4794993476391,0.3621413825558973,0.12497567965170471,26.98555376056289,High
Barangay 649,649,0.625217302,1.0,0,6,29337,17.449150384418363,69769.0,12174.097731704847,0.40073030344781585,0.7316070252608502,78.7065024338904,High
Barangay 767,767,0.598448687,1.0,0,2,1676,23.021591128455825,5497.0,1265.4968643312166,0.45513584239537236,0.08026733110829139,13.762009865549697,Low
Barangay 44,44,0.569717298,1.0,0,2,2087,16.326480232007885,841.0,137.3056987511863,0.3620431908725074,0.007945381984360204,4.817457124290678,Low
Barangay 857,857,0.510743802,1.0,0,1,605,98.1316902342512,1907.0,1871.37133276717,0.4550533977888862,0.10634144219097565,25.37680980101136,High
Barangay 855,855,0.508654383,1.0,0,1,1791,97.64855421517622,2319.0,2264.4699722499367,0.39612580362631994,0.1348206708420417,28.544224608990792,High
Barangay 663-A,663,0.501657825,1.0,0,1,3016,99.60149108937544,185.0,184.26275851534456,0.325526141899604,0.010270046293501303,15.09744118291917,Low
Barangay 653,653,0.41164048,0.0,0,2,11838,26.167408524559598,58.0,15.177096944244568,0.3520836060433142,0.0009147421542146242,6.678065612793242,Low
Barangay 771,771,0.308225108,0.0,0,1,1155,18.905694078209144,1902.0,359.58630136753794,0.41327856520912776,0.02326459270492426,7.293730339317777,Low
Barangay 790,790,0.24400767,0.0,0,1,2086,84.59969560017919,1825.0,1543.9444447032702,0.3894123149466124,0.09441468719924834,23.337164153636145,High
Barangay 765,765,0.139455782,0.0,0,1,1176,51.6882879705067,2215.0,1144.8955785467233,0.42837386426572,0.06894792493416639,16.094216164086088,Low
Barangay 770,770,0.075909091,0.0,0,1,2200,5.456400415045421,9673.0,527.7976121473436,0.5117393991832629,0.03090686267606113,6.7415227821245525,Low
Barangay 774,774,0.071334214,0.0,0,1,757,21.255569045552576,2909.0,618.3245035351244,0.49426019095754153,0.040266253749547766,9.837493320716503,Low
Barangay 773,773,0.0,0.0,0,0,1092,9.446857210632537,2656.0,250.90852751440016,0.447365744145829,0.015189995796187176,5.286487721479325,Low
Barangay 772,772,0.0,0.0,0,0,1248,16.999552131891917,2439.0,414.6190764968439,0.4322886802813101,0.0262444470477714,7.402950415475841,Low
Barangay 766,766,0.0,0.0,0,0,859,22.489231810702787,3321.0,746.8673884334396,0.49848099609929336,0.04433604717269041,10.194833418598757,Low
Barangay 775,775,0.0,0.0,0,0,1929,16.733384467823416,12116.0,2027.4168621214853,0.5762104657730075,0.12014103071912267,17.42755173660976,Low
