Barangay,Barangay_Area_Sqm,Flood_Area_5yr_Sqm,Flood_PCT_5yr,Flood_Area_25yr_Sqm,Flood_PCT_25yr,flood_area_100yr_sqm,flood_pct_100yr,flag_25yr_less_than_5yr,flag_100yr_less_than_25yr,flag_100yr_less_than_5yr,Barangay_No,Return_Period_Valid_5_25,barangay_clean,barangay_key_strict,Population_2024,Population_2020,Elevation_Count,Elevation_Mean,Elevation_Median,Elevation_Min,Elevation_Max,Population_Change_2020_2024,Population_Change_2020_2024_Pct,Barangay_Area_Hectares,Population_Density_per_Hectare,Affected_Population_5yr,Affected_Population_25yr,Affected_Population_Increase_5to25,Flood_Escalation_5to25,Flood_Severity_Increase_5to25_Sqm
Barangay 1,49547.4905221462,8264.845529826996,16.680654141571235,21069.565046191277,42.52398017367565,24194.31705659861,48.83055993680345,False,False,False,1,True,BARANGAY 1,BARANGAY1,3119.0,2995,1985,2.569269521,3.0,2,3,124.0,4.140233722871453,4.954749052214621,629.4970677891149,520.2696026756068,1326.3229416169436,806.0533389413367,25.843326032104418,12804.719516364281
Barangay 2,37885.968608624346,5076.648009076795,13.399810524894823,16510.818939359135,43.58030042711015,27996.492076118837,73.8967303840972,False,False,False,2,True,BARANGAY 2,BARANGAY2,1666.0,1887,1508,2.726790451,3.0,2,3,-221.0,-11.711711711711711,3.7885968608624347,439.74063780983874,223.24084334474776,726.0478051156551,502.8069617709074,30.180489902215328,11434.17093028234
Barangay 3,38940.5616643151,27962.08709355034,71.80709753135027,37710.27579040256,96.8406057300402,38350.77546868247,98.48541939195216,False,False,False,3,True,BARANGAY 3,BARANGAY3,1232.0,1341,1558,2.581514763,3.0,1,3,-109.0,-8.128262490678598,3.89405616643151,316.3796173820979,884.6634415862352,1193.0762625940952,308.41282100786,25.03350819868993,9748.188696852216
Barangay 4,40193.68735214498,9028.712129733309,22.46301029967951,26647.36186006734,66.29738054785679,37927.32290687298,94.36139206284824,False,False,False,4,True,BARANGAY 4,BARANGAY4,1717.0,1691,1607,3.0,3.0,3,3,26.0,1.537551744529864,4.019368735214498,427.18150861776314,385.68988684549714,1138.3260240067011,752.636137161204,43.83437024817728,17618.64973033403
Barangay 5,24741.847790367072,6958.3624583700985,28.123859290247715,17729.880743596867,71.65948515171034,23759.84483036454,96.03100395603896,False,False,False,5,True,BARANGAY 5,BARANGAY5,1321.0,1288,989,3.0,3.0,3,3,33.0,2.562111801242236,2.4741847790367073,533.9132352573581,371.5161812241723,946.6217988540936,575.1056176299213,43.53562586146263,10771.518285226768
Barangay 6,41515.26892462197,32870.693828735224,79.17735975266729,39915.26892458499,96.14599630092232,41041.74202266886,98.85939098018882,False,False,False,6,True,BARANGAY 6,BARANGAY6,506.0,771,1667,3.0,3.0,3,3,-265.0,-34.37094682230869,4.151526892462197,121.88286698051482,400.63744034849645,486.49874128266697,85.86130093417052,16.968636548255034,7044.5750958497665
Barangay 7,44040.72270426992,20195.05522847984,45.85541287341737,38556.59148917029,87.54759032469757,42990.22359920356,97.61470965833058,False,False,False,7,True,BARANGAY 7,BARANGAY7,1566.0,1560,1766,2.520951302,3.0,0,3,6.0,0.38461538461538464,4.404072270426992,355.57999593139516,718.0957655977161,1370.995264484764,652.8994988870479,41.692177451280195,18361.536260690453
Barangay 8,36398.18589292193,17894.77861035803,49.163929935963885,29467.843619003408,80.95964921354442,30433.45904340485,83.61257105762243,False,False,False,8,True,BARANGAY 8,BARANGAY8,301.0,147,1444,2.239612188,2.0,0,3,154.0,104.76190476190477,3.6398185892921933,82.69642912575297,147.98342910725128,243.68854413276873,95.70511502551744,31.795719277580538,11573.065008645379
Barangay 9,12766.720027606732,7660.553113599722,60.00408168295815,12525.634618742017,98.1116104344468,12567.177605342427,98.4370110581824,False,False,False,9,True,BARANGAY 9,BARANGAY9,453.0,447,514,1.964980545,2.0,0,3,6.0,1.342281879194631,1.2766720027606733,354.8288041254399,271.81849002380045,444.44559526804403,172.62710524424358,38.10752875148865,4865.081505142295
Barangay 10,6057.586255228475,5544.134717214669,91.52382621756922,5999.129221978799,99.034978111963,6033.96419192838,99.61004165182617,False,False,False,10,True,BARANGAY 10,BARANGAY10,161.0,160,245,0.946938776,1.0,0,2,1.0,0.625,0.6057586255228475,265.78243085030164,147.35336021028647,159.44631476026044,12.092954549973967,7.511151894393777,454.9945047641304
Barangay 11,13361.453866220842,4926.125081338036,36.868181641458925,10852.22198075812,81.2203678537833,7714.5291013213155,57.737198201345855,False,True,False,11,True,BARANGAY 11,BARANGAY11,2790.0,2758,535,2.138317757,2.0,2,3,32.0,1.160261058738216,1.336145386622084,2088.096121825046,1028.622267796704,2266.048263120554,1237.4259953238502,44.352186212324376,5926.096899420085
Barangay 12,20566.10426082016,3337.611325767159,16.228699822968117,7607.444650650228,36.99020754816912,6379.390914272238,31.01895640209029,False,True,False,12,True,BARANGAY 12,BARANGAY12,1723.0,2137,830,2.0,2.0,2,2,-414.0,-19.37295273748245,2.056610426082016,837.7862808380454,279.6204979497407,637.3412760549539,357.72077810521324,20.761507725201,4269.8333248830695
Barangay 13,12419.706000889702,8241.271193490027,66.35641127817078,12299.262540478196,99.03022293440054,9904.001897097609,79.74425398143983,False,True,False,13,True,BARANGAY 13,BARANGAY13,2435.0,2371,498,2.757028112,3.0,2,3,64.0,2.699283002952341,1.2419706000889703,1960.5939140794196,1615.7786146234585,2411.385928452653,795.6073138291945,32.67381165622976,4057.9913469881685
Barangay 14,14470.697042811978,9151.683861361726,63.24286822041954,14070.697042993008,97.23579314365053,10514.13511363059,72.65811095708945,False,True,False,14,True,BARANGAY 14,BARANGAY14,2479.0,2070,579,2.017271157,2.0,2,3,409.0,19.758454106280194,1.4470697042811977,1713.1171999979038,1567.7907031842003,2410.4753120310966,842.6846088468963,33.99292492323099,4919.013181631282
Barangay 15,6985.179037679551,729.5933623922025,10.444877052637016,2522.2124877168894,36.10805784807427,1644.1023658839667,23.53701110616245,False,True,False,15,True,BARANGAY 15,BARANGAY15,1104.0,1119,276,3.0,3.0,3,3,-15.0,-1.3404825737265416,0.6985179037679551,1580.4891958313276,115.31144266111266,398.6329586427399,283.3215159816272,25.66318079543725,1792.619125324687
Barangay 16,10593.90741533321,4014.876075179071,37.89797208693834,6822.840738351348,64.40343936247955,6356.1681421087615,59.99833576900144,False,True,False,16,True,BARANGAY 16,BARANGAY16,1371.0,1477,422,2.888625592,3.0,2,3,-106.0,-7.176709546377793,1.059390741533321,1294.1400620659265,519.5811973119246,882.9711536595945,363.3899563476699,26.505467275541207,2807.9646631722767
Barangay 17,9083.652321570573,1789.351093227422,19.698586316192717,2663.027472174816,29.31670409545547,2124.323710945048,23.38622875184803,False,True,False,17,True,BARANGAY 17,BARANGAY17,973.0,1176,363,2.953168044,3.0,2,3,-203.0,-17.261904761904763,0.9083652321570573,1071.1550437586181,191.66724485655513,285.2515308487817,93.5842859922266,9.618117779262754,873.6763789473939
Barangay 18,23254.75889479212,4419.857837233192,19.00625096664844,6956.854378125607,29.915831033120654,6974.853523750472,29.99323087074656,False,False,False,18,True,BARANGAY 18,BARANGAY18,2006.0,1982,926,2.110151188,2.0,2,3,24.0,1.2108980827447022,2.325475889479212,862.6191348942524,381.26539439096774,600.1115705244003,218.8461761334326,10.909580066472213,2536.9965408924145
Barangay 19,18784.178994947804,1124.5499920944874,5.986686947547437,3271.2600550321263,17.4149748887719,4659.047748925297,24.80304169896589,False,False,False,19,True,BARANGAY 19,BARANGAY19,2260.0,2272,754,3.0,3.0,3,3,-12.0,-0.528169014084507,1.8784178994947804,1203.140153534445,135.29912501457207,393.57843248624494,258.27930747167284,11.428287941224465,2146.710062937639
Barangay 20,1372542.31809553,237854.05251124696,17.329451294535033,324304.43408416584,23.628009847751304,342564.34545608645,24.958381314713225,False,False,False,20,True,BARANGAY 20,BARANGAY20,43691.0,45772,13327,1.223005928,1.0,0,3,-2081.0,-4.54644760989251,137.254231809553,318.32169707250563,7571.4105650953015,10323.313782581023,2751.903217485721,6.298558553216271,86450.38157291888
Barangay 25,22004.219504083187,5591.178495208884,25.409574259933933,12702.56495021588,57.7278596400965,7580.09830028592,34.44838522393093,False,True,False,25,True,BARANGAY 25,BARANGAY25,3000.0,2545,882,3.0,3.0,3,3,455.0,17.87819253438114,2.2004219504083187,1363.3748742795938,762.287227798018,1731.835789202895,969.5485614048771,32.318285380162564,7111.386455006996
Barangay 26,19616.637413638004,4401.821645196067,22.439226215884503,8511.918694317912,43.39132398093978,7199.71610636051,36.70209095752097,False,True,False,26,True,BARANGAY 26,BARANGAY26,2340.0,2555,789,3.0,3.0,3,3,-215.0,-8.414872798434441,1.9616637413638003,1192.8649903949238,525.0778934516974,1015.3569811539909,490.2790877022935,20.952097765055278,4110.097049121845
Barangay 28,22585.773518059108,9168.22454880374,40.5929181104779,12833.931636320236,56.82307770446072,12491.245674815707,55.30581303681262,False,True,False,28,True,BARANGAY 28,BARANGAY28,2515.0,2787,902,2.998891353,3.0,2,3,-272.0,-9.759598134194475,2.258577351805911,1113.5328165710414,1020.9118904785194,1429.1004042671873,408.18851378866793,16.23015959398282,3665.7070875164954
Barangay 29,72932.47204782291,8214.861348498875,11.263654059487065,13183.511725282591,18.07632643610101,11815.514689178535,16.20062279176678,False,True,False,29,True,BARANGAY 29,BARANGAY29,4422.0,4406,2920,1.137671233,1.0,0,3,16.0,0.3631411711302769,7.293247204782292,606.3142898955116,498.078782510518,799.3351550043866,301.2563724938686,6.8126723766139445,4968.650376783717
Barangay 30,11794.249774279502,1597.801563721443,13.547292912228077,1922.789678819586,16.30277224595277,1143.2338326614838,9.693145851079136,False,True,True,30,True,BARANGAY 30,BARANGAY30,170.0,166,469,1.198294243,1.0,0,2,4.0,2.4096385542168677,1.1794249774279502,144.13803612225527,23.03039795078773,27.71471281811971,4.684314867331981,2.7554793337246934,324.988115098143
Barangay 31,17506.60214142014,1613.966254962306,9.219186235709936,3377.2531097928486,19.29131125795314,1818.883605271489,10.389700928703125,False,True,False,31,True,BARANGAY 31,BARANGAY31,3101.0,2881,702,3.0,3.0,3,3,220.0,7.636237417563346,1.7506602141420138,1771.3317381350203,285.8869651693651,598.2235621091269,312.33659693976176,10.072125022243204,1763.2868548305426
Barangay 32,16070.570231304697,3431.427943272597,21.35224757979241,6912.032917141289,43.010501915339525,6879.003099383598,42.80497207238877,False,True,False,32,True,BARANGAY 32,BARANGAY32,2221.0,2219,642,3.0,3.0,3,3,2.0,0.09013068949977468,1.6070570231304697,1382.0293667449328,474.23341874718943,955.263247539691,481.0298287925015,21.658254335547113,3480.6049738686916
Barangay 33,23880.55956218546,1634.7502981419643,6.8455276095396425,5835.2039807117935,24.43495499138873,7832.468892895722,32.79851492801002,False,False,False,33,True,BARANGAY 33,BARANGAY33,4343.0,4082,958,2.512526096,3.0,2,3,261.0,6.393924546790789,2.3880559562185457,1818.6341022247577,297.30126408230666,1061.2100952760125,763.9088311937057,17.589427381849084,4200.453682569829
Barangay 34,11563.645893573814,689.8254029968609,5.9654663360127005,1588.4887831430678,13.73691997976026,2808.410458027969,24.28654841107395,False,False,False,34,True,BARANGAY 34,BARANGAY34,1930.0,1854,459,2.152505447,2.0,2,3,76.0,4.0992448759439055,1.1563645893573813,1669.0237817404509,115.13350028504513,265.1225556093731,149.98905532432795,7.77145364374756,898.6633801462069
Barangay 35,15319.708553146847,1557.130231499685,10.164228817393736,2841.9282875490026,18.55079865057379,4011.71216533255,26.186608912403216,False,False,False,35,True,BARANGAY 35,BARANGAY35,2289.0,2265,611,2.998363339,3.0,2,3,24.0,1.0596026490066226,1.5319708553146847,1494.1537510710755,232.65919763014261,424.627781111634,191.9685834814914,8.386569833180053,1284.7980560493177
Barangay 36,11737.514043886178,0.0,0.0,1895.304837301161,16.147412733349487,2505.7869966893118,21.34853246880265,False,False,False,36,True,BARANGAY 36,BARANGAY36,2267.0,2231,469,2.562899787,3.0,2,3,36.0,1.6136261766024205,1.173751404388618,1931.4140894943866,0.0,366.0618466650329,366.0618466650329,16.147412733349487,1895.304837301161
Barangay 37,9995.890521297011,5769.272731597574,57.71644576644469,7364.786141074862,73.67813928517545,8961.136867336598,89.6482094141008,False,False,False,37,True,BARANGAY 37,BARANGAY37,2456.0,2057,403,2.0,2.0,2,2,399.0,19.397180359747203,0.9995890521297012,2457.0097029047124,1417.5159080238816,1809.535100843909,392.01919282002746,15.961693518730755,1595.5134094772875
Barangay 38,13942.730749929577,0.0,0.0,175.21898394903764,1.2567049245351216,590.4878188275329,4.235094469069594,False,False,False,38,True,BARANGAY 38,BARANGAY38,3144.0,2870,557,2.0,2.0,2,2,274.0,9.547038327526131,1.3942730749929577,2254.9384739541642,0.0,39.51080282738422,39.51080282738422,1.2567049245351216,175.21898394903764
Barangay 39,103810.599987294,6866.508867192186,6.614458319316737,8721.404515894186,8.401265879362658,11109.882089463385,10.702069047691843,False,False,False,39,True,BARANGAY 39,BARANGAY39,2498.0,2324,4153,0.837466891,1.0,0,2,174.0,7.487091222030981,10.3810599987294,240.63053294227615,165.22916881653208,209.86362166647916,44.63445284994708,1.7868075600459212,1854.8956487020005
Barangay 41,21122.17759594021,15231.969545479717,72.1136325849631,17211.61932836469,81.48600801307933,16507.35511641949,78.15176745598562,False,True,False,41,True,BARANGAY 41,BARANGAY41,3957.0,3825,843,2.0,2.0,2,2,132.0,3.4509803921568625,2.1122177595940212,1873.3863883241636,2853.5364413869897,3224.4013370775488,370.864895690559,9.372375428116229,1979.6497828849733
Barangay 42,17600.87702431348,9309.142942682896,52.89022206009078,12946.5274153853,73.55614948903536,12107.457751172064,68.78894576927661,False,True,False,42,True,BARANGAY 42,BARANGAY42,2196.0,2142,704,2.0,2.0,2,2,54.0,2.5210084033613445,1.760087702431348,1247.6651004188552,1161.4692764395934,1615.2930427792164,453.82376633962303,20.665927428944585,3637.3844727024043
Barangay 43,12922.987678959606,5105.1442199107205,39.504364986918574,6995.192580999012,54.12984021015623,8312.541414688345,64.32368134361299,False,False,False,43,True,BARANGAY 43,BARANGAY43,2949.0,3362,516,1.875968992,2.0,1,2,-413.0,-12.284354550862583,1.2922987678959605,2281.980044600194,1164.9837234642287,1596.2889877975074,431.3052643332787,14.625475223237657,1890.0483610882911
Barangay 44,52155.50910858352,6896.3956892647,13.222755960270597,8515.15888451596,16.326480232007885,8147.79252174194,15.622112910026246,False,True,False,44,True,BARANGAY 44,BARANGAY44,841.0,800,2087,0.569717298,1.0,0,2,41.0,5.125,5.215550910858353,161.24854581499847,111.20337762587572,137.3056987511863,26.10232112531058,3.1037242717372884,1618.7631952512602
Barangay 45,17654.379443777296,825.2576634312843,4.674520937195365,4450.354232061649,25.208216727381384,7461.385508273503,42.26365209853606,False,False,False,45,True,BARANGAY 45,BARANGAY45,2312.0,2264,703,2.950213371,3.0,2,3,48.0,2.1201413427561837,1.7654379443777295,1309.5900693439096,108.07492406795684,582.8139707370576,474.7390466691008,20.53369579018602,3625.0965686303643
Barangay 46,16348.344193853129,4532.261317122091,27.72306028904256,8426.354872348253,51.54255851498715,8252.035847138246,50.47627912214473,False,True,False,46,True,BARANGAY 46,BARANGAY46,2173.0,2088,654,2.0,2.0,2,2,85.0,4.07088122605364,1.6348344193853128,1329.186597880068,602.4221000808949,1120.0197965306706,517.5976964497758,23.81949822594459,3894.0935552261617
Barangay 47,33261.71559693498,5210.933581699755,15.666460638548472,16238.175355684867,48.8194161493618,22022.39194166628,66.20942890779696,False,False,False,47,True,BARANGAY 47,BARANGAY47,1677.0,1123,1331,2.970698723,3.0,2,3,554.0,49.33214603739982,3.3261715596934978,504.1832539012309,262.72654490845787,818.7016088247974,555.9750639163395,33.15295551081333,11027.241773985112
Barangay 48,16896.73078354383,12886.115328834008,76.26395599191375,16894.636297598023,99.98760419413296,16494.08669009188,97.61702959815103,False,True,False,48,True,BARANGAY 48,BARANGAY48,4191.0,4070,676,0.908284024,1.0,0,2,121.0,2.9729729729729732,1.689673078354383,2480.361469735746,3196.222395621105,4190.480491776112,994.258096155007,23.72364820221921,4008.5209687640145
Barangay 49,19847.556908316576,14467.928073654386,72.89525930313367,19847.099350492445,99.9976946390619,19191.82178039756,96.6961418428066,False,True,False,49,True,BARANGAY 49,BARANGAY49,2184.0,2119,793,0.962168979,1.0,0,2,65.0,3.067484662576687,1.9847556908316575,1100.3873222728257,1592.0324631804394,2183.949650917112,591.9171877366728,27.102435335928234,5379.1712768380585
Barangay 50,35383.035417441046,30237.408906710705,85.45736268801305,35383.035417441046,100.0,35383.035417441046,100.0,False,False,False,50,True,BARANGAY 50,BARANGAY50,3806.0,4217,1415,1.14770318,1.0,1,2,-411.0,-9.746265117382025,3.5383035417441047,1075.6567250654653,3252.5072239057768,3806.0,553.4927760942232,14.542637311986951,5145.626510730341
Barangay 51,40236.7749354893,33666.22176172492,83.67027878278316,40036.774935436624,99.5029422701662,39494.69657907292,98.15572108449014,False,True,False,51,True,BARANGAY 51,BARANGAY51,2614.0,2580,1610,0.963975155,1.0,0,2,34.0,1.317829457364341,4.02367749354893,649.6544527216623,2187.141087381952,2601.0069109421447,413.8658235601929,15.832663487383044,6370.553173711705
Barangay 52,26390.234921752974,23949.429092378425,90.7511023050324,26390.234921752974,100.0,26290.234921711068,99.62107195961536,False,True,False,52,True,BARANGAY 52,BARANGAY52,2249.0,2732,1056,1.363636364,2.0,0,2,-483.0,-17.67935578330893,2.6390234921752973,852.2091624679672,2040.9922908401788,2249.0,208.00770915982116,9.248897694967596,2440.805829374549
Barangay 53,24537.81810267776,22037.600286624376,89.81075739663855,24537.81810267776,100.0,24537.81810267776,100.0,False,False,False,53,True,BARANGAY 53,BARANGAY53,3218.0,2916,981,1.001019368,1.0,1,2,302.0,10.356652949245541,2.453781810267776,1311.4450463909936,2890.110173023829,3218.0,327.8898269761712,10.18924260336145,2500.217816053384
Barangay 54,27060.481479580278,25960.481479634407,95.93503167792517,27060.481479580278,100.0,27060.481479580278,100.0,False,False,False,54,True,BARANGAY 54,BARANGAY54,1818.0,1648,1082,1.0,1.0,1,1,170.0,10.315533980582524,2.7060481479580276,671.8284008996126,1744.0988759046795,1818.0,73.90112409532048,4.064968322074833,1099.9999999458705
Barangay 55,36490.61296607937,29638.04167541377,81.22100251635796,34029.00607615572,93.25413663998496,35292.979490887614,96.71796832707348,False,False,False,55,True,BARANGAY 55,BARANGAY55,2427.0,2492,1459,1.063742289,1.0,0,2,-65.0,-2.608346709470305,3.6490612966079365,665.1025572675554,1971.2337310720075,2263.277896252435,292.0441651804274,12.033134123627008,4390.964400741948
Barangay 56,53006.19943139554,45993.290745174665,86.76964437848919,52938.63619179994,99.87253709882928,52570.92628042439,99.17882595688737,False,True,False,56,True,BARANGAY 56,BARANGAY56,3377.0,3457,2118,2.226628895,2.0,0,3,-80.0,-2.3141452126120914,5.300619943139553,637.0952900274916,2930.21089066158,3372.695577827465,442.48468716588513,13.102892720340094,6945.345446625273
Barangay 57,27530.998175311262,14955.10969779868,54.3209861210548,22930.99817548822,83.2915611321781,27195.24990712787,98.78047186649236,False,False,False,57,True,BARANGAY 57,BARANGAY57,815.0,882,1101,3.0,3.0,3,3,-67.0,-7.596371882086168,2.753099817531126,296.0299495173628,442.71603688659667,678.8262232272516,236.11018634065493,28.9705750111233,7975.888477689541
Barangay 58,29865.975261660675,26780.685036241503,89.66954804459442,29865.975261660667,99.99999999999996,29865.975261660667,99.99999999999996,False,False,False,58,True,BARANGAY 58,BARANGAY58,4088.0,3719,1194,2.367671692,2.0,0,3,369.0,9.922022048937887,2.9865975261660673,1368.7816869144121,3665.6911240630197,4087.999999999998,422.30887593697844,10.330451955405536,3085.290225419165
Barangay 59,22568.241141332863,15217.747492994353,67.42992241926925,22368.24114139835,99.1137989058074,22568.241141332863,100.0,False,False,False,59,True,BARANGAY 59,BARANGAY59,1064.0,1112,904,3.0,3.0,3,3,-48.0,-4.316546762589928,2.2568241141332863,471.45898226482745,717.4543745410248,1054.5708203577908,337.11644581676603,31.683876486538153,7150.493648403997
Barangay 60,13617.311150872154,13117.311150695496,96.32820316259988,13617.311150872154,100.0,13617.311150872154,100.0,False,False,False,60,True,BARANGAY 60,BARANGAY60,3800.0,4503,544,2.204044118,2.0,0,3,-703.0,-15.611814345991561,1.3617311150872153,2790.565595438142,3660.4717201787953,3800.0,139.5282798212047,3.671796837400123,500.00000017665843
Barangay 61,43634.66342089667,39098.79780588724,89.60490293861828,42961.39934438788,98.4570430393503,43399.06289716342,99.46006109532536,False,False,False,61,True,BARANGAY 61,BARANGAY61,1087.0,1022,1750,1.755428571,2.0,0,3,65.0,6.360078277886497,4.3634663420896675,249.11387295803794,974.0052949427807,1070.2280578377379,96.22276289495721,8.852140100732015,3862.6015385006394
Barangay 62,20672.299192760875,14677.315529072965,70.99991825879115,20472.29919267473,99.03252174215734,20572.299192737886,99.51626087117582,False,False,False,62,True,BARANGAY 62,BARANGAY62,1877.0,1967,825,3.0,3.0,3,3,-90.0,-4.575495678698525,2.0672299192760875,907.9783445942467,1332.66846571751,1858.8404331002932,526.1719673827834,28.032603483366188,5794.983663601766
Barangay 63,18663.56848314849,16963.482327945097,90.89088371959298,18563.568483104256,99.46419678458317,18663.56848314849,100.0,False,False,False,63,True,BARANGAY 63,BARANGAY63,1588.0,1448,748,3.0,3.0,3,3,140.0,9.668508287292818,1.8663568483148492,850.8555057055781,1443.3472334671364,1579.4914449391808,136.1442114720444,8.573313064990188,1600.0861551591588
Barangay 64,15426.746522605235,10899.833519138938,70.65542629592774,15426.746522605235,100.0,15426.746522605235,100.0,False,False,False,64,True,BARANGAY 64,BARANGAY64,443.0,495,617,3.0,3.0,3,3,-52.0,-10.505050505050505,1.5426746522605235,287.16359561029924,313.0035384909599,443.0,129.9964615090401,29.34457370407226,4526.913003466298
Barangay 65,19391.496471148672,14877.790529704427,76.72327172810056,19391.496471148672,100.0,19391.496471148672,100.0,False,False,False,65,True,BARANGAY 65,BARANGAY65,1721.0,1631,774,3.0,3.0,3,3,90.0,5.518087063151441,1.9391496471148673,887.5024176502119,1320.4075064406106,1721.0,400.59249355938937,23.276728271899444,4513.705941444245
Barangay 66,26446.878899098934,5168.031279588171,19.541176481752064,12505.10535116291,47.28386059796632,18089.883595453997,68.40082591398082,False,False,False,66,True,BARANGAY 66,BARANGAY66,3388.0,2956,1065,3.0,3.0,3,3,432.0,14.614343707713125,2.6446878899098936,1281.0585373518052,662.05505920176,1601.9771970590987,939.9221378573387,27.742684116214253,7337.07407157474
Barangay 67,20074.613026853654,4694.13927794886,23.3834608501272,14188.014455217768,70.6764032573807,19587.56136371498,97.57379301664668,False,False,False,67,True,BARANGAY 67,BARANGAY67,3641.0,4083,794,3.0,3.0,3,3,-442.0,-10.825373499877541,2.0074613026853654,1813.7335923384737,851.3918095531313,2573.327842601231,1721.9360330481,47.2929424072535,9493.875177268908
Barangay 68,7307.935481992205,1084.685283702206,14.842567868518064,3473.6879039523765,47.53309484617152,5701.892742365523,78.02330434383006,False,False,False,68,True,BARANGAY 68,BARANGAY68,966.0,1115,290,3.0,3.0,3,3,-149.0,-13.363228699551568,0.7307935481992205,1321.8507502978944,143.3792056098845,459.1696962140169,315.7904906041324,32.69052697765346,2389.0026202501704
Barangay 69,23625.73803716012,3800.0000001717126,16.084153621761242,6176.800567719603,26.144370846761795,11324.333978786077,47.93219141334089,False,False,False,69,True,BARANGAY 69,BARANGAY69,2143.0,1968,948,3.0,3.0,3,3,175.0,8.892276422764228,2.362573803716012,907.0616107862315,344.68341211434347,560.2738672461053,215.59045513176181,10.060217225000553,2376.8005675478908
Barangay 70,12732.189966649905,100.00000005878974,0.7854108391464862,99.99999999155987,0.7854108386184558,5739.398482485068,45.07785775674552,True,False,False,70,False,BARANGAY 70,BARANGAY70,2405.0,2344,508,3.0,3.0,3,3,61.0,2.6023890784982933,1.2732189966649905,1888.9130670368122,18.889130681472995,18.889130668773863,-1.2699132412308245e-08,-5.280303971844091e-10,-6.722986256590957e-08
Barangay 71,39840.14977073022,8658.978694701469,21.73430256796638,28759.163241964445,72.18638335314,36621.24476597832,91.92044953827768,False,False,False,71,True,BARANGAY 71,BARANGAY71,3486.0,3417,1598,3.0,3.0,3,3,69.0,2.019315188762072,3.9840149770730218,874.9967106200731,757.657787519308,2516.4173236904608,1758.7595361711528,50.45208078517362,20100.184547262976
Barangay 72,26753.157816064493,6792.8717472678645,25.390915696647003,8862.51865576106,33.1270002468246,5959.0264322712,22.27410488601453,False,True,True,72,True,BARANGAY 72,BARANGAY72,3743.0,3233,1072,2.055970149,2.0,2,3,510.0,15.774822146613051,2.6753157816064492,1399.0871753286774,950.3819745254974,1239.9436192386447,289.5616447131473,7.736084550177598,2069.646908493195
Barangay 73,10383.710217434464,1873.3338784682344,18.041083959786047,2107.858256809126,20.299663729733023,2318.751272272907,22.33066239059402,False,False,False,73,True,BARANGAY 73,BARANGAY73,2394.0,2478,409,2.151589242,2.0,2,3,-84.0,-3.389830508474576,1.0383710217434463,2305.5342934940777,431.903549997278,485.97394968980853,54.07039969253054,2.2585797699469765,234.52437834089164
Barangay 74,20036.548527072737,14231.740199311562,71.02890091116289,20036.548527072737,100.0,20036.548527072737,100.0,False,False,False,74,True,BARANGAY 74,BARANGAY74,711.0,1039,804,3.0,3.0,3,3,-328.0,-31.56881616939365,2.0036548527072737,354.8515349533977,505.0154854783682,711.0,205.9845145216318,28.971099088837107,5804.808327761175
Barangay 75,25624.719819696016,17174.23940616952,67.02215488408511,24871.09883123435,97.0590078886154,25498.22973683115,99.50637476719788,False,False,False,75,True,BARANGAY 75,BARANGAY75,1631.0,1350,1027,3.0,3.0,3,3,281.0,20.814814814814813,2.5624719819696016,636.4947642262059,1093.1313461594282,1583.0324186633172,489.90107250388905,30.036853004530286,7696.859425064831
Barangay 76,18288.59367925038,10274.107470776513,56.17767910953791,18223.27374332156,99.64283784158356,18115.08376208517,99.05126703447915,False,True,False,76,True,BARANGAY 76,BARANGAY76,1745.0,1844,725,2.902068966,3.0,2,3,-99.0,-5.368763557483731,1.8288593679250382,954.1466285512253,980.3005004614366,1738.767520335633,758.4670198741964,43.465158732045644,7949.166272545046
Barangay 77,12815.547273563732,4032.654666652247,31.46689392633992,11662.715051238354,91.00442456559406,12815.547273563729,99.99999999999996,False,False,False,77,True,BARANGAY 77,BARANGAY77,1346.0,1372,517,2.027079304,2.0,2,3,-26.0,-1.8950437317784257,1.2815547273563732,1050.2867893722855,423.54439224853536,1224.919554652896,801.3751624043607,59.53753063925414,7630.060384586107
Barangay 78,14718.23840213072,14259.640056586892,96.8841492234734,14718.23840213072,100.0,14718.23840213072,100.0,False,False,False,78,True,BARANGAY 78,BARANGAY78,844.0,1221,591,2.966159052,3.0,2,3,-377.0,-30.876330876330876,1.471823840213072,573.4381907265589,817.7022194461156,844.0,26.297780553884422,3.1158507765265995,458.59834554382905
Barangay 79,7835.197935929929,4837.864183556692,61.7452708038384,7680.929818519315,98.03108844636604,7835.197935929929,100.0,False,False,False,79,True,BARANGAY 79,BARANGAY79,1601.0,1520,315,3.0,3.0,3,3,81.0,5.328947368421052,0.783519793592993,2043.3434012665864,988.5417855694528,1569.4777260263204,580.9359404568676,36.28581764252764,2843.0656349626224
Barangay 80,11686.74357949176,5222.761464071178,44.6896214377137,8486.743579555497,72.61854871572851,11586.743579467022,99.1443296471378,False,False,False,80,True,BARANGAY 80,BARANGAY80,2566.0,2553,468,3.0,3.0,3,3,13.0,0.509204857030944,1.168674357949176,2195.650124901253,1146.7356860917334,1863.3919600455934,716.6562739538599,27.92892727801481,3263.9821154843194
Barangay 81,17715.14639824813,9743.32886169724,54.99999064450728,17086.919545304212,96.4537303908138,17117.599874853528,96.6269173849238,False,False,False,81,True,BARANGAY 81,BARANGAY81,1848.0,1815,714,2.991596639,3.0,2,3,33.0,1.8181818181818181,1.771514639824813,1043.175121704188,1016.3998271104945,1782.4649376222392,766.0651105117447,41.453739746306525,7343.590683606972
Barangay 82,22510.41550986131,9424.287901594176,41.86634359310519,20910.415509829298,92.89217918109468,22207.962033170486,98.65638430104356,False,False,False,82,True,BARANGAY 82,BARANGAY82,2662.0,2642,902,2.677383592,3.0,2,3,20.0,0.757002271006813,2.251041550986131,1182.5636887217108,1114.4820664484603,2472.7898098007404,1358.30774335228,51.025835587989484,11486.127608235121
Barangay 83,14027.88793563796,4903.30264514582,34.95396219048016,13334.579634440655,95.05764300101124,14027.887935637958,100.0,False,False,False,83,True,BARANGAY 83,BARANGAY83,1658.0,1473,563,2.470692718,2.0,2,3,185.0,12.559402579769177,1.402788793563796,1181.9313125448043,579.5366931181611,1576.0557209567664,996.5190278386053,60.10368081053108,8431.276989294834
Barangay 84,14568.44705879579,2073.0090169639025,14.229444007295964,12961.755359787305,88.9714278225802,14368.447058842356,98.62717008102328,False,False,False,84,True,BARANGAY 84,BARANGAY84,1176.0,1141,580,2.348275862,2.0,2,3,35.0,3.067484662576687,1.456844705879579,807.2239925462629,167.33826152580053,1046.3039911935432,878.9657296677426,74.74198381528423,10888.746342823402
Barangay 85,25400.76359565445,10351.092761377751,40.75110861292615,16767.207153490333,66.01064212242366,23762.64418952548,93.55090487748475,False,False,False,85,True,BARANGAY 85,BARANGAY85,4051.0,4032,1016,3.0,3.0,3,3,19.0,0.4712301587301587,2.540076359565445,1594.8339445563138,1650.8274099096384,2674.091112379382,1023.2637024697437,25.25953350949751,6416.114392112582
Barangay 86,20757.431931804997,6351.831619332718,30.600276759671324,19544.79343736581,94.15805144671508,19957.43193185476,96.145958697692,False,False,False,86,True,BARANGAY 86,BARANGAY86,1662.0,1415,827,1.559854897,2.0,1,2,247.0,17.45583038869258,2.0757431931804997,800.6770806042952,508.5765997457374,1564.9068150444045,1056.330215298667,63.557774687043754,13192.96181803309
Barangay 87,20727.230041183444,4613.949443371705,22.260328245521155,19739.86853564108,95.23640397882134,20327.230041143568,98.07017146408322,False,False,False,87,True,BARANGAY 87,BARANGAY87,1639.0,1633,829,1.895054282,2.0,1,2,6.0,0.3674219228413962,2.072723004118344,790.7472425130761,364.84677994409174,1560.9246612128818,1196.07788126879,72.97607573330019,15125.919092269374
Barangay 88,9838.98913824006,7026.0709301038805,71.41049584856705,9141.032904756656,92.90622010374278,9838.989138240058,99.99999999999996,False,False,False,88,True,BARANGAY 88,BARANGAY88,1052.0,1096,392,2.056122449,2.0,2,3,-44.0,-4.014598540145985,0.983898913824006,1069.2155314119755,751.2384163269254,977.3734354913742,226.13501916444875,21.49572425517573,2114.961974652775
Barangay 89,12413.248142070868,7636.041025124028,61.51525320148904,12413.248142070866,100.0,12413.248142070866,100.0,False,False,False,89,True,BARANGAY 89,BARANGAY89,728.0,720,492,2.0,2.0,2,2,8.0,1.1111111111111112,1.2413248142070867,586.4701902902183,447.83104330684023,728.0,280.16895669315977,38.48474679851096,4777.207116946838
Barangay 90,9981.340723264835,5304.067468282911,53.13982976174751,9979.29695679138,99.97952412877066,9981.340723264835,99.99999999999996,False,False,False,90,True,BARANGAY 90,BARANGAY90,645.0,630,400,2.0,2.0,2,2,15.0,2.380952380952381,0.9981340723264835,646.2057732350654,342.7519019632714,644.8679306305708,302.11602866729936,46.83969436702316,4675.229488508469
Barangay 91,56575.08829040277,18283.148910438056,32.316606942952944,47156.50760156624,83.35207071973005,53551.862677606165,94.65626001805204,False,False,False,91,True,BARANGAY 91,BARANGAY91,4453.0,4552,2262,0.91158267,1.0,0,2,-99.0,-2.1748681898066784,5.657508829040276,787.0955458597833,1439.0585071696946,3711.6677091495794,2272.609201979885,51.03546377677711,28873.358691128185
Barangay 92,26574.047864391327,9280.42730394582,34.92289677246123,25834.689765604668,97.21774378310884,26232.87400091936,98.71613889907552,False,False,False,92,True,BARANGAY 92,BARANGAY92,2519.0,2639,1064,2.069548872,2.0,1,3,-120.0,-4.547176960970065,2.6574047864391326,947.9173112258173,879.7077696982984,2448.9149658965116,1569.2071961982133,62.294847010647615,16554.262461658847
Barangay 93,43862.6263018426,22361.99270746916,50.98188273904103,32716.62225790349,74.58883568157229,33084.09446102876,75.42661543647455,False,False,False,93,True,BARANGAY 93,BARANGAY93,4586.0,3960,1754,1.472633979,2.0,0,3,626.0,15.808080808080808,4.386262630184261,1045.5370292789214,2338.0291424124216,3420.6440043569055,1082.614861944484,23.606952942531258,10354.629550434332
Barangay 94,97929.38065511516,36212.295681549374,36.97796865384127,55976.21300836706,57.15977435362577,76990.55717998673,78.61844593006244,False,False,False,94,True,BARANGAY 94,BARANGAY94,2117.0,2178,3915,1.640613027,2.0,0,5,-61.0,-2.800734618916437,9.792938065511516,216.17618592479297,782.8235964018198,1210.0724230662574,427.2488266644376,20.181805699784498,19763.91732681769
Barangay 95,33345.29412767779,9775.483332504617,29.31593074295486,18837.99221671252,56.49370536238969,22312.410960801943,66.91322282349232,False,False,False,95,True,BARANGAY 95,BARANGAY95,4994.0,5543,1334,2.975262369,3.0,2,3,-549.0,-9.904383907631246,3.3345294127677794,1497.6626029682552,1464.0375813031658,2821.295645797741,1357.2580644945754,27.17777461943483,9062.508884207902
Barangay 96,88678.51769751924,42825.91437388205,48.293448611715,50700.44264880133,57.17330867182466,49638.39314992648,55.97566855959648,False,True,False,96,True,BARANGAY 96,BARANGAY96,2230.0,2100,3547,3.102621934,3.0,0,5,130.0,6.190476190476191,8.867851769751924,251.470148340378,1076.9439040412444,1274.9647833816898,198.0208793404454,8.879860060109657,7874.5282749192775
Barangay 97,30420.172889755635,22464.511302755647,73.84741495115186,29995.133507128656,98.60277131176294,29920.17288981704,98.35635385193036,False,True,False,97,True,BARANGAY 97,BARANGAY97,3656.0,3634,1218,2.807881773,3.0,2,3,22.0,0.6053935057787562,3.0420172889755634,1201.834063616122,2699.861490614112,3604.917319158053,905.0558285439411,24.755356360611074,7530.622204373009
Barangay 98,14084.33078017284,12464.992356340555,88.50255330475551,13823.990106085046,98.15155808145116,13756.690003041462,97.6737213699027,False,True,False,98,True,BARANGAY 98,BARANGAY98,1877.0,1899,566,1.395759717,2.0,0,2,-22.0,-1.1585044760400212,1.408433078017284,1332.6866780510006,1661.1929255302607,1842.304745188838,181.11181965857736,9.649004776695648,1358.9977497444906
Barangay 99,12936.922957445808,10690.544023633924,82.63591009082275,11303.78026731876,87.37611180418217,10390.547534668567,80.31699322046529,False,True,True,99,True,BARANGAY 99,BARANGAY99,3682.0,6310,518,1.301158301,2.0,0,3,-2628.0,-41.64817749603804,1.2936922957445807,2846.117281606625,3042.6542095440936,3217.188436629988,174.53422708589414,4.740201713359426,613.2362436848362
Barangay 100,29349.500167627422,8985.70692044154,30.61621788827872,14348.687691315525,48.88903596096728,15223.078875703362,51.86827301575124,False,False,False,100,True,BARANGAY 100,BARANGAY100,2340.0,2222,1171,2.046968403,2.0,2,3,118.0,5.3105310531053105,2.934950016762742,797.2878538425763,716.419498585722,1144.0034414866343,427.58394290091235,18.27281807268856,5362.9807708739845
Barangay 101,103997.36954502872,37525.24293193707,36.08287699593152,57378.99725640311,55.17350824105141,61606.83973598299,59.23884421837082,False,False,False,101,True,BARANGAY 101,BARANGAY101,13659.0,15358,4158,1.901875902,2.0,0,4,-1699.0,-11.062638364370361,10.399736954502872,1313.3986041912276,4928.560168874286,7536.149490645212,2607.5893217709254,19.090631245119887,19853.75432446604
Barangay 102,23899.67583607758,4506.429582428609,18.855609646495548,14200.178502915202,59.41577869219225,20019.915620312564,83.76647347698184,False,False,False,102,True,BARANGAY 102,BARANGAY102,4616.0,4157,957,2.280041797,2.0,2,3,459.0,11.04161655039692,2.3899675836077576,1931.4069494750015,870.3749412822344,2742.632344431594,1872.2574031493596,40.560169045696696,9693.748920486592
Barangay 103,32949.78615914324,9041.836021933532,27.441258581353534,23223.045637522377,70.4801103271446,25337.286066654,76.8966631354697,False,False,False,103,True,BARANGAY 103,BARANGAY103,5071.0,4772,1315,3.0,3.0,3,3,299.0,6.26571668063705,3.294978615914324,1539.0084704974172,1391.5462226604377,3574.0463946895024,2182.5001720290647,43.038851745791064,14181.209615588845
Barangay 104,38937.84097004627,4601.985723235111,11.81880044857978,10317.009077338214,26.496099476277543,17829.42449187333,45.78945326113222,False,False,False,104,True,BARANGAY 104,BARANGAY104,5801.0,5741,1558,3.0,3.0,3,3,60.0,1.0451140916216688,3.893784097004627,1489.8103889382407,685.6086140221131,1537.0387306188602,851.4301165967471,14.677299027697762,5715.023354103103
Barangay 105,506875.7310401991,80045.87693228722,15.792012130472068,108942.13109396424,21.492867861397823,130714.63628878655,25.78830042238102,False,False,False,105,True,BARANGAY 105,BARANGAY105,26494.0,24971,10622,2.04584824,2.0,0,3,1523.0,6.099074926915222,50.68757310401991,522.6922177873777,4183.93569384727,5694.32041119874,1510.3847173514696,5.700855730925754,28896.254161677018
Barangay 106,74642.56003865766,24856.788366912937,33.301093041341986,41851.647080044975,56.06941543587178,39460.30374519816,52.86568912529464,False,True,False,106,True,BARANGAY 106,BARANGAY106,2716.0,2513,2986,2.009042197,2.0,1,3,203.0,8.07799442896936,7.464256003865765,363.86747702562366,904.4576870028483,1522.8453232382776,618.3876362354293,22.768322394529797,16994.85871313204
Barangay 107,157325.8228039403,22874.95853795996,14.539862643189078,32646.90160127996,20.751139907886948,38595.5122443804,24.53221699814543,False,False,False,107,True,BARANGAY 107,BARANGAY107,7153.0,7003,6297,2.141019533,2.0,0,4,150.0,2.1419391689276024,15.73258228039403,454.6615344204543,1040.0363748673146,1484.3290376111534,444.2926627438387,6.21127726469787,9771.943063319999
Barangay 108,32049.211174995933,195.94147094099895,0.6113768912161809,2133.6760669920614,6.657499478978463,3444.303410593105,10.746921014019442,False,False,False,108,True,BARANGAY 108,BARANGAY108,5114.0,5391,1280,3.090625,3.0,3,4,-277.0,-5.138193285104804,3.2049211174995933,1595.6710984480724,31.26581421679549,340.46452335495854,309.19870913816305,6.046122587762282,1937.7345960510625
Barangay 109,26787.33503916342,80.86410133177827,0.3018743791181689,434.8756599165819,1.623437565852625,5059.952837906554,18.88934763577205,False,False,False,109,True,BARANGAY 109,BARANGAY109,3495.0,3254,1074,3.0,3.0,3,3,241.0,7.406269207129687,2.678733503916342,1304.7210537704727,10.550509550180003,56.73914292654924,46.18863337636924,1.3215631867344562,354.01155858480365
Barangay 110,178172.87162647865,57507.54945736374,32.27626570330106,75327.4259644247,42.27771897976759,88720.55901727299,49.79465067121252,False,False,False,110,True,BARANGAY 110,BARANGAY110,2431.0,2677,7131,1.920067312,2.0,0,4,-246.0,-9.18939110945088,17.817287162647865,136.44052418352132,784.6360192472487,1027.7713483981502,243.1353291509015,10.001453276466535,17819.876507060966
Barangay 111,14528.537544348814,1590.8407994677186,10.949765553563996,5220.771535196101,35.93459781660427,5711.810687568425,39.31442287382984,False,False,False,111,True,BARANGAY 111,BARANGAY111,2676.0,2661,581,3.388984509,3.0,3,4,15.0,0.5636978579481398,1.4528537544348814,1841.8922013529761,293.01572621337255,961.6098375723302,668.5941113589577,24.98483226304027,3629.930735728382
Barangay 112,27445.579878500143,12375.782698850224,45.09207950291827,17431.48944584277,63.5129209257406,18608.35179359309,67.80090592354433,False,False,False,112,True,BARANGAY 112,BARANGAY112,5840.0,5593,1097,3.642661805,4.0,3,4,247.0,4.416234578937958,2.744557987850014,2127.8471891843105,2633.3774429704267,3709.154582063251,1075.7771390928242,18.420841422822335,5055.706746992546
Barangay 116,42310.69238089811,21367.254407617034,50.50083845298558,33884.84690900478,80.08577738213208,36424.19683857071,86.08745163200174,False,False,False,116,True,BARANGAY 116,BARANGAY116,6182.0,5943,1689,3.0,3.0,3,3,239.0,4.021537943799428,4.231069238089811,1461.0963924549178,3121.961833163569,4950.902757763405,1828.9409245998363,29.584938929146496,12517.592501387746
Barangay 117,20995.05204561053,5109.451875023786,24.33645729443204,12030.53153566207,57.3017466664357,18414.52120525213,87.70886190349832,False,False,False,117,True,BARANGAY 117,BARANGAY117,4262.0,4160,856,3.0,3.0,3,3,102.0,2.451923076923077,2.099505204561053,2030.0021122791468,1037.2198098886936,2442.2004429234894,1404.9806330347958,32.96528937200365,6921.079660638285
Barangay 118,141955.9136313497,10291.52627343567,7.24980454154386,20294.239241655134,14.296156266062969,23236.105555098988,16.368536512992087,False,False,False,118,True,BARANGAY 118,BARANGAY118,10891.0,10840,5668,1.263937897,1.0,0,3,51.0,0.4704797047970479,14.195591363134968,767.2100246759161,789.5762126195417,1556.9943789369179,767.4181663173762,7.046351724519109,10002.712968219465
Barangay 119,18636.1581505413,3753.7701365541934,20.142403312053684,7033.634215829445,37.74186803423938,7831.965111715721,42.02564202583908,False,False,False,119,True,BARANGAY 119,BARANGAY119,1877.0,2345,742,2.785714286,3.0,2,3,-468.0,-19.957356076759062,1.8636158150541302,1007.181836963259,378.07291016724764,708.4148630026731,330.34195283542545,17.599464722185697,3279.8640792752512
Barangay 120,16996.94356550251,0.0,0.0,400.0000000200816,2.3533642885767607,962.5258444783758,5.662934872784693,False,False,False,120,True,BARANGAY 120,BARANGAY120,3886.0,3873,683,2.042459736,2.0,2,3,13.0,0.3356571133488252,1.6996943565502511,2286.2934062375416,0.0,91.45173625409292,91.45173625409292,2.3533642885767607,400.0000000200816
Barangay 121,28003.33959020228,2182.3142216942915,7.793049877728986,4177.875394493476,14.919204122194117,6415.28642154726,22.90900483809374,False,False,False,121,True,BARANGAY 121,BARANGAY121,4097.0,4511,1119,2.90437891,3.0,2,3,-414.0,-9.177565949900243,2.800333959020228,1463.0397873807328,319.28125349055654,611.2397928862929,291.95853939573635,7.1261542444651305,1995.5611727991845
Barangay 122,23231.612252530005,8168.861071921702,35.162695482024,15055.354560767557,64.80546591908607,21333.636607601737,91.83020263812482,False,False,False,122,True,BARANGAY 122,BARANGAY122,3830.0,3824,920,3.0,3.0,3,3,6.0,0.15690376569037656,2.3231612252530005,1648.6156700479964,1346.731236961519,2482.0493447009962,1135.3181077394772,29.642770437062076,6886.493488845855
Barangay 123,98787.31996444454,6340.766748242467,6.418603876008207,8802.66779782045,8.910726397870395,8670.060317198082,8.77649107225361,False,True,False,123,True,BARANGAY 123,BARANGAY123,8879.0,8660,3953,1.232987604,1.0,0,2,219.0,2.5288683602771362,9.878731996444454,898.7995628584441,569.9078381507687,791.1833968669123,221.27555871614356,2.4921225218621874,2461.901049577983
Barangay 124,30715.56182005786,15995.003150509896,52.07459086769772,30415.561820027888,99.02329639357576,30015.56182007358,97.7210249186223,False,True,False,124,True,BARANGAY 124,BARANGAY124,307.0,159,1230,2.0,2.0,2,2,148.0,93.08176100628931,3.071556182005786,99.94933571409493,159.868993963832,304.0015199282776,144.13252596444562,46.94870552587804,14420.558669517992
Barangay 125,15408.265303905822,4723.51455398475,30.655719257296223,12229.904786321287,79.37236635730268,13737.76795021576,89.1584333424827,False,False,False,125,True,BARANGAY 125,BARANGAY125,3749.0,4510,621,1.972624799,2.0,1,2,-761.0,-16.873614190687363,1.5408265303905821,2433.109714855228,1149.2829149560353,2975.6700147352776,1826.3870997792424,48.716647100006455,7506.390232336537
Barangay 126,136570.36503288065,60274.73689708826,44.13456527159207,111882.51119259326,81.92297879972456,108885.45725287237,79.72846614758416,False,True,False,126,True,BARANGAY 126,BARANGAY126,913.0,1162,5458,1.919017955,2.0,0,4,-249.0,-21.428571428571427,13.657036503288065,66.85198503937413,402.9485809296356,747.9567964414853,345.00821551184964,37.78841352813249,51607.774295505
Barangay 127,45215.569144902365,22599.671355833856,49.98205658632466,44078.550981050335,97.4853392639862,43684.10750721101,96.61297719645312,False,True,False,127,True,BARANGAY 127,BARANGAY127,574.0,565,1805,2.0,2.0,2,2,9.0,1.592920353982301,4.521556914490237,126.94742338872298,286.8970048055035,559.5658473752808,272.66884256977727,47.503282677661545,21478.87962521648
Barangay 128,1064549.236139954,253493.64125716328,23.812298450030266,329055.20075471903,30.910284802595907,360822.6182112532,33.89440393753818,False,False,False,128,True,BARANGAY 128,BARANGAY128,22298.0,23702,11552,9.141101108,5.0,0,30,-1404.0,-5.92355075521053,106.4549236139954,209.45954628507693,5309.666308387749,6892.375305282835,1582.7089968950859,7.097986352565641,75561.55949755575
Barangay 129,47163.94746636927,25755.550380864694,54.608555399714895,40149.66256679892,85.12786720286304,41045.64176542768,87.02757926421593,False,False,False,129,True,BARANGAY 129,BARANGAY129,5207.0,5716,1887,2.463698993,3.0,0,3,-509.0,-8.90482855143457,4.716394746636927,1104.021244980163,2843.467479663155,4432.608045253079,1589.1405655899239,30.51931180314815,14394.112185934227
Barangay 130,33233.301126325816,30272.12481911849,91.08973166417816,32454.43220989264,97.65636006645096,32454.43256730122,97.6563611419041,False,False,False,130,True,BARANGAY 130,BARANGAY130,1398.0,1758,1328,2.472138554,3.0,0,3,-360.0,-20.477815699658702,3.3233301126325814,420.66239362919384,1273.4344486652108,1365.2359137289843,91.80146506377355,6.566628402272798,2182.307390774149
Barangay 131,25719.1399280338,24534.011990083058,95.39203899793338,25719.139928033797,99.99999999999996,25719.139928033797,99.99999999999996,False,False,False,131,True,BARANGAY 131,BARANGAY131,1258.0,1621,1027,2.0,2.0,2,2,-363.0,-22.393584207279456,2.5719139928033803,489.1298867380798,1200.031850594002,1257.9999999999995,57.968149405997565,4.607961002066574,1185.1279379507396
Barangay 132,42084.65974068399,37662.6587560261,89.4926060661884,41735.415997375145,99.1701400333024,41831.489491310494,99.39842628897686,False,False,False,132,True,BARANGAY 132,BARANGAY132,1151.0,925,1683,1.782531194,2.0,0,3,226.0,24.43243243243243,4.208465974068399,273.4963302762094,1030.0598958218284,1141.4483117833106,111.38841596148222,9.677533967114002,4072.7572413490416
Barangay 133,75512.80170072953,61473.83608543483,81.4084959118143,72162.04544397385,95.56266463263368,71565.97195066807,94.77329716131652,False,True,False,133,True,BARANGAY 133,BARANGAY133,2317.0,2115,3021,1.84938762,2.0,0,3,202.0,9.55082742316785,7.551280170072952,306.83539053188326,1886.2348502767372,2214.1869395381227,327.9520892613855,14.154168720819385,10688.209358539025
Barangay 134,33839.733354730386,33839.73335473037,99.99999999999996,33839.73335473037,99.99999999999996,33839.73335473037,99.99999999999996,False,False,False,134,True,BARANGAY 134,BARANGAY134,1104.0,1058,1355,2.0,2.0,2,2,46.0,4.3478260869565215,3.383973335473039,326.24370541787204,1103.9999999999995,1103.9999999999995,0.0,0.0,0.0
Barangay 135,32412.559003831942,30311.82901665677,93.51877774622236,32012.55900371464,98.76591046060258,32312.559003893337,99.69147761543051,False,False,False,135,True,BARANGAY 135,BARANGAY135,1946.0,1935,1290,1.734883721,2.0,0,2,11.0,0.5684754521963824,3.2412559003831944,600.3845607407721,1819.8754149414872,1921.9846175633263,102.10920262183913,5.247132714380228,1700.7299870578681
Barangay 136,28726.774619473475,25023.84483235705,87.10983103335847,28726.774619473472,100.0,28726.774619473472,100.0,False,False,False,136,True,BARANGAY 136,BARANGAY136,1302.0,1197,1149,1.648389904,2.0,0,2,105.0,8.771929824561402,2.8726774619473474,453.2357068438141,1134.1700000543274,1302.0,167.82999994567263,12.890168966641525,3702.9297871164235
Barangay 137,30180.53166450219,30080.531664530707,99.6686605753566,30180.531664502185,100.0,30180.531664502185,100.0,False,False,False,137,True,BARANGAY 137,BARANGAY137,1060.0,911,1209,1.634408602,2.0,0,2,149.0,16.355653128430298,3.018053166450219,351.21979022216937,1056.4878020987799,1060.0,3.5121979012201336,0.33133942464340294,99.99999997147825
Barangay 138,25694.313094065543,21296.43577060776,82.88384940528518,25694.313094065543,100.0,25594.31309409697,99.61080882138212,False,True,False,138,True,BARANGAY 138,BARANGAY138,3217.0,2939,1029,2.0,2.0,2,2,278.0,9.458999659748214,2.5694313094065544,1252.028022007333,2666.373435368024,3217.0,550.6265646319762,17.116150594714824,4397.877323457782
Barangay 139,7163.013212032518,7163.013212032518,100.0,7163.013212032518,100.0,7163.013212032518,100.0,False,False,False,139,True,BARANGAY 139,BARANGAY139,440.0,371,286,2.0,2.0,2,2,69.0,18.598382749326145,0.7163013212032517,614.266631898546,440.0,440.0,0.0,0.0,0.0
Barangay 140,32470.73934812001,31470.739348385152,96.92030418829144,32470.73934812001,100.0,32470.73934812001,100.0,False,False,False,140,True,BARANGAY 140,BARANGAY140,568.0,543,1298,2.0,2.0,2,2,25.0,4.6040515653775325,3.247073934812001,174.9267221514271,550.5073277894953,568.0,17.49267221050468,3.079695811708561,999.9999997348568
Barangay 141,6964.051060083986,5602.908598636625,80.45473174013537,6964.051060083984,99.99999999999996,6964.051060083984,99.99999999999996,False,False,False,141,True,BARANGAY 141,BARANGAY141,553.0,529,278,2.0,2.0,2,2,24.0,4.536862003780719,0.6964051060083987,794.078037666385,444.9146665229486,552.9999999999998,108.08533347705117,19.545268259864585,1361.142461447359
Barangay 142,16766.421302310162,7025.484549158678,41.90211150301151,16707.713144422647,99.64984681686708,15976.62582203822,95.28942124242624,False,True,False,142,True,BARANGAY 142,BARANGAY142,1721.0,1710,671,2.0,2.0,2,2,11.0,0.6432748538011697,1.6766421302310162,1026.4563731097894,721.1353389668282,1714.9738637182825,993.8385247514543,57.74773531385557,9682.228595263969
Barangay 143,10294.622887607902,8476.130363891298,82.3355110374601,10294.622887607902,100.0,10094.622887520884,98.05723820803804,False,True,False,143,True,BARANGAY 143,BARANGAY143,1421.0,1401,412,0.769417476,1.0,0,1,20.0,1.4275517487508922,1.0294622887607903,1380.3322525884082,1169.987611842308,1421.0,251.01238815769193,17.664488962539906,1818.4925237166044
Barangay 144,31321.174735792527,28101.62239267101,89.72084422030844,31321.174735792527,100.0,31321.174735792527,100.0,False,False,False,144,True,BARANGAY 144,BARANGAY144,893.0,880,1254,0.884370016,1.0,0,2,13.0,1.4772727272727273,3.1321174735792527,285.1106344295308,801.2071388873544,893.0,91.7928611126456,10.279155779691564,3219.552343121515
Barangay 145,17633.45297367868,17327.72272848961,98.26619184770318,17633.45297367868,100.0,17633.45297367868,100.0,False,False,False,145,True,BARANGAY 145,BARANGAY145,1109.0,1029,705,1.009929078,1.0,0,2,80.0,7.774538386783285,1.7633452973678678,628.9182281288843,1089.7720675910284,1109.0,19.227932408971583,1.7338081522968167,305.7302451890682
Barangay 146,37439.83878939948,20704.67569884298,55.301188168324046,37267.615802467,99.54000072516006,37053.2408953912,98.967415708751,False,True,False,146,True,BARANGAY 146,BARANGAY146,2724.0,2895,1498,2.0,2.0,2,2,-171.0,-5.9067357512953365,3.743983878939948,727.5672353512534,1506.404365705147,2711.46961975336,1205.0652540482129,44.23881255683601,16562.94010362402
Barangay 147,130081.0961877349,95939.77764188612,73.75382008114728,114483.5371147284,88.00935760066483,122520.49652293276,94.187779864731,False,False,False,147,True,BARANGAY 147,BARANGAY147,2023.0,2275,5201,1.055373967,1.0,0,3,-252.0,-11.076923076923077,13.00810961877349,155.51836963922702,1492.0397802416096,1780.4293042614495,288.3895240198399,14.255537519517546,18543.759472842285
Barangay 148,104792.20088812402,70872.37924470624,67.63134913100019,89587.80857523438,85.49091231596346,94930.36297044212,90.58914896900544,False,False,False,148,True,BARANGAY 148,BARANGAY148,1827.0,2333,4199,1.11907597,1.0,0,2,-506.0,-21.68881268752679,10.479220088812403,174.3450356530351,1235.6247486233735,1561.9189680126522,326.2942193892786,17.859563184963264,18715.42933052813
Barangay 149,21491.37172367578,5035.740789786959,23.43145358301806,19238.34109952512,89.51658063934266,21290.992322807684,99.06762861187056,False,False,False,149,True,BARANGAY 149,BARANGAY149,1569.0,1554,858,1.0,1.0,1,1,15.0,0.9652509652509652,2.149137172367578,730.060426190258,367.6395067175534,1404.5151502312865,1036.8756435137332,66.08512705632461,14202.600309738162
Barangay 150,47675.96781819596,12798.257269975573,26.844252682566417,27290.711275728336,57.24207084751113,29017.588434082078,60.86418328147132,False,False,False,150,True,BARANGAY 150,BARANGAY150,1922.0,2277,1907,1.077084426,1.0,0,2,-355.0,-15.590689503732982,4.767596781819596,403.1381192573193,515.9465365589265,1100.192601689164,584.2460651302374,30.397818164944713,14492.454005752763
Barangay 151,52452.97354301263,31390.79834496341,59.84560306999991,43105.535680263776,82.1793937857808,46428.501053310414,88.51452628369675,False,False,False,151,True,BARANGAY 151,BARANGAY151,1725.0,1639,2100,0.86952381,1.0,0,1,86.0,5.247101891397193,5.245297354301263,328.8660076793284,1032.3366529574985,1417.594542804719,385.25788984722044,22.333790715780893,11714.737335300368
Barangay 152,25177.07763382673,24508.699532877945,97.34529117846948,25177.07763382673,100.0,25177.07763382673,100.0,False,False,False,152,True,BARANGAY 152,BARANGAY152,6016.0,6218,1010,1.0,1.0,1,1,-202.0,-3.248633000964941,2.517707763382673,2389.475096155396,5856.292717296724,6016.0,159.70728270327618,2.6547088215305195,668.3781009487866
Barangay 153,20940.92375452956,18533.75655635804,88.50496173717815,20691.144241781967,98.80721826947313,20940.92375452956,100.0,False,False,False,153,True,BARANGAY 153,BARANGAY153,1658.0,2051,841,1.0,1.0,1,1,-393.0,-19.16138469039493,2.0940923754529557,791.7511278084721,1467.4122656024138,1638.2236789078645,170.81141330545074,10.302256532294976,2157.387685423928
Barangay 154,24219.238995162686,17304.925977729552,71.45115493177084,22996.99878907685,94.9534326560386,23861.904655364247,98.5245847738246,False,False,False,154,True,BARANGAY 154,BARANGAY154,774.0,948,969,1.0,1.0,1,1,-174.0,-18.354430379746837,2.4219238995162686,319.5806441955468,553.0319391719063,734.9395687577388,181.90762958583252,23.502277724267756,5692.072811347298
Barangay 155,18077.414388859,16200.745802189447,89.61871124763213,17377.473879383437,96.12809390536,18077.414388859,100.0,False,False,False,155,True,BARANGAY 155,BARANGAY155,3292.0,3257,720,1.0,1.0,1,1,35.0,1.0746085354620816,1.8077414388859,1821.056888549747,2950.2479742720498,3164.536851364451,214.28887709240144,6.509382657727869,1176.7280771939895
Barangay 156,43379.90327877888,22996.842105582764,53.01266339344893,39005.440480920464,89.91592311825562,41799.55764920815,96.35696368566175,False,False,False,156,True,BARANGAY 156,BARANGAY156,1627.0,1615,1734,1.0,1.0,1,1,12.0,0.7430340557275541,4.337990327877888,375.05846648485175,862.5160334114141,1462.932069134019,600.4160357226049,36.90325972480669,16008.5983753377
Barangay 157,18031.153594448944,11663.760045719198,64.68671005780791,15900.724062749634,88.18472972048122,15755.182487933058,87.3775624249767,False,True,False,157,True,BARANGAY 157,BARANGAY157,1409.0,1505,721,1.0,1.0,1,1,-96.0,-6.378737541528238,1.8031153594448943,781.4253218018029,911.4357447145136,1242.5228417615804,331.0870970470668,23.4980196626733,4236.964017030436
Barangay 158,24130.901419763228,18010.307829898557,74.63586841040302,23039.78254793232,95.4783335572484,23038.54456508928,95.47320327710878,False,True,False,158,True,BARANGAY 158,BARANGAY158,2037.0,1934,963,1.0,1.0,1,1,103.0,5.325749741468459,2.4130901419763227,844.1458379717616,1520.3326395199094,1944.89365456115,424.5610150412406,20.842465146845385,5029.474718033762
Barangay 159,13711.23330341226,3292.3974916642533,24.01240952442176,8967.06558609541,65.39940928482204,12501.69558046147,91.17849068581032,False,False,False,159,True,BARANGAY 159,BARANGAY159,1595.0,1558,549,1.0,1.0,1,1,37.0,2.3748395378690628,1.371123330341226,1163.2797463982024,382.9979319145271,1043.1205780929115,660.1226461783845,41.386999760400286,5674.668094431157
Barangay 160,14943.093048399976,11601.997916533524,77.64120774029311,13054.986544097654,87.36468749684664,12324.27670271759,82.47473707618522,False,True,False,160,True,BARANGAY 160,BARANGAY160,1399.0,1256,602,1.0,1.0,1,1,143.0,11.385350318471337,1.4943093048399976,936.2184893507019,1086.2004962867006,1222.2319780808846,136.03148179418395,9.72347975655353,1452.9886275641293
Barangay 161,30063.30898537677,13815.077352324906,45.95328265110391,22429.09501561017,74.60620860637798,25235.02246112959,83.93960383204745,False,False,False,161,True,BARANGAY 161,BARANGAY161,876.0,1004,1199,1.847372811,2.0,1,2,-128.0,-12.749003984063744,3.006330898537677,291.38509018621306,402.55075602367026,653.550387391871,250.99963136820077,28.652925955274064,8614.017663285265
Barangay 162,23446.46766249722,20660.27711705652,88.11680042577488,21904.371674272254,93.42290697932482,22007.815409836905,93.86409810906636,False,False,False,162,True,BARANGAY 162,BARANGAY162,586.0,556,941,1.010626993,1.0,1,2,30.0,5.39568345323741,2.344646766249722,249.93103798629372,516.3644504950408,547.4582348988434,31.0937844038026,5.306106553549938,1244.0945572157325
Barangay 163,45351.6543397573,12194.442646146716,26.888639066594138,31909.889772882023,70.36102703955471,40195.79125532476,88.63136712542659,False,False,False,163,True,BARANGAY 163,BARANGAY163,3850.0,3840,1809,1.037589829,1.0,1,2,10.0,0.26041666666666663,4.535165433975729,848.92162282709,1035.2126040638743,2708.8995410228563,1673.686936958982,43.472387972960576,19715.447126735307
Barangay 164,26613.361445754243,6638.582036378849,24.94454543034786,16275.837844616331,61.15664072646823,21697.71080424354,81.52938834303127,False,False,False,164,True,BARANGAY 164,BARANGAY164,1824.0,1807,1064,1.0,1.0,1,1,17.0,0.9407858328721639,2.6613361445754244,685.3700175071237,454.98850864954494,1115.4971268507807,660.5086182012358,36.212095296120374,9637.255808237482
Barangay 165,22703.25255158761,19282.08651495517,84.93094313751443,21350.960295142,94.04361884548102,21683.706262747623,95.50925011064685,False,False,False,165,True,BARANGAY 165,BARANGAY165,903.0,1014,906,1.0,1.0,1,1,-111.0,-10.946745562130179,2.270325255158761,397.7403669135744,766.9264165317553,849.2138781746936,82.2874616429383,9.112675707966588,2068.87378018683
Barangay 166,33590.150872628066,28114.384396808862,83.69829746647164,33590.150872628066,100.0,33590.150872628066,100.0,False,False,False,166,True,BARANGAY 166,BARANGAY166,860.0,882,1344,1.0,1.0,1,1,-22.0,-2.494331065759637,3.3590150872628066,256.02742996334575,719.8053582116561,860.0,140.19464178834392,16.301702533528356,5475.766475819204
Barangay 167,28767.113255129327,18699.25416273148,65.00219190188403,26911.375784048218,93.54910082696524,28767.113255129327,100.0,False,False,False,167,True,BARANGAY 167,BARANGAY167,955.0,926,1149,1.570931245,2.0,1,2,29.0,3.131749460043196,2.876711325512933,331.97630625301565,620.7709326629925,893.3939128975181,272.6229802345256,28.546908925081212,8212.121621316739
Barangay 168,30099.75805121969,29899.75805113646,99.33554283146432,30099.75805121969,100.0,30099.75805121969,100.0,False,False,False,168,True,BARANGAY 168,BARANGAY168,1154.0,1387,1208,1.517384106,2.0,1,2,-233.0,-16.79884643114636,3.009975805121969,383.391786085549,1146.3321642750982,1154.0,7.667835724901806,0.6644571685356766,200.00000008322968
Barangay 169,27424.258915965307,27424.258915965307,100.0,27424.258915965307,100.0,27424.258915965307,100.0,False,False,False,169,True,BARANGAY 169,BARANGAY169,1100.0,914,1093,1.772186642,2.0,1,2,186.0,20.350109409190374,2.7424258915965307,401.1047311690979,1100.0,1100.0,0.0,0.0,0.0
Barangay 170,19400.05662741392,19400.056627413916,99.99999999999996,19400.056627413916,99.99999999999996,19400.056627413916,99.99999999999996,False,False,False,170,True,BARANGAY 170,BARANGAY170,1245.0,1378,777,2.0,2.0,2,2,-133.0,-9.65166908563135,1.940005662741392,641.7507040885179,1244.9999999999995,1244.9999999999995,0.0,0.0,0.0
Barangay 171,27048.240575300777,27048.240575300777,100.0,27048.240575300777,100.0,27048.240575300777,100.0,False,False,False,171,True,BARANGAY 171,BARANGAY171,1026.0,1124,1079,1.746061168,2.0,1,2,-98.0,-8.718861209964412,2.7048240575300775,379.32226946284135,1026.0,1026.0,0.0,0.0,0.0
Barangay 172,45274.9571093465,45274.9571093465,100.0,45274.9571093465,100.0,45274.9571093465,100.0,False,False,False,172,True,BARANGAY 172,BARANGAY172,1038.0,1210,1810,1.702209945,2.0,0,2,-172.0,-14.214876033057852,4.52749571093465,229.2658163083531,1038.0,1038.0,0.0,0.0,0.0
Barangay 173,30457.955673690984,14229.711586803229,46.719194614543966,20424.249851599023,67.05719211890873,27589.404007065303,90.58192973501671,False,False,False,173,True,BARANGAY 173,BARANGAY173,1704.0,1616,1218,1.866174056,2.0,1,2,88.0,5.445544554455446,3.0457955673690984,559.4597412431996,796.0950762318292,1142.6545537062048,346.5594774743755,20.337997504364765,6194.538264795794
Barangay 174,25600.759390259827,13260.020861113717,51.79542004585488,22315.577065185054,87.16763719780647,24640.643490522747,96.2496585155893,False,False,False,174,True,BARANGAY 174,BARANGAY174,751.0,715,1026,1.003898635,1.0,1,2,36.0,5.034965034965035,2.5600759390259826,293.35067313891034,388.98360454437017,654.6289553555266,265.64535081115645,35.37221715195159,9055.556204071338
Barangay 175,36800.853366133495,36005.48683797168,97.83872803098158,36800.853366133495,100.0,36800.853366133495,100.0,False,False,False,175,True,BARANGAY 175,BARANGAY175,996.0,988,1470,1.719047619,2.0,0,3,8.0,0.8097165991902834,3.6800853366133497,270.64589782490833,974.4737311885765,996.0,21.526268811423506,2.161271969018415,795.366528161816
Barangay 176,44296.579748201904,44296.5797482019,100.0,44296.5797482019,100.0,44296.5797482019,100.0,False,False,False,176,True,BARANGAY 176,BARANGAY176,1312.0,1278,1772,1.691873589,2.0,0,3,34.0,2.660406885758998,4.4296579748201905,296.18539568018383,1312.0,1312.0,0.0,0.0,0.0
Barangay 177,137195.75782410734,101697.39397712208,74.12575694031578,115775.60008406694,84.38715738754675,118077.25523097496,86.0648004746303,False,False,False,177,True,BARANGAY 177,BARANGAY177,3440.0,3308,5498,1.379046926,1.0,0,3,132.0,3.990326481257558,13.719575782410734,250.73661566199976,2549.926038746863,2902.9182141316082,352.9921753847452,10.261400447230969,14078.206106944868
Barangay 178,22836.098089464635,22712.870304574262,99.46038160981968,22836.09808946463,100.0,22836.09808946463,100.0,False,False,False,178,True,BARANGAY 178,BARANGAY178,1324.0,1519,909,1.867986799,2.0,0,2,-195.0,-12.837393021724818,2.2836098089464634,579.783811933626,1316.8554525140125,1324.0,7.144547485987459,0.5396183901803226,123.22778489036864
Barangay 179,32292.58303187344,4628.450400453668,14.332859021792382,11113.809257530784,34.41598105224728,28210.701463139027,87.35969320043084,False,False,False,179,True,BARANGAY 179,BARANGAY179,1034.0,1021,1293,2.012374323,2.0,2,3,13.0,1.2732615083251715,3.229258303187344,320.1973651285253,148.20176228533325,355.8612440802369,207.65948179490363,20.083122030454902,6485.358857077115
Barangay 180,35218.183254043885,12907.808470947675,36.65097764367375,19235.110742258075,54.61698749054419,19208.989583063576,54.542817965653946,False,True,False,180,True,BARANGAY 180,BARANGAY180,2160.0,2145,1409,2.322214336,2.0,0,3,15.0,0.6993006993006993,3.5218183254043884,613.3195413343705,791.6611171033529,1179.7269297957546,388.06581269240166,17.966009846870442,6327.3022713104
Barangay 181,18478.77093146224,2022.9481270525075,10.94741709043108,9548.068669533091,51.67047475693529,16065.228462601175,86.93883658273111,False,False,False,181,True,BARANGAY 181,BARANGAY181,2334.0,2773,741,2.241565452,2.0,2,3,-439.0,-15.83122971510999,1.847877093146224,1263.0710173619261,255.51271489066139,1205.9888808268697,950.4761659362083,40.72305766650421,7525.120542480584
Barangay 182,52708.31583141249,12980.382170267318,24.62682020003269,14780.382169910035,28.041841096166078,11758.979600258972,22.30953392225633,False,True,True,182,True,BARANGAY 182,BARANGAY182,4072.0,3936,2111,2.488394126,3.0,0,4,136.0,3.4552845528455287,5.2708315831412484,772.5536162119635,1002.8041185453311,1141.8637694358827,139.05965089055155,3.415020896133388,1799.9999996427177
Barangay 183,41175.74110818435,26133.36817678959,63.467875679826335,28738.949136723604,69.79582725958822,30129.695048098805,73.1734128814746,False,False,False,183,True,BARANGAY 183,BARANGAY183,8512.0,8424,1647,2.061930783,2.0,0,3,88.0,1.0446343779677114,4.117574110818436,2067.2366230484436,5402.385577866818,5941.020816336149,538.6352384693319,6.327951579761887,2605.5809599340137
Barangay 184,45059.85737715362,34268.00831347953,76.04997065715125,43750.73143914128,97.09469577976051,43694.28198768484,96.96941919269996,False,True,False,184,True,BARANGAY 184,BARANGAY184,2126.0,3311,1804,2.211197339,2.0,2,3,-1185.0,-35.789791603745094,4.505985737715362,471.81685068491385,1616.8223761710356,2064.2332322777083,447.4108561066728,21.044725122609265,9482.723125661752
Barangay 185,34307.67771909733,1160.5017544895366,3.382629870757893,9475.973060721608,27.620561025169067,23904.080575456377,69.67560081208936,False,False,False,185,True,BARANGAY 185,BARANGAY185,3399.0,3532,1371,2.0,2.0,2,2,-133.0,-3.7655719139297847,3.430767771909733,990.7403316045348,114.97558930706079,938.8228692454966,823.8472799384358,24.237931154411175,8315.471306232072
Barangay 186,46218.827589428,15055.281798932783,32.57391540233811,34303.00453296719,74.21868169761534,43202.63707321976,93.47410855376576,False,False,False,186,True,BARANGAY 186,BARANGAY186,1492.0,1678,1848,2.596320346,3.0,2,3,-186.0,-11.084624553039331,4.6218827589428,322.81216937256903,486.00281780288464,1107.342730928421,621.3399131255362,41.64476629527723,19247.72273403441
Barangay 187,11007.71986614989,5937.412056295309,53.93861879201334,6655.035434952324,60.45789242345626,8174.473860369657,74.26128171654497,False,False,False,187,True,BARANGAY 187,BARANGAY187,717.0,886,438,6.767123288,7.0,5,9,-169.0,-19.0744920993228,1.100771986614989,651.3610527143449,386.73989673873564,433.4830886761814,46.74319193744577,6.519273631442921,717.6233786570147
Barangay 188,13971.383923794783,0.0,0.0,0.0,0.0,0.0,0.0,False,False,False,188,True,BARANGAY 188,BARANGAY188,872.0,865,556,8.517985612,9.0,7,9,7.0,0.8092485549132947,1.3971383923794782,624.132873848588,0.0,0.0,0.0,0.0,0.0
Barangay 189,24231.381599060715,1918.2843342462804,7.9165289292486705,2627.900479152369,10.84502948545961,3766.797444476933,15.545120401318538,False,False,False,189,True,BARANGAY 189,BARANGAY189,1618.0,1481,968,8.205578512,8.0,7,9,137.0,9.25050641458474,2.4231381599060713,667.7291566662955,128.0894380752435,175.4725770747365,47.38313899949301,2.92850055621094,709.6161449060885
Barangay 190,15567.254954659404,132.56675229437008,0.8515743634987604,137.74081343270933,0.8848111875464748,122.97320594275956,0.7899479150365728,False,True,True,190,True,BARANGAY 190,BARANGAY190,1282.0,1232,623,7.433386838,8.0,5,9,50.0,4.058441558441558,1.5567254954659404,823.5234816503645,10.917183340054107,11.343279424345807,0.4260960842917001,0.03323682404771444,5.174061138339255
Barangay 191,10480.285034597526,166.5896430756266,1.5895525982898435,305.86569889159466,2.9184864522469622,352.4250933663187,3.362743400612605,False,False,False,191,True,BARANGAY 191,BARANGAY191,754.0,703,420,8.657142857,9.0,8,9,51.0,7.254623044096728,1.0480285034597525,719.4460813908158,11.985226591105421,22.005387849942093,10.020161258836671,1.3289338539571187,139.27605581596805
Barangay 192,34078.49826185175,6281.8906886825525,18.433590120121707,7676.515008188646,22.525977961833814,5860.097205661324,17.195878646510813,False,True,True,192,True,BARANGAY 192,BARANGAY192,1771.0,1878,1360,7.760294118,8.0,5,9,-107.0,-5.697550585729499,3.4078498261851755,519.682524268535,326.4588810273554,398.9350697040768,72.47618867672139,4.092387841712107,1394.6243195060933
Barangay 193,11325.535319622206,174.41821683423012,1.540043908847642,274.41821693467114,2.4230043807220683,800.1798764587337,7.0652720059278025,False,False,False,193,True,BARANGAY 193,BARANGAY193,928.0,979,456,6.760964912,7.0,3,8,-51.0,-5.209397344228805,1.1325535319622206,819.3873170764664,14.291607474106119,22.485480653100794,8.193873178994675,0.8829604718744262,100.00000010044101
Barangay 194,16996.97253876985,1422.8452168139106,8.371168533504548,1522.8452167489138,8.959508602342718,1063.0286783809668,6.254223662221102,False,True,True,194,True,BARANGAY 194,BARANGAY194,746.0,775,682,6.350439883,7.0,4,8,-29.0,-3.741935483870968,1.699697253876985,438.9016916385461,62.44891725994393,66.83793417347668,4.38901691353275,0.5883400688381695,99.99999993500319
Barangay 195,10564.470362836,2146.488282023241,20.317992367835306,2346.488282309565,22.21113034273928,2100.489774699968,19.88258476344571,False,True,True,195,True,BARANGAY 195,BARANGAY195,1261.0,1401,420,5.435714286,6.0,3,7,-140.0,-9.992862241256246,1.0564470362836,1193.6234914681404,256.2098837584032,280.08235362194233,23.872469863539152,1.8931379749039756,200.00000028632394
Barangay 196,20158.04659089752,10511.252726783332,52.144202958285405,12479.174382659949,61.90666504508919,12864.670612937807,63.8190340265754,False,False,False,196,True,BARANGAY 196,BARANGAY196,1468.0,1631,809,5.203955501,5.0,4,8,-163.0,-9.993868792152053,2.015804659089752,728.2451667032478,765.4768994276297,908.7898428619094,143.31294343427965,9.762462086803787,1967.9216558766166
Barangay 197,14540.094879264909,10048.305299929416,69.1075634881787,11502.811010176809,79.11097627416821,13961.964651196691,96.02388957658958,False,False,False,197,True,BARANGAY 197,BARANGAY197,305.0,523,579,4.426597582,4.0,4,6,-218.0,-41.68260038240918,1.4540094879264909,209.76479351242006,210.77806863894503,241.28847763621303,30.510408997268,10.00341278598951,1454.505710247393
Barangay 198,43310.44115129361,34284.865546967485,79.16073961750318,42510.44115136727,98.1528703502886,42240.255649456885,97.52903578585516,False,True,False,198,True,BARANGAY 198,BARANGAY198,3840.0,5032,1730,2.834682081,3.0,2,3,-1192.0,-23.68839427662957,4.3310441151293615,886.6222319430947,3039.7724013121224,3769.070221451082,729.2978201389597,18.992130732785412,8225.575604399783
Barangay 199,35797.29836637045,35520.3565828059,99.22636121661984,35797.29836636952,99.9999999999974,35497.29836627924,99.16194792964308,False,True,True,199,True,BARANGAY 199,BARANGAY199,2240.0,3471,1434,2.19665272,2.0,2,4,-1231.0,-35.46528377989052,3.579729836637045,625.7455456762498,2222.6704912522846,2239.999999999942,17.3295087476572,0.7736387833775638,276.94178356361954
Barangay 200,15201.717297433668,14980.872164654014,98.54723562832643,15110.843235384498,99.40221186678356,14982.686689982189,98.55917194639282,False,True,False,200,True,BARANGAY 200,BARANGAY200,757.0,1666,609,2.561576355,3.0,2,3,-909.0,-54.56182472989196,1.5201717297433668,497.97005508568145,746.0025737064311,752.4747438315516,6.472170125120442,0.8549762384571267,129.97107073048392
Barangay 201,52254.558649249295,45595.32144366203,87.25616027055865,48196.35234834744,92.2337755675214,49577.63876626499,94.87715531011808,False,False,False,201,True,BARANGAY 201,BARANGAY201,1166.0,1152,2092,2.658221797,3.0,2,4,14.0,1.215277777777778,5.225455864924929,223.13842660629786,1017.4068287547138,1075.4458231172996,58.038994362585754,4.977615296962753,2601.030904685409
Barangay 202,32693.32741449316,32116.852783679788,98.23672083448496,32639.911000132844,99.83661371116165,32693.32741449316,100.0,False,False,False,202,True,BARANGAY 202,BARANGAY202,1289.0,1420,1309,2.286478228,2.0,2,4,-131.0,-9.225352112676056,3.269332741449316,394.27005506590865,1266.271331556511,1286.8939507368736,20.622619180362562,1.599892876676691,523.058216453057
Barangay 202-A,19509.656006210684,11901.593793142589,61.00360656976138,12810.285720078477,65.66125879410926,13888.171116315509,71.18614040090897,False,False,False,202,True,BARANGAY 202-A,BARANGAY202A,1037.0,1213,782,3.626598465,4.0,3,6,-176.0,-14.509480626545754,1.9509656006210683,531.5316680467778,632.6074001284255,680.907253694913,48.29985356648751,4.657652224347878,908.6919269358878
Barangay 203,60626.158468484406,50768.553263112655,83.74034335278544,56909.729001274165,93.86992420253353,54406.45017207267,89.74088338510686,False,True,False,203,True,BARANGAY 203,BARANGAY203,2014.0,2462,2427,2.02183766,2.0,2,3,-448.0,-18.1965881397238,6.06261584684844,332.1998376405372,1686.5305151250989,1890.5402734390252,204.00975831392634,10.12958084974808,6141.17573816151
Barangay 204,51658.44156297033,48054.53432450398,93.02358505323224,50374.87103025234,97.51527437939964,49070.31357070012,94.98992243287992,False,True,False,204,True,BARANGAY 204,BARANGAY204,1932.0,2684,2068,1.988394584,2.0,1,3,-752.0,-28.017883755588674,5.165844156297033,373.99502221625113,1797.2156632284468,1883.995101010001,86.77943778155418,4.491689326167403,2320.336705748363
Barangay 205,46420.66338839728,42972.776085429934,92.57251609241514,45320.66338823547,97.63036561765992,44928.49967735576,96.78556142432362,False,True,False,205,True,BARANGAY 205,BARANGAY205,1832.0,1760,1856,2.154094828,2.0,2,3,72.0,4.090909090909091,4.6420663388397285,394.65183525531074,1695.9284948130455,1788.5882981155298,92.6598033024843,5.057849525244777,2347.8873028055386
Barangay 206,41468.85937303222,17761.69581739852,42.83140671322443,24203.548176963148,58.3655990130827,27323.047890453385,65.88811050882664,False,False,False,206,True,BARANGAY 206,BARANGAY206,2487.0,2433,1657,2.942667471,3.0,2,4,54.0,2.219482120838471,4.146885937303222,599.7271296102566,1065.2170849578915,1451.5524474553667,386.3353624974752,15.534192299858269,6441.852359564629
Barangay 207,49573.15188656466,20265.969945068668,40.8809389232343,25112.022908109662,50.656498431998095,27926.44368209801,56.333806948568565,False,False,False,207,True,BARANGAY 207,BARANGAY207,1139.0,1541,1983,2.716591024,3.0,2,4,-402.0,-26.08695652173913,4.957315188656466,229.76146495714192,465.6338943356386,576.9775171404583,111.34362280481969,9.775559508763799,4846.052963040995
Barangay 208,30034.31653771272,8835.270645522,29.417252210244083,12496.043012131124,41.60588437709383,13452.103455388537,44.78911127708648,False,False,False,208,True,BARANGAY 208,BARANGAY208,454.0,635,1198,3.464106845,3.0,3,4,-181.0,-28.503937007874015,3.0034316537712717,151.16042325449055,133.55432503450814,188.89071507200597,55.336390037497836,12.188632166849747,3660.772366609124
Barangay 209,62757.17294077655,26213.61395399695,41.76990888154655,42405.06610534973,67.57007066804466,40333.56405587859,64.26924949908285,False,True,False,209,True,BARANGAY 209,BARANGAY209,4704.0,5075,2513,2.076800637,2.0,2,3,-371.0,-7.310344827586207,6.275717294077655,749.5557526848967,1964.8565137879496,3178.4961242248214,1213.6396104368719,25.800161786498116,16191.45215135278
Barangay 210,36300.43789533796,15150.272327911807,41.73578393625259,29695.117573291536,81.80374478927502,25622.95726115588,70.5858076286364,False,True,False,210,True,BARANGAY 210,BARANGAY210,3106.0,3212,1461,2.800136893,3.0,2,3,-106.0,-3.300124533001245,3.630043789533796,855.6370611713479,1296.3134490600055,2540.824313154882,1244.5108640948765,40.06796085302243,14544.845245379729
Barangay 211,31201.746501331243,4097.712640271151,13.13295920821714,11319.96846718139,36.2799193522658,10394.775041177698,33.31472179204519,False,True,False,211,True,BARANGAY 211,BARANGAY211,2102.0,2007,1246,2.83788122,3.0,2,3,95.0,4.733432984554061,3.1201746501331242,673.6802377105131,276.05480255672427,762.603904784627,486.5491022279028,23.146960144048663,7222.255826910239
Barangay 212,29140.310321943267,6848.678982380677,23.502422955405105,12349.196683389702,42.37839798874927,12980.246989740108,44.54395593709828,False,False,False,212,True,BARANGAY 212,BARANGAY212,2131.0,2675,1168,2.660958904,3.0,2,3,-544.0,-20.33644859813084,2.914031032194327,731.2893982447785,500.8366331796828,903.083661140247,402.24702796056425,18.875975033344165,5500.517701009026
Barangay 213,31877.40952802858,29087.286833538907,91.24733554012153,31640.234123597744,99.25597654281697,30808.1935669076,96.64585053506038,False,True,False,213,True,BARANGAY 213,BARANGAY213,3037.0,3231,1273,1.86410055,2.0,1,2,-194.0,-6.004333023831631,3.187740952802858,952.7122953104714,2771.1815803534905,3014.4040076053516,243.22242725186106,8.008641002695441,2552.947290058837
Barangay 214,15968.28194869886,15468.28194861824,96.86879276250905,15968.281948698856,99.99999999999996,15968.281948698856,99.99999999999996,False,False,False,214,True,BARANGAY 214,BARANGAY214,1323.0,1577,634,1.291798107,1.0,1,2,-254.0,-16.106531388712746,1.596828194869886,828.5174349065159,1281.5741282479946,1322.9999999999993,41.425871752004696,3.131207237490912,500.0000000806158
Barangay 215,17807.55858502445,16177.126529858751,90.84415728646351,17807.55858502445,100.0,17449.197448954514,97.98758973972262,False,True,False,215,True,BARANGAY 215,BARANGAY215,3147.0,3106,719,2.268428373,2.0,2,3,41.0,1.3200257566001288,1.780755858502445,1767.2270934694664,2858.865629805007,3147.0,288.13437019499315,9.155842713536487,1630.4320551656983
Barangay 216,31772.309197836865,25892.92516089438,81.49525739431377,29909.484602127355,94.13695559831598,30299.886294910288,95.36570384683648,False,False,False,216,True,BARANGAY 216,BARANGAY216,2237.0,2431,1270,1.97007874,2.0,1,2,-194.0,-7.9802550390785685,3.1772309197836863,704.072211456478,1823.048907910799,2105.843696734328,282.7947888235292,12.64169820400221,4016.5594412329738
Barangay 217,28037.51959888959,27146.00427508296,96.82027748331224,27911.23273143036,99.5495790310059,28037.519598889587,100.0,False,False,False,217,True,BARANGAY 217,BARANGAY217,1025.0,1263,1125,1.037333333,1.0,1,2,-238.0,-18.844022169437846,2.803751959888959,365.5815545254561,992.4078442039504,1020.3831850678106,27.975340863860197,2.729301547693666,765.2284563473986
Barangay 218,22509.645629960607,16004.56297821582,71.10091043331911,22177.42221942629,98.5240842259546,22200.705644530237,98.6275217721812,False,False,False,218,True,BARANGAY 218,BARANGAY218,339.0,321,901,1.036625971,1.0,1,2,18.0,5.607476635514018,2.2509645629960606,150.60210434800757,241.0320863689518,333.9966455259861,92.96455915703427,27.42317379263548,6172.859241210472
Barangay 219,36886.776026492094,32128.24171248066,87.09961990011311,36486.77602661725,98.91560054045505,35386.77602633174,95.93350202499929,False,True,False,219,True,BARANGAY 219,BARANGAY219,1117.0,1080,1477,1.658090724,2.0,1,2,37.0,3.425925925925926,3.6886776026492094,302.8185491726819,972.9027542842634,1104.887258036883,131.9845037526195,11.815980640341934,4358.534314136588
Barangay 220,53597.29662310177,39926.56365230618,74.49361473036838,48860.66689742932,91.16255851674644,46229.54600446581,86.2535032868425,False,True,False,220,True,BARANGAY 220,BARANGAY220,1290.0,1270,2139,1.849462366,2.0,1,2,20.0,1.574803149606299,5.359729662310177,240.68378095099257,960.967630021752,1175.997004866029,215.02937484427707,16.668943786378065,8934.103245123144
Barangay 221,25073.155308215377,21138.285498834,84.30644344115679,25073.09581763677,99.99976273198216,24673.15530828785,98.40466827963824,False,True,False,221,True,BARANGAY 221,BARANGAY221,3395.0,3353,1004,1.290836653,1.0,1,2,42.0,1.2526096033402923,2.5073155308215376,1354.0377979023674,2862.203754827273,3394.991944750794,532.7881899235213,15.693319290825372,3934.810318802771
Barangay 222,17339.25502335236,5249.214259210597,30.27358587287055,9489.985366336588,54.73121742286826,13131.77870794413,75.73438818598815,False,False,False,222,True,BARANGAY 222,BARANGAY222,1760.0,2040,696,2.0,2.0,2,2,-280.0,-13.725490196078432,1.7339255023352362,1015.0378419543671,532.8151113625217,963.2694266424814,430.4543152799597,24.45763154999771,4240.771107125991
Barangay 223,18880.347455341704,15078.252252026672,79.86215448466587,18880.347455341704,100.0,18880.347455341704,100.0,False,False,False,223,True,BARANGAY 223,BARANGAY223,1583.0,1629,754,2.0,2.0,2,2,-46.0,-2.823818293431553,1.8880347455341704,838.4379597591204,1264.2179054922608,1583.0,318.7820945077392,20.137845515334135,3802.0952033150315
Barangay 224,37855.22520355479,32855.22520392413,86.79178376896529,37755.22520348815,99.73583567518376,37455.22520356353,98.94334270146226,False,True,False,224,True,BARANGAY 224,BARANGAY224,1078.0,1069,1513,2.0,2.0,2,2,9.0,0.841908325537886,3.7855225203554794,284.7691419621433,935.6154290294459,1075.1523085784809,139.536879549035,12.944051906218476,4899.999999564025
Barangay 225,15659.480833135018,11050.541338524765,70.56773756599983,15359.480833164414,98.0842276754424,15459.480833195848,98.72281845055822,False,False,False,225,True,BARANGAY 225,BARANGAY225,2275.0,2419,620,2.0,2.0,2,2,-144.0,-5.952873088052915,1.5659480833135018,1452.7940129318747,1605.4160296264963,2231.416179616315,626.0001499898185,27.51649010944257,4308.93949463965
Barangay 226,24461.273819921094,17355.37693769584,70.95042173789714,23361.27381989112,95.50309600338906,22861.273820194383,93.45904873349774,False,True,False,226,True,BARANGAY 226,BARANGAY226,1201.0,1562,981,2.0,2.0,2,2,-361.0,-23.111395646606915,2.4461273819921097,490.98015452568694,852.1145650721446,1146.9921830007027,294.87761792855804,24.552674265491916,6005.89688219528
Barangay 227,46387.35166295341,44184.53818153987,95.25126267733714,46387.35166295341,100.0,46187.35166304335,99.56884798821186,False,True,False,227,True,BARANGAY 227,BARANGAY227,1726.0,1836,1854,1.571736785,2.0,1,2,-110.0,-5.991285403050109,4.6387351662953415,372.08418634048576,1644.0367938108388,1726.0,81.96320618916116,4.748737322662862,2202.813481413541
Barangay 228,15176.955077078144,14579.76855833739,96.06517568439872,15176.955077078144,100.0,14776.95507699869,97.3644252220027,False,True,False,228,True,BARANGAY 228,BARANGAY228,2697.0,3010,607,1.0,1.0,1,1,-313.0,-10.398671096345515,1.5176955077078145,1777.0362937117056,2590.8777882082336,2697.0,106.1222117917664,3.9348243156012757,597.1865187407548
Barangay 229,18801.208095440343,7838.306505841328,41.69044066770512,14894.95159759628,79.22337501922865,17464.163638071877,92.8885183835994,False,False,False,229,True,BARANGAY 229,BARANGAY229,1825.0,1545,751,2.0,2.0,2,2,280.0,18.12297734627832,1.8801208095440343,970.6823044220216,760.8505421856185,1445.826594100923,684.9760519153047,37.53293435152354,7056.645091754953
Barangay 230,10918.05074294834,1101.3940563114456,10.087826868022251,5526.871527297197,50.6214127175297,9279.061415957378,84.98826058259952,False,False,False,230,True,BARANGAY 230,BARANGAY230,2376.0,2364,438,2.0,2.0,2,2,12.0,0.5076142131979695,1.091805074294834,2176.212637163819,239.68676638420868,1202.7647661685057,963.077999784297,40.533585849507446,4425.477470985751
Barangay 231,24298.73228045957,17502.683287125197,72.03126107611965,23325.79754621207,95.99594446731729,22803.05745524699,93.84463844471684,False,True,False,231,True,BARANGAY 231,BARANGAY231,1389.0,1888,970,1.774226804,2.0,1,2,-499.0,-26.43008474576271,2.429873228045957,571.6347601874683,1000.5142163473018,1333.3836686510372,332.86945230373533,23.96468339119764,5823.114259086873
Barangay 232,37408.55000308982,6855.053401920959,18.32483055706451,17110.312897511325,45.73904333661174,26693.63249476081,71.35703600528758,False,False,False,232,True,BARANGAY 232,BARANGAY232,1871.0,1778,1495,1.159866221,1.0,1,2,93.0,5.230596175478065,3.740855000308982,500.1530398386096,342.857579722677,855.7775008280057,512.9199211053287,27.414212779547235,10255.259495590366
Barangay 233,21361.12844612899,10904.113112241448,51.04652190889973,17163.04766159293,80.34710200295234,19959.55605512161,93.438678136588,False,False,False,233,True,BARANGAY 233,BARANGAY233,724.0,735,854,2.0,2.0,2,2,-11.0,-1.4965986394557822,2.136112844612899,338.933405052017,369.576818620434,581.7130185013749,212.13619988094092,29.300580094052613,6258.934549351481
Barangay 234,41295.8363022513,27379.263213251368,66.3002996545653,36472.35866774257,88.31969983800577,38895.836302241405,94.18827607111795,False,False,False,234,True,BARANGAY 234,BARANGAY234,2013.0,1945,1653,1.677555959,2.0,1,2,68.0,3.496143958868895,4.12958363022513,487.45834453297135,1334.6250320463994,1777.8755577390561,443.25052569265677,22.01940018344048,9093.095454491202
Barangay 235,24268.065924229515,17906.750383866653,73.78729907762592,22056.4150029804,90.8865793913928,22268.065924277536,91.75871696493476,False,False,False,235,True,BARANGAY 235,BARANGAY235,1264.0,1557,972,1.91563786,2.0,1,2,-293.0,-18.81824020552344,2.4268065924229516,520.8490878286299,932.6714603411915,1148.8063635072049,216.13490316601337,17.099280313766883,4149.664619113748
Barangay 236,28623.27724409041,21461.237324199134,74.97826730735399,28208.57035854776,98.55115512452971,28099.51408790532,98.17014958937578,False,True,False,236,True,BARANGAY 236,BARANGAY236,603.0,801,1143,1.752405949,2.0,1,2,-198.0,-24.719101123595504,2.862327724409041,210.66770057733206,452.11895186334453,594.2634654009141,142.1445135375696,23.572887817175726,6747.333034348627
Barangay 237,22232.77370094189,9055.160456932788,40.72888330864973,18654.87945054744,83.90711704026891,18692.16449033824,84.07482009114476,False,False,False,237,True,BARANGAY 237,BARANGAY237,223.0,452,886,1.083521445,1.0,1,2,-229.0,-50.66371681415929,2.223277370094189,100.30237477321717,90.82540977828889,187.1128709997997,96.28746122151081,43.17823373161919,9599.718993614651
Barangay 238,16558.981202868432,15869.41333574608,95.83568663630766,16558.981202868432,100.0,16358.981202853587,98.7921962253318,False,True,False,238,True,BARANGAY 238,BARANGAY238,390.0,364,662,1.0,1.0,1,1,26.0,7.142857142857142,1.6558981202868432,235.52173604282018,373.7591778815999,390.0,16.240822118400104,4.164313363692344,689.5678671223523
Barangay 239,22655.27067944348,8681.40864656013,38.31959798404574,22655.27067944348,100.0,21855.27067943562,96.4688128809966,False,True,False,239,True,BARANGAY 239,BARANGAY239,1631.0,1785,908,1.0,1.0,1,1,-154.0,-8.627450980392156,2.265527067944348,719.9207738797429,624.9926431197861,1631.0,1006.0073568802139,61.68040201595426,13973.862032883351
Barangay 240,13508.93070794296,10243.691396108054,75.82903204977566,13508.930707942956,99.99999999999996,13508.930707942956,99.99999999999996,False,False,False,240,True,BARANGAY 240,BARANGAY240,91.0,56,540,1.0,1.0,1,1,35.0,62.5,1.350893070794296,67.36284460064182,69.00441916529584,90.99999999999996,21.995580834704114,24.170967950224295,3265.2393118349028
Barangay 241,86329.17437717624,18431.81431775779,21.35062040235474,63507.63705976991,73.56451340806532,62325.41969898204,72.19508369983863,False,True,False,241,True,BARANGAY 241,BARANGAY241,303.0,447,3457,1.0,1.0,1,1,-144.0,-32.21476510067114,8.632917437717625,35.09821589120946,64.69237981913486,222.90047562643792,158.20809580730307,52.21389300571059,45075.822742012126
Barangay 242,23838.292178348,20772.69191892725,87.14001726094627,23838.292178347994,100.0,23453.8080270628,98.38711536712174,False,True,False,242,True,BARANGAY 242,BARANGAY242,454.0,448,951,1.0,1.0,1,1,6.0,1.3392857142857142,2.3838292178348,190.44988483376426,395.61567836469607,454.0,58.384321635303934,12.859982739053734,3065.6002594207457
Barangay 243,14843.792263644931,6388.675656801878,43.039376618392,14843.792263644931,100.0,14121.790853065138,95.13600434608544,False,True,False,243,True,BARANGAY 243,BARANGAY243,338.0,436,593,1.0,1.0,1,1,-98.0,-22.477064220183486,1.484379226364493,227.70461482933962,145.47309297016497,338.0,192.52690702983503,56.960623381608,8455.116606843054
Barangay 244,13238.876529082792,10747.1653085734,81.17883179108385,13238.876529082792,100.0,13238.876529082792,100.0,False,False,False,244,True,BARANGAY 244,BARANGAY244,659.0,640,529,1.0,1.0,1,1,19.0,2.96875,1.3238876529082793,497.7763774383176,534.9685015032426,659.0,124.03149849675742,18.82116820891615,2491.7112205093927
Barangay 245,10047.074635318211,4975.708395789026,49.523951761023575,9894.945225163565,98.48583378071196,9808.331771675634,97.62375743877396,False,True,False,245,True,BARANGAY 245,BARANGAY245,318.0,281,398,1.0,1.0,1,1,37.0,13.167259786476867,1.0047074635318212,316.510040526765,157.486166600055,313.184951422664,155.69878482260904,48.96188201968838,4919.2368293745385
Barangay 246,18581.84967928659,10579.718081563538,56.935764007158426,18511.84967931581,99.62328830994252,17781.849679414063,95.69472354108916,False,True,False,246,True,BARANGAY 246,BARANGAY246,1258.0,1254,743,1.0,1.0,1,1,4.0,0.3189792663476874,1.8581849679286593,677.0047232716059,716.2519112100531,1253.260966939077,537.0090557290239,42.6875243027841,7932.13159775227
Barangay 247,14110.448651101557,6321.768176034495,44.802035231820746,14110.448651101557,100.0,14110.448651101557,100.0,False,False,False,247,True,BARANGAY 247,BARANGAY247,876.0,737,568,1.0,1.0,1,1,139.0,18.860244233378562,1.4110448651101557,620.816546419035,392.46582863074974,876.0,483.53417136925026,55.197964768179254,7788.680475067062
Barangay 248,8639.426521710833,5804.392554284368,67.18492876463455,8437.769532598906,97.66585214186192,8306.284577477398,96.14393451467814,False,True,False,248,True,BARANGAY 248,BARANGAY248,173.0,503,347,1.0,1.0,1,1,-330.0,-65.60636182902584,0.8639426521710833,200.2447726886176,116.22992676281775,168.96192420542113,52.73199744260337,30.48092337722737,2633.376978314538
Barangay 249,14759.89037864313,9896.826445254435,67.05216767446105,13592.392156430637,92.09006169922638,13759.89037855058,93.22488193042744,False,False,False,249,True,BARANGAY 249,BARANGAY249,1750.0,1610,591,2.0,2.0,2,2,140.0,8.695652173913043,1.475989037864313,1185.6456620654635,1173.4129343030684,1611.5760797364617,438.1631454333933,25.037894024765336,3695.565711176201
Barangay 250,35091.83318875691,32812.02043215634,93.50329535553875,35091.83318875691,100.0,34889.02240345251,99.42205702331512,False,True,False,250,True,BARANGAY 250,BARANGAY250,1232.0,1182,1399,1.0,1.0,1,1,50.0,4.230118443316413,3.509183318875691,351.07883745290377,1151.9605987802374,1232.0,80.03940121976257,6.496704644461246,2279.812756600564
Barangay 251,9615.931004686634,3024.1278862856184,31.449142935943613,8645.79379382662,89.91114630099585,9615.931004686634,100.0,False,False,False,251,True,BARANGAY 251,BARANGAY251,1339.0,1181,384,2.0,2.0,2,2,158.0,13.378492802709568,0.9615931004686634,1392.4808729881643,421.10402391228496,1203.9102489703344,782.8062250580494,58.46200336505224,5621.6659075410025
Barangay 252,8881.93743015527,8377.531756780025,94.32099497050356,8881.93743015527,100.0,8881.93743015527,100.0,False,False,False,252,True,BARANGAY 252,BARANGAY252,925.0,910,356,1.97752809,2.0,1,2,15.0,1.6483516483516485,0.8881937430155271,1041.439446375192,872.4692034771579,925.0,52.53079652284214,5.679005029496437,504.4056733752459
Barangay 253,23746.600665610127,11822.68027902286,49.78683242079566,19383.08990806629,81.62469307085672,21549.314890229554,90.74694603104736,False,False,False,253,True,BARANGAY 253,BARANGAY253,1339.0,1329,955,1.823036649,2.0,1,2,10.0,0.7524454477050414,2.3746600665610127,563.8701803492836,666.645686114454,1092.9546402187716,426.30895410431765,31.83786065006106,7560.40962904343
Barangay 254,48516.64073354252,12145.570737730384,25.03382458904128,36484.63232066833,75.20024422351294,35059.7960376914,72.26344509349433,False,True,False,254,True,BARANGAY 254,BARANGAY254,3513.0,3713,1938,1.009803922,1.0,1,2,-200.0,-5.386479935362241,4.851664073354252,724.0814588325874,879.4382578130202,2641.7845795720095,1762.3463217589892,50.16641963447166,24339.061582937946
Barangay 255,22534.75484750994,5181.527111747779,22.993492260335508,11076.687247505091,49.15379520416239,15541.801027577154,68.96813891585114,False,False,False,255,True,BARANGAY 255,BARANGAY255,957.0,1086,903,2.0,2.0,2,2,-129.0,-11.878453038674033,2.253475484750994,424.6773512629303,220.0477209314108,470.4018201038341,250.3540991724233,26.160302943826885,5895.160135757313
Barangay 256,21409.96509178264,4946.797238196949,23.10511585138259,7553.135964347573,35.27860009097606,7268.014227580396,33.94687565543922,False,True,False,256,True,BARANGAY 256,BARANGAY256,1044.0,1030,856,2.0,2.0,2,2,14.0,1.3592233009708738,2.140996509178264,487.62340131077457,241.2174094884342,368.3085849497901,127.09117546135587,12.173484239593474,2606.338726150623
Barangay 257,11517.423402899636,7986.039931749891,69.33877181018907,11460.787827458353,99.50826175733869,11279.419362985382,97.93353051643189,False,True,False,257,True,BARANGAY 257,BARANGAY257,1341.0,1308,455,1.081318681,1.0,1,2,33.0,2.522935779816514,1.1517423402899636,1164.3229158896675,929.8329299746355,1334.4057901659119,404.5728601912764,30.169489947149614,3474.7478957084613
Barangay 258,21976.220377241705,9388.982816054742,42.72337396915556,13875.461538360543,63.13852564351692,17736.662827548334,80.7084317643456,False,False,False,258,True,BARANGAY 258,BARANGAY258,708.0,1181,880,1.761363636,2.0,1,2,-473.0,-40.05080440304826,2.1976220377241704,322.16640889404067,302.48148770162135,447.0207615560998,144.53927385447844,20.41515167436136,4486.478722305801
Barangay 259,67605.40643691423,59153.82618740695,87.49866217076315,67605.40643691423,100.0,66106.34995844598,97.7826381683437,False,True,False,259,True,BARANGAY 259,BARANGAY259,2014.0,2090,2711,1.0,1.0,1,1,-76.0,-3.6363636363636362,6.760540643691423,297.9051685576889,1762.22305611917,2014.0,251.77694388083,12.501337829236846,8451.580249507278
Barangay 260,39570.36195229444,39564.23453597671,99.98451513704848,39570.36195229443,99.99999999999996,39570.36195229443,99.99999999999996,False,False,False,260,True,BARANGAY 260,BARANGAY260,1935.0,1645,1583,1.0,1.0,1,1,290.0,17.62917933130699,3.957036195229444,489.0023503785012,1934.700367901888,1934.999999999999,0.299632098111033,0.01548486295148166,6.12741631771496
Barangay 261,15450.942330358364,9668.58326231467,62.57601028849624,15450.942330358364,100.0,14441.08904471622,93.46413141638642,False,True,False,261,True,BARANGAY 261,BARANGAY261,800.0,735,620,1.846774194,2.0,1,2,65.0,8.843537414965986,1.5450942330358364,517.7677729261482,500.60808230796994,800.0,299.39191769203006,37.42398971150376,5782.359068043694
Barangay 262,44795.94789126891,38951.10890419407,86.95230425470237,44795.94789126891,100.0,43795.895698764776,97.76753871816372,False,True,False,262,True,BARANGAY 262,BARANGAY262,3638.0,1736,1791,1.006700168,1.0,1,2,1902.0,109.56221198156682,4.479594789126891,812.1270273888044,3163.3248287860724,3638.0,474.67517121392757,13.04769574529763,5844.838987074836
Barangay 263,15118.287780034443,15118.28778003444,99.99999999999996,15118.28778003444,99.99999999999996,15118.28778003444,99.99999999999996,False,False,False,263,True,BARANGAY 263,BARANGAY263,1317.0,1306,607,1.0,1.0,1,1,11.0,0.8422664624808576,1.5118287780034443,871.1303946332206,1316.9999999999993,1316.9999999999993,0.0,0.0,0.0
Barangay 264,25867.89736833405,20061.08648098209,77.55205688089549,25767.8973683681,99.61342045492894,24227.447919483864,93.6583579813552,False,True,False,264,True,BARANGAY 264,BARANGAY264,2758.0,2443,1036,1.238416988,1.0,1,2,315.0,12.893982808022923,2.586789736833405,1066.1863856689722,2138.8857287750975,2747.3381361469405,608.452407371843,22.06136357403345,5706.810887386011
Barangay 265,14799.196492412537,6139.2776431003,41.48385789896008,14799.196492412531,100.0,13349.499226825148,90.20421638208104,False,True,False,265,True,BARANGAY 265,BARANGAY265,146.0,125,593,1.993254637,2.0,1,2,21.0,16.8,1.4799196492412536,98.65400467846572,60.56643253248172,146.0,85.43356746751829,58.51614210103992,8659.918849312231
Barangay 266,27203.904670673648,25984.15221573892,95.51625963367808,27203.904670673648,100.0,26868.66743451676,98.7676870647239,False,True,False,266,True,BARANGAY 266,BARANGAY266,2072.0,1665,1084,1.0,1.0,1,1,407.0,24.444444444444443,2.720390467067365,761.6553671553104,1979.0968996098097,2072.0,92.90310039019027,4.483740366321925,1219.752454934729
Barangay 267,13004.436302366255,12284.496300185408,94.463889203334,13004.436302366255,100.0,13004.436302366255,100.0,False,False,False,267,True,BARANGAY 267,BARANGAY267,1780.0,1952,521,2.0,2.0,2,2,-172.0,-8.811475409836065,1.3004436302366256,1368.7636731137015,1681.4572278193452,1780.0,98.54277218065477,5.536110796665994,719.9400021808469
Barangay 268,43751.508814060944,42048.9485136258,96.1085678035223,43751.50881406093,99.99999999999996,42802.04575617355,97.8298735663666,False,True,False,268,True,BARANGAY 268,BARANGAY268,609.0,489,1752,0.888127854,1.0,0,2,120.0,24.539877300613497,4.375150881406094,139.19519955030177,585.3011779234508,608.9999999999998,23.698822076548936,3.891432196477652,1702.5603004351287
Barangay 269,42187.59914671229,39238.475225449,93.0095004671696,42187.59914671229,100.0,40765.53012674844,96.62917765237496,False,True,False,269,True,BARANGAY 269,BARANGAY269,1095.0,904,1680,1.651190476,2.0,0,2,191.0,21.128318584070797,4.218759914671229,259.55494556398196,1018.4540301155072,1095.0,76.54596988449282,6.990499532830398,2949.1239212632863
Barangay 270,37066.27802482805,12957.16271904859,34.95674076142609,37048.41807812503,99.95181618534492,25292.18224943678,68.23502006998208,False,True,False,270,True,BARANGAY 270,BARANGAY270,954.0,918,1487,1.882985878,2.0,1,2,36.0,3.9215686274509802,3.7066278024828048,257.3767993001573,333.4873068640049,953.5403264081906,620.0530195441856,64.99507542391883,24091.255359076444
Barangay 271,61411.34021817036,33300.19542405422,54.224830960783,61411.34021817036,100.0,51196.2016709458,83.36603873008765,False,True,False,271,True,BARANGAY 271,BARANGAY271,1315.0,633,2457,1.415547416,1.0,0,2,682.0,107.74091627172196,6.141134021817035,214.12983258927778,713.0565271342964,1315.0,601.9434728657036,45.775169039217,28111.14479411614
Barangay 272,19704.603459747395,3163.474647809549,16.054495358264383,15707.779432619014,79.71629302110493,6959.228573319708,35.31778037318048,False,True,False,272,True,BARANGAY 272,BARANGAY272,1103.0,1064,798,1.695488722,2.0,1,2,39.0,3.6654135338345863,1.9704603459747396,559.767671677946,177.08108380165615,879.2707120227874,702.1896282211312,63.66179766284055,12544.304784809465
Barangay 273,20416.098155768865,5347.020712133329,26.190218480226356,13715.84878666436,67.18153822545541,6875.438844426274,33.67655656809976,False,True,False,273,True,BARANGAY 273,BARANGAY273,454.0,825,821,1.0,1.0,1,1,-371.0,-44.96969696969697,2.0416098155768863,222.37353902597482,118.90359190022767,305.0041835435676,186.10059164333992,40.991319745229056,8368.828074531033
Barangay 274,12106.971612360212,100.00000000058208,0.8259703846872027,6114.800679533089,50.50644269530116,1207.4256655697675,9.97297841466058,False,True,False,274,True,BARANGAY 274,BARANGAY274,2062.0,1944,484,2.0,2.0,2,2,118.0,6.0699588477366255,1.2106971612360211,1703.1509332150986,17.03150933225012,1041.4428483771098,1024.4113390448597,49.68047231061396,6014.800679532507
Barangay 275,269671.8394674775,53439.27201181109,19.816408015511712,78961.31150756132,29.280518004210844,85571.18078785356,31.73159680181344,False,False,False,275,True,BARANGAY 275,BARANGAY275,20995.0,19809,10737,1.365465214,1.0,0,6,1186.0,5.987177545560099,26.967183946747753,778.5388359963333,4160.454862856684,6147.444754984066,1986.9898921273825,9.464109988699132,25522.03949575023
Barangay 276,20811.333337316933,3295.510075955506,15.83517030139682,20096.87721365865,96.56698534361956,8656.28494197009,41.594091073676914,False,True,False,276,True,BARANGAY 276,BARANGAY276,3077.0,2543,827,2.0,2.0,2,2,534.0,20.99882029099489,2.0811333337316933,1478.521318229338,487.24819017398016,2971.3661390231737,2484.1179488491935,80.73181504222275,16801.367137703142
Barangay 281,92878.37468013098,32970.22860909572,35.498283343828675,71276.10674833368,76.74133725294553,49474.90770773498,53.26848997748333,False,True,False,281,True,BARANGAY 281,BARANGAY281,3436.0,2288,3720,0.910483871,1.0,0,1,1148.0,50.17482517482518,9.287837468013098,369.9461808880089,1219.7210156939532,2636.8323480112085,1417.1113323172553,41.24305390911685,38305.87813923796
Barangay 282,111311.34084454684,37279.719255889424,33.49139357502921,88963.66576284998,79.92327204744862,66264.56639580514,59.53083117410984,False,True,False,282,True,BARANGAY 282,BARANGAY282,2503.0,2458,4448,0.671088129,1.0,0,1,45.0,1.8307567127746134,11.131134084454684,224.86477846813418,838.289581182981,2000.4794993476391,1162.1899181646581,46.43187847241941,51683.94650696056
Barangay 283,50364.598060501,23500.114198235635,46.65998559147812,32918.75398251914,65.36089882614598,31984.309155086885,63.50553838762975,False,True,False,283,True,BARANGAY 283,BARANGAY283,1364.0,1345,2012,0.772862823,1.0,0,1,19.0,1.412639405204461,5.036459806050099,270.82515348608183,636.4422034677616,891.5226599886313,255.0804565208697,18.700913234667865,9418.639784283507
Barangay 284,53255.57540958085,10097.02291882796,18.959560273592448,17464.989419701524,32.79466851194611,13491.627804760932,25.333737737314443,False,True,False,284,True,BARANGAY 284,BARANGAY284,1076.0,961,2132,0.913227017,1.0,0,1,115.0,11.966701352757545,5.325557540958085,202.0445731220893,204.00486854385474,352.8706331885401,148.86576464468538,13.835108238353659,7367.966500873563
Barangay 285,54907.65245305477,13869.738401184244,25.260119093677638,24567.65537142717,44.74359087275158,18554.235218724767,33.79171097250673,False,True,False,285,True,BARANGAY 285,BARANGAY285,2091.0,2066,2197,0.809285389,1.0,0,1,25.0,1.2100677637947725,5.490765245305477,380.82123466993494,528.1890902487994,935.5884851492356,407.39939490043616,19.483471779073945,10697.916970242924
Barangay 286,45969.34886729423,16186.878198304474,35.21232864322978,23876.073932619707,51.93911708766185,25607.80293404524,55.70625550509896,False,False,False,286,True,BARANGAY 286,BARANGAY286,4216.0,4710,1834,0.950381679,1.0,0,6,-494.0,-10.488322717622081,4.596934886729423,917.1328513203182,1484.5517755985677,2189.7531764158234,705.2014008172557,16.726788444432067,7689.1957343152335
Barangay 287,127750.68758081389,105112.57720111942,82.27946102804825,127695.1041814162,99.95649072388552,119062.25040573644,93.19891161479563,False,True,False,287,True,BARANGAY 287,BARANGAY287,3117.0,2546,5112,0.883411581,1.0,0,1,571.0,22.427336999214454,12.775068758081389,243.9908589946504,2564.650800244264,3115.643815863512,550.9930156192481,17.677029695837277,22582.52698029678
Barangay 288,37195.22307226944,32205.047197908727,86.58382592661181,36650.80647155353,98.53632656091852,36261.83338418598,97.4905656936916,False,True,False,288,True,BARANGAY 288,BARANGAY288,2800.0,2538,1482,0.827260459,1.0,0,1,262.0,10.323089046493301,3.719522307226944,752.7848386766403,2424.3471259451308,2759.017143705719,334.67001776058805,11.952500634306716,4445.759273644802
Barangay 289,44510.85913949485,42823.71755283384,96.20959554751887,44510.85913949485,100.0,44332.68600283793,99.59970861021009,False,True,False,289,True,BARANGAY 289,BARANGAY289,1352.0,1017,1781,1.0,1.0,1,1,335.0,32.94001966568339,4.451085913949485,303.74610289208266,1300.7537318024551,1352.0,51.24626819754485,3.790404452481127,1687.1415866610114
Barangay 290,57549.525879198976,57048.2787843915,99.12901611759646,57549.525879198976,100.0,57029.246820594126,99.09594553446549,False,True,True,290,True,BARANGAY 290,BARANGAY290,1713.0,1093,2304,0.913628472,1.0,0,1,620.0,56.72461116193962,5.754952587919898,297.65666594642727,1698.0800460944274,1713.0,14.919953905572584,0.8709838824035359,501.24709480747697
Barangay 291,106409.8429997348,97788.9634073822,91.89841902842193,106409.8429997348,100.0,104341.90604980991,98.05663001501652,False,True,False,291,True,BARANGAY 291,BARANGAY291,2537.0,2279,4254,0.749177245,1.0,0,1,258.0,11.320754716981133,10.64098429997348,238.4177937379649,2331.462890751064,2537.0,205.53710924893585,8.101580971578073,8620.879592352605
Barangay 292,53607.78839995793,49954.93348279632,93.18596228982938,53607.78839995792,100.0,52463.5300648651,97.86549982895076,False,True,False,292,True,BARANGAY 292,BARANGAY292,3113.0,2846,2144,0.994869403,1.0,0,1,267.0,9.38158819395643,5.360778839995793,580.6992030289471,2900.8790060823885,3113.0,212.1209939176115,6.8140377101706235,3652.854917161603
Barangay 293,127396.05916308632,112213.85320480214,88.08267221292249,127396.05916308632,100.0,123924.8285491168,97.27524490414116,False,True,False,293,True,BARANGAY 293,BARANGAY293,3708.0,3565,5099,0.965679545,1.0,0,1,143.0,4.011220196353436,12.739605916308632,291.06080865917494,3266.105485655166,3708.0,441.8945143448341,11.917327787077511,15182.205958284176
Barangay 294,50693.6150085747,47488.12059103412,93.67672947175224,50693.6150085747,100.0,49714.45389460863,98.06847250131904,False,True,False,294,True,BARANGAY 294,BARANGAY294,1905.0,1881,2030,1.0,1.0,1,1,24.0,1.2759170653907497,5.06936150085747,375.7869703468127,1784.54169643688,1905.0,120.4583035631199,6.323270528247761,3205.4944175405763
Barangay 295,25878.994447232984,25585.52221222889,98.86598285106297,25878.994447232984,100.0,25589.25921823467,98.880423157132,False,True,False,295,True,BARANGAY 295,BARANGAY295,1417.0,1531,1034,1.0,1.0,1,1,-114.0,-7.4461136512083606,2.5878994447232984,547.5483225939281,1400.930976999562,1417.0,16.069023000437937,1.1340171489370334,293.4722350040938
Barangay 296,35034.773772679924,34941.61090627105,99.73408457832966,35034.77377267992,99.99999999999996,34958.59005144782,99.78254827125068,False,True,False,296,True,BARANGAY 296,BARANGAY296,2273.0,1195,1406,0.982930299,1.0,0,1,1078.0,90.2092050209205,3.5034773772679926,648.7839809522283,2266.955742465433,2272.999999999999,6.044257534565986,0.26591542167030013,93.16286640886392
Barangay 297,32735.431416426563,31235.43141638407,95.41780897596544,32735.431416426563,100.0,31524.1691708956,96.2998433406222,False,True,False,297,True,BARANGAY 297,BARANGAY297,2015.0,2005,1308,0.879204893,1.0,0,1,10.0,0.4987531172069825,3.2735431416426564,615.5409942112074,1922.6688508657037,2015.0,92.33114913429631,4.582191024034557,1500.0000000424916
Barangay 298,34516.16647146725,31650.45404692637,91.69747768220488,34516.16647146725,100.0,33118.7761719847,95.9514904395953,False,True,False,298,True,BARANGAY 298,BARANGAY298,1079.0,1020,1378,0.978955007,1.0,0,1,59.0,5.784313725490196,3.451616647146725,312.60713755450047,989.4157841909906,1079.0,89.58421580900938,8.302522317795123,2865.7124245408813
Barangay 299,32163.520951059563,30103.424391465305,93.59492835772262,32163.520951059563,100.0,31756.164115339656,98.73348183384604,False,True,False,299,True,BARANGAY 299,BARANGAY299,1447.0,1300,1289,1.0,1.0,1,1,147.0,11.307692307692307,3.2163520951059565,449.8885561073286,1354.3186133362462,1447.0,92.68138666375376,6.4050716422773775,2060.096559594258
Barangay 300,12909.890517581343,10803.362752380192,83.68283788051977,11809.890517468137,91.47940101726525,10223.3723265892,79.19023257917247,False,True,True,300,True,BARANGAY 300,BARANGAY300,1341.0,981,514,1.0,1.0,1,1,360.0,36.69724770642202,1.2909890517581344,1038.7384758792168,1122.1868559777702,1226.738767641527,104.55191166375675,7.796563136745476,1006.5277650879452
Barangay 301,17677.97361518692,13561.919462630744,76.71648209147611,17677.97361518692,100.0,16470.2357175432,93.16812026121497,False,True,False,301,True,BARANGAY 301,BARANGAY301,505.0,448,705,1.0,1.0,1,1,57.0,12.723214285714285,1.767797361518692,285.66622566183776,387.41823456195436,505.0,117.58176543804564,23.28351790852389,4116.054152556175
Barangay 302,10311.12280214426,8820.483827427382,85.54338840376442,10311.12280214426,100.0,9818.86069987753,95.22591174877326,False,True,False,302,True,BARANGAY 302,BARANGAY302,766.0,654,415,1.0,1.0,1,1,112.0,17.12538226299694,1.0311122802144261,742.8870887278208,655.2623551728354,766.0,110.73764482716456,14.456611596235575,1490.6389747168778
Barangay 303,65014.69623203946,48702.53534384352,74.91004060070152,65014.69623203944,99.99999999999996,62933.48616482263,96.79886212220552,False,True,False,303,True,BARANGAY 303,BARANGAY303,738.0,641,2599,1.041939207,1.0,0,2,97.0,15.132605304212168,6.501469623203946,113.51279676306649,552.8360996331772,737.9999999999997,185.16390036682242,25.089959399298436,16312.160888195918
Barangay 304,27933.23828633768,22618.282734945773,80.97264808000624,27433.23828622417,98.21001777528222,25133.238285888605,89.9760995422483,False,True,False,304,True,BARANGAY 304,BARANGAY304,307.0,298,1119,1.887399464,2.0,1,2,9.0,3.0201342281879198,2.7933238286337683,109.90490857272198,248.58602960561916,301.5047545701164,52.918724964497244,17.237369695275987,4814.955551278395
Barangay 305,37413.37608528855,31720.069212404524,84.78269680900912,37413.37608528855,100.0,35613.37608517767,95.18888646668093,False,True,False,305,True,BARANGAY 305,BARANGAY305,899.0,645,1497,1.05744823,1.0,1,2,254.0,39.37984496124031,3.7413376085288554,240.2883925659676,762.1964443129921,899.0,136.80355568700793,15.217303190990876,5693.30687288403
Barangay 306,101297.52267291331,95801.18882683889,94.57406884093116,101238.10437936388,99.94134279695928,95461.88465330038,94.2391108236121,False,True,True,306,True,BARANGAY 306,BARANGAY306,1273.0,1248,4049,1.136329958,1.0,0,2,25.0,2.003205128205128,10.129752267291332,125.66941090064749,1203.9278963450536,1272.2532938052916,68.32539746023804,5.367273956028114,5436.915552524995
Barangay 307,72489.86814904973,63859.23438218734,88.0940137053132,72489.86814904973,100.0,70195.0926540469,96.83435002215144,False,True,False,307,True,BARANGAY 307,BARANGAY307,1399.0,1378,2905,2.0,2.0,2,2,21.0,1.5239477503628447,7.248986814904972,192.99248787754067,1232.4352517373318,1399.0,166.56474826266822,11.905986294686798,8630.63376686239
Barangay 308,40037.08250227186,32918.220781114585,82.21932949097047,39837.08250227624,99.50046310196484,35737.08250237781,89.25995669227383,False,True,False,308,True,BARANGAY 308,BARANGAY308,965.0,1033,1596,2.0,2.0,2,2,-68.0,-6.582768635043562,4.003708250227186,241.02655330723513,793.4165295878649,960.1794689339607,166.76293934609578,17.281133610994374,6918.861721161651
Barangay 309,60631.181470314514,52031.18147016698,85.81587923639891,60131.18147046704,99.17534181633542,56731.18147081163,93.56766616627394,False,True,False,309,True,BARANGAY 309,BARANGAY309,1162.0,1151,2426,2.0,2.0,2,2,11.0,0.9556907037358819,6.063118147031451,191.65056194211292,997.1805167269554,1152.4174719058176,155.23695517886222,13.359462579936505,8100.0000003000605
Barangay 310,86520.68909354566,37446.69554342976,43.28062563503465,85620.68909373568,98.95978637105291,67171.5395673908,77.63638994456613,False,True,False,310,True,BARANGAY 310,BARANGAY310,13761.0,13602,3461,2.0,2.0,2,2,159.0,1.1689457432730481,8.652068909354567,1590.4866389958693,5955.846893637118,13617.856202520592,7662.009308883474,55.67916073601826,48173.99355030592
Barangay 311,45778.56443644829,37253.61841763432,81.377865112724,45778.56443644829,100.0,43149.00890082652,94.25592399413874,False,True,False,311,True,BARANGAY 311,BARANGAY311,1805.0,2401,1833,2.0,2.0,2,2,-596.0,-24.82299042065806,4.577856443644829,394.28934092194527,1468.870465284668,1805.0,336.12953471533206,18.622134887276005,8524.946018813964
Barangay 312,36270.11596536346,24908.105753047097,68.67390712738101,36170.11596532999,99.72429092829763,30271.163950629954,83.46034509384455,False,True,False,312,True,BARANGAY 312,BARANGAY312,2945.0,3328,1449,2.0,2.0,2,2,-383.0,-11.508413461538462,3.627011596536346,811.9632158916612,2022.446564901371,2936.880367838365,914.4338029369942,31.05038380091662,11262.010212282894
Barangay 313,54360.43277085621,40918.34386510536,75.27229232627182,54260.43277084367,99.81604267126778,47560.432770652165,87.4909016474025,False,True,False,313,True,BARANGAY 313,BARANGAY313,3587.0,2848,2169,1.425541724,1.0,1,2,739.0,25.94803370786517,5.436043277085621,659.8549380797181,2700.0171257433703,3580.4014506183753,880.384324875005,24.543750344995956,13342.08890573831
Barangay 314,52814.50352338998,45786.609644087686,86.69325012931372,50914.50352328288,96.40250334026967,49014.50352322002,92.80500668062314,False,True,False,314,True,BARANGAY 314,BARANGAY314,1630.0,2064,2115,1.50070922,2.0,1,2,-434.0,-21.027131782945737,5.281450352338998,308.6273450015716,1413.0999771078136,1571.3608044463956,158.26082733858198,9.70925321095595,5127.893879195195
Barangay 315,68072.46582835661,63685.24234128952,93.55506894942016,68072.4658283566,99.99999999999996,64072.46582868401,94.12390905633046,False,True,False,315,True,BARANGAY 315,BARANGAY315,2150.0,1786,2724,2.0,2.0,2,2,364.0,20.38073908174692,6.807246582835661,315.83988824808887,2011.4339824125334,2149.999999999999,138.5660175874657,6.444931050579797,4387.223487067073
Barangay 316,19348.085821318426,19348.08582131842,99.99999999999996,19348.08582131842,99.99999999999996,19348.08582131842,99.99999999999996,False,False,False,316,True,BARANGAY 316,BARANGAY316,856.0,829,775,2.0,2.0,2,2,27.0,3.2569360675512664,1.9348085821318426,442.4210270231632,855.9999999999997,855.9999999999997,0.0,0.0,0.0
Barangay 317,24806.02059418766,21866.11040853027,88.14840060905922,24806.02059418766,100.0,23706.02059397084,95.56559265102536,False,True,False,317,True,BARANGAY 317,BARANGAY317,1573.0,1542,993,2.0,2.0,2,2,31.0,2.0103761348897535,2.480602059418766,634.1202507783825,1386.5743415805016,1573.0,186.4256584194984,11.851599390940777,2939.9101856573907
Barangay 318,12686.845444905846,11814.63170067895,93.12505423026876,12686.845444905844,100.0,12386.845444944553,97.6353459868012,False,True,False,318,True,BARANGAY 318,BARANGAY318,781.0,740,504,2.0,2.0,2,2,41.0,5.540540540540541,1.2686845444905845,615.5982615155095,727.306673538399,781.0,53.69332646160103,6.874945769731241,872.213744226894
Barangay 319,17054.639202198225,14407.595817757188,84.47904201866756,17054.639202198225,100.0,14854.808330970183,87.10127581623364,False,True,False,319,True,BARANGAY 319,BARANGAY319,1358.0,1209,681,2.0,2.0,2,2,149.0,12.324234904880067,1.7054639202198225,796.2642797069335,1147.2253906135054,1358.0,210.7746093864946,15.520957981332444,2647.0433844410363
Barangay 320,24299.36933732314,16358.916132152406,67.32238975036104,24299.36933732314,100.0,21699.3693375196,89.30013382771207,False,True,False,320,True,BARANGAY 320,BARANGAY320,1416.0,1300,971,2.0,2.0,2,2,116.0,8.923076923076923,2.429936933732314,582.7311731194045,953.2850388651124,1416.0,462.71496113488763,32.67761024963896,7940.453205170734
Barangay 321,13005.25975136049,12005.259751467884,92.31080332872249,13005.25975136049,100.0,13005.25975136049,100.0,False,False,False,321,True,BARANGAY 321,BARANGAY321,384.0,240,517,2.0,2.0,2,2,144.0,60.0,1.300525975136049,295.26515220876655,354.47348478229435,384.0,29.52651521770565,7.689196671277514,999.9999998926069
Barangay 322,15196.719016340345,13168.932760538097,86.65642068118873,14996.719016285628,98.68392644596727,13596.719016160772,89.47141156943704,False,True,False,322,True,BARANGAY 322,BARANGAY322,867.0,799,611,2.0,2.0,2,2,68.0,8.51063829787234,1.5196719016340345,570.5178855171001,751.3111673059063,855.5896422865362,104.27847498062988,12.027505764778539,1827.786255747531
Barangay 323,23787.260350167915,20229.993117686947,85.04549418421841,23687.260350189164,99.5796069050968,22387.26035020488,94.11449667026008,False,True,False,323,True,BARANGAY 323,BARANGAY323,1076.0,1060,954,2.0,2.0,2,2,16.0,1.509433962264151,2.3787260350167916,452.342970211954,915.0895174221902,1071.4765702988416,156.3870528766514,14.534112720878383,3457.2672325022177
Barangay 324,12466.906664568882,4979.90274841441,39.94497498378937,12066.906664712656,96.791505618687,9166.90666477028,73.5299213462691,False,True,False,324,True,BARANGAY 324,BARANGAY324,643.0,605,500,2.0,2.0,2,2,38.0,6.2809917355371905,1.2466906664568882,515.7654719814457,256.84618914576566,622.3693811281574,365.5231919823918,56.846530634897626,7087.003916298247
Barangay 325,9857.436806787313,3829.735483651382,38.85123038287628,9757.436806789055,98.98553749865889,8357.436806712514,84.78306247885882,False,True,False,325,True,BARANGAY 325,BARANGAY325,526.0,522,393,2.0,2.0,2,2,4.0,0.7662835249042145,0.9857436806787313,533.6072757147416,204.35747181392924,520.6639272429458,316.3064554290165,60.134307115782605,5927.701323137673
Barangay 326,12262.543487259463,7914.309102712581,64.54051813096841,12262.543487259463,100.0,12248.337767121917,99.88415355955875,False,True,False,326,True,BARANGAY 326,BARANGAY326,841.0,825,489,2.0,2.0,2,2,16.0,1.9393939393939394,1.2262543487259463,685.8283527180002,542.7857574814443,841.0,298.2142425185557,35.45948186903159,4348.234384546882
Barangay 327,30533.255752468165,5917.915502149422,19.38186857676009,27644.19568617706,90.53798884169905,22001.09536523702,72.05617227196139,False,True,False,327,True,BARANGAY 327,BARANGAY327,1242.0,1239,1221,2.0,2.0,2,2,3.0,0.24213075060532688,3.0533255752468165,406.7695924957503,240.72280772336035,1124.4818214139023,883.7590136905419,71.15612026493895,21726.280184027637
Barangay 328,11520.112833682042,11169.11929918062,96.9532109661704,11520.112833682042,100.0,11520.112833682042,100.0,False,False,False,328,True,BARANGAY 328,BARANGAY328,659.0,679,457,2.0,2.0,2,2,-20.0,-2.945508100147275,1.1520112833682041,572.0430081841233,638.921660267063,659.0,20.078339732937025,3.0467890338295973,350.9935345014219
Barangay 329,16297.347200879984,15537.30000091815,95.33637474495976,16297.347200879984,100.0,15897.34720095711,97.54561282279565,False,True,False,329,True,BARANGAY 329,BARANGAY329,459.0,439,651,2.0,2.0,2,2,20.0,4.555808656036446,1.6297347200879984,281.6409286385063,437.5939600793653,459.0,21.406039920634726,4.663625255040245,760.047199961833
Barangay 330,27297.373486378576,26794.865918290645,98.15913582917167,27297.37348637857,100.0,26997.37348638352,98.90099316644968,False,True,False,330,True,BARANGAY 330,BARANGAY330,2949.0,2244,1095,1.329680365,1.0,1,2,705.0,31.417112299465238,2.7297373486378578,1080.3237173977761,2894.7129156022725,2949.0,54.28708439772754,1.8408641708283255,502.5075680879236
Barangay 331,138382.64922620554,45387.52937007778,32.79856949109682,116852.81691040617,84.44181229642027,97225.53675779232,70.25847337180528,False,True,False,331,True,BARANGAY 331,BARANGAY331,860.0,924,5542,2.0,2.0,2,2,-64.0,-6.926406926406926,13.838264922620555,62.146519437867624,282.06769762343265,726.1995857492143,444.13188812578164,51.643242805323446,71465.2875403284
Barangay 332,12479.561829548818,11162.550309956496,89.44665255414711,12479.561829548818,100.0,12479.561829548818,100.0,False,False,False,332,True,BARANGAY 332,BARANGAY332,640.0,582,502,2.0,2.0,2,2,58.0,9.965635738831615,1.2479561829548818,512.8385184843772,572.4585763465415,640.0,67.54142365345854,10.553347445852893,1317.0115195923227
Barangay 333,16532.436328157855,12545.059929527437,75.88149550687116,16532.43632815785,99.99999999999996,16532.43632815785,99.99999999999996,False,False,False,333,True,BARANGAY 333,BARANGAY333,1024.0,877,662,2.0,2.0,2,2,147.0,16.76168757126568,1.6532436328157856,619.3884432241454,777.0265139903607,1023.9999999999995,246.9734860096388,24.118504493128796,3987.3763986304148
Barangay 334,30364.29297170313,10153.684582791268,33.43955544182641,29431.94839639248,96.92947049292565,25310.659079576275,83.35665547412417,False,True,False,334,True,BARANGAY 334,BARANGAY334,1467.0,1461,1213,2.0,2.0,2,2,6.0,0.41067761806981523,3.036429297170313,483.1332649066178,490.5582783315934,1421.9553321312192,931.3970537996258,63.48991505109924,19278.26381360121
Barangay 335,28794.980457571517,22755.58186948676,79.02621049879296,28794.980457571517,100.0,26994.98045758723,93.74891049974308,False,True,False,335,True,BARANGAY 335,BARANGAY335,1078.0,1350,1151,2.0,2.0,2,2,-272.0,-20.14814814814815,2.8794980457571517,374.37080451865506,851.9025491769881,1078.0,226.09745082301185,20.973789501207037,6039.398588084758
Barangay 336,32667.35470094674,13107.699608646724,40.12476592806839,29932.62502585907,91.62855486732016,21687.21444604488,66.38803369474039,False,True,False,336,True,BARANGAY 336,BARANGAY336,1986.0,2134,1309,2.0,2.0,2,2,-148.0,-6.935332708528586,3.266735470094674,607.9463789403319,796.8778513314383,1819.7430996649784,1022.8652483335402,51.50378893925177,16824.925417212347
Barangay 337,28851.733819924026,11347.017369940875,39.32871917078693,27466.41377645265,95.19848598313796,20566.86804348245,71.28468663910822,False,True,False,337,True,BARANGAY 337,BARANGAY337,1203.0,1386,1157,2.0,2.0,2,2,-183.0,-13.203463203463203,2.8851733819924026,416.95934376368365,473.12449162456676,1145.2377863771496,672.1132947525829,55.869766812351024,16119.396406511774
Barangay 338,28662.8034661973,8292.297885726457,28.93051928959341,27562.80346609689,96.1622735145302,19489.01463827461,67.99409786017075,False,True,False,338,True,BARANGAY 338,BARANGAY338,1426.0,1378,1144,2.0,2.0,2,2,48.0,3.483309143686502,2.86628034661973,497.5089061618534,412.549205069602,1371.2740203172007,958.7248152475986,67.2317542249368,19270.505580370434
Barangay 339,27489.42634521432,9797.858110017232,35.64227927849414,27489.426345214317,99.99999999999996,25471.30205195533,92.6585434417029,False,True,False,339,True,BARANGAY 339,BARANGAY339,1551.0,1265,1099,2.0,2.0,2,2,286.0,22.608695652173914,2.748942634521432,564.2169394597121,552.8117516094441,1550.9999999999993,998.1882483905553,64.35772072150581,17691.568235197083
Barangay 340,28622.202881454014,14496.310033415592,50.64708014772893,28522.202881510184,99.65062088212426,23716.752740163454,82.86138155889783,False,True,False,340,True,BARANGAY 340,BARANGAY340,1785.0,2009,1146,2.0,2.0,2,2,-224.0,-11.149825783972126,2.8622202881454015,623.6417257585038,904.0503806369613,1778.763582745918,874.7132021089567,49.00354073439533,14025.892848094592
Barangay 341,33208.56173300765,11248.15504443441,33.87125023621335,32608.561733104267,98.19323701903352,24029.314409031263,72.35879289872203,False,True,False,341,True,BARANGAY 341,BARANGAY341,1615.0,1463,1330,2.0,2.0,2,2,152.0,10.38961038961039,3.320856173300765,486.3203691217891,547.0206913148456,1585.8207778573912,1038.8000865425456,64.32198678282018,21360.406688669857
Barangay 342,57158.0360820556,32942.86497939796,57.63470412472789,56858.03608207712,99.47513941950734,45120.28323368874,78.939526839086,False,True,False,342,True,BARANGAY 342,BARANGAY342,1765.0,1634,2288,2.0,2.0,2,2,131.0,8.017135862913097,5.71580360820556,308.7929748786646,1017.2525278014472,1755.7362107543045,738.4836829528573,41.840435294779454,23915.17110267916
Barangay 343,41569.41900059251,13885.675152987023,33.40358245754915,35429.59503843543,85.22995002150603,28711.751114033552,69.06940680028342,False,True,False,343,True,BARANGAY 343,BARANGAY343,3037.0,2209,1669,2.0,2.0,2,2,828.0,37.483023992756905,4.156941900059251,730.5851448048172,1014.4667992357676,2588.433582153138,1573.9667829173704,51.82636756395688,21543.919885448406
Barangay 344,34990.96167766068,14112.350217293948,40.33141571614396,27253.715715047638,77.88787277729283,14876.37302058666,42.51490186988545,False,True,False,344,True,BARANGAY 344,BARANGAY344,644.0,536,1398,2.0,2.0,2,2,108.0,20.149253731343283,3.499096167766068,184.0475280252585,259.7343172119671,501.59790068576586,241.86358347379877,37.55645706114887,13141.36549775369
Barangay 345,29544.067886475324,13741.622107313444,46.51228855862493,26733.491673423057,90.48683402755483,14435.885868688983,48.86221465561091,False,True,False,345,True,BARANGAY 345,BARANGAY345,1332.0,1149,1188,2.0,2.0,2,2,183.0,15.926892950391643,2.9544067886475323,450.85192909733416,619.543683600884,1205.2846292470304,585.7409456461463,43.974545468929904,12991.869566109614
Barangay 346,29448.616630938923,18382.636264451685,62.42274975028457,26588.99323603597,90.28944744420149,17821.65402438038,60.51779697405828,False,True,True,346,True,BARANGAY 346,BARANGAY346,1501.0,1511,1179,2.0,2.0,2,2,-10.0,-0.6618133686300464,2.944861663093892,509.7013618028627,936.9654737517714,1355.2446061374644,418.27913238569306,27.86669769391692,8206.356971584286
Barangay 347,29638.60558302441,16162.635183541872,54.5323737929124,25693.47055733908,86.6892016406301,18856.99976705588,63.62310033187348,False,True,False,347,True,BARANGAY 347,BARANGAY347,1283.0,1266,1182,2.0,2.0,2,2,17.0,1.3428120063191153,2.963860558302441,432.8813636006012,699.6503557630662,1112.2224570492842,412.57210128621807,32.1568278477177,9530.835373797207
Barangay 348,22692.653243125977,18755.511478309083,82.65014794596782,21692.653243014214,95.5932874424251,18140.932498003545,79.9418750361365,False,True,True,348,True,BARANGAY 348,BARANGAY348,955.0,1249,909,2.0,2.0,2,2,-294.0,-23.53883106485188,2.2692653243125975,420.8410492013697,789.3089128839925,912.9158950751596,123.60698219116705,12.943139496457277,2937.141764705131
Barangay 349,13958.054994122243,12848.070938730938,92.0477168498138,13221.908513054435,94.72600959533544,10770.113752164669,77.16056253324678,False,True,True,349,True,BARANGAY 349,BARANGAY349,548.0,788,559,2.0,2.0,2,2,-240.0,-30.456852791878177,1.3958054994122244,392.60484374847607,504.4214883369796,519.0985325824382,14.677044245458603,2.678292745521645,373.8375743234974
Barangay 350,155563.53150970422,9723.614030147355,6.250574241779017,22615.2270678138,14.53761485634764,18078.162731561973,11.621080182558236,False,True,False,350,True,BARANGAY 350,BARANGAY350,8026.0,6776,6223,2.0,2.0,2,2,1250.0,18.44746162927981,15.556353150970422,515.9306890316597,501.6710886451839,1166.7889683704616,665.1178797252777,8.287040614568623,12891.613037666446
Barangay 351,50998.369150637525,21865.109099386904,42.87413394495492,41115.086435834935,80.62039457456055,41917.66222503341,82.194122916398,False,False,False,351,True,BARANGAY 351,BARANGAY351,3415.0,3401,2038,2.0,2.0,2,2,14.0,0.4116436342252279,5.099836915063753,669.6292561655982,1464.1516742202105,2753.1864747212426,1289.0348005010321,37.74626062960563,19249.97733644803
Barangay 352,35704.2170534145,10920.498133627125,30.58601766085434,27727.340020037467,77.65844571960953,22753.276458239383,63.72714019803277,False,True,False,352,True,BARANGAY 352,BARANGAY352,1401.0,1342,1422,2.0,2.0,2,2,59.0,4.396423248882265,3.5704217053414498,392.3906237473476,428.51010742856926,1087.9948245317296,659.4847171031604,47.07242805875519,16806.841886410344
Barangay 353,49078.60404133908,27602.713309947587,56.24184682738272,44612.78221300835,90.90067471240798,43579.7807968751,88.79588498517134,False,True,False,353,True,BARANGAY 353,BARANGAY353,3010.0,2232,1950,2.0,2.0,2,2,778.0,34.85663082437276,4.907860404133908,613.3018774259892,1692.87958950422,2736.11030884348,1043.2307193392603,34.658827885025254,17010.068903060765
Barangay 354,41631.26786678052,22591.03786378183,54.26459250790256,38649.51258795296,92.83770244910836,35903.269834441846,86.24111557046933,False,True,False,354,True,BARANGAY 354,BARANGAY354,2200.0,1810,1667,2.0,2.0,2,2,390.0,21.54696132596685,4.163126786678053,528.4489550114038,1193.8210351738564,2042.429453880384,848.6084187065276,38.5731099412058,16058.47472417113
Barangay 355,45357.4501097347,42827.531771992086,94.42226507084963,44560.12318797404,98.24212578125169,43070.437894291725,94.95780250011865,False,True,False,355,True,BARANGAY 355,BARANGAY355,1118.0,970,1816,2.0,2.0,2,2,148.0,15.257731958762887,4.5357450109734705,246.4865192587298,1055.6409234920989,1098.346966234394,42.70604274229504,3.819860710402054,1732.5914159819513
Barangay 356,20785.555089855072,20652.800670711295,99.3613140540636,20785.55508985507,99.99999999999996,20585.55508983149,99.03779331772,False,True,True,356,True,BARANGAY 356,BARANGAY356,443.0,505,827,2.0,2.0,2,2,-62.0,-12.277227722772277,2.0785555089855072,213.1287800998962,440.17062125950173,442.99999999999983,2.8293787404981003,0.6386859459363592,132.7544191437737
Barangay 357,20634.75207762973,15985.321321500767,77.46795920475611,20534.752077635843,99.515380656779,18935.116269954324,91.76323611119128,False,True,False,357,True,BARANGAY 357,BARANGAY357,553.0,736,826,2.0,2.0,2,2,-183.0,-24.86413043478261,2.063475207762973,267.9944968175852,428.39781440230126,550.3200550319879,121.9222406296866,22.04742145202289,4549.430756135076
Barangay 358,20239.93653038612,10350.628995792627,51.13963168932512,17740.5057434631,87.650994936814,16412.520187726466,81.08978090463096,False,True,False,358,True,BARANGAY 358,BARANGAY358,1167.0,1029,809,2.0,2.0,2,2,138.0,13.411078717201166,2.023993653038612,576.5828357455512,596.799501814424,1022.8871109126194,426.08760909819534,36.51136324748888,7389.876747670474
Barangay 359,19217.537823436,18250.2922425523,94.9668600120868,18917.537823552702,98.43892592984812,18317.537823477327,95.3167777879375,False,True,False,359,True,BARANGAY 359,BARANGAY359,459.0,410,773,2.0,2.0,2,2,49.0,11.951219512195122,1.9217537823436,238.84433282615655,435.8978874554784,451.8346700180029,15.936782562524513,3.472065917761327,667.245581000403
Barangay 360,31447.59590860428,24803.621224191986,78.87286931655572,29747.59590877222,94.59418136517417,29147.59590858333,92.68624537562296,False,True,False,360,True,BARANGAY 360,BARANGAY360,796.0,741,1258,2.0,2.0,2,2,55.0,7.422402159244265,3.144759590860428,253.1195078674389,627.8280397597836,752.9696836667864,125.14164390700284,15.721312048618444,4943.974684580233
Barangay 361,20551.74365814537,15261.66065248752,74.25968767588631,20551.74365814536,99.99999999999996,20051.74365817534,97.56711640488052,False,True,False,361,True,BARANGAY 361,BARANGAY361,726.0,715,821,2.0,2.0,2,2,11.0,1.5384615384615385,2.055174365814537,353.25469803252486,539.1253325269346,725.9999999999997,186.87466747306507,25.740312324113646,5290.083005657838
Barangay 362,17222.96480822057,14956.121696589942,86.83825266513546,16922.964808187393,98.25813962129222,17022.964808249384,98.83875974782389,False,False,False,362,True,BARANGAY 362,BARANGAY362,290.0,252,692,2.0,2.0,2,2,38.0,15.079365079365079,1.722296480822057,168.37983658979675,251.8309327288928,284.94860490174744,33.11767217285464,11.419886956156759,1966.8431115974508
Barangay 363,23829.543205610436,16286.25104194468,68.34478907724191,23829.543205610436,100.0,22029.54320565904,92.44635121865196,False,True,False,363,True,BARANGAY 363,BARANGAY363,616.0,559,955,2.0,2.0,2,2,57.0,10.196779964221825,2.3829543205610437,258.5026471908906,421.0039007158102,616.0,194.99609928418982,31.655210922758087,7543.292163665756
Barangay 364,22424.1097791372,21713.486552304345,96.8309857834624,22324.10977919337,99.55405141640507,20724.40975378146,92.4202118073062,False,True,True,364,True,BARANGAY 364,BARANGAY364,2057.0,1985,892,2.0,2.0,2,2,72.0,3.6272040302267,2.2424109779137202,917.3162369699859,1991.8133775658216,2047.8268376354524,56.01346006963081,2.723065632942678,610.6232268890271
Barangay 365,19236.37407583265,11927.431231106277,62.00457104902706,18336.374075665884,95.32136359680452,15033.523922839198,78.1515469785252,False,True,False,365,True,BARANGAY 365,BARANGAY365,1387.0,1278,766,2.0,2.0,2,2,109.0,8.528951486697965,1.923637407583265,721.0298544477455,860.0034004500053,1322.1073130876787,462.1039126376734,33.31679254777746,6408.942844559608
Barangay 366,22403.28297736365,18652.73677524957,83.25894376327057,22370.323232795887,99.85287984532864,21893.32159735023,97.72372031131025,False,True,False,366,True,BARANGAY 366,BARANGAY366,1256.0,1193,896,2.0,2.0,2,2,63.0,5.2808046940486175,2.240328297736365,560.6321186359456,1045.7323336666782,1254.1521708573277,208.41983719064956,16.59393608205808,3717.5864575463165
Barangay 367,31133.97112094033,26428.789242193387,84.88730570067787,30233.97112073837,97.109266926773,27633.9711210847,88.7582602737703,False,True,False,367,True,BARANGAY 367,BARANGAY367,2063.0,1708,1253,2.0,2.0,2,2,355.0,20.784543325526933,3.1133971120940327,662.6202587476711,1751.2251166049846,2003.3641766993271,252.13906009434254,12.221961226095132,3805.181878544983
Barangay 368,26173.27621326825,26173.27621326825,100.0,26173.27621326825,100.0,25627.657194952164,97.915358345397,False,True,True,368,True,BARANGAY 368,BARANGAY368,658.0,1337,1054,2.0,2.0,2,2,-679.0,-50.78534031413613,2.617327621326825,251.4014656164574,658.0,658.0,0.0,0.0,0.0
Barangay 369,22415.225788016367,22315.225788078067,99.55387467035123,22415.225788016367,100.0,21115.22578806992,94.20037071122675,False,True,True,369,True,BARANGAY 369,BARANGAY369,1785.0,1396,897,2.0,2.0,2,2,389.0,27.865329512893982,2.2415225788016366,796.3337139143596,1777.0366628657696,1785.0,7.9633371342304144,0.4461253296487655,99.99999993829988
Barangay 370,20060.156352453825,17605.307153229747,87.76256198559592,19460.156352437814,97.0089963932778,15908.692853239729,79.30492950167721,False,True,True,370,True,BARANGAY 370,BARANGAY370,628.0,772,796,2.02638191,2.0,2,3,-144.0,-18.65284974093264,2.0060156352453826,313.0583774952387,551.1488892695423,609.2164973497846,58.06760808024228,9.246434407681875,1854.8491992080671
Barangay 371,24873.72431423136,24873.72431423136,100.0,24873.72431423136,100.0,24573.72431427472,98.79390799637916,False,True,True,371,True,BARANGAY 371,BARANGAY371,858.0,842,995,2.0,2.0,2,2,16.0,1.9002375296912115,2.487372431423136,344.9423130854193,858.0,858.0,0.0,0.0,0.0
Barangay 372,544472.9352608747,156036.4992501225,28.658265479322736,202443.1764471417,37.1814948616582,187475.3747267634,34.43245064824716,False,True,False,372,True,BARANGAY 372,BARANGAY372,4332.0,4136,21771,8.761012356,9.0,2,14,196.0,4.738878143133462,54.44729352608747,79.56318339174008,1241.476060564261,1610.7023574070333,369.2262968427724,8.523229382335465,46406.67719701922
Barangay 373,19632.61004023856,1181.4772962294128,6.01793288721104,3312.59421275056,16.872918098822012,2808.39896004906,14.30476617369279,False,True,False,373,True,BARANGAY 373,BARANGAY373,3977.0,3788,782,4.680306905,5.0,4,6,189.0,4.989440337909187,1.963261004023856,2025.7112996432106,239.33319092438305,671.0359527901514,431.70276186576837,10.854985211610973,2131.1169165211472
Barangay 374,26577.48250120183,2740.098096613222,10.309848182533146,4978.569982181756,18.73228580606393,2915.211536676,10.968727141647726,False,True,False,374,True,BARANGAY 374,BARANGAY374,4221.0,3277,1067,4.818181818,5.0,4,7,944.0,28.80683552029295,2.657748250120183,1588.1865409220482,435.1786917847241,790.6897838739585,355.5110920892344,8.422437623530785,2238.471885568534
Barangay 375,17373.97872549675,892.3358202950058,5.136047616919667,2626.1287711778737,15.115298646728306,1550.8892051439934,8.926505722422837,False,True,False,375,True,BARANGAY 375,BARANGAY375,4466.0,3909,695,4.110791367,4.0,3,5,557.0,14.249168585315939,1.7373978725496748,2570.5108027132746,229.37588657163235,675.0492375628861,445.67335099125376,9.979251029808639,1733.792950882868
Barangay 376,43447.21972929773,5024.1151296800135,11.563720672998796,13727.895302142386,31.596717552182668,9272.481836287998,21.34194522471433,False,True,False,376,True,BARANGAY 376,BARANGAY376,962.0,930,1743,3.946069994,4.0,3,5,32.0,3.4408602150537635,4.344721972929773,221.41808060304842,111.24299287424843,303.9604228519973,192.71742997774885,20.03299687918387,8703.780172462371
Barangay 377,15180.6714732023,11274.021319575204,74.26563007754093,13461.40625610284,88.67464314648798,11444.238814793496,75.38690785183945,False,True,False,377,True,BARANGAY 377,BARANGAY377,663.0,578,607,3.840197694,4.0,3,5,85.0,14.705882352941178,1.5180671473202298,436.73957451115496,492.3811274140964,587.9128840612153,95.53175664711893,14.409013068947047,2187.3849365276365
Barangay 378,24617.44359703278,7659.837924351258,31.115488877466237,14540.844452311248,59.067239841524014,12922.141213191451,52.49180794202775,False,True,False,378,True,BARANGAY 378,BARANGAY378,683.0,602,987,3.837892604,4.0,3,5,81.0,13.455149501661129,2.4617443597032778,277.44554275421365,212.51878903309438,403.429248117609,190.91045908451463,27.951750964057776,6881.00652795999
Barangay 379,9463.090643781348,8966.223858295252,94.74942379620327,9463.090643781348,100.0,8827.17654338016,93.28005908070764,False,True,True,379,True,BARANGAY 379,BARANGAY379,729.0,654,375,2.546666667,3.0,2,3,75.0,11.46788990825688,0.9463090643781348,770.3614257135548,690.7232994743218,729.0,38.276700525678166,5.250576203796726,496.866785486096
Barangay 380,14549.991805607684,13549.991805332942,93.1271438937214,14549.991805607682,100.0,13949.99180559604,95.87628633728578,False,True,False,380,True,BARANGAY 380,BARANGAY380,957.0,921,583,2.751286449,3.0,2,3,36.0,3.908794788273615,1.4549991805607685,657.7323291901542,891.2267670629137,957.0,65.77323293708628,6.872856106278604,1000.0000002747402
Barangay 381,29787.28349506362,29287.28349523272,98.32143135874152,29787.28349506362,100.0,29287.28349501065,98.32143135799602,False,True,False,381,True,BARANGAY 381,BARANGAY381,1473.0,1591,1193,2.69488684,3.0,2,3,-118.0,-7.416719044626022,2.978728349506362,494.5063218819894,1448.2746839142626,1473.0,24.725316085737404,1.6785686412584795,499.99999983089947
Barangay 382,33156.8793058607,27196.11091706931,82.02252891834189,31561.79275739128,95.18927419629784,28694.92346689206,86.54289567540829,False,True,False,382,True,BARANGAY 382,BARANGAY382,804.0,896,1320,3.03030303,3.0,3,4,-92.0,-10.267857142857142,3.3156879305860696,242.48361632087847,659.4611325034688,765.3217645382347,105.8606320347659,13.166745277955954,4365.6818403219695
Barangay 383,20496.604525315208,19087.38226508792,93.12460628058284,20496.604525315208,100.0,19384.54885613503,94.5744395477471,False,True,False,383,True,BARANGAY 383,BARANGAY383,2529.0,2267,817,1.728274174,2.0,1,2,262.0,11.557123952359948,2.049660452531521,1233.862904890637,2355.12129283594,2529.0,173.87870716405996,6.875393719417161,1409.2222602272886
Barangay 384,58084.60391613594,50085.89841437981,86.22921572590066,53544.02220947648,92.18281368808977,50972.39488223704,87.75543163870465,False,True,False,384,True,BARANGAY 384,BARANGAY384,3830.0,3511,2326,1.068787618,1.0,0,2,319.0,9.085730561093705,5.808460391613593,659.3829933883777,3302.578962301995,3530.601764253838,228.02280195184312,5.953597962189107,3458.123795096675
Barangay 385,74356.46348765372,69346.17684987001,93.26180078667188,74356.46348765369,99.99999999999996,69523.45256678622,93.50021411162194,False,True,False,385,True,BARANGAY 385,BARANGAY385,3549.0,3406,2969,1.858201415,2.0,0,2,143.0,4.198473282442748,7.4356463487653714,477.29542712709605,3309.861309918985,3548.9999999999986,239.13869008101346,6.738199213328073,5010.286637783676
Barangay 386,73997.70974776396,72089.33457311844,97.42103481154945,73597.70974784227,99.45944272966668,72038.81191684546,97.3527588386238,False,True,True,386,True,BARANGAY 386,BARANGAY386,1245.0,1213,2955,1.063282572,1.0,0,2,32.0,2.6380873866446826,7.399770974776396,168.24845042418642,1212.8918834037906,1238.2700619843501,25.378178580559506,2.0384079181172297,1508.3751747238275
Barangay 387,36236.4543662541,34604.574274041704,95.49657900930804,36136.45436622616,99.72403481031226,34210.46555227756,94.40897612801962,False,True,True,387,True,BARANGAY 387,BARANGAY387,2678.0,2654,1449,2.0,2.0,2,2,24.0,0.9042954031650339,3.62364543662541,739.0347777772485,2557.398385869269,2670.6096522201624,113.21126635089331,4.227455801004226,1531.8800921844522
Barangay 388,25231.09287663005,23408.66574703526,92.77705829665908,25208.957116969228,99.9122679315991,23570.68579345169,93.41920268259057,False,True,False,388,True,BARANGAY 388,BARANGAY388,1553.0,1260,1013,2.0,2.0,2,2,293.0,23.253968253968253,2.523109287663005,615.5103972679855,1440.8277153471154,1551.637520977734,110.80980563061871,7.135209634940026,1800.2913699339697
Barangay 389,41049.43788259075,40370.96696529821,98.34718585128232,41049.43788259073,99.99999999999996,39520.718924370965,96.27590769307923,False,True,True,389,True,BARANGAY 389,BARANGAY389,1788.0,1174,1647,1.883424408,2.0,1,2,614.0,52.29982964224872,4.1049437882590745,435.5723469622221,1758.4476830209278,1787.9999999999993,29.55231697907152,1.6528141487176384,678.4709172925213
Barangay 390,65533.27638633324,54684.358600733816,83.4451771926637,63733.27638627037,97.25330381857997,55833.11265492267,85.1981096226199,False,True,False,390,True,BARANGAY 390,BARANGAY390,900.0,792,2625,2.0,2.0,2,2,108.0,13.636363636363635,6.5533276386333235,137.33480906620628,751.0065947339734,875.2797343672197,124.27313963324627,13.808126625916259,9048.917785536556
Barangay 391,63790.458946779625,62567.233496596455,98.0824319649374,63790.458946779625,100.0,60177.644775860674,94.33643489862156,False,True,True,391,True,BARANGAY 391,BARANGAY391,2633.0,2558,2555,2.0,2.0,2,2,75.0,2.931978107896794,6.3790458946779625,412.7576511397593,2582.5104336368017,2633.0,50.489566363198264,1.917568035062601,1223.2254501831703
Barangay 392,29635.14528119428,26535.14528105195,89.53944726530662,29635.14528119427,99.99999999999996,28783.080988616424,97.1248182369514,False,True,False,392,True,BARANGAY 392,BARANGAY392,1115.0,695,1180,2.0,2.0,2,2,420.0,60.431654676258994,2.963514528119428,376.24246124669787,998.3648370081687,1114.9999999999995,116.63516299183084,10.460552734693337,3100.0000001423177
Barangay 393,93251.12478137296,80227.44277784678,86.03375344366069,91473.2605409876,98.09346617045792,79351.20555724394,85.0941001980219,False,True,True,393,True,BARANGAY 393,BARANGAY393,4130.0,4073,3734,2.0,2.0,2,2,57.0,1.3994598575988215,9.325112478137296,442.8901002194639,3553.1940172231866,4051.260152839912,498.0661356167252,12.05971272679723,11245.817763140818
Barangay 394,26636.71430715943,26124.28072268369,98.07621323498591,26636.714307159426,100.0,26186.820047868998,98.31099941943847,False,True,False,394,True,BARANGAY 394,BARANGAY394,1487.0,1433,1065,2.0,2.0,2,2,54.0,3.768318213538032,2.663671430715943,558.2520362131614,1458.3932908042405,1487.0,28.60670919575955,1.9237867650140856,512.433584475737
Barangay 395,97270.12040059923,87799.01179662115,90.26308534936312,97068.735994722,99.79296375387648,89261.5923757978,91.7667131573201,False,True,False,395,True,BARANGAY 395,BARANGAY395,1228.0,1222,3886,2.0,2.0,2,2,6.0,0.4909983633387889,9.727012040059924,126.24637400905642,1108.4306880901793,1225.457594897603,117.02690680742376,9.529878404513354,9269.724198100841
Barangay 396,45091.80229524715,40591.80229527597,90.02035897676792,45091.80229524715,100.0,41791.80229546776,92.68159658340552,False,True,False,396,True,BARANGAY 396,BARANGAY396,4237.0,1666,1805,2.0,2.0,2,2,2571.0,154.3217286914766,4.509180229524715,939.6386447934452,3814.162609845657,4237.0,422.8373901543432,9.979641023232077,4499.99999997118
Barangay 397,41208.70735533412,36708.70735537865,89.07997777956754,41108.70735522381,99.75733283927588,37408.70735527882,90.77864790252048,False,True,False,397,True,BARANGAY 397,BARANGAY397,8835.0,4175,1650,2.0,2.0,2,2,4660.0,111.61676646706586,4.120870735533412,2143.964362632788,7870.216036824792,8813.560356350024,943.3443195252321,10.677355059708333,4399.99999984516
Barangay 398,20182.78923511468,18178.85415605508,90.07106968360404,20182.78923511468,100.0,18292.22574926073,90.63279379361164,False,True,False,398,True,BARANGAY 398,BARANGAY398,2413.0,3068,803,2.0,2.0,2,2,-655.0,-21.349413298565842,2.018278923511468,1195.5731053276734,2173.414911465365,2413.0,239.5850885346349,9.928930316395963,2003.9350790596
Barangay 399,15692.065971729504,13203.652718369354,84.14222029245083,15692.065971729504,100.0,12543.41893978079,79.9347833636358,False,True,True,399,True,BARANGAY 399,BARANGAY399,1647.0,1068,632,2.0,2.0,2,2,579.0,54.21348314606742,1.5692065971729503,1049.5749909331255,1385.8223682166652,1647.0,261.17763178333485,15.85777970754917,2488.4132533601496
Barangay 400,21405.47947454036,18593.892727985563,86.86510736702304,21405.47947454036,100.0,19254.12650643259,89.94952217413964,False,True,False,400,True,BARANGAY 400,BARANGAY400,1458.0,1504,855,2.0,2.0,2,2,-46.0,-3.0585106382978724,2.140547947454036,681.134006708022,1266.493265411196,1458.0,191.50673458880397,13.134892632976957,2811.5867465547963
Barangay 401,36900.36246358744,26911.95453923729,72.9314097274613,36700.362463497215,99.45799990369312,33100.36246356415,89.70199817475219,False,True,False,401,True,BARANGAY 401,BARANGAY401,2112.0,2333,1477,2.103588355,2.0,2,3,-221.0,-9.472781825975138,3.6900362463587437,572.3521014418437,1540.3113734439828,2100.5529579659988,560.241584522016,26.52659017623182,9788.407924259925
Barangay 402,29522.008660449337,25360.038092538303,85.90214298837047,29522.008660449337,100.0,27954.725660124364,94.6911369807141,False,True,False,402,True,BARANGAY 402,BARANGAY402,2778.0,2758,1184,2.0,2.0,2,2,20.0,0.7251631617113851,2.952200866044934,940.9928815994451,2386.3615322169317,2778.0,391.63846778306834,14.097857011629529,4161.970567911034
Barangay 403,22846.547652639038,21108.51822053197,92.39259489647094,22846.54765263903,100.0,22304.81018413737,97.62879942852508,False,True,False,403,True,BARANGAY 403,BARANGAY403,755.0,630,913,2.0,2.0,2,2,125.0,19.841269841269842,2.2846547652639035,330.46568412833653,697.5640914683555,755.0,57.435908531644486,7.607405103529061,1738.0294321070614
Barangay 404,70634.45903223092,56134.45903267796,79.47177596003598,69134.4590320403,97.87639061622008,62643.479500953385,88.68685392262832,False,True,False,404,True,BARANGAY 404,BARANGAY404,1268.0,723,2820,2.0,2.0,2,2,545.0,75.38035961272476,7.0634459032230925,179.5157798860474,1007.7021191732563,1241.0726330136706,233.37051384041433,18.404614656184094,12999.999999362335
Barangay 405,16247.941534460737,13232.066008682112,81.43841471005932,16247.941534460737,100.0,16047.941534370222,98.76907484147252,False,True,False,405,True,BARANGAY 405,BARANGAY405,1153.0,999,646,3.0,3.0,3,3,154.0,15.415415415415415,1.6247941534460737,709.6283535699389,938.9849216069839,1153.0,214.0150783930161,18.56158528994068,3015.875525778625
Barangay 406,9585.225895311343,9091.335934115748,94.84738318543762,9585.225895311343,99.99999999999996,9485.225895288931,98.95672776922945,False,True,False,406,True,BARANGAY 406,BARANGAY406,651.0,449,383,3.0,3.0,3,3,202.0,44.98886414253897,0.9585225895311343,679.1702220794187,617.4564645371989,650.9999999999997,33.54353546280072,5.152616814562336,493.8899611955949
Barangay 407,28986.234260105208,21298.839314479148,73.47915263278439,28986.234260105208,100.0,27179.636163616316,93.7673928932004,False,True,False,407,True,BARANGAY 407,BARANGAY407,2637.0,1571,1160,3.0,3.0,3,3,1066.0,67.85486950986632,2.898623426010521,909.7421818705845,1937.6452549265246,2637.0,699.3547450734754,26.52084736721561,7687.39494562606
Barangay 408,24622.60451963948,18509.48773926936,75.17274512737198,24622.60451963947,99.99999999999996,21422.60451957661,87.00381189361796,False,True,False,408,True,BARANGAY 408,BARANGAY408,1774.0,1768,987,3.0,3.0,3,3,6.0,0.3393665158371041,2.462260451963948,720.4761781333985,1333.564498559579,1773.9999999999993,440.43550144042024,24.827254872627975,6113.11678037011
Barangay 409,29415.90580333068,29412.596595014053,99.98875027565444,29415.90580333068,100.0,28884.018656692395,98.19183828574111,False,True,True,409,True,BARANGAY 409,BARANGAY409,1673.0,1921,1179,2.967769296,3.0,2,3,-248.0,-12.90994273815721,2.941590580333068,568.7399229469149,1672.8117921116987,1673.0,0.18820788830134916,0.011249724345560708,3.3092083166266093
Barangay 410,43844.58268237779,38861.944157021135,88.63568034972015,43844.58268237779,100.0,42233.45811447921,96.32537369651796,False,True,False,410,True,BARANGAY 410,BARANGAY410,2565.0,2424,1754,2.497149373,2.5,1,3,141.0,5.816831683168317,4.384458268237779,585.0209633836785,2273.5052009703218,2565.0,291.49479902967823,11.364319650279853,4982.638525356655
Barangay 411,31538.38349461864,28438.383494507165,90.1707073837807,31538.383494618636,99.99999999999996,29579.709738184403,93.78955564806154,False,True,False,411,True,BARANGAY 411,BARANGAY411,2182.0,1903,1258,3.0,3.0,3,3,279.0,14.66106148187073,3.153838349461864,691.8553705748147,1967.5248351140947,2181.999999999999,214.4751648859044,9.829292616219263,3100.0000001114713
Barangay 412,34625.388580060884,34504.244709286,99.65012993140924,34625.388580060884,100.0,34007.64137943855,98.21591258335202,False,True,True,412,True,BARANGAY 412,BARANGAY412,2015.0,1890,1385,2.185559567,2.0,2,3,125.0,6.613756613756613,3.4625388580060883,581.9429276124696,2007.9501181178962,2015.0,7.0498818821038185,0.34987006859076075,121.14387077488209
Barangay 413,17206.286317655336,16567.800125956415,96.28922720503743,17206.286317655336,100.0,16802.252760149582,97.65182590800448,False,True,False,413,True,BARANGAY 413,BARANGAY413,1907.0,1702,687,2.903930131,3.0,2,3,205.0,12.044653349001175,1.7206286317655337,1108.3158589795353,1836.235562800064,1907.0,70.76443719993608,3.7107727949625655,638.4861916989212
Barangay 414,16300.604640869098,15256.383839403052,93.59397504281552,16300.604640869098,100.0,15026.606610358467,92.18435108034924,False,True,True,414,True,BARANGAY 414,BARANGAY414,1603.0,1716,654,2.949541284,3.0,2,3,-113.0,-6.585081585081586,1.6300604640869099,983.3991040927012,1500.3114199363326,1603.0,102.68858006366736,6.406024957184485,1044.2208014660464
Barangay 415,23617.937408575486,12015.61472869298,50.87495373042273,19717.937409096736,83.48712704242035,14824.535504840876,62.76812089212416,False,True,False,415,True,BARANGAY 415,BARANGAY415,795.0,884,946,2.830866808,3.0,2,3,-89.0,-10.06787330316742,2.3617937408575487,336.60856418026657,404.45588215686075,663.7226599872417,259.266777830381,32.61217331199762,7702.322680403755
Barangay 416,28514.610564851424,22938.92355606672,80.44621021176567,28514.610564851424,100.0,23087.86522299488,80.96854477631959,False,True,False,416,True,BARANGAY 416,BARANGAY416,1099.0,821,1134,2.0,2.0,2,2,278.0,33.86114494518879,2.8514610564851424,385.41645080528787,884.1038502273049,1099.0,214.89614977269514,19.553789788234326,5575.6870087847055
Barangay 417,23981.491685979254,21856.088015542085,91.1373166512416,23981.491685979254,100.0,23481.491686007488,97.91505880235094,False,True,False,417,True,BARANGAY 417,BARANGAY417,1818.0,2011,960,2.872916667,3.0,2,3,-193.0,-9.597215315763302,2.3981491685979255,758.0846195080063,1656.8764167195725,1818.0,161.1235832804275,8.862683348758395,2125.4036704371683
Barangay 418,37173.84196228936,35497.4373358141,95.49036489643478,37173.84196228935,99.99999999999996,36216.41662563939,97.4244649298794,False,True,False,418,True,BARANGAY 418,BARANGAY418,2977.0,2835,1485,2.872727273,3.0,2,4,142.0,5.008818342151676,3.7173841962289362,800.8319406479395,2842.7481629668637,2976.9999999999986,134.25183703313496,4.509635103565174,1676.404626475247
Barangay 419,21947.90958154107,21564.75174453428,98.25423995126609,21947.90958154107,100.0,21716.919570415484,98.94755347762204,False,True,False,419,True,BARANGAY 419,BARANGAY419,1567.0,1696,882,3.0,3.0,3,3,-129.0,-7.606132075471699,2.194790958154107,713.9632110193764,1539.6439400363395,1567.0,27.356059963660528,1.7457600487339135,383.15783700679094
Barangay 420,38180.857711192686,36828.845208344894,96.45892579712412,37880.85771115807,99.21426594891116,35802.3810341199,93.7704996177298,False,True,True,420,True,BARANGAY 420,BARANGAY420,2890.0,3134,1532,2.932767624,3.0,1,4,-244.0,-7.78557753669432,3.8180857711192684,756.9238024615668,2787.6629555368872,2867.2922859235327,79.6293303866455,2.7553401517870384,1052.0125028131733
Barangay 421,29674.664534270225,27680.58699200797,93.28020190435728,29674.66453427022,100.0,27378.15860288597,92.26105512083514,False,True,True,421,True,BARANGAY 421,BARANGAY421,1264.0,1474,1188,3.042929293,3.0,3,4,-210.0,-14.246947082767978,2.9674664534270225,425.95258272936866,1179.0617520710762,1264.0,84.93824792892383,6.719798095642716,1994.07754226225
Barangay 422,28016.218612916764,23585.89820549972,84.18658681734279,28016.21861291676,100.0,27363.893128894026,97.671614813421,False,True,False,422,True,BARANGAY 422,BARANGAY422,2650.0,2304,1124,2.366548043,2.0,2,3,346.0,15.01736111111111,2.8016218612916766,945.8806831191088,2230.944550659584,2650.0,419.0554493404161,15.813413182657214,4430.320407417039
Barangay 423,28622.035249073928,28012.844980890724,97.8716039482101,28622.035249073928,100.0,27905.359370474565,97.49606947108155,False,True,True,423,True,BARANGAY 423,BARANGAY423,1369.0,1307,1147,2.278116827,2.0,2,3,62.0,4.743687834736036,2.8622035249073927,478.3028139287524,1339.8622580509962,1369.0,29.13774194900384,2.128396051789906,609.1902681832034
Barangay 424,33156.13641856494,27109.306109616216,81.76256053294871,30967.513221734476,93.39904031880806,27391.11831024177,82.61251541631614,False,True,False,424,True,BARANGAY 424,BARANGAY424,2079.0,1900,1327,2.716654107,3.0,2,3,179.0,9.421052631578947,3.3156136418564945,627.0332507245676,1699.8436334800037,1941.7660482280196,241.92241474801585,11.63647978585935,3858.20711211826
Barangay 425,48720.81467542035,32589.54167522336,66.89038738850314,43152.18414087841,88.5703254930355,33315.952500487976,68.38135347785116,False,True,False,425,True,BARANGAY 425,BARANGAY425,1792.0,2087,1946,3.038540596,3.0,3,4,-295.0,-14.13512218495448,4.872081467542035,367.80994159033713,1198.6757420019765,1587.180232835196,388.5044908332195,21.679938104532354,10562.642465655048
Barangay 426,31297.33589721379,7699.086483605013,24.59981421067349,25328.859602006087,80.92976247304475,13429.677452235615,42.9099700253758,False,True,False,426,True,BARANGAY 426,BARANGAY426,1529.0,1786,1251,3.095923261,3.0,2,4,-257.0,-14.38969764837626,3.129733589721379,488.53998468799944,376.13115928119765,1237.416068212854,861.2849089316564,56.32994826237126,17629.773118401074
Barangay 427,19222.95623013861,11156.09173311484,58.03525534550101,19222.95623013861,100.0,13565.736754937832,70.57050222935462,False,True,False,427,True,BARANGAY 427,BARANGAY427,395.0,495,771,3.538261997,4.0,3,4,-100.0,-20.2020202020202,1.922295623013861,205.48348301428337,229.23925861472895,395.0,165.76074138527105,41.96474465449899,8066.864497023771
Barangay 428,28552.15058740853,9059.817858302444,31.730772190231487,17339.968424048948,60.73086638768238,10884.993647829882,38.1232006132321,False,True,False,428,True,BARANGAY 428,BARANGAY428,924.0,1304,1139,3.735733099,4.0,3,5,-380.0,-29.141104294478527,2.855215058740853,323.61835483155625,293.1923350377389,561.1532054221852,267.9608703844463,29.000094197450895,8280.150565746504
Barangay 429,22949.372873175605,22784.13418924748,99.27998605957,22949.372873175605,100.0,22752.10557752849,99.14042402492971,False,True,True,429,True,BARANGAY 429,BARANGAY429,3113.0,2814,916,3.0,3.0,3,3,299.0,10.62544420753376,2.2949372873175604,1356.4640816998676,3090.585966034414,3113.0,22.414033965585986,0.7200139404299932,165.23868392812437
Barangay 430,12513.370401982676,11613.370401935528,92.80769312235378,12513.370401982676,100.0,12113.370402086575,96.80341916648835,False,True,False,430,True,BARANGAY 430,BARANGAY430,463.0,508,503,3.0,3.0,3,3,-45.0,-8.858267716535433,1.2513370401982677,370.00423157508396,429.69961915649804,463.0,33.300380843501955,7.192306877646217,900.0000000471482
Barangay 431,14301.73978057281,13301.73978060948,93.00784369380214,14301.73978057281,100.0,13101.739780441843,91.60941243133914,False,True,True,431,True,BARANGAY 431,BARANGAY431,656.0,700,570,3.0,3.0,3,3,-44.0,-6.2857142857142865,1.430173978057281,458.68545370339973,610.1314546313421,656.0,45.86854536865792,6.992156306197856,999.999999963331
Barangay 432,56157.08095796342,52002.750248331125,92.60230297094316,56157.08095796342,100.0,54527.4861722089,97.0981490527003,False,True,False,432,True,BARANGAY 432,BARANGAY432,3132.0,3436,2246,3.0,3.0,3,3,-304.0,-8.847497089639116,5.615708095796342,557.7212965083547,2900.30412904994,3132.0,231.69587095006,7.397697029056843,4154.330709632297
Barangay 433,12352.144865751046,11939.23247522054,96.65716039588077,12352.144865751045,99.99999999999996,12152.144865790331,98.38084800547269,False,True,False,433,True,BARANGAY 433,BARANGAY433,523.0,464,494,3.0,3.0,3,3,59.0,12.71551724137931,1.2352144865751047,423.40824665206844,505.5169488704564,522.9999999999998,17.483051129543355,3.3428396041191917,412.9123905305041
Barangay 434,20242.566998531816,16207.805682340657,80.06793646041137,20242.566998531816,100.0,20239.83429422079,99.98650020863845,False,True,False,434,True,BARANGAY 434,BARANGAY434,1582.0,1173,815,3.0,3.0,3,3,409.0,34.86786018755328,2.0242566998531815,781.5214345664469,1266.6747548037079,1582.0,315.32524519629214,19.932063539588626,4034.7613161911595
Barangay 435,25651.13457469745,25459.35385086577,99.25234993690744,25651.13457469745,100.0,25551.13457469076,99.61015369626055,False,True,False,435,True,BARANGAY 435,BARANGAY435,471.0,592,1023,3.0,3.0,3,3,-121.0,-20.43918918918919,2.565113457469745,183.61760904899677,467.478568202834,471.0,3.521431797165974,0.7476500630925642,191.78072383168183
Barangay 436,20853.18766365963,20665.058379230755,99.09783920106985,20853.18766365963,100.0,20853.18766365963,100.0,False,False,False,436,True,BARANGAY 436,BARANGAY436,967.0,964,831,3.0,3.0,3,3,3.0,0.3112033195020747,2.085318766365963,463.7180730335864,958.2761050743454,967.0,8.723894925654577,0.9021607989301543,188.12928442887642
Barangay 437,17798.35923713883,16598.359236862343,93.2578054848308,17798.35923713883,100.0,16698.359237118748,93.8196550290727,False,True,False,437,True,BARANGAY 437,BARANGAY437,983.0,899,711,2.558368495,3.0,2,3,84.0,9.343715239154617,1.779835923713883,552.298100573692,916.7242279158868,983.0,66.27577208411321,6.742194515169203,1200.0000002764864
Barangay 438,12682.022952610949,12382.022952753265,97.63444679938922,12682.022952610949,100.0,12482.022952557689,98.42296453175804,False,True,False,438,True,BARANGAY 438,BARANGAY438,648.0,712,510,3.0,3.0,3,3,-64.0,-8.98876404494382,1.268202295261095,510.95949157432415,632.6712152600421,648.0,15.328784739957882,2.3655532006107762,299.9999998576841
Barangay 439,17907.458138041657,15201.977974167,84.89188056161204,17907.458138041657,100.0,17433.5185614766,97.35339559131376,False,True,False,439,True,BARANGAY 439,BARANGAY439,821.0,1052,715,3.0,3.0,3,3,-231.0,-21.958174904942965,1.7907458138041656,458.46819446469124,696.9623394108348,821.0,124.03766058916517,15.10811943838796,2705.480163874656
Barangay 440,12476.320572817276,11076.320572870243,88.77874296531563,12476.320572817274,100.0,11276.320572802431,90.38177968407336,False,True,False,440,True,BARANGAY 440,BARANGAY440,918.0,1004,500,3.0,3.0,3,3,-86.0,-8.565737051792828,1.2476320572817277,735.7938541592848,814.9888604215975,918.0,103.01113957840255,11.22125703468437,1399.999999947031
Barangay 441,12779.059241612398,12079.059241581255,94.52228848152036,12779.059241612398,100.0,12679.059241647905,99.217469783387,False,True,False,441,True,BARANGAY 441,BARANGAY441,666.0,856,511,3.0,3.0,3,3,-190.0,-22.19626168224299,1.2779059241612398,521.1651244493077,629.5184412869256,666.0,36.48155871307438,5.477711518479637,700.0000000311429
Barangay 442,16263.948976999984,14030.211543852378,86.26571298086033,16263.948976999984,100.0,15374.39206439872,94.53049862699856,False,True,False,442,True,BARANGAY 442,BARANGAY442,688.0,670,651,3.0,3.0,3,3,18.0,2.6865671641791042,1.6263948976999985,423.0214943326188,593.508105308319,688.0,94.49189469168095,13.734287019139671,2233.7374331476058
Barangay 443,16085.793921151324,14131.690200914709,87.85199083231353,16085.793921151322,100.0,14348.96797164496,89.20273405204702,False,True,False,443,True,BARANGAY 443,BARANGAY443,1084.0,1382,643,3.0,3.0,3,3,-298.0,-21.562952243125906,1.6085793921151323,673.8865394605365,952.3155806222787,1084.0,131.68441937772127,12.148009167686467,1954.1037202366133
Barangay 444,16174.835178700105,13295.41386918402,82.19814126262095,16166.556564590404,99.94881793837008,14764.15117426035,91.27852624861724,False,True,False,444,True,BARANGAY 444,BARANGAY444,582.0,941,649,2.610169492,3.0,2,3,-359.0,-38.150903294367694,1.6174835178700104,359.8181950975358,478.39318214845395,581.7021204013139,103.30893825285995,17.750676675749133,2871.1426954063845
Barangay 445,12782.791879772843,12782.791879772843,100.0,12782.791879772843,100.0,12682.791879725111,99.2176982854116,False,True,True,445,True,BARANGAY 445,BARANGAY445,941.0,931,509,2.899803536,3.0,2,3,10.0,1.0741138560687433,1.2782791879772843,736.1459130763241,941.0,941.0,0.0,0.0,0.0
Barangay 446,14107.570908765529,12592.052798289526,89.25741277306388,14107.330539100449,99.9982961654658,12858.402597680237,91.14540469678492,False,True,False,446,True,BARANGAY 446,BARANGAY446,769.0,1002,563,2.181172291,2.0,2,3,-233.0,-23.253493013972058,1.4107570908765528,545.0973842153035,686.3895042248612,768.986897512432,82.59739328757087,10.740883392401926,1515.2777408109232
Barangay 447,13032.740683813754,12675.800461920431,97.2612036826864,13032.740683813754,100.0,12832.740683729062,98.46540336421268,False,True,False,447,True,BARANGAY 447,BARANGAY447,1259.0,1454,520,3.0,3.0,3,3,-195.0,-13.411279229711143,1.3032740683813755,966.0285818190471,1224.5185543650218,1259.0,34.48144563497817,2.7387963173136,356.9402218933228
Barangay 448,18348.684982136325,15907.818170583398,86.6973201952659,18348.684982136325,100.0,17352.219344394256,94.56928036689172,False,True,False,448,True,BARANGAY 448,BARANGAY448,1167.0,1375,734,3.0,3.0,3,3,-208.0,-15.127272727272729,1.8348684982136325,636.012881106277,1011.7577266787531,1167.0,155.2422733212469,13.302679804734098,2440.866811552927
Barangay 449,16571.54894257104,16056.523998097984,96.89211342730916,16571.54894257104,100.0,16271.548942565803,98.1896683222257,False,True,False,449,True,BARANGAY 449,BARANGAY449,1360.0,1402,664,3.0,3.0,3,3,-42.0,-2.9957203994293864,1.657154894257104,820.6836939100268,1317.7327426114045,1360.0,42.26725738859545,3.1078865726908447,515.0249444730562
Barangay 450,33803.94996073418,30636.17162186189,90.62896986135672,33803.94996073418,100.0,33803.94996073418,100.0,False,False,False,450,True,BARANGAY 450,BARANGAY450,1603.0,1835,1351,2.959289415,3.0,2,3,-232.0,-12.643051771117166,3.380394996073418,474.20493813947917,1452.7823868775483,1603.0,150.21761312245167,9.371030138643277,3167.778338872289
Barangay 451,19550.159454218323,19550.159454218323,100.0,19550.159454218323,100.0,19550.159454218323,100.0,False,False,False,451,True,BARANGAY 451,BARANGAY451,1030.0,1027,784,3.0,3.0,3,3,3.0,0.2921129503407984,1.9550159454218323,526.8499228418096,1030.0,1030.0,0.0,0.0,0.0
Barangay 452,21503.950216968256,21403.95021693479,99.53496916136572,21503.950216968256,100.0,21503.950216968256,100.0,False,False,False,452,True,BARANGAY 452,BARANGAY452,693.0,1039,861,3.0,3.0,3,3,-346.0,-33.301251203079886,2.1503950216968257,322.2663710657078,689.7773362882645,693.0,3.2226637117355494,0.4650308386342772,100.00000003346577
Barangay 453,20013.23685764156,18473.953935622307,92.30867583805409,20013.236857641557,99.99999999999996,20013.236857641557,99.99999999999996,False,False,False,453,True,BARANGAY 453,BARANGAY453,1066.0,1492,798,3.0,3.0,3,3,-426.0,-28.55227882037534,2.0013236857641563,532.6474710626203,984.0104844336565,1065.9999999999995,81.98951556634302,7.691324161945872,1539.2829220192507
Barangay 454,19797.096088198567,19306.35018964536,97.52112180308228,19797.096088198567,100.0,19207.99659688245,97.0243136231112,False,True,True,454,True,BARANGAY 454,BARANGAY454,936.0,1153,794,2.968513854,3.0,2,3,-217.0,-18.820468343451864,1.9797096088198567,472.79661412461786,912.7977000768501,936.0,23.202299923149894,2.4788781969177194,490.74589855320664
Barangay 455,18707.506052253422,18619.431825941043,99.52920380692984,18707.506052253422,100.0,18607.506052201912,99.46545520406517,False,True,True,455,True,BARANGAY 455,BARANGAY455,1287.0,1274,749,3.0,3.0,3,3,13.0,1.0204081632653061,1.8707506052253422,687.9591520137308,1280.940852995187,1287.0,6.059147004812985,0.4707961930701572,88.07422631237932
Barangay 456,24638.84043840814,23054.16563853173,93.56838726303796,24638.840438408137,100.0,24227.93992960955,98.33230581680272,False,True,False,456,True,BARANGAY 456,BARANGAY456,1589.0,1530,984,2.970528455,3.0,2,3,59.0,3.8562091503267975,2.463884043840814,644.9167135004434,1486.8016736096733,1589.0,102.19832639032666,6.4316127369620375,1584.6747998764076
Barangay 457,24566.977466892506,22630.15236947392,92.11614412058329,24566.9774668925,99.99999999999996,23025.12361879997,93.7238764916425,False,True,False,457,True,BARANGAY 457,BARANGAY457,2895.0,2445,982,2.50814664,3.0,2,3,450.0,18.404907975460123,2.4566977466892506,1178.4111431296033,2666.762372290886,2894.9999999999986,228.23762770911253,7.8838558794166715,1936.8250974185794
Barangay 458,34093.54154088504,27113.599474341325,79.52708415999155,34093.54154088504,100.0,31203.12734624851,91.52210634624058,False,True,False,458,True,BARANGAY 458,BARANGAY458,1649.0,1462,1363,2.534115921,3.0,2,3,187.0,12.790697674418606,3.4093541540885037,483.6693184316203,1311.4016177982605,1649.0,337.59838220173947,20.472915840008454,6979.942066543714
Barangay 459,20512.083549209547,19765.744537362625,96.36146659574383,20512.083549209543,99.99999999999996,19561.08157069804,95.3636987864738,False,True,True,459,True,BARANGAY 459,BARANGAY459,1049.0,752,822,2.0,2.0,2,2,297.0,39.494680851063826,2.0512083549209548,511.40587326655276,1010.8317845893529,1048.9999999999995,38.16821541064667,3.6385334042561226,746.3390118469179
Barangay 460,34069.16446042203,29751.26445768898,87.32607602470225,34069.16446042202,99.99999999999996,31518.66556426759,92.51376153026196,False,True,False,460,True,BARANGAY 460,BARANGAY460,861.0,789,1365,2.584615385,3.0,2,3,72.0,9.125475285171103,3.4069164460422026,252.72119631821886,751.8775145726863,860.9999999999997,109.12248542731334,12.673923975297711,4317.90000273304
Barangay 461,22146.78140838561,20595.551289758077,92.9956859643714,22146.78140838561,100.0,21371.113811369614,96.49760575718558,False,True,False,461,True,BARANGAY 461,BARANGAY461,733.0,863,886,2.811512415,3.0,2,3,-130.0,-15.063731170336037,2.214678140838561,330.97360130283244,681.6583781188424,733.0,51.34162188115761,7.004314035628596,1551.2301186275326
Barangay 462,24547.50781736807,21852.042864953262,89.01939466739802,24547.507817368067,100.0,23144.653591163173,94.28514602524196,False,True,False,462,True,BARANGAY 462,BARANGAY462,1594.0,1528,988,2.0,2.0,2,2,66.0,4.319371727748691,2.454750781736807,649.3530878406316,1418.9691509983245,1594.0,175.0308490016755,10.980605332601982,2695.4649524148044
Barangay 463,13295.550965953964,13295.550965953964,100.0,13295.550965953964,100.0,13295.550965953964,100.0,False,False,False,463,True,BARANGAY 463,BARANGAY463,856.0,830,523,2.0,2.0,2,2,26.0,3.132530120481928,1.3295550965953964,643.824390724361,856.0,856.0,0.0,0.0,0.0
Barangay 464,24099.38364396448,12086.364347208,50.15217204625458,23100.76804974866,95.85626085310314,12288.422971214804,50.99061101627947,False,True,False,464,True,BARANGAY 464,BARANGAY464,3138.0,2954,967,2.0,2.0,2,2,184.0,6.2288422477995935,2.409938364396448,1302.107990129403,1573.7751588114686,3007.9694655703765,1434.194306758908,45.70408880684856,11014.403702540661
Barangay 465,12963.1013141839,12963.1013141839,100.0,12963.1013141839,100.0,12963.1013141839,100.0,False,False,False,465,True,BARANGAY 465,BARANGAY465,1292.0,762,518,2.0,2.0,2,2,530.0,69.5538057742782,1.29631013141839,996.6750769635088,1292.0,1292.0,0.0,0.0,0.0
Barangay 466,18753.670917025556,16397.903638821666,87.43836719420517,18453.670917068044,98.40031319049568,16465.188671828848,87.79715046018482,False,True,False,466,True,BARANGAY 466,BARANGAY466,1448.0,1237,752,2.0,2.0,2,2,211.0,17.057396928051737,1.8753670917025556,772.1155001634536,1266.1075569720908,1424.8365349983774,158.72897802628654,10.96194599629051,2055.767278246378
Barangay 467,12414.969408785251,12159.157881390174,97.93949127885844,12414.96940878525,100.0,12404.146171829423,99.91282107430594,False,True,False,467,True,BARANGAY 467,BARANGAY467,1417.0,1160,497,2.0,2.0,2,2,257.0,22.155172413793103,1.241496940878525,1141.3640689257625,1387.802591421424,1417.0,29.19740857857596,2.0605087211415594,255.81152739507525
Barangay 468,13387.128700927113,12887.128700867155,96.26506914790976,13387.128700927113,100.0,12887.128700907611,96.26506914821196,False,True,False,468,True,BARANGAY 468,BARANGAY468,1364.0,1300,537,2.0,2.0,2,2,64.0,4.923076923076923,1.3387128700927113,1018.8891363280443,1313.055543177489,1364.0,50.94445682251103,3.734930852090244,500.00000005995753
Barangay 469,14146.71146760511,14146.711467605108,100.0,14146.711467605108,100.0,14146.711467605108,100.0,False,False,False,469,True,BARANGAY 469,BARANGAY469,2424.0,1956,567,2.0,2.0,2,2,468.0,23.92638036809816,1.4146711467605109,1713.4724247050456,2424.0,2424.0,0.0,0.0,0.0
Barangay 470,273485.5560933386,250498.24313786265,91.594688478674,271985.55609346926,99.451524964866,258329.32514307392,94.4581237975537,False,True,False,470,True,BARANGAY 470,BARANGAY470,1487.0,2260,10936,1.909473299,2.0,1,2,-773.0,-34.203539823008846,27.348555609333857,54.3721584876862,1362.0130176778823,1478.8441762275575,116.83115854967514,7.856836486191995,21487.312955606612
Barangay 471,35941.28976583042,33361.52894135251,92.82229201766012,35841.28976579114,99.72176847105148,31997.946038501304,89.02837446006716,False,True,True,471,True,BARANGAY 471,BARANGAY471,1773.0,1415,1437,2.0,2.0,2,2,358.0,25.300353356890458,3.594128976583042,493.3045006319169,1645.7392374731137,1768.0669549917427,122.32771751862902,6.899476453391358,2479.7608244386283
Barangay 472,16417.36056820439,14416.542820368,87.81279280841655,16417.36056820439,100.0,14517.360568071968,88.42688511201877,False,True,False,472,True,BARANGAY 472,BARANGAY472,1126.0,1122,657,2.00304414,2.0,2,3,4.0,0.35650623885918004,1.6417360568204389,685.8593348925598,988.7720470227704,1126.0,137.22795297722962,12.187207191583454,2000.8177478363887
Barangay 473,17460.527703135715,17460.527703135715,100.0,17460.527703135715,100.0,17460.527703135715,100.0,False,False,False,473,True,BARANGAY 473,BARANGAY473,1395.0,1383,697,2.842180775,3.0,2,3,12.0,0.8676789587852495,1.7460527703135715,798.9449252152176,1395.0,1395.0,0.0,0.0,0.0
Barangay 474,25274.622478688834,24779.276239864084,98.04014386666935,25274.62247868883,100.0,25186.60456291721,99.6517537864479,False,True,False,474,True,BARANGAY 474,BARANGAY474,1614.0,1655,1009,2.0,2.0,2,2,-41.0,-2.4773413897280965,2.5274622478688835,638.5852059158942,1582.3679220080433,1614.0,31.63207799195675,1.9598561333306463,495.34623882474625
Barangay 475,25935.623745367797,24635.623745242065,94.9875892213392,25935.623745367797,100.0,24835.623745435605,95.7587293418048,False,True,False,475,True,BARANGAY 475,BARANGAY475,1701.0,1664,1038,2.274566474,2.0,2,3,37.0,2.2235576923076925,2.5935623745367797,655.854671821342,1615.73889265498,1701.0,85.26110734502004,5.012410778660794,1300.0000001257322
Barangay 476,33359.81364620379,31496.270424057795,94.41380805687427,33359.81364620379,100.0,32871.3545987078,98.53578604282288,False,True,False,476,True,BARANGAY 476,BARANGAY476,1213.0,1268,1334,2.134182909,2.0,2,3,-55.0,-4.337539432176656,3.3359813646203786,363.6111438943948,1145.239491729885,1213.0,67.760508270115,5.586191943125726,1863.5432221459923
Barangay 477,22820.343388023502,16009.133887111748,70.15290530428044,22820.3433880235,100.0,21304.700289313238,93.35836857080028,False,True,False,477,True,BARANGAY 477,BARANGAY477,1082.0,1045,916,2.0,2.0,2,2,37.0,3.5406698564593304,2.28203433880235,474.13835173394097,759.0544353923143,1082.0,322.9455646076857,29.847094695719562,6811.209500911751
Barangay 478,25786.305237824872,23015.210918177665,89.25362011311957,25586.30523786068,99.22439450662044,23757.41334289484,92.13190150268626,False,True,False,478,True,BARANGAY 478,BARANGAY478,935.0,1129,1030,2.023300971,2.0,2,3,-194.0,-17.183348095659877,2.578630523782487,362.59556821986536,834.521348057668,927.7480886369011,93.22674057923314,9.970774393500875,2571.094319683016
Barangay 479,50318.7554898333,34981.76478939826,69.52032984294728,49518.75548989063,98.41013556047842,42535.29052765256,84.53168229934987,False,True,False,479,True,BARANGAY 479,BARANGAY479,3179.0,2307,2013,2.0,2.0,2,2,872.0,37.79800606848721,5.031875548983329,631.7723817001604,2210.051285707294,3128.458209467609,918.4069237603148,28.889805717531146,14536.990700492373
Barangay 480,15720.289071621277,12133.95255524827,77.18657398707022,15720.289071621271,100.0,14013.373388508842,89.1419574071713,False,True,False,480,True,BARANGAY 480,BARANGAY480,1073.0,810,628,2.0,2.0,2,2,263.0,32.46913580246913,1.5720289071621276,682.5574231564296,828.2119388812634,1073.0,244.78806111873655,22.81342601292978,3586.3365163730014
Barangay 481,18759.28979874354,13223.810297121452,70.4920625407,18059.289798835794,96.2685154533162,15870.682400730277,84.60172304493778,False,True,False,481,True,BARANGAY 481,BARANGAY481,1943.0,1004,751,2.0,2.0,2,2,939.0,93.52589641434263,1.875928979874354,1035.7534964517358,1369.6607751658012,1870.4972552579336,500.83648009213243,25.776452912616193,4835.479501714342
Barangay 482,16362.654707949025,15134.280306228764,92.49281718862214,16362.654707949025,100.0,16119.757203668403,98.51553730970916,False,True,False,482,True,BARANGAY 482,BARANGAY482,864.0,701,656,2.0,2.0,2,2,163.0,23.25249643366619,1.6362654707949025,528.0316766571297,799.1379405096953,864.0,64.86205949030466,7.507182811377859,1228.3744017202607
Barangay 483,23013.48954204529,14955.43744323251,64.98552692719267,23013.48954204529,100.0,22413.48954199552,97.39283345555408,False,True,False,483,True,BARANGAY 483,BARANGAY483,1397.0,1369,920,2.0,2.0,2,2,28.0,2.0452885317750185,2.3013489542045287,607.0352770481429,907.8478111728815,1397.0,489.1521888271185,35.014473072807334,8058.052098812779
Barangay 484,17182.9300787439,9162.327078953043,53.32226248355207,16856.957745470976,98.1029292921574,16919.601359235596,98.46749816066554,False,False,False,484,True,BARANGAY 484,BARANGAY484,2285.0,1777,687,2.0,2.0,2,2,508.0,28.58750703432752,1.7182930078743899,1329.8081232528866,1218.4136977491648,2241.6519343257964,1023.2382365766316,44.780666808605325,7694.630666517933
Barangay 485,22512.5361960772,16546.842774263412,73.50057154887193,22512.536196077195,100.0,22412.536196129,99.5558030464572,False,True,False,485,True,BARANGAY 485,BARANGAY485,1800.0,1337,900,2.0,2.0,2,2,463.0,34.62976813762154,2.25125361960772,799.5545167912486,1323.0102878796947,1800.0,476.9897121203053,26.499428451128068,5965.693421813783
Barangay 486,19264.47323802337,17564.47323827628,91.17546595360989,19264.47323802337,100.0,19164.473238045488,99.48090976201463,False,True,False,486,True,BARANGAY 486,BARANGAY486,687.0,969,769,2.0,2.0,2,2,-282.0,-29.102167182662537,1.926447323802337,356.61499357482023,626.3754511013,687.0,60.62454889870003,8.824534046390113,1699.9999997470877
Barangay 487,22735.51568327792,22275.116561347582,97.97497831875016,22735.51568327792,100.0,22635.515683258414,99.56015952568409,False,True,False,487,True,BARANGAY 487,BARANGAY487,1464.0,1457,911,2.0,2.0,2,2,7.0,0.4804392587508579,2.2735515683277923,643.9264542729412,1434.3536825865024,1464.0,29.646317413497627,2.0250216812498394,460.3991219303389
Barangay 488,22234.90513633607,18905.43953542556,85.0259509519133,22234.905136336067,100.0,21679.538497464724,97.50227565413007,False,True,False,488,True,BARANGAY 488,BARANGAY488,818.0,783,890,2.0,2.0,2,2,35.0,4.469987228607918,2.223490513633607,367.8900337034639,695.5122787866508,818.0,122.48772121334923,14.974049048086698,3329.4656009105056
Barangay 489,22616.191958164654,16207.942384940128,71.66521408609158,22616.191958164654,100.0,21571.55859714365,95.3810377849933,False,True,False,489,True,BARANGAY 489,BARANGAY489,1224.0,1142,903,2.0,2.0,2,2,82.0,7.180385288966725,2.2616191958164653,541.2051694043589,877.1822204137609,1224.0,346.8177795862391,28.33478591390842,6408.249573224526
Barangay 490,21847.271561770554,16208.252766966492,74.1889105975526,21547.271561765025,98.62683081886306,19047.27156180839,87.1837543097979,False,True,False,490,True,BARANGAY 490,BARANGAY490,1048.0,471,873,2.0,2.0,2,2,577.0,122.50530785562633,2.1847271561770554,479.69376726833144,777.4997830623513,1033.6091869816848,256.10940391933354,24.43792022131045,5339.018794798532
Barangay 491,21939.909970844947,20900.536471223117,95.26263553039637,21939.909970844947,100.0,21839.909970854264,99.54420961561117,False,True,False,491,True,BARANGAY 491,BARANGAY491,926.0,813,876,2.0,2.0,2,2,113.0,13.899138991389915,2.193990997084495,422.0618959834036,882.1320050114704,926.0,43.86799498852963,4.737364469603634,1039.37349962183
Barangay 492,30190.60779398772,18819.343143031027,62.335091997647,25614.62611468313,84.84302896274959,20886.72368180568,69.18285257564489,False,True,False,492,True,BARANGAY 492,BARANGAY492,1165.0,1107,1204,2.098006645,2.0,2,3,58.0,5.239385727190606,3.0190607793987723,385.88159865797826,726.2038217725875,988.4212874160327,262.21746564344517,22.507936965102587,6795.282971652105
Barangay 493,19730.9217166832,16667.69076340774,84.47497285093687,18130.173037736608,91.88710643156064,17865.23500493815,90.54435095058156,False,True,False,493,True,BARANGAY 493,BARANGAY493,858.0,1170,791,2.872313527,3.0,2,4,-312.0,-26.666666666666668,1.9730921716683198,434.85044050148474,724.7952670610383,788.3913731827903,63.59610612175197,7.412133580623774,1462.4822743288678
Barangay 494,43790.25458987799,34316.55681035739,78.3657394362114,37049.10820807594,84.60582966475776,33035.71779953188,75.44079866383787,False,True,True,494,True,BARANGAY 494,BARANGAY494,1663.0,2318,1750,2.645714286,3.0,2,3,-655.0,-28.257118205349443,4.379025458987799,379.7648621993621,1303.2222468241955,1406.9949473249214,103.77270050072593,6.240090228546364,2732.5513977185474
Barangay 495,37514.816359308905,30838.652562498268,82.20392782182974,36707.2207202721,97.84726218222202,28407.537836345706,75.72351564849569,False,True,True,495,True,BARANGAY 495,BARANGAY495,1443.0,1906,1504,2.003989362,2.0,2,3,-463.0,-24.29171038824764,3.7514816359308907,384.6480244443299,1186.202678469003,1411.9359932894638,225.7333148204607,15.643334360392288,5868.568157773829
Barangay 496,25399.614905041293,5915.383400319412,23.289264118509656,7341.800099180027,28.90516303742397,16139.452264941792,63.542114025273854,False,False,False,496,True,BARANGAY 496,BARANGAY496,1085.0,1177,1018,3.0,3.0,3,3,-92.0,-7.816482582837724,2.5399614905041292,427.17183077632023,252.68851568582977,313.6210189560501,60.93250327022031,5.615898918914315,1426.4166988606148
Barangay 497,37822.6187143179,37222.61871423495,98.41364765191202,37722.61871440666,99.73560794225658,33382.74492734254,88.26132632298507,False,True,True,497,True,BARANGAY 497,BARANGAY497,1601.0,1489,1512,2.0,2.0,2,2,112.0,7.521826729348556,3.78226187143179,423.2916848229589,1575.6024989071113,1596.7670831555279,21.16458424841653,1.3219602903445633,500.0000001717053
Barangay 498,21805.962381514662,7677.07105218201,35.206293204880566,14238.947259573044,65.29841247292838,17571.911006246788,80.58305659163585,False,False,False,498,True,BARANGAY 498,BARANGAY498,1029.0,1033,871,2.807118255,3.0,2,3,-4.0,-0.3872216844143272,2.180596238151466,471.88928513987685,362.27275707822105,671.920664346433,309.64790726821195,30.09211926804781,6561.876207391034
Barangay 499,21424.41966561278,4810.767385386092,22.454598353054127,20924.41966562704,97.66621449827058,19830.86878495216,92.56198811668,False,True,False,499,True,BARANGAY 499,BARANGAY499,1435.0,1498,860,2.0,2.0,2,2,-63.0,-4.205607476635514,2.142441966561278,669.7964390154492,322.22348636632677,1401.5101780501827,1079.286691683856,75.21161614521645,16113.652280240947
Barangay 500,40075.70416857062,37097.418204719776,92.568350261986,39954.70346851688,99.69806968445326,35978.03750418191,89.77518486723858,False,True,True,500,True,BARANGAY 500,BARANGAY500,1404.0,2562,1602,2.0,2.0,2,2,-1158.0,-45.19906323185012,4.007570416857062,350.33695081048313,1299.6596376782834,1399.7608983697237,100.1012606914403,7.129719422467261,2857.285263797101
Barangay 501,18864.14685889535,5879.810703234802,31.16923732208005,16430.32082155127,87.0981388368676,16757.973447036773,88.83504550927827,False,False,False,501,True,BARANGAY 501,BARANGAY501,941.0,845,754,2.0,2.0,2,2,96.0,11.36094674556213,1.886414685889535,498.8298739607582,293.3025232007733,819.5934864549241,526.2909632541508,55.928901514787555,10550.51011831647
Barangay 502,17473.44828619557,16914.77173656254,96.80271151702551,17473.448286195562,99.99999999999996,17473.448286195562,99.99999999999996,False,False,False,502,True,BARANGAY 502,BARANGAY502,920.0,815,700,2.621428571,3.0,2,3,105.0,12.883435582822086,1.747344828619557,526.5131329153968,890.5849459566348,919.9999999999995,29.415054043364762,3.197288482974443,558.6765496330227
Barangay 503,26217.08149895228,25375.758048557465,96.79093399305933,26217.081498952277,100.0,26217.081498952277,100.0,False,False,False,503,True,BARANGAY 503,BARANGAY503,1038.0,1183,1050,2.984761905,3.0,2,3,-145.0,-12.256973795435334,2.621708149895228,395.92507657325694,1004.6898948479558,1038.0,33.31010515204423,3.209066006940674,841.3234503948115
Barangay 504,21976.132936003185,21576.132935953417,98.1798435547573,21976.132936003185,100.0,21976.132936003185,100.0,False,False,False,504,True,BARANGAY 504,BARANGAY504,1361.0,1312,880,2.961363636,3.0,2,3,49.0,3.7347560975609753,2.1976132936003183,619.3082304167779,1336.2276707802469,1361.0,24.772329219753146,1.8201564452427021,400.00000004976755
Barangay 505,18456.93339381765,16591.69187114245,89.89408758824487,18356.933393832784,99.45819818573784,17156.93339362411,92.95657641247712,False,True,False,505,True,BARANGAY 505,BARANGAY505,788.0,1200,737,2.327001357,2.0,2,3,-412.0,-34.333333333333336,1.845693339381765,426.93982970321014,708.3654101953696,783.7306017036142,75.3651915082446,9.56411059749297,1765.2415226903322
Barangay 506,16170.592845731016,14371.672610626683,88.87536002998654,16170.592845731013,100.0,15793.089575654005,97.66549517585146,False,True,False,506,True,BARANGAY 506,BARANGAY506,816.0,668,647,2.697063369,3.0,2,3,148.0,22.15568862275449,1.6170592845731016,504.6197178945244,725.2229378446901,816.0,90.77706215530986,11.124639970013462,1798.9202351043295
Barangay 507,24606.58026076341,24071.55976659479,97.82570154609522,24606.580260763407,100.0,24184.083530762484,98.2829929005835,False,True,False,507,True,BARANGAY 507,BARANGAY507,1526.0,1532,984,2.011178862,2.0,2,3,-6.0,-0.39164490861618795,2.460658026076341,620.1593166659138,1492.820205593413,1526.0,33.17979440658701,2.1742984539047825,535.020494168617
Barangay 508,18858.805390892336,17267.66032761584,91.56285337116356,18758.805390893216,99.46974371957084,18658.80539094473,98.93948743941016,False,True,False,508,True,BARANGAY 508,BARANGAY508,1020.0,1006,755,2.101986755,2.0,2,3,14.0,1.3916500994035785,1.8858805390892335,540.8614060425049,933.9411043858682,1014.5913859396227,80.65028155375444,7.906890348407288,1491.1450632773776
Barangay 509,21931.011057443804,18730.35834318374,85.40581323005762,21931.011057443804,100.0,21231.01105735125,96.8081726909031,False,True,False,509,True,BARANGAY 509,BARANGAY509,814.0,1260,877,2.0,2.0,2,2,-446.0,-35.3968253968254,2.1931011057443803,371.16391846590807,695.203319692669,814.0,118.79668030733103,14.594186769942382,3200.6527142600644
Barangay 510,18613.82731388303,8675.1539250461,46.60596544041095,17966.6516511214,96.52314566022145,17413.55160643818,93.5516984916389,False,True,False,510,True,BARANGAY 510,BARANGAY510,1010.0,1134,743,2.0,2.0,2,2,-124.0,-10.934744268077601,1.861382731388303,542.6073762093498,470.7202509481506,974.8837711682365,504.16352022008596,49.9171802198105,9291.4977260753
Barangay 511,21674.527291597587,10561.437990429182,48.72742020317767,21074.527291667146,97.23177353831824,20274.527291563827,93.54080492183796,False,True,False,511,True,BARANGAY 511,BARANGAY511,1129.0,1338,868,2.0,2.0,2,2,-209.0,-15.6203288490284,2.1674527291597587,520.8879459335067,550.132574093876,1097.7467232476129,547.6141491537369,48.504353335140564,10513.089301237964
Barangay 512,55266.7479758036,12918.423463648944,23.374676341196658,15284.476953385069,27.655828347412047,13456.503024093434,24.348280868606277,False,True,False,512,True,BARANGAY 512,BARANGAY512,2560.0,2473,2208,3.006793478,3.0,3,4,87.0,3.5179943388596846,5.52667479758036,463.20800368438483,598.3917143346345,707.9892056937484,109.59749135911397,4.28115200621539,2366.053489736125
Barangay 513,34684.35820876043,28109.59683241367,81.0440160467316,32990.73600396747,95.1170432660184,29884.692861918884,86.16187355131954,False,True,False,513,True,BARANGAY 513,BARANGAY513,1929.0,2033,1391,3.0,3.0,3,3,-104.0,-5.115592720118052,3.468435820876043,556.1584816964499,1563.3390695414525,1834.807764601495,271.46869506004236,14.0730272192868,4881.1391715537975
Barangay 514,34098.563039690365,11773.969088749513,34.52922363632959,26591.82517562312,77.98517827472823,29296.073203785163,85.91585859405525,False,False,False,514,True,BARANGAY 514,BARANGAY514,2196.0,2283,1363,2.980190756,3.0,2,3,-87.0,-3.8107752956636007,3.4098563039690366,644.0154083454717,758.2617510537979,1712.5545149130319,954.292763859234,43.45595463839864,14817.856086873606
Barangay 515,42925.088768270536,11351.489192630894,26.44488227831392,15413.11812873576,35.907015153638696,14272.767000736145,33.250407652706635,False,True,False,515,True,BARANGAY 515,BARANGAY515,2289.0,2166,1716,3.0,3.0,3,3,123.0,5.678670360110803,4.292508876827053,533.2545757463846,605.3233553506057,821.9115768667897,216.58822151618403,9.462132875324777,4061.6289361048657
Barangay 516,17129.478976208426,5806.865520805134,33.89983740235438,6206.865520626296,36.23499307391177,7357.490202788506,42.95221245787752,False,False,False,516,True,BARANGAY 516,BARANGAY516,1192.0,1087,684,3.0,3.0,3,3,105.0,9.659613615455381,1.7129478976208425,695.8763904352254,404.0860618360642,431.92111744102823,27.835055604964055,2.335155671557388,399.9999998211615
Barangay 517,24024.87170242941,23814.08670843215,99.12263841985076,24018.49390697177,99.9734533630954,23871.837396685216,99.36301717803256,False,True,False,517,True,BARANGAY 517,BARANGAY517,1355.0,1029,960,2.680208333,3.0,2,3,326.0,31.68124392614188,2.402487170242941,563.9988495185103,1343.1117505889779,1354.6402930699426,11.528542480964688,0.850814943244643,204.40719853961855
Barangay 518,34653.467258969475,8018.594957687284,23.1393727437528,19551.98738018871,56.4214461833628,25914.376576555875,74.781482565351,False,False,False,518,True,BARANGAY 518,BARANGAY518,2019.0,1908,1389,2.858171346,3.0,2,3,111.0,5.817610062893082,3.4653467258969473,582.6256821321149,467.183935696369,1139.148998442095,671.9650627457261,33.282073439609995,11533.392422501427
Barangay 519,21837.43585572469,20212.666471691377,92.55970620924629,21762.54186040131,99.6570385102986,21126.220567108845,96.7431373659678,False,True,False,519,True,BARANGAY 519,BARANGAY519,1385.0,1311,874,3.0,3.0,3,3,74.0,5.644546147978642,2.183743585572469,634.2319717160941,1281.951930998061,1380.2499833676357,98.29805236957463,7.097332301052319,1549.8753887099338
Barangay 520,37371.596674746885,20423.301258847365,54.64926060450611,29646.49066973392,79.32893776991591,26433.27842692061,70.73093145303683,False,True,False,520,True,BARANGAY 520,BARANGAY520,695.0,631,1495,3.0,3.0,3,3,64.0,10.142630744849445,3.7371596674746885,185.97011148566537,379.81236120131746,551.3361175009155,171.52375629959806,24.6796771654098,9223.189410886556
Barangay 521,44361.866370053714,31858.515231255104,71.81509219089361,44361.866370053714,100.0,43761.86636997194,98.6474870216759,False,True,False,521,True,BARANGAY 521,BARANGAY521,1582.0,2244,1776,2.632882883,3.0,2,3,-662.0,-29.500891265597147,4.436186637005371,356.6125885695202,1136.1147584599369,1582.0,445.88524154006313,28.18490780910639,12503.351138798611
Barangay 522,19987.33519933416,12306.265003800476,61.57031380656706,19277.38126199736,96.44798103270688,17819.107303643872,89.15199112804935,False,True,False,522,True,BARANGAY 522,BARANGAY522,1082.0,1091,801,2.405742821,2.0,2,3,-9.0,-0.8249312557286892,1.998733519933416,541.3427999326517,666.1907953870556,1043.5671547738884,377.37635938683286,34.87766722613982,6971.116258196886
Barangay 523,24929.345685655226,4222.73874562035,16.938827030868232,6832.90336042832,27.40907622120259,5544.251122933356,22.239858168935477,False,True,False,523,True,BARANGAY 523,BARANGAY523,1299.0,1115,994,2.799798793,3.0,2,3,184.0,16.50224215246637,2.4929345685655226,521.0726412075336,220.0353631309783,356.0439001134216,136.0085369824433,10.470249190334357,2610.164614807971
Barangay 524,24928.944204562456,5954.784393143226,23.887030049404945,7371.7797417362035,29.571167078897115,6833.807635447045,27.41314505488096,False,True,False,524,True,BARANGAY 524,BARANGAY524,796.0,865,1000,2.954,3.0,2,3,-69.0,-7.976878612716763,2.4928944204562455,319.30754606700003,190.14075919326336,235.38648994802102,45.24573075475766,5.68413702949217,1416.9953485929773
Barangay 525,26415.445481686274,2922.6255418992773,11.064078188367189,3208.044565632001,12.144578700579272,2830.1638902019627,10.714049445670351,False,True,True,525,True,BARANGAY 525,BARANGAY525,1673.0,1784,1060,3.095283019,3.0,3,4,-111.0,-6.221973094170403,2.6415445481686275,633.3415808413621,185.1020280913831,203.17880166069122,18.07677356930813,1.0805005122120832,285.4190237327239
Barangay 526,12719.04293423494,10362.273576323732,81.47054483503896,10953.159813617984,86.11622643505784,10456.802323166772,82.21375128014502,False,True,False,526,True,BARANGAY 526,BARANGAY526,805.0,790,505,3.0,3.0,3,3,15.0,1.89873417721519,1.271904293423494,632.9092559576467,655.8378859220636,693.2356228022156,37.397736880152024,4.645681600018875,590.8862372942513
Barangay 527,20573.93682096901,5253.922189635361,25.536785863367427,6028.300266938593,29.30066481391414,5690.092367793529,27.656799072087026,False,True,False,527,True,BARANGAY 527,BARANGAY527,2424.0,2134,827,4.719467956,5.0,4,5,290.0,13.58950328022493,2.057393682096901,1178.1896780831235,619.0116893280265,710.2481150892787,91.23642576125224,3.7638789505467116,774.3780773032322
Barangay 528,22671.596080548945,19846.32773158848,87.53829091289961,21770.108957891327,96.0237156684745,21156.84821510551,93.31874182981316,False,True,False,528,True,BARANGAY 528,BARANGAY528,1510.0,1433,903,3.099667774,3.0,3,4,77.0,5.373342637822749,2.2671596080548944,666.0316259319306,1321.828192784784,1449.9581065939649,128.12991380918083,8.485424755574883,1923.7812263028463
Barangay 529,15238.523522696643,6417.289922893835,42.11228150375435,8085.594259283519,53.06022100658656,7422.61035503675,48.7095114167808,False,True,False,529,True,BARANGAY 529,BARANGAY529,944.0,935,608,4.0,4.0,4,4,9.0,0.9625668449197862,1.5238523522696643,619.4825887127336,397.5399373954411,500.8884863021771,103.34854890673603,10.947939502832206,1668.304336389684
Barangay 530,25149.09275348552,9243.461946143896,36.75465368373101,11172.3559097222,44.42448886421072,11809.396104826545,46.9575432425483,False,False,False,530,True,BARANGAY 530,BARANGAY530,503.0,483,1010,3.548514851,4.0,3,5,20.0,4.140786749482402,2.514909275348552,200.0072149442795,184.87590802916696,223.45517898697992,38.57927095781295,7.669835180479716,1928.8939635783045
Barangay 531,24904.563058479293,22850.023545355885,91.75034908944568,23325.61274233478,93.65999591144433,23355.590929838967,93.78036817990692,False,False,False,531,True,BARANGAY 531,BARANGAY531,1310.0,956,997,4.011033099,4.0,4,5,354.0,37.029288702928866,2.490456305847929,526.0080238805806,1201.9295730717383,1226.9459464399206,25.016373368182258,1.909646821998649,475.5891969788936
Barangay 532,13746.754357506728,698.2465179144691,5.079355459153715,897.4459632457593,6.528420745044365,899.577189325811,6.54392423062813,False,False,False,532,True,BARANGAY 532,BARANGAY532,1085.0,987,545,4.288073394,4.0,3,5,98.0,9.929078014184398,1.3746754357506727,789.2772153941277,55.1110067318178,70.83336508373137,15.722358351913563,1.4490652858906508,199.19944533129024
Barangay 533,12618.758075037347,1326.769117216766,10.514260669133552,2050.0301759000977,16.24589491065293,1177.3755858375016,9.330360237007849,False,True,True,533,True,BARANGAY 533,BARANGAY533,948.0,913,503,5.0,5.0,5,5,35.0,3.8335158817086525,1.2618758075037346,751.2625207351829,99.67519114338607,154.01108375298975,54.335892609603675,5.731634241519377,723.2610586833316
Barangay 534,17471.200158412816,1716.5566500516516,9.825064302895568,2164.8175400015216,12.390777510262271,1621.637201766005,9.281773358798976,False,True,True,534,True,BARANGAY 534,BARANGAY534,1128.0,1096,699,5.852646638,6.0,5,6,32.0,2.9197080291970803,1.7471200158412816,645.6339517447747,110.826725336662,139.76797031575842,28.941244979096425,2.565713207366704,448.26088994987003
Barangay 535,13124.14776592389,101.7534820390941,0.7753149679043639,302.5540368834269,2.30532330387952,100.42281059247716,0.7651758604335386,False,True,True,535,True,BARANGAY 535,BARANGAY535,1037.0,1035,524,5.171755725,5.0,4,6,2.0,0.1932367149758454,1.312414776592389,790.1465439855166,8.040016217168253,23.906202661230623,15.86618644406237,1.5300083359751557,200.8005548443328
Barangay 536,15640.893197287844,7349.058269956095,46.98618024724083,9146.642639629388,58.479030092830186,7463.232499198712,47.71615281212232,False,True,False,536,True,BARANGAY 536,BARANGAY536,1045.0,944,628,5.52388535,6.0,5,6,101.0,10.699152542372882,1.5640893197287844,668.1204115511796,491.0055835836667,611.1058644700754,120.10028088640871,11.492849845589355,1797.5843696732936
Barangay 537,16732.43143276942,10369.158896165296,61.97042514609053,13421.258093249047,80.21104492300117,13129.428619527758,78.46695008003795,False,True,False,537,True,BARANGAY 537,BARANGAY537,1474.0,1085,668,5.0,5.0,5,5,389.0,35.85253456221198,1.673243143276942,880.9239744519516,913.4440666533743,1182.3108021650373,268.866735511663,18.24061977691064,3052.0991970837513
Barangay 538,12251.83435351457,7137.200324524712,58.25413663446511,10472.497939118366,85.47697950318938,9775.288096998096,79.78632272475957,False,True,False,538,True,BARANGAY 538,BARANGAY538,971.0,821,491,5.368635438,5.0,5,6,150.0,18.270401948842874,1.225183435351457,792.5343846339697,565.6476667206563,829.9814709759689,264.33380425531266,27.22284286872427,3335.2976145936536
Barangay 539,54196.72716735554,399.9999999950524,0.7380519468636575,700.0000000468572,1.291590907113834,2099.9999998346902,3.874772720777112,False,False,False,539,True,BARANGAY 539,BARANGAY539,2015.0,1846,2172,5.367403315,5.0,4,6,169.0,9.15492957746479,5.419672716735554,371.79366823716623,14.871746729302698,26.02555677834376,11.153810049041061,0.5535389602501766,300.00000005180476
Barangay 540,22185.346220487685,3047.2664731624027,13.735492080571266,4970.3355965934925,22.40368731322072,5039.764857584788,22.71663830484049,False,False,False,540,True,BARANGAY 540,BARANGAY540,2024.0,1951,885,6.0,6.0,6,6,73.0,3.7416709379805226,2.2185346220487685,912.3139120230993,278.0063597107624,453.45063121958736,175.44427150882495,8.668195232649452,1923.0691234310898
Barangay 541,13771.44029046482,166.95506869834384,1.2123283053693483,670.6749963352053,4.870042509639115,637.8166540349565,4.63144479141062,False,True,False,541,True,BARANGAY 541,BARANGAY541,812.0,485,549,5.885245902,6.0,5,6,327.0,67.42268041237114,1.377144029046482,589.6260542640692,9.84410583959911,39.54474517826961,29.7006393386705,3.6577142042697663,503.7199276368614
Barangay 542,12160.803449727817,3167.2272122181485,26.044555569961435,9834.525911763772,80.87069207572702,6024.090832569272,49.53694759949519,False,True,False,542,True,BARANGAY 542,BARANGAY542,336.0,802,489,3.0,3.0,3,3,-466.0,-58.104738154613464,1.2160803449727817,276.2975336202152,87.50970671507042,271.7255253744428,184.21581865937236,54.82613650576559,6667.298699545624
Barangay 543,12149.142722029184,5518.87302700379,45.42602843076991,12149.142722029184,100.0,10314.298586350966,84.8973365639106,False,True,False,543,True,BARANGAY 543,BARANGAY543,830.0,822,486,3.0,3.0,3,3,8.0,0.9732360097323601,1.2149142722029185,683.1757754355947,377.03603597539023,830.0,452.96396402460977,54.57397156923009,6630.269695025394
Barangay 544,13552.77259090722,2697.9587072595277,19.90706100292447,13061.291574624527,96.37357586437749,7089.633756485172,52.31131644045828,False,True,False,544,True,BARANGAY 544,BARANGAY544,45.0,164,542,2.92804428,3.0,2,4,-119.0,-72.5609756097561,1.355277259090722,33.20353802010317,8.95817745131601,43.368109138969864,34.40993168765385,76.46651486145302,10363.332867365
Barangay 545,10823.05746230658,1821.5749829903,16.83050274226384,3272.655347058152,30.23780810973069,2055.2734428391204,18.98976744784931,False,True,False,545,True,BARANGAY 545,BARANGAY545,934.0,883,431,3.271461717,3.0,3,4,51.0,5.775764439411098,1.082305746230658,862.9724116801913,157.19689561274427,282.42112774488464,125.22423213214037,13.40730536746685,1451.080364067852
Barangay 546,15943.440644058215,0.0,0.0,0.0,0.0,0.0,0.0,False,False,False,546,True,BARANGAY 546,BARANGAY546,768.0,892,640,3.0,3.0,3,3,-124.0,-13.901345291479823,1.5943440644058215,481.702800007737,0.0,0.0,0.0,0.0,0.0
Barangay 547,27923.841611995875,0.0,0.0,0.0,0.0,0.0,0.0,False,False,False,547,True,BARANGAY 547,BARANGAY547,1170.0,1059,1115,3.68161435,4.0,3,5,111.0,10.48158640226629,2.7923841611995877,418.996790003771,0.0,0.0,0.0,0.0,0.0
Barangay 548,14527.43789172312,847.3310976716942,5.832625849011227,7256.862347928159,49.95280242817416,4919.563372756773,33.86394359021594,False,True,False,548,True,BARANGAY 548,BARANGAY548,771.0,749,581,3.0,3.0,3,3,22.0,2.9372496662216285,1.452743789172312,530.7198734879951,44.96954529587656,385.13610672122275,340.1665614253462,44.12017657916293,6409.531250256465
Barangay 549,13935.58631612677,0.0,0.0,0.0,0.0,0.0,0.0,False,False,False,549,True,BARANGAY 549,BARANGAY549,770.0,867,558,4.467741935,4.0,4,5,-97.0,-11.18800461361015,1.393558631612677,552.5422343435438,0.0,0.0,0.0,0.0,0.0
Barangay 550,12127.900508841924,1012.0319155902451,8.34465878782908,4795.700323554337,39.542708320026215,3253.615595831416,26.82752545223592,False,True,False,550,True,BARANGAY 550,BARANGAY550,657.0,992,484,2.989669421,3.0,2,3,-335.0,-33.770161290322584,1.2127900508841924,541.7260798940508,54.82440823603705,259.79559366257223,204.9711854265352,31.198049532197135,3783.668407964092
Barangay 551,12296.181354310596,377.0237232837472,3.0661854474972947,2253.819654767558,18.329427566367592,1178.61846910415,9.585239800411443,False,True,False,551,True,BARANGAY 551,BARANGAY551,591.0,959,490,2.981632653,3.0,2,3,-368.0,-38.373305526590194,1.2296181354310596,480.6370229671481,18.121155994709014,108.32691691723247,90.20576092252345,15.263242118870297,1876.7959314838108
Barangay 552,16887.91332474397,0.0,0.0,143.24287894093513,0.8481976203126135,70.79907714990387,0.4192292782920072,False,True,False,552,True,BARANGAY 552,BARANGAY552,942.0,937,673,3.704309064,4.0,3,5,5.0,0.5336179295624333,1.688791332474397,557.7953782009248,0.0,7.990021583344818,7.990021583344818,0.8481976203126135,143.24287894093513
Barangay 553,10528.258417219586,206.4953574069824,1.9613439300582431,516.7218849850016,4.907952146576043,588.5714043908051,5.590396636049149,False,False,False,553,True,BARANGAY 553,BARANGAY553,1454.0,1430,425,3.428235294,3.0,3,4,24.0,1.6783216783216783,1.0528258417219585,1381.0451286244054,28.517940743046854,71.36162421121566,42.843683468168805,2.9466082165177996,310.22652757801916
Barangay 554,27784.046615814863,0.0,0.0,929.2132944611916,3.3444130990345995,686.2401170880166,2.46990701742274,False,True,False,554,True,BARANGAY 554,BARANGAY554,1581.0,1551,1110,3.456756757,3.0,3,5,30.0,1.9342359767891684,2.778404661581486,569.0315819942817,0.0,52.87517109573702,52.87517109573702,3.3444130990345995,929.2132944611916
Barangay 555,17328.796176752723,3468.4873583576687,20.01574329214388,4706.378581992146,27.15929331724694,3154.6772329809346,18.204826237226225,False,True,True,555,True,BARANGAY 555,BARANGAY555,1151.0,1138,695,5.879136691,6.0,5,7,13.0,1.1423550087873462,1.7328796176752723,664.2123251147202,230.38120529257608,312.6034660815123,82.22226078893621,7.14355002510306,1237.8912236344772
Barangay 556,13693.73626321284,2007.852626114405,14.662562411898833,2593.609272757558,18.940114099649254,2939.07367208671,21.46290548900305,False,False,False,556,True,BARANGAY 556,BARANGAY556,909.0,822,544,5.018382353,5.0,4,6,87.0,10.583941605839415,1.3693736263212841,663.8071469522587,133.2826923241604,172.16563716581172,38.88294484165132,4.277551687750421,585.7566466431529
Barangay 557,12254.4627925884,2257.012885328507,18.41788516991187,3075.847552649393,25.099815509739777,2731.6031855200754,22.29068080546273,False,True,False,557,True,BARANGAY 557,BARANGAY557,1352.0,1262,494,4.157894737,4.0,3,5,90.0,7.131537242472266,1.2254462792588399,1103.2715369764726,249.00980749720847,339.34950569168177,90.3396981944733,6.6819303398279075,818.8346673208862
Barangay 558,14136.5422434855,4225.4313300896565,29.89013336720901,6444.506352903658,45.58757185388429,6108.964809458354,43.21399606946692,False,True,False,558,True,BARANGAY 558,BARANGAY558,1198.0,1260,564,3.276595745,3.0,2,5,-62.0,-4.920634920634921,1.4136542243485501,847.4490999042362,358.0837977391639,546.1391108095338,188.0553130703699,15.697438486675281,2219.0750228140014
Barangay 559,14136.474485650571,8600.201685315014,60.83696252587426,10253.320021145182,72.53095551902251,8507.242562474956,60.179379031952784,False,True,True,559,True,BARANGAY 559,BARANGAY559,1535.0,1285,564,2.773049645,3.0,1,5,250.0,19.45525291828794,1.4136474485650572,1085.8435754672237,933.8473747721699,1113.3501672169955,179.50279244482556,11.69399299314825,1653.1183358301678
Barangay 560,15181.09205209775,2003.693746295276,13.19861403526897,2990.537456014031,19.69909309390422,2366.8125891379395,15.590529199188206,False,True,False,560,True,BARANGAY 560,BARANGAY560,1133.0,1103,607,4.238879736,4.0,2,7,30.0,2.7198549410698094,1.518109205209775,746.323120966413,149.5402970195974,223.19072475393483,73.65042773433743,6.500479058635252,986.8437097187548
Barangay 561,21582.329867447286,9605.347344326628,44.505609001993854,11340.585782490092,52.54569757825425,9538.15302500632,44.19426949540214,False,True,True,561,True,BARANGAY 561,BARANGAY561,2387.0,2332,862,2.929234339,3.0,1,5,55.0,2.358490566037736,2.1582329867447285,1105.9973666700005,1062.3488868775933,1254.2658011929288,191.9169143153356,8.040088576260395,1735.2384381634638
Barangay 562,21662.256464835416,7826.647292726984,36.13034175563413,9413.739257711555,43.45687289314936,8685.065296415481,40.0930776095004,False,True,False,562,True,BARANGAY 562,BARANGAY562,2261.0,2583,866,3.325635104,3.0,2,5,-322.0,-12.466124661246612,2.1662256464835417,1043.7509147167132,816.9070270948876,982.5598961141071,165.65286901921957,7.326531137515232,1587.091964984571
Barangay 563,13482.137341455636,4075.0094320995486,30.22524788832613,5475.404628525188,40.61228935629594,4968.084106983169,36.84938063720077,False,True,False,563,True,BARANGAY 563,BARANGAY563,1549.0,1526,541,3.580406654,3.0,2,5,23.0,1.507208387942333,1.3482137341455636,1148.9276223563215,468.18908979017175,629.084362129024,160.8952723388523,10.387041467969809,1400.3951964256394
Barangay 564,16101.64199974342,4458.366346280765,27.688892513892743,5738.806005957223,35.641122849760734,6128.602632151548,38.06197301026322,False,False,False,564,True,BARANGAY 564,BARANGAY564,1451.0,1430,644,3.414596273,3.0,2,5,21.0,1.4685314685314685,1.6101641999743421,901.1503298999702,401.7658303765837,517.1526925500282,115.38686217344446,7.952230335867991,1280.4396596764573
Barangay 565,32309.28268881881,19965.414080467795,61.79466833962605,24311.470251739054,75.246084804453,22908.759897490327,70.9045759948682,False,True,False,565,True,BARANGAY 565,BARANGAY565,2658.0,2464,1292,3.052631579,3.0,2,5,194.0,7.873376623376624,3.2309282688818812,822.6737887065029,1642.5022844672603,2000.040934102361,357.5386496351007,13.451416464826956,4346.056171271259
Barangay 566,28451.26670546022,25547.71258147184,89.79464023852707,27648.80767376418,97.1795314422959,25266.61658100306,88.80664907673169,False,True,True,566,True,BARANGAY 566,BARANGAY566,2177.0,2160,1137,3.120492524,3.0,2,5,17.0,0.787037037037037,2.845126670546022,765.1680406841785,1954.8293179927343,2115.598399498782,160.76908150604754,7.384891203768831,2101.0950922923403
Barangay 567,35239.7488018431,23243.49462729145,65.95817341943075,26035.97799888047,73.88241654412344,24491.17398236809,69.49871896103629,False,True,False,567,True,BARANGAY 567,BARANGAY567,2437.0,2318,1410,2.839007092,3.0,2,4,119.0,5.133735979292493,3.5239748801843103,691.5486298450971,1607.4006862315275,1800.5144911802884,193.11380494876084,7.924243124692694,2792.48337158902
Barangay 568,20966.65744014339,13420.517938057235,64.00885776080793,15663.258487828416,74.7055582538353,15874.823453532646,75.71461258835771,False,False,False,568,True,BARANGAY 568,BARANGAY568,1881.0,1847,841,3.543400713,3.0,3,5,34.0,1.8408229561451002,2.096665744014339,897.1387095773222,1204.006614480797,1405.211550754642,201.20493627384508,10.696700493027379,2242.7405497711807
Barangay 569,20682.721188777454,5161.376229578562,24.955015263558018,7716.739334856306,37.310077646085794,6434.151966137334,31.10882706105682,False,True,False,569,True,BARANGAY 569,BARANGAY569,2107.0,2086,827,5.327690447,5.0,4,8,21.0,1.006711409395973,2.0682721188777453,1018.7247513365256,525.8021716031674,786.1233360030277,260.3211643998603,12.355062382527777,2555.3631052777446
Barangay 570,38664.26939689025,2112.286962590619,5.46314981645692,3144.8765278795954,8.133805647786367,3131.5651276037647,8.099377478100322,False,True,False,570,True,BARANGAY 570,BARANGAY570,1897.0,2002,1549,4.007101356,4.0,3,5,-105.0,-5.244755244755245,3.8664269396890254,490.63386676914024,103.63595201818778,154.29829313850738,50.662341120319596,2.670655831329447,1032.5895652889762
Barangay 571,22037.51723197179,8336.50917022646,37.82871310989581,8936.509170116195,40.55134285794775,7972.467972123394,36.17679745047244,False,True,True,571,True,BARANGAY 571,BARANGAY571,2452.0,2097,879,3.323094425,3.0,2,4,355.0,16.92894611349547,2.203751723197179,1112.6480239083671,927.5600454546452,994.3189268768789,66.75888142223369,2.7226297480519435,599.9999998897347
Barangay 572,15356.096676451862,14242.583763468954,92.74872425952849,14950.559407641334,97.35911229686116,14400.51547584617,93.77718686760387,False,True,False,572,True,BARANGAY 572,BARANGAY572,1617.0,1856,615,2.842276423,3.0,2,3,-239.0,-12.877155172413794,1.5356096676451862,1053.001966625818,1499.7468712765758,1574.296845840245,74.54997456366914,4.610388037332669,707.9756441723803
Barangay 573,15713.889464561677,0.0,0.0,0.0,0.0,2.345495188800005,0.0149262548530051,False,False,False,573,True,BARANGAY 573,BARANGAY573,716.0,947,625,3.0,3.0,3,3,-231.0,-24.39281942977825,1.5713889464561677,455.6478532032057,0.0,0.0,0.0,0.0,0.0
Barangay 574,17404.66089082192,13518.935602863055,77.67422581609769,14018.926304059403,80.5469660799428,14621.672739858845,84.01009839593806,False,False,False,574,True,BARANGAY 574,BARANGAY574,1043.0,1479,695,2.378417266,2.0,2,3,-436.0,-29.479377958079784,1.7404660890821921,599.264763928845,810.1421752618988,840.1048562138035,29.962680951904645,2.8727402638451167,499.9907011963478
Barangay 575,14891.697824181309,13719.006192121138,92.12519857772068,14255.8309854016,95.73005814187836,14649.311942145565,98.37234219430538,False,False,False,575,True,BARANGAY 575,BARANGAY575,1078.0,1007,596,2.098993289,2.0,2,3,71.0,7.0506454816285995,1.489169782418131,723.8932811606822,993.1096406678289,1031.9700267694486,38.860386101619724,3.604859564157678,536.8247932804625
Barangay 576,36723.588101991634,17012.18157677625,46.32494387402637,20561.19088067078,55.98905756040675,19827.038136671395,53.989926261034704,False,True,False,576,True,BARANGAY 576,BARANGAY576,2112.0,3603,1471,3.230455472,3.0,3,5,-1491.0,-41.38218151540383,3.6723588101991633,575.107201979934,978.3828146194369,1182.4888956757907,204.1060810563538,9.664113686380382,3549.0093038945306
Barangay 577,11961.26634920285,638.491719915435,5.337994333334003,901.6762257864464,7.538300707153287,1837.3869699894483,15.361140838669645,False,False,False,577,True,BARANGAY 577,BARANGAY577,801.0,985,479,3.014613779,3.0,3,4,-184.0,-18.68020304568528,1.196126634920285,669.6615363417453,42.757334610005366,60.38178866429782,17.624454054292457,2.2003063738192834,263.1845058710113
Barangay 578,25298.36524840066,563.8517582470539,2.2288070897494063,1186.3804728579014,4.689553894921741,1478.4716997664757,5.844139276390372,False,False,False,578,True,BARANGAY 578,BARANGAY578,1186.0,1100,1011,4.168150346,4.0,3,7,86.0,7.818181818181818,2.529836524840066,468.80499524568205,26.43365208442796,55.61810919377185,29.184457109343892,2.460746805172335,622.5287146108475
Barangay 579,30014.83161683685,6271.433385908937,20.8944480048023,9921.480067256474,33.055258126755604,8563.4362877594,28.53068242087265,False,True,False,579,True,BARANGAY 579,BARANGAY579,1468.0,1703,1200,2.865,3.0,2,4,-235.0,-13.799177921315325,3.001483161683685,489.09153272628186,306.73049671049773,485.2511893007723,178.52069259027456,12.160810121953304,3650.046681347537
Barangay 580,22721.378855280243,1400.0000000113505,6.161597889496055,1604.5770594586902,7.061970445010211,2001.6952920893575,8.809743919322845,False,False,False,580,True,BARANGAY 580,BARANGAY580,1889.0,2008,911,4.094401756,4.0,4,5,-119.0,-5.926294820717132,2.2721378855280245,831.3756009402631,116.39258413258048,133.4006217062429,17.00803757366242,0.9003725555141564,204.5770594473397
Barangay 581,180631.2619296216,10942.179692193144,6.057744144231516,16097.905995968616,8.912026536270758,13218.136957883968,7.317746007351751,False,True,False,581,True,BARANGAY 581,BARANGAY581,2212.0,2461,7226,6.801134791,7.0,2,10,-249.0,-10.11783827712312,18.06312619296216,122.45942238181617,133.99730047040114,197.1340269823092,63.13672651190805,2.8542823920392424,5155.726303775473
Barangay 582,13370.236477353666,2214.97971584332,16.56649618422998,5678.352167149078,42.4700952504991,5507.141590585087,41.18956010922479,False,True,False,582,True,BARANGAY 582,BARANGAY582,1269.0,1563,535,2.945794393,3.0,2,4,-294.0,-18.809980806142036,1.3370236477353667,949.1230780767534,210.22883657787844,538.9455087288336,328.71667215095516,25.90359906626912,3463.372451305758
Barangay 583,10916.898013456916,8776.560058879335,80.39426628389076,10061.344053793726,92.16303057325828,9313.419407522248,85.31195762790756,False,True,False,583,True,BARANGAY 583,BARANGAY583,1228.0,1278,438,3.082191781,3.0,3,4,-50.0,-3.912363067292645,1.0916898013456915,1124.8616580335213,987.2415899661785,1131.7620154396118,144.5204254734333,11.768764289367525,1284.7839949143909
Barangay 584,100337.29393540153,37890.00682154085,37.762635741337554,48393.19823810642,48.23051962041413,46954.94437204464,46.79710058981145,False,True,False,584,True,BARANGAY 584,BARANGAY584,3486.0,3411,4012,5.173230309,5.0,3,8,75.0,2.198768689533861,10.033729393540153,347.42814593388704,1316.405481943027,1681.3159139676366,364.91043202460946,10.467883879076574,10503.191416565576
Barangay 585,68188.50887253725,11546.026443303015,16.932510527375896,15180.125674848325,22.26199975016917,12249.637957413688,17.964372824622945,False,True,False,585,True,BARANGAY 585,BARANGAY585,1138.0,1090,2723,7.743297833,8.0,5,10,48.0,4.4036697247706424,6.818850887253725,166.89028970075142,192.6919698015377,253.34155715692515,60.64958735538744,5.329489222793274,3634.0992315453095
Barangay 586,110249.53885674808,8200.830144804882,7.438425801907952,15545.40217479034,14.10019700398851,10450.482966058542,9.478935761933029,False,True,False,586,True,BARANGAY 586,BARANGAY586,6859.0,5105,4413,6.067074552,6.0,2,10,1754.0,34.35847208619001,11.024953885674808,622.1341214780218,510.20162575286645,967.1325125035719,456.93088675070544,6.661771202080558,7344.572029985458
Barangay 587,73356.3395966651,1768.5485007673296,2.4109006944612195,3153.6911969977973,4.299139262315603,1453.5828653941971,1.9815368015721972,False,True,True,587,True,BARANGAY 587,BARANGAY587,2685.0,2920,2937,7.28804903,7.0,4,13,-235.0,-8.047945205479452,7.33563395966651,366.02153471164536,64.73268364628375,115.43188919317394,50.6992055468902,1.8882385678543838,1385.1426962304677
Barangay 587-A,21945.73023824851,863.400701708294,3.934253690057215,6533.243890080929,29.769999991589923,1359.4949862643766,6.19480405302238,False,True,False,587,True,BARANGAY 587-A,BARANGAY587A,1227.0,1277,879,4.076222981,4.0,3,6,-50.0,-3.915426781519186,2.194573023824851,559.106480704616,48.27329277700203,365.2778998968084,317.00460711980634,25.83574630153271,5669.843188372635
Barangay 588,19477.095081953747,9887.955253843817,50.76709443702091,18325.645151825844,94.0881844788304,6236.593082056709,32.02013984023287,False,True,True,588,True,BARANGAY 588,BARANGAY588,1037.0,989,777,3.472329472,3.0,3,5,48.0,4.853387259858443,1.9477095081953746,532.4202585840529,526.4547693119068,975.6944730454712,449.2397037335644,43.32109004180949,8437.689897982027
Barangay 589,32840.44143965425,800.0683010555343,2.436228826356354,3348.359155860605,10.195840887258964,1076.3992198242531,3.277663675143295,False,True,False,589,True,BARANGAY 589,BARANGAY589,559.0,660,1314,5.640030441,6.0,3,9,-101.0,-15.303030303030301,3.284044143965425,170.21695674438084,13.618519139332017,56.99475055977761,43.37623142044559,7.75961206090261,2548.2908548050705
Barangay 590,36206.989122375904,4217.375882600776,11.647960752401916,6207.502000383252,17.144485500858778,6936.794116386214,19.15871571905789,False,False,False,590,True,BARANGAY 590,BARANGAY590,2854.0,3209,1448,5.210635359,5.0,4,8,-355.0,-11.06263633530695,3.6206989122375903,788.2456037296482,332.43279987355066,489.3036161945095,156.87081632095885,5.496524748456862,1990.1261177824763
Barangay 591,66693.28662268333,2366.9721672152605,3.549041121044737,2812.25728228352,4.21670219701998,4148.050532905942,6.219592320248815,False,False,False,591,True,BARANGAY 591,BARANGAY591,2085.0,2498,2664,5.554429429,6.0,2,9,-413.0,-16.533226581265012,6.669328662268333,312.6251689762822,73.99750737378277,87.91824080786657,13.9207334340838,0.6676610759752428,445.28511506825953
Barangay 592,32291.55211284227,8844.84596069779,27.390587884378025,13267.026182141406,41.08513005438702,11903.248526057974,36.8618036211523,False,True,False,592,True,BARANGAY 592,BARANGAY592,2119.0,2371,1294,3.429675425,3.0,2,6,-252.0,-10.628426824124842,3.229155211284227,656.2087794960091,580.4065572699703,870.5939058524609,290.1873485824906,13.694542170008997,4422.180221443616
Barangay 593,43847.89525486537,6270.468118712206,14.300499675674704,9165.684120912014,20.903361649713364,9048.02089298696,20.63501757700215,False,True,False,593,True,BARANGAY 593,BARANGAY593,1628.0,1775,1750,3.253142857,3.0,2,7,-147.0,-8.28169014084507,4.3847895254865366,371.2834995926873,232.8121347199842,340.30672765733357,107.49459293734938,6.60286197403866,2895.216002199808
Barangay 594,30363.384555800345,20452.033034668995,67.35755362543081,28663.384555861987,94.40115117333453,12634.17323391605,41.60989764068489,False,True,True,594,True,BARANGAY 594,BARANGAY594,686.0,636,1213,2.49299258,2.0,2,4,50.0,7.861635220125786,3.0363384555800343,225.9300173665761,462.07281787045537,647.5918970490749,185.5190791786195,27.043597547903715,8211.351521192992
Barangay 595,48687.07614140798,27227.687805973288,55.92385077077231,46285.94198552127,95.06823094302726,18807.14226647964,38.628613087907965,False,True,True,595,True,BARANGAY 595,BARANGAY595,4229.0,4198,1950,2.154358974,2.0,1,3,31.0,0.7384468794664126,4.868707614140798,868.6083320586318,2365.019649095961,4020.4354865806226,1655.4158374846616,39.14438017225495,19058.25417954798
Barangay 596,22264.08697826196,18991.19818738045,85.29969455259018,21354.67711129079,95.91535072666989,14548.221247595588,65.34389333728382,False,True,True,596,True,BARANGAY 596,BARANGAY596,2467.0,2375,888,2.225225225,2.0,2,3,92.0,3.873684210526316,2.226408697826196,1108.062505508854,2104.3434646123997,2366.2317024269464,261.88823781454676,10.615656174079703,2363.478923910341
Barangay 597,30435.10301370636,29953.294416621968,98.41693127548342,30435.10301370636,100.0,26385.817668762596,86.6953453611766,False,True,True,597,True,BARANGAY 597,BARANGAY597,1544.0,1672,1215,2.161316872,2.0,1,3,-128.0,-7.655502392344498,3.043510301370636,507.3089449720818,1519.557418893464,1544.0,24.442581106535954,1.583068724516579,481.8085970843931
Barangay 598,76818.9070097899,76811.436500059,99.99027516789592,76818.9070097899,100.0,70135.902114362,91.30031244186252,False,True,True,598,True,BARANGAY 598,BARANGAY598,10510.0,12027,3073,2.567198178,3.0,1,4,-1517.0,-12.613286771430948,7.68189070097899,1368.152764613091,10508.97792014586,10510.0,1.0220798541395197,0.009724832104083703,7.470509730890626
Barangay 599,35968.97760508178,20336.63454207913,56.53937336046472,24795.3256507584,68.93530842882578,12221.58067649351,33.97811528222814,False,True,True,599,True,BARANGAY 599,BARANGAY599,4577.0,4272,1441,4.251214434,4.0,2,9,305.0,7.139513108614231,3.596897760508178,1272.4854318220462,2587.80711870847,3155.169066787356,567.3619480788857,12.395935068361055,4458.691108679272
Barangay 600,63689.86887015487,14345.722164417184,22.524339300594168,20257.775377322712,31.80690388705687,7028.412684835281,11.035370003923498,False,True,True,600,True,BARANGAY 600,BARANGAY600,6276.0,5892,2547,5.564978406,5.0,1,10,384.0,6.517311608961303,6.368986887015486,985.4000504844719,1413.62753450529,1996.2012879516892,582.5737534463992,9.282564586462701,5912.053212905528
Barangay 601,116321.0327256694,66110.69306356621,56.83468545149625,75679.29362814756,65.06071331624867,64208.59921226712,55.19947485653448,False,True,True,601,True,BARANGAY 601,BARANGAY601,7765.0,7759,4658,3.909617862,3.0,1,11,6.0,0.07732955277741978,11.63210327256694,667.5490939212098,4413.213325308684,5051.964389006709,638.7510636980251,8.226027864752417,9568.600564581342
Barangay 602,135307.36328575047,82957.06430445396,61.31008859381887,113953.66032055837,84.21837330456582,111533.27656088203,82.42956913241976,False,True,False,602,True,BARANGAY 602,BARANGAY602,2027.0,2000,5410,1.976155268,2.0,1,5,27.0,1.35,13.530736328575047,149.80707263648733,1242.7554957967084,1707.1064268835491,464.3509310868408,22.908284710746948,30996.596016104406
Barangay 603,47605.140627737,1700.000000187429,3.5710429121113205,2303.635291217829,4.839047339932912,3599.458073683758,7.5610701412077,False,False,False,603,True,BARANGAY 603,BARANGAY603,739.0,712,1904,4.913340336,4.0,3,9,27.0,3.7921348314606744,4.7605140627737,155.2353359858418,26.39000712050266,35.76055984210422,9.370552721601562,1.2680044278215914,603.6352910304001
Barangay 604,20002.275834466505,15348.653414408029,76.73453531702785,18432.529228768257,92.1521599907478,13499.109187317128,67.48786637596717,False,True,True,604,True,BARANGAY 604,BARANGAY604,1581.0,1477,798,1.642857143,2.0,1,3,104.0,7.0412999322951935,2.0002275834466507,790.4100578773804,1213.1730033622102,1456.9256494537228,243.7526460915126,15.417624673719956,3083.875814360228
Barangay 605,38460.96610323738,1548.9958172708612,4.027449058645663,5342.8285675358375,13.89156100029977,2969.2746382582623,7.720228946636702,False,True,False,605,True,BARANGAY 605,BARANGAY605,2242.0,1751,1537,3.585556278,3.0,2,8,491.0,28.041119360365506,3.8460966103237375,582.9286747457143,90.29540789483576,311.4487976267209,221.1533897318851,9.864111941654107,3793.8327502649763
Barangay 606,30727.976951704728,15568.31526127638,50.6649535885332,22681.616792874465,73.81422092487001,19687.045890249497,64.06879932639788,False,True,False,606,True,BARANGAY 606,BARANGAY606,443.0,532,1233,1.550689376,2.0,1,3,-89.0,-16.729323308270676,3.0727976951704727,144.16829350538265,224.44574439720208,326.99699869717415,102.55125429997207,23.149267336336813,7113.301531598085
Barangay 607,47003.534975691386,13322.835740921892,28.344327182651277,35519.982729890406,75.56874764474655,41961.71149456439,89.27352276007655,False,False,False,607,True,BARANGAY 607,BARANGAY607,1443.0,1782,1879,1.732304417,2.0,1,3,-339.0,-19.023569023569024,4.700353497569139,306.99818657176957,409.0086412456579,1090.4570285136926,681.4483872680348,47.224420462095274,22197.146988968514
Barangay 608,25801.783870493826,25641.69748458945,99.37955303126368,25801.783870493826,100.0,23151.383242709795,89.72783959013411,False,True,True,608,True,BARANGAY 608,BARANGAY608,821.0,756,1033,2.037754114,2.0,2,3,65.0,8.597883597883598,2.5801783870493824,318.19505353615176,815.9061303866748,821.0,5.093869613325182,0.6204469687363172,160.08638590437477
Barangay 609,28675.87853292737,26818.87605305948,93.52416534427856,28675.87853292737,100.0,18147.410150304517,63.28458299705295,False,True,True,609,True,BARANGAY 609,BARANGAY609,859.0,1046,1149,1.571801567,2.0,1,2,-187.0,-17.877629063097515,2.8675878532927372,299.55490256859764,803.3725803073528,859.0,55.62741969264721,6.475834655721442,1857.0024798678896
Barangay 610,29232.07285088511,24728.22990142373,84.59280334844607,29232.07285088511,100.0,19780.153890665933,67.66592978734663,False,True,True,610,True,BARANGAY 610,BARANGAY610,991.0,968,1170,2.0,2.0,2,2,23.0,2.37603305785124,2.923207285088511,339.01119672736235,838.3146811831006,991.0,152.68531881689944,15.407196651553932,4503.842949461381
Barangay 611,31773.457984707027,19612.05927898145,61.72466115718657,30852.770435558534,97.10233758758132,15857.569857156002,49.90822800838503,False,True,True,611,True,BARANGAY 611,BARANGAY611,774.0,808,1271,2.460267506,2.0,2,3,-34.0,-4.207920792079208,3.1773457984707028,243.59954789073828,477.748877356624,751.5720929278795,273.82321557125545,35.37767643039475,11240.711156577083
Barangay 612,21915.36210317012,18673.458439412418,85.20716359375714,21805.62079046335,99.49924937498116,14693.507453766751,67.04661043059514,False,True,True,612,True,BARANGAY 612,BARANGAY612,718.0,703,874,2.127002288,2.0,1,3,15.0,2.1337126600284493,2.191536210317012,327.62406417010067,611.7874346031763,714.4046105123647,102.6171759091884,14.292085781224017,3132.1623510509307
Barangay 613,26124.98065114718,23356.78435791033,89.40402547966941,26124.980651147176,100.0,18063.497619517337,69.14262582898468,False,True,True,613,True,BARANGAY 613,BARANGAY613,579.0,568,1044,2.018199234,2.0,2,3,11.0,1.936619718309859,2.612498065114718,221.62695840104877,517.6493075272859,579.0,61.35069247271406,10.595974520330586,2768.196293236848
Barangay 614,16544.32297667943,16261.629225849238,98.29129453511835,16544.32297667943,100.0,11987.83340697467,72.4588937478584,False,True,True,614,True,BARANGAY 614,BARANGAY614,406.0,404,666,2.0,2.0,2,2,2.0,0.49504950495049505,1.6544322976679429,245.40139875913331,399.06265581258054,406.0,6.9373441874194555,1.7087054648816462,282.69375083019077
Barangay 615,20347.296607662047,1926.7132579840452,9.469136343441887,11183.738913313107,54.96424969350336,1582.7920180767956,7.778881138837747,False,True,True,615,True,BARANGAY 615,BARANGAY615,1875.0,1828,812,2.774630542,3.0,2,3,47.0,2.5711159737417946,2.034729660766205,921.4983376680829,177.54630643953539,1030.579681753188,853.0333753136526,45.49511335006147,9257.025655329062
Barangay 616,31402.00376681808,27896.80422605548,88.83765645405569,31402.003766818078,99.99999999999996,20519.78766473177,65.34547227337974,False,True,True,616,True,BARANGAY 616,BARANGAY616,1117.0,910,1255,2.007171315,2.0,2,3,207.0,22.747252747252748,3.140200376681808,355.7097847304615,992.3166225918021,1116.9999999999995,124.68337740819743,11.162343545944267,3505.199540762598
Barangay 617,31265.047535972168,28043.957497856703,89.6974727628051,31265.047535972168,100.0,20733.55314708051,66.31543778471921,False,True,True,617,True,BARANGAY 617,BARANGAY617,1300.0,921,1252,1.67571885,2.0,1,2,379.0,41.15092290988056,3.126504753597217,415.7997836095653,1166.0671459164664,1300.0,133.93285408353358,10.302527237194894,3221.0900381154643
Barangay 618,40174.96729979213,39694.5950461838,98.80429957783484,39786.48973092336,99.03303575589774,39398.94921628891,98.06840394489322,False,True,True,618,True,BARANGAY 618,BARANGAY618,749.0,740,1605,2.064174455,2.0,1,3,9.0,1.2162162162162162,4.017496729979213,186.4345014672546,740.044203837983,741.7574378116741,1.7132339736911035,0.2287361780629027,91.8946847395564
Barangay 619,201031.66164263585,158256.60435144827,78.72222865708252,200962.76470495324,99.96572831507254,133922.82764434905,66.61777878671525,False,True,True,619,True,BARANGAY 619,BARANGAY619,1288.0,1283,8035,1.794897324,2.0,0,3,5.0,0.3897116134060795,20.103166164263584,64.06950972178774,1013.9423051032229,1287.5585806981344,273.6162755949115,21.243499657990014,42706.160353504965
Barangay 620,22443.222289261168,21643.22228891745,96.43544946428436,22443.222289261168,100.0,16859.17507886638,75.11922691659704,False,True,True,620,True,BARANGAY 620,BARANGAY620,736.0,725,896,1.847098214,2.0,1,3,11.0,1.5172413793103448,2.2443222289261167,327.9386491449438,709.7649080571329,736.0,26.235091942867143,3.5645505357156395,800.0000003437162
Barangay 621,79332.80300311567,24195.228314711097,30.49839082801709,48995.10432968381,61.75894771770463,28049.341701770507,35.35654942214624,False,True,False,621,True,BARANGAY 621,BARANGAY621,2070.0,1787,3174,3.218966604,3.0,0,7,283.0,15.836597649692221,7.933280300311567,260.926113995834,631.3166901399538,1278.4102177564857,647.0935276165319,31.26055688968754,24799.876014972713
Barangay 622,24813.58365675417,24015.748960095672,96.78468572820869,24813.58365675417,100.0,18317.809323993944,73.82170015175498,False,True,True,622,True,BARANGAY 622,BARANGAY622,1229.0,1197,994,1.744466801,2.0,1,3,32.0,2.6733500417710943,2.481358365675417,495.2932301116734,1189.4837875996848,1229.0,39.516212400315226,3.215314271791314,797.8346966584977
Barangay 623,25296.11803308164,25296.11803308164,100.0,25296.11803308164,100.0,23696.11803294601,93.67491882334204,False,True,True,623,True,BARANGAY 623,BARANGAY623,980.0,954,1015,1.95270936,2.0,1,3,26.0,2.7253668763102725,2.529611803308164,387.4112220374605,980.0,980.0,0.0,0.0,0.0
Barangay 624,24221.69901456377,24121.69901453293,99.58714704542106,24221.69901456377,100.0,22490.24503885975,92.8516411063363,False,True,True,624,True,BARANGAY 624,BARANGAY624,1510.0,1429,971,1.607621009,2.0,1,3,81.0,5.668299510146956,2.422169901456377,623.4079612219123,1503.7659203858582,1510.0,6.2340796141418195,0.41285295457893767,100.00000003083915
Barangay 625,32069.647733247493,31902.28907961472,99.4781400312693,32069.647733247493,100.0,31653.28052149452,98.70167824973856,False,True,True,625,True,BARANGAY 625,BARANGAY625,794.0,1027,1281,2.113192818,2.0,1,3,-233.0,-22.687439143135347,3.2069647733247493,247.5861308500867,789.8564318482782,794.0,4.143568151721752,0.5218599687306948,167.3586536327748
Barangay 626,32832.06651469305,27591.008793687062,84.03677173759228,32832.06651469305,100.0,29063.50480624833,88.52170421024759,False,True,False,626,True,BARANGAY 626,BARANGAY626,1502.0,1285,1313,2.37395278,2.0,2,3,217.0,16.88715953307393,3.2832066514693046,457.47958000993424,1262.232311498636,1502.0,239.7676885013641,15.963228262407725,5241.0577210059855
Barangay 627,40282.96966278611,26014.651091742013,64.57977480189267,38911.38701217888,96.5951302446445,28189.62139869188,69.97900510977915,False,True,False,627,True,BARANGAY 627,BARANGAY627,1618.0,1605,1615,2.173374613,2.0,2,3,13.0,0.809968847352025,4.028296966278611,401.6585702455616,1044.9007562946233,1562.9092073583479,518.0084510637246,32.015355442751826,12896.735920436866
Barangay 628,183964.3846259364,90814.17680168655,49.36508606616621,157565.39731130208,85.6499466631475,94020.14940389898,51.10779980324705,False,True,False,628,True,BARANGAY 628,BARANGAY628,16279.0,15202,7354,1.408893119,2.0,0,3,1077.0,7.084594132351006,18.39643846259364,884.8995436318215,8036.142360711197,13942.954817293781,5906.812456582584,36.2848605969813,66751.22050961552
Barangay 629,39382.95783317992,20586.302853210575,52.272109526183776,31787.530653581063,80.71392399785738,22059.83674303485,56.01366163627651,False,True,False,629,True,BARANGAY 629,BARANGAY629,1640.0,1633,1576,2.449873096,2.0,2,3,7.0,0.4286589099816289,3.938295783317992,416.42377572217526,857.2625962294139,1323.708353564861,466.44575733544707,28.441814471673602,11201.227800370489
Barangay 630,255175.1827238871,139558.12039233328,54.69110236450481,195375.15908987532,76.56510989992373,142419.35935359338,55.81238654689182,False,True,False,630,True,BARANGAY 630,BARANGAY630,6552.0,4660,10212,2.352722288,3.0,0,7,1892.0,40.60085836909872,25.51751827238871,256.76478135766075,3583.361026922355,5016.546000643002,1433.1849737206471,21.87400753541892,55817.03869754204
Barangay 631,48916.436566114025,31756.052381251637,64.91898145182977,46472.86953684759,95.00460949160968,36898.4523358576,75.43160321170724,False,True,False,631,True,BARANGAY 631,BARANGAY631,1045.0,1254,1957,2.192130812,2.0,2,3,-209.0,-16.666666666666664,4.891643656611403,213.6296250009153,678.403356171621,992.7981691873212,314.39481301570015,30.08562803977992,14716.817155595952
Barangay 632,14673.729069859515,9501.741733502842,64.75342217555207,13056.292625733213,88.97733196227134,9464.410862864426,64.49901601566805,False,True,True,632,True,BARANGAY 632,BARANGAY632,576.0,254,588,2.045918367,2.0,2,3,322.0,126.77165354330708,1.4673729069859516,392.53825476656056,372.97971173118,512.5094321026829,139.52972037150295,24.22390978671926,3554.5508922303707
Barangay 633,15540.672966200653,13667.883145221918,87.94910731953593,14609.735773391902,94.00967258732332,13099.228666519912,84.28997055024176,False,True,True,633,True,BARANGAY 633,BARANGAY633,548.0,447,618,2.309061489,2.0,2,3,101.0,22.595078299776286,1.5540672966200653,352.6230821482718,481.9611081110569,515.1730057785318,33.21189766747489,6.060565267787396,941.8526281699833
Barangay 634,59264.14316412115,53013.69284668154,89.45323431044952,58030.99137675545,97.91922784751868,55648.65795270181,93.89937149448542,False,True,False,634,True,BARANGAY 634,BARANGAY634,960.0,1319,2369,3.406078514,3.0,1,4,-359.0,-27.217589082638362,5.9264143164121155,161.98664972535863,858.7510493803153,940.0245873361794,81.27353795586407,8.465993537069167,5017.2985300739165
Barangay 635,53185.58358770191,50757.21557614275,95.43416119980176,53014.79259597999,99.67887728177264,51020.86246769288,95.92987239401172,False,True,False,635,True,BARANGAY 635,BARANGAY635,723.0,660,2123,2.556288271,3.0,0,4,63.0,9.545454545454547,5.318558358770192,135.93909312056115,689.9889854745667,720.6782827472161,30.68929727264947,4.2447160819708785,2257.577019837241
Barangay 636,85151.67928572315,72480.04729662399,85.11875268298587,82822.47027729175,97.26463526266367,72330.26522029261,84.94285236300652,False,True,True,636,True,BARANGAY 636,BARANGAY636,2025.0,2135,3408,1.36971831,2.0,0,3,-110.0,-5.152224824355972,8.515167928572314,237.81092950676774,1723.654741830464,1969.6088640689395,245.95412223847552,12.145882579677803,10342.422980667761
Barangay 637,31249.022303800888,29443.300271303484,94.2215087085212,31161.198652267754,99.7189555222582,30381.697785846947,97.22447470669044,False,True,False,637,True,BARANGAY 637,BARANGAY637,1320.0,1295,1252,1.975239617,2.0,1,2,25.0,1.9305019305019304,3.124902230380089,422.4132157374554,1243.7239149524798,1316.2902128938083,72.56629794132846,5.497446813737,1717.8983809642705
Barangay 638,125406.40777463868,123589.43788085182,98.551134725865,125094.23142612928,99.7510682635369,122743.20567596232,97.87634288714952,False,True,True,638,True,BARANGAY 638,BARANGAY638,828.0,545,5031,1.8095806,2.0,1,2,283.0,51.92660550458715,12.540640777463867,66.02533432645289,816.0033955301622,825.9388452220854,9.935449691923282,1.199933537671896,1504.7935452774545
Barangay 639,30284.171248924584,29674.585650907928,97.98711480989164,30284.171248924584,100.0,29761.25920685209,98.27331566125964,False,True,False,639,True,BARANGAY 639,BARANGAY639,475.0,490,1211,0.8059455,1.0,0,1,-15.0,-3.061224489795918,3.0284171248924583,156.8476139220312,465.4387953469853,475.0,9.561204653014727,2.0128851901083635,609.5855980166561
Barangay 640,105555.4590194778,104687.67800827732,99.1778909217378,105555.4590194778,100.0,103857.40153885185,98.39131249449387,False,True,True,640,True,BARANGAY 640,BARANGAY640,2179.0,2145,4224,1.115293561,1.0,0,2,34.0,1.5850815850815851,10.555545901947779,206.43176774001964,2161.0862431846667,2179.0,17.913756815333272,0.8221090782622014,867.7810112004809
Barangay 641,88016.67049319038,82192.02724044066,93.38234084507847,87816.67049309055,99.77277031841906,81608.6647806035,92.71955451543391,False,True,True,641,True,BARANGAY 641,BARANGAY641,805.0,763,3506,1.710211067,2.0,1,2,42.0,5.5045871559633035,8.801667049319038,91.45994679067992,751.7278438028817,803.1708010632735,51.442957260391836,6.390429473340589,5624.6432526498975
Barangay 642,56035.09502271855,55591.75741620637,99.20882153169823,55935.095022752605,99.82154041154853,55670.25832596524,99.3489139322323,False,True,False,642,True,BARANGAY 642,BARANGAY642,1355.0,1279,2244,1.0,1.0,1,1,76.0,5.942142298670837,5.603509502271855,241.81274243411858,1344.279531754511,1352.5818725764825,8.302340821971484,0.6127188798502914,343.3376065462362
Barangay 643,131924.97164585063,127569.732927995,96.6987002812878,131524.9716457121,99.69679735750688,128490.82931591338,97.39689742806532,False,True,False,643,True,BARANGAY 643,BARANGAY643,659.0,657,5277,0.840439644,1.0,0,1,2.0,0.30441400304414,13.192497164585063,49.95263533344312,637.2444348536866,657.0018945859704,19.75745973228379,2.998097076219082,3955.2387177170895
Barangay 644,25008.320585068235,22673.144901147298,90.662405034446,25008.320585068235,100.0,22765.3749572684,91.03120251449816,False,True,False,644,True,BARANGAY 644,BARANGAY644,735.0,729,999,0.885885886,1.0,0,1,6.0,0.823045267489712,2.5008320585068233,293.9021824755589,666.368677003178,735.0,68.63132299682195,9.337594965554004,2335.1756839209374
Barangay 645,84163.10633015978,82794.84765236509,98.37427735565367,84163.10633015978,100.0,81197.01742667773,96.47578489813992,False,True,True,645,True,BARANGAY 645,BARANGAY645,1716.0,1704,3369,0.82190561,1.0,0,1,12.0,0.7042253521126761,8.416310633015977,203.8898128674551,1688.102599423017,1716.0,27.897400576983046,1.6257226443463253,1368.2586777946854
Barangay 646,69558.88211436573,64282.73997093781,92.41485489264603,69358.88211433167,99.71247381505468,65176.196529847264,93.69931567141542,False,True,False,646,True,BARANGAY 646,BARANGAY646,970.0,918,2781,0.837108954,1.0,0,1,52.0,5.664488017429194,6.955888211436573,139.45019967473996,896.4240924586666,967.2109960060304,70.78690354736386,7.297618922408645,5076.142143393867
Barangay 647,115754.12238717856,112550.97949905715,97.23280448068417,115754.12238717856,100.0,111017.52085988224,95.90804938121067,False,True,True,647,True,BARANGAY 647,BARANGAY647,3019.0,2440,4637,0.955143412,1.0,0,3,579.0,23.729508196721312,11.575412238717856,260.81144565218506,2935.458367271855,3019.0,83.54163272814503,2.767195519315834,3203.1428881214088
Barangay 648,42272.417462555706,26452.478523633912,62.57621425854136,41172.41746233306,97.39783039094698,26357.79347781508,62.35222648707619,False,True,True,648,True,BARANGAY 648,BARANGAY648,9086.0,5634,1689,1.249851983,1.0,0,2,3452.0,61.2708555200568,4.2272417462555705,2149.392096642745,5685.674827531068,8849.566869321443,3163.8920417903746,34.821616132405616,14719.93893869915
Barangay 649,1102552.6892421786,119427.31256772352,10.831891639556012,192386.0768133166,17.449150384418363,225264.5184196282,20.431179445443107,False,False,False,649,True,BARANGAY 649,BARANGAY649,69769.0,64750,29337,0.625217302,1.0,0,6,5019.0,7.751351351351351,110.25526892421786,632.7951551046016,7557.302478001835,12174.097731704847,4616.795253703012,6.617258744862351,72958.76424559309
Barangay 650,105888.43355045258,31884.99823242047,30.111880177383348,49198.31814939151,46.46241001001306,43960.15711884148,41.51554201422369,False,True,False,650,True,BARANGAY 650,BARANGAY650,4889.0,5202,4240,1.041981132,1.0,0,2,-313.0,-6.016916570549789,10.588843355045258,461.71237368154493,1472.169821872272,2271.5472253895387,799.3774035172667,16.35052983262971,17313.319916971042
Barangay 651,173902.31353337836,57519.693020702885,33.075864174551484,80417.74279886566,46.24305517558884,72238.24770706751,41.53955530511231,False,True,False,651,True,BARANGAY 651,BARANGAY651,2033.0,2556,6952,1.134493671,1.0,0,3,-523.0,-20.461658841940533,17.390231353337835,116.9047126914612,672.4323186686316,940.1213117197212,267.6889930510896,13.16719100103736,22898.04977816277
Barangay 652,95163.70266287444,28793.502587284187,30.2568119793401,44902.84709220186,47.18484657041355,44125.50584406735,46.36800020317172,False,True,False,652,True,BARANGAY 652,BARANGAY652,34.0,39,3814,0.74252753,1.0,0,1,-5.0,-12.82051282051282,9.516370266287444,3.572790785626313,10.287316072975633,16.042847833940606,5.755531760964972,16.928034591073448,16109.344504917673
Barangay 653,295900.9333137346,46910.6701952238,15.853505316756088,77429.60604818958,26.167408524559598,71517.28208413286,24.169333054554887,False,True,False,653,True,BARANGAY 653,BARANGAY653,58.0,58,11838,0.41164048,0.0,0,2,0.0,0.0,29.59009333137346,1.9601154802206857,9.195033083718531,15.177096944244568,5.982063860526036,10.31390320780351,30518.935852965784
Barangay 654,86809.64346500242,27868.228021783867,32.10268687835244,51966.26386558758,59.86231689401874,37693.1580525657,43.42047328850258,False,True,False,654,True,BARANGAY 654,BARANGAY654,1492.0,1042,3470,2.31815562,2.0,1,4,450.0,43.186180422264876,8.680964346500241,171.87030616034087,478.97208822501847,893.1457680587596,414.1736798337411,27.759630015666296,24098.03584380371
Barangay 655,200210.2062002184,30194.976155716045,15.08163681002348,48842.52983229693,24.395624358656526,46422.99431734549,23.187126769611638,False,True,False,655,True,BARANGAY 655,BARANGAY655,1714.0,1607,8011,2.055423792,2.0,1,3,107.0,6.658369632856253,20.02102062002184,85.61002121370025,258.4992549238024,418.14100150737283,159.6417465835704,9.313987548633046,18647.553676580887
Barangay 656,321117.8630645477,123203.61685565722,38.36710162426938,162805.0024714202,50.69945375125234,143468.82217446083,44.67793252149983,False,True,False,656,True,BARANGAY 656,BARANGAY656,519.0,364,12848,1.480386052,2.0,0,6,155.0,42.582417582417584,32.11178630645477,16.16228991582683,199.12525742995808,263.1301649689997,64.0049075390416,12.332352126982961,39601.38561576296
Barangay 657,326559.3517973943,130400.79992800875,39.931730391513256,207056.15375438036,63.40536647158805,165039.8383589389,50.53900231322538,False,True,False,657,True,BARANGAY 657,BARANGAY657,919.0,982,13062,2.296891747,2.0,0,9,-63.0,-6.415478615071284,32.65593517973943,28.14189809422977,366.9726022980068,582.6953178738942,215.72271557588738,23.473636080074797,76655.3538263716
Barangay 658,248302.2290832922,77310.48979386363,31.1356406582762,111690.44938532606,44.98165392943768,95686.27340076976,38.53621200020404,False,True,False,658,True,BARANGAY 658,BARANGAY658,2793.0,2108,9931,1.927399053,2.0,0,4,685.0,32.49525616698292,24.83022290832922,112.48388749112264,869.6184435856542,1256.3375942491944,386.7191506635402,13.846013271161478,34379.95959146244
Barangay 659,140367.790036698,125167.79003784907,89.17130490201848,139367.79003664214,99.28758584872328,132192.1582506539,94.1755642203196,False,True,False,659,True,BARANGAY 659,BARANGAY659,439.0,361,5604,1.150963597,1.0,0,2,78.0,21.60664819944598,14.0367790036698,31.274981239301916,391.4620285198611,435.8725018758952,44.41047335603406,10.116280946704805,14199.999998793064
Barangay 659-A,355383.8398068068,286789.6663728091,80.6985670841739,334956.5927661384,94.25206079945193,294831.6080346579,82.96145604001966,False,True,False,659,True,BARANGAY 659-A,BARANGAY659A,3547.0,2607,14222,0.871466742,1.0,0,3,940.0,36.056770233985425,35.538383980680685,99.80757712360287,2862.3781744756484,3343.1205965565596,480.7424220809112,13.553493715278023,48166.92639332928
Barangay 660,56305.225044240346,52501.17217245958,93.24387236035052,56305.225044240346,100.0,55690.12043199899,98.90755323016992,False,True,False,660,True,BARANGAY 660,BARANGAY660,387.0,332,2252,1.230905861,1.0,0,2,55.0,16.566265060240966,5.630522504424034,68.73251988530815,360.8537860345565,387.0,26.146213965443508,6.756127639649478,3804.0528717807683
Barangay 660-A,115960.3868064146,68595.17321017859,59.15397067853184,99685.40863831616,85.96505357017473,85353.1903285886,73.60547224724081,False,True,False,660,True,BARANGAY 660-A,BARANGAY660A,3099.0,2457,4642,2.437957777,2.0,2,3,642.0,26.129426129426133,11.59603868064146,267.2464352135614,1833.1815513277018,2664.0570101397147,830.875458812013,26.81108289164289,31090.235428137574
Barangay 661,122258.58998545204,110610.35914134188,90.47246426979387,121863.39902710276,99.67675812521944,112193.66866299271,91.76751398518748,False,True,False,661,True,BARANGAY 661,BARANGAY661,486.0,441,4876,0.787325677,1.0,0,4,45.0,10.204081632653061,12.225858998545204,39.75180803719647,439.69617635119823,484.42904448856643,44.7328681373682,9.204293855425561,11253.039885760882
Barangay 662,132465.38425192857,118140.10501860136,89.18564324240154,132465.38425192857,100.0,124066.08626388032,93.65925065217483,False,True,False,662,True,BARANGAY 662,BARANGAY662,1753.0,1601,5300,0.684150943,1.0,0,2,152.0,9.494066208619612,13.246538425192856,132.33645981549915,1563.4243260392989,1753.0,189.57567396070112,10.81435675759846,14325.279233327208
Barangay 663,51748.44961496365,48489.95381103396,93.70320110423664,51748.44961496365,100.0,50862.70043149486,98.28835609557532,False,True,False,663,True,BARANGAY 663,BARANGAY663,704.0,604,2075,0.760963855,1.0,0,1,100.0,16.55629139072848,5.1748449614963645,136.04272306477574,659.670535773826,704.0,44.32946422617397,6.296798895763359,3258.4958039296835
Barangay 663-A,75280.62534393289,74280.6253440225,98.67163696456862,74980.62534396342,99.60149108937544,73680.62534398845,97.87461914319314,False,True,True,663,True,BARANGAY 663-A,BARANGAY663A,185.0,403,3016,0.501657825,1.0,0,1,-218.0,-54.09429280397022,7.528062534393289,24.57471615768263,182.54252838445194,184.26275851534456,1.7202301308926167,0.9298541248068233,699.9999999409192
Barangay 664,142936.12419067285,103646.80295989792,72.51267203918022,136219.26499796638,95.30079661055706,118940.96464228904,83.21266951636737,False,True,False,664,True,BARANGAY 664,BARANGAY664,555.0,456,5726,1.508557457,1.0,0,3,99.0,21.710526315789476,14.293612419067285,38.82853289485066,402.4453298174502,528.9194211885916,126.47409137114141,22.78812457137684,32572.462038068465
Barangay 664-A,158518.59499857214,156318.59499869426,98.61215020237992,158518.59499857214,100.0,157118.59499874947,99.1168228561228,False,True,False,664,True,BARANGAY 664-A,BARANGAY664A,689.0,640,6346,0.827607942,1.0,0,2,49.0,7.656250000000001,15.851859499857214,43.46493230060525,679.4377148943977,689.0,9.562285105602314,1.3878497976200777,2199.9999998778803
Barangay 666,691250.8976017075,292827.794655053,42.36201293495864,433711.0584165657,62.7429287862518,383306.67135968537,55.45116435863831,False,True,False,666,True,BARANGAY 666,BARANGAY666,904.0,810,27642,2.256059619,2.0,0,5,94.0,11.604938271604938,69.12508976017075,13.07774070364935,382.95259693202615,567.1960762277163,184.24347929569012,20.38091585129316,140883.2637615127
Barangay 667,199162.76603208185,47013.07350926704,23.6053527704541,93878.78396738932,47.13671427533146,73831.04415463758,37.07070635017422,False,True,False,667,True,BARANGAY 667,BARANGAY667,3010.0,2371,7976,1.938565697,2.0,0,3,639.0,26.950653732602277,19.916276603208185,151.13266701242432,710.5211183906684,1418.815099687477,708.2939812968085,23.531361504877356,46865.71045812228
Barangay 668,155964.07683898258,38114.330425200045,24.43789056921698,64537.33766877169,41.37961700975544,86586.72005407664,55.51709201822727,False,False,False,668,True,BARANGAY 668,BARANGAY668,2905.0,2645,6246,1.824847903,2.0,0,3,260.0,9.829867674858223,15.596407683898258,186.26084024458555,709.9207210357532,1202.0778741333957,492.15715309764244,16.941726440538464,26423.007243571643
Barangay 669,245563.91187520756,70160.97201364327,28.57136925286408,139068.5559467223,56.632326340115966,119387.6985531674,48.61777027474571,False,True,False,669,True,BARANGAY 669,BARANGAY669,3738.0,2928,9820,2.971995927,3.0,2,4,810.0,27.66393442622951,24.556391187520756,152.22106422134226,1067.9977826720594,2116.916358593535,1048.9185759214754,28.060957087251886,68907.58393307903
Barangay 670,141953.14359493714,52449.05261210208,36.94814449602137,118181.58960481382,83.25394324626204,100894.7648501697,71.07610461806509,False,True,False,670,True,BARANGAY 670,BARANGAY670,2904.0,2774,5675,3.657444934,4.0,3,4,130.0,4.686373467916366,14.195314359493715,204.57454667482074,1072.9741161644606,2417.69451187145,1344.7203957069892,46.30579875024067,65732.53699271174
Barangay 671,33986.28832159685,31986.288321805518,94.11527383965486,33886.288321595384,99.70576369194777,32244.26320500693,94.87432961167774,False,True,False,671,True,BARANGAY 671,BARANGAY671,1239.0,1227,1360,2.742647059,3.0,1,3,12.0,0.9779951100244498,3.3986288321596847,364.5587856714168,1166.0882428733237,1235.3544121432328,69.26616926990914,5.5904898522929045,1899.9999997898667
Barangay 672,91373.80656884024,87042.94993914787,95.2602865171984,91273.80656892055,99.89055944621906,89873.80656881143,98.35839169193557,False,True,False,672,True,BARANGAY 672,BARANGAY672,3268.0,3133,3654,2.25862069,2.0,0,3,135.0,4.3089690392594955,9.137380656884025,357.6517300434361,3113.1061633820436,3264.423482702439,151.3173193203952,4.630272929020663,4230.856629772679
Barangay 673,84920.75106222497,61699.56724324522,72.65546579779468,83416.58565438192,98.22874222256831,76470.5850729367,90.04935085525034,False,True,False,673,True,BARANGAY 673,BARANGAY673,2539.0,2764,3394,2.878314673,3.0,1,3,-225.0,-8.140376266280752,8.492075106222497,298.9846378230415,1844.7222766060067,2494.0277650310095,649.3054884250027,25.57327642477364,21717.018411136705
Barangay 674,176842.26090107177,92397.35867843564,52.24846041191709,155129.28922000484,87.72184229582231,120717.5430631211,68.26283629717464,False,True,False,674,True,BARANGAY 674,BARANGAY674,1629.0,1398,7070,2.912305516,3.0,2,3,231.0,16.523605150214593,17.684226090107177,92.115990357717,851.1274201101294,1428.9888109989456,577.8613908888162,35.473381883905226,62731.93054156919
Barangay 675,85987.57643354392,26410.93890148485,30.714831138306035,85187.57643351394,99.06963304094486,73738.45493730821,85.7547776035966,False,True,False,675,True,BARANGAY 675,BARANGAY675,2044.0,1988,3442,3.0,3.0,3,3,56.0,2.8169014084507045,8.598757643354391,237.70875802968112,627.8111484669754,2024.983299356913,1397.1721508899377,68.35480190263883,58776.63753202909
Barangay 676,147587.93680944518,48609.38379390852,32.9358786664722,123787.93681039658,83.8740207949533,95851.64318336724,64.94544558009773,False,True,False,676,True,BARANGAY 676,BARANGAY676,2564.0,1431,5905,3.0,3.0,3,3,1133.0,79.17540181691125,14.758793680944517,173.72693564450668,844.4759290083473,2150.5298931826023,1306.053964174255,50.9381421284811,75178.55301648806
Barangay 677,64847.5358695601,62934.27170033102,97.0495961896261,64747.53586958336,99.84579213591417,62841.29706976673,96.90622199765788,False,True,True,677,True,BARANGAY 677,BARANGAY677,2235.0,1591,2592,2.277006173,2.0,0,3,644.0,40.4776869893149,6.4847535869560105,344.6545763119929,2169.0584748381434,2231.5534542376818,62.49497939953835,2.7961959462880657,1813.2641692523393
Barangay 678,61187.94819847008,58987.94819869914,96.40452071928448,61187.94819847008,100.0,60387.94819861008,98.6925529889234,False,True,False,678,True,BARANGAY 678,BARANGAY678,1335.0,1294,2450,2.986938776,3.0,2,4,41.0,3.1684698608964452,6.118794819847008,218.18022001159042,1287.0003516024478,1335.0,47.999648397552164,3.595479280715523,2199.9999997709456
Barangay 679,45076.18967143507,31547.751771235933,69.98761874326712,43544.00411896956,96.60089824886758,40184.64060010219,89.1482640680415,False,True,False,679,True,BARANGAY 679,BARANGAY679,860.0,931,1806,2.878737542,3.0,1,3,-71.0,-7.626208378088077,4.507618967143507,190.7880870740467,601.8935211920973,830.7677249402612,228.87420374816395,26.61327950560046,11996.252347733629
Barangay 680,38134.34702956572,37934.34702961607,99.47553841738896,38134.34702956572,100.0,38134.34702956572,100.0,False,False,False,680,True,BARANGAY 680,BARANGAY680,1085.0,968,1527,3.0,3.0,3,3,117.0,12.086776859504132,3.8134347029565716,284.5204086381222,1079.3095918286704,1085.0,5.690408171329636,0.524461582611039,199.99999994965037
Barangay 681,35046.449637184895,34946.449637192454,99.71466439246292,35046.44963718489,99.99999999999996,35046.44963718489,99.99999999999996,False,False,False,681,True,BARANGAY 681,BARANGAY681,1453.0,1094,1403,3.0,3.0,3,3,359.0,32.81535648994516,3.5046449637184893,414.59263778272754,1448.8540736224863,1452.9999999999993,4.145926377512978,0.2853356075370357,99.999999992433
Barangay 682,67953.34183248121,52436.98583145797,77.16616198321165,60753.34183257871,89.4044946050601,54283.87721815549,79.88404360152923,False,True,False,682,True,BARANGAY 682,BARANGAY682,747.0,822,2716,3.46281296,3.0,3,4,-75.0,-9.124087591240876,6.795334183248121,109.92836847399009,576.431230014591,667.8515746997989,91.42034468520785,12.238332621848443,8316.356001120745
Barangay 683,19491.393437182705,18294.348573661475,93.85859780944295,18979.25721236831,97.37250070670976,18390.35852815114,94.35117395490474,False,True,False,683,True,BARANGAY 683,BARANGAY683,869.0,784,777,3.0,3.0,3,3,85.0,10.841836734693878,1.9491393437182705,445.83780159208857,815.6312149640593,846.1670311413078,30.535816177248535,3.513902897266803,684.9086387068346
Barangay 684,29850.09495453525,28368.565085925868,95.03676664725556,29270.89408190505,98.05963473981446,28573.8346901596,95.7244348256864,False,True,False,684,True,BARANGAY 684,BARANGAY684,2685.0,2730,1194,2.906197655,3.0,2,3,-45.0,-1.6483516483516485,2.9850094954535247,899.4946260939975,2551.7371844788117,2632.901192764018,81.16400828520636,3.0228680925588947,902.3289959791837
Barangay 685,45482.93278028072,36932.168200499895,81.20005888563098,42436.35305285471,93.30170782490336,37681.564450832135,82.84770164858215,False,True,False,685,True,BARANGAY 685,BARANGAY685,869.0,1044,1822,3.223929748,3.0,3,4,-175.0,-16.762452107279692,4.548293278028072,191.06067856221398,705.6285117161332,810.7918409984102,105.163329282277,12.10164893927238,5504.184852354818
Barangay 686,43161.83052741338,22645.7909734301,52.4671699432374,40844.84057209438,94.631854286515,33874.35101117748,78.48219270881678,False,True,False,686,True,BARANGAY 686,BARANGAY686,3306.0,3250,1728,2.916087963,3.0,2,3,56.0,1.723076923076923,4.316183052741338,765.954538906838,1734.5646383234284,3128.5291027121857,1393.9644643887573,42.16468434327759,18199.049598664278
Barangay 687,34396.63126757257,15696.925854631005,45.63506737774429,29869.473500124837,86.83836875701337,23740.10396876024,69.01868902243699,False,True,False,687,True,BARANGAY 687,BARANGAY687,2106.0,1434,1374,3.0,3.0,3,3,672.0,46.86192468619247,3.439663126757257,612.2692607939871,961.0745189752948,1828.8160460227016,867.7415270474067,41.20330137926908,14172.547645493833
Barangay 688,46912.85536757808,12878.742301587576,27.45248013722098,32466.169215965227,69.2052721190851,34737.28296085122,74.04640516692677,False,False,False,688,True,BARANGAY 688,BARANGAY688,756.0,1212,1876,3.0,3.0,3,3,-456.0,-37.62376237623762,4.691285536757808,161.14985840799596,207.54074983739062,523.1918572202833,315.65110738289263,41.752791981864114,19587.42691437765
Barangay 689,24625.528504908973,983.4113646640624,3.9934629807763287,9221.075610813989,37.44518867473571,22847.729719768497,92.78066748989336,False,False,False,689,True,BARANGAY 689,BARANGAY689,736.0,733,984,3.0,3.0,3,3,3.0,0.4092769440654843,2.4625528504908973,298.87683419800805,29.391887538513778,275.59658864605484,246.20470110754107,33.45172569395938,8237.664246149927
Barangay 690,12881.934153516482,1276.1752664012793,9.906705399925611,6115.613146948166,47.4743394436521,12681.934153652686,98.4474381138705,False,False,False,690,True,BARANGAY 690,BARANGAY690,544.0,496,516,3.0,3.0,3,3,48.0,9.67741935483871,1.288193415351648,422.2968333148172,53.89247737559533,258.26040657346744,204.36792919787212,37.567634043726486,4839.437880546887
Barangay 691,14671.467159387392,1164.8079201043026,7.939273608086372,6838.143051135183,46.60844738189572,13909.853915382522,94.80888151313783,False,False,False,691,True,BARANGAY 691,BARANGAY691,434.0,409,587,3.0,3.0,3,3,25.0,6.112469437652812,1.4671467159387392,295.8122696831376,34.45644745909485,202.28066163742744,167.8242141783326,38.66917377380935,5673.33513103088
Barangay 692,39947.62855286812,16157.498675163724,40.44670299710111,25915.616651190103,64.87398023362626,34809.24179674065,87.13719201296982,False,False,False,692,True,BARANGAY 692,BARANGAY692,2508.0,1329,1598,2.774718398,3.0,2,3,1179.0,88.71331828442437,3.9947628552868117,627.8219986652833,1014.4033111672959,1627.0394242593466,612.6361130920507,24.427277236525143,9758.117976026379
Barangay 693,27851.295405197,11093.101055887517,39.82974900987033,17655.085011140167,63.39053445911087,27551.29540525229,98.92285082047304,False,False,False,693,True,BARANGAY 693,BARANGAY693,557.0,511,1113,2.891284816,3.0,2,3,46.0,9.001956947162427,2.7851295405197,199.99069770236426,221.85170198497778,353.08527693724756,131.23357495226978,23.560785449240534,6561.98395525265
Barangay 694,71487.55016126024,26111.619217554973,36.5261072153863,67447.12370954675,94.34806977914452,63610.31305964031,88.98096649857126,False,True,False,694,True,BARANGAY 694,BARANGAY694,1478.0,1281,2860,3.0,3.0,3,3,197.0,15.378610460577674,7.148755016126024,206.74928664724922,539.8558646434094,1394.4644713357561,854.6086066923467,57.82196256375823,41335.50449199178
Barangay 695,47651.66907115284,10903.81248635991,22.882330669422057,39351.66907130055,82.58193225622622,32624.042746447263,68.46358875222917,False,True,False,695,True,BARANGAY 695,BARANGAY695,722.0,654,1907,3.0,3.0,3,3,68.0,10.397553516819572,4.765166907115284,151.51620374974047,165.21042743322727,596.2415508899533,431.031123456726,59.699601586804164,28447.856584940644
Barangay 696,83466.77302042914,19238.381281477825,23.04914948223658,48312.31632044324,57.8820943618108,68245.24637691291,81.76336991033469,False,False,False,696,True,BARANGAY 696,BARANGAY696,4121.0,2420,3340,2.338922156,2.0,2,3,1701.0,70.2892561983471,8.346677302042915,493.7294028357072,949.8554501629695,2385.321108650223,1435.4656584872532,34.83294487957422,29073.935038965417
Barangay 697,85657.3741076043,39260.39242865587,45.834223658708325,61116.83883506474,71.35035304524827,78032.99701185775,91.09898339147232,False,False,False,697,True,BARANGAY 697,BARANGAY697,3568.0,1967,3426,2.049620549,2.0,2,3,1601.0,81.39298423995933,8.565737410760429,416.5432383577176,1635.365100142713,2545.7805966544583,910.4154965117455,25.516129386539944,21856.446406408868
Barangay 698,84606.7402583604,55175.66711131942,65.2142689138378,67241.18339385871,79.47497231133931,79913.99840570407,94.45346571877576,False,False,False,698,True,BARANGAY 698,BARANGAY698,1759.0,1736,3382,1.989946777,2.0,1,2,23.0,1.3248847926267282,8.46067402583604,207.903057679401,1147.118990194407,1397.9647629564583,250.8457727620514,14.260703397501516,12065.51628253929
Barangay 699,195534.04550171472,29101.432027491024,14.883051160129462,45205.27003141563,23.118874217236613,70185.42675401838,35.8942232151602,False,False,False,699,True,BARANGAY 699,BARANGAY699,2733.0,3193,7823,1.158379138,1.0,0,2,-460.0,-14.406514249921704,19.55340455017147,139.77105587865685,406.7537882063382,631.8388323570766,225.08504415073844,8.235823057107151,16103.838003924608
Barangay 700,39516.969961375005,6683.739206862484,16.91359234626379,14860.965572687446,37.60654115741407,20498.303233020142,51.87215328770339,False,False,False,700,True,BARANGAY 700,BARANGAY700,140.0,138,1582,0.886219975,1.0,0,1,2.0,1.4492753623188406,3.9516969961375006,35.427817501402544,23.679029284769307,52.6491576203797,28.97012833561039,20.69294881115028,8177.226365824962
Barangay 701,191438.41712660543,33032.65989803737,17.25497963984503,61645.64850199023,32.20129450883499,89397.76261250545,46.697921950213015,False,False,False,701,True,BARANGAY 701,BARANGAY701,3328.0,2695,7653,0.824513263,1.0,0,1,633.0,23.487940630797773,19.143841712660542,173.84180510639453,574.2457224140426,1071.6590812540285,497.4133588399859,14.946314868989962,28612.988603952865
Barangay 702,43462.73012632189,29607.25070549276,68.12100993067166,38261.79818464961,88.03358204476324,42664.83605833908,98.1641878785254,False,False,False,702,True,BARANGAY 702,BARANGAY702,3572.0,3342,1738,1.865362486,2.0,1,2,230.0,6.882106523040096,4.346273012632189,821.8535719266117,2433.282474723592,3144.5595506389427,711.2770759153509,19.912572114091574,8654.547479156852
Barangay 703,58588.2117081863,10361.005731717163,17.68445465330607,22797.41834302281,38.911271872524864,43985.56433346297,75.07579263989899,False,False,False,703,True,BARANGAY 703,BARANGAY703,848.0,114,2346,2.0,2.0,2,2,734.0,643.859649122807,5.85882117081863,144.7390140910398,149.96417546003548,329.9675854790109,180.00341001897542,21.226817219218795,12436.412611305648
Barangay 704,35854.64591554001,13072.184151869356,36.45882930391358,24634.159440786618,68.70562743476923,32969.188189389475,91.95234633484436,False,False,False,704,True,BARANGAY 704,BARANGAY704,5339.0,5299,1432,1.638268156,2.0,1,2,40.0,0.7548594074353652,3.585464591554001,1489.0678358884552,1946.5368965359462,3668.1934487423287,1721.6565522063825,32.246798130855645,11561.975288917261
Barangay 705,22879.774677369714,12562.323001403114,54.905798586506414,21979.741803174224,96.0662511458834,22479.77467747536,98.2517310352274,False,False,False,705,True,BARANGAY 705,BARANGAY705,2696.0,2683,915,2.0,2.0,2,2,13.0,0.4845322400298174,2.2879774677369715,1178.333282567945,1480.260329892213,2589.9461308930163,1109.6858010008034,41.160452559376985,9417.41880177111
Barangay 706,40139.59835580821,14193.748662520857,35.360963347723725,28473.905563069675,70.93719600946005,35839.26297719315,89.28655104992401,False,False,False,706,True,BARANGAY 706,BARANGAY706,301.0,296,1607,2.0,2.0,2,2,5.0,1.6891891891891893,4.01395983558082,74.98829393653992,106.43649967664841,213.52095998847477,107.08446031182636,35.57623266173633,14280.156900548818
Barangay 707,4394.683400720885,1832.933563909616,41.70797749865097,4391.525162596556,99.9281350250666,4294.683400749115,97.7245232283316,False,True,False,707,True,BARANGAY 707,BARANGAY707,1081.0,1052,176,2.0,2.0,2,2,29.0,2.7566539923954374,0.4394683400720885,2459.790390867923,450.86323676041695,1080.22313962097,629.359902860553,58.220157526415626,2558.5915986869395
Barangay 708,20168.772655314264,2507.2137905646696,12.431166900500733,9567.881274791598,47.439085353914976,12489.121202964976,61.923060051322565,False,False,False,708,True,BARANGAY 708,BARANGAY708,788.0,753,806,2.0,2.0,2,2,35.0,4.648074369189907,2.016877265531426,390.7030008553199,97.95759517594577,373.81999258885,275.8623974129043,35.00791845341424,7060.6674842269285
Barangay 709,43862.82890374867,11566.934591965946,26.370699020229853,22520.255501385294,51.34246026585084,30962.13713715406,70.58855507267094,False,False,False,709,True,BARANGAY 709,BARANGAY709,5339.0,4154,1753,2.196805476,2.0,2,3,1185.0,28.526721232546944,4.386282890374867,1217.2037539383855,1407.931620690072,2741.1739535937763,1333.2423329037044,24.971761245620986,10953.320909419348
Barangay 710,10387.080444231877,4227.930860489146,40.70374618920938,8899.281178098463,85.67644417388126,9687.080444203064,93.26085897007243,False,False,False,710,True,BARANGAY 710,BARANGAY710,747.0,559,415,2.0,2.0,2,2,188.0,33.631484794275494,1.0387080444231878,719.1626213069543,304.0569840333941,640.0030379788931,335.946053945499,44.97269798467188,4671.350317609317
Barangay 711,8760.84846119149,1852.722477088089,21.147751673770134,5464.46352809608,62.3736793565415,6812.868007012281,77.764933809684,False,False,False,711,True,BARANGAY 711,BARANGAY711,1308.0,1294,352,2.0,2.0,2,2,14.0,1.0819165378670788,0.876084846119149,1493.0060778863303,276.6125918929134,815.8477259835628,539.2351340906494,41.22592768277137,3611.7410510079912
Barangay 712,13130.243645006654,5068.924738638785,38.604955670921335,12013.500379413264,91.49487781197357,12893.13944783817,98.19421327144488,False,False,False,712,True,BARANGAY 712,BARANGAY712,1225.0,1068,523,2.0,2.0,2,2,157.0,14.700374531835205,1.3130243645006654,932.9606008231686,472.91070696878637,1120.8122531966762,647.9015462278899,52.88992214105223,6944.575640774479
Barangay 713,5250.643746777423,2307.012965047261,43.93771652215383,4470.508479079544,85.14210246740342,4086.745607069928,77.83322967927815,False,True,False,713,True,BARANGAY 713,BARANGAY713,2091.0,1964,209,2.0,2.0,2,2,127.0,6.4663951120162935,0.5250643746777424,3982.3688310282882,918.7376524782366,1780.3213625934054,861.5837101151689,41.20438594524959,2163.4955140322827
Barangay 714,15467.434752732166,4740.946731060127,30.65115067139809,8514.008404771756,55.04473457221367,11091.680226587465,71.70988857495087,False,False,False,714,True,BARANGAY 714,BARANGAY714,1617.0,1371,620,2.0,2.0,2,2,246.0,17.943107221006567,1.5467434752732165,1045.4222214930458,495.62910635650707,890.0733580326951,394.444251676188,24.39358390081558,3773.061673711629
Barangay 715,5368.558044404742,2097.9744869270157,39.07891969452732,3970.435216853061,73.95720012734438,3715.512674984372,69.20876414583579,False,True,False,715,True,BARANGAY 715,BARANGAY715,217.0,180,215,2.0,2.0,2,2,37.0,20.555555555555554,0.5368558044404742,404.20537173135966,84.80125573712428,160.4871242763373,75.68586853921303,34.87828043281706,1872.4607299260451
Barangay 716,4890.522249480537,2942.2056860168263,60.16138023560455,4866.645216168419,99.51176925297388,4881.093795461805,99.80720966927952,False,False,False,716,True,BARANGAY 716,BARANGAY716,836.0,920,197,2.0,2.0,2,2,-84.0,-9.130434782608695,0.48905222494805367,1709.42888581848,502.949138769654,831.9183909548616,328.9692521852076,39.35038901736933,1924.4395301515929
Barangay 717,2741.014755732132,2407.486678080636,87.83194884471138,2741.014755732131,100.0,2741.014755732131,100.0,False,False,False,717,True,BARANGAY 717,BARANGAY717,491.0,479,111,2.0,2.0,2,2,12.0,2.5052192066805845,0.2741014755732132,1791.3073943626132,431.25486882753285,491.0,59.745131172467154,12.168051155288623,333.5280776514951
Barangay 718,8380.38770268474,5366.855562299636,64.0406596055253,8249.175916087559,98.43429932776084,7642.1931352486035,91.19140314714022,False,True,False,718,True,BARANGAY 718,BARANGAY718,1196.0,1155,343,2.0,2.0,2,2,41.0,3.54978354978355,0.8380387702684741,1427.1416101869004,765.9262888820826,1177.2742199600198,411.3479310779371,34.393639722235534,2882.3203537879226
Barangay 719,497873.59688529273,191763.6044366619,38.516524201391455,257649.1772995918,51.74991783284959,281707.3176422841,56.58209621973344,False,False,False,719,True,BARANGAY 719,BARANGAY719,8846.0,6690,19914,2.343326303,2.0,0,4,2156.0,32.22720478325859,49.78735968852927,177.67561998348086,3407.1717308550883,4577.797731493874,1170.626000638786,13.233393631458135,65885.5728629299
Barangay 720,53193.78911033912,28155.98066350992,52.93095516302921,32587.019751029144,61.26094849801799,31636.8804021164,59.47476374824976,False,True,False,720,True,BARANGAY 720,BARANGAY720,1604.0,1238,2130,1.95915493,2.0,1,2,366.0,29.563812600969307,5.319378911033913,301.53896288020496,849.0125208149886,982.6256139082085,133.61309309321985,8.329993334988778,4431.039087519224
Barangay 721,133679.0023515306,71869.54723619865,53.76277947317861,108830.01646734984,81.41145172610108,114800.84822766476,85.87799595165838,False,False,False,721,True,BARANGAY 721,BARANGAY721,583.0,577,5347,1.357957733,1.0,0,2,6.0,1.0398613518197575,13.36790023515306,43.61193528860329,313.4370043286313,474.6287635631693,161.19175923453798,27.648672252922466,36960.46923115119
Barangay 722,26061.438332239017,2051.909796562545,7.873355915372686,10208.592348369444,39.17125454945062,17665.536940600337,67.78419792259653,False,False,False,722,True,BARANGAY 722,BARANGAY722,682.0,641,1044,3.0,3.0,3,3,41.0,6.3962558502340086,2.6061438332239018,261.68931710739054,53.69628734284172,267.14795602725326,213.45166868441154,31.29789863407794,8156.682551806899
Barangay 723,22350.88934293965,7772.668684328186,34.77565731308794,14218.516881832957,63.6149938540338,18950.88934299524,84.78807734324705,False,False,False,723,True,BARANGAY 723,BARANGAY723,588.0,540,895,2.989944134,3.0,2,3,48.0,8.88888888888889,2.235088934293965,263.07678006814587,204.48086500095707,374.05616386171874,169.57529886076168,28.839336540945858,6445.848197504771
Barangay 724,83218.33294981207,18835.987495187423,22.634420598820657,38538.50923145684,46.31011925545172,44263.178423804144,53.18921547070489,False,False,False,724,True,BARANGAY 724,BARANGAY724,2459.0,2338,3327,3.0,3.0,3,3,121.0,5.175363558597092,8.321833294981207,295.48777448870453,556.580402525,1138.7658324915576,582.1854299665576,23.67569865663106,19702.521736269417
Barangay 725,52903.98157401984,17903.874968058266,33.84220702369692,31708.741855267333,59.93639970349397,36903.98157436677,69.75652961532411,False,False,False,725,True,BARANGAY 725,BARANGAY725,1990.0,1409,2115,2.938061466,3.0,2,3,581.0,41.234918381831086,5.290398157401984,376.1531629175623,673.4599197715688,1192.73435409953,519.2744343279612,26.094192679797047,13804.866887209067
Barangay 726,43239.14996569966,9798.778475682297,22.661820325920782,18802.65378368321,43.48525306024472,22153.634407017104,51.23512933207736,False,False,False,726,True,BARANGAY 726,BARANGAY726,738.0,595,1731,3.0,3.0,3,3,143.0,24.03361344537815,4.323914996569966,170.67865593690752,167.24423400529537,320.92116758460605,153.67693357931068,20.82343273432394,9003.875308000914
Barangay 727,57898.22491126489,12484.564110877278,21.562947966040724,29787.688151285416,51.44836166728457,32920.20787584033,56.85875158745195,False,False,False,727,True,BARANGAY 727,BARANGAY727,2842.0,1790,2317,3.05869659,3.0,3,4,1052.0,58.770949720670394,5.78982249112649,490.86133544779017,612.8189811948773,1462.1624385842274,849.3434573893501,29.88541370124385,17303.12404040814
Barangay 728,71364.76395160741,28872.545838913768,40.45770523180361,60229.66770555281,84.39692695739129,61611.00508922376,86.33252837633192,False,False,False,728,True,BARANGAY 728,BARANGAY728,886.0,840,2854,3.304484933,3.0,3,4,46.0,5.476190476190476,7.1364763951607415,124.15090458378008,358.45526835377996,747.7567728424867,389.30150448870677,43.93922172558768,31357.121866639045
Barangay 729,31462.21097853287,11656.084399431427,37.04788709027648,19694.44756898083,62.59715053852587,22562.91680101867,71.71433951801315,False,False,False,729,True,BARANGAY 729,BARANGAY729,1775.0,871,1259,3.0,3.0,3,3,904.0,103.78874856486797,3.146221097853287,564.1688695086015,657.5999958524076,1111.099422058834,453.4994262064265,25.549263448249384,8038.363169549404
Barangay 730,45088.86623562613,8021.4297306059325,17.790267088747395,14477.260671736038,32.1082827766849,20056.69526437972,44.48258947024108,False,False,False,730,True,BARANGAY 730,BARANGAY730,2443.0,1539,1803,3.496949529,3.0,3,4,904.0,58.73944119558154,4.508886623562613,541.8189020840158,434.61622497809884,784.4053482344123,349.7891232563134,14.318015687937507,6455.830941130105
Barangay 731,36278.52835519858,28147.53866678857,77.5873221515479,34897.736450917415,96.19391423278806,34580.46887834066,95.31938159058596,False,True,False,731,True,BARANGAY 731,BARANGAY731,2933.0,2916,1452,3.087465565,3.0,3,4,17.0,0.5829903978052127,3.6278528355198576,808.4671933997323,2275.6361587049,2821.3675044476736,545.7313457427736,18.606592081240166,6750.197784128846
Barangay 732,23187.97537939442,18693.089710213902,80.61544574014505,21287.97537957807,91.80609790751826,20861.135485911323,89.96531669793474,False,True,False,732,True,BARANGAY 732,BARANGAY732,1983.0,1974,924,4.0,4.0,4,4,9.0,0.4559270516717325,2.318797537939442,855.1846237348335,1598.6042890270764,1820.5149215060874,221.91063247901093,11.190652167373216,2594.8856693641683
Barangay 733,40854.669184146864,38846.86355423583,95.08549287020016,40827.94156135172,99.93457878051912,40575.881943692,99.317612292494,False,True,False,733,True,BARANGAY 733,BARANGAY733,4317.0,4303,1631,3.705702023,4.0,3,4,14.0,0.32535440390425285,4.085466918414687,1056.6723672493122,4104.840727206541,4314.17576595501,209.33503874846974,4.849085910318962,1981.0780071158879
Barangay 734,15041.545117460426,2532.176591468949,16.834551049742657,3576.293997877433,23.77610790613541,4708.524860814295,31.30346532916074,False,False,False,734,True,BARANGAY 734,BARANGAY734,792.0,902,599,3.298831386,3.0,3,4,-110.0,-12.195121951219512,1.5041545117460426,526.5416510173784,133.32964431396184,188.30677461659246,54.97713030263063,6.941556856392754,1044.117406408484
Barangay 735,22346.62259341005,12593.675883962904,56.35605931643889,15619.59215002494,69.89688076904787,14801.7146942752,66.2369207355754,False,True,False,735,True,BARANGAY 735,BARANGAY735,2038.0,2063,905,3.816574586,4.0,3,4,-25.0,-1.211827435773146,2.2346622593410053,911.9946387786581,1148.5364888690247,1424.4984300731955,275.9619412041709,13.54082145260898,3025.916266062037
Barangay 736,14586.538942127738,7338.693485788916,50.31141050598272,12464.592312846818,85.45270651454902,12481.83780803033,85.57093535040879,False,False,False,736,True,BARANGAY 736,BARANGAY736,3825.0,3806,587,3.052810903,3.0,3,4,19.0,0.49921177088807145,1.4586538942127738,2622.2807310053,1924.4114518538393,3268.5660241815003,1344.154572327661,35.1412960085663,5125.898827057902
Barangay 737,11985.30049208666,655.4850421613868,5.469074743634282,3989.900020604845,33.28994565667496,7121.955483110391,59.42241905251095,False,False,False,737,True,BARANGAY 737,BARANGAY737,2615.0,2209,478,4.0,4.0,4,4,406.0,18.379357175192396,1.1985300492086661,2181.839330375207,143.01630454603648,870.5320789220501,727.5157743760136,27.82087091304068,3334.414978443458
Barangay 738,32860.86260103175,19395.059398482183,59.02175981793377,27275.78680285352,83.00386734825737,25038.048915943848,76.19413166335357,False,True,False,738,True,BARANGAY 738,BARANGAY738,3548.0,3047,1312,4.0,4.0,4,4,501.0,16.44240236297998,3.2860862601031755,1079.7038541187294,2094.0920383402904,2944.9772135161716,850.8851751758812,23.982107530323603,7880.727404371337
Barangay 739,25868.988820284438,12516.493905134794,48.384163726261846,22071.25596290473,85.31936101653181,22268.186377292503,86.08062159674186,False,False,False,739,True,BARANGAY 739,BARANGAY739,4598.0,4530,1036,4.0,4.0,4,4,68.0,1.5011037527593818,2.5868988820284438,1777.4177537216328,2224.70384813352,3922.984219540133,1698.280371406613,36.93519729026997,9554.762057769934
Barangay 740,29944.975430193863,9540.775095223717,31.861021617682283,14046.355830013914,46.90722108875338,18568.63145647793,62.00917245620769,False,False,False,740,True,BARANGAY 740,BARANGAY740,4185.0,4138,1199,3.141784821,3.0,3,4,47.0,1.1358144030932817,2.9944975430193863,1397.5633440594565,1333.3837547000035,1963.067202564329,629.6834478643254,15.046199471071098,4505.580734790197
Barangay 741,14020.59522592644,1739.8685906869018,12.4093775096623,6945.923093790195,49.540857444811,8160.476398094455,58.20349469189696,False,False,False,741,True,BARANGAY 741,BARANGAY741,1296.0,1207,558,3.120071685,3.0,3,4,89.0,7.373653686826843,1.402059522592644,924.3544793330014,160.8255325252234,642.0495124847506,481.22397995952724,37.131479935148704,5206.0545031032925
Barangay 742,7562.596324438189,2266.071281979844,29.96419727782028,4028.098365933859,53.26343220141528,6955.883365506314,91.97745148750953,False,False,False,742,True,BARANGAY 742,BARANGAY742,836.0,807,302,3.0,3.0,3,3,29.0,3.593556381660471,0.7562596324438189,1105.4404653313356,250.50068924257755,445.28229320383167,194.78160396125412,23.299234923594998,1762.0270839540149
Barangay 743,37670.4484574339,16988.997168419643,45.0990042967408,30514.201391395734,81.00302130959646,33609.52561028911,89.2198712427502,False,False,False,743,True,BARANGAY 743,BARANGAY743,2028.0,1607,1505,3.0,3.0,3,3,421.0,26.197884256378345,3.76704484574339,538.353028181111,914.6078071379035,1642.7412721586163,728.1334650207128,35.90401701285566,13525.204222976092
Barangay 744,33479.76883660991,27982.26430922879,83.57962220644237,32427.938545111567,96.85831077080744,31177.243197211566,93.12263579048208,False,True,False,744,True,BARANGAY 744,BARANGAY744,1253.0,1223,1339,3.0,3.0,3,3,30.0,2.4529844644317254,3.347976883660991,374.25586960142107,1047.2526662467228,1213.6346339582171,166.38196771149433,13.27868856436507,4445.674235882776
Barangay 745,13684.191470764854,10662.854494346102,77.92096827296236,13437.75621936066,98.19912450121237,13090.821861560098,95.6638314329901,False,True,False,745,True,BARANGAY 745,BARANGAY745,1826.0,2015,546,4.0,4.0,4,4,-189.0,-9.379652605459057,1.3684191470764855,1334.3864735458417,1422.8368806642925,1793.1160133921378,370.2791327278453,20.278156228250012,2774.901725014559
Barangay 746,34319.37529689143,30974.41563686205,90.25343663428409,34119.37529689783,99.41723880967112,33122.18335361915,96.51161499032088,False,True,False,746,True,BARANGAY 746,BARANGAY746,1494.0,1663,1379,4.0,4.0,4,4,-169.0,-10.16235718580878,3.431937529689143,435.3226091896035,1348.3863433162044,1485.2935478164866,136.9072045002822,9.163802175387033,3144.95966003578
Barangay 747,11625.313720191009,5021.57324114957,43.19516326194305,6674.572739528364,57.41413006288057,5174.581122215473,44.511324569488295,False,True,False,747,True,BARANGAY 747,BARANGAY747,381.0,369,465,4.0,4.0,4,4,12.0,3.2520325203252036,1.1625313720191008,327.7330910548021,164.57357202800304,218.74783553957494,54.174263511571894,14.218966800937515,1652.9994983787938
Barangay 748,28627.37535911224,16533.44462122868,57.75396596379206,27005.02063551655,94.33285551593788,27527.37535915153,96.15752409656176,False,False,False,748,True,BARANGAY 748,BARANGAY748,888.0,812,1144,3.998251748,4.0,3,4,76.0,9.35960591133005,2.862737535911224,310.1926002159136,512.8552177584735,837.6757569815284,324.8205392230549,36.57888955214582,10471.576014287872
Barangay 749,11581.63602572848,4214.961710840127,36.39349139859546,6394.255521117212,55.21029591080606,5592.355903958794,48.28640695956457,False,True,False,749,True,BARANGAY 749,BARANGAY749,673.0,616,462,3.454545455,3.0,3,4,57.0,9.253246753246753,1.158163602572848,581.092341794318,244.92819711254742,371.5652914797248,126.63709436717738,18.816804512210602,2179.293810277085
Barangay 750,26229.98527155086,13692.646747878534,52.20226624652218,18305.954679933217,69.7901828400488,16924.28459458004,64.52266144783613,False,True,False,750,True,BARANGAY 750,BARANGAY750,1220.0,1107,1054,4.0,4.0,4,4,113.0,10.20776874435411,2.622998527155086,465.11654023809785,636.8676482075706,851.4402306485954,214.5725824410248,17.58791659352662,4613.307932054682
Barangay 751,25012.659120558463,18988.03383351081,75.91369530920493,22800.4301009318,91.15556243355036,23265.40691632686,93.01452838016932,False,False,False,751,True,BARANGAY 751,BARANGAY751,1175.0,1541,1003,4.0,4.0,4,4,-366.0,-23.75081116158339,2.5012659120558465,469.7621289830161,891.9859198831579,1071.0778585942169,179.09193871105902,15.241867124345433,3812.3962674209906
Barangay 752,17073.10080137711,2812.104911701087,16.47096766086137,11583.960512676833,67.84918947905746,13866.470410731246,81.21823078331958,False,False,False,752,True,BARANGAY 752,BARANGAY752,782.0,763,681,4.0,4.0,4,4,19.0,2.490170380078637,1.707310080137711,458.0304474843399,128.8029671079359,530.5806617262293,401.7776946182934,51.37822181819609,8771.855600975745
Barangay 753,24405.869518285195,19986.176145516136,81.89085879747998,23528.725342060286,96.40601136719287,23545.088919847603,96.47305908198564,False,False,False,753,True,BARANGAY 753,BARANGAY753,2531.0,2380,977,4.0,4.0,4,4,151.0,6.34453781512605,2.4405869518285197,1037.0456164668674,2072.6576361642183,2440.0361477036517,367.3785115394335,14.515152569712896,3542.5491965441506
Barangay 754,13219.060290078143,11319.790298626924,85.63233732372973,12458.680499329022,94.24785291795786,12479.840888274368,94.40792775293858,False,False,False,754,True,BARANGAY 754,BARANGAY754,2595.0,2584,531,4.0,4.0,4,4,11.0,0.42569659442724456,1.3219060290078144,1963.0744871840354,2222.1591535507864,2445.7317832210065,223.57262967022007,8.615515594228128,1138.8902007020988
Barangay 755,33694.37557514986,31833.46469914285,94.47708751314728,33381.273377198406,99.07075827164942,33269.99188947538,98.74049102133392,False,True,False,755,True,BARANGAY 755,BARANGAY755,1722.0,1372,1347,4.0,4.0,4,4,350.0,25.510204081632654,3.369437557514986,511.06452356101903,1626.8954469763962,1705.9984574378032,79.10301046140694,4.593670758502142,1547.8086780555568
Barangay 756,27189.31852858364,25858.75529471838,95.1063016439104,26689.16540291792,98.1604793619968,26389.31852859033,97.05766807228991,False,True,False,756,True,BARANGAY 756,BARANGAY756,736.0,721,1084,3.856088561,4.0,3,4,15.0,2.0804438280166435,2.718931852858364,270.6945373515914,699.9823800991805,722.4611281042966,22.478748005116017,3.0541777180864074,830.4101081995395
Barangay 757,13718.18576454946,12276.565125918632,89.49117132998545,13711.8578486993,99.95387206472655,13675.5833445652,99.68944566930742,False,True,False,757,True,BARANGAY 757,BARANGAY757,488.0,477,546,3.391941392,3.0,3,4,11.0,2.3060796645702304,1.371818576454946,355.7321706935109,436.716916090329,487.7748956758656,51.0579795855366,10.462700734741105,1435.2927227806667
Barangay 758,19191.95489405345,13815.353563843086,71.98512939462836,17707.685542256462,92.26618986971002,18089.073334236356,94.2534172995643,False,False,False,758,True,BARANGAY 758,BARANGAY758,487.0,399,765,2.852287582,3.0,2,4,88.0,22.05513784461153,1.9191954894053451,253.7521595316457,350.5675801518401,449.3363446654878,98.76876451364768,20.28106047508166,3892.3319784133764
Barangay 759,28083.455484269103,19571.02702652001,69.68881389073609,25131.020218392496,89.48692311909264,24127.66914699157,85.91417520008049,False,True,False,759,True,BARANGAY 759,BARANGAY759,802.0,787,1132,3.166077739,3.0,2,4,15.0,1.9059720457433291,2.80834554842691,285.5773928707736,558.9042874037034,717.6851234151229,158.78083601141952,19.79810922835655,5559.993191872487
Barangay 760,28631.54959304893,24931.549593004114,87.0771926331815,28631.54959304893,100.0,28331.54959305505,98.95220480812984,False,True,False,760,True,BARANGAY 760,BARANGAY760,966.0,1041,1143,3.967629046,4.0,3,4,-75.0,-7.204610951008646,2.863154959304893,337.3900517890663,841.1656808365333,966.0,124.83431916346672,12.922807366818503,3700.0000000448163
Barangay 761,29237.723977318397,29137.72397728958,99.6579761129615,29237.723977318397,100.0,29137.72397734313,99.65797611314466,False,True,False,761,True,BARANGAY 761,BARANGAY761,1097.0,1062,1170,4.0,4.0,4,4,35.0,3.295668549905838,2.92377239773184,375.20020397313215,1093.2479979591878,1097.0,3.752002040812158,0.3420238870384935,100.00000002881643
Barangay 762,26594.83208800488,26511.30748727099,99.6859367246332,26594.83208800488,100.0,26053.989087098544,97.96636053532268,False,True,True,762,True,BARANGAY 762,BARANGAY762,391.0,365,1064,4.0,4.0,4,4,26.0,7.123287671232877,2.6594832088004883,147.02104480530014,389.77201259331576,391.0,1.2279874066842353,0.3140632753668058,83.52460073389011
Barangay 763,29108.071341438983,16555.097547504894,56.874594518176266,24874.25005204397,85.45482028083518,24517.708681629687,84.22993194580248,False,True,False,763,True,BARANGAY 763,BARANGAY763,1984.0,1779,1154,0.874350087,1.0,0,2,205.0,11.523327712197865,2.9108071341438984,681.5978897150522,1128.391955240617,1695.4236343717698,567.0316791311527,28.580225762658912,8319.152504539077
Barangay 764,48003.65700344036,23185.00378679875,48.29841148381072,33933.14723118092,70.68867113342839,35973.57135620548,74.93923088740364,False,False,False,764,True,BARANGAY 764,BARANGAY764,2073.0,2022,1912,1.916841004,2.0,1,3,51.0,2.522255192878338,4.800365700344036,431.84209899913054,1001.2260700593962,1465.3761525959703,464.15008253657413,22.39025964961767,10748.14344438217
Barangay 765,29262.05563850697,9226.643591040742,31.53108484592953,15125.055584521377,51.6882879705067,17608.881880421482,60.17650331184981,False,False,False,765,True,BARANGAY 765,BARANGAY765,2215.0,2075,1176,0.139455782,0.0,0,1,140.0,6.746987951807229,2.9262055638506967,756.952972601557,698.4135293373391,1144.8955785467233,446.4820492093842,20.15720312457717,5898.411993480635
Barangay 766,21685.15162470938,3330.565588803628,15.358737842573252,4876.824017383274,22.489231810702787,6416.359793273902,29.58872459975199,False,False,False,766,True,BARANGAY 766,BARANGAY766,3321.0,3101,859,0.0,0.0,0,0,220.0,7.09448564979039,2.168515162470938,1531.4626604758673,510.06368375185775,746.8673884334396,236.80370468158185,7.130493968129535,1546.2584285796456
Barangay 767,42060.88166668793,3273.3012350132103,7.782293440619085,9683.084202328531,23.021591128455825,16719.79038097923,39.751402534724434,False,False,False,767,True,BARANGAY 767,BARANGAY767,5497.0,5429,1676,0.598448687,1.0,0,2,68.0,1.2525326947872537,4.206088166668793,1306.9150674398736,427.79267043083115,1265.4968643312166,837.7041939003855,15.23929768783674,6409.782967315321
Barangay 768,26187.26646531913,20662.1331026821,78.90145055821617,26187.26646531913,100.0,26187.26646531913,100.0,False,False,False,768,True,BARANGAY 768,BARANGAY768,1403.0,1147,1046,1.724665392,2.0,1,3,256.0,22.319093286835223,2.618726646531913,535.7565677418261,1106.9873513317727,1403.0,296.01264866822726,21.09854944178383,5525.133362637032
Barangay 769,33966.92252600588,23244.90679009385,68.43395003564717,26429.644156400795,77.80994623862563,26029.63662322692,76.63230780856878,False,True,False,769,True,BARANGAY 769,BARANGAY769,2317.0,1997,1362,2.687958884,3.0,2,4,320.0,16.024036054081122,3.3966922526005883,682.1342140213172,1585.614622325945,1802.8564543489558,217.24183202301083,9.375996202978456,3184.7373663069448
Barangay 770,54929.38017661949,2251.466225871761,4.098837850768413,2997.1669279389425,5.456400415045421,5659.102808256645,10.302506218093871,False,False,False,770,True,BARANGAY 770,BARANGAY770,9673.0,9651,2200,0.075909091,0.0,0,1,22.0,0.2279556522640141,5.492938017661949,1760.9883761472481,396.4805853048286,527.7976121473436,131.31702684251496,1.357562564277008,745.7007020671817
Barangay 771,28800.83585021003,1253.5872472678875,4.352607173582242,5444.997917807895,18.905694078209144,9594.65413771382,33.313804459059995,False,False,False,771,True,BARANGAY 771,BARANGAY771,1902.0,1813,1155,0.308225108,0.0,0,1,89.0,4.908990623276337,2.880083585021003,660.3975002295392,82.78658844153424,359.58630136753794,276.79971292600374,14.553086904626902,4191.410670540007
Barangay 772,31370.390559502524,1861.453607806502,5.933791625181542,5332.825897140732,16.999552131891917,6468.55422144214,20.61993525127702,False,False,False,772,True,BARANGAY 772,BARANGAY772,2439.0,2426,1248,0.0,0.0,0,0,13.0,0.5358615004122012,3.1370390559502526,777.4847416622912,144.72517773817782,414.6190764968439,269.89389875866607,11.065760506710376,3471.37228933423
Barangay 773,27126.91566774103,1494.1376499684466,5.507952574738364,2562.6409887802006,9.446857210632537,4541.894015123881,16.743127271653083,False,False,False,773,True,BARANGAY 773,BARANGAY773,2656.0,2748,1092,0.0,0.0,0,0,-92.0,-3.3478893740902476,2.7126915667741027,979.1013591561684,146.29122038505093,250.90852751440016,104.61730712934923,3.938904635894173,1068.503338811754
Barangay 774,18821.71670108676,777.3603301896621,4.130124486172814,4000.662988957796,21.255569045552576,1478.2640474022817,7.8540340973091345,False,True,False,774,True,BARANGAY 774,BARANGAY774,2909.0,2878,757,0.071334214,0.0,0,1,31.0,1.0771369006254343,1.882171670108676,1545.5550873486663,120.14532130276716,618.3245035351244,498.1791822323573,17.125444559379762,3223.3026587681343
Barangay 775,48510.7009400516,5615.705344814434,11.576219753563638,8117.482096334862,16.733384467823416,9565.792404705073,19.718932564025938,False,False,False,775,True,BARANGAY 775,BARANGAY775,12116.0,12084,1929,0.0,0.0,0,0,32.0,0.264812975835816,4.85107009400516,2497.593266065702,1402.5747853417704,2027.4168621214853,624.842076779715,5.157164714259778,2501.7767515204278
Barangay 776,31481.01327314036,6381.52342601568,20.2710229516672,22957.769632488656,72.92576459753363,10920.97488042894,34.69067143955856,False,True,False,776,True,BARANGAY 776,BARANGAY776,4606.0,4592,1255,1.0,1.0,1,1,14.0,0.3048780487804878,3.148101327314036,1463.1041129574585,933.6833171537911,3358.960717362399,2425.277400208608,52.65474164586643,16576.246206472977
Barangay 777,28042.52920355429,7750.627589266048,27.6388321930808,25827.58387725406,92.10147804350152,8831.83123059779,31.49441752022277,False,True,False,777,True,BARANGAY 777,BARANGAY777,3100.0,3011,1120,0.980357143,1.0,0,1,89.0,2.9558286283626702,2.804252920355429,1105.463768085186,856.8037979855047,2855.145819348547,1998.342021363042,64.46264585042071,18076.95628798801
Barangay 778,15673.678868983769,0.0,0.0,760.7417590870759,4.853626040485542,3885.420784278313,24.789462746790544,False,False,False,778,True,BARANGAY 778,BARANGAY778,1860.0,1848,621,1.0,1.0,1,1,12.0,0.6493506493506493,1.567367886898377,1186.7028893138197,0.0,90.27744435303109,90.27744435303109,4.853626040485542,760.7417590870759
Barangay 779,36872.29488651468,1867.038793653349,5.06352750594914,10841.106797323311,29.40176853838363,12095.486792441468,32.803726563993045,False,False,False,779,True,BARANGAY 779,BARANGAY779,4450.0,4444,1472,0.971467391,1.0,0,1,6.0,0.135013501350135,3.6872294886514685,1206.8681956727082,225.32697401473672,1308.3786999580716,1083.051725943335,24.338241032434492,8974.068003669961
Barangay 780,31754.911888923238,26394.3542886472,83.11896559805632,31754.911888923227,99.99999999999996,21216.419288706587,66.81303151751874,False,True,True,780,True,BARANGAY 780,BARANGAY780,2340.0,2316,1271,1.0,1.0,1,1,24.0,1.0362694300518136,3.1754911888923236,736.8938727291005,1944.983794994518,2339.999999999999,395.0162050054812,16.881034401943637,5360.557600276028
Barangay 781,32831.84980958505,14315.83906726879,43.603510464065806,32331.849809474465,98.47708854965396,13895.511300342305,42.32326652604751,False,True,True,781,True,BARANGAY 781,BARANGAY781,4337.0,4275,1308,1.0,1.0,1,1,62.0,1.4502923976608189,3.283184980958505,1320.9733917379947,1891.0842488265341,4270.951330398492,2379.867081571958,54.87357808558815,18016.010742205675
Barangay 782,25177.970803582557,24310.77392255081,96.5557316441548,25177.970803582557,100.0,21048.869465576136,83.60034106712487,False,True,True,782,True,BARANGAY 782,BARANGAY782,1619.0,1483,1007,1.0,1.0,1,1,136.0,9.170600134861767,2.517797080358256,643.0224312475704,1563.2372953188662,1619.0,55.762704681133755,3.444268355845196,867.1968810317485
Barangay 783,27149.297633957714,18844.861637370563,69.41196745288852,25087.93396017132,92.40730385891057,16305.386759693014,60.05822684450817,False,True,True,783,True,BARANGAY 783,BARANGAY783,2341.0,2145,1089,1.0,1.0,1,1,196.0,9.137529137529137,2.7149297633957716,862.2690839235307,1624.9341580721202,2163.2549833370963,538.3208252649761,22.995336406022048,6243.072322800759
Barangay 784,25200.979611791616,24606.223902011672,97.63995003788798,25200.97961179161,100.0,24103.70014182806,95.6458856486272,False,True,True,784,True,BARANGAY 784,BARANGAY784,3425.0,3386,1011,1.443125618,2.0,0,3,39.0,1.151801535735381,2.5200979611791614,1359.0741521799541,3344.1682887976635,3425.0,80.83171120233646,2.360049962112015,594.7557097799363
Barangay 785,14403.229216730886,6029.751166565607,41.86388396541942,13803.229216741369,95.83426750375844,9984.277047975726,69.31971225159648,False,True,False,785,True,BARANGAY 785,BARANGAY785,1081.0,932,580,0.79137931,1.0,0,2,149.0,15.987124463519315,1.4403229216730886,750.5261380859671,452.5485856661839,1035.9684317156286,583.4198460494447,53.97038353833902,7773.478050175762
Barangay 786,28509.277403449687,21083.42371949223,73.95285198263596,24317.461751864343,85.29666118062283,23164.02656415524,81.25083717959241,False,True,False,786,True,BARANGAY 786,BARANGAY786,1476.0,1439,1139,1.779631255,2.0,1,3,37.0,2.571230020847811,2.850927740344969,517.7262050918907,1091.5440952637068,1258.978719025993,167.43462376228626,11.343809197986872,3234.038032372111
Barangay 787,20139.059986360466,18710.056246788157,92.9043175771852,20139.059986360466,100.0,19364.937291183087,96.1561130673345,False,True,False,787,True,BARANGAY 787,BARANGAY787,3646.0,3622,806,0.839950372,1.0,0,2,24.0,0.6626173384870238,2.0139059986360466,1810.4122051720974,3387.291418864172,3646.0,258.7085811358279,7.095682422814804,1429.0037395723084
Barangay 788,14173.423968421535,14173.423968421535,100.0,14173.423968421535,100.0,13984.486558342262,98.66696000556938,False,True,True,788,True,BARANGAY 788,BARANGAY788,933.0,969,564,1.343971631,1.0,1,2,-36.0,-3.7151702786377707,1.4173423968421535,658.2742476897107,933.0,933.0,0.0,0.0,0.0
Barangay 789,19749.535462403022,18233.13777940806,92.32185645134938,19749.535462403022,100.0,17183.878851968086,87.00902805881611,False,True,True,789,True,BARANGAY 789,BARANGAY789,1763.0,1620,793,0.880201765,1.0,0,1,143.0,8.82716049382716,1.9749535462403023,892.6792244588254,1627.6343292372894,1763.0,135.36567076271058,7.678143548650624,1516.3976829949606
Barangay 790,52456.09499014304,23571.21438261305,44.93512982055238,44377.69668540186,84.59969560017919,27436.51184023508,52.30376345282782,False,True,False,790,True,BARANGAY 790,BARANGAY790,1825.0,1741,2086,0.24400767,0.0,0,1,84.0,4.824813325674899,5.2456094990143045,347.90999984709754,820.066119225081,1543.9444447032702,723.8783254781891,39.664565779626805,20806.482302788812
Barangay 791,27466.17063399126,11210.328909418,40.81504137873685,27116.02421184966,98.7251720423368,14400.71968645633,52.43075155382039,False,True,False,791,True,BARANGAY 791,BARANGAY791,2060.0,2029,1108,1.0,1.0,1,1,31.0,1.5278462296697881,2.746617063399126,750.0135448261614,840.7898524019791,2033.738544072138,1192.948691670159,57.91013066359994,15905.69530243166
Barangay 792,30359.99949230203,20717.88051156135,68.24071428859708,30359.99949230203,100.0,21039.240003251547,69.29921065573858,False,True,False,792,True,BARANGAY 792,BARANGAY792,2648.0,2559,1216,1.0,1.0,1,1,89.0,3.4779210629152013,3.035999949230203,872.2002780900629,1807.0141143620503,2648.0,840.9858856379497,31.759285711402924,9642.11898074068
Barangay 793,23005.7491365453,18354.260161260736,79.78118883381399,23005.7491365453,100.0,17463.552941254467,75.90951651956036,False,True,True,793,True,BARANGAY 793,BARANGAY793,1735.0,1722,926,1.0,1.0,1,1,13.0,0.7549361207897793,2.30057491365453,754.1593145705924,1384.2036262666727,1735.0,350.7963737333273,20.218811166186015,4651.488975284563
Barangay 794,11932.214479392276,7288.563360850581,61.08307366950546,9162.353157074876,76.78669515117134,7428.969638038225,62.25977291028876,False,True,False,794,True,BARANGAY 794,BARANGAY794,709.0,710,476,2.947478992,3.0,2,3,-1.0,-0.14084507042253522,1.1932214479392276,594.1897886804583,433.07899231679374,544.4176686218049,111.33867630501112,15.703621481665884,1873.789796224295
Barangay 795,6153.755890052252,6008.55816989099,97.64050243858424,6153.755890052252,100.0,6153.755890052252,100.0,False,False,False,795,True,BARANGAY 795,BARANGAY795,1214.0,1157,247,3.226720648,3.0,3,4,57.0,4.926534140017287,0.6153755890052252,1972.778936458092,1185.3556996044126,1214.0,28.64430039558738,2.3594975614157647,145.1977201612617
Barangay 796,10823.997154144192,10569.194874282266,97.6459502323098,10823.997154144192,100.0,10823.997154144192,100.0,False,False,False,796,True,BARANGAY 796,BARANGAY796,672.0,631,438,3.767123288,4.0,3,4,41.0,6.497622820919176,1.0823997154144192,620.8427352946143,656.1807855611219,672.0,15.819214438878134,2.3540497676901992,254.80227986192585
Barangay 797,8078.703089677398,7323.8457950763295,90.6562069898869,7774.987468683284,96.2405398784591,8078.703089677397,100.0,False,False,False,797,True,BARANGAY 797,BARANGAY797,268.0,244,318,3.455974843,3.0,3,4,24.0,9.836065573770492,0.8078703089677398,331.7364148986219,242.95863473289688,257.9246468742704,14.96601214137354,5.584332888572206,451.1416736069541
Barangay 798,27839.32085218204,9130.268822531329,32.79630588335886,10268.906270519388,36.88633902042375,25938.268019872645,93.1713390480918,False,False,False,798,True,BARANGAY 798,BARANGAY798,1586.0,1562,1112,3.989208633,4.0,3,4,24.0,1.5364916773367476,2.783932085218204,569.6978056401435,520.1494113100715,585.0173368639206,64.86792555384909,4.090033137064886,1138.6374479880596
Barangay 799,16188.041293353646,7516.803888552706,46.4343014224883,7916.803888576382,48.90526126732082,10724.496049938314,66.24949773473516,False,False,False,799,True,BARANGAY 799,BARANGAY799,570.0,544,644,4.0,4.0,4,4,26.0,4.779411764705882,1.6188041293353646,352.111777867793,264.6755181081833,278.75998922372867,14.084471115545341,2.470959844832514,400.00000002367597
Barangay 800,18785.082039491743,7789.948062945308,41.46879979852394,8363.132348081286,44.52007359083944,7773.443573635704,41.38094024446446,False,True,True,800,True,BARANGAY 800,BARANGAY800,1541.0,1558,745,4.0,4.0,4,4,-17.0,-1.0911424903722722,1.8785082039491743,820.3317913439861,639.0342048952539,686.0543340348357,47.020129139581854,3.0512737923154987,573.1842851359779
Barangay 801,20772.928451543816,8034.315226922099,38.67685408758532,9394.558087935373,45.225005756168095,19848.477551603373,95.54973242170996,False,False,False,801,True,BARANGAY 801,BARANGAY801,832.0,614,835,2.102994012,2.0,1,3,218.0,35.50488599348534,2.0772928451543815,400.52128516245233,321.7914260087099,376.27204789131855,54.48062188260866,6.548151668582776,1360.2428610132738
Barangay 802,28259.80039970459,1393.941216751001,4.932593992297174,6054.057829442409,21.422861251014687,28096.36718359385,99.4216759715244,False,False,False,802,True,BARANGAY 802,BARANGAY802,1840.0,1787,1120,2.891964286,3.0,2,4,53.0,2.9658645775041967,2.825980039970459,651.101555557779,90.759729458268,394.18064701867024,303.42091756040224,16.490267258717513,4660.116612691408
Barangay 803,45519.95907041487,20317.17278853693,44.63354801595554,28122.489820893006,61.7805692166601,34289.043040811746,75.32749093154936,False,False,False,803,True,BARANGAY 803,BARANGAY803,1830.0,1705,1826,3.799561884,4.0,3,4,125.0,7.331378299120235,4.551995907041487,402.0214511109668,816.7939286919864,1130.5844166648799,313.7904879728935,17.147021200704557,7805.317032356077
Barangay 804,23634.62476487846,1570.2507623035604,6.64385738265236,2011.187846713713,8.509497682833448,20729.17950869112,87.70682722873227,False,False,False,804,True,BARANGAY 804,BARANGAY804,1331.0,1251,949,1.130663857,1.0,0,2,80.0,6.394884092725819,2.363462476487846,563.1568147330579,88.42974176310291,113.2614141585132,24.831672395410294,1.865640300181088,440.9370844101527
Barangay 805,19549.80516230577,2571.65624794232,13.154383005825366,11745.487412590102,60.07981826456628,19343.32823397952,98.94384150321682,False,False,False,805,True,BARANGAY 805,BARANGAY805,1396.0,1237,788,1.83248731,2.0,1,3,159.0,12.853678253839934,1.954980516230577,714.0736127087577,183.6351867613221,838.7142629733452,655.0790762120231,46.92543525874091,9173.831164647781
Barangay 806,28804.42353367361,18368.01569784802,63.76803783757386,27706.89690116721,96.18972887541617,27904.423533630244,96.87547991026022,False,False,False,806,True,BARANGAY 806,BARANGAY806,1604.0,1603,1146,2.623036649,3.0,2,4,1.0,0.06238303181534623,2.880442353367361,556.8589137445695,1022.8393269146846,1542.8832511616754,520.0439242469907,32.42169103784231,9338.88120331919
Barangay 807,31367.637693682344,18359.796023351144,58.53101276749614,21259.62919213269,67.77567823162701,21102.8714067413,67.27593455656229,False,True,False,807,True,BARANGAY 807,BARANGAY807,2066.0,2010,1252,3.469648562,3.0,3,4,56.0,2.7860696517412937,3.136763769368234,658.6406092085496,1209.2507237764703,1400.2455122654142,190.99478848894387,9.244665464130875,2899.8331687815444
Barangay 808,27703.058836066302,26929.149083482884,97.20641046476834,27505.40127580537,99.28651358887632,26789.111567562704,96.70091568619948,False,True,True,808,True,BARANGAY 808,BARANGAY808,2330.0,2183,1101,4.0,4.0,4,4,147.0,6.73385249656436,2.77030588360663,841.0623584160313,2264.9093638291024,2313.375766620818,48.46640279171561,2.0801031241079784,576.2521923224849
Barangay 809,19585.450468475312,19585.450468475312,100.0,19585.450468475312,100.0,19585.450468475312,100.0,False,False,False,809,True,BARANGAY 809,BARANGAY809,1479.0,1189,788,3.895939086,4.0,3,4,290.0,24.390243902439025,1.9585450468475312,755.1524037604314,1479.0,1479.0,0.0,0.0,0.0
Barangay 810,25139.15466492592,25084.52409584606,99.78268732657077,25116.261190669367,99.90893299889476,25076.58822456556,99.75111955356375,False,True,True,810,True,BARANGAY 810,BARANGAY810,2073.0,2293,1007,3.913604767,4.0,3,4,-220.0,-9.594417793283908,2.513915466492592,824.6100665000657,2068.495108279812,2071.1121810670884,2.6170727872763564,0.1262456723239893,31.737094823307416
Barangay 811,33075.55071529398,13038.883965046389,39.42151735365442,16851.258268922415,50.94777835741513,14911.298522756517,45.08254042724556,False,True,False,811,True,BARANGAY 811,BARANGAY811,2242.0,2332,1322,4.0,4.0,4,4,-90.0,-3.8593481989708405,3.307555071529398,677.8420771580107,883.8304190689322,1142.2491907732472,258.41877170431496,11.526261003760709,3812.374303876026
Barangay 812,51001.90135447816,49307.69663174816,96.67815379870882,50353.18624433248,98.72805700784188,48768.07601088383,95.62011359523916,False,True,True,812,True,BARANGAY 812,BARANGAY812,1722.0,1703,2042,2.318805093,2.0,1,3,19.0,1.1156782149148563,5.100190135447816,337.6344713173721,1664.797808413766,1700.0971416750372,35.29933326127116,2.0499032091330633,1045.4896125843225
Barangay 813,22469.27072918085,22186.73507152655,98.74256863491624,22393.707781074725,99.66370538226684,22141.209855609944,98.53995762690752,False,True,True,813,True,BARANGAY 813,BARANGAY813,967.0,1001,904,3.309734513,3.0,3,4,-34.0,-3.3966033966033966,2.2469270729180852,430.36554753161465,954.8406386996401,963.7480310465204,8.907392346880329,0.9211367473506016,206.97270954817577
Barangay 814,17002.247008242928,16464.9117959981,96.83962236294816,17002.247008242928,100.0,14745.121680711622,86.72454689996552,False,True,True,814,True,BARANGAY 814,BARANGAY814,2528.0,2196,676,2.976331361,3.0,2,4,332.0,15.1183970856102,1.7002247008242928,1486.862294598114,2448.1056533353294,2528.0,79.89434666467059,3.1603776370518375,537.3352122448268
Barangay 815,28928.02130949638,26177.784680020457,90.49282838929228,28611.13612537325,98.90457359411892,24962.793385371533,86.2927786117775,False,True,True,815,True,BARANGAY 815,BARANGAY815,1470.0,1374,1160,3.392241379,3.0,2,4,96.0,6.986899563318777,2.892802130949638,508.15781151178635,1330.2445773225966,1453.8972318335482,123.6526545109516,8.41174520482663,2433.3514453527932
Barangay 816,10668.908618452238,10503.216306944189,98.44696100197652,10668.908618452237,99.99999999999996,10407.0652036084,97.5457338308159,False,True,True,816,True,BARANGAY 816,BARANGAY816,806.0,781,428,1.992990654,2.0,1,2,25.0,3.201024327784891,1.0668908618452237,755.4662138599592,793.4825056759307,805.9999999999997,12.517494324068934,1.553038998023439,165.69231150804808
Barangay 817,8418.794586215623,7421.822109735607,88.15777643378551,8418.79458621562,99.99999999999996,7346.677129925105,87.26519045795544,False,True,True,817,True,BARANGAY 817,BARANGAY817,1395.0,1716,336,2.895833333,3.0,2,3,-321.0,-18.706293706293707,0.8418794586215623,1657.0068145908685,1229.800981251308,1394.9999999999993,165.1990187486913,11.842223566214443,996.9724764800121
Barangay 818,14193.23727506626,14193.23727506626,100.0,14193.23727506626,100.0,14193.23727506626,100.0,False,False,False,818,True,BARANGAY 818,BARANGAY818,1424.0,1388,567,1.0,1.0,1,1,36.0,2.5936599423631126,1.419323727506626,1003.2947187472085,1424.0,1424.0,0.0,0.0,0.0
Barangay 818-A,8353.231026285728,8353.231026285728,100.0,8353.231026285728,100.0,8353.231026285728,100.0,False,False,False,818,True,BARANGAY 818-A,BARANGAY818A,1659.0,1574,334,1.0,1.0,1,1,85.0,5.400254129606099,0.8353231026285728,1986.0578437008414,1659.0,1659.0,0.0,0.0,0.0
Barangay 819,14583.792373078655,14583.792373078652,100.0,14583.792373078652,100.0,14468.156884726508,99.20709589526516,False,True,True,819,True,BARANGAY 819,BARANGAY819,2280.0,2007,583,1.0,1.0,1,1,273.0,13.602391629297458,1.4583792373078655,1563.3793609190623,2280.0,2280.0,0.0,0.0,0.0
Barangay 820,45146.638336356285,45146.638336356285,100.0,45146.638336356285,100.0,44832.16459045855,99.30343928698564,False,True,True,820,True,BARANGAY 820,BARANGAY820,1362.0,1417,1805,1.632686981,2.0,1,2,-55.0,-3.8814396612561755,4.514663833635629,301.6835915561825,1362.0,1362.0,0.0,0.0,0.0
Barangay 821,13658.053752208987,13489.217785543064,98.76383583101205,13658.053752208983,99.99999999999996,13366.224943784862,97.8633206918158,False,True,True,821,True,BARANGAY 821,BARANGAY821,2474.0,1995,547,3.0,3.0,3,3,479.0,24.01002506265664,1.3658053752208987,1811.3854615631947,2443.4172984592383,2473.999999999999,30.58270154076081,1.2361641689879121,168.83596666591984
Barangay 822,13581.550640430867,13481.550640409045,99.26370704885392,13581.550640430867,100.0,13183.116579279997,97.0663580934214,False,True,True,822,True,BARANGAY 822,BARANGAY822,1087.0,897,544,2.961397059,3.0,2,3,190.0,21.181716833890746,1.3581550640430866,800.3504377210904,1078.9964956210422,1087.0,8.003504378957814,0.7362929511460834,100.00000002182242
Barangay 823,17145.192656441784,16674.90174162848,97.25701003052534,17075.900511539392,99.59585088198844,16375.254685778771,95.50930697548196,False,True,True,823,True,BARANGAY 823,BARANGAY823,3590.0,3002,688,2.914244186,3.0,2,3,588.0,19.586942038640906,1.7145192656441786,2093.8813998401856,3491.52666009586,3575.4910466633846,83.9643865675248,2.338840851463104,400.9987699109115
Barangay 824,38739.52597941972,17197.522119562105,44.39270147161389,34008.818124694975,87.78842090830456,24167.42847791949,62.38441970291113,False,True,False,824,True,BARANGAY 824,BARANGAY824,1378.0,1302,1553,3.0,3.0,3,3,76.0,5.837173579109063,3.873952597941972,355.7090504236059,611.7314262788394,1209.7244401164367,597.9930138375972,43.39571943669067,16811.29600513287
Barangay 825,59473.03285221296,30890.619734584907,51.94054893979647,47280.476955621336,79.49901777013892,29152.08660928632,49.01731963414001,False,True,True,825,True,BARANGAY 825,BARANGAY825,463.0,388,2374,3.096461668,3.0,1,4,75.0,19.329896907216497,5.947303285221295,77.85041014311953,240.48474159125766,368.0804522757432,127.59571068448554,27.55846883034245,16389.85722103643
Barangay 826,21266.267527898777,21266.267527898777,100.0,21266.267527898777,100.0,21064.70158891963,99.052179990143,False,True,True,826,True,BARANGAY 826,BARANGAY826,2048.0,1760,847,2.402597403,2.0,2,3,288.0,16.363636363636363,2.126626752789878,963.0274787586825,2048.0,2048.0,0.0,0.0,0.0
Barangay 827,112780.56625897404,102842.72947565302,91.18834289189404,112780.56625897402,100.0,106389.34112362264,94.33304393890393,False,True,False,827,True,BARANGAY 827,BARANGAY827,2719.0,2661,4507,2.494785889,3.0,1,3,58.0,2.1796317173994737,11.278056625897404,241.08763505908067,2479.411043230599,2719.0,239.5889567694012,8.811657108105962,9937.836783321007
Barangay 828,16252.32982568962,16252.329825689614,99.99999999999996,16252.329825689614,99.99999999999996,16252.329825689614,99.99999999999996,False,False,False,828,True,BARANGAY 828,BARANGAY828,2715.0,2658,651,1.841781874,2.0,1,2,57.0,2.144469525959368,1.625232982568962,1670.5297204272047,2714.9999999999986,2714.9999999999986,0.0,0.0,0.0
Barangay 829,168893.3626010544,101110.01017914276,59.86618338458703,154293.3626011865,91.355492143078,107260.91861741435,63.50807217378757,False,True,False,829,True,BARANGAY 829,BARANGAY829,4375.0,4226,6755,1.364618801,1.0,0,2,149.0,3.5257927117841934,16.88933626010544,259.03919092038296,2619.145523075683,3996.8027812596624,1377.6572581839796,31.489308758490964,53183.35242204374
Barangay 830,419226.514560359,323945.5372829649,77.27219677951075,398226.5145596816,94.9907748505125,334170.65236401884,79.71123980897585,False,True,False,830,True,BARANGAY 830,BARANGAY830,5407.0,5191,16762,1.164180885,1.0,0,3,216.0,4.161047967636294,41.9226514560359,128.97562086859648,4178.107679868146,5136.15119616721,958.0435162990643,17.718578071001744,74280.97727671667
Barangay 831,173167.15392025403,127223.27507731951,73.46847955698786,158967.15392062897,91.7998305809401,135369.90140322509,78.17296660402751,False,True,False,831,True,BARANGAY 831,BARANGAY831,3678.0,3350,6933,1.337660464,1.0,0,3,328.0,9.791044776119403,17.316715392025404,212.3959374936526,2702.1706781060134,3376.3977687669767,674.2270906609633,18.331351023952237,31743.87884330946
Barangay 832,91259.06807732576,73151.48214389611,80.15804202812294,86813.97071799976,95.12914447519935,69650.37778767482,76.3215965877041,False,True,True,832,True,BARANGAY 832,BARANGAY832,2990.0,2888,3656,0.94119256,1.0,0,1,102.0,3.5318559556786706,9.125906807732576,327.63867339369597,2396.7254566408756,2844.3614198084606,447.63596316758503,14.971102447076419,13662.488574103656
Barangay 833,63872.1992983533,61813.24000472141,96.77643902002764,63572.19929837629,99.53031208683502,58596.03575836922,91.73949919065946,False,True,True,833,True,BARANGAY 833,BARANGAY833,1517.0,1504,2555,0.883365949,1.0,0,2,13.0,0.8643617021276596,6.38721992983533,237.505521441957,1468.0985799338193,1509.8748343572875,41.77625442346812,2.7538730668073867,1758.9592936548797
Barangay 834,278735.37061698746,266416.41495569306,95.58041175971816,276335.3706168661,99.1389682641249,249214.67117989957,89.40905871696758,False,True,True,834,True,BARANGAY 834,BARANGAY834,1918.0,1733,11157,0.789549162,1.0,0,1,185.0,10.675129832660128,27.873537061698748,68.81078622187276,1833.2322975513944,1901.4854113059155,68.25311375452111,3.558556504406738,9918.955661173037
Barangay 835,93087.22708224136,84971.48850839818,91.28157661558332,92791.44551348482,99.68225332515787,80334.32631258869,86.3000530047096,False,True,True,835,True,BARANGAY 835,BARANGAY835,2943.0,2706,3735,1.311111111,1.0,1,3,237.0,8.758314855875831,9.308722708224135,316.1550829524547,2686.416799796617,2933.648715359396,247.23191556277925,8.400676709574554,7819.957005086646
Barangay 836,50002.153968331855,38417.56721085256,76.8318245553657,48811.71106091563,97.61921674780216,30103.91873689986,60.20524387002557,False,True,True,836,True,BARANGAY 836,BARANGAY836,5673.0,5317,1998,0.978478478,1.0,0,7,356.0,6.6955049840135406,5.000215396833186,1134.5511242561495,4358.669407025896,5537.9381661028165,1179.26875907692,20.787392192436457,10394.143850063068
Barangay 837,64394.4114505825,61038.10683938357,94.78789457719536,63794.41145073793,99.06824212485424,55720.74527195618,86.53040538264311,False,True,True,837,True,BARANGAY 837,BARANGAY837,3188.0,3039,2573,1.77186164,2.0,0,3,149.0,4.902928594932543,6.439441145058249,495.0740177890332,3021.8380791209884,3158.2955589403527,136.45747981936438,4.280347547658877,2756.3046113543605
Barangay 838,49880.39471405622,32026.47765137127,64.20654414417906,38266.619190420206,76.71675296433997,31382.035484590728,62.914569270133136,False,True,True,838,True,BARANGAY 838,BARANGAY838,3238.0,2969,1999,1.975987994,2.0,0,7,269.0,9.06028965981812,4.988039471405623,649.1528422263139,2079.007899388518,2484.0884609853283,405.0805615968102,12.510208820160912,6240.141539048935
Barangay 839,95703.24606726484,82033.31254705823,85.71633243181876,95703.24606726484,100.0,72361.58963436646,75.61038168288175,False,True,True,839,True,BARANGAY 839,BARANGAY839,2052.0,2007,3829,1.68137895,2.0,0,3,45.0,2.242152466367713,9.570324606726485,214.4127899860111,1758.899141500921,2052.0,293.1008584990791,14.283667568181244,13669.933520206614
Barangay 840,26570.02670178919,26453.95700465076,99.5631555118813,26570.02670178919,100.0,25467.28824846417,95.849690082356,False,True,True,840,True,BARANGAY 840,BARANGAY840,2820.0,2541,1063,2.0,2.0,2,2,279.0,10.979929161747345,2.657002670178919,1061.3463176572966,2807.6809854350527,2820.0,12.319014564947338,0.4368444881186946,116.06969713842773
Barangay 841,41365.15107737458,41365.15107737457,99.99999999999996,41365.15107737457,99.99999999999996,40996.2176366465,99.10810566112043,False,True,True,841,True,BARANGAY 841,BARANGAY841,2541.0,2250,1657,2.0,2.0,2,2,291.0,12.933333333333334,4.136515107737458,614.2851975197658,2540.999999999999,2540.999999999999,0.0,0.0,0.0
Barangay 842,31614.42616516356,30901.82135822424,97.74595052519236,31614.42616516356,100.0,30429.00221723533,96.2503701894344,False,True,True,842,True,BARANGAY 842,BARANGAY842,2831.0,2812,1267,1.370955012,1.0,1,2,19.0,0.6756756756756757,3.1614426165163563,895.4772688929979,2767.187859368196,2831.0,63.81214063180414,2.254049474807644,712.6048069393219
Barangay 843,28496.531814771373,28496.531814771373,100.0,28496.531814771373,100.0,28496.531814771373,100.0,False,False,False,843,True,BARANGAY 843,BARANGAY843,9355.0,8744,1136,1.479753521,1.0,1,2,611.0,6.987648673376029,2.8496531814771373,3282.855633382997,9355.0,9355.0,0.0,0.0,0.0
Barangay 844,33332.20255796648,19356.081259435206,58.07021370932194,26245.37475675156,78.73879534696052,18702.70853534733,56.11002904120219,False,True,True,844,True,BARANGAY 844,BARANGAY844,4285.0,3500,1326,1.0,1.0,1,1,785.0,22.428571428571427,3.3332202557966477,1285.5436098314105,2488.308657444445,3373.957380617258,885.6487231728129,20.668581637638574,6889.293497316354
Barangay 845,17431.826874499042,14606.62785750742,83.79286900144358,16043.653050108083,92.03655569559544,13422.931540619507,77.00243719294772,False,True,True,845,True,BARANGAY 845,BARANGAY845,1527.0,1309,697,1.0,1.0,1,1,218.0,16.653934300993125,1.7431826874499041,875.9839178037289,1279.5171096520435,1405.3982054717424,125.88109581969888,8.243686694151862,1437.025192600664
Barangay 846,13892.759153892175,10386.769916670237,74.76390975769773,11466.271165567166,82.53415350078096,10302.297354974702,74.15587674740928,False,True,True,846,True,BARANGAY 846,BARANGAY846,1996.0,1848,564,1.0,1.0,1,1,148.0,8.008658008658008,1.3892759153892176,1436.7196450251593,1492.2876387636468,1647.381703875588,155.0940651119413,7.770243743083228,1079.5012488969296
Barangay 847,40720.50299624274,40070.10775403836,98.40278190506538,40267.08996940833,98.88652400272106,38580.99859580009,94.74587924260152,False,True,True,847,True,BARANGAY 847,BARANGAY847,3132.0,2883,1624,1.0,1.0,1,1,249.0,8.636836628511967,4.072050299624275,769.1457053683712,3081.975129266648,3097.125931765224,15.150802498576013,0.48374209765567855,196.98221536996425
Barangay 848,41155.45516386873,40838.64030209246,99.23019959197435,41155.45516386873,100.0,40621.95944378738,98.70370594139432,False,True,True,848,True,BARANGAY 848,BARANGAY848,1589.0,1586,1643,1.0,1.0,1,1,3.0,0.18915510718789408,4.115545516386874,386.0970541263792,1576.7678715164725,1589.0,12.232128483527504,0.7698004080256453,316.81486177627085
Barangay 849,12051.297910207948,10468.592002848056,86.86692571080435,12051.297910207948,100.0,11020.23135100943,91.44435257612244,False,True,False,849,True,BARANGAY 849,BARANGAY849,1908.0,1849,479,2.020876827,2.0,2,3,59.0,3.19091400757166,1.2051297910207948,1583.2319590936715,1657.420942562147,1908.0,250.57905743785295,13.133074289195648,1582.705907359892
Barangay 850,11768.14250401589,11236.459178256122,95.4820114935018,11768.142504015888,100.0,11000.58498944845,93.47766638358168,False,True,True,850,True,BARANGAY 850,BARANGAY850,2655.0,2456,473,1.613107822,2.0,1,2,199.0,8.102605863192181,1.176814250401589,2256.090966857326,2535.047405152473,2655.0,119.95259484752705,4.517988506498199,531.6833257597664
Barangay 851,23604.99533907216,13378.753308402353,56.67763588267767,18616.890002555167,78.86843329191244,12027.375578644956,50.952670847329706,False,True,True,851,True,BARANGAY 851,BARANGAY851,1121.0,1052,929,1.313240043,1.0,1,2,69.0,6.55893536121673,2.360499533907216,474.899479494692,635.3562982448167,884.1151372023385,248.7588389575218,22.19079740923477,5238.136694152814
Barangay 852,8812.869645933231,8795.575553404262,99.803763209672,8812.869645933228,99.99999999999996,8799.170266398478,99.84455256817428,False,True,False,852,True,BARANGAY 852,BARANGAY852,979.0,1118,348,2.0,2.0,2,2,-139.0,-12.432915921288014,0.8812869645933231,1110.8753894388615,977.0788418226889,978.9999999999995,1.9211581773106445,0.1962367903279585,17.294092528965848
Barangay 853,7322.385133267193,5132.548199422282,70.09393942014871,5332.54819925659,72.82528987760641,4964.211999021173,67.79501362838285,False,True,True,853,True,BARANGAY 853,BARANGAY853,291.0,505,296,2.0,2.0,2,2,-214.0,-42.37623762376238,0.7322385133267193,397.4114918893347,203.97336371263273,211.92159354383466,7.948229831201928,2.731350457457694,199.99999983430826
Barangay 855,44237.90106994104,28860.876221907507,65.24015724949939,43197.6708099374,97.64855421517622,27138.29665227615,61.34625738542599,False,True,True,855,True,BARANGAY 855,BARANGAY855,2319.0,2142,1791,0.508654383,1.0,0,1,177.0,8.26330532212885,4.423790106994105,524.2111275427857,1512.9192466158909,2264.4699722499367,751.5507256340459,32.40839696567683,14336.794588029894
Barangay 856,39725.29598904059,39267.27401816016,98.8470269145212,39725.29598904059,100.0,35984.02889783523,90.58215427208522,False,True,True,856,True,BARANGAY 856,BARANGAY856,1733.0,1611,1583,0.987365761,1.0,0,1,122.0,7.572936064556177,3.972529598904059,436.24596289429786,1713.0189764286524,1733.0,19.981023571347578,1.1529730854788056,458.02197088042885
Barangay 857,15005.281843437784,13226.225446728564,88.14379886181712,14724.936697378706,98.1316902342512,11720.10899628134,78.10655686821944,False,True,True,857,True,BARANGAY 857,BARANGAY857,1907.0,1894,605,0.510743802,1.0,0,1,13.0,0.6863780359028511,1.5005281843437783,1270.8858253362184,1680.9022442948524,1871.37133276717,190.4690884723177,9.987891372434078,1498.7112506501417
Barangay 858,14770.529061518817,14770.529061518811,99.99999999999996,14770.529061518811,99.99999999999996,14670.529061514446,99.32297618055608,False,True,True,858,True,BARANGAY 858,BARANGAY858,718.0,665,592,1.0,1.0,1,1,53.0,7.969924812030076,1.4770529061518818,486.10310233949724,717.9999999999997,717.9999999999997,0.0,0.0,0.0
Barangay 859,34383.43125421272,31589.963542670142,91.87554118467942,34165.78988593565,99.36701672771414,29591.689006782737,86.063804359715,False,True,True,859,True,BARANGAY 859,BARANGAY859,1377.0,1355,1377,1.0,1.0,1,1,22.0,1.6236162361623614,3.438343125421272,400.48359043028535,1265.1262021130356,1368.2838203406238,103.15761822758827,7.491475543034724,2575.8263432655076
Barangay 860,18580.65989627053,17680.65989651268,95.15625384253174,18580.65989627053,100.0,16981.48955389414,91.39336088543672,False,True,True,860,True,BARANGAY 860,BARANGAY860,3480.0,3214,745,1.92885906,2.0,1,2,266.0,8.276291225886744,1.8580659896270528,1872.915181391646,3311.4376337201043,3480.0,168.56236627989574,4.84374615746826,899.9999997578489
Barangay 861,20626.52602689549,20626.526026895484,99.99999999999996,20626.526026895484,99.99999999999996,20519.595396493394,99.48158681562435,False,True,True,861,True,BARANGAY 861,BARANGAY861,1131.0,1072,810,1.60617284,2.0,1,2,59.0,5.503731343283582,2.0626526026895493,548.3230663880374,1130.9999999999995,1130.9999999999995,0.0,0.0,0.0
Barangay 862,43486.30196286722,42586.30695891048,97.93039425443617,43486.30196286721,99.99999999999996,39725.25631884273,91.35119457332556,False,True,True,862,True,BARANGAY 862,BARANGAY862,2525.0,2419,1737,1.328151986,1.0,1,2,106.0,4.381976023150062,4.348630196286722,580.6426129672022,2472.7424549245134,2524.999999999999,52.25754507548572,2.0696057455637913,899.9950039567339
Barangay 863,37505.05641787236,37299.92584684291,99.4530588922626,37505.056417872336,99.99999999999994,36540.06481023607,97.42703597913685,False,True,True,863,True,BARANGAY 863,BARANGAY863,1492.0,1481,1492,1.002680965,1.0,1,2,11.0,0.7427413909520594,3.7505056417872358,397.8130264294215,1483.839638672558,1491.999999999999,8.160361327441024,0.5469411077373394,205.13057102942548
Barangay 864,19781.55731482461,17958.31243584139,90.78310746739412,19681.557314873808,99.49447862794976,16530.946150419506,83.56746583359718,False,True,True,864,True,BARANGAY 864,BARANGAY864,822.0,813,800,1.0,1.0,1,1,9.0,1.107011070110701,1.9781557314824612,415.53856802971734,746.2371433819796,817.844614321747,71.60747093976738,8.711371160555643,1723.244879032416
Barangay 865,186775.4746271474,129435.93878893944,69.30028637182015,180575.47462747712,96.68050636088752,113612.5468810368,60.82840753468146,False,True,True,865,True,BARANGAY 865,BARANGAY865,86.0,79,7479,2.364754646,3.0,1,4,7.0,8.860759493670885,18.677547462714738,4.604458919013776,59.598246279765334,83.14523547036326,23.546989190597927,27.38021998906737,51139.535838537675
Barangay 866,157695.7912072781,153261.32840656934,97.1879637580942,157695.7912072781,100.0,148187.34835634852,93.97038895069082,False,True,True,866,True,BARANGAY 866,BARANGAY866,4046.0,3835,6309,1.650182279,2.0,1,3,211.0,5.501955671447197,15.769579120727808,256.569941976566,3932.2250136524913,4046.0,113.77498634750873,2.812036241905801,4434.462800708745
Barangay 867,30022.648947464902,30022.648947464884,99.99999999999994,30022.648947464884,99.99999999999994,29302.69994269443,97.60198040475952,False,True,True,867,True,BARANGAY 867,BARANGAY867,2396.0,2116,1194,1.000837521,1.0,1,2,280.0,13.23251417769376,3.00226489474649,798.0641562283988,2395.9999999999986,2395.9999999999986,0.0,0.0,0.0
Barangay 868,18481.672832181543,13233.20499522205,71.60177065887399,15736.284058882598,85.14534480602596,14974.047333907716,81.02106053859957,False,True,False,868,True,BARANGAY 868,BARANGAY868,3002.0,2850,741,0.944669366,1.0,0,1,152.0,5.333333333333334,1.8481672832181542,1624.3118397663193,2149.485155179397,2556.063251076899,406.57809589750195,13.543574147151972,2503.079063660549
Barangay 869,24943.61475911647,21448.6578256826,85.98857075373758,23843.61475873521,95.59005376324124,19873.98069692744,79.67562395768573,False,True,True,869,True,BARANGAY 869,BARANGAY869,2078.0,2010,999,1.0,1.0,1,1,68.0,3.383084577114428,2.494361475911647,833.0789342553193,1786.842500262667,1986.361317200153,199.518816937486,9.601483009503667,2394.95693305261
Barangay 870,23738.06325336376,23738.063253363754,99.99999999999996,23738.063253363754,99.99999999999996,23638.063253339307,99.57873564091088,False,True,True,870,True,BARANGAY 870,BARANGAY870,3139.0,3049,954,1.0,1.0,1,1,90.0,2.951787471302066,2.373806325336376,1322.348822857397,3138.9999999999986,3138.9999999999986,0.0,0.0,0.0
Barangay 871,12731.824157097975,12731.824157097975,100.0,12731.824157097975,100.0,12731.824157097975,100.0,False,False,False,871,True,BARANGAY 871,BARANGAY871,2480.0,2407,505,1.0,1.0,1,1,73.0,3.032820938928126,1.2731824157097975,1947.8748444836187,2480.0,2480.0,0.0,0.0,0.0
Barangay 872,24078.30601372228,19231.17120679774,79.8692864682335,20249.29491262899,84.09767240722363,20254.406537731407,84.11890157965588,False,False,False,872,True,BARANGAY 872,BARANGAY872,1950.0,1864,956,1.199790795,1.0,1,2,86.0,4.6137339055794,2.4078306013722277,809.8576365333554,1557.4510861305532,1639.9046119408606,82.45352581030738,4.2283859389901295,1018.1237058312508
Barangay 873,40794.44523629578,37894.445236086816,92.89118902485096,40794.44523629578,100.0,34094.44523625678,83.57619533436417,False,True,True,873,True,BARANGAY 873,BARANGAY873,1335.0,1248,1637,2.0,2.0,2,2,87.0,6.971153846153847,4.079444523629578,327.250436246212,1240.0973734817603,1335.0,94.90262651823969,7.108810975149041,2900.0000002089655
Barangay 874,48771.109470334624,48757.992724658085,99.97310550073806,48771.109470334624,100.0,48284.35322703988,99.00195782179034,False,True,True,874,True,BARANGAY 874,BARANGAY874,2030.0,2016,1949,1.024114931,1.0,1,2,14.0,0.6944444444444444,4.877110947033462,416.23002266019023,2029.4540416649825,2030.0,0.5459583350175308,0.02689449926194243,13.116745676539722
Barangay 875,30848.185568943358,30848.18556894335,100.0,30848.18556894335,100.0,30748.185568989626,99.67583182573176,False,True,True,875,True,BARANGAY 875,BARANGAY875,1003.0,1022,1233,1.884022709,2.0,1,2,-19.0,-1.8590998043052838,3.084818556894336,325.14067894151214,1003.0,1003.0,0.0,0.0,0.0
Barangay 876,35722.65139014194,33482.502019070256,93.72905066142464,35222.6513900974,98.60032785757186,29760.46594066558,83.3097902382417,False,True,True,876,True,BARANGAY 876,BARANGAY876,601.0,574,1430,2.360839161,3.0,1,3,27.0,4.70383275261324,3.5722651390141937,168.2405915048771,563.3115944751621,592.5879704240068,29.276375948844702,4.8712771961472185,1740.1493710271461
Barangay 877,29530.78229973546,27933.818304387267,94.5922055869055,29530.78229973546,100.0,25951.785057818823,87.88045231721242,False,True,True,877,True,BARANGAY 877,BARANGAY877,805.0,1813,1182,1.794416244,2.0,1,3,-1008.0,-55.5984555984556,2.953078229973546,272.5969098377767,761.4672549745893,805.0,43.53274502541069,5.407794413094507,1596.9639953481928
Barangay 878,22348.258361734537,20448.945512931867,91.5012936665582,22348.258361734534,100.0,19101.422813561145,85.47163946460931,False,True,True,878,True,BARANGAY 878,BARANGAY878,504.0,960,893,1.543113102,2.0,1,2,-456.0,-47.5,2.234825836173454,225.52092956960183,461.1665200794533,504.0,42.83347992054672,8.498706333441802,1899.3128488026668
Barangay 879,42666.09487910823,35306.244249822856,82.750118917283,42466.09487914258,99.5312437181506,32368.27833400051,75.86416902159444,False,True,True,879,True,BARANGAY 879,BARANGAY879,544.0,538,1709,2.216500878,2.0,1,3,6.0,1.1152416356877324,4.266609487910823,127.50170868493842,450.1606469100195,541.4499658267393,91.28931891671982,16.7811248008676,7159.850629319728
Barangay 880,60647.23641571915,55862.411770251645,92.11039953631372,60647.23641571915,100.0,51102.30343769615,84.2615533004748,False,True,True,880,True,BARANGAY 880,BARANGAY880,3751.0,3417,2428,2.067133443,2.0,1,3,334.0,9.774656131109161,6.064723641571915,618.4947941053715,3455.061086607128,3751.0,295.9389133928721,7.889600463686278,4784.824645467503
Barangay 881,43434.15291809788,43434.152918097134,99.99999999999828,43434.15291809624,99.99999999999622,43134.152918134576,99.30929929604244,True,True,True,881,False,BARANGAY 881,BARANGAY881,2443.0,2325,1753,1.723901882,2.0,1,2,118.0,5.075268817204301,4.343415291809788,562.4606066582377,2442.999999999958,2442.9999999999077,-5.047695594839752e-11,-2.0605739337042905e-12,-8.949427865445614e-10
Barangay 882,22363.944323051037,22363.944323051037,100.0,22363.944323051037,100.0,22363.94432305013,99.99999999999598,False,False,False,882,True,BARANGAY 882,BARANGAY882,1312.0,1298,893,2.0,2.0,2,2,14.0,1.078582434514638,2.2363944323051035,586.6585880593931,1312.0,1312.0,0.0,0.0,0.0
Barangay 883,49707.79011140888,44594.32384256321,89.71294789531987,49507.79011146241,99.59764857882796,42333.46312149089,85.16464527312503,False,True,True,883,True,BARANGAY 883,BARANGAY883,2239.0,2199,1986,2.189325277,2.0,1,3,40.0,1.8190086402910415,4.9707790111408885,450.4324161226606,2008.672903376212,2229.991351679958,221.31844830374598,9.884700683508086,4913.466268899203
Barangay 884,84099.77985527038,71593.90661517352,85.12971940994547,81082.28994488934,96.4120121175419,72403.36155529028,86.09221294026122,False,True,False,884,True,BARANGAY 884,BARANGAY884,2341.0,2216,3361,2.220172568,2.0,1,4,125.0,5.640794223826714,8.409977985527037,278.3598249637147,1992.8867313868234,2257.005203671656,264.1184722848327,11.28229270759644,9488.383329715827
Barangay 885,31867.34995378517,17432.27805674679,54.70262849602341,25284.839864310965,79.34403049196018,15852.354633372264,49.74481610915795,False,True,True,885,True,BARANGAY 885,BARANGAY885,694.0,623,1272,2.0,2.0,2,2,71.0,11.396468699839486,3.1867349953785173,217.77775717355104,379.63624176240245,550.6475716142037,171.01132985180124,24.641401995936775,7852.561807564176
Barangay 886,22302.108488893817,14999.77808055997,67.25721959441493,19728.642750228297,88.4608859294758,13795.589585757349,61.85778170986562,False,True,True,886,True,BARANGAY 886,BARANGAY886,406.0,384,891,2.288439955,2.0,2,4,22.0,5.729166666666666,2.2302108488893815,182.0455676655789,273.0643115533246,359.1511968736717,86.08688532034711,21.20366633506086,4728.864669668326
Barangay 887,36041.67597548482,30095.85359749508,83.50292483059326,34715.14171407761,96.3194434623143,27641.62611534723,76.69350929781619,False,True,True,887,True,BARANGAY 887,BARANGAY887,723.0,665,1444,2.490304709,3.0,1,4,58.0,8.721804511278195,3.6041675975484817,200.60110425824183,603.7261465251893,696.3895762325324,92.66342970734308,12.816518631721038,4619.288116582531
Barangay 888,64884.64233859525,50649.5992633599,78.06099785377421,63886.04316574957,98.46096219867474,43826.15222075694,67.544723437102,False,True,True,888,True,BARANGAY 888,BARANGAY888,846.0,837,2591,2.300656117,3.0,1,4,9.0,1.0752688172043012,6.488464233859525,130.38524518409417,660.3960418429298,832.9797402007883,172.58369835785857,20.399964344900525,13236.44390238967
Barangay 889,61394.18532385732,42176.19553272924,68.6973779524034,61294.18532381367,99.83711812524892,35316.56415453228,57.52428176746004,False,True,True,889,True,BARANGAY 889,BARANGAY889,952.0,864,2460,2.132113821,2.0,1,3,88.0,10.185185185185185,6.139418532385732,155.06354469534102,653.9990381068804,950.4493645523697,296.4503264454893,31.13974017284552,19117.98979108443
Barangay 890,87314.16286954522,49240.54952492032,56.39468776501915,79441.79133938829,90.98385499965347,42653.90927153004,48.851077385072806,False,True,True,890,True,BARANGAY 890,BARANGAY890,1063.0,1049,3493,1.981963928,2.0,1,3,14.0,1.334604385128694,8.731416286954522,121.74428123284105,599.4755309421536,967.1583786463164,367.6828477041628,34.589167234634324,30201.24181446797
Barangay 891,39496.893493951065,20626.10389680741,52.22209159301677,24867.86419672088,62.96156987771554,16403.39114924096,41.53083875255438,False,True,True,891,True,BARANGAY 891,BARANGAY891,931.0,760,1583,2.279216677,3.0,1,4,171.0,22.5,3.9496893493951064,235.7147404877759,486.18767273098615,586.1722155615316,99.98454283054548,10.73947828469877,4241.760299913469
Barangay 892,28322.75632606488,26240.19207892602,92.647028335931,28322.756326061182,99.99999999998695,23916.918083585253,84.44417558885318,False,True,True,892,True,BARANGAY 892,BARANGAY892,1294.0,1144,1137,1.430079156,1.0,1,2,150.0,13.111888111888112,2.8322756326064877,456.8764371316351,1198.852546666947,1293.9999999998313,95.1474533328842,7.352971664055957,2082.564247135164
Barangay 893,54086.17078418333,49980.82171751894,92.40961412660234,51533.29813582869,95.27999003933704,53698.31066757141,99.28288486504329,False,False,False,893,True,BARANGAY 893,BARANGAY893,674.0,662,2163,2.148404993,3.0,1,3,12.0,1.812688821752266,5.408617078418333,124.61595824363684,622.8407992132998,642.1871328651316,19.346333651831856,2.8703759127347013,1552.4764183097504
Barangay 894,38114.363553217656,37596.92780017693,98.64241271583025,38114.363553217656,100.0,35395.58732287743,92.86679357365075,False,True,True,894,True,BARANGAY 894,BARANGAY894,1724.0,1885,1520,1.963815789,2.0,1,3,-161.0,-8.541114058355438,3.8114363553217654,452.3229143241087,1700.5951952209136,1724.0,23.404804779086362,1.3575872841697532,517.4357530407287
Barangay 895,20786.035297248018,20786.035297248018,100.0,20786.035297248018,100.0,17964.03607660982,86.42358111933054,False,True,True,895,True,BARANGAY 895,BARANGAY895,720.0,556,830,2.23253012,2.0,1,3,164.0,29.496402877697843,2.0786035297248016,346.38640303633326,720.0,720.0,0.0,0.0,0.0
Barangay 896,129379.63793870182,91248.00894254271,70.527333664185,129179.6379387466,99.845416169699,79415.35632790634,61.3816498431787,False,True,True,896,True,BARANGAY 896,BARANGAY896,1371.0,1265,5170,1.786073501,2.0,1,3,106.0,8.379446640316205,12.937963793870182,105.96721569506632,966.9297445359763,1368.8806556865734,401.9509111505971,29.318082505514013,37931.628996203886
Barangay 897,67304.54225850532,67195.68377468866,99.83825982591404,67304.5422585053,99.99999999999996,66331.1148315329,98.55369727761666,False,True,True,897,True,BARANGAY 897,BARANGAY897,2184.0,2166,2689,1.643361845,2.0,1,3,18.0,0.8310249307479225,6.730454225850532,324.49518661186744,2180.4675945979625,2183.999999999999,3.532405402036602,0.16174017408592078,108.85848381664255
Barangay 898,59781.63121167143,42689.284224889765,71.4086975541667,54881.6312117765,91.80350234582042,39871.55208733313,66.69532309374127,False,True,True,898,True,BARANGAY 898,BARANGAY898,7812.0,7596,2390,1.844769874,2.0,1,3,216.0,2.843601895734597,5.978163121167143,1306.7559117515061,5578.447452931502,7171.689603255491,1593.2421503239893,20.394804791653726,12192.346986886732
Barangay 899,16496.462496554166,16183.801086374806,98.1046760161782,16496.462496554166,100.0,14701.026260806051,89.11623485263492,False,True,True,899,True,BARANGAY 899,BARANGAY899,1569.0,1562,662,1.894259819,2.0,1,3,7.0,0.44814340588988477,1.6496462496554165,951.1130039714501,1539.262366693836,1569.0,29.73763330616407,1.8953239838217968,312.66141017936025
Barangay 900,65079.20022115357,33438.32948787669,51.3809779072973,63026.896488697086,96.84645212989356,35642.97973268299,54.768619791823234,False,True,False,900,True,BARANGAY 900,BARANGAY900,8689.0,8581,2602,1.95234435,2.0,1,3,108.0,1.258594569397506,6.507920022115357,1335.142406555835,4464.493170365062,8414.988225566452,3950.4950552013906,45.465474222596264,29588.567000820396
Barangay 901,7529.89878250956,7302.340410854769,96.97793584977047,7529.89878250956,100.0,6768.296111213896,89.88561874078952,False,True,True,901,True,BARANGAY 901,BARANGAY901,1616.0,1610,301,1.794019934,2.0,1,2,6.0,0.37267080745341613,0.752989878250956,2146.111185124617,1567.1634433322909,1616.0,48.83655666770915,3.022064150229525,227.5583716547908
Barangay 902,11874.245868347767,11040.943559900712,92.98227173593968,11874.245868347763,100.0,10104.08690687402,85.09245150302709,False,True,True,902,True,BARANGAY 902,BARANGAY902,1337.0,1328,475,1.669473684,2.0,1,2,9.0,0.677710843373494,1.1874245868347768,1125.9662422553793,1243.1729731095136,1337.0,93.82702689048642,7.017728264060324,833.3023084470515
Barangay 903,26182.28768385125,26182.28768385125,100.0,26182.28768385125,100.0,24928.386739265377,95.21088088357055,False,True,True,903,True,BARANGAY 903,BARANGAY903,3879.0,3691,1045,1.525358852,2.0,1,2,188.0,5.09347060417231,2.618228768385125,1481.5359325504987,3879.0,3879.0,0.0,0.0,0.0
Barangay 904,13260.090241866024,6229.751528817908,46.98121517415274,13260.090241866024,100.0,5539.093881851076,41.77267108154754,False,True,True,904,True,BARANGAY 904,BARANGAY904,1799.0,1797,531,1.47834275,1.0,1,2,2.0,0.11129660545353368,1.3260090241866025,1356.70268239957,845.1920609830077,1799.0,953.8079390169923,53.01878482584726,7030.338713048116
Barangay 905,163191.94230258034,71269.50830628216,43.67219808814989,101844.24603526643,62.40764378331448,73878.0461272829,45.27064577140875,False,True,False,905,True,BARANGAY 905,BARANGAY905,7428.0,7385,6528,1.774356618,2.0,1,3,43.0,0.5822613405551794,16.319194230258034,455.16953197526533,3243.9708739877738,4635.639780224599,1391.6689062368255,18.735445695164586,30574.73772898427
