Barangay,Barangay_No,Flood_PCT_5yr,Flood_PCT_25yr,Flood_Escalation_5to25,Flood_Severity_Increase_5to25_Sqm,Population_2024,Affected_Population_5yr,Affected_Population_25yr,Affected_Population_Increase_5to25,Population_Density_per_Hectare,Population_Change_2020_2024_Pct,Elevation_Mean,DPI_Risk_Class
Barangay 1,1,16.680654141571235,42.52398017367565,25.843326032104418,12804.719516364281,3119.0,520.2696026756068,1326.3229416169436,806.0533389413367,629.4970677891149,4.140233722871453,2.569269521,Low
Barangay 2,2,13.399810524894823,43.58030042711015,30.180489902215328,11434.17093028234,1666.0,223.24084334474776,726.0478051156551,502.8069617709074,439.74063780983874,-11.711711711711711,2.726790451,Low
Barangay 3,3,71.80709753135027,96.8406057300402,25.03350819868993,9748.188696852216,1232.0,884.6634415862352,1193.0762625940952,308.41282100786,316.3796173820979,-8.128262490678598,2.581514763,Medium
Barangay 4,4,22.46301029967951,66.29738054785679,43.83437024817728,17618.64973033403,1717.0,385.68988684549714,1138.3260240067011,752.636137161204,427.18150861776314,1.537551744529864,3.0,Medium
Barangay 5,5,28.123859290247715,71.65948515171034,43.53562586146263,10771.518285226768,1321.0,371.5161812241723,946.6217988540936,575.1056176299213,533.9132352573581,2.562111801242236,3.0,Low
Barangay 6,6,79.17735975266729,96.14599630092232,16.968636548255034,7044.5750958497665,506.0,400.63744034849645,486.49874128266697,85.86130093417052,121.88286698051482,-34.37094682230869,3.0,Low
Barangay 7,7,45.85541287341737,87.54759032469757,41.692177451280195,18361.536260690453,1566.0,718.0957655977161,1370.995264484764,652.8994988870479,355.57999593139516,0.38461538461538464,2.520951302,Medium
Barangay 8,8,49.163929935963885,80.95964921354442,31.795719277580538,11573.065008645379,301.0,147.98342910725128,243.68854413276873,95.70511502551744,82.69642912575297,104.76190476190477,2.239612188,Low
Barangay 9,9,60.00408168295815,98.1116104344468,38.10752875148865,4865.081505142295,453.0,271.81849002380045,444.44559526804403,172.62710524424358,354.8288041254399,1.342281879194631,1.964980545,Low
Barangay 10,10,91.52382621756922,99.034978111963,7.511151894393777,454.9945047641304,161.0,147.35336021028647,159.44631476026044,12.092954549973967,265.78243085030164,0.625,0.946938776,Low
Barangay 11,11,36.868181641458925,81.2203678537833,44.352186212324376,5926.096899420085,2790.0,1028.622267796704,2266.048263120554,1237.4259953238502,2088.096121825046,1.160261058738216,2.138317757,High
Barangay 12,12,16.228699822968117,36.99020754816912,20.761507725201,4269.8333248830695,1723.0,279.6204979497407,637.3412760549539,357.72077810521324,837.7862808380454,-19.37295273748245,2.0,Low
Barangay 13,13,66.35641127817078,99.03022293440054,32.67381165622976,4057.9913469881685,2435.0,1615.7786146234585,2411.385928452653,795.6073138291945,1960.5939140794196,2.699283002952341,2.757028112,High
Barangay 14,14,63.24286822041954,97.23579314365053,33.99292492323099,4919.013181631282,2479.0,1567.7907031842003,2410.4753120310966,842.6846088468963,1713.1171999979038,19.758454106280194,2.017271157,High
Barangay 15,15,10.444877052637016,36.10805784807427,25.66318079543725,1792.619125324687,1104.0,115.31144266111266,398.6329586427399,283.3215159816272,1580.4891958313276,-1.3404825737265416,3.0,Low
Barangay 16,16,37.89797208693834,64.40343936247955,26.505467275541207,2807.9646631722767,1371.0,519.5811973119246,882.9711536595945,363.3899563476699,1294.1400620659265,-7.176709546377793,2.888625592,Low
Barangay 17,17,19.698586316192717,29.31670409545547,9.618117779262754,873.6763789473939,973.0,191.66724485655513,285.2515308487817,93.5842859922266,1071.1550437586181,-17.261904761904763,2.953168044,Low
Barangay 18,18,19.00625096664844,29.915831033120654,10.909580066472213,2536.9965408924145,2006.0,381.26539439096774,600.1115705244003,218.8461761334326,862.6191348942524,1.2108980827447022,2.110151188,Low
Barangay 19,19,5.986686947547437,17.4149748887719,11.428287941224465,2146.710062937639,2260.0,135.29912501457207,393.57843248624494,258.27930747167284,1203.140153534445,-0.528169014084507,3.0,Low
Barangay 20,20,17.329451294535033,23.628009847751304,6.298558553216271,86450.38157291888,43691.0,7571.4105650953015,10323.313782581023,2751.903217485721,318.32169707250563,-4.54644760989251,1.223005928,High
Barangay 25,25,25.409574259933933,57.7278596400965,32.318285380162564,7111.386455006996,3000.0,762.287227798018,1731.835789202895,969.5485614048771,1363.3748742795938,17.87819253438114,3.0,Medium
Barangay 26,26,22.439226215884503,43.39132398093978,20.952097765055278,4110.097049121845,2340.0,525.0778934516974,1015.3569811539909,490.2790877022935,1192.8649903949238,-8.414872798434441,3.0,Low
Barangay 28,28,40.5929181104779,56.82307770446072,16.23015959398282,3665.7070875164954,2515.0,1020.9118904785194,1429.1004042671873,408.18851378866793,1113.5328165710414,-9.759598134194475,2.998891353,Low
Barangay 29,29,11.263654059487065,18.07632643610101,6.8126723766139445,4968.650376783717,4422.0,498.078782510518,799.3351550043866,301.2563724938686,606.3142898955116,0.3631411711302769,1.137671233,Low
Barangay 30,30,13.547292912228077,16.30277224595277,2.7554793337246934,324.988115098143,170.0,23.03039795078773,27.71471281811971,4.684314867331981,144.13803612225527,2.4096385542168677,1.198294243,Low
Barangay 31,31,9.219186235709936,19.29131125795314,10.072125022243204,1763.2868548305426,3101.0,285.8869651693651,598.2235621091269,312.33659693976176,1771.3317381350203,7.636237417563346,3.0,Low
Barangay 32,32,21.35224757979241,43.010501915339525,21.658254335547113,3480.6049738686916,2221.0,474.23341874718943,955.263247539691,481.0298287925015,1382.0293667449328,0.09013068949977468,3.0,Low
Barangay 33,33,6.8455276095396425,24.43495499138873,17.589427381849084,4200.453682569829,4343.0,297.30126408230666,1061.2100952760125,763.9088311937057,1818.6341022247577,6.393924546790789,2.512526096,Low
Barangay 34,34,5.9654663360127005,13.73691997976026,7.77145364374756,898.6633801462069,1930.0,115.13350028504513,265.1225556093731,149.98905532432795,1669.0237817404509,4.0992448759439055,2.152505447,Low
Barangay 35,35,10.164228817393736,18.55079865057379,8.386569833180053,1284.7980560493177,2289.0,232.65919763014261,424.627781111634,191.9685834814914,1494.1537510710755,1.0596026490066226,2.998363339,Low
Barangay 36,36,0.0,16.147412733349487,16.147412733349487,1895.304837301161,2267.0,0.0,366.0618466650329,366.0618466650329,1931.4140894943866,1.6136261766024205,2.562899787,Low
Barangay 37,37,57.71644576644469,73.67813928517545,15.961693518730755,1595.5134094772875,2456.0,1417.5159080238816,1809.535100843909,392.01919282002746,2457.0097029047124,19.397180359747203,2.0,Medium
Barangay 38,38,0.0,1.2567049245351216,1.2567049245351216,175.21898394903764,3144.0,0.0,39.51080282738422,39.51080282738422,2254.9384739541642,9.547038327526131,2.0,Low
Barangay 39,39,6.614458319316737,8.401265879362658,1.7868075600459212,1854.8956487020005,2498.0,165.22916881653208,209.86362166647916,44.63445284994708,240.63053294227615,7.487091222030981,0.837466891,Low
Barangay 41,41,72.1136325849631,81.48600801307933,9.372375428116229,1979.6497828849733,3957.0,2853.5364413869897,3224.4013370775488,370.864895690559,1873.3863883241636,3.4509803921568625,2.0,High
Barangay 42,42,52.89022206009078,73.55614948903536,20.665927428944585,3637.3844727024043,2196.0,1161.4692764395934,1615.2930427792164,453.82376633962303,1247.6651004188552,2.5210084033613445,2.0,Medium
Barangay 43,43,39.504364986918574,54.12984021015623,14.625475223237657,1890.0483610882911,2949.0,1164.9837234642287,1596.2889877975074,431.3052643332787,2281.980044600194,-12.284354550862583,1.875968992,Medium
Barangay 44,44,13.222755960270597,16.326480232007885,3.1037242717372884,1618.7631952512602,841.0,111.20337762587572,137.3056987511863,26.10232112531058,161.24854581499847,5.125,0.569717298,Low
Barangay 45,45,4.674520937195365,25.208216727381384,20.53369579018602,3625.0965686303643,2312.0,108.07492406795684,582.8139707370576,474.7390466691008,1309.5900693439096,2.1201413427561837,2.950213371,Low
Barangay 46,46,27.72306028904256,51.54255851498715,23.81949822594459,3894.0935552261617,2173.0,602.4221000808949,1120.0197965306706,517.5976964497758,1329.186597880068,4.07088122605364,2.0,Low
Barangay 47,47,15.666460638548472,48.8194161493618,33.15295551081333,11027.241773985112,1677.0,262.72654490845787,818.7016088247974,555.9750639163395,504.1832539012309,49.33214603739982,2.970698723,Low
Barangay 48,48,76.26395599191375,99.98760419413296,23.72364820221921,4008.5209687640145,4191.0,3196.222395621105,4190.480491776112,994.258096155007,2480.361469735746,2.9729729729729732,0.908284024,High
Barangay 49,49,72.89525930313367,99.9976946390619,27.102435335928234,5379.1712768380585,2184.0,1592.0324631804394,2183.949650917112,591.9171877366728,1100.3873222728257,3.067484662576687,0.962168979,High
Barangay 50,50,85.45736268801305,100.0,14.542637311986951,5145.626510730341,3806.0,3252.5072239057768,3806.0,553.4927760942232,1075.6567250654653,-9.746265117382025,1.14770318,High
Barangay 51,51,83.67027878278316,99.5029422701662,15.832663487383044,6370.553173711705,2614.0,2187.141087381952,2601.0069109421447,413.8658235601929,649.6544527216623,1.317829457364341,0.963975155,High
Barangay 52,52,90.7511023050324,100.0,9.248897694967596,2440.805829374549,2249.0,2040.9922908401788,2249.0,208.00770915982116,852.2091624679672,-17.67935578330893,1.363636364,High
Barangay 53,53,89.81075739663855,100.0,10.18924260336145,2500.217816053384,3218.0,2890.110173023829,3218.0,327.8898269761712,1311.4450463909936,10.356652949245541,1.001019368,High
Barangay 54,54,95.93503167792517,100.0,4.064968322074833,1099.9999999458705,1818.0,1744.0988759046795,1818.0,73.90112409532048,671.8284008996126,10.315533980582524,1.0,High
Barangay 55,55,81.22100251635796,93.25413663998496,12.033134123627008,4390.964400741948,2427.0,1971.2337310720075,2263.277896252435,292.0441651804274,665.1025572675554,-2.608346709470305,1.063742289,High
Barangay 56,56,86.76964437848919,99.87253709882928,13.102892720340094,6945.345446625273,3377.0,2930.21089066158,3372.695577827465,442.48468716588513,637.0952900274916,-2.3141452126120914,2.226628895,High
Barangay 57,57,54.3209861210548,83.2915611321781,28.9705750111233,7975.888477689541,815.0,442.71603688659667,678.8262232272516,236.11018634065493,296.0299495173628,-7.596371882086168,3.0,Low
Barangay 58,58,89.66954804459442,99.99999999999996,10.330451955405536,3085.290225419165,4088.0,3665.6911240630197,4087.999999999998,422.30887593697844,1368.7816869144121,9.922022048937887,2.367671692,High
Barangay 59,59,67.42992241926925,99.1137989058074,31.683876486538153,7150.493648403997,1064.0,717.4543745410248,1054.5708203577908,337.11644581676603,471.45898226482745,-4.316546762589928,3.0,Medium
Barangay 60,60,96.32820316259988,100.0,3.671796837400123,500.00000017665843,3800.0,3660.4717201787953,3800.0,139.5282798212047,2790.565595438142,-15.611814345991561,2.204044118,High
Barangay 61,61,89.60490293861828,98.4570430393503,8.852140100732015,3862.6015385006394,1087.0,974.0052949427807,1070.2280578377379,96.22276289495721,249.11387295803794,6.360078277886497,1.755428571,Medium
Barangay 62,62,70.99991825879115,99.03252174215734,28.032603483366188,5794.983663601766,1877.0,1332.66846571751,1858.8404331002932,526.1719673827834,907.9783445942467,-4.575495678698525,3.0,High
Barangay 63,63,90.89088371959298,99.46419678458317,8.573313064990188,1600.0861551591588,1588.0,1443.3472334671364,1579.4914449391808,136.1442114720444,850.8555057055781,9.668508287292818,3.0,High
Barangay 64,64,70.65542629592774,100.0,29.34457370407226,4526.913003466298,443.0,313.0035384909599,443.0,129.9964615090401,287.16359561029924,-10.505050505050505,3.0,Low
Barangay 65,65,76.72327172810056,100.0,23.276728271899444,4513.705941444245,1721.0,1320.4075064406106,1721.0,400.59249355938937,887.5024176502119,5.518087063151441,3.0,High
Barangay 66,66,19.541176481752064,47.28386059796632,27.742684116214253,7337.07407157474,3388.0,662.05505920176,1601.9771970590987,939.9221378573387,1281.0585373518052,14.614343707713125,3.0,Medium
Barangay 67,67,23.3834608501272,70.6764032573807,47.2929424072535,9493.875177268908,3641.0,851.3918095531313,2573.327842601231,1721.9360330481,1813.7335923384737,-10.825373499877541,3.0,High
Barangay 68,68,14.842567868518064,47.53309484617152,32.69052697765346,2389.0026202501704,966.0,143.3792056098845,459.1696962140169,315.7904906041324,1321.8507502978944,-13.363228699551568,3.0,Low
Barangay 69,69,16.084153621761242,26.144370846761795,10.060217225000553,2376.8005675478908,2143.0,344.68341211434347,560.2738672461053,215.59045513176181,907.0616107862315,8.892276422764228,3.0,Low
Barangay 70,70,0.7854108391464862,0.7854108386184558,-5.280303971844091e-10,-6.722986256590957e-08,2405.0,18.889130681472995,18.889130668773863,-1.2699132412308245e-08,1888.9130670368122,2.6023890784982933,3.0,Low
Barangay 71,71,21.73430256796638,72.18638335314,50.45208078517362,20100.184547262976,3486.0,757.657787519308,2516.4173236904608,1758.7595361711528,874.9967106200731,2.019315188762072,3.0,High
Barangay 72,72,25.390915696647003,33.1270002468246,7.736084550177598,2069.646908493195,3743.0,950.3819745254974,1239.9436192386447,289.5616447131473,1399.0871753286774,15.774822146613051,2.055970149,Low
Barangay 73,73,18.041083959786047,20.299663729733023,2.2585797699469765,234.52437834089164,2394.0,431.903549997278,485.97394968980853,54.07039969253054,2305.5342934940777,-3.389830508474576,2.151589242,Low
Barangay 74,74,71.02890091116289,100.0,28.971099088837107,5804.808327761175,711.0,505.0154854783682,711.0,205.9845145216318,354.8515349533977,-31.56881616939365,3.0,Medium
Barangay 75,75,67.02215488408511,97.0590078886154,30.036853004530286,7696.859425064831,1631.0,1093.1313461594282,1583.0324186633172,489.90107250388905,636.4947642262059,20.814814814814813,3.0,High
Barangay 76,76,56.17767910953791,99.64283784158356,43.465158732045644,7949.166272545046,1745.0,980.3005004614366,1738.767520335633,758.4670198741964,954.1466285512253,-5.368763557483731,2.902068966,High
Barangay 77,77,31.46689392633992,91.00442456559406,59.53753063925414,7630.060384586107,1346.0,423.54439224853536,1224.919554652896,801.3751624043607,1050.2867893722855,-1.8950437317784257,2.027079304,Medium
Barangay 78,78,96.8841492234734,100.0,3.1158507765265995,458.59834554382905,844.0,817.7022194461156,844.0,26.297780553884422,573.4381907265589,-30.876330876330876,2.966159052,Medium
Barangay 79,79,61.7452708038384,98.03108844636604,36.28581764252764,2843.0656349626224,1601.0,988.5417855694528,1569.4777260263204,580.9359404568676,2043.3434012665864,5.328947368421052,3.0,High
Barangay 80,80,44.6896214377137,72.61854871572851,27.92892727801481,3263.9821154843194,2566.0,1146.7356860917334,1863.3919600455934,716.6562739538599,2195.650124901253,0.509204857030944,3.0,High
Barangay 81,81,54.99999064450728,96.4537303908138,41.453739746306525,7343.590683606972,1848.0,1016.3998271104945,1782.4649376222392,766.0651105117447,1043.175121704188,1.8181818181818181,2.991596639,High
Barangay 82,82,41.86634359310519,92.89217918109468,51.025835587989484,11486.127608235121,2662.0,1114.4820664484603,2472.7898098007404,1358.30774335228,1182.5636887217108,0.757002271006813,2.677383592,High
Barangay 83,83,34.95396219048016,95.05764300101124,60.10368081053108,8431.276989294834,1658.0,579.5366931181611,1576.0557209567664,996.5190278386053,1181.9313125448043,12.559402579769177,2.470692718,High
Barangay 84,84,14.229444007295964,88.9714278225802,74.74198381528423,10888.746342823402,1176.0,167.33826152580053,1046.3039911935432,878.9657296677426,807.2239925462629,3.067484662576687,2.348275862,Medium
Barangay 85,85,40.75110861292615,66.01064212242366,25.25953350949751,6416.114392112582,4051.0,1650.8274099096384,2674.091112379382,1023.2637024697437,1594.8339445563138,0.4712301587301587,3.0,High
Barangay 86,86,30.600276759671324,94.15805144671508,63.557774687043754,13192.96181803309,1662.0,508.5765997457374,1564.9068150444045,1056.330215298667,800.6770806042952,17.45583038869258,1.559854897,High
Barangay 87,87,22.260328245521155,95.23640397882134,72.97607573330019,15125.919092269374,1639.0,364.84677994409174,1560.9246612128818,1196.07788126879,790.7472425130761,0.3674219228413962,1.895054282,High
Barangay 88,88,71.41049584856705,92.90622010374278,21.49572425517573,2114.961974652775,1052.0,751.2384163269254,977.3734354913742,226.13501916444875,1069.2155314119755,-4.014598540145985,2.056122449,Medium
Barangay 89,89,61.51525320148904,100.0,38.48474679851096,4777.207116946838,728.0,447.83104330684023,728.0,280.16895669315977,586.4701902902183,1.1111111111111112,2.0,Medium
Barangay 90,90,53.13982976174751,99.97952412877066,46.83969436702316,4675.229488508469,645.0,342.7519019632714,644.8679306305708,302.11602866729936,646.2057732350654,2.380952380952381,2.0,Medium
Barangay 91,91,32.316606942952944,83.35207071973005,51.03546377677711,28873.358691128185,4453.0,1439.0585071696946,3711.6677091495794,2272.609201979885,787.0955458597833,-2.1748681898066784,0.91158267,High
Barangay 92,92,34.92289677246123,97.21774378310884,62.294847010647615,16554.262461658847,2519.0,879.7077696982984,2448.9149658965116,1569.2071961982133,947.9173112258173,-4.547176960970065,2.069548872,High
Barangay 93,93,50.98188273904103,74.58883568157229,23.606952942531258,10354.629550434332,4586.0,2338.0291424124216,3420.6440043569055,1082.614861944484,1045.5370292789214,15.808080808080808,1.472633979,High
Barangay 94,94,36.97796865384127,57.15977435362577,20.181805699784498,19763.91732681769,2117.0,782.8235964018198,1210.0724230662574,427.2488266644376,216.17618592479297,-2.800734618916437,1.640613027,Low
Barangay 95,95,29.31593074295486,56.49370536238969,27.17777461943483,9062.508884207902,4994.0,1464.0375813031658,2821.295645797741,1357.2580644945754,1497.6626029682552,-9.904383907631246,2.975262369,High
Barangay 96,96,48.293448611715,57.17330867182466,8.879860060109657,7874.5282749192775,2230.0,1076.9439040412444,1274.9647833816898,198.0208793404454,251.470148340378,6.190476190476191,3.102621934,Low
Barangay 97,97,73.84741495115186,98.60277131176294,24.755356360611074,7530.622204373009,3656.0,2699.861490614112,3604.917319158053,905.0558285439411,1201.834063616122,0.6053935057787562,2.807881773,High
Barangay 98,98,88.50255330475551,98.15155808145116,9.649004776695648,1358.9977497444906,1877.0,1661.1929255302607,1842.304745188838,181.11181965857736,1332.6866780510006,-1.1585044760400212,1.395759717,High
Barangay 99,99,82.63591009082275,87.37611180418217,4.740201713359426,613.2362436848362,3682.0,3042.6542095440936,3217.188436629988,174.53422708589414,2846.117281606625,-41.64817749603804,1.301158301,High
Barangay 100,100,30.61621788827872,48.88903596096728,18.27281807268856,5362.9807708739845,2340.0,716.419498585722,1144.0034414866343,427.58394290091235,797.2878538425763,5.3105310531053105,2.046968403,Low
Barangay 101,101,36.08287699593152,55.17350824105141,19.090631245119887,19853.75432446604,13659.0,4928.560168874286,7536.149490645212,2607.5893217709254,1313.3986041912276,-11.062638364370361,1.901875902,High
Barangay 102,102,18.855609646495548,59.41577869219225,40.560169045696696,9693.748920486592,4616.0,870.3749412822344,2742.632344431594,1872.2574031493596,1931.4069494750015,11.04161655039692,2.280041797,High
Barangay 103,103,27.441258581353534,70.4801103271446,43.038851745791064,14181.209615588845,5071.0,1391.5462226604377,3574.0463946895024,2182.5001720290647,1539.0084704974172,6.26571668063705,3.0,High
Barangay 104,104,11.81880044857978,26.496099476277543,14.677299027697762,5715.023354103103,5801.0,685.6086140221131,1537.0387306188602,851.4301165967471,1489.8103889382407,1.0451140916216688,3.0,Low
Barangay 105,105,15.792012130472068,21.492867861397823,5.700855730925754,28896.254161677018,26494.0,4183.93569384727,5694.32041119874,1510.3847173514696,522.6922177873777,6.099074926915222,2.04584824,High
Barangay 106,106,33.301093041341986,56.06941543587178,22.768322394529797,16994.85871313204,2716.0,904.4576870028483,1522.8453232382776,618.3876362354293,363.86747702562366,8.07799442896936,2.009042197,Medium
Barangay 107,107,14.539862643189078,20.751139907886948,6.21127726469787,9771.943063319999,7153.0,1040.0363748673146,1484.3290376111534,444.2926627438387,454.6615344204543,2.1419391689276024,2.141019533,Low
Barangay 108,108,0.6113768912161809,6.657499478978463,6.046122587762282,1937.7345960510625,5114.0,31.26581421679549,340.46452335495854,309.19870913816305,1595.6710984480724,-5.138193285104804,3.090625,Low
Barangay 109,109,0.3018743791181689,1.623437565852625,1.3215631867344562,354.01155858480365,3495.0,10.550509550180003,56.73914292654924,46.18863337636924,1304.7210537704727,7.406269207129687,3.0,Low
Barangay 110,110,32.27626570330106,42.27771897976759,10.001453276466535,17819.876507060966,2431.0,784.6360192472487,1027.7713483981502,243.1353291509015,136.44052418352132,-9.18939110945088,1.920067312,Low
Barangay 111,111,10.949765553563996,35.93459781660427,24.98483226304027,3629.930735728382,2676.0,293.01572621337255,961.6098375723302,668.5941113589577,1841.8922013529761,0.5636978579481398,3.388984509,Low
Barangay 112,112,45.09207950291827,63.5129209257406,18.420841422822335,5055.706746992546,5840.0,2633.3774429704267,3709.154582063251,1075.7771390928242,2127.8471891843105,4.416234578937958,3.642661805,High
Barangay 116,116,50.50083845298558,80.08577738213208,29.584938929146496,12517.592501387746,6182.0,3121.961833163569,4950.902757763405,1828.9409245998363,1461.0963924549178,4.021537943799428,3.0,High
Barangay 117,117,24.33645729443204,57.3017466664357,32.96528937200365,6921.079660638285,4262.0,1037.2198098886936,2442.2004429234894,1404.9806330347958,2030.0021122791468,2.451923076923077,3.0,High
Barangay 118,118,7.24980454154386,14.296156266062969,7.046351724519109,10002.712968219465,10891.0,789.5762126195417,1556.9943789369179,767.4181663173762,767.2100246759161,0.4704797047970479,1.263937897,Low
Barangay 119,119,20.142403312053684,37.74186803423938,17.599464722185697,3279.8640792752512,1877.0,378.07291016724764,708.4148630026731,330.34195283542545,1007.181836963259,-19.957356076759062,2.785714286,Low
Barangay 120,120,0.0,2.3533642885767607,2.3533642885767607,400.0000000200816,3886.0,0.0,91.45173625409292,91.45173625409292,2286.2934062375416,0.3356571133488252,2.042459736,Low
Barangay 121,121,7.793049877728986,14.919204122194117,7.1261542444651305,1995.5611727991845,4097.0,319.28125349055654,611.2397928862929,291.95853939573635,1463.0397873807328,-9.177565949900243,2.90437891,Low
Barangay 122,122,35.162695482024,64.80546591908607,29.642770437062076,6886.493488845855,3830.0,1346.731236961519,2482.0493447009962,1135.3181077394772,1648.6156700479964,0.15690376569037656,3.0,High
Barangay 123,123,6.418603876008207,8.910726397870395,2.4921225218621874,2461.901049577983,8879.0,569.9078381507687,791.1833968669123,221.27555871614356,898.7995628584441,2.5288683602771362,1.232987604,Low
Barangay 124,124,52.07459086769772,99.02329639357576,46.94870552587804,14420.558669517992,307.0,159.868993963832,304.0015199282776,144.13252596444562,99.94933571409493,93.08176100628931,2.0,Low
Barangay 125,125,30.655719257296223,79.37236635730268,48.716647100006455,7506.390232336537,3749.0,1149.2829149560353,2975.6700147352776,1826.3870997792424,2433.109714855228,-16.873614190687363,1.972624799,High
Barangay 126,126,44.13456527159207,81.92297879972456,37.78841352813249,51607.774295505,913.0,402.9485809296356,747.9567964414853,345.00821551184964,66.85198503937413,-21.428571428571427,1.919017955,Medium
Barangay 127,127,49.98205658632466,97.4853392639862,47.503282677661545,21478.87962521648,574.0,286.8970048055035,559.5658473752808,272.66884256977727,126.94742338872298,1.592920353982301,2.0,Medium
Barangay 128,128,23.812298450030266,30.910284802595907,7.097986352565641,75561.55949755575,22298.0,5309.666308387749,6892.375305282835,1582.7089968950859,209.45954628507693,-5.92355075521053,9.141101108,High
Barangay 129,129,54.608555399714895,85.12786720286304,30.51931180314815,14394.112185934227,5207.0,2843.467479663155,4432.608045253079,1589.1405655899239,1104.021244980163,-8.90482855143457,2.463698993,High
Barangay 130,130,91.08973166417816,97.65636006645096,6.566628402272798,2182.307390774149,1398.0,1273.4344486652108,1365.2359137289843,91.80146506377355,420.66239362919384,-20.477815699658702,2.472138554,Medium
Barangay 131,131,95.39203899793338,99.99999999999996,4.607961002066574,1185.1279379507396,1258.0,1200.031850594002,1257.9999999999995,57.968149405997565,489.1298867380798,-22.393584207279456,2.0,Medium
Barangay 132,132,89.4926060661884,99.1701400333024,9.677533967114002,4072.7572413490416,1151.0,1030.0598958218284,1141.4483117833106,111.38841596148222,273.4963302762094,24.43243243243243,1.782531194,Medium
Barangay 133,133,81.4084959118143,95.56266463263368,14.154168720819385,10688.209358539025,2317.0,1886.2348502767372,2214.1869395381227,327.9520892613855,306.83539053188326,9.55082742316785,1.84938762,High
Barangay 134,134,99.99999999999996,99.99999999999996,0.0,0.0,1104.0,1103.9999999999995,1103.9999999999995,0.0,326.24370541787204,4.3478260869565215,2.0,Medium
Barangay 135,135,93.51877774622236,98.76591046060258,5.247132714380228,1700.7299870578681,1946.0,1819.8754149414872,1921.9846175633263,102.10920262183913,600.3845607407721,0.5684754521963824,1.734883721,High
Barangay 136,136,87.10983103335847,100.0,12.890168966641525,3702.9297871164235,1302.0,1134.1700000543274,1302.0,167.82999994567263,453.2357068438141,8.771929824561402,1.648389904,Medium
Barangay 137,137,99.6686605753566,100.0,0.33133942464340294,99.99999997147825,1060.0,1056.4878020987799,1060.0,3.5121979012201336,351.21979022216937,16.355653128430298,1.634408602,Medium
Barangay 138,138,82.88384940528518,100.0,17.116150594714824,4397.877323457782,3217.0,2666.373435368024,3217.0,550.6265646319762,1252.028022007333,9.458999659748214,2.0,High
Barangay 139,139,100.0,100.0,0.0,0.0,440.0,440.0,440.0,0.0,614.266631898546,18.598382749326145,2.0,Low
Barangay 140,140,96.92030418829144,100.0,3.079695811708561,999.9999997348568,568.0,550.5073277894953,568.0,17.49267221050468,174.9267221514271,4.6040515653775325,2.0,Low
Barangay 141,141,80.45473174013537,99.99999999999996,19.545268259864585,1361.142461447359,553.0,444.9146665229486,552.9999999999998,108.08533347705117,794.078037666385,4.536862003780719,2.0,Medium
Barangay 142,142,41.90211150301151,99.64984681686708,57.74773531385557,9682.228595263969,1721.0,721.1353389668282,1714.9738637182825,993.8385247514543,1026.4563731097894,0.6432748538011697,2.0,High
Barangay 143,143,82.3355110374601,100.0,17.664488962539906,1818.4925237166044,1421.0,1169.987611842308,1421.0,251.01238815769193,1380.3322525884082,1.4275517487508922,0.769417476,High
Barangay 144,144,89.72084422030844,100.0,10.279155779691564,3219.552343121515,893.0,801.2071388873544,893.0,91.7928611126456,285.1106344295308,1.4772727272727273,0.884370016,Medium
Barangay 145,145,98.26619184770318,100.0,1.7338081522968167,305.7302451890682,1109.0,1089.7720675910284,1109.0,19.227932408971583,628.9182281288843,7.774538386783285,1.009929078,Medium
Barangay 146,146,55.301188168324046,99.54000072516006,44.23881255683601,16562.94010362402,2724.0,1506.404365705147,2711.46961975336,1205.0652540482129,727.5672353512534,-5.9067357512953365,2.0,High
Barangay 147,147,73.75382008114728,88.00935760066483,14.255537519517546,18543.759472842285,2023.0,1492.0397802416096,1780.4293042614495,288.3895240198399,155.51836963922702,-11.076923076923077,1.055373967,High
Barangay 148,148,67.63134913100019,85.49091231596346,17.859563184963264,18715.42933052813,1827.0,1235.6247486233735,1561.9189680126522,326.2942193892786,174.3450356530351,-21.68881268752679,1.11907597,Medium
Barangay 149,149,23.43145358301806,89.51658063934266,66.08512705632461,14202.600309738162,1569.0,367.6395067175534,1404.5151502312865,1036.8756435137332,730.060426190258,0.9652509652509652,1.0,High
Barangay 150,150,26.844252682566417,57.24207084751113,30.397818164944713,14492.454005752763,1922.0,515.9465365589265,1100.192601689164,584.2460651302374,403.1381192573193,-15.590689503732982,1.077084426,Low
Barangay 151,151,59.84560306999991,82.1793937857808,22.333790715780893,11714.737335300368,1725.0,1032.3366529574985,1417.594542804719,385.25788984722044,328.8660076793284,5.247101891397193,0.86952381,Medium
Barangay 152,152,97.34529117846948,100.0,2.6547088215305195,668.3781009487866,6016.0,5856.292717296724,6016.0,159.70728270327618,2389.475096155396,-3.248633000964941,1.0,High
Barangay 153,153,88.50496173717815,98.80721826947313,10.302256532294976,2157.387685423928,1658.0,1467.4122656024138,1638.2236789078645,170.81141330545074,791.7511278084721,-19.16138469039493,1.0,High
Barangay 154,154,71.45115493177084,94.9534326560386,23.502277724267756,5692.072811347298,774.0,553.0319391719063,734.9395687577388,181.90762958583252,319.5806441955468,-18.354430379746837,1.0,Medium
Barangay 155,155,89.61871124763213,96.12809390536,6.509382657727869,1176.7280771939895,3292.0,2950.2479742720498,3164.536851364451,214.28887709240144,1821.056888549747,1.0746085354620816,1.0,High
Barangay 156,156,53.01266339344893,89.91592311825562,36.90325972480669,16008.5983753377,1627.0,862.5160334114141,1462.932069134019,600.4160357226049,375.05846648485175,0.7430340557275541,1.0,High
Barangay 157,157,64.68671005780791,88.18472972048122,23.4980196626733,4236.964017030436,1409.0,911.4357447145136,1242.5228417615804,331.0870970470668,781.4253218018029,-6.378737541528238,1.0,Medium
Barangay 158,158,74.63586841040302,95.4783335572484,20.842465146845385,5029.474718033762,2037.0,1520.3326395199094,1944.89365456115,424.5610150412406,844.1458379717616,5.325749741468459,1.0,High
Barangay 159,159,24.01240952442176,65.39940928482204,41.386999760400286,5674.668094431157,1595.0,382.9979319145271,1043.1205780929115,660.1226461783845,1163.2797463982024,2.3748395378690628,1.0,Medium
Barangay 160,160,77.64120774029311,87.36468749684664,9.72347975655353,1452.9886275641293,1399.0,1086.2004962867006,1222.2319780808846,136.03148179418395,936.2184893507019,11.385350318471337,1.0,Medium
Barangay 161,161,45.95328265110391,74.60620860637798,28.652925955274064,8614.017663285265,876.0,402.55075602367026,653.550387391871,250.99963136820077,291.38509018621306,-12.749003984063744,1.847372811,Low
Barangay 162,162,88.11680042577488,93.42290697932482,5.306106553549938,1244.0945572157325,586.0,516.3644504950408,547.4582348988434,31.0937844038026,249.93103798629372,5.39568345323741,1.010626993,Low
Barangay 163,163,26.888639066594138,70.36102703955471,43.472387972960576,19715.447126735307,3850.0,1035.2126040638743,2708.8995410228563,1673.686936958982,848.92162282709,0.26041666666666663,1.037589829,High
Barangay 164,164,24.94454543034786,61.15664072646823,36.212095296120374,9637.255808237482,1824.0,454.98850864954494,1115.4971268507807,660.5086182012358,685.3700175071237,0.9407858328721639,1.0,Low
Barangay 165,165,84.93094313751443,94.04361884548102,9.112675707966588,2068.87378018683,903.0,766.9264165317553,849.2138781746936,82.2874616429383,397.7403669135744,-10.946745562130179,1.0,Medium
Barangay 166,166,83.69829746647164,100.0,16.301702533528356,5475.766475819204,860.0,719.8053582116561,860.0,140.19464178834392,256.02742996334575,-2.494331065759637,1.0,Medium
Barangay 167,167,65.00219190188403,93.54910082696524,28.546908925081212,8212.121621316739,955.0,620.7709326629925,893.3939128975181,272.6229802345256,331.97630625301565,3.131749460043196,1.570931245,Medium
Barangay 168,168,99.33554283146432,100.0,0.6644571685356766,200.00000008322968,1154.0,1146.3321642750982,1154.0,7.667835724901806,383.391786085549,-16.79884643114636,1.517384106,Medium
Barangay 169,169,100.0,100.0,0.0,0.0,1100.0,1100.0,1100.0,0.0,401.1047311690979,20.350109409190374,1.772186642,Medium
Barangay 170,170,99.99999999999996,99.99999999999996,0.0,0.0,1245.0,1244.9999999999995,1244.9999999999995,0.0,641.7507040885179,-9.65166908563135,2.0,Medium
Barangay 171,171,100.0,100.0,0.0,0.0,1026.0,1026.0,1026.0,0.0,379.32226946284135,-8.718861209964412,1.746061168,Medium
Barangay 172,172,100.0,100.0,0.0,0.0,1038.0,1038.0,1038.0,0.0,229.2658163083531,-14.214876033057852,1.702209945,Medium
Barangay 173,173,46.719194614543966,67.05719211890873,20.337997504364765,6194.538264795794,1704.0,796.0950762318292,1142.6545537062048,346.5594774743755,559.4597412431996,5.445544554455446,1.866174056,Low
Barangay 174,174,51.79542004585488,87.16763719780647,35.37221715195159,9055.556204071338,751.0,388.98360454437017,654.6289553555266,265.64535081115645,293.35067313891034,5.034965034965035,1.003898635,Low
Barangay 175,175,97.83872803098158,100.0,2.161271969018415,795.366528161816,996.0,974.4737311885765,996.0,21.526268811423506,270.64589782490833,0.8097165991902834,1.719047619,Medium
Barangay 176,176,100.0,100.0,0.0,0.0,1312.0,1312.0,1312.0,0.0,296.18539568018383,2.660406885758998,1.691873589,Medium
Barangay 177,177,74.12575694031578,84.38715738754675,10.261400447230969,14078.206106944868,3440.0,2549.926038746863,2902.9182141316082,352.9921753847452,250.73661566199976,3.990326481257558,1.379046926,High
Barangay 178,178,99.46038160981968,100.0,0.5396183901803226,123.22778489036864,1324.0,1316.8554525140125,1324.0,7.144547485987459,579.783811933626,-12.837393021724818,1.867986799,Medium
Barangay 179,179,14.332859021792382,34.41598105224728,20.083122030454902,6485.358857077115,1034.0,148.20176228533325,355.8612440802369,207.65948179490363,320.1973651285253,1.2732615083251715,2.012374323,Low
Barangay 180,180,36.65097764367375,54.61698749054419,17.966009846870442,6327.3022713104,2160.0,791.6611171033529,1179.7269297957546,388.06581269240166,613.3195413343705,0.6993006993006993,2.322214336,Low
Barangay 181,181,10.94741709043108,51.67047475693529,40.72305766650421,7525.120542480584,2334.0,255.51271489066139,1205.9888808268697,950.4761659362083,1263.0710173619261,-15.83122971510999,2.241565452,Low
Barangay 182,182,24.62682020003269,28.041841096166078,3.415020896133388,1799.9999996427177,4072.0,1002.8041185453311,1141.8637694358827,139.05965089055155,772.5536162119635,3.4552845528455287,2.488394126,Low
Barangay 183,183,63.467875679826335,69.79582725958822,6.327951579761887,2605.5809599340137,8512.0,5402.385577866818,5941.020816336149,538.6352384693319,2067.2366230484436,1.0446343779677114,2.061930783,High
Barangay 184,184,76.04997065715125,97.09469577976051,21.044725122609265,9482.723125661752,2126.0,1616.8223761710356,2064.2332322777083,447.4108561066728,471.81685068491385,-35.789791603745094,2.211197339,High
Barangay 185,185,3.382629870757893,27.620561025169067,24.237931154411175,8315.471306232072,3399.0,114.97558930706079,938.8228692454966,823.8472799384358,990.7403316045348,-3.7655719139297847,2.0,Low
Barangay 186,186,32.57391540233811,74.21868169761534,41.64476629527723,19247.72273403441,1492.0,486.00281780288464,1107.342730928421,621.3399131255362,322.81216937256903,-11.084624553039331,2.596320346,Medium
Barangay 187,187,53.93861879201334,60.45789242345626,6.519273631442921,717.6233786570147,717.0,386.73989673873564,433.4830886761814,46.74319193744577,651.3610527143449,-19.0744920993228,6.767123288,Low
Barangay 188,188,0.0,0.0,0.0,0.0,872.0,0.0,0.0,0.0,624.132873848588,0.8092485549132947,8.517985612,Low
Barangay 189,189,7.9165289292486705,10.84502948545961,2.92850055621094,709.6161449060885,1618.0,128.0894380752435,175.4725770747365,47.38313899949301,667.7291566662955,9.25050641458474,8.205578512,Low
Barangay 190,190,0.8515743634987604,0.8848111875464748,0.03323682404771444,5.174061138339255,1282.0,10.917183340054107,11.343279424345807,0.4260960842917001,823.5234816503645,4.058441558441558,7.433386838,Low
Barangay 191,191,1.5895525982898435,2.9184864522469622,1.3289338539571187,139.27605581596805,754.0,11.985226591105421,22.005387849942093,10.020161258836671,719.4460813908158,7.254623044096728,8.657142857,Low
Barangay 192,192,18.433590120121707,22.525977961833814,4.092387841712107,1394.6243195060933,1771.0,326.4588810273554,398.9350697040768,72.47618867672139,519.682524268535,-5.697550585729499,7.760294118,Low
Barangay 193,193,1.540043908847642,2.4230043807220683,0.8829604718744262,100.00000010044101,928.0,14.291607474106119,22.485480653100794,8.193873178994675,819.3873170764664,-5.209397344228805,6.760964912,Low
Barangay 194,194,8.371168533504548,8.959508602342718,0.5883400688381695,99.99999993500319,746.0,62.44891725994393,66.83793417347668,4.38901691353275,438.9016916385461,-3.741935483870968,6.350439883,Low
Barangay 195,195,20.317992367835306,22.21113034273928,1.8931379749039756,200.00000028632394,1261.0,256.2098837584032,280.08235362194233,23.872469863539152,1193.6234914681404,-9.992862241256246,5.435714286,Low
Barangay 196,196,52.144202958285405,61.90666504508919,9.762462086803787,1967.9216558766166,1468.0,765.4768994276297,908.7898428619094,143.31294343427965,728.2451667032478,-9.993868792152053,5.203955501,Low
Barangay 197,197,69.1075634881787,79.11097627416821,10.00341278598951,1454.505710247393,305.0,210.77806863894503,241.28847763621303,30.510408997268,209.76479351242006,-41.68260038240918,4.426597582,Low
Barangay 198,198,79.16073961750318,98.1528703502886,18.992130732785412,8225.575604399783,3840.0,3039.7724013121224,3769.070221451082,729.2978201389597,886.6222319430947,-23.68839427662957,2.834682081,High
Barangay 199,199,99.22636121661984,99.9999999999974,0.7736387833775638,276.94178356361954,2240.0,2222.6704912522846,2239.999999999942,17.3295087476572,625.7455456762498,-35.46528377989052,2.19665272,High
Barangay 200,200,98.54723562832643,99.40221186678356,0.8549762384571267,129.97107073048392,757.0,746.0025737064311,752.4747438315516,6.472170125120442,497.97005508568145,-54.56182472989196,2.561576355,Medium
Barangay 201,201,87.25616027055865,92.2337755675214,4.977615296962753,2601.030904685409,1166.0,1017.4068287547138,1075.4458231172996,58.038994362585754,223.13842660629786,1.215277777777778,2.658221797,Medium
Barangay 202,202,98.23672083448496,99.83661371116165,1.599892876676691,523.058216453057,1289.0,1266.271331556511,1286.8939507368736,20.622619180362562,394.27005506590865,-9.225352112676056,2.286478228,Medium
Barangay 202-A,202,61.00360656976138,65.66125879410926,4.657652224347878,908.6919269358878,1037.0,632.6074001284255,680.907253694913,48.29985356648751,531.5316680467778,-14.509480626545754,3.626598465,Low
Barangay 203,203,83.74034335278544,93.86992420253353,10.12958084974808,6141.17573816151,2014.0,1686.5305151250989,1890.5402734390252,204.00975831392634,332.1998376405372,-18.1965881397238,2.02183766,High
Barangay 204,204,93.02358505323224,97.51527437939964,4.491689326167403,2320.336705748363,1932.0,1797.2156632284468,1883.995101010001,86.77943778155418,373.99502221625113,-28.017883755588674,1.988394584,High
Barangay 205,205,92.57251609241514,97.63036561765992,5.057849525244777,2347.8873028055386,1832.0,1695.9284948130455,1788.5882981155298,92.6598033024843,394.65183525531074,4.090909090909091,2.154094828,High
Barangay 206,206,42.83140671322443,58.3655990130827,15.534192299858269,6441.852359564629,2487.0,1065.2170849578915,1451.5524474553667,386.3353624974752,599.7271296102566,2.219482120838471,2.942667471,Low
Barangay 207,207,40.8809389232343,50.656498431998095,9.775559508763799,4846.052963040995,1139.0,465.6338943356386,576.9775171404583,111.34362280481969,229.76146495714192,-26.08695652173913,2.716591024,Low
Barangay 208,208,29.417252210244083,41.60588437709383,12.188632166849747,3660.772366609124,454.0,133.55432503450814,188.89071507200597,55.336390037497836,151.16042325449055,-28.503937007874015,3.464106845,Low
Barangay 209,209,41.76990888154655,67.57007066804466,25.800161786498116,16191.45215135278,4704.0,1964.8565137879496,3178.4961242248214,1213.6396104368719,749.5557526848967,-7.310344827586207,2.076800637,High
Barangay 210,210,41.73578393625259,81.80374478927502,40.06796085302243,14544.845245379729,3106.0,1296.3134490600055,2540.824313154882,1244.5108640948765,855.6370611713479,-3.300124533001245,2.800136893,High
Barangay 211,211,13.13295920821714,36.2799193522658,23.146960144048663,7222.255826910239,2102.0,276.05480255672427,762.603904784627,486.5491022279028,673.6802377105131,4.733432984554061,2.83788122,Low
Barangay 212,212,23.502422955405105,42.37839798874927,18.875975033344165,5500.517701009026,2131.0,500.8366331796828,903.083661140247,402.24702796056425,731.2893982447785,-20.33644859813084,2.660958904,Low
Barangay 213,213,91.24733554012153,99.25597654281697,8.008641002695441,2552.947290058837,3037.0,2771.1815803534905,3014.4040076053516,243.22242725186106,952.7122953104714,-6.004333023831631,1.86410055,High
Barangay 214,214,96.86879276250905,99.99999999999996,3.131207237490912,500.0000000806158,1323.0,1281.5741282479946,1322.9999999999993,41.425871752004696,828.5174349065159,-16.106531388712746,1.291798107,Medium
Barangay 215,215,90.84415728646351,100.0,9.155842713536487,1630.4320551656983,3147.0,2858.865629805007,3147.0,288.13437019499315,1767.2270934694664,1.3200257566001288,2.268428373,High
Barangay 216,216,81.49525739431377,94.13695559831598,12.64169820400221,4016.5594412329738,2237.0,1823.048907910799,2105.843696734328,282.7947888235292,704.072211456478,-7.9802550390785685,1.97007874,High
Barangay 217,217,96.82027748331224,99.5495790310059,2.729301547693666,765.2284563473986,1025.0,992.4078442039504,1020.3831850678106,27.975340863860197,365.5815545254561,-18.844022169437846,1.037333333,Medium
Barangay 218,218,71.10091043331911,98.5240842259546,27.42317379263548,6172.859241210472,339.0,241.0320863689518,333.9966455259861,92.96455915703427,150.60210434800757,5.607476635514018,1.036625971,Low
Barangay 219,219,87.09961990011311,98.91560054045505,11.815980640341934,4358.534314136588,1117.0,972.9027542842634,1104.887258036883,131.9845037526195,302.8185491726819,3.425925925925926,1.658090724,Medium
Barangay 220,220,74.49361473036838,91.16255851674644,16.668943786378065,8934.103245123144,1290.0,960.967630021752,1175.997004866029,215.02937484427707,240.68378095099257,1.574803149606299,1.849462366,Medium
Barangay 221,221,84.30644344115679,99.99976273198216,15.693319290825372,3934.810318802771,3395.0,2862.203754827273,3394.991944750794,532.7881899235213,1354.0377979023674,1.2526096033402923,1.290836653,High
Barangay 222,222,30.27358587287055,54.73121742286826,24.45763154999771,4240.771107125991,1760.0,532.8151113625217,963.2694266424814,430.4543152799597,1015.0378419543671,-13.725490196078432,2.0,Low
Barangay 223,223,79.86215448466587,100.0,20.137845515334135,3802.0952033150315,1583.0,1264.2179054922608,1583.0,318.7820945077392,838.4379597591204,-2.823818293431553,2.0,High
Barangay 224,224,86.79178376896529,99.73583567518376,12.944051906218476,4899.999999564025,1078.0,935.6154290294459,1075.1523085784809,139.536879549035,284.7691419621433,0.841908325537886,2.0,Medium
Barangay 225,225,70.56773756599983,98.0842276754424,27.51649010944257,4308.93949463965,2275.0,1605.4160296264963,2231.416179616315,626.0001499898185,1452.7940129318747,-5.952873088052915,2.0,High
Barangay 226,226,70.95042173789714,95.50309600338906,24.552674265491916,6005.89688219528,1201.0,852.1145650721446,1146.9921830007027,294.87761792855804,490.98015452568694,-23.111395646606915,2.0,Medium
Barangay 227,227,95.25126267733714,100.0,4.748737322662862,2202.813481413541,1726.0,1644.0367938108388,1726.0,81.96320618916116,372.08418634048576,-5.991285403050109,1.571736785,High
Barangay 228,228,96.06517568439872,100.0,3.9348243156012757,597.1865187407548,2697.0,2590.8777882082336,2697.0,106.1222117917664,1777.0362937117056,-10.398671096345515,1.0,High
Barangay 229,229,41.69044066770512,79.22337501922865,37.53293435152354,7056.645091754953,1825.0,760.8505421856185,1445.826594100923,684.9760519153047,970.6823044220216,18.12297734627832,2.0,Medium
Barangay 230,230,10.087826868022251,50.6214127175297,40.533585849507446,4425.477470985751,2376.0,239.68676638420868,1202.7647661685057,963.077999784297,2176.212637163819,0.5076142131979695,2.0,Low
Barangay 231,231,72.03126107611965,95.99594446731729,23.96468339119764,5823.114259086873,1389.0,1000.5142163473018,1333.3836686510372,332.86945230373533,571.6347601874683,-26.43008474576271,1.774226804,Medium
Barangay 232,232,18.32483055706451,45.73904333661174,27.414212779547235,10255.259495590366,1871.0,342.857579722677,855.7775008280057,512.9199211053287,500.1530398386096,5.230596175478065,1.159866221,Low
Barangay 233,233,51.04652190889973,80.34710200295234,29.300580094052613,6258.934549351481,724.0,369.576818620434,581.7130185013749,212.13619988094092,338.933405052017,-1.4965986394557822,2.0,Low
Barangay 234,234,66.3002996545653,88.31969983800577,22.01940018344048,9093.095454491202,2013.0,1334.6250320463994,1777.8755577390561,443.25052569265677,487.45834453297135,3.496143958868895,1.677555959,High
Barangay 235,235,73.78729907762592,90.8865793913928,17.099280313766883,4149.664619113748,1264.0,932.6714603411915,1148.8063635072049,216.13490316601337,520.8490878286299,-18.81824020552344,1.91563786,Medium
Barangay 236,236,74.97826730735399,98.55115512452971,23.572887817175726,6747.333034348627,603.0,452.11895186334453,594.2634654009141,142.1445135375696,210.66770057733206,-24.719101123595504,1.752405949,Medium
Barangay 237,237,40.72888330864973,83.90711704026891,43.17823373161919,9599.718993614651,223.0,90.82540977828889,187.1128709997997,96.28746122151081,100.30237477321717,-50.66371681415929,1.083521445,Low
Barangay 238,238,95.83568663630766,100.0,4.164313363692344,689.5678671223523,390.0,373.7591778815999,390.0,16.240822118400104,235.52173604282018,7.142857142857142,1.0,Low
Barangay 239,239,38.31959798404574,100.0,61.68040201595426,13973.862032883351,1631.0,624.9926431197861,1631.0,1006.0073568802139,719.9207738797429,-8.627450980392156,1.0,High
Barangay 240,240,75.82903204977566,99.99999999999996,24.170967950224295,3265.2393118349028,91.0,69.00441916529584,90.99999999999996,21.995580834704114,67.36284460064182,62.5,1.0,Low
Barangay 241,241,21.35062040235474,73.56451340806532,52.21389300571059,45075.822742012126,303.0,64.69237981913486,222.90047562643792,158.20809580730307,35.09821589120946,-32.21476510067114,1.0,Low
Barangay 242,242,87.14001726094627,100.0,12.859982739053734,3065.6002594207457,454.0,395.61567836469607,454.0,58.384321635303934,190.44988483376426,1.3392857142857142,1.0,Low
Barangay 243,243,43.039376618392,100.0,56.960623381608,8455.116606843054,338.0,145.47309297016497,338.0,192.52690702983503,227.70461482933962,-22.477064220183486,1.0,Low
Barangay 244,244,81.17883179108385,100.0,18.82116820891615,2491.7112205093927,659.0,534.9685015032426,659.0,124.03149849675742,497.7763774383176,2.96875,1.0,Medium
Barangay 245,245,49.523951761023575,98.48583378071196,48.96188201968838,4919.2368293745385,318.0,157.486166600055,313.184951422664,155.69878482260904,316.510040526765,13.167259786476867,1.0,Low
Barangay 246,246,56.935764007158426,99.62328830994252,42.6875243027841,7932.13159775227,1258.0,716.2519112100531,1253.260966939077,537.0090557290239,677.0047232716059,0.3189792663476874,1.0,Medium
Barangay 247,247,44.802035231820746,100.0,55.197964768179254,7788.680475067062,876.0,392.46582863074974,876.0,483.53417136925026,620.816546419035,18.860244233378562,1.0,Medium
Barangay 248,248,67.18492876463455,97.66585214186192,30.48092337722737,2633.376978314538,173.0,116.22992676281775,168.96192420542113,52.73199744260337,200.2447726886176,-65.60636182902584,1.0,Low
Barangay 249,249,67.05216767446105,92.09006169922638,25.037894024765336,3695.565711176201,1750.0,1173.4129343030684,1611.5760797364617,438.1631454333933,1185.6456620654635,8.695652173913043,2.0,High
Barangay 250,250,93.50329535553875,100.0,6.496704644461246,2279.812756600564,1232.0,1151.9605987802374,1232.0,80.03940121976257,351.07883745290377,4.230118443316413,1.0,Medium
Barangay 251,251,31.449142935943613,89.91114630099585,58.46200336505224,5621.6659075410025,1339.0,421.10402391228496,1203.9102489703344,782.8062250580494,1392.4808729881643,13.378492802709568,2.0,Medium
Barangay 252,252,94.32099497050356,100.0,5.679005029496437,504.4056733752459,925.0,872.4692034771579,925.0,52.53079652284214,1041.439446375192,1.6483516483516485,1.97752809,Medium
Barangay 253,253,49.78683242079566,81.62469307085672,31.83786065006106,7560.40962904343,1339.0,666.645686114454,1092.9546402187716,426.30895410431765,563.8701803492836,0.7524454477050414,1.823036649,Medium
Barangay 254,254,25.03382458904128,75.20024422351294,50.16641963447166,24339.061582937946,3513.0,879.4382578130202,2641.7845795720095,1762.3463217589892,724.0814588325874,-5.386479935362241,1.009803922,High
Barangay 255,255,22.993492260335508,49.15379520416239,26.160302943826885,5895.160135757313,957.0,220.0477209314108,470.4018201038341,250.3540991724233,424.6773512629303,-11.878453038674033,2.0,Low
Barangay 256,256,23.10511585138259,35.27860009097606,12.173484239593474,2606.338726150623,1044.0,241.2174094884342,368.3085849497901,127.09117546135587,487.62340131077457,1.3592233009708738,2.0,Low
Barangay 257,257,69.33877181018907,99.50826175733869,30.169489947149614,3474.7478957084613,1341.0,929.8329299746355,1334.4057901659119,404.5728601912764,1164.3229158896675,2.522935779816514,1.081318681,High
Barangay 258,258,42.72337396915556,63.13852564351692,20.41515167436136,4486.478722305801,708.0,302.48148770162135,447.0207615560998,144.53927385447844,322.16640889404067,-40.05080440304826,1.761363636,Low
Barangay 259,259,87.49866217076315,100.0,12.501337829236846,8451.580249507278,2014.0,1762.22305611917,2014.0,251.77694388083,297.9051685576889,-3.6363636363636362,1.0,High
Barangay 260,260,99.98451513704848,99.99999999999996,0.01548486295148166,6.12741631771496,1935.0,1934.700367901888,1934.999999999999,0.299632098111033,489.0023503785012,17.62917933130699,1.0,High
Barangay 261,261,62.57601028849624,100.0,37.42398971150376,5782.359068043694,800.0,500.60808230796994,800.0,299.39191769203006,517.7677729261482,8.843537414965986,1.846774194,Medium
Barangay 262,262,86.95230425470237,100.0,13.04769574529763,5844.838987074836,3638.0,3163.3248287860724,3638.0,474.67517121392757,812.1270273888044,109.56221198156682,1.006700168,High
Barangay 263,263,99.99999999999996,99.99999999999996,0.0,0.0,1317.0,1316.9999999999993,1316.9999999999993,0.0,871.1303946332206,0.8422664624808576,1.0,Medium
Barangay 264,264,77.55205688089549,99.61342045492894,22.06136357403345,5706.810887386011,2758.0,2138.8857287750975,2747.3381361469405,608.452407371843,1066.1863856689722,12.893982808022923,1.238416988,High
Barangay 265,265,41.48385789896008,100.0,58.51614210103992,8659.918849312231,146.0,60.56643253248172,146.0,85.43356746751829,98.65400467846572,16.8,1.993254637,Low
Barangay 266,266,95.51625963367808,100.0,4.483740366321925,1219.752454934729,2072.0,1979.0968996098097,2072.0,92.90310039019027,761.6553671553104,24.444444444444443,1.0,High
Barangay 267,267,94.463889203334,100.0,5.536110796665994,719.9400021808469,1780.0,1681.4572278193452,1780.0,98.54277218065477,1368.7636731137015,-8.811475409836065,2.0,High
Barangay 268,268,96.1085678035223,99.99999999999996,3.891432196477652,1702.5603004351287,609.0,585.3011779234508,608.9999999999998,23.698822076548936,139.19519955030177,24.539877300613497,0.888127854,Medium
Barangay 269,269,93.0095004671696,100.0,6.990499532830398,2949.1239212632863,1095.0,1018.4540301155072,1095.0,76.54596988449282,259.55494556398196,21.128318584070797,1.651190476,Medium
Barangay 270,270,34.95674076142609,99.95181618534492,64.99507542391883,24091.255359076444,954.0,333.4873068640049,953.5403264081906,620.0530195441856,257.3767993001573,3.9215686274509802,1.882985878,Medium
Barangay 271,271,54.224830960783,100.0,45.775169039217,28111.14479411614,1315.0,713.0565271342964,1315.0,601.9434728657036,214.12983258927778,107.74091627172196,1.415547416,High
Barangay 272,272,16.054495358264383,79.71629302110493,63.66179766284055,12544.304784809465,1103.0,177.08108380165615,879.2707120227874,702.1896282211312,559.767671677946,3.6654135338345863,1.695488722,Medium
Barangay 273,273,26.190218480226356,67.18153822545541,40.991319745229056,8368.828074531033,454.0,118.90359190022767,305.0041835435676,186.10059164333992,222.37353902597482,-44.96969696969697,1.0,Low
Barangay 274,274,0.8259703846872027,50.50644269530116,49.68047231061396,6014.800679532507,2062.0,17.03150933225012,1041.4428483771098,1024.4113390448597,1703.1509332150986,6.0699588477366255,2.0,Low
Barangay 275,275,19.816408015511712,29.280518004210844,9.464109988699132,25522.03949575023,20995.0,4160.454862856684,6147.444754984066,1986.9898921273825,778.5388359963333,5.987177545560099,1.365465214,High
Barangay 276,276,15.83517030139682,96.56698534361956,80.73181504222275,16801.367137703142,3077.0,487.24819017398016,2971.3661390231737,2484.1179488491935,1478.521318229338,20.99882029099489,2.0,High
Barangay 281,281,35.498283343828675,76.74133725294553,41.24305390911685,38305.87813923796,3436.0,1219.7210156939532,2636.8323480112085,1417.1113323172553,369.9461808880089,50.17482517482518,0.910483871,High
Barangay 282,282,33.49139357502921,79.92327204744862,46.43187847241941,51683.94650696056,2503.0,838.289581182981,2000.4794993476391,1162.1899181646581,224.86477846813418,1.8307567127746134,0.671088129,High
Barangay 283,283,46.65998559147812,65.36089882614598,18.700913234667865,9418.639784283507,1364.0,636.4422034677616,891.5226599886313,255.0804565208697,270.82515348608183,1.412639405204461,0.772862823,Low
Barangay 284,284,18.959560273592448,32.79466851194611,13.835108238353659,7367.966500873563,1076.0,204.00486854385474,352.8706331885401,148.86576464468538,202.0445731220893,11.966701352757545,0.913227017,Low
Barangay 285,285,25.260119093677638,44.74359087275158,19.483471779073945,10697.916970242924,2091.0,528.1890902487994,935.5884851492356,407.39939490043616,380.82123466993494,1.2100677637947725,0.809285389,Low
Barangay 286,286,35.21232864322978,51.93911708766185,16.726788444432067,7689.1957343152335,4216.0,1484.5517755985677,2189.7531764158234,705.2014008172557,917.1328513203182,-10.488322717622081,0.950381679,Medium
Barangay 287,287,82.27946102804825,99.95649072388552,17.677029695837277,22582.52698029678,3117.0,2564.650800244264,3115.643815863512,550.9930156192481,243.9908589946504,22.427336999214454,0.883411581,High
Barangay 288,288,86.58382592661181,98.53632656091852,11.952500634306716,4445.759273644802,2800.0,2424.3471259451308,2759.017143705719,334.67001776058805,752.7848386766403,10.323089046493301,0.827260459,High
Barangay 289,289,96.20959554751887,100.0,3.790404452481127,1687.1415866610114,1352.0,1300.7537318024551,1352.0,51.24626819754485,303.74610289208266,32.94001966568339,1.0,Medium
Barangay 290,290,99.12901611759646,100.0,0.8709838824035359,501.24709480747697,1713.0,1698.0800460944274,1713.0,14.919953905572584,297.65666594642727,56.72461116193962,0.913628472,High
Barangay 291,291,91.89841902842193,100.0,8.101580971578073,8620.879592352605,2537.0,2331.462890751064,2537.0,205.53710924893585,238.4177937379649,11.320754716981133,0.749177245,High
Barangay 292,292,93.18596228982938,100.0,6.8140377101706235,3652.854917161603,3113.0,2900.8790060823885,3113.0,212.1209939176115,580.6992030289471,9.38158819395643,0.994869403,High
Barangay 293,293,88.08267221292249,100.0,11.917327787077511,15182.205958284176,3708.0,3266.105485655166,3708.0,441.8945143448341,291.06080865917494,4.011220196353436,0.965679545,High
Barangay 294,294,93.67672947175224,100.0,6.323270528247761,3205.4944175405763,1905.0,1784.54169643688,1905.0,120.4583035631199,375.7869703468127,1.2759170653907497,1.0,High
Barangay 295,295,98.86598285106297,100.0,1.1340171489370334,293.4722350040938,1417.0,1400.930976999562,1417.0,16.069023000437937,547.5483225939281,-7.4461136512083606,1.0,Medium
Barangay 296,296,99.73408457832966,99.99999999999996,0.26591542167030013,93.16286640886392,2273.0,2266.955742465433,2272.999999999999,6.044257534565986,648.7839809522283,90.2092050209205,0.982930299,High
Barangay 297,297,95.41780897596544,100.0,4.582191024034557,1500.0000000424916,2015.0,1922.6688508657037,2015.0,92.33114913429631,615.5409942112074,0.4987531172069825,0.879204893,High
Barangay 298,298,91.69747768220488,100.0,8.302522317795123,2865.7124245408813,1079.0,989.4157841909906,1079.0,89.58421580900938,312.60713755450047,5.784313725490196,0.978955007,Medium
Barangay 299,299,93.59492835772262,100.0,6.4050716422773775,2060.096559594258,1447.0,1354.3186133362462,1447.0,92.68138666375376,449.8885561073286,11.307692307692307,1.0,Medium
Barangay 300,300,83.68283788051977,91.47940101726525,7.796563136745476,1006.5277650879452,1341.0,1122.1868559777702,1226.738767641527,104.55191166375675,1038.7384758792168,36.69724770642202,1.0,Medium
Barangay 301,301,76.71648209147611,100.0,23.28351790852389,4116.054152556175,505.0,387.41823456195436,505.0,117.58176543804564,285.66622566183776,12.723214285714285,1.0,Medium
Barangay 302,302,85.54338840376442,100.0,14.456611596235575,1490.6389747168778,766.0,655.2623551728354,766.0,110.73764482716456,742.8870887278208,17.12538226299694,1.0,Medium
Barangay 303,303,74.91004060070152,99.99999999999996,25.089959399298436,16312.160888195918,738.0,552.8360996331772,737.9999999999997,185.16390036682242,113.51279676306649,15.132605304212168,1.041939207,Medium
Barangay 304,304,80.97264808000624,98.21001777528222,17.237369695275987,4814.955551278395,307.0,248.58602960561916,301.5047545701164,52.918724964497244,109.90490857272198,3.0201342281879198,1.887399464,Low
Barangay 305,305,84.78269680900912,100.0,15.217303190990876,5693.30687288403,899.0,762.1964443129921,899.0,136.80355568700793,240.2883925659676,39.37984496124031,1.05744823,Medium
Barangay 306,306,94.57406884093116,99.94134279695928,5.367273956028114,5436.915552524995,1273.0,1203.9278963450536,1272.2532938052916,68.32539746023804,125.66941090064749,2.003205128205128,1.136329958,Medium
Barangay 307,307,88.0940137053132,100.0,11.905986294686798,8630.63376686239,1399.0,1232.4352517373318,1399.0,166.56474826266822,192.99248787754067,1.5239477503628447,2.0,Medium
Barangay 308,308,82.21932949097047,99.50046310196484,17.281133610994374,6918.861721161651,965.0,793.4165295878649,960.1794689339607,166.76293934609578,241.02655330723513,-6.582768635043562,2.0,Medium
Barangay 309,309,85.81587923639891,99.17534181633542,13.359462579936505,8100.0000003000605,1162.0,997.1805167269554,1152.4174719058176,155.23695517886222,191.65056194211292,0.9556907037358819,2.0,Medium
Barangay 310,310,43.28062563503465,98.95978637105291,55.67916073601826,48173.99355030592,13761.0,5955.846893637118,13617.856202520592,7662.009308883474,1590.4866389958693,1.1689457432730481,2.0,High
Barangay 311,311,81.377865112724,100.0,18.622134887276005,8524.946018813964,1805.0,1468.870465284668,1805.0,336.12953471533206,394.28934092194527,-24.82299042065806,2.0,High
Barangay 312,312,68.67390712738101,99.72429092829763,31.05038380091662,11262.010212282894,2945.0,2022.446564901371,2936.880367838365,914.4338029369942,811.9632158916612,-11.508413461538462,2.0,High
Barangay 313,313,75.27229232627182,99.81604267126778,24.543750344995956,13342.08890573831,3587.0,2700.0171257433703,3580.4014506183753,880.384324875005,659.8549380797181,25.94803370786517,1.425541724,High
Barangay 314,314,86.69325012931372,96.40250334026967,9.70925321095595,5127.893879195195,1630.0,1413.0999771078136,1571.3608044463956,158.26082733858198,308.6273450015716,-21.027131782945737,1.50070922,Medium
Barangay 315,315,93.55506894942016,99.99999999999996,6.444931050579797,4387.223487067073,2150.0,2011.4339824125334,2149.999999999999,138.5660175874657,315.83988824808887,20.38073908174692,2.0,High
Barangay 316,316,99.99999999999996,99.99999999999996,0.0,0.0,856.0,855.9999999999997,855.9999999999997,0.0,442.4210270231632,3.2569360675512664,2.0,Medium
Barangay 317,317,88.14840060905922,100.0,11.851599390940777,2939.9101856573907,1573.0,1386.5743415805016,1573.0,186.4256584194984,634.1202507783825,2.0103761348897535,2.0,High
Barangay 318,318,93.12505423026876,100.0,6.874945769731241,872.213744226894,781.0,727.306673538399,781.0,53.69332646160103,615.5982615155095,5.540540540540541,2.0,Medium
Barangay 319,319,84.47904201866756,100.0,15.520957981332444,2647.0433844410363,1358.0,1147.2253906135054,1358.0,210.7746093864946,796.2642797069335,12.324234904880067,2.0,Medium
Barangay 320,320,67.32238975036104,100.0,32.67761024963896,7940.453205170734,1416.0,953.2850388651124,1416.0,462.71496113488763,582.7311731194045,8.923076923076923,2.0,High
Barangay 321,321,92.31080332872249,100.0,7.689196671277514,999.9999998926069,384.0,354.47348478229435,384.0,29.52651521770565,295.26515220876655,60.0,2.0,Low
Barangay 322,322,86.65642068118873,98.68392644596727,12.027505764778539,1827.786255747531,867.0,751.3111673059063,855.5896422865362,104.27847498062988,570.5178855171001,8.51063829787234,2.0,Medium
Barangay 323,323,85.04549418421841,99.5796069050968,14.534112720878383,3457.2672325022177,1076.0,915.0895174221902,1071.4765702988416,156.3870528766514,452.342970211954,1.509433962264151,2.0,Medium
Barangay 324,324,39.94497498378937,96.791505618687,56.846530634897626,7087.003916298247,643.0,256.84618914576566,622.3693811281574,365.5231919823918,515.7654719814457,6.2809917355371905,2.0,Medium
Barangay 325,325,38.85123038287628,98.98553749865889,60.134307115782605,5927.701323137673,526.0,204.35747181392924,520.6639272429458,316.3064554290165,533.6072757147416,0.7662835249042145,2.0,Medium
Barangay 326,326,64.54051813096841,100.0,35.45948186903159,4348.234384546882,841.0,542.7857574814443,841.0,298.2142425185557,685.8283527180002,1.9393939393939394,2.0,Medium
Barangay 327,327,19.38186857676009,90.53798884169905,71.15612026493895,21726.280184027637,1242.0,240.72280772336035,1124.4818214139023,883.7590136905419,406.7695924957503,0.24213075060532688,2.0,Medium
Barangay 328,328,96.9532109661704,100.0,3.0467890338295973,350.9935345014219,659.0,638.921660267063,659.0,20.078339732937025,572.0430081841233,-2.945508100147275,2.0,Medium
Barangay 329,329,95.33637474495976,100.0,4.663625255040245,760.047199961833,459.0,437.5939600793653,459.0,21.406039920634726,281.6409286385063,4.555808656036446,2.0,Low
Barangay 330,330,98.15913582917167,100.0,1.8408641708283255,502.5075680879236,2949.0,2894.7129156022725,2949.0,54.28708439772754,1080.3237173977761,31.417112299465238,1.329680365,High
Barangay 331,331,32.79856949109682,84.44181229642027,51.643242805323446,71465.2875403284,860.0,282.06769762343265,726.1995857492143,444.13188812578164,62.146519437867624,-6.926406926406926,2.0,Medium
Barangay 332,332,89.44665255414711,100.0,10.553347445852893,1317.0115195923227,640.0,572.4585763465415,640.0,67.54142365345854,512.8385184843772,9.965635738831615,2.0,Medium
Barangay 333,333,75.88149550687116,99.99999999999996,24.118504493128796,3987.3763986304148,1024.0,777.0265139903607,1023.9999999999995,246.9734860096388,619.3884432241454,16.76168757126568,2.0,Medium
Barangay 334,334,33.43955544182641,96.92947049292565,63.48991505109924,19278.26381360121,1467.0,490.5582783315934,1421.9553321312192,931.3970537996258,483.1332649066178,0.41067761806981523,2.0,High
Barangay 335,335,79.02621049879296,100.0,20.973789501207037,6039.398588084758,1078.0,851.9025491769881,1078.0,226.09745082301185,374.37080451865506,-20.14814814814815,2.0,Medium
Barangay 336,336,40.12476592806839,91.62855486732016,51.50378893925177,16824.925417212347,1986.0,796.8778513314383,1819.7430996649784,1022.8652483335402,607.9463789403319,-6.935332708528586,2.0,High
Barangay 337,337,39.32871917078693,95.19848598313796,55.869766812351024,16119.396406511774,1203.0,473.12449162456676,1145.2377863771496,672.1132947525829,416.95934376368365,-13.203463203463203,2.0,Medium
Barangay 338,338,28.93051928959341,96.1622735145302,67.2317542249368,19270.505580370434,1426.0,412.549205069602,1371.2740203172007,958.7248152475986,497.5089061618534,3.483309143686502,2.0,High
Barangay 339,339,35.64227927849414,99.99999999999996,64.35772072150581,17691.568235197083,1551.0,552.8117516094441,1550.9999999999993,998.1882483905553,564.2169394597121,22.608695652173914,2.0,High
Barangay 340,340,50.64708014772893,99.65062088212426,49.00354073439533,14025.892848094592,1785.0,904.0503806369613,1778.763582745918,874.7132021089567,623.6417257585038,-11.149825783972126,2.0,High
Barangay 341,341,33.87125023621335,98.19323701903352,64.32198678282018,21360.406688669857,1615.0,547.0206913148456,1585.8207778573912,1038.8000865425456,486.3203691217891,10.38961038961039,2.0,High
Barangay 342,342,57.63470412472789,99.47513941950734,41.840435294779454,23915.17110267916,1765.0,1017.2525278014472,1755.7362107543045,738.4836829528573,308.7929748786646,8.017135862913097,2.0,High
Barangay 343,343,33.40358245754915,85.22995002150603,51.82636756395688,21543.919885448406,3037.0,1014.4667992357676,2588.433582153138,1573.9667829173704,730.5851448048172,37.483023992756905,2.0,High
Barangay 344,344,40.33141571614396,77.88787277729283,37.55645706114887,13141.36549775369,644.0,259.7343172119671,501.59790068576586,241.86358347379877,184.0475280252585,20.149253731343283,2.0,Low
Barangay 345,345,46.51228855862493,90.48683402755483,43.974545468929904,12991.869566109614,1332.0,619.543683600884,1205.2846292470304,585.7409456461463,450.85192909733416,15.926892950391643,2.0,Medium
Barangay 346,346,62.42274975028457,90.28944744420149,27.86669769391692,8206.356971584286,1501.0,936.9654737517714,1355.2446061374644,418.27913238569306,509.7013618028627,-0.6618133686300464,2.0,Medium
Barangay 347,347,54.5323737929124,86.6892016406301,32.1568278477177,9530.835373797207,1283.0,699.6503557630662,1112.2224570492842,412.57210128621807,432.8813636006012,1.3428120063191153,2.0,Medium
Barangay 348,348,82.65014794596782,95.5932874424251,12.943139496457277,2937.141764705131,955.0,789.3089128839925,912.9158950751596,123.60698219116705,420.8410492013697,-23.53883106485188,2.0,Medium
Barangay 349,349,92.0477168498138,94.72600959533544,2.678292745521645,373.8375743234974,548.0,504.4214883369796,519.0985325824382,14.677044245458603,392.60484374847607,-30.456852791878177,2.0,Low
Barangay 350,350,6.250574241779017,14.53761485634764,8.287040614568623,12891.613037666446,8026.0,501.6710886451839,1166.7889683704616,665.1178797252777,515.9306890316597,18.44746162927981,2.0,Low
Barangay 351,351,42.87413394495492,80.62039457456055,37.74626062960563,19249.97733644803,3415.0,1464.1516742202105,2753.1864747212426,1289.0348005010321,669.6292561655982,0.4116436342252279,2.0,High
Barangay 352,352,30.58601766085434,77.65844571960953,47.07242805875519,16806.841886410344,1401.0,428.51010742856926,1087.9948245317296,659.4847171031604,392.3906237473476,4.396423248882265,2.0,Medium
Barangay 353,353,56.24184682738272,90.90067471240798,34.658827885025254,17010.068903060765,3010.0,1692.87958950422,2736.11030884348,1043.2307193392603,613.3018774259892,34.85663082437276,2.0,High
Barangay 354,354,54.26459250790256,92.83770244910836,38.5731099412058,16058.47472417113,2200.0,1193.8210351738564,2042.429453880384,848.6084187065276,528.4489550114038,21.54696132596685,2.0,High
Barangay 355,355,94.42226507084963,98.24212578125169,3.819860710402054,1732.5914159819513,1118.0,1055.6409234920989,1098.346966234394,42.70604274229504,246.4865192587298,15.257731958762887,2.0,Medium
Barangay 356,356,99.3613140540636,99.99999999999996,0.6386859459363592,132.7544191437737,443.0,440.17062125950173,442.99999999999983,2.8293787404981003,213.1287800998962,-12.277227722772277,2.0,Low
Barangay 357,357,77.46795920475611,99.515380656779,22.04742145202289,4549.430756135076,553.0,428.39781440230126,550.3200550319879,121.9222406296866,267.9944968175852,-24.86413043478261,2.0,Low
Barangay 358,358,51.13963168932512,87.650994936814,36.51136324748888,7389.876747670474,1167.0,596.799501814424,1022.8871109126194,426.08760909819534,576.5828357455512,13.411078717201166,2.0,Medium
Barangay 359,359,94.9668600120868,98.43892592984812,3.472065917761327,667.245581000403,459.0,435.8978874554784,451.8346700180029,15.936782562524513,238.84433282615655,11.951219512195122,2.0,Low
Barangay 360,360,78.87286931655572,94.59418136517417,15.721312048618444,4943.974684580233,796.0,627.8280397597836,752.9696836667864,125.14164390700284,253.1195078674389,7.422402159244265,2.0,Medium
Barangay 361,361,74.25968767588631,99.99999999999996,25.740312324113646,5290.083005657838,726.0,539.1253325269346,725.9999999999997,186.87466747306507,353.25469803252486,1.5384615384615385,2.0,Medium
Barangay 362,362,86.83825266513546,98.25813962129222,11.419886956156759,1966.8431115974508,290.0,251.8309327288928,284.94860490174744,33.11767217285464,168.37983658979675,15.079365079365079,2.0,Low
Barangay 363,363,68.34478907724191,100.0,31.655210922758087,7543.292163665756,616.0,421.0039007158102,616.0,194.99609928418982,258.5026471908906,10.196779964221825,2.0,Medium
Barangay 364,364,96.8309857834624,99.55405141640507,2.723065632942678,610.6232268890271,2057.0,1991.8133775658216,2047.8268376354524,56.01346006963081,917.3162369699859,3.6272040302267,2.0,High
Barangay 365,365,62.00457104902706,95.32136359680452,33.31679254777746,6408.942844559608,1387.0,860.0034004500053,1322.1073130876787,462.1039126376734,721.0298544477455,8.528951486697965,2.0,Medium
Barangay 366,366,83.25894376327057,99.85287984532864,16.59393608205808,3717.5864575463165,1256.0,1045.7323336666782,1254.1521708573277,208.41983719064956,560.6321186359456,5.2808046940486175,2.0,Medium
Barangay 367,367,84.88730570067787,97.109266926773,12.221961226095132,3805.181878544983,2063.0,1751.2251166049846,2003.3641766993271,252.13906009434254,662.6202587476711,20.784543325526933,2.0,High
Barangay 368,368,100.0,100.0,0.0,0.0,658.0,658.0,658.0,0.0,251.4014656164574,-50.78534031413613,2.0,Low
Barangay 369,369,99.55387467035123,100.0,0.4461253296487655,99.99999993829988,1785.0,1777.0366628657696,1785.0,7.9633371342304144,796.3337139143596,27.865329512893982,2.0,High
Barangay 370,370,87.76256198559592,97.0089963932778,9.246434407681875,1854.8491992080671,628.0,551.1488892695423,609.2164973497846,58.06760808024228,313.0583774952387,-18.65284974093264,2.02638191,Low
Barangay 371,371,100.0,100.0,0.0,0.0,858.0,858.0,858.0,0.0,344.9423130854193,1.9002375296912115,2.0,Medium
Barangay 372,372,28.658265479322736,37.1814948616582,8.523229382335465,46406.67719701922,4332.0,1241.476060564261,1610.7023574070333,369.2262968427724,79.56318339174008,4.738878143133462,8.761012356,Low
Barangay 373,373,6.01793288721104,16.872918098822012,10.854985211610973,2131.1169165211472,3977.0,239.33319092438305,671.0359527901514,431.70276186576837,2025.7112996432106,4.989440337909187,4.680306905,Low
Barangay 374,374,10.309848182533146,18.73228580606393,8.422437623530785,2238.471885568534,4221.0,435.1786917847241,790.6897838739585,355.5110920892344,1588.1865409220482,28.80683552029295,4.818181818,Low
Barangay 375,375,5.136047616919667,15.115298646728306,9.979251029808639,1733.792950882868,4466.0,229.37588657163235,675.0492375628861,445.67335099125376,2570.5108027132746,14.249168585315939,4.110791367,Low
Barangay 376,376,11.563720672998796,31.596717552182668,20.03299687918387,8703.780172462371,962.0,111.24299287424843,303.9604228519973,192.71742997774885,221.41808060304842,3.4408602150537635,3.946069994,Low
Barangay 377,377,74.26563007754093,88.67464314648798,14.409013068947047,2187.3849365276365,663.0,492.3811274140964,587.9128840612153,95.53175664711893,436.73957451115496,14.705882352941178,3.840197694,Low
Barangay 378,378,31.115488877466237,59.067239841524014,27.951750964057776,6881.00652795999,683.0,212.51878903309438,403.429248117609,190.91045908451463,277.44554275421365,13.455149501661129,3.837892604,Low
Barangay 379,379,94.74942379620327,100.0,5.250576203796726,496.866785486096,729.0,690.7232994743218,729.0,38.276700525678166,770.3614257135548,11.46788990825688,2.546666667,Medium
Barangay 380,380,93.1271438937214,100.0,6.872856106278604,1000.0000002747402,957.0,891.2267670629137,957.0,65.77323293708628,657.7323291901542,3.908794788273615,2.751286449,Medium
Barangay 381,381,98.32143135874152,100.0,1.6785686412584795,499.99999983089947,1473.0,1448.2746839142626,1473.0,24.725316085737404,494.5063218819894,-7.416719044626022,2.69488684,Medium
Barangay 382,382,82.02252891834189,95.18927419629784,13.166745277955954,4365.6818403219695,804.0,659.4611325034688,765.3217645382347,105.8606320347659,242.48361632087847,-10.267857142857142,3.03030303,Medium
Barangay 383,383,93.12460628058284,100.0,6.875393719417161,1409.2222602272886,2529.0,2355.12129283594,2529.0,173.87870716405996,1233.862904890637,11.557123952359948,1.728274174,High
Barangay 384,384,86.22921572590066,92.18281368808977,5.953597962189107,3458.123795096675,3830.0,3302.578962301995,3530.601764253838,228.02280195184312,659.3829933883777,9.085730561093705,1.068787618,High
Barangay 385,385,93.26180078667188,99.99999999999996,6.738199213328073,5010.286637783676,3549.0,3309.861309918985,3548.9999999999986,239.13869008101346,477.29542712709605,4.198473282442748,1.858201415,High
Barangay 386,386,97.42103481154945,99.45944272966668,2.0384079181172297,1508.3751747238275,1245.0,1212.8918834037906,1238.2700619843501,25.378178580559506,168.24845042418642,2.6380873866446826,1.063282572,Medium
Barangay 387,387,95.49657900930804,99.72403481031226,4.227455801004226,1531.8800921844522,2678.0,2557.398385869269,2670.6096522201624,113.21126635089331,739.0347777772485,0.9042954031650339,2.0,High
Barangay 388,388,92.77705829665908,99.9122679315991,7.135209634940026,1800.2913699339697,1553.0,1440.8277153471154,1551.637520977734,110.80980563061871,615.5103972679855,23.253968253968253,2.0,High
Barangay 389,389,98.34718585128232,99.99999999999996,1.6528141487176384,678.4709172925213,1788.0,1758.4476830209278,1787.9999999999993,29.55231697907152,435.5723469622221,52.29982964224872,1.883424408,High
Barangay 390,390,83.4451771926637,97.25330381857997,13.808126625916259,9048.917785536556,900.0,751.0065947339734,875.2797343672197,124.27313963324627,137.33480906620628,13.636363636363635,2.0,Medium
Barangay 391,391,98.0824319649374,100.0,1.917568035062601,1223.2254501831703,2633.0,2582.5104336368017,2633.0,50.489566363198264,412.7576511397593,2.931978107896794,2.0,High
Barangay 392,392,89.53944726530662,99.99999999999996,10.460552734693337,3100.0000001423177,1115.0,998.3648370081687,1114.9999999999995,116.63516299183084,376.24246124669787,60.431654676258994,2.0,Medium
Barangay 393,393,86.03375344366069,98.09346617045792,12.05971272679723,11245.817763140818,4130.0,3553.1940172231866,4051.260152839912,498.0661356167252,442.8901002194639,1.3994598575988215,2.0,High
Barangay 394,394,98.07621323498591,100.0,1.9237867650140856,512.433584475737,1487.0,1458.3932908042405,1487.0,28.60670919575955,558.2520362131614,3.768318213538032,2.0,Medium
Barangay 395,395,90.26308534936312,99.79296375387648,9.529878404513354,9269.724198100841,1228.0,1108.4306880901793,1225.457594897603,117.02690680742376,126.24637400905642,0.4909983633387889,2.0,Medium
Barangay 396,396,90.02035897676792,100.0,9.979641023232077,4499.99999997118,4237.0,3814.162609845657,4237.0,422.8373901543432,939.6386447934452,154.3217286914766,2.0,High
Barangay 397,397,89.07997777956754,99.75733283927588,10.677355059708333,4399.99999984516,8835.0,7870.216036824792,8813.560356350024,943.3443195252321,2143.964362632788,111.61676646706586,2.0,High
Barangay 398,398,90.07106968360404,100.0,9.928930316395963,2003.9350790596,2413.0,2173.414911465365,2413.0,239.5850885346349,1195.5731053276734,-21.349413298565842,2.0,High
Barangay 399,399,84.14222029245083,100.0,15.85777970754917,2488.4132533601496,1647.0,1385.8223682166652,1647.0,261.17763178333485,1049.5749909331255,54.21348314606742,2.0,High
Barangay 400,400,86.86510736702304,100.0,13.134892632976957,2811.5867465547963,1458.0,1266.493265411196,1458.0,191.50673458880397,681.134006708022,-3.0585106382978724,2.0,Medium
Barangay 401,401,72.9314097274613,99.45799990369312,26.52659017623182,9788.407924259925,2112.0,1540.3113734439828,2100.5529579659988,560.241584522016,572.3521014418437,-9.472781825975138,2.103588355,High
Barangay 402,402,85.90214298837047,100.0,14.097857011629529,4161.970567911034,2778.0,2386.3615322169317,2778.0,391.63846778306834,940.9928815994451,0.7251631617113851,2.0,High
Barangay 403,403,92.39259489647094,100.0,7.607405103529061,1738.0294321070614,755.0,697.5640914683555,755.0,57.435908531644486,330.46568412833653,19.841269841269842,2.0,Medium
Barangay 404,404,79.47177596003598,97.87639061622008,18.404614656184094,12999.999999362335,1268.0,1007.7021191732563,1241.0726330136706,233.37051384041433,179.5157798860474,75.38035961272476,2.0,Medium
Barangay 405,405,81.43841471005932,100.0,18.56158528994068,3015.875525778625,1153.0,938.9849216069839,1153.0,214.0150783930161,709.6283535699389,15.415415415415415,3.0,Medium
Barangay 406,406,94.84738318543762,99.99999999999996,5.152616814562336,493.8899611955949,651.0,617.4564645371989,650.9999999999997,33.54353546280072,679.1702220794187,44.98886414253897,3.0,Medium
Barangay 407,407,73.47915263278439,100.0,26.52084736721561,7687.39494562606,2637.0,1937.6452549265246,2637.0,699.3547450734754,909.7421818705845,67.85486950986632,3.0,High
Barangay 408,408,75.17274512737198,99.99999999999996,24.827254872627975,6113.11678037011,1774.0,1333.564498559579,1773.9999999999993,440.43550144042024,720.4761781333985,0.3393665158371041,3.0,High
Barangay 409,409,99.98875027565444,100.0,0.011249724345560708,3.3092083166266093,1673.0,1672.8117921116987,1673.0,0.18820788830134916,568.7399229469149,-12.90994273815721,2.967769296,High
Barangay 410,410,88.63568034972015,100.0,11.364319650279853,4982.638525356655,2565.0,2273.5052009703218,2565.0,291.49479902967823,585.0209633836785,5.816831683168317,2.497149373,High
Barangay 411,411,90.1707073837807,99.99999999999996,9.829292616219263,3100.0000001114713,2182.0,1967.5248351140947,2181.999999999999,214.4751648859044,691.8553705748147,14.66106148187073,3.0,High
Barangay 412,412,99.65012993140924,100.0,0.34987006859076075,121.14387077488209,2015.0,2007.9501181178962,2015.0,7.0498818821038185,581.9429276124696,6.613756613756613,2.185559567,High
Barangay 413,413,96.28922720503743,100.0,3.7107727949625655,638.4861916989212,1907.0,1836.235562800064,1907.0,70.76443719993608,1108.3158589795353,12.044653349001175,2.903930131,High
Barangay 414,414,93.59397504281552,100.0,6.406024957184485,1044.2208014660464,1603.0,1500.3114199363326,1603.0,102.68858006366736,983.3991040927012,-6.585081585081586,2.949541284,High
Barangay 415,415,50.87495373042273,83.48712704242035,32.61217331199762,7702.322680403755,795.0,404.45588215686075,663.7226599872417,259.266777830381,336.60856418026657,-10.06787330316742,2.830866808,Low
Barangay 416,416,80.44621021176567,100.0,19.553789788234326,5575.6870087847055,1099.0,884.1038502273049,1099.0,214.89614977269514,385.41645080528787,33.86114494518879,2.0,Medium
Barangay 417,417,91.1373166512416,100.0,8.862683348758395,2125.4036704371683,1818.0,1656.8764167195725,1818.0,161.1235832804275,758.0846195080063,-9.597215315763302,2.872916667,High
Barangay 418,418,95.49036489643478,99.99999999999996,4.509635103565174,1676.404626475247,2977.0,2842.7481629668637,2976.9999999999986,134.25183703313496,800.8319406479395,5.008818342151676,2.872727273,High
Barangay 419,419,98.25423995126609,100.0,1.7457600487339135,383.15783700679094,1567.0,1539.6439400363395,1567.0,27.356059963660528,713.9632110193764,-7.606132075471699,3.0,Medium
Barangay 420,420,96.45892579712412,99.21426594891116,2.7553401517870384,1052.0125028131733,2890.0,2787.6629555368872,2867.2922859235327,79.6293303866455,756.9238024615668,-7.78557753669432,2.932767624,High
Barangay 421,421,93.28020190435728,100.0,6.719798095642716,1994.07754226225,1264.0,1179.0617520710762,1264.0,84.93824792892383,425.95258272936866,-14.246947082767978,3.042929293,Medium
Barangay 422,422,84.18658681734279,100.0,15.813413182657214,4430.320407417039,2650.0,2230.944550659584,2650.0,419.0554493404161,945.8806831191088,15.01736111111111,2.366548043,High
Barangay 423,423,97.8716039482101,100.0,2.128396051789906,609.1902681832034,1369.0,1339.8622580509962,1369.0,29.13774194900384,478.3028139287524,4.743687834736036,2.278116827,Medium
Barangay 424,424,81.76256053294871,93.39904031880806,11.63647978585935,3858.20711211826,2079.0,1699.8436334800037,1941.7660482280196,241.92241474801585,627.0332507245676,9.421052631578947,2.716654107,High
Barangay 425,425,66.89038738850314,88.5703254930355,21.679938104532354,10562.642465655048,1792.0,1198.6757420019765,1587.180232835196,388.5044908332195,367.80994159033713,-14.13512218495448,3.038540596,Medium
Barangay 426,426,24.59981421067349,80.92976247304475,56.32994826237126,17629.773118401074,1529.0,376.13115928119765,1237.416068212854,861.2849089316564,488.53998468799944,-14.38969764837626,3.095923261,Medium
Barangay 427,427,58.03525534550101,100.0,41.96474465449899,8066.864497023771,395.0,229.23925861472895,395.0,165.76074138527105,205.48348301428337,-20.2020202020202,3.538261997,Low
Barangay 428,428,31.730772190231487,60.73086638768238,29.000094197450895,8280.150565746504,924.0,293.1923350377389,561.1532054221852,267.9608703844463,323.61835483155625,-29.141104294478527,3.735733099,Low
Barangay 429,429,99.27998605957,100.0,0.7200139404299932,165.23868392812437,3113.0,3090.585966034414,3113.0,22.414033965585986,1356.4640816998676,10.62544420753376,3.0,High
Barangay 430,430,92.80769312235378,100.0,7.192306877646217,900.0000000471482,463.0,429.69961915649804,463.0,33.300380843501955,370.00423157508396,-8.858267716535433,3.0,Low
Barangay 431,431,93.00784369380214,100.0,6.992156306197856,999.999999963331,656.0,610.1314546313421,656.0,45.86854536865792,458.68545370339973,-6.2857142857142865,3.0,Low
Barangay 432,432,92.60230297094316,100.0,7.397697029056843,4154.330709632297,3132.0,2900.30412904994,3132.0,231.69587095006,557.7212965083547,-8.847497089639116,3.0,High
Barangay 433,433,96.65716039588077,99.99999999999996,3.3428396041191917,412.9123905305041,523.0,505.5169488704564,522.9999999999998,17.483051129543355,423.40824665206844,12.71551724137931,3.0,Low
Barangay 434,434,80.06793646041137,100.0,19.932063539588626,4034.7613161911595,1582.0,1266.6747548037079,1582.0,315.32524519629214,781.5214345664469,34.86786018755328,3.0,High
Barangay 435,435,99.25234993690744,100.0,0.7476500630925642,191.78072383168183,471.0,467.478568202834,471.0,3.521431797165974,183.61760904899677,-20.43918918918919,3.0,Low
Barangay 436,436,99.09783920106985,100.0,0.9021607989301543,188.12928442887642,967.0,958.2761050743454,967.0,8.723894925654577,463.7180730335864,0.3112033195020747,3.0,Medium
Barangay 437,437,93.2578054848308,100.0,6.742194515169203,1200.0000002764864,983.0,916.7242279158868,983.0,66.27577208411321,552.298100573692,9.343715239154617,2.558368495,Medium
Barangay 438,438,97.63444679938922,100.0,2.3655532006107762,299.9999998576841,648.0,632.6712152600421,648.0,15.328784739957882,510.95949157432415,-8.98876404494382,3.0,Low
Barangay 439,439,84.89188056161204,100.0,15.10811943838796,2705.480163874656,821.0,696.9623394108348,821.0,124.03766058916517,458.46819446469124,-21.958174904942965,3.0,Medium
Barangay 440,440,88.77874296531563,100.0,11.22125703468437,1399.999999947031,918.0,814.9888604215975,918.0,103.01113957840255,735.7938541592848,-8.565737051792828,3.0,Medium
Barangay 441,441,94.52228848152036,100.0,5.477711518479637,700.0000000311429,666.0,629.5184412869256,666.0,36.48155871307438,521.1651244493077,-22.19626168224299,3.0,Low
Barangay 442,442,86.26571298086033,100.0,13.734287019139671,2233.7374331476058,688.0,593.508105308319,688.0,94.49189469168095,423.0214943326188,2.6865671641791042,3.0,Medium
Barangay 443,443,87.85199083231353,100.0,12.148009167686467,1954.1037202366133,1084.0,952.3155806222787,1084.0,131.68441937772127,673.8865394605365,-21.562952243125906,3.0,Medium
Barangay 444,444,82.19814126262095,99.94881793837008,17.750676675749133,2871.1426954063845,582.0,478.39318214845395,581.7021204013139,103.30893825285995,359.8181950975358,-38.150903294367694,2.610169492,Low
Barangay 445,445,100.0,100.0,0.0,0.0,941.0,941.0,941.0,0.0,736.1459130763241,1.0741138560687433,2.899803536,Medium
Barangay 446,446,89.25741277306388,99.9982961654658,10.740883392401926,1515.2777408109232,769.0,686.3895042248612,768.986897512432,82.59739328757087,545.0973842153035,-23.253493013972058,2.181172291,Medium
Barangay 447,447,97.2612036826864,100.0,2.7387963173136,356.9402218933228,1259.0,1224.5185543650218,1259.0,34.48144563497817,966.0285818190471,-13.411279229711143,3.0,Medium
Barangay 448,448,86.6973201952659,100.0,13.302679804734098,2440.866811552927,1167.0,1011.7577266787531,1167.0,155.2422733212469,636.012881106277,-15.127272727272729,3.0,Medium
Barangay 449,449,96.89211342730916,100.0,3.1078865726908447,515.0249444730562,1360.0,1317.7327426114045,1360.0,42.26725738859545,820.6836939100268,-2.9957203994293864,3.0,Medium
Barangay 450,450,90.62896986135672,100.0,9.371030138643277,3167.778338872289,1603.0,1452.7823868775483,1603.0,150.21761312245167,474.20493813947917,-12.643051771117166,2.959289415,High
Barangay 451,451,100.0,100.0,0.0,0.0,1030.0,1030.0,1030.0,0.0,526.8499228418096,0.2921129503407984,3.0,Medium
Barangay 452,452,99.53496916136572,100.0,0.4650308386342772,100.00000003346577,693.0,689.7773362882645,693.0,3.2226637117355494,322.2663710657078,-33.301251203079886,3.0,Low
Barangay 453,453,92.30867583805409,99.99999999999996,7.691324161945872,1539.2829220192507,1066.0,984.0104844336565,1065.9999999999995,81.98951556634302,532.6474710626203,-28.55227882037534,3.0,Medium
Barangay 454,454,97.52112180308228,100.0,2.4788781969177194,490.74589855320664,936.0,912.7977000768501,936.0,23.202299923149894,472.79661412461786,-18.820468343451864,2.968513854,Medium
Barangay 455,455,99.52920380692984,100.0,0.4707961930701572,88.07422631237932,1287.0,1280.940852995187,1287.0,6.059147004812985,687.9591520137308,1.0204081632653061,3.0,Medium
Barangay 456,456,93.56838726303796,100.0,6.4316127369620375,1584.6747998764076,1589.0,1486.8016736096733,1589.0,102.19832639032666,644.9167135004434,3.8562091503267975,2.970528455,Medium
Barangay 457,457,92.11614412058329,99.99999999999996,7.8838558794166715,1936.8250974185794,2895.0,2666.762372290886,2894.9999999999986,228.23762770911253,1178.4111431296033,18.404907975460123,2.50814664,High
Barangay 458,458,79.52708415999155,100.0,20.472915840008454,6979.942066543714,1649.0,1311.4016177982605,1649.0,337.59838220173947,483.6693184316203,12.790697674418606,2.534115921,High
Barangay 459,459,96.36146659574383,99.99999999999996,3.6385334042561226,746.3390118469179,1049.0,1010.8317845893529,1048.9999999999995,38.16821541064667,511.40587326655276,39.494680851063826,2.0,Medium
Barangay 460,460,87.32607602470225,99.99999999999996,12.673923975297711,4317.90000273304,861.0,751.8775145726863,860.9999999999997,109.12248542731334,252.72119631821886,9.125475285171103,2.584615385,Medium
Barangay 461,461,92.9956859643714,100.0,7.004314035628596,1551.2301186275326,733.0,681.6583781188424,733.0,51.34162188115761,330.97360130283244,-15.063731170336037,2.811512415,Medium
Barangay 462,462,89.01939466739802,100.0,10.980605332601982,2695.4649524148044,1594.0,1418.9691509983245,1594.0,175.0308490016755,649.3530878406316,4.319371727748691,2.0,High
Barangay 463,463,100.0,100.0,0.0,0.0,856.0,856.0,856.0,0.0,643.824390724361,3.132530120481928,2.0,Medium
Barangay 464,464,50.15217204625458,95.85626085310314,45.70408880684856,11014.403702540661,3138.0,1573.7751588114686,3007.9694655703765,1434.194306758908,1302.107990129403,6.2288422477995935,2.0,High
Barangay 465,465,100.0,100.0,0.0,0.0,1292.0,1292.0,1292.0,0.0,996.6750769635088,69.5538057742782,2.0,Medium
Barangay 466,466,87.43836719420517,98.40031319049568,10.96194599629051,2055.767278246378,1448.0,1266.1075569720908,1424.8365349983774,158.72897802628654,772.1155001634536,17.057396928051737,2.0,Medium
Barangay 467,467,97.93949127885844,100.0,2.0605087211415594,255.81152739507525,1417.0,1387.802591421424,1417.0,29.19740857857596,1141.3640689257625,22.155172413793103,2.0,Medium
Barangay 468,468,96.26506914790976,100.0,3.734930852090244,500.00000005995753,1364.0,1313.055543177489,1364.0,50.94445682251103,1018.8891363280443,4.923076923076923,2.0,Medium
Barangay 469,469,100.0,100.0,0.0,0.0,2424.0,2424.0,2424.0,0.0,1713.4724247050456,23.92638036809816,2.0,High
Barangay 470,470,91.594688478674,99.451524964866,7.856836486191995,21487.312955606612,1487.0,1362.0130176778823,1478.8441762275575,116.83115854967514,54.3721584876862,-34.203539823008846,1.909473299,High
Barangay 471,471,92.82229201766012,99.72176847105148,6.899476453391358,2479.7608244386283,1773.0,1645.7392374731137,1768.0669549917427,122.32771751862902,493.3045006319169,25.300353356890458,2.0,High
Barangay 472,472,87.81279280841655,100.0,12.187207191583454,2000.8177478363887,1126.0,988.7720470227704,1126.0,137.22795297722962,685.8593348925598,0.35650623885918004,2.00304414,Medium
Barangay 473,473,100.0,100.0,0.0,0.0,1395.0,1395.0,1395.0,0.0,798.9449252152176,0.8676789587852495,2.842180775,Medium
Barangay 474,474,98.04014386666935,100.0,1.9598561333306463,495.34623882474625,1614.0,1582.3679220080433,1614.0,31.63207799195675,638.5852059158942,-2.4773413897280965,2.0,High
Barangay 475,475,94.9875892213392,100.0,5.012410778660794,1300.0000001257322,1701.0,1615.73889265498,1701.0,85.26110734502004,655.854671821342,2.2235576923076925,2.274566474,High
Barangay 476,476,94.41380805687427,100.0,5.586191943125726,1863.5432221459923,1213.0,1145.239491729885,1213.0,67.760508270115,363.6111438943948,-4.337539432176656,2.134182909,Medium
Barangay 477,477,70.15290530428044,100.0,29.847094695719562,6811.209500911751,1082.0,759.0544353923143,1082.0,322.9455646076857,474.13835173394097,3.5406698564593304,2.0,Medium
Barangay 478,478,89.25362011311957,99.22439450662044,9.970774393500875,2571.094319683016,935.0,834.521348057668,927.7480886369011,93.22674057923314,362.59556821986536,-17.183348095659877,2.023300971,Medium
Barangay 479,479,69.52032984294728,98.41013556047842,28.889805717531146,14536.990700492373,3179.0,2210.051285707294,3128.458209467609,918.4069237603148,631.7723817001604,37.79800606848721,2.0,High
Barangay 480,480,77.18657398707022,100.0,22.81342601292978,3586.3365163730014,1073.0,828.2119388812634,1073.0,244.78806111873655,682.5574231564296,32.46913580246913,2.0,Medium
Barangay 481,481,70.4920625407,96.2685154533162,25.776452912616193,4835.479501714342,1943.0,1369.6607751658012,1870.4972552579336,500.83648009213243,1035.7534964517358,93.52589641434263,2.0,High
Barangay 482,482,92.49281718862214,100.0,7.507182811377859,1228.3744017202607,864.0,799.1379405096953,864.0,64.86205949030466,528.0316766571297,23.25249643366619,2.0,Medium
Barangay 483,483,64.98552692719267,100.0,35.014473072807334,8058.052098812779,1397.0,907.8478111728815,1397.0,489.1521888271185,607.0352770481429,2.0452885317750185,2.0,High
Barangay 484,484,53.32226248355207,98.1029292921574,44.780666808605325,7694.630666517933,2285.0,1218.4136977491648,2241.6519343257964,1023.2382365766316,1329.8081232528866,28.58750703432752,2.0,High
Barangay 485,485,73.50057154887193,100.0,26.499428451128068,5965.693421813783,1800.0,1323.0102878796947,1800.0,476.9897121203053,799.5545167912486,34.62976813762154,2.0,High
Barangay 486,486,91.17546595360989,100.0,8.824534046390113,1699.9999997470877,687.0,626.3754511013,687.0,60.62454889870003,356.61499357482023,-29.102167182662537,2.0,Medium
Barangay 487,487,97.97497831875016,100.0,2.0250216812498394,460.3991219303389,1464.0,1434.3536825865024,1464.0,29.646317413497627,643.9264542729412,0.4804392587508579,2.0,Medium
Barangay 488,488,85.0259509519133,100.0,14.974049048086698,3329.4656009105056,818.0,695.5122787866508,818.0,122.48772121334923,367.8900337034639,4.469987228607918,2.0,Medium
Barangay 489,489,71.66521408609158,100.0,28.33478591390842,6408.249573224526,1224.0,877.1822204137609,1224.0,346.8177795862391,541.2051694043589,7.180385288966725,2.0,Medium
Barangay 490,490,74.1889105975526,98.62683081886306,24.43792022131045,5339.018794798532,1048.0,777.4997830623513,1033.6091869816848,256.10940391933354,479.69376726833144,122.50530785562633,2.0,Medium
Barangay 491,491,95.26263553039637,100.0,4.737364469603634,1039.37349962183,926.0,882.1320050114704,926.0,43.86799498852963,422.0618959834036,13.899138991389915,2.0,Medium
Barangay 492,492,62.335091997647,84.84302896274959,22.507936965102587,6795.282971652105,1165.0,726.2038217725875,988.4212874160327,262.21746564344517,385.88159865797826,5.239385727190606,2.098006645,Medium
Barangay 493,493,84.47497285093687,91.88710643156064,7.412133580623774,1462.4822743288678,858.0,724.7952670610383,788.3913731827903,63.59610612175197,434.85044050148474,-26.666666666666668,2.872313527,Low
Barangay 494,494,78.3657394362114,84.60582966475776,6.240090228546364,2732.5513977185474,1663.0,1303.2222468241955,1406.9949473249214,103.77270050072593,379.7648621993621,-28.257118205349443,2.645714286,Medium
Barangay 495,495,82.20392782182974,97.84726218222202,15.643334360392288,5868.568157773829,1443.0,1186.202678469003,1411.9359932894638,225.7333148204607,384.6480244443299,-24.29171038824764,2.003989362,Medium
Barangay 496,496,23.289264118509656,28.90516303742397,5.615898918914315,1426.4166988606148,1085.0,252.68851568582977,313.6210189560501,60.93250327022031,427.17183077632023,-7.816482582837724,3.0,Low
Barangay 497,497,98.41364765191202,99.73560794225658,1.3219602903445633,500.0000001717053,1601.0,1575.6024989071113,1596.7670831555279,21.16458424841653,423.2916848229589,7.521826729348556,2.0,Medium
Barangay 498,498,35.206293204880566,65.29841247292838,30.09211926804781,6561.876207391034,1029.0,362.27275707822105,671.920664346433,309.64790726821195,471.88928513987685,-0.3872216844143272,2.807118255,Low
Barangay 499,499,22.454598353054127,97.66621449827058,75.21161614521645,16113.652280240947,1435.0,322.22348636632677,1401.5101780501827,1079.286691683856,669.7964390154492,-4.205607476635514,2.0,High
Barangay 500,500,92.568350261986,99.69806968445326,7.129719422467261,2857.285263797101,1404.0,1299.6596376782834,1399.7608983697237,100.1012606914403,350.33695081048313,-45.19906323185012,2.0,Medium
Barangay 501,501,31.16923732208005,87.0981388368676,55.928901514787555,10550.51011831647,941.0,293.3025232007733,819.5934864549241,526.2909632541508,498.8298739607582,11.36094674556213,2.0,Medium
Barangay 502,502,96.80271151702551,99.99999999999996,3.197288482974443,558.6765496330227,920.0,890.5849459566348,919.9999999999995,29.415054043364762,526.5131329153968,12.883435582822086,2.621428571,Medium
Barangay 503,503,96.79093399305933,100.0,3.209066006940674,841.3234503948115,1038.0,1004.6898948479558,1038.0,33.31010515204423,395.92507657325694,-12.256973795435334,2.984761905,Medium
Barangay 504,504,98.1798435547573,100.0,1.8201564452427021,400.00000004976755,1361.0,1336.2276707802469,1361.0,24.772329219753146,619.3082304167779,3.7347560975609753,2.961363636,Medium
Barangay 505,505,89.89408758824487,99.45819818573784,9.56411059749297,1765.2415226903322,788.0,708.3654101953696,783.7306017036142,75.3651915082446,426.93982970321014,-34.333333333333336,2.327001357,Medium
Barangay 506,506,88.87536002998654,100.0,11.124639970013462,1798.9202351043295,816.0,725.2229378446901,816.0,90.77706215530986,504.6197178945244,22.15568862275449,2.697063369,Medium
Barangay 507,507,97.82570154609522,100.0,2.1742984539047825,535.020494168617,1526.0,1492.820205593413,1526.0,33.17979440658701,620.1593166659138,-0.39164490861618795,2.011178862,Medium
Barangay 508,508,91.56285337116356,99.46974371957084,7.906890348407288,1491.1450632773776,1020.0,933.9411043858682,1014.5913859396227,80.65028155375444,540.8614060425049,1.3916500994035785,2.101986755,Medium
Barangay 509,509,85.40581323005762,100.0,14.594186769942382,3200.6527142600644,814.0,695.203319692669,814.0,118.79668030733103,371.16391846590807,-35.3968253968254,2.0,Medium
Barangay 510,510,46.60596544041095,96.52314566022145,49.9171802198105,9291.4977260753,1010.0,470.7202509481506,974.8837711682365,504.16352022008596,542.6073762093498,-10.934744268077601,2.0,Medium
Barangay 511,511,48.72742020317767,97.23177353831824,48.504353335140564,10513.089301237964,1129.0,550.132574093876,1097.7467232476129,547.6141491537369,520.8879459335067,-15.6203288490284,2.0,Medium
Barangay 512,512,23.374676341196658,27.655828347412047,4.28115200621539,2366.053489736125,2560.0,598.3917143346345,707.9892056937484,109.59749135911397,463.20800368438483,3.5179943388596846,3.006793478,Low
Barangay 513,513,81.0440160467316,95.1170432660184,14.0730272192868,4881.1391715537975,1929.0,1563.3390695414525,1834.807764601495,271.46869506004236,556.1584816964499,-5.115592720118052,3.0,High
Barangay 514,514,34.52922363632959,77.98517827472823,43.45595463839864,14817.856086873606,2196.0,758.2617510537979,1712.5545149130319,954.292763859234,644.0154083454717,-3.8107752956636007,2.980190756,Medium
Barangay 515,515,26.44488227831392,35.907015153638696,9.462132875324777,4061.6289361048657,2289.0,605.3233553506057,821.9115768667897,216.58822151618403,533.2545757463846,5.678670360110803,3.0,Low
Barangay 516,516,33.89983740235438,36.23499307391177,2.335155671557388,399.9999998211615,1192.0,404.0860618360642,431.92111744102823,27.835055604964055,695.8763904352254,9.659613615455381,3.0,Low
Barangay 517,517,99.12263841985076,99.9734533630954,0.850814943244643,204.40719853961855,1355.0,1343.1117505889779,1354.6402930699426,11.528542480964688,563.9988495185103,31.68124392614188,2.680208333,Medium
Barangay 518,518,23.1393727437528,56.4214461833628,33.282073439609995,11533.392422501427,2019.0,467.183935696369,1139.148998442095,671.9650627457261,582.6256821321149,5.817610062893082,2.858171346,Low
Barangay 519,519,92.55970620924629,99.6570385102986,7.097332301052319,1549.8753887099338,1385.0,1281.951930998061,1380.2499833676357,98.29805236957463,634.2319717160941,5.644546147978642,3.0,Medium
Barangay 520,520,54.64926060450611,79.32893776991591,24.6796771654098,9223.189410886556,695.0,379.81236120131746,551.3361175009155,171.52375629959806,185.97011148566537,10.142630744849445,3.0,Low
Barangay 521,521,71.81509219089361,100.0,28.18490780910639,12503.351138798611,1582.0,1136.1147584599369,1582.0,445.88524154006313,356.6125885695202,-29.500891265597147,2.632882883,High
Barangay 522,522,61.57031380656706,96.44798103270688,34.87766722613982,6971.116258196886,1082.0,666.1907953870556,1043.5671547738884,377.37635938683286,541.3427999326517,-0.8249312557286892,2.405742821,Medium
Barangay 523,523,16.938827030868232,27.40907622120259,10.470249190334357,2610.164614807971,1299.0,220.0353631309783,356.0439001134216,136.0085369824433,521.0726412075336,16.50224215246637,2.799798793,Low
Barangay 524,524,23.887030049404945,29.571167078897115,5.68413702949217,1416.9953485929773,796.0,190.14075919326336,235.38648994802102,45.24573075475766,319.30754606700003,-7.976878612716763,2.954,Low
Barangay 525,525,11.064078188367189,12.144578700579272,1.0805005122120832,285.4190237327239,1673.0,185.1020280913831,203.17880166069122,18.07677356930813,633.3415808413621,-6.221973094170403,3.095283019,Low
Barangay 526,526,81.47054483503896,86.11622643505784,4.645681600018875,590.8862372942513,805.0,655.8378859220636,693.2356228022156,37.397736880152024,632.9092559576467,1.89873417721519,3.0,Low
Barangay 527,527,25.536785863367427,29.30066481391414,3.7638789505467116,774.3780773032322,2424.0,619.0116893280265,710.2481150892787,91.23642576125224,1178.1896780831235,13.58950328022493,4.719467956,Low
Barangay 528,528,87.53829091289961,96.0237156684745,8.485424755574883,1923.7812263028463,1510.0,1321.828192784784,1449.9581065939649,128.12991380918083,666.0316259319306,5.373342637822749,3.099667774,Medium
Barangay 529,529,42.11228150375435,53.06022100658656,10.947939502832206,1668.304336389684,944.0,397.5399373954411,500.8884863021771,103.34854890673603,619.4825887127336,0.9625668449197862,4.0,Low
Barangay 530,530,36.75465368373101,44.42448886421072,7.669835180479716,1928.8939635783045,503.0,184.87590802916696,223.45517898697992,38.57927095781295,200.0072149442795,4.140786749482402,3.548514851,Low
Barangay 531,531,91.75034908944568,93.65999591144433,1.909646821998649,475.5891969788936,1310.0,1201.9295730717383,1226.9459464399206,25.016373368182258,526.0080238805806,37.029288702928866,4.011033099,Medium
Barangay 532,532,5.079355459153715,6.528420745044365,1.4490652858906508,199.19944533129024,1085.0,55.1110067318178,70.83336508373137,15.722358351913563,789.2772153941277,9.929078014184398,4.288073394,Low
Barangay 533,533,10.514260669133552,16.24589491065293,5.731634241519377,723.2610586833316,948.0,99.67519114338607,154.01108375298975,54.335892609603675,751.2625207351829,3.8335158817086525,5.0,Low
Barangay 534,534,9.825064302895568,12.390777510262271,2.565713207366704,448.26088994987003,1128.0,110.826725336662,139.76797031575842,28.941244979096425,645.6339517447747,2.9197080291970803,5.852646638,Low
Barangay 535,535,0.7753149679043639,2.30532330387952,1.5300083359751557,200.8005548443328,1037.0,8.040016217168253,23.906202661230623,15.86618644406237,790.1465439855166,0.1932367149758454,5.171755725,Low
Barangay 536,536,46.98618024724083,58.479030092830186,11.492849845589355,1797.5843696732936,1045.0,491.0055835836667,611.1058644700754,120.10028088640871,668.1204115511796,10.699152542372882,5.52388535,Low
Barangay 537,537,61.97042514609053,80.21104492300117,18.24061977691064,3052.0991970837513,1474.0,913.4440666533743,1182.3108021650373,268.866735511663,880.9239744519516,35.85253456221198,5.0,Medium
Barangay 538,538,58.25413663446511,85.47697950318938,27.22284286872427,3335.2976145936536,971.0,565.6476667206563,829.9814709759689,264.33380425531266,792.5343846339697,18.270401948842874,5.368635438,Low
Barangay 539,539,0.7380519468636575,1.291590907113834,0.5535389602501766,300.00000005180476,2015.0,14.871746729302698,26.02555677834376,11.153810049041061,371.79366823716623,9.15492957746479,5.367403315,Low
Barangay 540,540,13.735492080571266,22.40368731322072,8.668195232649452,1923.0691234310898,2024.0,278.0063597107624,453.45063121958736,175.44427150882495,912.3139120230993,3.7416709379805226,6.0,Low
Barangay 541,541,1.2123283053693483,4.870042509639115,3.6577142042697663,503.7199276368614,812.0,9.84410583959911,39.54474517826961,29.7006393386705,589.6260542640692,67.42268041237114,5.885245902,Low
Barangay 542,542,26.044555569961435,80.87069207572702,54.82613650576559,6667.298699545624,336.0,87.50970671507042,271.7255253744428,184.21581865937236,276.2975336202152,-58.104738154613464,3.0,Low
Barangay 543,543,45.42602843076991,100.0,54.57397156923009,6630.269695025394,830.0,377.03603597539023,830.0,452.96396402460977,683.1757754355947,0.9732360097323601,3.0,Medium
Barangay 544,544,19.90706100292447,96.37357586437749,76.46651486145302,10363.332867365,45.0,8.95817745131601,43.368109138969864,34.40993168765385,33.20353802010317,-72.5609756097561,2.92804428,Low
Barangay 545,545,16.83050274226384,30.23780810973069,13.40730536746685,1451.080364067852,934.0,157.19689561274427,282.42112774488464,125.22423213214037,862.9724116801913,5.775764439411098,3.271461717,Low
Barangay 546,546,0.0,0.0,0.0,0.0,768.0,0.0,0.0,0.0,481.702800007737,-13.901345291479823,3.0,Low
Barangay 547,547,0.0,0.0,0.0,0.0,1170.0,0.0,0.0,0.0,418.996790003771,10.48158640226629,3.68161435,Low
Barangay 548,548,5.832625849011227,49.95280242817416,44.12017657916293,6409.531250256465,771.0,44.96954529587656,385.13610672122275,340.1665614253462,530.7198734879951,2.9372496662216285,3.0,Low
Barangay 549,549,0.0,0.0,0.0,0.0,770.0,0.0,0.0,0.0,552.5422343435438,-11.18800461361015,4.467741935,Low
Barangay 550,550,8.34465878782908,39.542708320026215,31.198049532197135,3783.668407964092,657.0,54.82440823603705,259.79559366257223,204.9711854265352,541.7260798940508,-33.770161290322584,2.989669421,Low
Barangay 551,551,3.0661854474972947,18.329427566367592,15.263242118870297,1876.7959314838108,591.0,18.121155994709014,108.32691691723247,90.20576092252345,480.6370229671481,-38.373305526590194,2.981632653,Low
Barangay 552,552,0.0,0.8481976203126135,0.8481976203126135,143.24287894093513,942.0,0.0,7.990021583344818,7.990021583344818,557.7953782009248,0.5336179295624333,3.704309064,Low
Barangay 553,553,1.9613439300582431,4.907952146576043,2.9466082165177996,310.22652757801916,1454.0,28.517940743046854,71.36162421121566,42.843683468168805,1381.0451286244054,1.6783216783216783,3.428235294,Low
Barangay 554,554,0.0,3.3444130990345995,3.3444130990345995,929.2132944611916,1581.0,0.0,52.87517109573702,52.87517109573702,569.0315819942817,1.9342359767891684,3.456756757,Low
Barangay 555,555,20.01574329214388,27.15929331724694,7.14355002510306,1237.8912236344772,1151.0,230.38120529257608,312.6034660815123,82.22226078893621,664.2123251147202,1.1423550087873462,5.879136691,Low
Barangay 556,556,14.662562411898833,18.940114099649254,4.277551687750421,585.7566466431529,909.0,133.2826923241604,172.16563716581172,38.88294484165132,663.8071469522587,10.583941605839415,5.018382353,Low
Barangay 557,557,18.41788516991187,25.099815509739777,6.6819303398279075,818.8346673208862,1352.0,249.00980749720847,339.34950569168177,90.3396981944733,1103.2715369764726,7.131537242472266,4.157894737,Low
Barangay 558,558,29.89013336720901,45.58757185388429,15.697438486675281,2219.0750228140014,1198.0,358.0837977391639,546.1391108095338,188.0553130703699,847.4490999042362,-4.920634920634921,3.276595745,Low
Barangay 559,559,60.83696252587426,72.53095551902251,11.69399299314825,1653.1183358301678,1535.0,933.8473747721699,1113.3501672169955,179.50279244482556,1085.8435754672237,19.45525291828794,2.773049645,Low
Barangay 560,560,13.19861403526897,19.69909309390422,6.500479058635252,986.8437097187548,1133.0,149.5402970195974,223.19072475393483,73.65042773433743,746.323120966413,2.7198549410698094,4.238879736,Low
Barangay 561,561,44.505609001993854,52.54569757825425,8.040088576260395,1735.2384381634638,2387.0,1062.3488868775933,1254.2658011929288,191.9169143153356,1105.9973666700005,2.358490566037736,2.929234339,Low
Barangay 562,562,36.13034175563413,43.45687289314936,7.326531137515232,1587.091964984571,2261.0,816.9070270948876,982.5598961141071,165.65286901921957,1043.7509147167132,-12.466124661246612,3.325635104,Low
Barangay 563,563,30.22524788832613,40.61228935629594,10.387041467969809,1400.3951964256394,1549.0,468.18908979017175,629.084362129024,160.8952723388523,1148.9276223563215,1.507208387942333,3.580406654,Low
Barangay 564,564,27.688892513892743,35.641122849760734,7.952230335867991,1280.4396596764573,1451.0,401.7658303765837,517.1526925500282,115.38686217344446,901.1503298999702,1.4685314685314685,3.414596273,Low
Barangay 565,565,61.79466833962605,75.246084804453,13.451416464826956,4346.056171271259,2658.0,1642.5022844672603,2000.040934102361,357.5386496351007,822.6737887065029,7.873376623376624,3.052631579,Medium
Barangay 566,566,89.79464023852707,97.1795314422959,7.384891203768831,2101.0950922923403,2177.0,1954.8293179927343,2115.598399498782,160.76908150604754,765.1680406841785,0.787037037037037,3.120492524,High
Barangay 567,567,65.95817341943075,73.88241654412344,7.924243124692694,2792.48337158902,2437.0,1607.4006862315275,1800.5144911802884,193.11380494876084,691.5486298450971,5.133735979292493,2.839007092,Medium
Barangay 568,568,64.00885776080793,74.7055582538353,10.696700493027379,2242.7405497711807,1881.0,1204.006614480797,1405.211550754642,201.20493627384508,897.1387095773222,1.8408229561451002,3.543400713,Medium
Barangay 569,569,24.955015263558018,37.310077646085794,12.355062382527777,2555.3631052777446,2107.0,525.8021716031674,786.1233360030277,260.3211643998603,1018.7247513365256,1.006711409395973,5.327690447,Low
Barangay 570,570,5.46314981645692,8.133805647786367,2.670655831329447,1032.5895652889762,1897.0,103.63595201818778,154.29829313850738,50.662341120319596,490.63386676914024,-5.244755244755245,4.007101356,Low
Barangay 571,571,37.82871310989581,40.55134285794775,2.7226297480519435,599.9999998897347,2452.0,927.5600454546452,994.3189268768789,66.75888142223369,1112.6480239083671,16.92894611349547,3.323094425,Low
Barangay 572,572,92.74872425952849,97.35911229686116,4.610388037332669,707.9756441723803,1617.0,1499.7468712765758,1574.296845840245,74.54997456366914,1053.001966625818,-12.877155172413794,2.842276423,Medium
Barangay 573,573,0.0,0.0,0.0,0.0,716.0,0.0,0.0,0.0,455.6478532032057,-24.39281942977825,3.0,Low
Barangay 574,574,77.67422581609769,80.5469660799428,2.8727402638451167,499.9907011963478,1043.0,810.1421752618988,840.1048562138035,29.962680951904645,599.264763928845,-29.479377958079784,2.378417266,Low
Barangay 575,575,92.12519857772068,95.73005814187836,3.604859564157678,536.8247932804625,1078.0,993.1096406678289,1031.9700267694486,38.860386101619724,723.8932811606822,7.0506454816285995,2.098993289,Medium
Barangay 576,576,46.32494387402637,55.98905756040675,9.664113686380382,3549.0093038945306,2112.0,978.3828146194369,1182.4888956757907,204.1060810563538,575.107201979934,-41.38218151540383,3.230455472,Low
Barangay 577,577,5.337994333334003,7.538300707153287,2.2003063738192834,263.1845058710113,801.0,42.757334610005366,60.38178866429782,17.624454054292457,669.6615363417453,-18.68020304568528,3.014613779,Low
Barangay 578,578,2.2288070897494063,4.689553894921741,2.460746805172335,622.5287146108475,1186.0,26.43365208442796,55.61810919377185,29.184457109343892,468.80499524568205,7.818181818181818,4.168150346,Low
Barangay 579,579,20.8944480048023,33.055258126755604,12.160810121953304,3650.046681347537,1468.0,306.73049671049773,485.2511893007723,178.52069259027456,489.09153272628186,-13.799177921315325,2.865,Low
Barangay 580,580,6.161597889496055,7.061970445010211,0.9003725555141564,204.5770594473397,1889.0,116.39258413258048,133.4006217062429,17.00803757366242,831.3756009402631,-5.926294820717132,4.094401756,Low
Barangay 581,581,6.057744144231516,8.912026536270758,2.8542823920392424,5155.726303775473,2212.0,133.99730047040114,197.1340269823092,63.13672651190805,122.45942238181617,-10.11783827712312,6.801134791,Low
Barangay 582,582,16.56649618422998,42.4700952504991,25.90359906626912,3463.372451305758,1269.0,210.22883657787844,538.9455087288336,328.71667215095516,949.1230780767534,-18.809980806142036,2.945794393,Low
Barangay 583,583,80.39426628389076,92.16303057325828,11.768764289367525,1284.7839949143909,1228.0,987.2415899661785,1131.7620154396118,144.5204254734333,1124.8616580335213,-3.912363067292645,3.082191781,Medium
Barangay 584,584,37.762635741337554,48.23051962041413,10.467883879076574,10503.191416565576,3486.0,1316.405481943027,1681.3159139676366,364.91043202460946,347.42814593388704,2.198768689533861,5.173230309,Low
Barangay 585,585,16.932510527375896,22.26199975016917,5.329489222793274,3634.0992315453095,1138.0,192.6919698015377,253.34155715692515,60.64958735538744,166.89028970075142,4.4036697247706424,7.743297833,Low
Barangay 586,586,7.438425801907952,14.10019700398851,6.661771202080558,7344.572029985458,6859.0,510.20162575286645,967.1325125035719,456.93088675070544,622.1341214780218,34.35847208619001,6.067074552,Low
Barangay 587,587,2.4109006944612195,4.299139262315603,1.8882385678543838,1385.1426962304677,2685.0,64.73268364628375,115.43188919317394,50.6992055468902,366.02153471164536,-8.047945205479452,7.28804903,Low
Barangay 587-A,587,3.934253690057215,29.769999991589923,25.83574630153271,5669.843188372635,1227.0,48.27329277700203,365.2778998968084,317.00460711980634,559.106480704616,-3.915426781519186,4.076222981,Low
Barangay 588,588,50.76709443702091,94.0881844788304,43.32109004180949,8437.689897982027,1037.0,526.4547693119068,975.6944730454712,449.2397037335644,532.4202585840529,4.853387259858443,3.472329472,Medium
Barangay 589,589,2.436228826356354,10.195840887258964,7.75961206090261,2548.2908548050705,559.0,13.618519139332017,56.99475055977761,43.37623142044559,170.21695674438084,-15.303030303030301,5.640030441,Low
Barangay 590,590,11.647960752401916,17.144485500858778,5.496524748456862,1990.1261177824763,2854.0,332.43279987355066,489.3036161945095,156.87081632095885,788.2456037296482,-11.06263633530695,5.210635359,Low
Barangay 591,591,3.549041121044737,4.21670219701998,0.6676610759752428,445.28511506825953,2085.0,73.99750737378277,87.91824080786657,13.9207334340838,312.6251689762822,-16.533226581265012,5.554429429,Low
Barangay 592,592,27.390587884378025,41.08513005438702,13.694542170008997,4422.180221443616,2119.0,580.4065572699703,870.5939058524609,290.1873485824906,656.2087794960091,-10.628426824124842,3.429675425,Low
Barangay 593,593,14.300499675674704,20.903361649713364,6.60286197403866,2895.216002199808,1628.0,232.8121347199842,340.30672765733357,107.49459293734938,371.2834995926873,-8.28169014084507,3.253142857,Low
Barangay 594,594,67.35755362543081,94.40115117333453,27.043597547903715,8211.351521192992,686.0,462.07281787045537,647.5918970490749,185.5190791786195,225.9300173665761,7.861635220125786,2.49299258,Low
Barangay 595,595,55.92385077077231,95.06823094302726,39.14438017225495,19058.25417954798,4229.0,2365.019649095961,4020.4354865806226,1655.4158374846616,868.6083320586318,0.7384468794664126,2.154358974,High
Barangay 596,596,85.29969455259018,95.91535072666989,10.615656174079703,2363.478923910341,2467.0,2104.3434646123997,2366.2317024269464,261.88823781454676,1108.062505508854,3.873684210526316,2.225225225,High
Barangay 597,597,98.41693127548342,100.0,1.583068724516579,481.8085970843931,1544.0,1519.557418893464,1544.0,24.442581106535954,507.3089449720818,-7.655502392344498,2.161316872,Medium
Barangay 598,598,99.99027516789592,100.0,0.009724832104083703,7.470509730890626,10510.0,10508.97792014586,10510.0,1.0220798541395197,1368.152764613091,-12.613286771430948,2.567198178,High
Barangay 599,599,56.53937336046472,68.93530842882578,12.395935068361055,4458.691108679272,4577.0,2587.80711870847,3155.169066787356,567.3619480788857,1272.4854318220462,7.139513108614231,4.251214434,High
Barangay 600,600,22.524339300594168,31.80690388705687,9.282564586462701,5912.053212905528,6276.0,1413.62753450529,1996.2012879516892,582.5737534463992,985.4000504844719,6.517311608961303,5.564978406,Low
Barangay 601,601,56.83468545149625,65.06071331624867,8.226027864752417,9568.600564581342,7765.0,4413.213325308684,5051.964389006709,638.7510636980251,667.5490939212098,0.07732955277741978,3.909617862,High
Barangay 602,602,61.31008859381887,84.21837330456582,22.908284710746948,30996.596016104406,2027.0,1242.7554957967084,1707.1064268835491,464.3509310868408,149.80707263648733,1.35,1.976155268,High
Barangay 603,603,3.5710429121113205,4.839047339932912,1.2680044278215914,603.6352910304001,739.0,26.39000712050266,35.76055984210422,9.370552721601562,155.2353359858418,3.7921348314606744,4.913340336,Low
Barangay 604,604,76.73453531702785,92.1521599907478,15.417624673719956,3083.875814360228,1581.0,1213.1730033622102,1456.9256494537228,243.7526460915126,790.4100578773804,7.0412999322951935,1.642857143,Medium
Barangay 605,605,4.027449058645663,13.89156100029977,9.864111941654107,3793.8327502649763,2242.0,90.29540789483576,311.4487976267209,221.1533897318851,582.9286747457143,28.041119360365506,3.585556278,Low
Barangay 606,606,50.6649535885332,73.81422092487001,23.149267336336813,7113.301531598085,443.0,224.44574439720208,326.99699869717415,102.55125429997207,144.16829350538265,-16.729323308270676,1.550689376,Low
Barangay 607,607,28.344327182651277,75.56874764474655,47.224420462095274,22197.146988968514,1443.0,409.0086412456579,1090.4570285136926,681.4483872680348,306.99818657176957,-19.023569023569024,1.732304417,Medium
Barangay 608,608,99.37955303126368,100.0,0.6204469687363172,160.08638590437477,821.0,815.9061303866748,821.0,5.093869613325182,318.19505353615176,8.597883597883598,2.037754114,Medium
Barangay 609,609,93.52416534427856,100.0,6.475834655721442,1857.0024798678896,859.0,803.3725803073528,859.0,55.62741969264721,299.55490256859764,-17.877629063097515,1.571801567,Medium
Barangay 610,610,84.59280334844607,100.0,15.407196651553932,4503.842949461381,991.0,838.3146811831006,991.0,152.68531881689944,339.01119672736235,2.37603305785124,2.0,Medium
Barangay 611,611,61.72466115718657,97.10233758758132,35.37767643039475,11240.711156577083,774.0,477.748877356624,751.5720929278795,273.82321557125545,243.59954789073828,-4.207920792079208,2.460267506,Medium
Barangay 612,612,85.20716359375714,99.49924937498116,14.292085781224017,3132.1623510509307,718.0,611.7874346031763,714.4046105123647,102.6171759091884,327.62406417010067,2.1337126600284493,2.127002288,Medium
Barangay 613,613,89.40402547966941,100.0,10.595974520330586,2768.196293236848,579.0,517.6493075272859,579.0,61.35069247271406,221.62695840104877,1.936619718309859,2.018199234,Low
Barangay 614,614,98.29129453511835,100.0,1.7087054648816462,282.69375083019077,406.0,399.06265581258054,406.0,6.9373441874194555,245.40139875913331,0.49504950495049505,2.0,Low
Barangay 615,615,9.469136343441887,54.96424969350336,45.49511335006147,9257.025655329062,1875.0,177.54630643953539,1030.579681753188,853.0333753136526,921.4983376680829,2.5711159737417946,2.774630542,Low
Barangay 616,616,88.83765645405569,99.99999999999996,11.162343545944267,3505.199540762598,1117.0,992.3166225918021,1116.9999999999995,124.68337740819743,355.7097847304615,22.747252747252748,2.007171315,Medium
Barangay 617,617,89.6974727628051,100.0,10.302527237194894,3221.0900381154643,1300.0,1166.0671459164664,1300.0,133.93285408353358,415.7997836095653,41.15092290988056,1.67571885,Medium
Barangay 618,618,98.80429957783484,99.03303575589774,0.2287361780629027,91.8946847395564,749.0,740.044203837983,741.7574378116741,1.7132339736911035,186.4345014672546,1.2162162162162162,2.064174455,Medium
Barangay 619,619,78.72222865708252,99.96572831507254,21.243499657990014,42706.160353504965,1288.0,1013.9423051032229,1287.5585806981344,273.6162755949115,64.06950972178774,0.3897116134060795,1.794897324,High
Barangay 620,620,96.43544946428436,100.0,3.5645505357156395,800.0000003437162,736.0,709.7649080571329,736.0,26.235091942867143,327.9386491449438,1.5172413793103448,1.847098214,Medium
Barangay 621,621,30.49839082801709,61.75894771770463,31.26055688968754,24799.876014972713,2070.0,631.3166901399538,1278.4102177564857,647.0935276165319,260.926113995834,15.836597649692221,3.218966604,Medium
Barangay 622,622,96.78468572820869,100.0,3.215314271791314,797.8346966584977,1229.0,1189.4837875996848,1229.0,39.516212400315226,495.2932301116734,2.6733500417710943,1.744466801,Medium
Barangay 623,623,100.0,100.0,0.0,0.0,980.0,980.0,980.0,0.0,387.4112220374605,2.7253668763102725,1.95270936,Medium
Barangay 624,624,99.58714704542106,100.0,0.41285295457893767,100.00000003083915,1510.0,1503.7659203858582,1510.0,6.2340796141418195,623.4079612219123,5.668299510146956,1.607621009,Medium
Barangay 625,625,99.4781400312693,100.0,0.5218599687306948,167.3586536327748,794.0,789.8564318482782,794.0,4.143568151721752,247.5861308500867,-22.687439143135347,2.113192818,Medium
Barangay 626,626,84.03677173759228,100.0,15.963228262407725,5241.0577210059855,1502.0,1262.232311498636,1502.0,239.7676885013641,457.47958000993424,16.88715953307393,2.37395278,High
Barangay 627,627,64.57977480189267,96.5951302446445,32.015355442751826,12896.735920436866,1618.0,1044.9007562946233,1562.9092073583479,518.0084510637246,401.6585702455616,0.809968847352025,2.173374613,High
Barangay 628,628,49.36508606616621,85.6499466631475,36.2848605969813,66751.22050961552,16279.0,8036.142360711197,13942.954817293781,5906.812456582584,884.8995436318215,7.084594132351006,1.408893119,High
Barangay 629,629,52.272109526183776,80.71392399785738,28.441814471673602,11201.227800370489,1640.0,857.2625962294139,1323.708353564861,466.44575733544707,416.42377572217526,0.4286589099816289,2.449873096,Medium
Barangay 630,630,54.69110236450481,76.56510989992373,21.87400753541892,55817.03869754204,6552.0,3583.361026922355,5016.546000643002,1433.1849737206471,256.76478135766075,40.60085836909872,2.352722288,High
Barangay 631,631,64.91898145182977,95.00460949160968,30.08562803977992,14716.817155595952,1045.0,678.403356171621,992.7981691873212,314.39481301570015,213.6296250009153,-16.666666666666664,2.192130812,Medium
Barangay 632,632,64.75342217555207,88.97733196227134,24.22390978671926,3554.5508922303707,576.0,372.97971173118,512.5094321026829,139.52972037150295,392.53825476656056,126.77165354330708,2.045918367,Low
Barangay 633,633,87.94910731953593,94.00967258732332,6.060565267787396,941.8526281699833,548.0,481.9611081110569,515.1730057785318,33.21189766747489,352.6230821482718,22.595078299776286,2.309061489,Low
Barangay 634,634,89.45323431044952,97.91922784751868,8.465993537069167,5017.2985300739165,960.0,858.7510493803153,940.0245873361794,81.27353795586407,161.98664972535863,-27.217589082638362,3.406078514,Medium
Barangay 635,635,95.43416119980176,99.67887728177264,4.2447160819708785,2257.577019837241,723.0,689.9889854745667,720.6782827472161,30.68929727264947,135.93909312056115,9.545454545454547,2.556288271,Medium
Barangay 636,636,85.11875268298587,97.26463526266367,12.145882579677803,10342.422980667761,2025.0,1723.654741830464,1969.6088640689395,245.95412223847552,237.81092950676774,-5.152224824355972,1.36971831,High
Barangay 637,637,94.2215087085212,99.7189555222582,5.497446813737,1717.8983809642705,1320.0,1243.7239149524798,1316.2902128938083,72.56629794132846,422.4132157374554,1.9305019305019304,1.975239617,Medium
Barangay 638,638,98.551134725865,99.7510682635369,1.199933537671896,1504.7935452774545,828.0,816.0033955301622,825.9388452220854,9.935449691923282,66.02533432645289,51.92660550458715,1.8095806,Medium
Barangay 639,639,97.98711480989164,100.0,2.0128851901083635,609.5855980166561,475.0,465.4387953469853,475.0,9.561204653014727,156.8476139220312,-3.061224489795918,0.8059455,Low
Barangay 640,640,99.1778909217378,100.0,0.8221090782622014,867.7810112004809,2179.0,2161.0862431846667,2179.0,17.913756815333272,206.43176774001964,1.5850815850815851,1.115293561,High
Barangay 641,641,93.38234084507847,99.77277031841906,6.390429473340589,5624.6432526498975,805.0,751.7278438028817,803.1708010632735,51.442957260391836,91.45994679067992,5.5045871559633035,1.710211067,Medium
Barangay 642,642,99.20882153169823,99.82154041154853,0.6127188798502914,343.3376065462362,1355.0,1344.279531754511,1352.5818725764825,8.302340821971484,241.81274243411858,5.942142298670837,1.0,Medium
Barangay 643,643,96.6987002812878,99.69679735750688,2.998097076219082,3955.2387177170895,659.0,637.2444348536866,657.0018945859704,19.75745973228379,49.95263533344312,0.30441400304414,0.840439644,Medium
Barangay 644,644,90.662405034446,100.0,9.337594965554004,2335.1756839209374,735.0,666.368677003178,735.0,68.63132299682195,293.9021824755589,0.823045267489712,0.885885886,Medium
Barangay 645,645,98.37427735565367,100.0,1.6257226443463253,1368.2586777946854,1716.0,1688.102599423017,1716.0,27.897400576983046,203.8898128674551,0.7042253521126761,0.82190561,High
Barangay 646,646,92.41485489264603,99.71247381505468,7.297618922408645,5076.142143393867,970.0,896.4240924586666,967.2109960060304,70.78690354736386,139.45019967473996,5.664488017429194,0.837108954,Medium
Barangay 647,647,97.23280448068417,100.0,2.767195519315834,3203.1428881214088,3019.0,2935.458367271855,3019.0,83.54163272814503,260.81144565218506,23.729508196721312,0.955143412,High
Barangay 648,648,62.57621425854136,97.39783039094698,34.821616132405616,14719.93893869915,9086.0,5685.674827531068,8849.566869321443,3163.8920417903746,2149.392096642745,61.2708555200568,1.249851983,High
Barangay 649,649,10.831891639556012,17.449150384418363,6.617258744862351,72958.76424559309,69769.0,7557.302478001835,12174.097731704847,4616.795253703012,632.7951551046016,7.751351351351351,0.625217302,High
Barangay 650,650,30.111880177383348,46.46241001001306,16.35052983262971,17313.319916971042,4889.0,1472.169821872272,2271.5472253895387,799.3774035172667,461.71237368154493,-6.016916570549789,1.041981132,Medium
Barangay 651,651,33.075864174551484,46.24305517558884,13.16719100103736,22898.04977816277,2033.0,672.4323186686316,940.1213117197212,267.6889930510896,116.9047126914612,-20.461658841940533,1.134493671,Low
Barangay 652,652,30.2568119793401,47.18484657041355,16.928034591073448,16109.344504917673,34.0,10.287316072975633,16.042847833940606,5.755531760964972,3.572790785626313,-12.82051282051282,0.74252753,Low
Barangay 653,653,15.853505316756088,26.167408524559598,10.31390320780351,30518.935852965784,58.0,9.195033083718531,15.177096944244568,5.982063860526036,1.9601154802206857,0.0,0.41164048,Low
Barangay 654,654,32.10268687835244,59.86231689401874,27.759630015666296,24098.03584380371,1492.0,478.97208822501847,893.1457680587596,414.1736798337411,171.87030616034087,43.186180422264876,2.31815562,Low
Barangay 655,655,15.08163681002348,24.395624358656526,9.313987548633046,18647.553676580887,1714.0,258.4992549238024,418.14100150737283,159.6417465835704,85.61002121370025,6.658369632856253,2.055423792,Low
Barangay 656,656,38.36710162426938,50.69945375125234,12.332352126982961,39601.38561576296,519.0,199.12525742995808,263.1301649689997,64.0049075390416,16.16228991582683,42.582417582417584,1.480386052,Low
Barangay 657,657,39.931730391513256,63.40536647158805,23.473636080074797,76655.3538263716,919.0,366.9726022980068,582.6953178738942,215.72271557588738,28.14189809422977,-6.415478615071284,2.296891747,Low
Barangay 658,658,31.1356406582762,44.98165392943768,13.846013271161478,34379.95959146244,2793.0,869.6184435856542,1256.3375942491944,386.7191506635402,112.48388749112264,32.49525616698292,1.927399053,Low
Barangay 659,659,89.17130490201848,99.28758584872328,10.116280946704805,14199.999998793064,439.0,391.4620285198611,435.8725018758952,44.41047335603406,31.274981239301916,21.60664819944598,1.150963597,Low
Barangay 659-A,659,80.6985670841739,94.25206079945193,13.553493715278023,48166.92639332928,3547.0,2862.3781744756484,3343.1205965565596,480.7424220809112,99.80757712360287,36.056770233985425,0.871466742,High
Barangay 660,660,93.24387236035052,100.0,6.756127639649478,3804.0528717807683,387.0,360.8537860345565,387.0,26.146213965443508,68.73251988530815,16.566265060240966,1.230905861,Low
Barangay 660-A,660,59.15397067853184,85.96505357017473,26.81108289164289,31090.235428137574,3099.0,1833.1815513277018,2664.0570101397147,830.875458812013,267.2464352135614,26.129426129426133,2.437957777,High
Barangay 661,661,90.47246426979387,99.67675812521944,9.204293855425561,11253.039885760882,486.0,439.69617635119823,484.42904448856643,44.7328681373682,39.75180803719647,10.204081632653061,0.787325677,Low
Barangay 662,662,89.18564324240154,100.0,10.81435675759846,14325.279233327208,1753.0,1563.4243260392989,1753.0,189.57567396070112,132.33645981549915,9.494066208619612,0.684150943,High
Barangay 663,663,93.70320110423664,100.0,6.296798895763359,3258.4958039296835,704.0,659.670535773826,704.0,44.32946422617397,136.04272306477574,16.55629139072848,0.760963855,Medium
Barangay 663-A,663,98.67163696456862,99.60149108937544,0.9298541248068233,699.9999999409192,185.0,182.54252838445194,184.26275851534456,1.7202301308926167,24.57471615768263,-54.09429280397022,0.501657825,Low
Barangay 664,664,72.51267203918022,95.30079661055706,22.78812457137684,32572.462038068465,555.0,402.4453298174502,528.9194211885916,126.47409137114141,38.82853289485066,21.710526315789476,1.508557457,Medium
Barangay 664-A,664,98.61215020237992,100.0,1.3878497976200777,2199.9999998778803,689.0,679.4377148943977,689.0,9.562285105602314,43.46493230060525,7.656250000000001,0.827607942,Medium
Barangay 666,666,42.36201293495864,62.7429287862518,20.38091585129316,140883.2637615127,904.0,382.95259693202615,567.1960762277163,184.24347929569012,13.07774070364935,11.604938271604938,2.256059619,Medium
Barangay 667,667,23.6053527704541,47.13671427533146,23.531361504877356,46865.71045812228,3010.0,710.5211183906684,1418.815099687477,708.2939812968085,151.13266701242432,26.950653732602277,1.938565697,Medium
Barangay 668,668,24.43789056921698,41.37961700975544,16.941726440538464,26423.007243571643,2905.0,709.9207210357532,1202.0778741333957,492.15715309764244,186.26084024458555,9.829867674858223,1.824847903,Low
Barangay 669,669,28.57136925286408,56.632326340115966,28.060957087251886,68907.58393307903,3738.0,1067.9977826720594,2116.916358593535,1048.9185759214754,152.22106422134226,27.66393442622951,2.971995927,High
Barangay 670,670,36.94814449602137,83.25394324626204,46.30579875024067,65732.53699271174,2904.0,1072.9741161644606,2417.69451187145,1344.7203957069892,204.57454667482074,4.686373467916366,3.657444934,High
Barangay 671,671,94.11527383965486,99.70576369194777,5.5904898522929045,1899.9999997898667,1239.0,1166.0882428733237,1235.3544121432328,69.26616926990914,364.5587856714168,0.9779951100244498,2.742647059,Medium
Barangay 672,672,95.2602865171984,99.89055944621906,4.630272929020663,4230.856629772679,3268.0,3113.1061633820436,3264.423482702439,151.3173193203952,357.6517300434361,4.3089690392594955,2.25862069,High
Barangay 673,673,72.65546579779468,98.22874222256831,25.57327642477364,21717.018411136705,2539.0,1844.7222766060067,2494.0277650310095,649.3054884250027,298.9846378230415,-8.140376266280752,2.878314673,High
Barangay 674,674,52.24846041191709,87.72184229582231,35.473381883905226,62731.93054156919,1629.0,851.1274201101294,1428.9888109989456,577.8613908888162,92.115990357717,16.523605150214593,2.912305516,High
Barangay 675,675,30.714831138306035,99.06963304094486,68.35480190263883,58776.63753202909,2044.0,627.8111484669754,2024.983299356913,1397.1721508899377,237.70875802968112,2.8169014084507045,3.0,High
Barangay 676,676,32.9358786664722,83.8740207949533,50.9381421284811,75178.55301648806,2564.0,844.4759290083473,2150.5298931826023,1306.053964174255,173.72693564450668,79.17540181691125,3.0,High
Barangay 677,677,97.0495961896261,99.84579213591417,2.7961959462880657,1813.2641692523393,2235.0,2169.0584748381434,2231.5534542376818,62.49497939953835,344.6545763119929,40.4776869893149,2.277006173,High
Barangay 678,678,96.40452071928448,100.0,3.595479280715523,2199.9999997709456,1335.0,1287.0003516024478,1335.0,47.999648397552164,218.18022001159042,3.1684698608964452,2.986938776,Medium
Barangay 679,679,69.98761874326712,96.60089824886758,26.61327950560046,11996.252347733629,860.0,601.8935211920973,830.7677249402612,228.87420374816395,190.7880870740467,-7.626208378088077,2.878737542,Medium
Barangay 680,680,99.47553841738896,100.0,0.524461582611039,199.99999994965037,1085.0,1079.3095918286704,1085.0,5.690408171329636,284.5204086381222,12.086776859504132,3.0,Medium
Barangay 681,681,99.71466439246292,99.99999999999996,0.2853356075370357,99.999999992433,1453.0,1448.8540736224863,1452.9999999999993,4.145926377512978,414.59263778272754,32.81535648994516,3.0,Medium
Barangay 682,682,77.16616198321165,89.4044946050601,12.238332621848443,8316.356001120745,747.0,576.431230014591,667.8515746997989,91.42034468520785,109.92836847399009,-9.124087591240876,3.46281296,Low
Barangay 683,683,93.85859780944295,97.37250070670976,3.513902897266803,684.9086387068346,869.0,815.6312149640593,846.1670311413078,30.535816177248535,445.83780159208857,10.841836734693878,3.0,Medium
Barangay 684,684,95.03676664725556,98.05963473981446,3.0228680925588947,902.3289959791837,2685.0,2551.7371844788117,2632.901192764018,81.16400828520636,899.4946260939975,-1.6483516483516485,2.906197655,High
Barangay 685,685,81.20005888563098,93.30170782490336,12.10164893927238,5504.184852354818,869.0,705.6285117161332,810.7918409984102,105.163329282277,191.06067856221398,-16.762452107279692,3.223929748,Low
Barangay 686,686,52.4671699432374,94.631854286515,42.16468434327759,18199.049598664278,3306.0,1734.5646383234284,3128.5291027121857,1393.9644643887573,765.954538906838,1.723076923076923,2.916087963,High
Barangay 687,687,45.63506737774429,86.83836875701337,41.20330137926908,14172.547645493833,2106.0,961.0745189752948,1828.8160460227016,867.7415270474067,612.2692607939871,46.86192468619247,3.0,High
Barangay 688,688,27.45248013722098,69.2052721190851,41.752791981864114,19587.42691437765,756.0,207.54074983739062,523.1918572202833,315.65110738289263,161.14985840799596,-37.62376237623762,3.0,Low
Barangay 689,689,3.9934629807763287,37.44518867473571,33.45172569395938,8237.664246149927,736.0,29.391887538513778,275.59658864605484,246.20470110754107,298.87683419800805,0.4092769440654843,3.0,Low
Barangay 690,690,9.906705399925611,47.4743394436521,37.567634043726486,4839.437880546887,544.0,53.89247737559533,258.26040657346744,204.36792919787212,422.2968333148172,9.67741935483871,3.0,Low
Barangay 691,691,7.939273608086372,46.60844738189572,38.66917377380935,5673.33513103088,434.0,34.45644745909485,202.28066163742744,167.8242141783326,295.8122696831376,6.112469437652812,3.0,Low
Barangay 692,692,40.44670299710111,64.87398023362626,24.427277236525143,9758.117976026379,2508.0,1014.4033111672959,1627.0394242593466,612.6361130920507,627.8219986652833,88.71331828442437,2.774718398,Medium
Barangay 693,693,39.82974900987033,63.39053445911087,23.560785449240534,6561.98395525265,557.0,221.85170198497778,353.08527693724756,131.23357495226978,199.99069770236426,9.001956947162427,2.891284816,Low
Barangay 694,694,36.5261072153863,94.34806977914452,57.82196256375823,41335.50449199178,1478.0,539.8558646434094,1394.4644713357561,854.6086066923467,206.74928664724922,15.378610460577674,3.0,High
Barangay 695,695,22.882330669422057,82.58193225622622,59.699601586804164,28447.856584940644,722.0,165.21042743322727,596.2415508899533,431.031123456726,151.51620374974047,10.397553516819572,3.0,Low
Barangay 696,696,23.04914948223658,57.8820943618108,34.83294487957422,29073.935038965417,4121.0,949.8554501629695,2385.321108650223,1435.4656584872532,493.7294028357072,70.2892561983471,2.338922156,High
Barangay 697,697,45.834223658708325,71.35035304524827,25.516129386539944,21856.446406408868,3568.0,1635.365100142713,2545.7805966544583,910.4154965117455,416.5432383577176,81.39298423995933,2.049620549,High
Barangay 698,698,65.2142689138378,79.47497231133931,14.260703397501516,12065.51628253929,1759.0,1147.118990194407,1397.9647629564583,250.8457727620514,207.903057679401,1.3248847926267282,1.989946777,Medium
Barangay 699,699,14.883051160129462,23.118874217236613,8.235823057107151,16103.838003924608,2733.0,406.7537882063382,631.8388323570766,225.08504415073844,139.77105587865685,-14.406514249921704,1.158379138,Low
Barangay 700,700,16.91359234626379,37.60654115741407,20.69294881115028,8177.226365824962,140.0,23.679029284769307,52.6491576203797,28.97012833561039,35.427817501402544,1.4492753623188406,0.886219975,Low
Barangay 701,701,17.25497963984503,32.20129450883499,14.946314868989962,28612.988603952865,3328.0,574.2457224140426,1071.6590812540285,497.4133588399859,173.84180510639453,23.487940630797773,0.824513263,Low
Barangay 702,702,68.12100993067166,88.03358204476324,19.912572114091574,8654.547479156852,3572.0,2433.282474723592,3144.5595506389427,711.2770759153509,821.8535719266117,6.882106523040096,1.865362486,High
Barangay 703,703,17.68445465330607,38.911271872524864,21.226817219218795,12436.412611305648,848.0,149.96417546003548,329.9675854790109,180.00341001897542,144.7390140910398,643.859649122807,2.0,Low
Barangay 704,704,36.45882930391358,68.70562743476923,32.246798130855645,11561.975288917261,5339.0,1946.5368965359462,3668.1934487423287,1721.6565522063825,1489.0678358884552,0.7548594074353652,1.638268156,High
Barangay 705,705,54.905798586506414,96.0662511458834,41.160452559376985,9417.41880177111,2696.0,1480.260329892213,2589.9461308930163,1109.6858010008034,1178.333282567945,0.4845322400298174,2.0,High
Barangay 706,706,35.360963347723725,70.93719600946005,35.57623266173633,14280.156900548818,301.0,106.43649967664841,213.52095998847477,107.08446031182636,74.98829393653992,1.6891891891891893,2.0,Low
Barangay 707,707,41.70797749865097,99.9281350250666,58.220157526415626,2558.5915986869395,1081.0,450.86323676041695,1080.22313962097,629.359902860553,2459.790390867923,2.7566539923954374,2.0,High
Barangay 708,708,12.431166900500733,47.439085353914976,35.00791845341424,7060.6674842269285,788.0,97.95759517594577,373.81999258885,275.8623974129043,390.7030008553199,4.648074369189907,2.0,Low
Barangay 709,709,26.370699020229853,51.34246026585084,24.971761245620986,10953.320909419348,5339.0,1407.931620690072,2741.1739535937763,1333.2423329037044,1217.2037539383855,28.526721232546944,2.196805476,High
Barangay 710,710,40.70374618920938,85.67644417388126,44.97269798467188,4671.350317609317,747.0,304.0569840333941,640.0030379788931,335.946053945499,719.1626213069543,33.631484794275494,2.0,Low
Barangay 711,711,21.147751673770134,62.3736793565415,41.22592768277137,3611.7410510079912,1308.0,276.6125918929134,815.8477259835628,539.2351340906494,1493.0060778863303,1.0819165378670788,2.0,Low
Barangay 712,712,38.604955670921335,91.49487781197357,52.88992214105223,6944.575640774479,1225.0,472.91070696878637,1120.8122531966762,647.9015462278899,932.9606008231686,14.700374531835205,2.0,Medium
Barangay 713,713,43.93771652215383,85.14210246740342,41.20438594524959,2163.4955140322827,2091.0,918.7376524782366,1780.3213625934054,861.5837101151689,3982.3688310282882,6.4663951120162935,2.0,High
Barangay 714,714,30.65115067139809,55.04473457221367,24.39358390081558,3773.061673711629,1617.0,495.62910635650707,890.0733580326951,394.444251676188,1045.4222214930458,17.943107221006567,2.0,Low
Barangay 715,715,39.07891969452732,73.95720012734438,34.87828043281706,1872.4607299260451,217.0,84.80125573712428,160.4871242763373,75.68586853921303,404.20537173135966,20.555555555555554,2.0,Low
Barangay 716,716,60.16138023560455,99.51176925297388,39.35038901736933,1924.4395301515929,836.0,502.949138769654,831.9183909548616,328.9692521852076,1709.42888581848,-9.130434782608695,2.0,Medium
Barangay 717,717,87.83194884471138,100.0,12.168051155288623,333.5280776514951,491.0,431.25486882753285,491.0,59.745131172467154,1791.3073943626132,2.5052192066805845,2.0,Medium
Barangay 718,718,64.0406596055253,98.43429932776084,34.393639722235534,2882.3203537879226,1196.0,765.9262888820826,1177.2742199600198,411.3479310779371,1427.1416101869004,3.54978354978355,2.0,Medium
Barangay 719,719,38.516524201391455,51.74991783284959,13.233393631458135,65885.5728629299,8846.0,3407.1717308550883,4577.797731493874,1170.626000638786,177.67561998348086,32.22720478325859,2.343326303,High
Barangay 720,720,52.93095516302921,61.26094849801799,8.329993334988778,4431.039087519224,1604.0,849.0125208149886,982.6256139082085,133.61309309321985,301.53896288020496,29.563812600969307,1.95915493,Low
Barangay 721,721,53.76277947317861,81.41145172610108,27.648672252922466,36960.46923115119,583.0,313.4370043286313,474.6287635631693,161.19175923453798,43.61193528860329,1.0398613518197575,1.357957733,Low
Barangay 722,722,7.873355915372686,39.17125454945062,31.29789863407794,8156.682551806899,682.0,53.69628734284172,267.14795602725326,213.45166868441154,261.68931710739054,6.3962558502340086,3.0,Low
Barangay 723,723,34.77565731308794,63.6149938540338,28.839336540945858,6445.848197504771,588.0,204.48086500095707,374.05616386171874,169.57529886076168,263.07678006814587,8.88888888888889,2.989944134,Low
Barangay 724,724,22.634420598820657,46.31011925545172,23.67569865663106,19702.521736269417,2459.0,556.580402525,1138.7658324915576,582.1854299665576,295.48777448870453,5.175363558597092,3.0,Low
Barangay 725,725,33.84220702369692,59.93639970349397,26.094192679797047,13804.866887209067,1990.0,673.4599197715688,1192.73435409953,519.2744343279612,376.1531629175623,41.234918381831086,2.938061466,Low
Barangay 726,726,22.661820325920782,43.48525306024472,20.82343273432394,9003.875308000914,738.0,167.24423400529537,320.92116758460605,153.67693357931068,170.67865593690752,24.03361344537815,3.0,Low
Barangay 727,727,21.562947966040724,51.44836166728457,29.88541370124385,17303.12404040814,2842.0,612.8189811948773,1462.1624385842274,849.3434573893501,490.86133544779017,58.770949720670394,3.05869659,Medium
Barangay 728,728,40.45770523180361,84.39692695739129,43.93922172558768,31357.121866639045,886.0,358.45526835377996,747.7567728424867,389.30150448870677,124.15090458378008,5.476190476190476,3.304484933,Medium
Barangay 729,729,37.04788709027648,62.59715053852587,25.549263448249384,8038.363169549404,1775.0,657.5999958524076,1111.099422058834,453.4994262064265,564.1688695086015,103.78874856486797,3.0,Low
Barangay 730,730,17.790267088747395,32.1082827766849,14.318015687937507,6455.830941130105,2443.0,434.61622497809884,784.4053482344123,349.7891232563134,541.8189020840158,58.73944119558154,3.496949529,Low
Barangay 731,731,77.5873221515479,96.19391423278806,18.606592081240166,6750.197784128846,2933.0,2275.6361587049,2821.3675044476736,545.7313457427736,808.4671933997323,0.5829903978052127,3.087465565,High
Barangay 732,732,80.61544574014505,91.80609790751826,11.190652167373216,2594.8856693641683,1983.0,1598.6042890270764,1820.5149215060874,221.91063247901093,855.1846237348335,0.4559270516717325,4.0,High
Barangay 733,733,95.08549287020016,99.93457878051912,4.849085910318962,1981.0780071158879,4317.0,4104.840727206541,4314.17576595501,209.33503874846974,1056.6723672493122,0.32535440390425285,3.705702023,High
Barangay 734,734,16.834551049742657,23.77610790613541,6.941556856392754,1044.117406408484,792.0,133.32964431396184,188.30677461659246,54.97713030263063,526.5416510173784,-12.195121951219512,3.298831386,Low
Barangay 735,735,56.35605931643889,69.89688076904787,13.54082145260898,3025.916266062037,2038.0,1148.5364888690247,1424.4984300731955,275.9619412041709,911.9946387786581,-1.211827435773146,3.816574586,Medium
Barangay 736,736,50.31141050598272,85.45270651454902,35.1412960085663,5125.898827057902,3825.0,1924.4114518538393,3268.5660241815003,1344.154572327661,2622.2807310053,0.49921177088807145,3.052810903,High
Barangay 737,737,5.469074743634282,33.28994565667496,27.82087091304068,3334.414978443458,2615.0,143.01630454603648,870.5320789220501,727.5157743760136,2181.839330375207,18.379357175192396,4.0,Low
Barangay 738,738,59.02175981793377,83.00386734825737,23.982107530323603,7880.727404371337,3548.0,2094.0920383402904,2944.9772135161716,850.8851751758812,1079.7038541187294,16.44240236297998,4.0,High
Barangay 739,739,48.384163726261846,85.31936101653181,36.93519729026997,9554.762057769934,4598.0,2224.70384813352,3922.984219540133,1698.280371406613,1777.4177537216328,1.5011037527593818,4.0,High
Barangay 740,740,31.861021617682283,46.90722108875338,15.046199471071098,4505.580734790197,4185.0,1333.3837547000035,1963.067202564329,629.6834478643254,1397.5633440594565,1.1358144030932817,3.141784821,Medium
Barangay 741,741,12.4093775096623,49.540857444811,37.131479935148704,5206.0545031032925,1296.0,160.8255325252234,642.0495124847506,481.22397995952724,924.3544793330014,7.373653686826843,3.120071685,Low
Barangay 742,742,29.96419727782028,53.26343220141528,23.299234923594998,1762.0270839540149,836.0,250.50068924257755,445.28229320383167,194.78160396125412,1105.4404653313356,3.593556381660471,3.0,Low
Barangay 743,743,45.0990042967408,81.00302130959646,35.90401701285566,13525.204222976092,2028.0,914.6078071379035,1642.7412721586163,728.1334650207128,538.353028181111,26.197884256378345,3.0,Medium
Barangay 744,744,83.57962220644237,96.85831077080744,13.27868856436507,4445.674235882776,1253.0,1047.2526662467228,1213.6346339582171,166.38196771149433,374.25586960142107,2.4529844644317254,3.0,Medium
Barangay 745,745,77.92096827296236,98.19912450121237,20.278156228250012,2774.901725014559,1826.0,1422.8368806642925,1793.1160133921378,370.2791327278453,1334.3864735458417,-9.379652605459057,4.0,High
Barangay 746,746,90.25343663428409,99.41723880967112,9.163802175387033,3144.95966003578,1494.0,1348.3863433162044,1485.2935478164866,136.9072045002822,435.3226091896035,-10.16235718580878,4.0,Medium
Barangay 747,747,43.19516326194305,57.41413006288057,14.218966800937515,1652.9994983787938,381.0,164.57357202800304,218.74783553957494,54.174263511571894,327.7330910548021,3.2520325203252036,4.0,Low
Barangay 748,748,57.75396596379206,94.33285551593788,36.57888955214582,10471.576014287872,888.0,512.8552177584735,837.6757569815284,324.8205392230549,310.1926002159136,9.35960591133005,3.998251748,Medium
Barangay 749,749,36.39349139859546,55.21029591080606,18.816804512210602,2179.293810277085,673.0,244.92819711254742,371.5652914797248,126.63709436717738,581.092341794318,9.253246753246753,3.454545455,Low
Barangay 750,750,52.20226624652218,69.7901828400488,17.58791659352662,4613.307932054682,1220.0,636.8676482075706,851.4402306485954,214.5725824410248,465.11654023809785,10.20776874435411,4.0,Low
Barangay 751,751,75.91369530920493,91.15556243355036,15.241867124345433,3812.3962674209906,1175.0,891.9859198831579,1071.0778585942169,179.09193871105902,469.7621289830161,-23.75081116158339,4.0,Medium
Barangay 752,752,16.47096766086137,67.84918947905746,51.37822181819609,8771.855600975745,782.0,128.8029671079359,530.5806617262293,401.7776946182934,458.0304474843399,2.490170380078637,4.0,Low
Barangay 753,753,81.89085879747998,96.40601136719287,14.515152569712896,3542.5491965441506,2531.0,2072.6576361642183,2440.0361477036517,367.3785115394335,1037.0456164668674,6.34453781512605,4.0,High
Barangay 754,754,85.63233732372973,94.24785291795786,8.615515594228128,1138.8902007020988,2595.0,2222.1591535507864,2445.7317832210065,223.57262967022007,1963.0744871840354,0.42569659442724456,4.0,High
Barangay 755,755,94.47708751314728,99.07075827164942,4.593670758502142,1547.8086780555568,1722.0,1626.8954469763962,1705.9984574378032,79.10301046140694,511.06452356101903,25.510204081632654,4.0,High
Barangay 756,756,95.1063016439104,98.1604793619968,3.0541777180864074,830.4101081995395,736.0,699.9823800991805,722.4611281042966,22.478748005116017,270.6945373515914,2.0804438280166435,3.856088561,Low
Barangay 757,757,89.49117132998545,99.95387206472655,10.462700734741105,1435.2927227806667,488.0,436.716916090329,487.7748956758656,51.0579795855366,355.7321706935109,2.3060796645702304,3.391941392,Low
Barangay 758,758,71.98512939462836,92.26618986971002,20.28106047508166,3892.3319784133764,487.0,350.5675801518401,449.3363446654878,98.76876451364768,253.7521595316457,22.05513784461153,2.852287582,Low
Barangay 759,759,69.68881389073609,89.48692311909264,19.79810922835655,5559.993191872487,802.0,558.9042874037034,717.6851234151229,158.78083601141952,285.5773928707736,1.9059720457433291,3.166077739,Low
Barangay 760,760,87.0771926331815,100.0,12.922807366818503,3700.0000000448163,966.0,841.1656808365333,966.0,124.83431916346672,337.3900517890663,-7.204610951008646,3.967629046,Medium
Barangay 761,761,99.6579761129615,100.0,0.3420238870384935,100.00000002881643,1097.0,1093.2479979591878,1097.0,3.752002040812158,375.20020397313215,3.295668549905838,4.0,Medium
Barangay 762,762,99.6859367246332,100.0,0.3140632753668058,83.52460073389011,391.0,389.77201259331576,391.0,1.2279874066842353,147.02104480530014,7.123287671232877,4.0,Low
Barangay 763,763,56.874594518176266,85.45482028083518,28.580225762658912,8319.152504539077,1984.0,1128.391955240617,1695.4236343717698,567.0316791311527,681.5978897150522,11.523327712197865,0.874350087,High
Barangay 764,764,48.29841148381072,70.68867113342839,22.39025964961767,10748.14344438217,2073.0,1001.2260700593962,1465.3761525959703,464.15008253657413,431.84209899913054,2.522255192878338,1.916841004,Medium
Barangay 765,765,31.53108484592953,51.6882879705067,20.15720312457717,5898.411993480635,2215.0,698.4135293373391,1144.8955785467233,446.4820492093842,756.952972601557,6.746987951807229,0.139455782,Low
Barangay 766,766,15.358737842573252,22.489231810702787,7.130493968129535,1546.2584285796456,3321.0,510.06368375185775,746.8673884334396,236.80370468158185,1531.4626604758673,7.09448564979039,0.0,Low
Barangay 767,767,7.782293440619085,23.021591128455825,15.23929768783674,6409.782967315321,5497.0,427.79267043083115,1265.4968643312166,837.7041939003855,1306.9150674398736,1.2525326947872537,0.598448687,Low
Barangay 768,768,78.90145055821617,100.0,21.09854944178383,5525.133362637032,1403.0,1106.9873513317727,1403.0,296.01264866822726,535.7565677418261,22.319093286835223,1.724665392,Medium
Barangay 769,769,68.43395003564717,77.80994623862563,9.375996202978456,3184.7373663069448,2317.0,1585.614622325945,1802.8564543489558,217.24183202301083,682.1342140213172,16.024036054081122,2.687958884,Medium
Barangay 770,770,4.098837850768413,5.456400415045421,1.357562564277008,745.7007020671817,9673.0,396.4805853048286,527.7976121473436,131.31702684251496,1760.9883761472481,0.2279556522640141,0.075909091,Low
Barangay 771,771,4.352607173582242,18.905694078209144,14.553086904626902,4191.410670540007,1902.0,82.78658844153424,359.58630136753794,276.79971292600374,660.3975002295392,4.908990623276337,0.308225108,Low
Barangay 772,772,5.933791625181542,16.999552131891917,11.065760506710376,3471.37228933423,2439.0,144.72517773817782,414.6190764968439,269.89389875866607,777.4847416622912,0.5358615004122012,0.0,Low
Barangay 773,773,5.507952574738364,9.446857210632537,3.938904635894173,1068.503338811754,2656.0,146.29122038505093,250.90852751440016,104.61730712934923,979.1013591561684,-3.3478893740902476,0.0,Low
Barangay 774,774,4.130124486172814,21.255569045552576,17.125444559379762,3223.3026587681343,2909.0,120.14532130276716,618.3245035351244,498.1791822323573,1545.5550873486663,1.0771369006254343,0.071334214,Low
Barangay 775,775,11.576219753563638,16.733384467823416,5.157164714259778,2501.7767515204278,12116.0,1402.5747853417704,2027.4168621214853,624.842076779715,2497.593266065702,0.264812975835816,0.0,Low
Barangay 776,776,20.2710229516672,72.92576459753363,52.65474164586643,16576.246206472977,4606.0,933.6833171537911,3358.960717362399,2425.277400208608,1463.1041129574585,0.3048780487804878,1.0,High
Barangay 777,777,27.6388321930808,92.10147804350152,64.46264585042071,18076.95628798801,3100.0,856.8037979855047,2855.145819348547,1998.342021363042,1105.463768085186,2.9558286283626702,0.980357143,High
Barangay 778,778,0.0,4.853626040485542,4.853626040485542,760.7417590870759,1860.0,0.0,90.27744435303109,90.27744435303109,1186.7028893138197,0.6493506493506493,1.0,Low
Barangay 779,779,5.06352750594914,29.40176853838363,24.338241032434492,8974.068003669961,4450.0,225.32697401473672,1308.3786999580716,1083.051725943335,1206.8681956727082,0.135013501350135,0.971467391,Low
Barangay 780,780,83.11896559805632,99.99999999999996,16.881034401943637,5360.557600276028,2340.0,1944.983794994518,2339.999999999999,395.0162050054812,736.8938727291005,1.0362694300518136,1.0,High
Barangay 781,781,43.603510464065806,98.47708854965396,54.87357808558815,18016.010742205675,4337.0,1891.0842488265341,4270.951330398492,2379.867081571958,1320.9733917379947,1.4502923976608189,1.0,High
Barangay 782,782,96.5557316441548,100.0,3.444268355845196,867.1968810317485,1619.0,1563.2372953188662,1619.0,55.762704681133755,643.0224312475704,9.170600134861767,1.0,High
Barangay 783,783,69.41196745288852,92.40730385891057,22.995336406022048,6243.072322800759,2341.0,1624.9341580721202,2163.2549833370963,538.3208252649761,862.2690839235307,9.137529137529137,1.0,High
Barangay 784,784,97.63995003788798,100.0,2.360049962112015,594.7557097799363,3425.0,3344.1682887976635,3425.0,80.83171120233646,1359.0741521799541,1.151801535735381,1.443125618,High
Barangay 785,785,41.86388396541942,95.83426750375844,53.97038353833902,7773.478050175762,1081.0,452.5485856661839,1035.9684317156286,583.4198460494447,750.5261380859671,15.987124463519315,0.79137931,Medium
Barangay 786,786,73.95285198263596,85.29666118062283,11.343809197986872,3234.038032372111,1476.0,1091.5440952637068,1258.978719025993,167.43462376228626,517.7262050918907,2.571230020847811,1.779631255,Medium
Barangay 787,787,92.9043175771852,100.0,7.095682422814804,1429.0037395723084,3646.0,3387.291418864172,3646.0,258.7085811358279,1810.4122051720974,0.6626173384870238,0.839950372,High
Barangay 788,788,100.0,100.0,0.0,0.0,933.0,933.0,933.0,0.0,658.2742476897107,-3.7151702786377707,1.343971631,Medium
Barangay 789,789,92.32185645134938,100.0,7.678143548650624,1516.3976829949606,1763.0,1627.6343292372894,1763.0,135.36567076271058,892.6792244588254,8.82716049382716,0.880201765,High
Barangay 790,790,44.93512982055238,84.59969560017919,39.664565779626805,20806.482302788812,1825.0,820.066119225081,1543.9444447032702,723.8783254781891,347.90999984709754,4.824813325674899,0.24400767,High
Barangay 791,791,40.81504137873685,98.7251720423368,57.91013066359994,15905.69530243166,2060.0,840.7898524019791,2033.738544072138,1192.948691670159,750.0135448261614,1.5278462296697881,1.0,High
Barangay 792,792,68.24071428859708,100.0,31.759285711402924,9642.11898074068,2648.0,1807.0141143620503,2648.0,840.9858856379497,872.2002780900629,3.4779210629152013,1.0,High
Barangay 793,793,79.78118883381399,100.0,20.218811166186015,4651.488975284563,1735.0,1384.2036262666727,1735.0,350.7963737333273,754.1593145705924,0.7549361207897793,1.0,High
Barangay 794,794,61.08307366950546,76.78669515117134,15.703621481665884,1873.789796224295,709.0,433.07899231679374,544.4176686218049,111.33867630501112,594.1897886804583,-0.14084507042253522,2.947478992,Low
Barangay 795,795,97.64050243858424,100.0,2.3594975614157647,145.1977201612617,1214.0,1185.3556996044126,1214.0,28.64430039558738,1972.778936458092,4.926534140017287,3.226720648,Medium
Barangay 796,796,97.6459502323098,100.0,2.3540497676901992,254.80227986192585,672.0,656.1807855611219,672.0,15.819214438878134,620.8427352946143,6.497622820919176,3.767123288,Low
Barangay 797,797,90.6562069898869,96.2405398784591,5.584332888572206,451.1416736069541,268.0,242.95863473289688,257.9246468742704,14.96601214137354,331.7364148986219,9.836065573770492,3.455974843,Low
Barangay 798,798,32.79630588335886,36.88633902042375,4.090033137064886,1138.6374479880596,1586.0,520.1494113100715,585.0173368639206,64.86792555384909,569.6978056401435,1.5364916773367476,3.989208633,Low
Barangay 799,799,46.4343014224883,48.90526126732082,2.470959844832514,400.00000002367597,570.0,264.6755181081833,278.75998922372867,14.084471115545341,352.111777867793,4.779411764705882,4.0,Low
Barangay 800,800,41.46879979852394,44.52007359083944,3.0512737923154987,573.1842851359779,1541.0,639.0342048952539,686.0543340348357,47.020129139581854,820.3317913439861,-1.0911424903722722,4.0,Low
Barangay 801,801,38.67685408758532,45.225005756168095,6.548151668582776,1360.2428610132738,832.0,321.7914260087099,376.27204789131855,54.48062188260866,400.52128516245233,35.50488599348534,2.102994012,Low
Barangay 802,802,4.932593992297174,21.422861251014687,16.490267258717513,4660.116612691408,1840.0,90.759729458268,394.18064701867024,303.42091756040224,651.101555557779,2.9658645775041967,2.891964286,Low
Barangay 803,803,44.63354801595554,61.7805692166601,17.147021200704557,7805.317032356077,1830.0,816.7939286919864,1130.5844166648799,313.7904879728935,402.0214511109668,7.331378299120235,3.799561884,Low
Barangay 804,804,6.64385738265236,8.509497682833448,1.865640300181088,440.9370844101527,1331.0,88.42974176310291,113.2614141585132,24.831672395410294,563.1568147330579,6.394884092725819,1.130663857,Low
Barangay 805,805,13.154383005825366,60.07981826456628,46.92543525874091,9173.831164647781,1396.0,183.6351867613221,838.7142629733452,655.0790762120231,714.0736127087577,12.853678253839934,1.83248731,Low
Barangay 806,806,63.76803783757386,96.18972887541617,32.42169103784231,9338.88120331919,1604.0,1022.8393269146846,1542.8832511616754,520.0439242469907,556.8589137445695,0.06238303181534623,2.623036649,High
Barangay 807,807,58.53101276749614,67.77567823162701,9.244665464130875,2899.8331687815444,2066.0,1209.2507237764703,1400.2455122654142,190.99478848894387,658.6406092085496,2.7860696517412937,3.469648562,Medium
Barangay 808,808,97.20641046476834,99.28651358887632,2.0801031241079784,576.2521923224849,2330.0,2264.9093638291024,2313.375766620818,48.46640279171561,841.0623584160313,6.73385249656436,4.0,High
Barangay 809,809,100.0,100.0,0.0,0.0,1479.0,1479.0,1479.0,0.0,755.1524037604314,24.390243902439025,3.895939086,Medium
Barangay 810,810,99.78268732657077,99.90893299889476,0.1262456723239893,31.737094823307416,2073.0,2068.495108279812,2071.1121810670884,2.6170727872763564,824.6100665000657,-9.594417793283908,3.913604767,High
Barangay 811,811,39.42151735365442,50.94777835741513,11.526261003760709,3812.374303876026,2242.0,883.8304190689322,1142.2491907732472,258.41877170431496,677.8420771580107,-3.8593481989708405,4.0,Low
Barangay 812,812,96.67815379870882,98.72805700784188,2.0499032091330633,1045.4896125843225,1722.0,1664.797808413766,1700.0971416750372,35.29933326127116,337.6344713173721,1.1156782149148563,2.318805093,High
Barangay 813,813,98.74256863491624,99.66370538226684,0.9211367473506016,206.97270954817577,967.0,954.8406386996401,963.7480310465204,8.907392346880329,430.36554753161465,-3.3966033966033966,3.309734513,Medium
Barangay 814,814,96.83962236294816,100.0,3.1603776370518375,537.3352122448268,2528.0,2448.1056533353294,2528.0,79.89434666467059,1486.862294598114,15.1183970856102,2.976331361,High
Barangay 815,815,90.49282838929228,98.90457359411892,8.41174520482663,2433.3514453527932,1470.0,1330.2445773225966,1453.8972318335482,123.6526545109516,508.15781151178635,6.986899563318777,3.392241379,Medium
Barangay 816,816,98.44696100197652,99.99999999999996,1.553038998023439,165.69231150804808,806.0,793.4825056759307,805.9999999999997,12.517494324068934,755.4662138599592,3.201024327784891,1.992990654,Medium
Barangay 817,817,88.15777643378551,99.99999999999996,11.842223566214443,996.9724764800121,1395.0,1229.800981251308,1394.9999999999993,165.1990187486913,1657.0068145908685,-18.706293706293707,2.895833333,Medium
Barangay 818,818,100.0,100.0,0.0,0.0,1424.0,1424.0,1424.0,0.0,1003.2947187472085,2.5936599423631126,1.0,Medium
Barangay 818-A,818,100.0,100.0,0.0,0.0,1659.0,1659.0,1659.0,0.0,1986.0578437008414,5.400254129606099,1.0,High
Barangay 819,819,100.0,100.0,0.0,0.0,2280.0,2280.0,2280.0,0.0,1563.3793609190623,13.602391629297458,1.0,High
Barangay 820,820,100.0,100.0,0.0,0.0,1362.0,1362.0,1362.0,0.0,301.6835915561825,-3.8814396612561755,1.632686981,Medium
Barangay 821,821,98.76383583101205,99.99999999999996,1.2361641689879121,168.83596666591984,2474.0,2443.4172984592383,2473.999999999999,30.58270154076081,1811.3854615631947,24.01002506265664,3.0,High
Barangay 822,822,99.26370704885392,100.0,0.7362929511460834,100.00000002182242,1087.0,1078.9964956210422,1087.0,8.003504378957814,800.3504377210904,21.181716833890746,2.961397059,Medium
Barangay 823,823,97.25701003052534,99.59585088198844,2.338840851463104,400.9987699109115,3590.0,3491.52666009586,3575.4910466633846,83.9643865675248,2093.8813998401856,19.586942038640906,2.914244186,High
Barangay 824,824,44.39270147161389,87.78842090830456,43.39571943669067,16811.29600513287,1378.0,611.7314262788394,1209.7244401164367,597.9930138375972,355.7090504236059,5.837173579109063,3.0,Medium
Barangay 825,825,51.94054893979647,79.49901777013892,27.55846883034245,16389.85722103643,463.0,240.48474159125766,368.0804522757432,127.59571068448554,77.85041014311953,19.329896907216497,3.096461668,Low
Barangay 826,826,100.0,100.0,0.0,0.0,2048.0,2048.0,2048.0,0.0,963.0274787586825,16.363636363636363,2.402597403,High
Barangay 827,827,91.18834289189404,100.0,8.811657108105962,9937.836783321007,2719.0,2479.411043230599,2719.0,239.5889567694012,241.08763505908067,2.1796317173994737,2.494785889,High
Barangay 828,828,99.99999999999996,99.99999999999996,0.0,0.0,2715.0,2714.9999999999986,2714.9999999999986,0.0,1670.5297204272047,2.144469525959368,1.841781874,High
Barangay 829,829,59.86618338458703,91.355492143078,31.489308758490964,53183.35242204374,4375.0,2619.145523075683,3996.8027812596624,1377.6572581839796,259.03919092038296,3.5257927117841934,1.364618801,High
Barangay 830,830,77.27219677951075,94.9907748505125,17.718578071001744,74280.97727671667,5407.0,4178.107679868146,5136.15119616721,958.0435162990643,128.97562086859648,4.161047967636294,1.164180885,High
Barangay 831,831,73.46847955698786,91.7998305809401,18.331351023952237,31743.87884330946,3678.0,2702.1706781060134,3376.3977687669767,674.2270906609633,212.3959374936526,9.791044776119403,1.337660464,High
Barangay 832,832,80.15804202812294,95.12914447519935,14.971102447076419,13662.488574103656,2990.0,2396.7254566408756,2844.3614198084606,447.63596316758503,327.63867339369597,3.5318559556786706,0.94119256,High
Barangay 833,833,96.77643902002764,99.53031208683502,2.7538730668073867,1758.9592936548797,1517.0,1468.0985799338193,1509.8748343572875,41.77625442346812,237.505521441957,0.8643617021276596,0.883365949,Medium
Barangay 834,834,95.58041175971816,99.1389682641249,3.558556504406738,9918.955661173037,1918.0,1833.2322975513944,1901.4854113059155,68.25311375452111,68.81078622187276,10.675129832660128,0.789549162,High
Barangay 835,835,91.28157661558332,99.68225332515787,8.400676709574554,7819.957005086646,2943.0,2686.416799796617,2933.648715359396,247.23191556277925,316.1550829524547,8.758314855875831,1.311111111,High
Barangay 836,836,76.8318245553657,97.61921674780216,20.787392192436457,10394.143850063068,5673.0,4358.669407025896,5537.9381661028165,1179.26875907692,1134.5511242561495,6.6955049840135406,0.978478478,High
Barangay 837,837,94.78789457719536,99.06824212485424,4.280347547658877,2756.3046113543605,3188.0,3021.8380791209884,3158.2955589403527,136.45747981936438,495.0740177890332,4.902928594932543,1.77186164,High
Barangay 838,838,64.20654414417906,76.71675296433997,12.510208820160912,6240.141539048935,3238.0,2079.007899388518,2484.0884609853283,405.0805615968102,649.1528422263139,9.06028965981812,1.975987994,High
Barangay 839,839,85.71633243181876,100.0,14.283667568181244,13669.933520206614,2052.0,1758.899141500921,2052.0,293.1008584990791,214.4127899860111,2.242152466367713,1.68137895,High
Barangay 840,840,99.5631555118813,100.0,0.4368444881186946,116.06969713842773,2820.0,2807.6809854350527,2820.0,12.319014564947338,1061.3463176572966,10.979929161747345,2.0,High
Barangay 841,841,99.99999999999996,99.99999999999996,0.0,0.0,2541.0,2540.999999999999,2540.999999999999,0.0,614.2851975197658,12.933333333333334,2.0,High
Barangay 842,842,97.74595052519236,100.0,2.254049474807644,712.6048069393219,2831.0,2767.187859368196,2831.0,63.81214063180414,895.4772688929979,0.6756756756756757,1.370955012,High
Barangay 843,843,100.0,100.0,0.0,0.0,9355.0,9355.0,9355.0,0.0,3282.855633382997,6.987648673376029,1.479753521,High
Barangay 844,844,58.07021370932194,78.73879534696052,20.668581637638574,6889.293497316354,4285.0,2488.308657444445,3373.957380617258,885.6487231728129,1285.5436098314105,22.428571428571427,1.0,High
Barangay 845,845,83.79286900144358,92.03655569559544,8.243686694151862,1437.025192600664,1527.0,1279.5171096520435,1405.3982054717424,125.88109581969888,875.9839178037289,16.653934300993125,1.0,Medium
Barangay 846,846,74.76390975769773,82.53415350078096,7.770243743083228,1079.5012488969296,1996.0,1492.2876387636468,1647.381703875588,155.0940651119413,1436.7196450251593,8.008658008658008,1.0,Medium
Barangay 847,847,98.40278190506538,98.88652400272106,0.48374209765567855,196.98221536996425,3132.0,3081.975129266648,3097.125931765224,15.150802498576013,769.1457053683712,8.636836628511967,1.0,High
Barangay 848,848,99.23019959197435,100.0,0.7698004080256453,316.81486177627085,1589.0,1576.7678715164725,1589.0,12.232128483527504,386.0970541263792,0.18915510718789408,1.0,High
Barangay 849,849,86.86692571080435,100.0,13.133074289195648,1582.705907359892,1908.0,1657.420942562147,1908.0,250.57905743785295,1583.2319590936715,3.19091400757166,2.020876827,High
Barangay 850,850,95.4820114935018,100.0,4.517988506498199,531.6833257597664,2655.0,2535.047405152473,2655.0,119.95259484752705,2256.090966857326,8.102605863192181,1.613107822,High
Barangay 851,851,56.67763588267767,78.86843329191244,22.19079740923477,5238.136694152814,1121.0,635.3562982448167,884.1151372023385,248.7588389575218,474.899479494692,6.55893536121673,1.313240043,Low
Barangay 852,852,99.803763209672,99.99999999999996,0.1962367903279585,17.294092528965848,979.0,977.0788418226889,978.9999999999995,1.9211581773106445,1110.8753894388615,-12.432915921288014,2.0,Medium
Barangay 853,853,70.09393942014871,72.82528987760641,2.731350457457694,199.99999983430826,291.0,203.97336371263273,211.92159354383466,7.948229831201928,397.4114918893347,-42.37623762376238,2.0,Low
Barangay 855,855,65.24015724949939,97.64855421517622,32.40839696567683,14336.794588029894,2319.0,1512.9192466158909,2264.4699722499367,751.5507256340459,524.2111275427857,8.26330532212885,0.508654383,High
Barangay 856,856,98.8470269145212,100.0,1.1529730854788056,458.02197088042885,1733.0,1713.0189764286524,1733.0,19.981023571347578,436.24596289429786,7.572936064556177,0.987365761,High
Barangay 857,857,88.14379886181712,98.1316902342512,9.987891372434078,1498.7112506501417,1907.0,1680.9022442948524,1871.37133276717,190.4690884723177,1270.8858253362184,0.6863780359028511,0.510743802,High
Barangay 858,858,99.99999999999996,99.99999999999996,0.0,0.0,718.0,717.9999999999997,717.9999999999997,0.0,486.10310233949724,7.969924812030076,1.0,Medium
Barangay 859,859,91.87554118467942,99.36701672771414,7.491475543034724,2575.8263432655076,1377.0,1265.1262021130356,1368.2838203406238,103.15761822758827,400.48359043028535,1.6236162361623614,1.0,Medium
Barangay 860,860,95.15625384253174,100.0,4.84374615746826,899.9999997578489,3480.0,3311.4376337201043,3480.0,168.56236627989574,1872.915181391646,8.276291225886744,1.92885906,High
Barangay 861,861,99.99999999999996,99.99999999999996,0.0,0.0,1131.0,1130.9999999999995,1130.9999999999995,0.0,548.3230663880374,5.503731343283582,1.60617284,Medium
Barangay 862,862,97.93039425443617,99.99999999999996,2.0696057455637913,899.9950039567339,2525.0,2472.7424549245134,2524.999999999999,52.25754507548572,580.6426129672022,4.381976023150062,1.328151986,High
Barangay 863,863,99.4530588922626,99.99999999999994,0.5469411077373394,205.13057102942548,1492.0,1483.839638672558,1491.999999999999,8.160361327441024,397.8130264294215,0.7427413909520594,1.002680965,Medium
Barangay 864,864,90.78310746739412,99.49447862794976,8.711371160555643,1723.244879032416,822.0,746.2371433819796,817.844614321747,71.60747093976738,415.53856802971734,1.107011070110701,1.0,Medium
Barangay 865,865,69.30028637182015,96.68050636088752,27.38021998906737,51139.535838537675,86.0,59.598246279765334,83.14523547036326,23.546989190597927,4.604458919013776,8.860759493670885,2.364754646,Low
Barangay 866,866,97.1879637580942,100.0,2.812036241905801,4434.462800708745,4046.0,3932.2250136524913,4046.0,113.77498634750873,256.569941976566,5.501955671447197,1.650182279,High
Barangay 867,867,99.99999999999994,99.99999999999994,0.0,0.0,2396.0,2395.9999999999986,2395.9999999999986,0.0,798.0641562283988,13.23251417769376,1.000837521,High
Barangay 868,868,71.60177065887399,85.14534480602596,13.543574147151972,2503.079063660549,3002.0,2149.485155179397,2556.063251076899,406.57809589750195,1624.3118397663193,5.333333333333334,0.944669366,High
Barangay 869,869,85.98857075373758,95.59005376324124,9.601483009503667,2394.95693305261,2078.0,1786.842500262667,1986.361317200153,199.518816937486,833.0789342553193,3.383084577114428,1.0,High
Barangay 870,870,99.99999999999996,99.99999999999996,0.0,0.0,3139.0,3138.9999999999986,3138.9999999999986,0.0,1322.348822857397,2.951787471302066,1.0,High
Barangay 871,871,100.0,100.0,0.0,0.0,2480.0,2480.0,2480.0,0.0,1947.8748444836187,3.032820938928126,1.0,High
Barangay 872,872,79.8692864682335,84.09767240722363,4.2283859389901295,1018.1237058312508,1950.0,1557.4510861305532,1639.9046119408606,82.45352581030738,809.8576365333554,4.6137339055794,1.199790795,Medium
Barangay 873,873,92.89118902485096,100.0,7.108810975149041,2900.0000002089655,1335.0,1240.0973734817603,1335.0,94.90262651823969,327.250436246212,6.971153846153847,2.0,Medium
Barangay 874,874,99.97310550073806,100.0,0.02689449926194243,13.116745676539722,2030.0,2029.4540416649825,2030.0,0.5459583350175308,416.23002266019023,0.6944444444444444,1.024114931,High
Barangay 875,875,100.0,100.0,0.0,0.0,1003.0,1003.0,1003.0,0.0,325.14067894151214,-1.8590998043052838,1.884022709,Medium
Barangay 876,876,93.72905066142464,98.60032785757186,4.8712771961472185,1740.1493710271461,601.0,563.3115944751621,592.5879704240068,29.276375948844702,168.2405915048771,4.70383275261324,2.360839161,Low
Barangay 877,877,94.5922055869055,100.0,5.407794413094507,1596.9639953481928,805.0,761.4672549745893,805.0,43.53274502541069,272.5969098377767,-55.5984555984556,1.794416244,Medium
Barangay 878,878,91.5012936665582,100.0,8.498706333441802,1899.3128488026668,504.0,461.1665200794533,504.0,42.83347992054672,225.52092956960183,-47.5,1.543113102,Low
Barangay 879,879,82.750118917283,99.5312437181506,16.7811248008676,7159.850629319728,544.0,450.1606469100195,541.4499658267393,91.28931891671982,127.50170868493842,1.1152416356877324,2.216500878,Low
Barangay 880,880,92.11039953631372,100.0,7.889600463686278,4784.824645467503,3751.0,3455.061086607128,3751.0,295.9389133928721,618.4947941053715,9.774656131109161,2.067133443,High
Barangay 881,881,99.99999999999828,99.99999999999622,-2.0605739337042905e-12,-8.949427865445614e-10,2443.0,2442.999999999958,2442.9999999999077,-5.047695594839752e-11,562.4606066582377,5.075268817204301,1.723901882,High
Barangay 882,882,100.0,100.0,0.0,0.0,1312.0,1312.0,1312.0,0.0,586.6585880593931,1.078582434514638,2.0,Medium
Barangay 883,883,89.71294789531987,99.59764857882796,9.884700683508086,4913.466268899203,2239.0,2008.672903376212,2229.991351679958,221.31844830374598,450.4324161226606,1.8190086402910415,2.189325277,High
Barangay 884,884,85.12971940994547,96.4120121175419,11.28229270759644,9488.383329715827,2341.0,1992.8867313868234,2257.005203671656,264.1184722848327,278.3598249637147,5.640794223826714,2.220172568,High
Barangay 885,885,54.70262849602341,79.34403049196018,24.641401995936775,7852.561807564176,694.0,379.63624176240245,550.6475716142037,171.01132985180124,217.77775717355104,11.396468699839486,2.0,Low
Barangay 886,886,67.25721959441493,88.4608859294758,21.20366633506086,4728.864669668326,406.0,273.0643115533246,359.1511968736717,86.08688532034711,182.0455676655789,5.729166666666666,2.288439955,Low
Barangay 887,887,83.50292483059326,96.3194434623143,12.816518631721038,4619.288116582531,723.0,603.7261465251893,696.3895762325324,92.66342970734308,200.60110425824183,8.721804511278195,2.490304709,Medium
Barangay 888,888,78.06099785377421,98.46096219867474,20.399964344900525,13236.44390238967,846.0,660.3960418429298,832.9797402007883,172.58369835785857,130.38524518409417,1.0752688172043012,2.300656117,Medium
Barangay 889,889,68.6973779524034,99.83711812524892,31.13974017284552,19117.98979108443,952.0,653.9990381068804,950.4493645523697,296.4503264454893,155.06354469534102,10.185185185185185,2.132113821,Medium
Barangay 890,890,56.39468776501915,90.98385499965347,34.589167234634324,30201.24181446797,1063.0,599.4755309421536,967.1583786463164,367.6828477041628,121.74428123284105,1.334604385128694,1.981963928,Medium
Barangay 891,891,52.22209159301677,62.96156987771554,10.73947828469877,4241.760299913469,931.0,486.18767273098615,586.1722155615316,99.98454283054548,235.7147404877759,22.5,2.279216677,Low
Barangay 892,892,92.647028335931,99.99999999998695,7.352971664055957,2082.564247135164,1294.0,1198.852546666947,1293.9999999998313,95.1474533328842,456.8764371316351,13.111888111888112,1.430079156,Medium
Barangay 893,893,92.40961412660234,95.27999003933704,2.8703759127347013,1552.4764183097504,674.0,622.8407992132998,642.1871328651316,19.346333651831856,124.61595824363684,1.812688821752266,2.148404993,Low
Barangay 894,894,98.64241271583025,100.0,1.3575872841697532,517.4357530407287,1724.0,1700.5951952209136,1724.0,23.404804779086362,452.3229143241087,-8.541114058355438,1.963815789,High
Barangay 895,895,100.0,100.0,0.0,0.0,720.0,720.0,720.0,0.0,346.38640303633326,29.496402877697843,2.23253012,Medium
Barangay 896,896,70.527333664185,99.845416169699,29.318082505514013,37931.628996203886,1371.0,966.9297445359763,1368.8806556865734,401.9509111505971,105.96721569506632,8.379446640316205,1.786073501,High
Barangay 897,897,99.83825982591404,99.99999999999996,0.16174017408592078,108.85848381664255,2184.0,2180.4675945979625,2183.999999999999,3.532405402036602,324.49518661186744,0.8310249307479225,1.643361845,High
Barangay 898,898,71.4086975541667,91.80350234582042,20.394804791653726,12192.346986886732,7812.0,5578.447452931502,7171.689603255491,1593.2421503239893,1306.7559117515061,2.843601895734597,1.844769874,High
Barangay 899,899,98.1046760161782,100.0,1.8953239838217968,312.66141017936025,1569.0,1539.262366693836,1569.0,29.73763330616407,951.1130039714501,0.44814340588988477,1.894259819,High
Barangay 900,900,51.3809779072973,96.84645212989356,45.465474222596264,29588.567000820396,8689.0,4464.493170365062,8414.988225566452,3950.4950552013906,1335.142406555835,1.258594569397506,1.95234435,High
Barangay 901,901,96.97793584977047,100.0,3.022064150229525,227.5583716547908,1616.0,1567.1634433322909,1616.0,48.83655666770915,2146.111185124617,0.37267080745341613,1.794019934,High
Barangay 902,902,92.98227173593968,100.0,7.017728264060324,833.3023084470515,1337.0,1243.1729731095136,1337.0,93.82702689048642,1125.9662422553793,0.677710843373494,1.669473684,Medium
Barangay 903,903,100.0,100.0,0.0,0.0,3879.0,3879.0,3879.0,0.0,1481.5359325504987,5.09347060417231,1.525358852,High
Barangay 904,904,46.98121517415274,100.0,53.01878482584726,7030.338713048116,1799.0,845.1920609830077,1799.0,953.8079390169923,1356.70268239957,0.11129660545353368,1.47834275,High
Barangay 905,905,43.67219808814989,62.40764378331448,18.735445695164586,30574.73772898427,7428.0,3243.9708739877738,4635.639780224599,1391.6689062368255,455.16953197526533,0.5822613405551794,1.774356618,High
