Barangay,Population_2020,Population_2024,Population_Change_2020_2024_Pct,Population_Change_2020_2024_Pct_Winsorized,Vulnerability,Vulnerability_WinsorizedPopChange,Vulnerability_Sensitivity_Diff,DPI_Scaled,DPI_Risk_Class
Barangay 481,1004,1943.0,93.52589641434263,93.52589641434263,0.4242523668812104,0.6793266246875782,0.25507425780636783,25.647750061225196,High
Barangay 124,159,307.0,93.08176100628931,93.08176100628931,0.34567821122139036,0.5998957820915836,0.2542175708701932,17.279108363725577,Low
Barangay 729,871,1775.0,103.78874856486797,93.93641050036327,0.35306994436566863,0.6043519807901715,0.25128203642450286,16.895220167600616,Low
Barangay 8,147,301.0,104.76190476190477,93.93641050036327,0.34093034407563616,0.5917595942628174,0.2508292501871813,14.254624387355927,Low
Barangay 271,633,1315.0,107.74091627172196,93.93641050036327,0.38337289881213166,0.6328160863954111,0.24944318758327944,24.254523896647424,High
Barangay 296,1195,2273.0,90.2092050209205,90.2092050209205,0.4273908001298845,0.6760675356118755,0.24867673548199098,27.15409142041863,High
Barangay 262,1736,3638.0,109.56221198156682,93.93641050036327,0.44920743122777923,0.6978032136010609,0.24859578237328167,35.6689458862556,High
Barangay 397,4175,8835.0,111.61676646706586,93.93641050036327,0.5254750648146062,0.7731149122642917,0.2476398474496856,64.59067080573784,High
Barangay 692,1329,2508.0,88.71331828442437,88.71331828442437,0.35960121323773325,0.6053925525051552,0.24579133926742197,20.255749833540385,Medium
Barangay 490,471,1048.0,122.50530785562633,93.93641050036327,0.3911694073665432,0.6337430776698887,0.24257367030334548,20.89885623767213,Medium
Barangay 632,254,576.0,126.77165354330708,93.93641050036327,0.3841812998180624,0.6247699418012673,0.2405886419832049,16.612206057816632,Low
Barangay 697,1967,3568.0,81.39298423995933,81.39298423995933,0.3649429532833656,0.5966141966732388,0.23167124338987316,26.95840623937847,High
Barangay 396,1666,4237.0,154.3217286914766,93.93641050036327,0.44449021594937493,0.6722604687549215,0.22777025280554658,38.70344868573031,High
Barangay 676,1431,2564.0,79.17540181691125,79.17540181691125,0.3089209727346445,0.5363147506100195,0.22739377787537507,29.164983045944858,High
Barangay 404,723,1268.0,75.38035961272476,75.38035961272476,0.3441053457602481,0.5641789167356422,0.22007357097539415,21.797653118849013,Medium
Barangay 696,2420,4121.0,70.2892561983471,70.2892561983471,0.3556910134276819,0.5659444221130939,0.21025340868541204,25.4003380774154,High
Barangay 465,762,1292.0,69.5538057742782,69.5538057742782,0.40982616468978,0.6186609727433138,0.20883480805353377,21.710970991737558,Medium
Barangay 407,1571,2637.0,67.85486950986632,67.85486950986632,0.3652902889213643,0.5708480412015379,0.2055577522801736,30.1770353470029,High
Barangay 541,485,812.0,67.42268041237114,67.42268041237114,0.23307009427148553,0.4377942026965022,0.20472410842501668,1.8590004085470897,Low
Barangay 240,56,91.0,62.5,62.5,0.3651856818025305,0.5604144968468076,0.19522881504427703,15.422951184362468,Low
Barangay 648,5634,9086.0,61.2708555200568,61.2708555200568,0.529859257720407,0.722717192173889,0.19285793445348198,67.88079187099471,High
Barangay 392,695,1115.0,60.431654676258994,60.431654676258994,0.3536246515555859,0.5448638625597052,0.19123921100411928,20.762442698707382,Medium
Barangay 321,240,384.0,60.0,60.0,0.3466424901955227,0.5370490881825654,0.19040659798704268,16.529185722560822,Low
Barangay 727,1790,2842.0,58.770949720670394,58.770949720670394,0.32384482233723455,0.5118807214358047,0.1880358990985701,18.108434451561966,Medium
Barangay 730,1539,2443.0,58.73944119558154,58.73944119558154,0.31211648569737854,0.5000916084170959,0.18797512271971734,10.66162628689902,Low
Barangay 290,1093,1713.0,56.72461116193962,56.72461116193962,0.38493370802590404,0.5690224516433591,0.18408874361745503,23.85064499390591,High
Barangay 399,1068,1647.0,54.21348314606742,54.21348314606742,0.4071187041360291,0.5863637660130689,0.17924506187703987,24.25304207774509,High
Barangay 389,1174,1788.0,52.29982964224872,52.29982964224872,0.35906056859624097,0.5346144094461805,0.17555384084993958,24.09872154500944,High
Barangay 638,545,828.0,51.92660550458715,51.92660550458715,0.33063249767765374,0.5054664314064721,0.17483393372881834,18.668120819488827,Medium
Barangay 281,2288,3436.0,50.17482517482518,50.17482517482518,0.3880546951980494,0.5595096429321854,0.171454947734136,29.83900176364379,High
Barangay 47,1123,1677.0,49.33214603739982,49.33214603739982,0.32377766925498425,0.4936071843050131,0.16982951505002886,13.740090880708136,Low
Barangay 687,1434,2106.0,46.86192468619247,46.86192468619247,0.3306113534336161,0.4956760910696703,0.16506473763605423,24.60947588009657,High
Barangay 406,449,651.0,44.98886414253897,44.98886414253897,0.33534238353710816,0.4967941993720271,0.16145181583491897,17.830881226493396,Medium
Barangay 654,1042,1492.0,43.186180422264876,43.186180422264876,0.31688425574527684,0.47485889870631404,0.1579746429610372,15.806458900070425,Low
Barangay 656,364,519.0,42.582417582417584,42.582417582417584,0.33411335576119594,0.4909234085362988,0.15681005277510285,11.445546811932635,Low
Barangay 725,1409,1990.0,41.234918381831086,41.234918381831086,0.3104786648629703,0.46468954418620206,0.15421087932323174,17.024741648534658,Low
Barangay 617,921,1300.0,41.15092290988056,41.15092290988056,0.35979147934929284,0.5138403409134965,0.15404886156420367,21.830202257409205,Medium
Barangay 630,4660,6552.0,40.60085836909872,40.60085836909872,0.32153024217515175,0.47451809149490015,0.1529878493197484,42.67574315443043,High
Barangay 677,1591,2235.0,40.4776869893149,40.4776869893149,0.331594145658703,0.4843444113270288,0.15275026566832584,26.374461077693255,High
Barangay 459,752,1049.0,39.494680851063826,39.494680851063826,0.3552022361898628,0.5060563942712925,0.15085415808142966,20.1220834740605,Medium
Barangay 305,645,899.0,39.37984496124031,39.37984496124031,0.36681494871368536,0.5174476013604391,0.15063265264675374,19.90350477161704,Medium
Barangay 479,2307,3179.0,37.79800606848721,37.79800606848721,0.36449272608344513,0.5120741905340266,0.14758146445058146,33.21570509826003,High
Barangay 343,2209,3037.0,37.483023992756905,37.483023992756905,0.3726210985112755,0.5195949981865332,0.1469738996752577,30.11681747983637,High
Barangay 531,956,1310.0,37.029288702928866,37.029288702928866,0.281944983601342,0.4280436792549686,0.1460986956536266,19.691459003157867,Medium
Barangay 300,981,1341.0,36.69724770642202,36.69724770642202,0.4345266693759314,0.5799848955267354,0.145458226150804,20.759273239936764,Medium
Barangay 659-A,2607,3547.0,36.056770233985425,36.056770233985425,0.36028632507745345,0.5045091426713142,0.14422281759386074,34.58541551606644,High
Barangay 537,1085,1474.0,35.85253456221198,35.85253456221198,0.2750563584745106,0.41888522857232274,0.14382887009781214,18.35597516691927,Medium
Barangay 801,614,832.0,35.50488599348534,35.50488599348534,0.3403043061343645,0.483462601488962,0.14315829535459745,9.626917799858717,Low
Barangay 434,1173,1582.0,34.86786018755328,34.86786018755328,0.33920457129661186,0.48113411596830374,0.1419295446716919,23.586305749218134,High
Barangay 353,2232,3010.0,34.85663082437276,34.85663082437276,0.36157739016766155,0.503485274668685,0.14190788450102343,30.475981256140994,High
Barangay 485,1337,1800.0,34.62976813762154,34.62976813762154,0.37706928318542826,0.518539575239371,0.14147029205394274,25.414483552709093,High
Barangay 586,5105,6859.0,34.35847208619001,34.35847208619001,0.21377800729787513,0.3547249999731086,0.14094699267523345,8.71306284381804,Low
Barangay 416,821,1099.0,33.86114494518879,33.86114494518879,0.3420302926110488,0.48201799751733754,0.13998770490628876,20.94716457991254,Medium
Barangay 710,559,747.0,33.631484794275494,33.631484794275494,0.36987250767357116,0.5094172241410194,0.13954471646744826,17.365001744935224,Low
Barangay 289,1017,1352.0,32.94001966568339,32.94001966568339,0.37122769191853117,0.5094386504109476,0.13821095849241644,21.93671112668979,Medium
Barangay 681,1094,1453.0,32.81535648994516,32.81535648994516,0.30752169106859245,0.44549218840402743,0.13797049733543498,21.830042777902538,Medium
Barangay 658,2108,2793.0,32.49525616698292,32.49525616698292,0.3211858688547064,0.4585389288951755,0.1373530600404691,16.15819835357367,Low
Barangay 480,810,1073.0,32.46913580246913,32.46913580246913,0.3662662473754499,0.5035689241889991,0.13730267681354924,20.98229662993697,Medium
Barangay 719,6690,8846.0,32.22720478325859,32.22720478325859,0.31135360705427123,0.448189626312816,0.13683601925854477,37.148713850821444,High
Barangay 517,1029,1355.0,31.68124392614188,31.68124392614188,0.33116712482605776,0.4669500473814943,0.13578292255543656,21.493636967640146,Medium
Barangay 330,2244,2949.0,31.417112299465238,31.417112299465238,0.4235305367944819,0.5588039793357124,0.13527344254123047,30.872203767622935,High
Barangay 720,1238,1604.0,29.563812600969307,29.563812600969307,0.3344960822834661,0.46619471945739493,0.13169863717392882,15.113509370729842,Low
Barangay 895,556,720.0,29.496402877697843,29.496402877697843,0.32825168103398655,0.45982029248096207,0.13156861144697551,18.01346383645558,Medium
Barangay 374,3277,4221.0,28.80683552029295,28.80683552029295,0.33763686348018945,0.46787537753796915,0.1302385140577797,8.947320080037393,Low
Barangay 484,1777,2285.0,28.58750703432752,28.58750703432752,0.4186632537216588,0.5484787079529746,0.1298154542313158,28.84681130765916,High
Barangay 709,4154,5339.0,28.526721232546944,28.526721232546944,0.40202851019681257,0.5317267154960547,0.1296982052992421,25.783901587084546,High
Barangay 605,1751,2242.0,28.041119360365506,28.041119360365506,0.29804489387535177,0.4268064281221706,0.12876153424681885,5.396232771230891,Low
Barangay 369,1396,1785.0,27.865329512893982,27.865329512893982,0.37365223085210825,0.5020746863785409,0.12842245552643267,24.123125448520657,High
Barangay 669,2928,3738.0,27.66393442622951,27.66393442622951,0.2841741236085558,0.41220811080612574,0.12803398719756992,24.48352033848633,High
Barangay 667,2371,3010.0,26.950653732602277,26.950653732602277,0.32143548672705063,0.44809363619365844,0.1266581494666078,18.372163140273166,Medium
Barangay 743,1607,2028.0,26.197884256378345,26.197884256378345,0.31480686746750464,0.4400130098107475,0.12520614234324284,22.490618311539578,Medium
Barangay 660-A,2457,3099.0,26.129426129426133,26.129426129426133,0.3125666613291627,0.4376407556934075,0.12507409436424477,29.36884093549142,High
Barangay 313,2848,3587.0,25.94803370786517,25.94803370786517,0.3822787642390457,0.5070029731515687,0.124724208912523,35.80313103349904,High
Barangay 755,1372,1722.0,25.510204081632654,25.510204081632654,0.27573633455750024,0.39961601967331095,0.12387968511581071,23.056940075490314,High
Barangay 471,1415,1773.0,25.300353356890458,25.300353356890458,0.34708208386751704,0.47055699068559775,0.12347490681808071,24.131096997796018,High
Barangay 268,489,609.0,24.539877300613497,24.539877300613497,0.35761869508467575,0.47962672965867764,0.12200803457400189,17.793901721691157,Medium
Barangay 266,1665,2072.0,24.444444444444443,24.444444444444443,0.40562182625260973,0.527445781647876,0.1218239553952663,26.118436112656372,High
Barangay 132,925,1151.0,24.43243243243243,24.43243243243243,0.3362008302048349,0.4580016157884148,0.12180078558357993,20.69699011897665,Medium
Barangay 809,1189,1479.0,24.390243902439025,24.390243902439025,0.2994506321835177,0.4211700408675161,0.12171940868399839,21.896754719366218,Medium
Barangay 726,595,738.0,24.03361344537815,24.03361344537815,0.2830095475882677,0.40404105648299876,0.12103150889473108,9.348099645721476,Low
Barangay 821,1995,2474.0,24.01002506265664,24.01002506265664,0.4203970929897262,0.5413831025638524,0.12098600957412614,28.23308855757764,High
Barangay 469,1956,2424.0,23.92638036809816,23.92638036809816,0.448623932402424,0.5694486008274113,0.12082466842498735,28.112924534047234,High
Barangay 647,2440,3019.0,23.729508196721312,23.729508196721312,0.36498247423825086,0.485427398526075,0.12044492428782416,30.980095926286655,High
Barangay 701,2695,3328.0,23.487940630797773,23.487940630797773,0.3623504094920007,0.48232937728507635,0.11997896779307565,13.759612242649135,Low
Barangay 388,1260,1553.0,23.253968253968253,23.253968253968253,0.35636389873171864,0.4758915602902068,0.11952766155848815,23.01576593621676,High
Barangay 482,701,864.0,23.25249643366619,23.25249643366619,0.3490374402156333,0.4685622627993351,0.11952482258370178,19.186700800012172,Medium
Barangay 616,910,1117.0,22.747252747252748,22.747252747252748,0.3341100207074606,0.4526602854020893,0.1185502646946287,20.665194005325407,Medium
Barangay 339,1265,1551.0,22.608695652173914,22.608695652173914,0.35176817549147127,0.4700511792311839,0.11828300373971262,25.561337322630585,High
Barangay 633,447,548.0,22.595078299776286,22.595078299776286,0.32277219936689683,0.44102893677500693,0.1182567374081101,16.28852425386119,Low
Barangay 891,760,931.0,22.5,22.5,0.31402594983782767,0.4320992919663562,0.11807334212852855,13.021452397297429,Low
Barangay 844,3500,4285.0,22.428571428571427,22.428571428571427,0.44855612078907053,0.5664916852873924,0.11793556449832182,32.21313675271952,High
Barangay 287,2546,3117.0,22.427336999214454,22.427336999214454,0.36558371591297756,0.48351689933677894,0.11793318342380138,33.1169356468076,High
Barangay 768,1147,1403.0,22.319093286835223,22.319093286835223,0.359290228784151,0.477014622337483,0.11772439355333197,22.831064698136462,Medium
Barangay 506,668,816.0,22.15568862275449,22.15568862275449,0.32114787189234567,0.438557076342333,0.11740920444998731,18.82817740762972,Medium
Barangay 467,1160,1417.0,22.155172413793103,22.155172413793103,0.3998894791720355,0.5172976879133593,0.1174082087413238,22.38719350804546,Medium
Barangay 758,399,487.0,22.05513784461153,22.05513784461153,0.2944322589093473,0.411647512288343,0.11721525337899569,15.921448334737832,Low
Barangay 664,456,555.0,21.710526315789476,21.710526315789476,0.3252730359701293,0.4418235727121629,0.11655053674203358,18.300627541917812,Medium
Barangay 659,361,439.0,21.60664819944598,21.60664819944598,0.3376319238148892,0.4539820914271207,0.11635016761223149,17.29130724670445,Low
Barangay 354,1810,2200.0,21.54696132596685,21.54696132596685,0.34827883998464654,0.46451387837312447,0.11623503838847793,26.666532508066705,High
Barangay 822,897,1087.0,21.181716833890746,21.181716833890746,0.3358212128253329,0.4513517359259107,0.11553052310057782,20.076180048572965,Medium
Barangay 269,904,1095.0,21.128318584070797,21.128318584070797,0.33828538856990437,0.4537129124900389,0.11542752392013456,20.435678519935767,Medium
Barangay 276,2543,3077.0,20.99882029099489,20.99882029099489,0.42758618234388884,0.5427639187129221,0.11517773636903322,35.27249908624141,High
Barangay 75,1350,1631.0,20.814814814814813,20.814814814814813,0.320520986251604,0.43534379688229324,0.11482281063068922,23.597749624531332,High
Barangay 367,1708,2063.0,20.784543325526933,20.784543325526933,0.35916007894321006,0.4739244992971024,0.11476442035389234,25.45207566063712,High
Barangay 715,180,217.0,20.555555555555554,20.555555555555554,0.33741297088930694,0.45173569975109773,0.11432272886179079,12.497668854310712,Low
Barangay 315,1786,2150.0,20.38073908174692,20.38073908174692,0.3299315986423446,0.4439171263113812,0.11398552766903658,26.196447409686247,High
Barangay 169,914,1100.0,20.350109409190374,20.350109409190374,0.3453650141452304,0.4592914606424831,0.1139264464972527,20.193055966383394,Medium
Barangay 344,536,644.0,20.149253731343283,20.149253731343283,0.31878714133522507,0.4323261599621751,0.11353901862695004,15.420882996154656,Low
Barangay 403,630,755.0,19.841269841269842,19.841269841269842,0.3309054117932666,0.44385036435299047,0.11294495255972387,18.47837985432957,Medium
Barangay 14,2070,2479.0,19.758454106280194,19.758454106280194,0.4460251499603746,0.5588103603401486,0.11278521037977401,29.363986301427854,High
Barangay 823,3002,3590.0,19.586942038640906,19.586942038640906,0.4451234501200416,0.557577833132579,0.1124543830125374,34.40258651235329,High
Barangay 559,1285,1535.0,19.45525291828794,19.45525291828794,0.36579427538131526,0.4779946449848853,0.11220036960357005,17.440001696625142,Low
Barangay 37,2057,2456.0,19.397180359747203,19.397180359747203,0.5087830138569084,0.6208713680675375,0.11208835421062913,22.713953255016612,Medium
Barangay 825,388,463.0,19.329896907216497,19.329896907216497,0.26952975221787706,0.381488324263521,0.11195857204564391,14.39770812946731,Low
Barangay 247,737,876.0,18.860244233378562,18.860244233378562,0.3912292968941305,0.5022819620858716,0.11105266519174112,21.046962043183328,Medium
Barangay 139,371,440.0,18.598382749326145,18.598382749326145,0.35409360920293037,0.46464117322865933,0.11054756402572896,16.694485971853375,Low
Barangay 350,6776,8026.0,18.44746162927981,18.44746162927981,0.34578839378551135,0.4560448480514867,0.11025645426597536,11.339453688035995,Low
Barangay 457,2445,2895.0,18.404907975460123,18.404907975460123,0.3827172839929181,0.49289165707677457,0.11017437308385647,30.628602126887262,High
Barangay 737,2209,2615.0,18.379357175192396,18.379357175192396,0.4123350425121857,0.5224601309940914,0.11012508848190566,12.517392505919526,Low
Barangay 538,821,971.0,18.270401948842874,18.270401948842874,0.24603134528147752,0.3559462714629922,0.10991492618151466,17.03575828802613,Low
Barangay 229,1545,1825.0,18.12297734627832,18.12297734627832,0.3837199082000713,0.4933504690083288,0.1096305608082575,21.4077261685747,Medium
Barangay 714,1371,1617.0,17.943107221006567,17.943107221006567,0.38989520074073925,0.4991788124345278,0.10928361169378853,14.759623575018393,Low
Barangay 25,2545,3000.0,17.87819253438114,17.87819253438114,0.3800261264644121,0.4891845250745566,0.10915839861014454,20.490226654054556,Medium
Barangay 260,1645,1935.0,17.62917933130699,17.62917933130699,0.37961793058887533,0.4882960109128836,0.10867808032400827,24.958250409250653,High
Barangay 86,1415,1662.0,17.45583038869258,17.45583038869258,0.38522270883594095,0.4935664186687778,0.10834370983283687,25.011775512400035,High
Barangay 302,654,766.0,17.12538226299694,17.12538226299694,0.40064472095572556,0.5083510337532581,0.10770631279753251,19.21046137967727,Medium
Barangay 466,1237,1448.0,17.057396928051737,17.057396928051737,0.3665954412111286,0.4741706179919354,0.1075751767808068,22.341821762892103,Medium
Barangay 571,2097,2452.0,16.92894611349547,16.92894611349547,0.346805975264686,0.45413338496190514,0.10732740969721916,12.352303042606744,Low
Barangay 626,1285,1502.0,16.88715953307393,16.88715953307393,0.32653120836640753,0.4337780164792779,0.10724680811287035,22.967610252358906,High
Barangay 265,125,146.0,16.8,16.8,0.3103236338326838,0.41740232107071823,0.10707868723803443,16.133936965442373,Low
Barangay 333,877,1024.0,16.76168757126568,16.76168757126568,0.35366795736567225,0.46067274426476795,0.1070047868990957,20.663397975488145,Medium
Barangay 845,1309,1527.0,16.653934300993125,16.653934300993125,0.4115713610319964,0.5183683040679395,0.10679694303594317,21.672330211129584,Medium
Barangay 660,332,387.0,16.566265060240966,16.566265060240966,0.33550845799120044,0.4421362969838838,0.10662783899268335,16.56878181862053,Low
Barangay 663,604,704.0,16.55629139072848,16.55629139072848,0.3582772027416054,0.4648858036545902,0.1066086009129848,18.440192846828303,Medium
Barangay 674,1398,1629.0,16.523605150214593,16.523605150214593,0.2761340176641995,0.3826795705185671,0.10654555285436762,23.88951914849071,High
Barangay 523,1115,1299.0,16.50224215246637,16.50224215246637,0.3161490022643239,0.42265334831383755,0.10650434604951364,7.319507735974649,Low
Barangay 738,3047,3548.0,16.44240236297998,16.44240236297998,0.3191371482680191,0.42552607013610766,0.10638892186808857,29.51693633791015,High
Barangay 826,1760,2048.0,16.363636363636363,16.363636363636363,0.36757943717731756,0.4738164283471802,0.10623699116986263,25.477692849312707,High
Barangay 137,911,1060.0,16.355653128430298,16.355653128430298,0.3443530728657153,0.45057466527838486,0.10622159241266954,19.982906972599228,Medium
Barangay 769,1997,2317.0,16.024036054081122,16.024036054081122,0.33349264327335953,0.4390745838810704,0.10558194060771087,21.65772129834865,Medium
Barangay 785,932,1081.0,15.987124463519315,15.987124463519315,0.4083622613728204,0.5138730036998845,0.10551074232706414,21.61367566943718,Medium
Barangay 345,1149,1332.0,15.926892950391643,15.926892950391643,0.33916571089389275,0.44456027344896193,0.10539456255506918,21.42851882194484,Medium
Barangay 621,1787,2070.0,15.836597649692221,15.836597649692221,0.27876861917759826,0.3839890123169792,0.10522039313938092,18.188819976155973,Medium
Barangay 93,3960,4586.0,15.808080808080808,15.808080808080808,0.4081420182933848,0.513307405672751,0.1051653873793662,32.0679835532222,High
Barangay 72,3233,3743.0,15.774822146613051,15.774822146613051,0.41646251828603525,0.5215637534715492,0.1051012351855139,13.666094384515675,Low
Barangay 405,999,1153.0,15.415415415415415,15.415415415415415,0.32413323751510376,0.4285412177927512,0.10440798027764742,20.975888807765504,Medium
Barangay 694,1281,1478.0,15.378610460577674,15.378610460577674,0.28200326293573147,0.3863402506209752,0.10433698768524374,24.2757743787536,High
Barangay 355,970,1118.0,15.257731958762887,15.257731958762887,0.32174009286450234,0.4258439196004244,0.10410382673592206,19.970816575349904,Medium
Barangay 303,641,738.0,15.132605304212168,15.132605304212168,0.345482200078521,0.44934467165928743,0.10386247158076645,19.54804942292519,Medium
Barangay 814,2196,2528.0,15.1183970856102,15.1183970856102,0.38994641277638054,0.4937814783115088,0.10383506553512828,28.39878097637453,High
Barangay 362,252,290.0,15.079365079365079,15.079365079365079,0.31511617652327756,0.41887595373588854,0.10375977721261098,15.644033940138454,Low
Barangay 422,2304,2650.0,15.01736111111111,15.01736111111111,0.36683166707971565,0.4704718456549944,0.10364017857527874,29.63412020687317,High
Barangay 377,578,663.0,14.705882352941178,14.705882352941178,0.2703123568321362,0.37335172813516976,0.10303937130303353,15.874325921062965,Low
Barangay 712,1068,1225.0,14.700374531835205,14.700374531835205,0.37896850594318643,0.48199725328266574,0.10302874733947931,21.331366852407093,Medium
Barangay 411,1903,2182.0,14.66106148187073,14.66106148187073,0.32229388302844086,0.4252467999438759,0.10295291691543501,26.392447726881667,High
Barangay 66,2956,3388.0,14.614343707713125,14.614343707713125,0.37161407822232234,0.4744768818387899,0.10286280361646755,18.329836431688587,Medium
Barangay 375,3909,4466.0,14.249168585315939,14.249168585315939,0.4389220273852961,0.5410804495201231,0.10215842213482701,8.73125380536687,Low
Barangay 491,813,926.0,13.899138991389915,13.899138991389915,0.3358112676475245,0.43729452231100474,0.10148325466348024,19.34906849338444,Medium
Barangay 390,792,900.0,13.636363636363635,13.636363636363635,0.3118449634865259,0.41282135423031474,0.10097639074378884,19.135446504646286,Medium
Barangay 819,2007,2280.0,13.602391629297458,13.602391629297458,0.46771644757484054,0.5686273101618521,0.10091086258701154,27.477907086607555,High
Barangay 527,2134,2424.0,13.58950328022493,13.58950328022493,0.2998216682130876,0.40070767063340434,0.10088600242031676,9.11388244753472,Low
Barangay 378,602,683.0,13.455149501661129,13.455149501661129,0.25647463792867703,0.3571014871159161,0.10062684918723908,11.596272806099355,Low
Barangay 358,1029,1167.0,13.411078717201166,13.411078717201166,0.348524308297796,0.44906614992961574,0.10054184163181973,19.61717043603736,Medium
Barangay 251,1181,1339.0,13.378492802709568,13.378492802709568,0.4168352992285799,0.5173142863193249,0.10047898709074493,22.043687838593968,Medium
Barangay 867,2116,2396.0,13.23251417769376,13.23251417769376,0.4034236427409315,0.5036210535854594,0.10019741084452788,27.624321729710477,High
Barangay 245,281,318.0,13.167259786476867,13.167259786476867,0.3630967977310999,0.46316834024027337,0.1000715425091735,17.01370655932553,Low
Barangay 892,1144,1294.0,13.111888111888112,13.111888111888112,0.3591428257073824,0.4591075625230802,0.09996473681569784,21.65416881850625,Medium
Barangay 841,2250,2541.0,12.933333333333334,12.933333333333334,0.3514593523359159,0.45107967719209463,0.09962032485617872,28.01935518911029,High
Barangay 264,2443,2758.0,12.893982808022923,12.893982808022923,0.41705620917175734,0.5166006313181909,0.09954442214643355,30.852718949012964,High
Barangay 502,815,920.0,12.883435582822086,12.883435582822086,0.32142519442234174,0.42094927216506733,0.09952407774272559,19.14848753598632,Medium
Barangay 805,1237,1396.0,12.853678253839934,12.853678253839934,0.36588732799396767,0.46535400721693504,0.09946667922296737,15.805270158691611,Low
Barangay 458,1462,1649.0,12.790697674418606,12.790697674418606,0.3209780401923201,0.4203232370055434,0.09934519681322329,23.97610123188691,High
Barangay 301,448,505.0,12.723214285714285,12.723214285714285,0.3603072251853759,0.45952225417936327,0.09921502899398738,17.755802861942588,Medium
Barangay 433,464,523.0,12.71551724137931,12.71551724137931,0.2989079678493835,0.39810815011597794,0.09920018226659444,16.81882080456108,Low
Barangay 83,1473,1658.0,12.559402579769177,12.559402579769177,0.3816580717143552,0.48055712646730936,0.09889905475295419,24.826756028969225,High
Barangay 319,1209,1358.0,12.324234904880067,12.324234904880067,0.3664155176211527,0.4648609605448426,0.0984454429236899,22.3330651825905,Medium
Barangay 680,968,1085.0,12.086776859504132,12.086776859504132,0.2869844772025556,0.3849718904315298,0.0979874132289742,19.699449943638175,Medium
Barangay 413,1702,1907.0,12.044653349001175,12.044653349001175,0.35945560764289025,0.4573617693875213,0.09790616174463107,24.820268231851138,High
Barangay 284,961,1076.0,11.966701352757545,11.966701352757545,0.35611667458199187,0.45387247574825024,0.09775580116625837,8.549060725514924,Low
Barangay 359,410,459.0,11.951219512195122,11.951219512195122,0.31956166853628526,0.41728760698428874,0.09772593844800348,16.40520503370583,Low
Barangay 666,810,904.0,11.604938271604938,11.604938271604938,0.29115676860733863,0.3882147697333524,0.09705800112601376,19.017443362110225,Medium
Barangay 383,2267,2529.0,11.557123952359948,11.557123952359948,0.41261321097339576,0.5095789836890723,0.09696577271567652,28.774918775324544,High
Barangay 763,1779,1984.0,11.523327712197865,11.523327712197865,0.39748751410326494,0.49438809769662934,0.0969005835933644,23.42405186700898,High
Barangay 379,654,729.0,11.46788990825688,11.46788990825688,0.3439135010446534,0.4407071513885059,0.09679365034385251,18.323038169058425,Medium
Barangay 885,623,694.0,11.396468699839486,11.396468699839486,0.31753936763752416,0.41419525455358525,0.09665588691606108,15.35031956113992,Low
Barangay 160,1256,1399.0,11.385350318471337,11.385350318471337,0.41416426875206874,0.5107987095688169,0.09663444081674816,20.153577844558882,Medium
Barangay 501,845,941.0,11.36094674556213,11.36094674556213,0.3410591263761868,0.43764649546271883,0.09658736908653204,18.93881149801942,Medium
Barangay 291,2279,2537.0,11.320754716981133,11.320754716981133,0.36484428192383556,0.4613541251360524,0.09650984321221684,28.835663284372952,High
Barangay 299,1300,1447.0,11.307692307692307,11.307692307692307,0.3734011685023795,0.4698858158054438,0.09648464730306433,22.56879832156983,Medium
Barangay 102,4157,4616.0,11.04161655039692,11.04161655039692,0.45066774087506606,0.5466391581559918,0.09597141728092579,27.956271001950313,High
Barangay 840,2541,2820.0,10.979929161747345,10.979929161747345,0.38798894045301785,0.48384136974283876,0.0958524292898209,29.82427736197476,High
Barangay 683,784,869.0,10.841836734693878,10.841836734693878,0.29991451854909945,0.3955005831760355,0.09558606462693603,18.27269838178249,Medium
Barangay 536,944,1045.0,10.699152542372882,10.699152542372882,0.22642852334723362,0.32173936631576644,0.09531084296853282,11.868272488172563,Low
Barangay 834,1733,1918.0,10.675129832660128,10.675129832660128,0.3488682291739056,0.4441327350542233,0.09526450588031771,25.010124338346078,High
Barangay 429,2814,3113.0,10.62544420753376,10.62544420753376,0.37607286270831924,0.4712415306410435,0.09516866793272427,31.33535320851403,High
Barangay 556,822,909.0,10.583941605839415,10.583941605839415,0.2444470478025249,0.3395356619137251,0.09508861411120018,4.440587189415705,Low
Barangay 547,1059,1170.0,10.48158640226629,10.48158640226629,0.2726438455751646,0.3675350280829379,0.09489118250777334,1.2218606267626488,Low
Barangay 695,654,722.0,10.397553516819572,10.397553516819572,0.27506028526502385,0.36978937784736937,0.09472909258234552,17.416593315142602,Low
Barangay 341,1463,1615.0,10.38961038961039,10.38961038961039,0.3395595972240199,0.4342733684129591,0.0947137711889392,25.641120561973963,High
Barangay 53,2916,3218.0,10.356652949245541,10.356652949245541,0.4450712518647246,0.5397214518812277,0.09465020001650304,33.011469222387504,High
Barangay 288,2538,2800.0,10.323089046493301,10.323089046493301,0.4046076548308646,0.49919311387762394,0.09458545904675936,30.168568420201208,High
Barangay 54,1648,1818.0,10.315533980582524,10.315533980582524,0.391525559087374,0.486096445267052,0.09457088617967796,24.608426003669372,High
Barangay 750,1107,1220.0,10.20776874435411,10.20776874435411,0.26476863375902165,0.35913165299457267,0.09436301923555102,15.188529318252053,Low
Barangay 661,441,486.0,10.204081632653061,10.204081632653061,0.3462966415097355,0.44065254872411175,0.09435590721437626,17.52293486029009,Low
Barangay 363,559,616.0,10.196779964221825,10.196779964221825,0.3203916258256436,0.41473344894799774,0.09434182312235412,18.42243078968715,Medium
Barangay 889,864,952.0,10.185185185185185,10.185185185185185,0.30690630417745196,0.401225762283308,0.09431945810585601,20.728724605088757,Medium
Barangay 520,631,695.0,10.142630744849445,10.142630744849445,0.27782696642883736,0.37206434183547415,0.09423737540663679,15.11761183081853,Low
Barangay 332,582,640.0,9.965635738831615,9.965635738831615,0.34158305446972054,0.4354790265415316,0.09389597207181105,17.973939470361113,Medium
Barangay 532,987,1085.0,9.929078014184398,9.929078014184398,0.28128061977653634,0.3751060761350004,0.09382545635846407,2.5325373351083083,Low
Barangay 58,3719,4088.0,9.922022048937887,9.922022048937887,0.3998351614543869,0.4936470076544641,0.09381184620007721,37.50748506949574,High
Barangay 797,244,268.0,9.836065573770492,9.836065573770492,0.2732640322035988,0.3669100780913832,0.09364604588778441,14.758804078248101,Low
Barangay 668,2645,2905.0,9.829867674858223,9.829867674858223,0.32055810927243794,0.4141922001146809,0.09363409084224295,15.224765849469899,Low
Barangay 831,3350,3678.0,9.791044776119403,9.791044776119403,0.34049414446028137,0.4340533503247204,0.09355920586443905,33.87573762688017,High
Barangay 880,3417,3751.0,9.774656131109161,9.774656131109161,0.3478941782915505,0.4414217723145842,0.09352759402303368,35.194470363507676,High
Barangay 690,496,544.0,9.67741935483871,9.67741935483871,0.2974013401354552,0.3907413754220403,0.09334003528658508,9.738336785580646,Low
Barangay 63,1448,1588.0,9.668508287292818,9.668508287292818,0.33328619463357095,0.4266090414793888,0.09332284684581782,22.97947745783733,High
Barangay 516,1087,1192.0,9.659613615455381,9.659613615455381,0.32030356354846595,0.4136092535789826,0.09330569003051664,8.519519770348106,Low
Barangay 133,2115,2317.0,9.55082742316785,9.55082742316785,0.32963076361033944,0.4227266173880399,0.09309585377770047,26.59745481833717,High
Barangay 38,2870,3144.0,9.547038327526131,9.547038327526131,0.48727782827864036,0.5803663733196868,0.09308854504104641,3.26606259420549,Low
Barangay 635,660,723.0,9.545454545454547,9.545454545454547,0.28953944015245736,0.3826249302571356,0.09308549010467826,17.88647382000921,Medium
Barangay 662,1601,1753.0,9.494066208619612,9.494066208619612,0.3574819520471914,0.4504683198660982,0.09298636781890679,24.82243413433429,High
Barangay 138,2939,3217.0,9.458999659748214,9.458999659748214,0.40324964059677054,0.49616836901163514,0.0929187284148646,33.136042144403675,High
Barangay 424,1900,2079.0,9.421052631578947,9.421052631578947,0.32475970529125964,0.41760523818352047,0.09284553289226083,24.38125049549188,High
Barangay 292,2846,3113.0,9.38158819395643,9.38158819395643,0.3836466280288098,0.47641603848736763,0.09276941045855785,31.85432750879782,High
Barangay 748,812,888.0,9.35960591133005,9.35960591133005,0.2514638824949427,0.34419089161820543,0.0927270091232627,18.748789061234227,Medium
Barangay 437,899,983.0,9.343715239154617,9.343715239154617,0.32423707765933346,0.41693343547443007,0.09269635781509661,19.63307895332479,Medium
Barangay 749,616,673.0,9.253246753246753,9.253246753246753,0.29392692026501116,0.3864487746097529,0.09252185434474175,10.804042646941706,Low
Barangay 189,1481,1618.0,9.25050641458474,9.25050641458474,0.12793289285785744,0.22044946139946378,0.09251656854160634,2.572810538070618,Low
Barangay 782,1483,1619.0,9.170600134861767,9.170600134861767,0.38858053628388406,0.48094297465546626,0.0923624383715822,23.471603576742677,High
Barangay 539,1846,2015.0,9.15492957746479,9.15492957746479,0.206600766748948,0.29893297838885974,0.09233221163991173,1.064995978770257,Low
Barangay 783,2145,2341.0,9.137529137529137,9.137529137529137,0.4069256298819089,0.4992242780425163,0.0922986481606074,26.680784911140325,High
Barangay 460,789,861.0,9.125475285171103,9.125475285171103,0.29809081747171734,0.39036621511534614,0.0922753976436288,19.054767767404044,Medium
Barangay 384,3511,3830.0,9.085730561093705,9.085730561093705,0.3874027754656455,0.4796015100347219,0.0921987345690764,33.15770935536768,High
Barangay 838,2969,3238.0,9.06028965981812,9.06028965981812,0.35345286229755724,0.4456025242474005,0.09214966194984325,25.74559839725102,High
Barangay 693,511,557.0,9.001956947162427,9.001956947162427,0.2824347069793976,0.37447185172845576,0.09203714474905816,11.910298581906838,Low
Barangay 320,1300,1416.0,8.923076923076923,8.923076923076923,0.3469510319616436,0.4388360260716538,0.09188499411001017,23.27948596645146,High
Barangay 69,1968,2143.0,8.892276422764228,8.892276422764228,0.33763192818774607,0.42945751161856444,0.09182558343081837,8.49927694135241,Low
Barangay 723,540,588.0,8.88888888888889,8.88888888888889,0.28406750279448884,0.375886552055853,0.09181904926136414,12.181139254775083,Low
Barangay 865,79,86.0,8.860759493670885,8.860759493670885,0.28520678501871005,0.3769715758603022,0.09176479084159217,16.54048767471572,Low
Barangay 261,735,800.0,8.843537414965986,8.843537414965986,0.34706119269048613,0.4387927640914016,0.09173157140091548,19.7423975468359,Medium
Barangay 789,1620,1763.0,8.82716049382716,8.82716049382716,0.4136963572400279,0.5053963394135592,0.09169998217353131,24.61957373743652,High
Barangay 136,1197,1302.0,8.771929824561402,8.771929824561402,0.3488578847177261,0.44045133318109103,0.09159344846336492,21.85808478868776,Medium
Barangay 835,2706,2943.0,8.758314855875831,8.758314855875831,0.34967092447900594,0.4412381112086792,0.09156718672967323,30.841111628230756,High
Barangay 887,665,723.0,8.721804511278195,8.721804511278195,0.2969773511187912,0.3884741135258707,0.09149676240707949,17.694624099636886,Medium
Barangay 249,1610,1750.0,8.695652173913043,8.695652173913043,0.397335382559922,0.48878170006807004,0.09144631750814802,23.393679474532625,High
Barangay 847,2883,3132.0,8.636836628511967,8.636836628511967,0.39889419257456366,0.4902270615522062,0.09133286897764253,31.270514611288565,High
Barangay 608,756,821.0,8.597883597883598,8.597883597883598,0.3232698318739517,0.4145275648641034,0.09125773299015172,18.54380326519066,Medium
Barangay 365,1278,1387.0,8.528951486697965,8.528951486697965,0.3583492696373252,0.4494740403865367,0.09112477074921149,22.21423076415818,Medium
Barangay 322,799,867.0,8.51063829787234,8.51063829787234,0.3457363507848039,0.43682579746540445,0.09108944668060054,19.09131469476065,Medium
Barangay 896,1265,1371.0,8.379446640316205,8.379446640316205,0.3145731161284613,0.40540950894952826,0.09083639282106698,23.9737780529625,High
Barangay 860,3214,3480.0,8.276291225886744,8.276291225886744,0.4572887931862472,0.5479262108877111,0.09063741770146388,34.1844930599409,High
Barangay 855,2142,2319.0,8.26330532212885,8.26330532212885,0.39612580362631994,0.4867381729891418,0.09061236936282185,28.544224608990792,High
Barangay 850,2456,2655.0,8.102605863192181,8.102605863192181,0.5008104359708546,0.5911128342648874,0.09030239829403275,29.977925196550903,High
Barangay 106,2513,2716.0,8.07799442896936,8.07799442896936,0.3278996979671123,0.41815462358998023,0.09025492562286791,18.659524262103393,Medium
Barangay 342,1634,1765.0,8.017135862913097,8.017135862913097,0.3235889774583747,0.41372651379511644,0.09013753633674171,26.034077395385296,High
Barangay 846,1848,1996.0,8.008658008658008,8.008658008658008,0.4545068903306433,0.544628073846026,0.09012118351538267,22.123232359464346,Medium
Barangay 858,665,718.0,7.969924812030076,7.969924812030076,0.37488091797763795,0.46492738954043644,0.09004647156279849,18.350745919693754,Medium
Barangay 565,2464,2658.0,7.873376623376624,7.873376623376624,0.3281716992084261,0.41803194024235674,0.08986024103393064,22.635237329512307,Medium
Barangay 594,636,686.0,7.861635220125786,7.861635220125786,0.2986002525392658,0.3884378457351836,0.08983759319591778,17.681154962111144,Low
Barangay 578,1100,1186.0,7.818181818181818,7.818181818181818,0.25783404133655596,0.3475878178380541,0.08975377650149813,2.094945289663465,Low
Barangay 145,1029,1109.0,7.774538386783285,7.774538386783285,0.3863877798116812,0.4760573730734488,0.0896695932617676,20.60927015670372,Medium
Barangay 649,64750,69769.0,7.751351351351351,7.751351351351351,0.40073030344781585,0.49035517154247693,0.08962486809466108,78.7065024338904,High
Barangay 664-A,640,689.0,7.656250000000001,7.656250000000001,0.34395324018802614,0.4333946685392262,0.08944142835120006,18.092421188303085,Medium
Barangay 31,2881,3101.0,7.636237417563346,7.636237417563346,0.4094245235768647,0.4988273499215105,0.0894028263446458,8.467913879962323,Low
Barangay 856,1611,1733.0,7.572936064556177,7.572936064556177,0.3709817093620044,0.46026243456096344,0.08928072519895902,23.86256368420071,High
Barangay 497,1489,1601.0,7.521826729348556,7.521826729348556,0.33294704402617475,0.42212918510192493,0.08918214107575018,22.815751979783556,Medium
Barangay 39,2324,2498.0,7.487091222030981,7.487091222030981,0.360026361058845,0.4491415012722438,0.08911514021339878,4.216461958209632,Low
Barangay 360,741,796.0,7.422402159244265,7.422402159244265,0.31864997148090196,0.4076403338135061,0.08899036233260416,18.041291265354197,Medium
Barangay 109,3254,3495.0,7.406269207129687,7.406269207129687,0.3702419158443349,0.45920115953819085,0.08895924369385594,2.547761968618232,Low
Barangay 741,1207,1296.0,7.373653686826843,7.373653686826843,0.33399506021681574,0.4228913922633377,0.08889633204652198,12.668374862652731,Low
Barangay 803,1705,1830.0,7.331378299120235,7.331378299120235,0.2654555585250833,0.35427034613332525,0.08881478760824196,15.949035132075156,Low
Barangay 191,703,754.0,7.254623044096728,7.254623044096728,0.11486876611047105,0.20353550151871036,0.08866673540823931,0.5648360912153217,Low
Barangay 489,1142,1224.0,7.180385288966725,7.180385288966725,0.34266266670038165,0.43118620588098944,0.08852353918060779,21.945526516799152,Medium
Barangay 238,364,390.0,7.142857142857142,7.142857142857142,0.35351154408686364,0.4419626957209531,0.08845115163408945,16.531368207424478,Low
Barangay 599,4272,4577.0,7.139513108614231,7.139513108614231,0.3217923209016663,0.41023702227216924,0.08844470137050292,28.266000595627116,High
Barangay 557,1262,1352.0,7.131537242472266,7.131537242472266,0.3110209813458776,0.39945029817327815,0.08842931682740057,6.71458246683713,Low
Barangay 762,365,391.0,7.123287671232877,7.123287671232877,0.23669507048817184,0.3251084748263142,0.08841340433814238,15.56332875296295,Low
Barangay 766,3101,3321.0,7.09448564979039,7.09448564979039,0.49848099609929336,0.5868388445978027,0.0883578484985093,10.194833418598757,Low
Barangay 628,15202,16279.0,7.084594132351006,7.084594132351006,0.3929551768095137,0.48129394569037576,0.08833876888086206,98.35986437166382,High
Barangay 575,1007,1078.0,7.0506454816285995,7.0506454816285995,0.35429141901442046,0.442564704790249,0.08827328577582855,19.481068908056727,Medium
Barangay 604,1477,1581.0,7.0412999322951935,7.0412999322951935,0.3764905763710633,0.46474583563992994,0.08825525926886663,22.01788135190691,Medium
Barangay 843,8744,9355.0,6.987648673376029,6.987648673376029,0.5911393433483698,0.6792911154108756,0.0881517720625058,66.60132560153181,High
Barangay 815,1374,1470.0,6.986899563318777,6.986899563318777,0.2890365900115937,0.3771869171255812,0.08815032711398751,21.921346891929122,Medium
Barangay 873,1248,1335.0,6.971153846153847,6.971153846153847,0.3246479994188988,0.4127679548265299,0.08811995540763107,21.65036491097156,Medium
Barangay 702,3342,3572.0,6.882106523040096,6.882106523040096,0.3709359648874882,0.4588841580869512,0.08794819319946301,31.423351377999364,High
Barangay 765,2075,2215.0,6.746987951807229,6.746987951807229,0.42837386426572,0.5160614290336037,0.08768756476788375,16.094216164086088,Low
Barangay 808,2183,2330.0,6.73385249656436,6.73385249656436,0.2946353202145768,0.3822975481759297,0.08766222796135292,26.388977922181862,High
Barangay 836,5317,5673.0,6.6955049840135406,6.6955049840135406,0.42937605357696024,0.5169643135266632,0.08758825994970293,46.60553170332276,High
Barangay 655,1607,1714.0,6.658369632856253,6.658369632856253,0.3022456085250447,0.38976223858523684,0.08751663006019217,7.895309169641999,Low
Barangay 412,1890,2015.0,6.613756613756613,6.613756613756613,0.3390440580158412,0.42647463461136254,0.08743057659552134,25.105142639832568,High
Barangay 851,1052,1121.0,6.55893536121673,6.55893536121673,0.36186378414642845,0.449188616750311,0.08732483260388257,17.358930943093913,Low
Barangay 600,5892,6276.0,6.517311608961303,6.517311608961303,0.24955444645802674,0.3367989915546645,0.08724454509663773,16.8673365005332,Low
Barangay 796,631,672.0,6.497622820919176,6.497622820919176,0.2845753753328724,0.371781942985697,0.08720656765282458,17.492720580793407,Low
Barangay 713,1964,2091.0,6.4663951120162935,6.4663951120162935,0.630505532599027,0.7176518655356395,0.08714633293661256,25.83514457309226,High
Barangay 722,641,682.0,6.3962558502340086,6.3962558502340086,0.28242485888783314,0.3694359011266264,0.08701104223879325,8.701555593230486,Low
Barangay 804,1251,1331.0,6.394884092725819,6.394884092725819,0.3758361348169694,0.4628445310907809,0.08700839627381146,3.7422331319268336,Low
Barangay 33,4082,4343.0,6.393924546790789,6.393924546790789,0.4305836706726062,0.5175902160909077,0.0870065454183015,12.504854294104065,Low
Barangay 61,1022,1087.0,6.360078277886497,6.360078277886497,0.3267386313983824,0.41367989119459025,0.08694125979620787,20.113772660487456,Medium
Barangay 753,2380,2531.0,6.34453781512605,6.34453781512605,0.3108665042230061,0.3977777882253737,0.08691128400236758,27.515965339379484,High
Barangay 324,605,643.0,6.2809917355371905,6.2809917355371905,0.340113791303785,0.426902502110587,0.086788710806802,18.753647495280436,Medium
Barangay 103,4772,5071.0,6.26571668063705,6.26571668063705,0.38933129098364777,0.476090537938334,0.08675924695468623,33.96026748272151,High
Barangay 464,2954,3138.0,6.2288422477995935,6.2288422477995935,0.405940597337606,0.49262871768469035,0.08668812034708434,33.24011158451456,High
Barangay 96,2100,2230.0,6.190476190476191,6.190476190476191,0.2777311822328196,0.36434529879748645,0.08661411656466683,15.992287335140794,Low
Barangay 691,409,434.0,6.112469437652812,6.112469437652812,0.28515039515049895,0.37161404551754806,0.08646365036704912,9.248048197699474,Low
Barangay 105,24971,26494.0,6.099074926915222,6.099074926915222,0.33893734814488696,0.4253751620166752,0.08643781387178823,38.241596769171004,High
Barangay 274,1944,2062.0,6.0699588477366255,6.0699588477366255,0.439451409994903,0.5258330622452294,0.0863816522503264,16.577041167816503,Low
Barangay 275,19809,20995.0,5.987177545560099,5.987177545560099,0.38512117110818495,0.47134314759556095,0.086221976487376,42.45740742137066,High
Barangay 642,1279,1355.0,5.942142298670837,5.942142298670837,0.3534797111249166,0.43961481971800226,0.08613510859308565,21.629029313945725,Medium
Barangay 824,1302,1378.0,5.837173579109063,5.837173579109063,0.29003827228822743,0.37597090810133427,0.08593263581310684,20.923442278653916,Medium
Barangay 518,1908,2019.0,5.817610062893082,5.817610062893082,0.31420379111423097,0.4000986911186993,0.08589490000446831,16.50536482923615,Low
Barangay 410,2424,2565.0,5.816831683168317,5.816831683168317,0.32756880611846717,0.4134622047165412,0.08589339859807404,28.69430191586731,High
Barangay 298,1020,1079.0,5.784313725490196,5.784313725490196,0.3601022600412909,0.4459329351792923,0.08583067513800136,20.54291816080756,Medium
Barangay 545,883,934.0,5.775764439411098,5.775764439411098,0.3225907633121543,0.4084049478448925,0.0858141845327382,7.303396783440726,Low
Barangay 886,384,406.0,5.729166666666666,5.729166666666666,0.3013921093435221,0.38711641204643743,0.08572430270291531,15.047522716331994,Low
Barangay 515,2166,2289.0,5.678670360110803,5.678670360110803,0.304832807174283,0.3904597082168779,0.0856269010425949,10.953313031618478,Low
Barangay 624,1429,1510.0,5.668299510146956,5.668299510146956,0.363151310633381,0.44875820748013845,0.08560689684675743,22.557376614221383,Medium
Barangay 646,918,970.0,5.664488017429194,5.664488017429194,0.3507182051657441,0.4363177500744227,0.0855995449086786,19.894836194743963,Medium
Barangay 519,1311,1385.0,5.644546147978642,5.644546147978642,0.31327312994898443,0.398834209248456,0.08556107929947154,21.71082406076843,Medium
Barangay 884,2216,2341.0,5.640794223826714,5.640794223826714,0.3119060774719487,0.39745991973436307,0.08555384226241436,26.63340719352265,High
Barangay 218,321,339.0,5.607476635514018,5.607476635514018,0.3443501233177726,0.42983969972312,0.08548957640534738,16.653709639545603,Low
Barangay 318,740,781.0,5.540540540540541,5.540540540540541,0.3481296237324581,0.4334900879862351,0.08536046425377702,18.693772096542762,Medium
Barangay 65,1631,1721.0,5.518087063151441,5.518087063151441,0.33442404363591627,0.41974119767302936,0.0853171540371131,24.469787157143955,High
Barangay 641,763,805.0,5.5045871559633035,5.5045871559633035,0.3147869728064148,0.4000780870504425,0.08529111424402769,18.737055843365866,Medium
Barangay 861,1072,1131.0,5.503731343283582,5.503731343283582,0.3568396775442865,0.4421291410225134,0.08528946347822686,20.44610006978091,Medium
Barangay 866,3835,4046.0,5.501955671447197,5.501955671447197,0.3308016063185995,0.4160876447268194,0.08528603840821991,36.360149205199896,High
Barangay 728,840,886.0,5.476190476190476,5.476190476190476,0.2593756815924688,0.34461202185506873,0.08523634026259991,18.19062400547884,Medium
Barangay 173,1616,1704.0,5.445544554455446,5.445544554455446,0.3482641967039631,0.4334414244519529,0.0851772277479898,17.305002121243298,Low
Barangay 818-A,1574,1659.0,5.400254129606099,5.400254129606099,0.4992967627055262,0.5843866303498207,0.08508986764429455,24.36050616177906,High
Barangay 162,556,586.0,5.39568345323741,5.39568345323741,0.3535177944836451,0.4385988458105204,0.08508105132687527,16.618812224866303,Low
Barangay 528,1433,1510.0,5.373342637822749,5.373342637822749,0.312175540635582,0.39721349905799136,0.08503795842240935,21.696656568118872,Medium
Barangay 868,2850,3002.0,5.333333333333334,5.333333333333334,0.47098940197962874,0.5559501869818152,0.08496078500218646,27.915732646622548,High
Barangay 79,1520,1601.0,5.328947368421052,5.328947368421052,0.4311302039330194,0.516082528905281,0.08495232497226157,24.453787789496694,High
Barangay 158,1934,2037.0,5.325749741468459,5.325749741468459,0.40363439641610954,0.4885805535278777,0.08494615711176817,25.64466793910718,High
Barangay 100,2222,2340.0,5.3105310531053105,5.3105310531053105,0.36152520846887715,0.4464420104531999,0.08491680198432278,15.167353440124545,Low
Barangay 366,1193,1256.0,5.2808046940486175,5.2808046940486175,0.34340571801716946,0.42826518121921514,0.08485946320204568,21.642938005037976,Medium
Barangay 151,1639,1725.0,5.247101891397193,5.247101891397193,0.3652043283398813,0.44999878264999804,0.08479445431011673,21.123291047190445,Medium
Barangay 492,1107,1165.0,5.239385727190606,5.239385727190606,0.32517838229886603,0.40995795300152144,0.0847795707026554,18.48358574931771,Medium
Barangay 232,1778,1871.0,5.230596175478065,5.230596175478065,0.36895338928328014,0.4537160059354581,0.08476261665217794,13.723814236142415,Low
Barangay 724,2338,2459.0,5.175363558597092,5.175363558597092,0.28468720790010316,0.36934328708538544,0.08465607918528228,15.136377699460871,Low
Barangay 567,2318,2437.0,5.133735979292493,5.133735979292493,0.32370602010493094,0.4082818044010237,0.08457578429609275,21.014893090416006,Medium
Barangay 44,800,841.0,5.125,5.125,0.3620431908725074,0.4466021244532577,0.08455893358075028,4.817457124290678,Low
Barangay 903,3691,3879.0,5.09347060417231,5.09347060417231,0.4377462084223616,0.5222443253669662,0.08449811694460457,35.88812372161889,High
Barangay 881,2325,2443.0,5.075268817204301,5.075268817204301,0.3535312220236387,0.43799422978120744,0.08446300775756876,27.50566184241278,High
Barangay 174,715,751.0,5.034965034965035,5.034965034965035,0.3572314246533194,0.4416166909764141,0.08438526632309468,17.506658461100454,Low
Barangay 418,2835,2977.0,5.008818342151676,5.008818342151676,0.33157004743842705,0.4159048797502918,0.08433483231186473,30.520206834668805,High
Barangay 373,3788,3977.0,4.989440337909187,4.989440337909187,0.3682227079427029,0.45252016227753034,0.08429745433482744,8.416007054452203,Low
Barangay 795,1157,1214.0,4.926534140017287,4.926534140017287,0.41676621101941375,0.5009423264180491,0.0841761153986354,21.415980278689066,Medium
Barangay 468,1300,1364.0,4.923076923076923,4.923076923076923,0.38161531967069706,0.4657847664891323,0.08416944681843525,22.025258534464918,Medium
Barangay 771,1813,1902.0,4.908990623276337,4.908990623276337,0.41327856520912776,0.4974208411494943,0.08414227594036655,7.293730339317777,Low
Barangay 837,3039,3188.0,4.902928594932543,4.902928594932543,0.34605897910955447,0.43018956208332865,0.08413058297377418,31.537891575654054,High
Barangay 588,989,1037.0,4.853387259858443,4.853387259858443,0.28715530069095846,0.3711903240363197,0.08403502334536123,19.882583088801788,Medium
Barangay 790,1741,1825.0,4.824813325674899,4.824813325674899,0.3894123149466124,0.47339222240684875,0.08397990746023637,23.337164153636145,High
Barangay 799,544,570.0,4.779411764705882,4.779411764705882,0.25277953581760354,0.336671868805148,0.08389233298754445,8.757111138720807,Low
Barangay 423,1307,1369.0,4.743687834736036,4.743687834736036,0.3261196429429741,0.40994306851273765,0.08382342556976358,21.593937330521765,Medium
Barangay 372,4136,4332.0,4.738878143133462,4.738878143133462,0.05632458443267841,0.1401387326516876,0.0838141482190092,15.55404290880892,Low
Barangay 211,2007,2102.0,4.733432984554061,4.733432984554061,0.3220644624354904,0.4058681075598673,0.08380364512437688,11.461166312167453,Low
Barangay 876,574,601.0,4.70383275261324,4.70383275261324,0.29711890767557697,0.3808654573026085,0.08374654962703154,17.10150830626115,Low
Barangay 670,2774,2904.0,4.686373467916366,4.686373467916366,0.252872350052163,0.3365852226950057,0.08371287264284266,29.668246343143245,High
Barangay 708,753,788.0,4.648074369189907,4.648074369189907,0.3288808657201036,0.41251986373608407,0.08363899801598046,10.734994851698797,Low
Barangay 872,1864,1950.0,4.6137339055794,4.6137339055794,0.39314626004603404,0.47671901919426407,0.08357275914823004,21.681464394597754,Medium
Barangay 140,543,568.0,4.6040515653775325,4.6040515653775325,0.3107905234673613,0.3943446064771612,0.08355408300979988,17.17261485884071,Low
Barangay 329,439,459.0,4.555808656036446,4.555808656036446,0.31970469770795007,0.40316572560562397,0.0834610278976739,16.668050558032363,Low
Barangay 141,529,553.0,4.536862003780719,4.536862003780719,0.3626091562433007,0.44603363819310055,0.08342448194979984,17.84348306392646,Medium
Barangay 488,783,818.0,4.469987228607918,4.469987228607918,0.3268875684675223,0.4101830565447074,0.08329548807718506,19.043309149218864,Medium
Barangay 112,5593,5840.0,4.416234578937958,4.416234578937958,0.41434730366064665,0.4975391089601877,0.08319180529954107,31.96891629985941,High
Barangay 585,1090,1138.0,4.4036697247706424,4.4036697247706424,0.10059300014647282,0.18376056926437898,0.08316756911790615,4.395606958604647,Low
Barangay 352,1342,1401.0,4.396423248882265,4.396423248882265,0.3289051059271883,0.4120586974132409,0.08315359148605261,19.41612398695608,Medium
Barangay 862,2419,2525.0,4.381976023150062,4.381976023150062,0.3691624276146031,0.4522881520373135,0.08312572442271038,28.19563274221948,High
Barangay 134,1058,1104.0,4.3478260869565215,4.3478260869565215,0.3233431207760139,0.40640297383679796,0.08305985306078406,20.050263714328395,Medium
Barangay 462,1528,1594.0,4.319371727748691,4.319371727748691,0.3503881902689752,0.43339315809122936,0.08300496782225414,23.38131284763704,High
Barangay 672,3133,3268.0,4.3089690392594955,4.3089690392594955,0.3165245686041657,0.39950947081767035,0.08298490221350463,32.0807377963006,High
Barangay 250,1182,1232.0,4.230118443316413,4.230118443316413,0.36183347205903393,0.4446662803970467,0.08283280833801276,21.318176816785854,Medium
Barangay 385,3406,3549.0,4.198473282442748,4.198473282442748,0.3410939626486556,0.4238657310528508,0.0827717684041952,33.980842401904106,High
Barangay 830,5191,5407.0,4.161047967636294,4.161047967636294,0.3372147245247288,0.41991430373235117,0.08269957920762239,45.95265658564356,High
Barangay 530,483,503.0,4.140786749482402,4.140786749482402,0.25620818951717594,0.3388686871280855,0.08266049761090954,8.097757675933924,Low
Barangay 1,2995,3119.0,4.140233722871453,4.140233722871453,0.32788342417432076,0.4105428550594878,0.08265943088516703,15.981406676935356,Low
Barangay 34,1854,1930.0,4.0992448759439055,4.0992448759439055,0.43011539461327786,0.5126957626517207,0.08258036803844282,5.871740648042634,Low
Barangay 205,1760,1832.0,4.090909090909091,4.090909090909091,0.32333319942176647,0.40589748867429715,0.08256428925253068,23.736197409592744,High
Barangay 46,2088,2173.0,4.07088122605364,4.07088122605364,0.4072042070582249,0.48972986482614517,0.08252565776792026,15.830770909177808,Low
Barangay 190,1232,1282.0,4.058441558441558,4.058441558441558,0.16672214042467012,0.2492238034816523,0.08250166305698217,0.6041321473453799,Low
Barangay 116,5943,6182.0,4.021537943799428,4.021537943799428,0.38176249880503454,0.4641929789660164,0.08243048016098187,41.85912271747477,High
Barangay 293,3565,3708.0,4.011220196353436,4.011220196353436,0.3579570114825126,0.4403675898764039,0.08241057839389132,35.72525752829757,High
Barangay 177,3308,3440.0,3.990326481257558,3.990326481257558,0.3394968204315317,0.4218670972136933,0.08237027678216163,29.115169154959208,High
Barangay 270,918,954.0,3.9215686274509802,3.9215686274509802,0.32164459746931556,0.40388224813329915,0.08223765066398359,21.96496581392576,Medium
Barangay 380,921,957.0,3.908794788273615,3.908794788273615,0.3235029519957273,0.40571596336964394,0.08221301137391662,19.479717262270302,Medium
Barangay 596,2375,2467.0,3.873684210526316,3.873684210526316,0.38038183816478316,0.4625271252079388,0.08214528704315566,27.344035730408116,High
Barangay 456,1530,1589.0,3.8562091503267975,3.8562091503267975,0.31441052706978706,0.3965221066995947,0.08211157962980764,22.885393335162863,Medium
Barangay 533,913,948.0,3.8335158817086525,3.8335158817086525,0.24930037388932638,0.33136818077232805,0.08206780688300166,4.087758341964174,Low
Barangay 603,712,739.0,3.7921348314606744,3.7921348314606744,0.20252779517787065,0.28451578269833144,0.0819879875204608,1.5522572870124631,Low
Barangay 394,1433,1487.0,3.768318213538032,3.768318213538032,0.3425026779167297,0.42444472587671367,0.08194204795998394,22.345440447139957,Medium
Barangay 540,1951,2024.0,3.7416709379805226,3.7416709379805226,0.2262793097615455,0.3081699581428405,0.08189064838129498,6.53729054962777,Low
Barangay 504,1312,1361.0,3.7347560975609753,3.7347560975609753,0.31254367224253393,0.3944209826792613,0.08187731043672736,21.430537721183292,Medium
Barangay 272,1064,1103.0,3.6654135338345863,3.6654135338345863,0.3536858298487173,0.4354293863280072,0.08174355647928988,18.838250773858288,Medium
Barangay 364,1985,2057.0,3.6272040302267,3.6272040302267,0.3725063116086181,0.4541761662798894,0.0816698546712713,25.589572344763106,High
Barangay 742,807,836.0,3.593556381660471,3.593556381660471,0.3517794992550633,0.4333844514203939,0.08160495216533059,11.517075585629422,Low
Barangay 718,1155,1196.0,3.54978354978355,3.54978354978355,0.4151648477920293,0.49668536711875166,0.08152051932672238,22.046751447530415,Medium
Barangay 477,1045,1082.0,3.5406698564593304,3.5406698564593304,0.33535278476598146,0.41685572480974287,0.08150294004376141,21.13730599491302,Medium
Barangay 832,2888,2990.0,3.5318559556786706,3.5318559556786706,0.3616900591568011,0.4431759981834884,0.08148593902668733,30.46624238581122,High
Barangay 829,4226,4375.0,3.5257927117841934,3.5257927117841934,0.3405020971134536,0.42197634082888885,0.08147424371543527,39.121354838433405,High
Barangay 512,2473,2560.0,3.5179943388596846,3.5179943388596846,0.2977138252938703,0.3791730268305315,0.0814592015366612,8.979793384716874,Low
Barangay 234,1945,2013.0,3.496143958868895,3.496143958868895,0.34820556132036334,0.4296226159469851,0.08141705462662174,23.654077554746287,High
Barangay 338,1378,1426.0,3.483309143686502,3.483309143686502,0.3372832280863148,0.4186755258070569,0.08139229772074213,24.07114579485097,High
Barangay 792,2559,2648.0,3.4779210629152013,3.4779210629152013,0.40512402288949984,0.48650592761224143,0.0813819047227416,30.86052698050179,High
Barangay 182,3936,4072.0,3.4552845528455287,3.4552845528455287,0.34249393749802276,0.42383217895477476,0.081338241456752,11.700731559690455,Low
Barangay 41,3825,3957.0,3.4509803921568625,3.4509803921568625,0.45248897394691534,0.5338189131648313,0.08132993921791598,30.803149617103255,High
Barangay 376,930,962.0,3.4408602150537635,3.4408602150537635,0.2431785688841773,0.32448898742583376,0.08131041854165647,7.494033282567715,Low
Barangay 219,1080,1117.0,3.425925925925926,3.425925925925926,0.33342031531736854,0.414701927305517,0.08128161198814848,20.51512998185685,Medium
Barangay 869,2010,2078.0,3.383084577114428,3.383084577114428,0.40180373972515165,0.48300271560010266,0.08119897587495101,25.32710562352553,High
Barangay 761,1062,1097.0,3.295668549905838,3.295668549905838,0.25402269116005516,0.3350530514120138,0.08103036025195864,19.508820610954515,Medium
Barangay 316,829,856.0,3.2569360675512664,3.2569360675512664,0.3325646506481828,0.4135203003253098,0.08095564967712698,18.780003517476402,Medium
Barangay 747,369,381.0,3.2520325203252036,3.2520325203252036,0.2500273264768808,0.330973517766378,0.0809461912894972,9.751667669412768,Low
Barangay 816,781,806.0,3.201024327784891,3.201024327784891,0.3590097321427197,0.4398575344017663,0.08084780225904659,18.752243459664697,Medium
Barangay 849,1849,1908.0,3.19091400757166,3.19091400757166,0.42730814506246023,0.5081364456580723,0.08082830059561202,25.720169465054806,High
Barangay 678,1294,1335.0,3.1684698608964452,3.1684698608964452,0.2777557256105276,0.3585407339873667,0.08078500837683911,21.16327412583745,Medium
Barangay 463,830,856.0,3.132530120481928,3.132530120481928,0.34937298892181173,0.43008867360694697,0.08071568468513524,18.905475601579887,Medium
Barangay 167,926,955.0,3.131749460043196,3.131749460043196,0.3389035143011889,0.41961769318069075,0.08071417887950183,19.32492156308461,Medium
Barangay 84,1141,1176.0,3.067484662576687,3.067484662576687,0.3503263816926061,0.43091660105109897,0.08059021935849286,21.164931224368033,Medium
Barangay 49,2119,2184.0,3.067484662576687,3.067484662576687,0.4254217579724602,0.5060119773309529,0.08059021935849275,27.962782709139333,High
Barangay 871,2407,2480.0,3.032820938928126,3.032820938928126,0.49499767505948417,0.5755210320181988,0.08052335695871465,28.76147546770005,High
Barangay 304,298,307.0,3.0201342281879198,3.0201342281879198,0.30871442736868265,0.3892133130982247,0.08049888572954206,15.915223485988378,Low
Barangay 48,4070,4191.0,2.9729729729729732,2.9729729729729732,0.5429065737178852,0.6233144907236919,0.08040791700580674,40.02215867689384,High
Barangay 244,640,659.0,2.96875,2.96875,0.3735315521338583,0.45393132350274407,0.08039977136888576,18.554935570329462,Medium
Barangay 802,1787,1840.0,2.9658645775041967,2.9658645775041967,0.3173790802848742,0.3977732860003293,0.08039420571545508,7.159113057871548,Low
Barangay 777,3011,3100.0,2.9558286283626702,2.9558286283626702,0.42513168887575,0.5055065363811507,0.08037484750540075,33.32726992715316,High
Barangay 870,3049,3139.0,2.951787471302066,2.951787471302066,0.44257623750028513,0.5229432900710825,0.0803670525707974,31.928484423076135,High
Barangay 548,749,771.0,2.9372496662216285,2.9372496662216285,0.3033450250550825,0.3836840358452264,0.08033901079014394,11.09991868918185,Low
Barangay 391,2558,2633.0,2.931978107896794,2.931978107896794,0.3299293407637711,0.4102581833145262,0.08032884255075506,28.495956336940843,High
Barangay 534,1096,1128.0,2.9197080291970803,2.9197080291970803,0.20893744850263643,0.2892426234602717,0.08030517495763526,3.139665080252527,Low
Barangay 898,7596,7812.0,2.843601895734597,2.843601895734597,0.4104152782652877,0.4905736531049458,0.0801583748396581,55.10671780710075,High
Barangay 675,1988,2044.0,2.8169014084507045,2.8169014084507045,0.2787512553120067,0.3588581279335781,0.0801068726215714,29.79644485900119,High
Barangay 807,2010,2066.0,2.7860696517412937,2.7860696517412937,0.29686132085287176,0.37690872250519963,0.08004740165232788,17.912568101475802,Medium
Barangay 707,1052,1081.0,2.7566539923954374,2.7566539923954374,0.5012734405870697,0.5812641027616986,0.07999066217462891,22.94223074773652,High
Barangay 623,954,980.0,2.7253668763102725,2.7253668763102725,0.32943508010927797,0.4093653929779639,0.07993031286868596,19.426190541634803,Medium
Barangay 560,1103,1133.0,2.7198549410698094,2.7198549410698094,0.27612307856746343,0.3560427595368954,0.07991968096943197,5.138028666449544,Low
Barangay 13,2371,2435.0,2.699283002952341,2.699283002952341,0.4318370047944759,0.5117170048235516,0.07988000002907575,29.375412219754725,High
Barangay 442,670,688.0,2.6865671641791042,2.6865671641791042,0.2942093499323764,0.3740648225476005,0.07985547261522408,17.998352733123475,Medium
Barangay 622,1197,1229.0,2.6733500417710943,2.6733500417710943,0.34603892932988173,0.4258689076118564,0.07982997828197469,21.023123536855437,Medium
Barangay 176,1278,1312.0,2.660406885758998,2.660406885758998,0.33127675065905143,0.4110817630579477,0.07980501239889626,21.23260146793852,Medium
Barangay 386,1213,1245.0,2.6380873866446826,2.6380873866446826,0.34347426245630674,0.42323622306746783,0.07976196061116109,20.984303010254585,Medium
Barangay 70,2344,2405.0,2.6023890784982933,2.6023890784982933,0.4169290659913756,0.4966221686063535,0.07969310261497792,2.4990131099093564,Low
Barangay 818,1388,1424.0,2.5936599423631126,2.5936599423631126,0.41569090390192037,0.49536716900123196,0.07967626509931158,22.46749608277905,Medium
Barangay 786,1439,1476.0,2.571230020847811,2.571230020847811,0.34658774736993275,0.4262207476891948,0.07963300031926207,19.72829032184914,Medium
Barangay 615,1828,1875.0,2.5711159737417946,2.5711159737417946,0.34411799905186374,0.42375077938716593,0.07963278033530219,16.248725088559198,Low
Barangay 5,1288,1321.0,2.562111801242236,2.562111801242236,0.303437905676321,0.3830533179819377,0.0796154123056167,17.296712006626,Low
Barangay 123,8660,8879.0,2.5288683602771362,2.5288683602771362,0.39841399695495155,0.47796528642534303,0.07955128947039147,7.945034277164675,Low
Barangay 257,1308,1341.0,2.522935779816514,2.522935779816514,0.42617774838954353,0.5057175945836588,0.0795398461941153,23.067084919065575,High
Barangay 764,2022,2073.0,2.522255192878338,2.522255192878338,0.33436932568488137,0.41390785910381966,0.0795385334189383,19.764315015950938,Medium
Barangay 42,2142,2196.0,2.5210084033613445,2.5210084033613445,0.3996561933751454,0.4791923218782134,0.07953612850306802,21.066592119716255,Medium
Barangay 717,479,491.0,2.5052192066805845,2.5052192066805845,0.4451753522141864,0.5246810251438329,0.07950567292964644,17.914258315848368,Medium
Barangay 752,763,782.0,2.490170380078637,2.490170380078637,0.26058440618087575,0.34006105162718975,0.079476645446314,14.08446125006938,Low
Barangay 744,1223,1253.0,2.4529844644317254,2.4529844644317254,0.290016865703254,0.3694217837268794,0.07940491802362537,20.586402971185223,Medium
Barangay 117,4160,4262.0,2.451923076923077,2.451923076923077,0.4286743473815487,0.5080772181087947,0.079402870727246,25.135199641866446,High
Barangay 30,166,170.0,2.4096385542168677,2.4096385542168677,0.33642563426389405,0.41574694293247966,0.07932130866858561,3.944480968062842,Low
Barangay 90,630,645.0,2.380952380952381,2.380952380952381,0.3492227231181712,0.4284886994051477,0.07926597628697651,19.01269809420675,Medium
Barangay 610,968,991.0,2.37603305785124,2.37603305785124,0.3234948871047395,0.4027513745742087,0.07925648746946917,20.045166774505102,Medium
Barangay 159,1558,1595.0,2.3748395378690628,2.3748395378690628,0.42898679721710026,0.508240982521603,0.07925418530450273,17.8124963859371,Medium
Barangay 561,2332,2387.0,2.358490566037736,2.358490566037736,0.3538319833012213,0.4330546332893907,0.07922264998816941,15.579059541792168,Low
Barangay 757,477,488.0,2.3060796645702304,2.3060796645702304,0.2741050001740741,0.35322655546502674,0.07912155529095266,16.627544747929967,Low
Barangay 839,2007,2052.0,2.242152466367713,2.242152466367713,0.3246169137451917,0.40361516070590703,0.07899824696071533,26.332672435587185,High
Barangay 475,1664,1701.0,2.2235576923076925,2.2235576923076925,0.33994536459567654,0.4189077443417329,0.07896237974605635,23.627615832311513,High
Barangay 206,2433,2487.0,2.219482120838471,2.219482120838471,0.3108806237665194,0.389835142196473,0.07895451842995355,17.5932583988761,Low
Barangay 584,3411,3486.0,2.198768689533861,2.198768689533861,0.20840436207966007,0.28731892664491326,0.0789145645652532,16.883160063110314,Low
Barangay 827,2661,2719.0,2.1796317173994737,2.1796317173994737,0.29716051084122486,0.37603816235309795,0.07887765151187309,29.4210486899874,High
Barangay 828,2658,2715.0,2.144469525959368,2.144469525959368,0.4406626369287605,0.5194724645529006,0.07880982762414013,29.624774486647894,High
Barangay 107,7003,7153.0,2.1419391689276024,2.1419391689276024,0.3279286073840884,0.4067335542358928,0.07880494685180439,13.274869243388029,Low
Barangay 612,703,718.0,2.1337126600284493,2.1337126600284493,0.3177973617249556,0.396586440572146,0.07878907884719039,18.311900358762728,Medium
Barangay 45,2264,2312.0,2.1201413427561837,2.1201413427561837,0.37000564192262303,0.4487685432347577,0.07876290131213465,9.253631868385643,Low
Barangay 756,721,736.0,2.0804438280166435,2.0804438280166435,0.2499533857150138,0.3286397150140657,0.0786863292990519,17.320573095497807,Low
Barangay 483,1369,1397.0,2.0452885317750185,2.0452885317750185,0.34578627256818106,0.4244047912795576,0.07861851871137654,23.23848400151749,High
Barangay 71,3417,3486.0,2.019315188762072,2.019315188762072,0.33174887739936354,0.4103172964716559,0.07856841907229234,27.920807450647516,High
Barangay 317,1542,1573.0,2.0103761348897535,2.0103761348897535,0.3480382190019807,0.4265893956510496,0.07855117664906891,23.287230828511213,High
Barangay 306,1248,1273.0,2.003205128205128,2.003205128205128,0.33694945187434766,0.4154867964631157,0.07853734458876804,21.45214559409771,Medium
Barangay 326,825,841.0,1.9393939393939394,1.9393939393939394,0.352335409812746,0.430749669840263,0.078414260027517,19.908961751781632,Medium
Barangay 613,568,579.0,1.936619718309859,1.936619718309859,0.3127966311581209,0.391205540027145,0.07840890886902413,17.48755166191776,Low
Barangay 554,1551,1581.0,1.9342359767891684,1.9342359767891684,0.28943091405862525,0.3678352249600409,0.07840431090141564,2.201875375015559,Low
Barangay 637,1295,1320.0,1.9305019305019304,1.9305019305019304,0.33117486434739,0.40957197269612616,0.07839710834873614,21.460999798632706,Medium
Barangay 759,787,802.0,1.9059720457433291,1.9059720457433291,0.27628002772532895,0.3546298207025871,0.07834979297725814,17.023194907182628,Low
Barangay 371,842,858.0,1.9002375296912115,1.9002375296912115,0.3237702032645091,0.4021089350093187,0.0783387317448096,18.725153273747015,Medium
Barangay 526,790,805.0,1.89873417721519,1.89873417721519,0.31141952464315686,0.38975535659118526,0.0783358319480284,16.14759259556132,Low
Barangay 568,1847,1881.0,1.8408229561451002,1.8408229561451002,0.313704787423344,0.3919289151801526,0.07822412775680859,18.934772185622762,Medium
Barangay 282,2458,2503.0,1.8307567127746134,1.8307567127746134,0.3621413825558973,0.44034609366851246,0.07820471111261518,26.98555376056289,High
Barangay 883,2199,2239.0,1.8190086402910415,1.8190086402910415,0.3256627091732258,0.40384475958363303,0.07818205041040721,26.715513657814345,High
Barangay 81,1815,1848.0,1.8181818181818181,1.8181818181818181,0.34604557401506425,0.42422602957920014,0.07818045556413589,25.259985256398565,High
Barangay 893,662,674.0,1.812688821752266,1.812688821752266,0.29986693208235676,0.3780367922780615,0.07816986019570471,16.92566782556143,Low
Barangay 686,3250,3306.0,1.723076923076923,1.723076923076923,0.3255393531041329,0.40353636208930826,0.07799700898517536,33.35765787780202,High
Barangay 706,296,301.0,1.6891891891891893,1.6891891891891893,0.3010651147545104,0.378996758136332,0.07793164338182157,12.731807555130148,Low
Barangay 553,1430,1454.0,1.6783216783216783,1.6783216783216783,0.3583527395954024,0.436263420778714,0.07791068118331157,2.966613759392482,Low
Barangay 252,910,925.0,1.6483516483516485,1.6483516483516485,0.38279955607184674,0.46065242845926746,0.07785287238742072,19.694663251702018,Medium
Barangay 859,1355,1377.0,1.6236162361623614,1.6236162361623614,0.3647580557328763,0.4425632163096662,0.07780516057678993,22.05122691492532,Medium
Barangay 36,2231,2267.0,1.6136261766024205,1.6136261766024205,0.43596720905904535,0.5137530999415901,0.07778589088254478,7.177697198176704,Low
Barangay 127,565,574.0,1.592920353982301,1.592920353982301,0.3053715622193074,0.38311751391344306,0.07774595169413567,18.63425760991961,Medium
Barangay 640,2145,2179.0,1.5850815850815851,1.5850815850815851,0.34428533027061636,0.42201616186671176,0.0777308315960954,26.08236050714589,High
Barangay 220,1270,1290.0,1.574803149606299,1.574803149606299,0.3203772182636558,0.3980882239210029,0.07771100565734712,20.20360334645402,Medium
Barangay 361,715,726.0,1.5384615384615385,1.5384615384615385,0.3242979857318195,0.4019388925343068,0.07764090680248731,18.848232836851437,Medium
Barangay 4,1691,1717.0,1.537551744529864,1.537551744529864,0.29402311474802895,0.3716622666609899,0.07763915191296095,18.102934927672706,Medium
Barangay 798,1562,1586.0,1.5364916773367476,1.5364916773367476,0.26988560792604654,0.34752271508936733,0.07763710716332078,9.152417602450077,Low
Barangay 791,2029,2060.0,1.5278462296697881,1.5278462296697881,0.3939843558798664,0.4716047869531044,0.07762043107323802,28.371421461743058,High
Barangay 307,1378,1399.0,1.5239477503628447,1.5239477503628447,0.3108703153819928,0.3884832267298663,0.07761291134787351,22.300568874933393,Medium
Barangay 620,725,736.0,1.5172413793103448,1.5172413793103448,0.3277436732820547,0.40534364879917556,0.07759997551712083,18.214661729745114,Medium
Barangay 323,1060,1076.0,1.509433962264151,1.509433962264151,0.3325824780222079,0.4101673939154675,0.07758491589325961,20.439878132359055,Medium
Barangay 563,1526,1549.0,1.507208387942333,1.507208387942333,0.33328581375649535,0.41086643676877227,0.07758062301227692,10.544270474398889,Low
Barangay 739,4530,4598.0,1.5011037527593818,1.5011037527593818,0.37061432014737833,0.4481831680092923,0.07756884786191398,36.70791907325285,High
Barangay 144,880,893.0,1.4772727272727273,1.4772727272727273,0.35924471750619863,0.4367675980170754,0.07752288051087675,19.579862164979566,Medium
Barangay 564,1430,1451.0,1.4685314685314685,1.4685314685314685,0.31856441355001924,0.3960704331620944,0.07750601961207515,9.115486026691823,Low
Barangay 781,4275,4337.0,1.4502923976608189,1.4502923976608189,0.4417624444482157,0.5192332829568267,0.07747083850861097,42.183288731677706,High
Barangay 700,138,140.0,1.4492753623188406,1.4492753623188406,0.3382549201473619,0.41572379690990324,0.07746887676254133,7.396506462836425,Low
Barangay 143,1401,1421.0,1.4275517487508922,1.4275517487508922,0.4551310516425144,0.5325580260130989,0.07742697437058449,23.37674495956322,High
Barangay 283,1345,1364.0,1.412639405204461,1.412639405204461,0.3620844764655846,0.43948268661320394,0.07739821014761933,15.854161885306375,Low
Barangay 393,4073,4130.0,1.3994598575988215,1.3994598575988215,0.331739693347668,0.4091124816395791,0.07737278829191108,37.03682022417658,High
Barangay 508,1006,1020.0,1.3916500994035785,1.3916500994035785,0.3362215377140953,0.41357926186633365,0.07735772415223835,19.87360675698996,Medium
Barangay 256,1030,1044.0,1.3592233009708738,1.3592233009708738,0.3354670951738686,0.4127622717019015,0.07729517652803292,8.527760391598486,Low
Barangay 602,2000,2027.0,1.35,1.35,0.3080423902947018,0.3853197761190284,0.07727738582432658,23.46815475873681,High
Barangay 347,1266,1283.0,1.3428120063191153,1.3428120063191153,0.330875169886315,0.40813869088434745,0.07726352099803246,19.862213778234455,Medium
Barangay 9,447,453.0,1.342281879194631,1.342281879194631,0.3256155254173581,0.4028780238601657,0.07726249844280758,17.2511301871529,Low
Barangay 242,448,454.0,1.3392857142857142,1.3392857142857142,0.3470368071991841,0.4242935263789797,0.0772567191797956,17.111731479908457,Low
Barangay 890,1049,1063.0,1.334604385128694,1.334604385128694,0.30547333613624045,0.3827210255619114,0.07724768942567095,20.326730211792736,Medium
Barangay 698,1736,1759.0,1.3248847926267282,1.3248847926267282,0.3123929535404165,0.3896218949721865,0.07722894143177,20.026776208355955,Medium
Barangay 215,3106,3147.0,1.3200257566001288,1.3200257566001288,0.4328190104880867,0.5100385793892931,0.0772195689012064,32.43720224817498,High
Barangay 51,2580,2614.0,1.317829457364341,1.317829457364341,0.3867958772036098,0.46401120969216114,0.07721533248855134,29.53687854295971,High
Barangay 294,1881,1905.0,1.2759170653907497,1.2759170653907497,0.3625280983928427,0.4396625866208002,0.07713448822795749,25.041969945645675,High
Barangay 179,1021,1034.0,1.2732615083251715,1.2732615083251715,0.32095502409984256,0.3980843900587688,0.07712936595892622,8.626473431373457,Low
Barangay 900,8581,8689.0,1.258594569397506,1.258594569397506,0.4081322570994111,0.48523333219310755,0.07710107509369646,66.27427225532607,High
Barangay 221,3353,3395.0,1.2526096033402923,1.2526096033402923,0.4338339396926622,0.5109234704641955,0.0770895307715333,34.26326591538895,High
Barangay 767,5429,5497.0,1.2525326947872537,1.2525326947872537,0.45513584239537236,0.532225224819011,0.07708938242363866,13.762009865549697,Low
Barangay 618,740,749.0,1.2162162162162162,1.2162162162162162,0.3078378034500485,0.3848571354967177,0.07701933204666916,17.86723791316039,Medium
Barangay 201,1152,1166.0,1.215277777777778,1.215277777777778,0.289248945174195,0.36626646707932625,0.07701752190513123,18.92753517874748,Medium
Barangay 18,1982,2006.0,1.2108980827447022,1.2108980827447022,0.3627848357656657,0.43979390973475924,0.07700907396909351,9.39664076822293,Low
Barangay 285,2066,2091.0,1.2100677637947725,1.2100677637947725,0.36987351975555355,0.4468809921333658,0.07700747237781225,13.81801394188793,Low
Barangay 310,13602,13761.0,1.1689457432730481,1.1689457432730481,0.4277361845028232,0.5046643371571203,0.07692815265429714,100.0,High
Barangay 11,2758,2790.0,1.160261058738216,1.160261058738216,0.4643598968248293,0.5412712977055664,0.07691140088073706,27.371499557616236,High
Barangay 784,3386,3425.0,1.151801535735381,1.151801535735381,0.4286555295760948,0.5055506129943836,0.07689508341828882,33.522859465607866,High
Barangay 555,1138,1151.0,1.1423550087873462,1.1423550087873462,0.2087003379583072,0.2855772000952438,0.07687686213693659,6.079725348486824,Low
Barangay 740,4138,4185.0,1.1358144030932817,1.1358144030932817,0.3699291301065295,0.4467933761553291,0.0768642460487996,19.550309408432014,Medium
Barangay 812,1703,1722.0,1.1156782149148563,1.1156782149148563,0.3111678472456318,0.3879932528663907,0.0768254056207589,23.136479271726145,High
Barangay 879,538,544.0,1.1152416356877324,1.1152416356877324,0.29730095005829793,0.37412551356713847,0.07682456350884054,17.4316649716055,Low
Barangay 89,720,728.0,1.1111111111111112,1.1111111111111112,0.3436294300013604,0.4204460261957735,0.07681659619441306,19.27727506272343,Medium
Barangay 864,813,822.0,1.107011070110701,1.107011070110701,0.36577844816595295,0.442587135845307,0.07680868767935406,19.0469145314691,Medium
Barangay 711,1294,1308.0,1.0819165378670788,1.0819165378670788,0.4195323291178907,0.4962926122846733,0.07676028316678263,15.904726581783093,Low
Barangay 882,1298,1312.0,1.078582434514638,1.078582434514638,0.34363007227579057,0.4203839243345506,0.07675385205876001,21.324817425496008,Medium
Barangay 774,2878,2909.0,1.0771369006254343,1.0771369006254343,0.49426019095754153,0.5710112547450307,0.07675106378748914,9.837493320716503,Low
Barangay 888,837,846.0,1.0752688172043012,1.0752688172043012,0.294455079927539,0.3712025403935329,0.0767474604659939,19.267167699472125,Medium
Barangay 155,3257,3292.0,1.0746085354620816,1.0746085354620816,0.4834663870657952,0.5602125739230371,0.07674618685724194,32.282382385659034,High
Barangay 445,931,941.0,1.0741138560687433,1.0741138560687433,0.3233349447964353,0.4000801774731139,0.0767452326766786,19.170069898355592,Medium
Barangay 35,2265,2289.0,1.0596026490066226,1.0596026490066226,0.3832124014619613,0.45992964366255346,0.07671724220059217,7.058382151137243,Low
Barangay 104,5741,5801.0,1.0451140916216688,1.0451140916216688,0.3827822505679899,0.4594715459811596,0.07668929541316966,15.098571279247064,Low
Barangay 183,8424,8512.0,1.0446343779677114,1.0446343779677114,0.46534472794988496,0.5420330980497087,0.07668837009982371,44.282085721624455,High
Barangay 721,577,583.0,1.0398613518197575,1.0398613518197575,0.321547719880312,0.3982268833528937,0.07667916347258169,16.551707515884384,Low
Barangay 780,2316,2340.0,1.0362694300518136,1.0362694300518136,0.3926569498041161,0.4693291848661307,0.0766722350620146,28.18267085958423,High
Barangay 455,1274,1287.0,1.0204081632653061,1.0204081632653061,0.3156209312548394,0.39226257172835516,0.07664164047351574,20.9985952372343,Medium
Barangay 569,2086,2107.0,1.006711409395973,1.006711409395973,0.25843400865615457,0.3350492296416154,0.07661522098546081,10.615320258212718,Low
Barangay 671,1227,1239.0,0.9779951100244498,0.9779951100244498,0.297902982590758,0.3744628130847587,0.07655983049400072,20.779644530712595,Medium
Barangay 543,822,830.0,0.9732360097323601,0.9732360097323601,0.31519840651551995,0.3917490572436784,0.07655065072815848,20.135402446823914,Medium
Barangay 149,1554,1569.0,0.9652509652509652,0.9652509652509652,0.3920516499266918,0.46858689840776985,0.07653524848107807,23.67719987071879,High
Barangay 529,935,944.0,0.9625668449197862,0.9625668449197862,0.2733942153135779,0.3499242864303181,0.0765300711167402,10.913977160771601,Low
Barangay 309,1151,1162.0,0.9556907037358819,0.9556907037358819,0.31049354144134383,0.3870103492599621,0.07651680781861825,20.848505404965977,Medium
Barangay 164,1807,1824.0,0.9407858328721639,0.9407858328721639,0.38829773591659306,0.4647857939262052,0.07648805800961217,17.468642883093967,Low
Barangay 387,2654,2678.0,0.9042954031650339,0.9042954031650339,0.3563094952276651,0.4327271673282535,0.07641767210058842,28.981354830027655,High
Barangay 473,1383,1395.0,0.8676789587852495,0.8676789587852495,0.33059913768974486,0.40694618081326794,0.07634704312352308,21.675708947355794,Medium
Barangay 833,1504,1517.0,0.8643617021276596,0.8643617021276596,0.3550095398553071,0.43135018436617517,0.07634064451086808,22.58634655353863,Medium
Barangay 263,1306,1317.0,0.8422664624808576,0.8422664624808576,0.4038081202412815,0.48010614553554615,0.07629802529426466,21.801036754387134,Medium
Barangay 224,1069,1078.0,0.841908325537886,0.841908325537886,0.3182386764757556,0.3945360109643901,0.07629733448863452,20.39313389687231,Medium
Barangay 897,2166,2184.0,0.8310249307479225,0.8310249307479225,0.3345653410178487,0.4108416826696846,0.07627634165183594,25.976867448259654,High
Barangay 644,729,735.0,0.823045267489712,0.823045267489712,0.35962127940119126,0.43588222918571723,0.07626094978452597,18.64980961406803,Medium
Barangay 627,1605,1618.0,0.809968847352025,0.809968847352025,0.3216903812301716,0.3979261080802034,0.07623572685003183,23.732006955018633,High
Barangay 175,988,996.0,0.8097165991902834,0.8097165991902834,0.3272859919082666,0.40352123220014313,0.0762352402918765,19.58863183270646,Medium
Barangay 188,865,872.0,0.8092485549132947,0.8092485549132947,0.10896244277869076,0.18519678026612885,0.07623433748743809,0.0,Low
Barangay 566,2160,2177.0,0.787037037037037,0.787037037037037,0.31758429086604534,0.39377578484933545,0.07619149398329012,25.504360722829045,High
Barangay 325,522,526.0,0.7662835249042145,0.7662835249042145,0.3390420648273436,0.415193527634552,0.07615146280720836,18.411796963829303,Medium
Barangay 82,2642,2662.0,0.757002271006813,0.757002271006813,0.36868260292681626,0.44481616324568196,0.0761335603188657,29.715461120817515,High
Barangay 793,1722,1735.0,0.7549361207897793,0.7549361207897793,0.3939719205881212,0.4701014955370592,0.07612957494893802,24.893463233649722,High
Barangay 704,5299,5339.0,0.7548594074353652,0.7548594074353652,0.4322410287643801,0.5083704557419396,0.07612942697755953,33.763170518930295,High
Barangay 253,1329,1339.0,0.7524454477050414,0.7524454477050414,0.34802297592208026,0.4241477466445249,0.07612477072244467,19.17731185602049,Medium
Barangay 156,1615,1627.0,0.7430340557275541,0.7430340557275541,0.3622191532508668,0.43832577046334104,0.07610661721247425,22.965613345314758,High
Barangay 863,1481,1492.0,0.7427413909520594,0.7427413909520594,0.36402680114237634,0.4401328538376215,0.07610605269524517,22.475581308250685,Medium
Barangay 595,4198,4229.0,0.7384468794664126,0.7384468794664126,0.361454520030479,0.4375522890991088,0.0760977690686298,38.78836613605483,High
Barangay 402,2758,2778.0,0.7251631617113851,0.7251631617113851,0.3731388265451144,0.4492109728256075,0.07607214628049314,30.303521542251254,High
Barangay 645,1704,1716.0,0.7042253521126761,0.7042253521126761,0.35436110734334386,0.4303928669588017,0.07603175961545783,23.703146912480623,High
Barangay 180,2145,2160.0,0.6993006993006993,0.6993006993006993,0.3339366285822655,0.4099588890998071,0.07602226051754157,15.862611345739964,Low
Barangay 874,2016,2030.0,0.6944444444444444,0.6944444444444444,0.36476503654916753,0.4407779299007082,0.07601289335154066,25.361097929633523,High
Barangay 857,1894,1907.0,0.6863780359028511,0.6863780359028511,0.4550533977888862,0.5310507319512829,0.07599733416239673,25.37680980101136,High
Barangay 902,1328,1337.0,0.677710843373494,0.677710843373494,0.40065981716733656,0.4766404332962719,0.07598061612893536,22.134391894995794,Medium
Barangay 842,2812,2831.0,0.6756756756756757,0.6756756756756757,0.39224250230192886,0.4682191928227096,0.07597669052078071,30.02785840988543,High
Barangay 787,3622,3646.0,0.6626173384870238,0.6626173384870238,0.48821953810216884,0.5641710405684174,0.07595150246624854,35.47185850132209,High
Barangay 778,1848,1860.0,0.6493506493506493,0.6493506493506493,0.4301455044510314,0.5060714169754214,0.07592591252438996,3.700546127535513,Low
Barangay 142,1710,1721.0,0.6432748538011697,0.6432748538011697,0.38025773726687634,0.45617193026929237,0.07591419300241603,26.157182178184573,High
Barangay 10,160,161.0,0.625,0.625,0.35494797322267607,0.43082691610040474,0.07587894287772867,15.211413575344023,Low
Barangay 97,3634,3656.0,0.6053935057787562,0.6053935057787562,0.36546717136817497,0.4413082955375571,0.07584112416938216,35.43228336212686,High
Barangay 731,2916,2933.0,0.5829903978052127,0.5829903978052127,0.3223197143871121,0.39811762549673224,0.07579791110962014,30.041198828602887,High
Barangay 905,7385,7428.0,0.5822613405551794,0.5822613405551794,0.3406159549857459,0.4164124598264432,0.07579650484069733,37.7802910009508,High
Barangay 135,1935,1946.0,0.5684754521963824,0.5684754521963824,0.3542097471259522,0.42997966054825243,0.07576991342230022,24.813735252210563,High
Barangay 111,2661,2676.0,0.5636978579481398,0.5636978579481398,0.39785836903598626,0.47361906701969597,0.07576069798370971,13.134816085421125,Low
Barangay 772,2426,2439.0,0.5358615004122012,0.5358615004122012,0.4322886802813101,0.5079956850817714,0.07570700480046128,7.402950415475841,Low
Barangay 552,937,942.0,0.5336179295624333,0.5336179295624333,0.2788112027866011,0.354513879992814,0.07570267720621288,1.4451026111689989,Low
Barangay 80,2553,2566.0,0.509204857030944,0.509204857030944,0.4416423905388001,0.5172979776911006,0.07565558715230053,22.994935415231115,High
Barangay 230,2364,2376.0,0.5076142131979695,0.5076142131979695,0.4764792244090921,0.5521317433894631,0.07565251898037106,17.46194728679256,Low
Barangay 736,3806,3825.0,0.49921177088807145,0.49921177088807145,0.47543951121188055,0.551075822832,0.07563631162011941,33.34531876803774,High
Barangay 297,2005,2015.0,0.4987531172069825,0.4987531172069825,0.386649176600027,0.46228460352910467,0.07563542692907765,25.68226561336962,High
Barangay 614,404,406.0,0.49504950495049505,0.49504950495049505,0.3147804990197743,0.3904087820999734,0.07562828308019909,16.263364784929795,Low
Barangay 395,1222,1228.0,0.4909983633387889,0.4909983633387889,0.304800156022159,0.38042062490868567,0.07562046888652668,21.228583100639,Medium
Barangay 705,2683,2696.0,0.4845322400298174,0.4845322400298174,0.3929025811899914,0.4685105776564722,0.07560799646648081,30.40210521153635,High
Barangay 487,1457,1464.0,0.4804392587508579,0.4804392587508579,0.3481475818124367,0.42374768338126206,0.07560010156882535,22.263780184503332,Medium
Barangay 85,4032,4051.0,0.4712301587301587,0.4712301587301587,0.3913102756369436,0.46689261389408837,0.07558233825714478,26.622107288271252,High
Barangay 118,10840,10891.0,0.4704797047970479,0.4704797047970479,0.3853078975171134,0.46088878823355545,0.07558089071644203,13.681754796521703,Low
Barangay 732,1974,1983.0,0.4559270516717325,0.4559270516717325,0.2928969999219604,0.3684498202175508,0.0755528202955904,23.204220952892854,High
Barangay 899,1562,1569.0,0.44814340588988477,0.44814340588988477,0.3777132816488264,0.4532510881726341,0.0755378065238077,23.04306435184467,High
Barangay 629,1633,1640.0,0.4286589099816289,0.4286589099816289,0.31266684636889897,0.38816706950529856,0.07550022313639959,20.20229186368796,Medium
Barangay 754,2584,2595.0,0.42569659442724456,0.42569659442724456,0.3856615025324725,0.46115601169743403,0.07549450916496153,27.47654365312162,High
Barangay 351,3401,3415.0,0.4116436342252279,0.4116436342252279,0.35026801529413615,0.4257354178893413,0.07546740259520518,29.626383044223264,High
Barangay 334,1461,1467.0,0.41067761806981523,0.41067761806981523,0.33464973990753205,0.4101152791669043,0.07546553925937227,24.334272440579984,High
Barangay 689,733,736.0,0.4092769440654843,0.4092769440654843,0.2827534738143744,0.35821631133211657,0.07546283751774219,8.607222643357373,Low
Barangay 619,1283,1288.0,0.3897116134060795,0.3897116134060795,0.307025260085919,0.38245035829516666,0.07542509820924764,23.437817275412037,High
Barangay 7,1560,1566.0,0.38461538461538464,0.38461538461538464,0.30495919252393966,0.3803744606846265,0.07541526816068683,21.981682473171272,Medium
Barangay 901,1610,1616.0,0.37267080745341613,0.37267080745341613,0.4814067702529754,0.5567989986761694,0.07539222842319404,24.105773783046004,High
Barangay 87,1633,1639.0,0.3674219228413962,0.3674219228413962,0.3642171643374735,0.4395992682563046,0.0753821039188311,25.354060336149715,High
Barangay 29,4406,4422.0,0.3631411711302769,0.3631411711302769,0.37638834094068513,0.4517621877739486,0.07537384683326348,9.236304389844635,Low
Barangay 472,1122,1126.0,0.35650623885918004,0.35650623885918004,0.3514905190955431,0.4268515678953779,0.07536104879983485,20.806479988511306,Medium
Barangay 408,1768,1774.0,0.3393665158371041,0.3393665158371041,0.318027148292384,0.39335513650633364,0.07532798821394965,24.773145882709475,High
Barangay 120,3873,3886.0,0.3356571133488252,0.3356571133488252,0.48406945653159816,0.5593902897279673,0.07532083319636917,3.7452613301341033,Low
Barangay 733,4303,4317.0,0.32535440390425285,0.32535440390425285,0.3204412101760728,0.3957421706119542,0.07530096043588141,37.75362036831507,High
Barangay 246,1254,1258.0,0.3189792663476874,0.3189792663476874,0.3873078852677196,0.462596548784774,0.07528866351705443,22.888783230420326,Medium
Barangay 436,964,967.0,0.3112033195020747,0.3112033195020747,0.29651222380227565,0.3717858883979241,0.07527366459564844,19.14199531598289,Medium
Barangay 776,4592,4606.0,0.3048780487804878,0.3048780487804878,0.45313203382215866,0.5283934976864609,0.07526146386430227,34.10780367723451,High
Barangay 643,657,659.0,0.30441400304414,0.30441400304414,0.34060799781345863,0.4158685665860548,0.07526056877259618,17.97026619889298,Medium
Barangay 451,1027,1030.0,0.2921129503407984,0.2921129503407984,0.3017902231961436,0.3770270646302727,0.07523684143412906,19.48980462056957,Medium
Barangay 775,12084,12116.0,0.264812975835816,0.264812975835816,0.5762104657730075,0.6513946486460486,0.07518418287304107,17.42755173660976,Low
Barangay 163,3840,3850.0,0.26041666666666663,0.26041666666666663,0.4003068335529005,0.47548253644311583,0.07517570289021536,29.025542438530827,High
Barangay 327,1239,1242.0,0.24213075060532688,0.24213075060532688,0.32817635835139103,0.4033167897790711,0.07514043142768007,22.049752994407292,Medium
Barangay 770,9651,9673.0,0.2279556522640141,0.2279556522640141,0.5117393991832629,0.5868524884505392,0.07511308926727622,6.7415227821245525,Low
Barangay 535,1035,1037.0,0.1932367149758454,0.1932367149758454,0.2445997928620769,0.3196459132287131,0.07504612036663622,1.4793602220939601,Low
Barangay 848,1586,1589.0,0.18915510718789408,0.18915510718789408,0.3628858565586776,0.4379241039658354,0.07503824740715781,23.00375415529385,High
Barangay 122,3824,3830.0,0.15690376569037656,0.15690376569037656,0.39566789671066643,0.470643934930189,0.07497603821952259,25.68154708674855,High
Barangay 779,4444,4450.0,0.135013501350135,0.135013501350135,0.43263536012966214,0.5075691745067492,0.07493381437708707,15.152349108984328,Low
Barangay 904,1797,1799.0,0.11129660545353368,0.11129660545353368,0.426688607833322,0.5015766750024341,0.07488806716911206,26.76740445956394,High
Barangay 32,2219,2221.0,0.09013068949977468,0.09013068949977468,0.37331196031238995,0.44815920082512434,0.07484724051273439,13.530228867274696,Low
Barangay 601,7759,7765.0,0.07732955277741978,0.07732955277741978,0.28030340785347624,0.3551259564222689,0.07482254856879267,37.96032728527947,High
Barangay 806,1603,1604.0,0.06238303181534623,0.06238303181534623,0.31794248879144105,0.39273620721290187,0.07479371842146082,23.39595672318315,High
Barangay 653,58,58.0,0.0,0.0,0.3520836060433142,0.4267569946567342,0.07467338861342004,6.678065612793242,Low
Barangay 794,710,709.0,-0.14084507042253522,-0.14084507042253522,0.3091432501248286,0.3835449645378411,0.07440171441301252,14.468154264605616,Low
Barangay 498,1033,1029.0,-0.3872216844143272,-0.3872216844143272,0.3039050471026878,0.37783152891150235,0.07392648180881456,14.331870691623088,Low
Barangay 507,1532,1526.0,-0.39164490861618795,-0.39164490861618795,0.34534383784986084,0.4192617877597978,0.07391794990993694,22.58719967381396,Medium
Barangay 19,2272,2260.0,-0.528169014084507,-0.528169014084507,0.35804347253953756,0.4316980829014292,0.07365461036189164,6.720392027440861,Low
Barangay 346,1511,1501.0,-0.6618133686300464,-0.6618133686300464,0.3363756408377829,0.4097724663652375,0.07339682552745463,21.549007037047815,Medium
Barangay 522,1091,1082.0,-0.8249312557286892,-0.8249312557286892,0.3241539618389248,0.39723615142337665,0.07308218958445184,20.54691393153796,Medium
Barangay 800,1558,1541.0,-1.0911424903722722,-1.0911424903722722,0.2892584876107965,0.361827185852638,0.07256869824184153,10.73499079579236,Low
Barangay 98,1899,1877.0,-1.1585044760400212,-1.1585044760400212,0.427098033867323,0.49953679846264604,0.07243876459532306,24.991712029847832,High
Barangay 735,2063,2038.0,-1.211827435773146,-1.211827435773146,0.30356717246675263,0.37590308310768883,0.0723359106409362,18.52531678120241,Medium
Barangay 15,1119,1104.0,-1.3404825737265416,-1.3404825737265416,0.3892660497778914,0.4613537992185317,0.07208774944064028,9.540401508361894,Low
Barangay 233,735,724.0,-1.4965986394557822,-1.4965986394557822,0.32168652991439,0.3934731491330032,0.07178661921861318,15.720141479744731,Low
Barangay 684,2730,2685.0,-1.6483516483516485,-1.6483516483516485,0.3355144751570765,0.4070083799964959,0.07149390483941942,28.332129382551134,High
Barangay 875,1022,1003.0,-1.8590998043052838,-1.8590998043052838,0.3245919667527048,0.3956793622511561,0.07108739549845128,19.51422783856479,Medium
Barangay 77,1372,1346.0,-1.8950437317784257,-1.8950437317784257,0.3800849048828776,0.451102968613263,0.07101806373038538,22.145620926922888,Medium
Barangay 91,4552,4453.0,-2.1748681898066784,-2.1748681898066784,0.3985911157442708,0.46906942976484206,0.07047831402057125,37.253510672962015,High
Barangay 56,3457,3377.0,-2.3141452126120914,-2.3141452126120914,0.33801116407222964,0.40822082847877966,0.07020966440655002,33.40320030099036,High
Barangay 474,1655,1614.0,-2.4773413897280965,-2.4773413897280965,0.34632410261942576,0.4162189800703901,0.06989487745096434,23.062955862869646,High
Barangay 166,882,860.0,-2.494331065759637,-2.494331065759637,0.3507448100169523,0.4206069163056941,0.06986210628874179,19.58335807941548,Medium
Barangay 55,2492,2427.0,-2.608346709470305,-2.608346709470305,0.38262475768026,0.4522669406962447,0.06964218301598468,26.618006791333578,High
Barangay 94,2178,2117.0,-2.800734618916437,-2.800734618916437,0.32390479539952427,0.3931758839120942,0.06927108851256991,16.942545418186334,Low
Barangay 223,1629,1583.0,-2.823818293431553,-2.823818293431553,0.3628992631159906,0.4321258258329643,0.06922656271697375,23.765292300763182,High
Barangay 328,679,659.0,-2.945508100147275,-2.945508100147275,0.34053379974246756,0.40952563659478686,0.0689918368523193,17.859708711057685,Medium
Barangay 449,1402,1360.0,-2.9957203994293864,-2.9957203994293864,0.32486713983761584,0.3937621228475027,0.06889498300988689,21.56143606607365,Medium
Barangay 400,1504,1458.0,-3.0585106382978724,-3.0585106382978724,0.34961688375067346,0.4183907514962006,0.06877386774552713,22.69731353114913,Medium
Barangay 639,490,475.0,-3.061224489795918,-3.061224489795918,0.34925164653300556,0.41802027956613874,0.06876863303313319,16.9152830424716,Low
Barangay 152,6218,6016.0,-3.248633000964941,-3.248633000964941,0.5290562132221814,0.5974633564476226,0.06840714322544117,48.36056083543815,High
Barangay 210,3212,3106.0,-3.300124533001245,-3.300124533001245,0.33494070056628994,0.4032485224540956,0.06830782188780565,28.288202213571793,High
Barangay 773,2748,2656.0,-3.3478893740902476,-3.3478893740902476,0.447365744145829,0.5155814330610605,0.0682156889152315,5.286487721479325,Low
Barangay 73,2478,2394.0,-3.389830508474576,-3.389830508474576,0.4799679313998458,0.5481027206136262,0.06813478921378041,8.034664872550453,Low
Barangay 813,1001,967.0,-3.3966033966033966,-3.3966033966033966,0.28069943982338535,0.3488211649025011,0.06812172507911574,18.9657244175063,Medium
Barangay 259,2090,2014.0,-3.6363636363636362,-3.6363636363636362,0.3537204378036443,0.42137969251563273,0.06765925471198841,26.03960887140429,High
Barangay 788,969,933.0,-3.7151702786377707,-3.7151702786377707,0.37131929529836444,0.43882654091651374,0.0675072456181493,19.48507020430745,Medium
Barangay 194,775,746.0,-3.741935483870968,-3.741935483870968,0.170373265291493,0.23782888385795595,0.06745561856646295,1.9564776547316314,Low
Barangay 185,3532,3399.0,-3.7655719139297847,-3.7655719139297847,0.37521542050507,0.44262544707305224,0.06741002656798223,12.178589175252815,Low
Barangay 514,2283,2196.0,-3.8107752956636007,-3.8107752956636007,0.31041544559383966,0.3777382799544453,0.06732283436060565,22.886487644756908,Medium
Barangay 811,2332,2242.0,-3.8593481989708405,-3.8593481989708405,0.2760379213669865,0.3432670640944531,0.0672291427274666,14.414034765172987,Low
Barangay 820,1417,1362.0,-3.8814396612561755,-3.8814396612561755,0.3308516841125453,0.39803821490951125,0.06718653079696596,21.49940778221276,Medium
Barangay 583,1278,1228.0,-3.912363067292645,-3.912363067292645,0.346916422498569,0.41404330554511226,0.06712688304654324,19.795074175266652,Medium
Barangay 587-A,1277,1227.0,-3.915426781519186,-3.915426781519186,0.2632889989433834,0.330409972431926,0.06712097348854257,7.841306120328763,Low
Barangay 88,1096,1052.0,-4.014598540145985,-4.014598540145985,0.37962481779049456,0.44655450018061876,0.0669296823901242,19.573550811879045,Medium
Barangay 499,1498,1435.0,-4.205607476635514,-4.205607476635514,0.34813371957304057,0.41469496734251515,0.06656124776947459,24.620163710048338,High
Barangay 611,808,774.0,-4.207920792079208,-4.207920792079208,0.29565761669328666,0.3622144023390847,0.06655678564579803,18.917485464086354,Medium
Barangay 59,1112,1064.0,-4.316546762589928,-4.316546762589928,0.2950072934713576,0.3613545519140134,0.06634725844265577,20.635974621000678,Medium
Barangay 476,1268,1213.0,-4.337539432176656,-4.337539432176656,0.31753828336863804,0.3838450493275507,0.06630676595891266,20.83885901265814,Medium
Barangay 20,45772,43691.0,-4.54644760989251,-4.54644760989251,0.3468747626530711,0.4127785683807929,0.06590380572772181,67.54239858964867,High
Barangay 92,2639,2519.0,-4.547176960970065,-4.547176960970065,0.3687294860117895,0.4346318849038285,0.06590239889203897,30.760968685619083,High
Barangay 62,1967,1877.0,-4.575495678698525,-4.575495678698525,0.33144246734570143,0.3972902426362728,0.06584777529057134,25.34232272242883,High
Barangay 558,1260,1198.0,-4.920634920634921,-4.920634920634921,0.31612679481511624,0.3813088355698529,0.06518204075473666,10.736165230698633,Low
Barangay 513,2033,1929.0,-5.115592720118052,-5.115592720118052,0.3017285485737346,0.36653453779802797,0.06480598922429337,23.96180788605863,High
Barangay 108,5391,5114.0,-5.138193285104804,-5.138193285104804,0.38546578046815605,0.4502281757604565,0.06476239529230043,5.263602506521637,Low
Barangay 636,2135,2025.0,-5.152224824355972,-5.152224824355972,0.33450073959947174,0.3992360696406057,0.06473533004113396,25.386677519758578,High
Barangay 193,979,928.0,-5.209397344228805,-5.209397344228805,0.18658375260177293,0.2512088033226925,0.06462505072091959,1.0304150776846346,Low
Barangay 570,2002,1897.0,-5.244755244755245,-5.244755244755245,0.2594569017163251,0.32401375104883406,0.06455684933250899,3.115912760229727,Low
Barangay 76,1844,1745.0,-5.368763557483731,-5.368763557483731,0.3385107604051322,0.40282841173728995,0.06431765133215772,25.41419747093596,High
Barangay 254,3713,3513.0,-5.386479935362241,-5.386479935362241,0.3882381389474001,0.4525216173917186,0.06428347844431848,29.583545612770866,High
Barangay 192,1878,1771.0,-5.697550585729499,-5.697550585729499,0.12481742372586835,0.18850088209170443,0.06368345836583608,5.291384158946159,Low
Barangay 146,2895,2724.0,-5.9067357512953365,-5.9067357512953365,0.35218015372394595,0.4154601175803772,0.06327996385643125,31.659832423482793,High
Barangay 128,23702,22298.0,-5.92355075521053,-5.92355075521053,0.048381522821380384,0.11162905243833275,0.06324752961695237,45.88967903350885,High
Barangay 580,2008,1889.0,-5.926294820717132,-5.926294820717132,0.28449126255015783,0.3477334991753134,0.06324223662515555,2.954507496339065,Low
Barangay 225,2419,2275.0,-5.952873088052915,-5.952873088052915,0.41289171141475034,0.4760826815702665,0.06319097015551617,27.88430534703825,High
Barangay 227,1836,1726.0,-5.991285403050109,-5.991285403050109,0.33798818472272174,0.401105061870003,0.06311687714728126,23.78030842929269,High
Barangay 213,3231,3037.0,-6.004333023831631,-6.004333023831631,0.37594479728406904,0.43903650704755465,0.0630917097634856,31.17617071060699,High
Barangay 650,5202,4889.0,-6.016916570549789,-6.016916570549789,0.36479975518808594,0.4278671927141217,0.06306743752603577,21.903388810425515,Medium
Barangay 525,1784,1673.0,-6.221973094170403,-6.221973094170403,0.30420283131393794,0.3668747380136135,0.06267190669967554,4.120672115365307,Low
Barangay 431,700,656.0,-6.2857142857142865,-6.2857142857142865,0.29302138714108034,0.35557034429631135,0.06254895715523101,17.605906595534783,Low
Barangay 157,1505,1409.0,-6.378737541528238,-6.378737541528238,0.39293614404686367,0.4553056698697325,0.06236952582286881,20.758923038071657,Medium
Barangay 657,982,919.0,-6.415478615071284,-6.415478615071284,0.28254486871179163,0.34484352516204425,0.06229865645025262,16.354895764131687,Low
Barangay 308,1033,965.0,-6.582768635043562,-6.582768635043562,0.31112099515697106,0.3730969680920975,0.06197597293512647,19.875067843286782,Medium
Barangay 414,1716,1603.0,-6.585081585081586,-6.585081585081586,0.33866344723127345,0.40063495874754956,0.06197151151627611,23.118257365910235,High
Barangay 331,924,860.0,-6.926406926406926,-6.926406926406926,0.2959810694615667,0.35729420302464066,0.06131313356307394,20.308351315130118,Medium
Barangay 336,2134,1986.0,-6.935332708528586,-6.935332708528586,0.3416841037611735,0.40298002050072895,0.06129591673955548,25.689921648391767,High
Barangay 16,1477,1371.0,-7.176709546377793,-7.176709546377793,0.36663202171962367,0.4274623498573001,0.060830328137676415,15.669578100058432,Low
Barangay 760,1041,966.0,-7.204610951008646,-7.204610951008646,0.2471512264552608,0.30792773594120454,0.060776509485943736,19.235763891953138,Medium
Barangay 209,5075,4704.0,-7.310344827586207,-7.310344827586207,0.35056792223801486,0.4111404830426946,0.060572560804679765,29.895433408777965,High
Barangay 381,1591,1473.0,-7.416719044626022,-7.416719044626022,0.3066209766446892,0.3669883536238252,0.06036737697913602,21.993347763718297,Medium
Barangay 295,1531,1417.0,-7.4461136512083606,-7.4461136512083606,0.37285384246736664,0.4331645205772019,0.06031067810983526,22.158217851188162,Medium
Barangay 57,882,815.0,-7.596371882086168,-7.596371882086168,0.27879022936098746,0.3388110763492512,0.06002084698826371,16.39063477575388,Low
Barangay 419,1696,1567.0,-7.606132075471699,-7.606132075471699,0.31378487974835295,0.37378690042820645,0.060002020679853496,22.55321886410789,Medium
Barangay 679,931,860.0,-7.626208378088077,-7.626208378088077,0.2743849022884817,0.33434819805276605,0.05996329576428433,18.9751321345612,Medium
Barangay 597,1672,1544.0,-7.655502392344498,-7.655502392344498,0.32703882161747894,0.3869456125436745,0.05990679092619555,22.526582033108944,Medium
Barangay 420,3134,2890.0,-7.78557753669432,-7.78557753669432,0.319750709364948,0.37940660005922106,0.05965589069427307,29.625161294337875,High
Barangay 496,1177,1085.0,-7.816482582837724,-7.816482582837724,0.28967009647584036,0.34926637483384654,0.05959627835800618,6.868919037342764,Low
Barangay 524,865,796.0,-7.976878612716763,-7.976878612716763,0.2822399414787747,0.3415268340483027,0.059286892569528016,6.456848629865014,Low
Barangay 216,2431,2237.0,-7.9802550390785685,-7.9802550390785685,0.3503389283727209,0.4096193081979312,0.05928037982521028,25.619064111034884,High
Barangay 587,2920,2685.0,-8.047945205479452,-8.047945205479452,0.1280763096545816,0.18722612280978176,0.059149813155200154,1.4504151102435512,Low
Barangay 3,1341,1232.0,-8.128262490678598,-8.128262490678598,0.29550711094363574,0.35450200114576463,0.05899489020212889,21.086870139546313,Medium
Barangay 673,2764,2539.0,-8.140376266280752,-8.140376266280752,0.2832218495600412,0.3421933736600356,0.0589715240999944,29.121662421589388,High
Barangay 593,1775,1628.0,-8.28169014084507,-8.28169014084507,0.2755424228167375,0.3342413684461927,0.05869894562945516,6.041301093000347,Low
Barangay 26,2555,2340.0,-8.414872798434441,-8.414872798434441,0.353513500368754,0.4119555517249472,0.05844205135619318,13.782435863070821,Low
Barangay 894,1885,1724.0,-8.541114058355438,-8.541114058355438,0.3292239889922432,0.3874225352456692,0.05819854625342602,23.511851198958432,High
Barangay 440,1004,918.0,-8.565737051792828,-8.565737051792828,0.3151665729015072,0.37331762418735165,0.05815105128584447,19.332040529108667,Medium
Barangay 239,1785,1631.0,-8.627450980392156,-8.627450980392156,0.3867392658801328,0.444771277982313,0.058032012102180175,26.05862250841397,High
Barangay 171,1124,1026.0,-8.718861209964412,-8.718861209964412,0.33096845410094655,0.3888241462158271,0.057855692114880564,19.686018012211374,Medium
Barangay 267,1952,1780.0,-8.811475409836065,-8.811475409836065,0.40452467806079934,0.46220172786593466,0.05767704980513533,24.53354913510403,High
Barangay 432,3436,3132.0,-8.847497089639116,-8.847497089639116,0.30012305855315663,0.35773062661478133,0.0576075680616247,31.386747007794906,High
Barangay 430,508,463.0,-8.858267716535433,-8.858267716535433,0.2843979643404387,0.34198475708176884,0.05758679274133016,16.483585536839325,Low
Barangay 129,5716,5207.0,-8.90482855143457,-8.90482855143457,0.36540184705388556,0.4228988292143157,0.05749698216043014,39.39086797908972,High
Barangay 438,712,648.0,-8.98876404494382,-8.98876404494382,0.29614133349686306,0.35347641358989024,0.05733508009302718,17.45108254428229,Low
Barangay 682,822,747.0,-9.124087591240876,-9.124087591240876,0.24561799265198067,0.3026920489397282,0.057074056287747504,16.44737266315028,Low
Barangay 716,920,836.0,-9.130434782608695,-9.130434782608695,0.4329047691063601,0.4899665823803159,0.057061813273955764,20.38613318858374,Medium
Barangay 121,4511,4097.0,-9.177565949900243,-9.177565949900243,0.3792708743055498,0.4362417768919693,0.056970902586419514,7.7101562215043735,Low
Barangay 110,2677,2431.0,-9.18939110945088,-9.18939110945088,0.30406456915144586,0.36101266234342955,0.056948093191983684,13.502978579864624,Low
Barangay 202,1420,1289.0,-9.225352112676056,-9.225352112676056,0.31227808556044406,0.3691568140471686,0.05687872848672454,21.005432268898343,Medium
Barangay 745,2015,1826.0,-9.379652605459057,-9.379652605459057,0.3284507778418085,0.3850318781412379,0.05658110029942942,24.433248386353547,High
Barangay 401,2333,2112.0,-9.472781825975138,-9.472781825975138,0.3337453160996123,0.3901467806727619,0.056401464573149596,26.911331908282172,High
Barangay 810,2293,2073.0,-9.594417793283908,-9.594417793283908,0.28881082656813284,0.3449776691267506,0.05616684255861776,25.00940060260628,High
Barangay 417,2011,1818.0,-9.597215315763302,-9.597215315763302,0.32118749395637525,0.37734894041074574,0.05616144645437049,24.300099255319807,High
Barangay 170,1378,1245.0,-9.65166908563135,-9.65166908563135,0.3432511498960149,0.39930756119123006,0.05605641129521516,20.960216447585715,Medium
Barangay 50,4217,3806.0,-9.746265117382025,-9.746265117382025,0.41062323373689863,0.4664971799929718,0.05587394625607317,36.36950967898171,High
Barangay 28,2787,2515.0,-9.759598134194475,-9.759598134194475,0.3462847056883123,0.4021329340639466,0.0558482283756343,17.455996821762195,Low
Barangay 95,5543,4994.0,-9.904383907631246,-9.904383907631246,0.3792473496645162,0.43481630266962584,0.05556895300510967,26.666341052798636,High
Barangay 195,1401,1261.0,-9.992862241256246,-9.992862241256246,0.2640236767502316,0.31942196506350035,0.05539828831326876,5.508133911502115,Low
Barangay 196,1631,1468.0,-9.993868792152053,-9.993868792152053,0.2335019637049823,0.2888983104954916,0.05539634679050928,13.964833267026902,Low
Barangay 415,884,795.0,-10.06787330316742,-10.06787330316742,0.28720599286216436,0.34245959332654136,0.055253600464376995,16.464967351196055,Low
Barangay 581,2461,2212.0,-10.11783827712312,-10.11783827712312,0.12447198762763308,0.1796292113121407,0.055157223684507636,2.6365119609089636,Low
Barangay 746,1663,1494.0,-10.16235718580878,-10.16235718580878,0.25279585485577266,0.30786720660394695,0.05507135174817429,21.942280093724886,Medium
Barangay 382,896,804.0,-10.267857142857142,-10.267857142857142,0.27195808410873634,0.32682593837994417,0.05486785427120783,17.747996462506045,Medium
Barangay 228,3010,2697.0,-10.398671096345515,-10.398671096345515,0.474441706820733,0.5290572357808064,0.054615528960073434,29.98625831245138,High
Barangay 286,4710,4216.0,-10.488322717622081,-10.488322717622081,0.4041980241163962,0.4586406252455382,0.05444260112914201,21.911106575556012,Medium
Barangay 64,495,443.0,-10.505050505050505,-10.505050505050505,0.2766943915073073,0.3311047266277025,0.054410335120395226,16.919613500197002,Low
Barangay 592,2371,2119.0,-10.628426824124842,-10.628426824124842,0.29187386138805077,0.3460462175523264,0.054172356164275626,11.92938361420085,Low
Barangay 67,4083,3641.0,-10.825373499877541,-10.825373499877541,0.404385658241366,0.45817812655796947,0.05379246831660345,28.02243140492788,High
Barangay 510,1134,1010.0,-10.934744268077601,-10.934744268077601,0.33435155710616543,0.38793306158917806,0.05358150448301263,20.73360006747809,Medium
Barangay 165,1014,903.0,-10.946745562130179,-10.946745562130179,0.35867964076628994,0.41223799611134687,0.05355835534505693,18.516075808630777,Medium
Barangay 590,3209,2854.0,-11.06263633530695,-11.06263633530695,0.23778575476511934,0.29112056992490065,0.05333481515978131,6.094419638799022,Low
Barangay 101,15358,13659.0,-11.062638364370361,-11.062638364370361,0.4024189299266861,0.45575374117263373,0.05333481124594763,53.92091228493761,High
Barangay 147,2275,2023.0,-11.076923076923077,-11.076923076923077,0.33631532554587595,0.38962258319801185,0.0533072576521359,23.666357456194778,High
Barangay 186,1678,1492.0,-11.084624553039331,-11.084624553039331,0.29413038038831835,0.3474227827646567,0.053292402376338366,18.815078300227913,Medium
Barangay 340,2009,1785.0,-11.149825783972126,-11.149825783972126,0.3410375843997013,0.39420422098085695,0.05316663658115567,26.134865675795965,High
Barangay 549,867,770.0,-11.18800461361015,-11.18800461361015,0.24507865934814207,0.29817165328789547,0.05309299393975339,1.0160900557341332,Low
Barangay 312,3328,2945.0,-11.508413461538462,-11.508413461538462,0.3566414417305066,0.40911640326555254,0.05247496153504594,32.169274104568444,High
Barangay 2,1887,1666.0,-11.711711711711711,-11.711711711711711,0.2988729739076805,0.35095579612684985,0.05208282221916938,12.312495641682379,Low
Barangay 255,1086,957.0,-11.878453038674033,-11.878453038674033,0.32403659971517046,0.37579779678593034,0.05176119707075988,11.221780127097386,Low
Barangay 734,902,792.0,-12.195121951219512,-12.195121951219512,0.28505740931780293,0.3362077878959339,0.051150378578130984,5.513282446583176,Low
Barangay 503,1183,1038.0,-12.256973795435334,-12.256973795435334,0.28554299231802205,0.3365740656888734,0.05103107337085133,19.53494229695524,Medium
Barangay 356,505,443.0,-12.277227722772277,-12.277227722772277,0.30613524292228145,0.3571272487595807,0.05099200583729924,16.37132134748234,Low
Barangay 43,3362,2949.0,-12.284354550862583,-12.284354550862583,0.4839075929243401,0.5348858519168469,0.0509782589925068,18.97355882956969,Medium
Barangay 852,1118,979.0,-12.432915921288014,-12.432915921288014,0.3812432427180526,0.43193494364075474,0.05069170092270214,19.813421247120804,Medium
Barangay 562,2583,2261.0,-12.466124661246612,-12.466124661246612,0.3272668225087693,0.37789446753056044,0.05062764502179112,12.731321548498379,Low
Barangay 598,12027,10510.0,-12.613286771430948,-12.613286771430948,0.38202155404728,0.43236534001390736,0.050343785966627363,71.27845725494744,High
Barangay 450,1835,1603.0,-12.643051771117166,-12.643051771117166,0.29284765154686515,0.3431340241978143,0.05028637265094915,22.96893524106518,High
Barangay 161,1004,876.0,-12.749003984063744,-12.749003984063744,0.31803479547348495,0.36811679829702504,0.050082002823540084,15.502999497732844,Low
Barangay 652,39,34.0,-12.82051282051282,-12.82051282051282,0.33418767217377265,0.38413174254496557,0.04994407037119292,8.63360910923964,Low
Barangay 178,1519,1324.0,-12.837393021724818,-12.837393021724818,0.3413934907732546,0.391305001146762,0.049911510373507384,21.394594373073613,Medium
Barangay 572,1856,1617.0,-12.877155172413794,-12.877155172413794,0.34547613252143217,0.39531094620642565,0.049834813684993484,22.610456543234434,Medium
Barangay 409,1921,1673.0,-12.90994273815721,-12.90994273815721,0.3003309417937953,0.3501025119752716,0.049771570181476266,22.95137576941727,High
Barangay 337,1386,1203.0,-13.203463203463203,-13.203463203463203,0.322773771351275,0.37197917377497286,0.049205402423697864,21.98507087046792,Medium
Barangay 68,1115,966.0,-13.363228699551568,-13.363228699551568,0.36201286726306914,0.4109101001266091,0.048897232863539974,11.25899402296572,Low
Barangay 447,1454,1259.0,-13.411279229711143,-13.411279229711143,0.332192718877694,0.3809972677067761,0.048804548829082084,21.049347383549694,Medium
Barangay 222,2040,1760.0,-13.725490196078432,-13.725490196078432,0.37261606782897233,0.4208145392654199,0.048198471436447565,15.049593102376733,Low
Barangay 579,1703,1468.0,-13.799177921315325,-13.799177921315325,0.2969946845257042,0.3450510206799333,0.04805633615422911,8.699251170296094,Low
Barangay 546,892,768.0,-13.901345291479823,-13.901345291479823,0.29140556969688836,0.3392648365570774,0.04785926686018904,1.3619144850682374,Low
Barangay 425,2087,1792.0,-14.13512218495448,-14.13512218495448,0.28035361718651347,0.3277619548773823,0.04740833769086883,22.146639597714795,Medium
Barangay 172,1210,1038.0,-14.214876033057852,-14.214876033057852,0.3174440881721556,0.3646985897163428,0.0472545015441872,19.649855410963816,Medium
Barangay 421,1474,1264.0,-14.246947082767978,-14.246947082767978,0.28501062034673547,0.3322032604657404,0.047192640119004925,20.913755560875412,Medium
Barangay 426,1786,1529.0,-14.38969764837626,-14.38969764837626,0.2882530467447861,0.33517033717882855,0.04691729043404247,20.733334633746082,Medium
Barangay 699,3193,2733.0,-14.406514249921704,-14.406514249921704,0.3296912932749812,0.37657614638789677,0.04688485311291557,9.040673073678352,Low
Barangay 202-A,1213,1037.0,-14.509480626545754,-14.509480626545754,0.272446338172419,0.31913258079826334,0.046686242625844365,13.262252786178466,Low
Barangay 461,863,733.0,-15.063731170336037,-15.063731170336037,0.2851154130074613,0.3307325690628069,0.04561715605534561,17.993532671610893,Medium
Barangay 448,1375,1167.0,-15.127272727272729,-15.127272727272729,0.30375764041338776,0.349252231996852,0.04549459158346425,20.72828119693106,Medium
Barangay 589,660,559.0,-15.303030303030301,-15.303030303030301,0.1683988864631145,0.2135544615746762,0.04515557511156171,2.302988814210842,Low
Barangay 150,2277,1922.0,-15.590689503732982,-15.590689503732982,0.35416004209728014,0.3987607551671224,0.04460071306984226,16.68358623067481,Low
Barangay 60,4503,3800.0,-15.611814345991561,-15.611814345991561,0.5129867666464549,0.5575467322864288,0.044559965639973886,36.2597277162433,High
Barangay 511,1338,1129.0,-15.6203288490284,-15.6203288490284,0.3303526060057448,0.3748961481330075,0.04454354212726269,21.538455007671956,Medium
Barangay 181,2773,2334.0,-15.83122971510999,-15.83122971510999,0.3835987168321145,0.42773545505785543,0.044136738225740935,17.042823187945135,Low
Barangay 214,1577,1323.0,-16.106531388712746,-16.106531388712746,0.38171317664579335,0.4253188891010014,0.04360571245520806,21.784718703200934,Medium
Barangay 591,2498,2085.0,-16.533226581265012,-16.533226581265012,0.18287373666410814,0.22565640238501006,0.04278266572090192,1.5986886592097678,Low
Barangay 631,1254,1045.0,-16.666666666666664,-16.666666666666664,0.2971287699382344,0.33965404483675926,0.04252527489852487,20.090625858105103,Medium
Barangay 606,532,443.0,-16.729323308270676,-16.729323308270676,0.31467306090053,0.35707747822869806,0.042404417328168076,13.29736993993644,Low
Barangay 685,1044,869.0,-16.762452107279692,-16.762452107279692,0.25756930482306356,0.29990982044736486,0.0423405156243013,17.684162199156457,Low
Barangay 168,1387,1154.0,-16.79884643114636,-16.79884643114636,0.3358886124688552,0.37815892756142205,0.042270315092566846,20.441433249747558,Medium
Barangay 125,4510,3749.0,-16.873614190687363,-16.873614190687363,0.4909038605349511,0.5330299570813619,0.04212609654641081,31.979404344241143,High
Barangay 478,1129,935.0,-17.183348095659877,-17.183348095659877,0.31551973609600187,0.35704839099450786,0.04152865489850599,19.31252511044975,Medium
Barangay 17,1176,973.0,-17.261904761904763,-17.261904761904763,0.3409125154704955,0.38228964345063127,0.041377127980135764,7.222152742118376,Low
Barangay 52,2732,2249.0,-17.67935578330893,-17.67935578330893,0.3803458009658547,0.4209177131716004,0.04057191220574574,27.142303676654567,High
Barangay 609,1046,859.0,-17.877629063097515,-17.877629063097515,0.32638153617490845,0.3665710016639381,0.04018946548902963,18.992506799677393,Medium
Barangay 203,2462,2014.0,-18.1965881397238,-18.1965881397238,0.31255621525398364,0.35213044478306643,0.039574229529082794,24.10771947363207,High
Barangay 154,948,774.0,-18.354430379746837,-18.354430379746837,0.34868765442463134,0.3879574241368377,0.03926976971220636,18.42709367392397,Medium
Barangay 370,772,628.0,-18.65284974093264,-18.65284974093264,0.3105752473137144,0.34926939985243305,0.03869415253871866,17.196234388893362,Low
Barangay 577,985,801.0,-18.68020304568528,-18.68020304568528,0.3043895067331673,0.343030897842786,0.03864139110961873,2.7909380187537756,Low
Barangay 817,1716,1395.0,-18.706293706293707,-18.706293706293707,0.3913924797498054,0.4299835449279759,0.038591065178170514,22.539197078354732,Medium
Barangay 582,1563,1269.0,-18.809980806142036,-18.809980806142036,0.3302417323028633,0.36863279680043237,0.03839106449756907,10.781534465100314,Low
Barangay 235,1557,1264.0,-18.81824020552344,-18.81824020552344,0.33193773431328016,0.37031286736421737,0.038375133050937205,19.904233022106403,Medium
Barangay 454,1153,936.0,-18.820468343451864,-18.820468343451864,0.2895191375298192,0.32788997275486675,0.03837083522504753,18.975880978725105,Medium
Barangay 217,1263,1025.0,-18.844022169437846,-18.844022169437846,0.350950763492558,0.3892761660530324,0.0383254025604744,19.855201098373254,Medium
Barangay 607,1782,1443.0,-19.023569023569024,-19.023569023569024,0.3206188938756933,0.3585979708751421,0.0379790769994488,19.372893430728737,Medium
Barangay 187,886,717.0,-19.0744920993228,-19.0744920993228,0.1658369828506954,0.20371783500034146,0.037880852149646066,10.498096360221542,Low
Barangay 153,2051,1658.0,-19.16138469039493,-19.16138469039493,0.3878534039936185,0.4255666501693384,0.03771324617571992,23.712025163114788,High
Barangay 12,2137,1723.0,-19.37295273748245,-19.37295273748245,0.3551447739204949,0.3924499292780424,0.03730515535754747,10.80664910365004,Low
Barangay 119,2345,1877.0,-19.957356076759062,-19.957356076759062,0.34040730449905715,0.3765852119562189,0.03617790745716176,11.051950704972107,Low
Barangay 335,1350,1078.0,-20.14814814814815,-20.14814814814815,0.31597606293469066,0.3517859540794374,0.03580989114474675,20.69381259898172,Medium
Barangay 427,495,395.0,-20.2020202020202,-20.2020202020202,0.24571454090456712,0.28142051895447784,0.035705978049910714,16.81507454457118,Low
Barangay 212,2675,2131.0,-20.33644859813084,-20.33644859813084,0.32167597211791676,0.357122653005947,0.03544668088803021,12.742015014993216,Low
Barangay 435,592,471.0,-20.43918918918919,-20.43918918918919,0.26340097234508053,0.2986494782608419,0.0352485059157614,16.208535879327446,Low
Barangay 651,2556,2033.0,-20.461658841940533,-20.461658841940533,0.3258300638616787,0.361035228360333,0.03520516449865435,13.987755578605581,Low
Barangay 130,1758,1398.0,-20.477815699658702,-20.477815699658702,0.30248260441663916,0.33765660416534155,0.03517399974870239,21.31203348827061,Medium
Barangay 314,2064,1630.0,-21.027131782945737,-21.027131782945737,0.32826831252685124,0.3623827437208977,0.034114431194046446,22.714344403538153,Medium
Barangay 398,3068,2413.0,-21.349413298565842,-21.349413298565842,0.38418749301185423,0.4176802796371588,0.03349278662530458,28.08341097146567,High
Barangay 126,1162,913.0,-21.428571428571427,-21.428571428571427,0.2925806498532114,0.3259207494046234,0.033340099551411984,18.885840688652774,Medium
Barangay 443,1382,1084.0,-21.562952243125906,-21.562952243125906,0.30393494557511613,0.3370158397440843,0.033080894168968145,20.215704326374436,Medium
Barangay 148,2333,1827.0,-21.68881268752679,-21.68881268752679,0.3306315636153366,0.3634696872315763,0.03283812361623972,22.234225672370016,Medium
Barangay 439,1052,821.0,-21.958174904942965,-21.958174904942965,0.28571117307130317,0.31802972745578334,0.03231855438448017,18.72824568923257,Medium
Barangay 441,856,666.0,-22.19626168224299,-22.19626168224299,0.29085085698346214,0.3227101689205031,0.031859311937040946,17.59709322706047,Low
Barangay 131,1621,1258.0,-22.393584207279456,-22.393584207279456,0.32454164190489015,0.3560203410235281,0.03147869911863793,21.078268203195368,Medium
Barangay 243,436,338.0,-22.477064220183486,-22.477064220183486,0.3390754720673737,0.37039314768914605,0.031317675621772345,17.47554583990578,Low
Barangay 625,1027,794.0,-22.687439143135347,-22.687439143135347,0.3000495859174914,0.3309614721225147,0.030911886205023276,18.222444107675468,Medium
Barangay 226,1562,1201.0,-23.111395646606915,-23.111395646606915,0.32436260934822897,0.3544567314402258,0.030094122091996856,20.697877566111032,Medium
Barangay 446,1002,769.0,-23.253493013972058,-23.253493013972058,0.32222195208666643,0.35204198443918483,0.0298200323525184,18.554481994920057,Medium
Barangay 348,1249,955.0,-23.53883106485188,-23.53883106485188,0.3182900401552335,0.34755968770133955,0.02926964754610606,18.894914998840022,Medium
Barangay 198,5032,3840.0,-23.68839427662957,-23.68839427662957,0.32678963220411794,0.3557707892418364,0.028981157037718475,35.71756726859825,High
Barangay 751,1541,1175.0,-23.75081116158339,-23.75081116158339,0.24935755885873712,0.27821832078954206,0.028860761930804946,18.816664098747538,Medium
Barangay 495,1906,1443.0,-24.29171038824764,-24.29171038824764,0.3147633396826602,0.3425807682226391,0.027817428539978928,22.13159495010483,Medium
Barangay 573,947,716.0,-24.39281942977825,-24.39281942977825,0.28434220613739636,0.31196460677949145,0.02762240064209509,1.3091873842589612,Low
Barangay 236,801,603.0,-24.719101123595504,-24.719101123595504,0.30916883878183904,0.33616187896417854,0.0269930401823395,17.82414416882359,Medium
Barangay 311,2401,1805.0,-24.82299042065806,-24.82299042065806,0.3154690187849271,0.342261668271123,0.026792649486195863,24.816528854500223,High
Barangay 357,736,553.0,-24.86413043478261,-24.86413043478261,0.3048735058053501,0.3315868008604075,0.026713295055057373,17.53193600138536,Low
Barangay 207,1541,1139.0,-26.08695652173913,-26.08695652173913,0.274972053232657,0.2993266551618933,0.024354601929236275,11.16893112994891,Low
Barangay 231,1888,1389.0,-26.43008474576271,-26.43008474576271,0.337805697092797,0.3614984435121513,0.023692746419354316,21.892816160694476,Medium
Barangay 493,1170,858.0,-26.666666666666668,-26.666666666666668,0.28619872183136635,0.30943512850095406,0.023236406669587706,17.303671357692217,Low
Barangay 634,1319,960.0,-27.217589082638362,-27.217589082638362,0.24362790344208216,0.2658016431230653,0.022173739680983157,18.751472481637038,Medium
Barangay 204,2684,1932.0,-28.017883755588674,-28.017883755588674,0.3127061897958232,0.3333362516277205,0.020630061831897306,24.141265776775455,High
Barangay 494,2318,1663.0,-28.257118205349443,-28.257118205349443,0.2891086817909374,0.3092772874451089,0.0201686056541715,19.841044114955046,Medium
Barangay 208,635,454.0,-28.503937007874015,-28.503937007874015,0.24000674792313612,0.2596992680414756,0.019692520118339468,7.601451307099354,Low
Barangay 453,1492,1066.0,-28.55227882037534,-28.55227882037534,0.2888551264827739,0.30845440071598473,0.01959927423321084,19.864283608756768,Medium
Barangay 486,969,687.0,-29.102167182662537,-29.102167182662537,0.3103230389931571,0.32886164081028957,0.01853860181713246,17.97766489581119,Medium
Barangay 428,1304,924.0,-29.141104294478527,-29.141104294478527,0.2442475761067695,0.26271107264199856,0.01846349653522905,12.730198022164402,Low
Barangay 574,1479,1043.0,-29.479377958079784,-29.479377958079784,0.3166687582834688,0.3344797632064454,0.017811004922976603,16.24531951573892,Low
Barangay 521,2244,1582.0,-29.500891265597147,-29.500891265597147,0.28705903316623443,0.3048285413538239,0.01776950818758949,23.844763035899483,High
Barangay 349,788,548.0,-30.456852791878177,-30.456852791878177,0.31270665207291853,0.3286322186692712,0.01592556659635269,16.227255905705494,Low
Barangay 78,1221,844.0,-30.876330876330876,-30.876330876330876,0.2924237797668917,0.3075402206136509,0.015116440846759172,18.51241126205648,Medium
Barangay 74,1039,711.0,-31.56881616939365,-31.56881616939365,0.2725623510996063,0.286343066189529,0.01378071508992268,18.473865764582538,Medium
Barangay 241,447,303.0,-32.21476510067114,-32.21476510067114,0.31841522059533117,0.33094997330345044,0.012534752708119268,14.911498233766205,Low
Barangay 500,2562,1404.0,-45.19906323185012,-45.19906323185012,0.30230779410917696,0.28979730524754166,-0.012510488861635305,21.799938652134276,Medium
Barangay 273,825,454.0,-44.96969696969697,-44.96969696969697,0.328163746620532,0.31609567931958027,-0.012068067300951724,12.868122894141532,Low
Barangay 878,960,504.0,-47.5,-45.29110070257611,0.30744522844516115,0.2957849575816531,-0.011660270863508071,16.9516823608688,Low
Barangay 452,1039,693.0,-33.301251203079886,-33.301251203079886,0.2690274951548311,0.279466539136757,0.01043904398192591,17.440623783415873,Low
Barangay 237,452,223.0,-50.66371681415929,-45.29110070257611,0.3122461523018381,0.3020578829901839,-0.01018826931165423,14.185958361721307,Low
Barangay 368,1337,658.0,-50.78534031413613,-45.29110070257611,0.2914234301603192,0.2812917493460635,-0.010131680814255695,17.40377124590023,Low
Barangay 550,992,657.0,-33.770161290322584,-33.770161290322584,0.28756435339017444,0.297098922883696,0.00953456949352155,8.54159551276006,Low
Barangay 470,2260,1487.0,-34.203539823008846,-34.203539823008846,0.2859397082857305,0.2946383396382285,0.008698631352497987,22.92969837029526,High
Barangay 663-A,403,185.0,-54.09429280397022,-45.29110070257611,0.325526141899604,0.31693403731361475,-0.008592104585989246,15.09744118291917,Low
Barangay 505,1200,788.0,-34.333333333333336,-34.333333333333336,0.30185413563030844,0.31030240999104436,0.008448274360735919,18.399864339307037,Medium
Barangay 6,771,506.0,-34.37094682230869,-34.37094682230869,0.2517489766705595,0.26012469886804784,0.008375722197488333,16.363610098007005,Low
Barangay 200,1666,757.0,-54.56182472989196,-45.29110070257611,0.28983676663978397,0.2814621934451689,-0.008374573194615098,17.853302394379924,Medium
Barangay 877,1813,805.0,-55.5984555984556,-45.29110070257611,0.2984556645808555,0.2905634108657829,-0.007892253715072572,18.451185987232,Medium
Barangay 853,505,291.0,-42.37623762376238,-42.37623762376238,0.30756337370686665,0.30049779596399867,-0.007065577742867979,11.780484908266532,Low
Barangay 542,802,336.0,-58.104738154613464,-45.29110070257611,0.25363743652595466,0.2469112959710541,-0.0067261405549005615,13.970325788983134,Low
Barangay 509,1260,814.0,-35.3968253968254,-35.3968253968254,0.30861266330766074,0.31500958184087485,0.006396918533214113,18.8696976174543,Medium
Barangay 199,3471,2240.0,-35.46528377989052,-35.46528377989052,0.32272935850561807,0.3289942285658212,0.006264870060203154,26.22324412916641,High
Barangay 197,523,305.0,-41.68260038240918,-41.68260038240918,0.20368521749694043,0.197957587488787,-0.005727630008153434,12.13841794205872,Low
Barangay 99,6310,3682.0,-41.64817749603804,-41.64817749603804,0.5384487993279548,0.5327875671717286,-0.005661232156226159,31.787275122143182,High
Barangay 184,3311,2126.0,-35.789791603745094,-35.789791603745094,0.30915747162041224,0.3147964028152564,0.0056389311948441545,26.01219630396653,High
Barangay 576,3603,2112.0,-41.38218151540383,-41.38218151540383,0.2780377702326981,0.27288961421846,-0.0051481560142381255,15.174274583057768,Low
Barangay 248,503,173.0,-65.60636182902584,-45.29110070257611,0.3167088612213713,0.3134730462356677,-0.0032358149857036334,15.291730931206473,Low
Barangay 258,1181,708.0,-40.05080440304826,-40.05080440304826,0.31104601131028065,0.3084659310643674,-0.002580080245913219,12.475966781076412,Low
Barangay 688,1212,756.0,-37.62376237623762,-37.62376237623762,0.25352387467259047,0.2556252838108016,0.0021014091382111078,14.398613384752101,Low
Barangay 444,941,582.0,-38.150903294367694,-38.150903294367694,0.28413109019027216,0.2852157041576941,0.0010846139674219324,17.440960034216264,Low
Barangay 551,959,591.0,-38.373305526590194,-38.373305526590194,0.2805998731663922,0.28125549839869796,0.0006556252323057787,4.569156333476222,Low
Barangay 703,114,848.0,643.859649122807,93.93641050036327,0.6056927963115188,0.6056927963115188,0.0,11.422771886778415,Low
Barangay 544,164,45.0,-72.5609756097561,-45.29110070257611,0.22917764499821877,0.22917764499821877,0.0,14.805775948034164,Low
