{
"type": "FeatureCollection",
"name": "manila-barangays",
"crs": { "type": "name", "properties": { "name": "urn:ogc:def:crs:OGC:1.3:CRS84" } },
"features": [
{ "type": "Feature", "properties": { "name": "Barangay 1" }, "geometry": { "type": "Polygon", "coordinates": [ [ [ 120.965683449000153, 14.60632471200006 ], [ 120.968379638000215, 14.603652479 ], [ 120.967450003000067, 14.602477608000072 ], [ 120.966352501000074, 14.60356003600009 ], [ 120.965500835000284, 14.606209063000165 ], [ 120.965683449000153, 14.60632471200006 ] ] ] } },
{ "type": "Feature", "properties": { "name": "Barangay 2" }, "geometry": { "type": "Polygon", "coordinates": [ [ [ 120.966538690000107, 14.606848176000028 ], [ 120.968822834000093, 14.604123995000123 ], [ 120.968379638000215, 14.603652479 ], [ 120.965683449000153, 14.60632471200006 ], [ 120.966538690000107, 14.606848176000028 ] ] ] } },
{ "type": "Feature", "properties": { "name": "Barangay 3" }, "geometry": { "type": "Polygon", "coordinates": [ [ [ 120.967173901000024, 14.607273055000121 ], [ 120.969698587000153, 14.605054815000074 ], [ 120.968822834000093, 14.604123995000123 ], [ 120.966538690000107, 14.606848176000028 ], [ 120.967173901000024, 14.607273055000121 ] ] ] } },
{ "type": "Feature", "properties": { "name": "Barangay 4" }, "geometry": { "type": "Polygon", "coordinates": [ [ [ 120.969247514000017, 14.607821424000065 ], [ 120.967487271000323, 14.606984190000105 ], [ 120.967173901000024, 14.607273055000121 ], [ 120.965500835000284, 14.606209063000165 ], [ 120.965453601000149, 14.607401617999983 ], [ 120.96670090900011, 14.607724806000078 ], [ 120.967452989000208, 14.608237578000058 ], [ 120.967883870000037, 14.608149451000145 ], [ 120.969174064000185, 14.608376309000107 ], [ 120.969247514000017, 14.607821424000065 ] ] ] } },
{ "type": "Feature", "properties": { "name": "Barangay 5" }, "geometry": { "type": "Polygon", "coordinates": [ [ [ 120.967452989000208, 14.608237578000058 ], [ 120.96670090900011, 14.607724806000078 ], [ 120.965453601000149, 14.607401617999983 ], [ 120.965483495000058, 14.608530676000157 ], [ 120.967604772000186, 14.608962194000128 ], [ 120.967452989000208, 14.608237578000058 ] ] ] } },
{ "type": "Feature", "properties": { "name": "Barangay 6" }, "geometry": { "type": "Polygon", "coordinates": [ [ [ 120.96631731000025, 14.609911381000074 ], [ 120.969119425000031, 14.609621269000058 ], [ 120.969174064000185, 14.608376309000107 ], [ 120.967883870000037, 14.608149451000145 ], [ 120.967452989000208, 14.608237578000058 ], [ 120.967604772000186, 14.608962194000128 ], [ 120.966684254000029, 14.608771243000092 ], [ 120.966414950000171, 14.609358767 ], [ 120.96631731000025, 14.609911381000074 ] ] ] } },
{ "type": "Feature", "properties": { "name": "Barangay 7" }, "geometry": { "type": "Polygon", "coordinates": [ [ [ 120.969247514000017, 14.607821424000065 ], [ 120.970335500000033, 14.605685568000126 ], [ 120.969698587000153, 14.605054815000074 ], [ 120.967487271000323, 14.606984190000105 ], [ 120.969247514000017, 14.607821424000065 ] ] ] } },
{ "type": "Feature", "properties": { "name": "Barangay 8" }, "geometry": { "type": "Polygon", "coordinates": [ [ [ 120.969119425000031, 14.609621269000058 ], [ 120.971488875000091, 14.609285336000084 ], [ 120.970392933000085, 14.607840333000127 ], [ 120.969247514000017, 14.607821424000065 ], [ 120.969119425000031, 14.609621269000058 ] ] ] } },
{ "type": "Feature", "properties": { "name": "Barangay 9" }, "geometry": { "type": "Polygon", "coordinates": [ [ [ 120.970380096000099, 14.607721595999976 ], [ 120.970505251000077, 14.606726778000109 ], [ 120.969933015000038, 14.606458694000139 ], [ 120.969247514000017, 14.607821424000065 ], [ 120.970380096000099, 14.607721595999976 ] ] ] } },
{ "type": "Feature", "properties": { "name": "Barangay 10" }, "geometry": { "type": "Polygon", "coordinates": [ [ [ 120.970505251000077, 14.606726778000109 ], [ 120.970856413000206, 14.605893606000109 ], [ 120.970335500000033, 14.605685568000126 ], [ 120.969933015000038, 14.606458694000139 ], [ 120.970505251000077, 14.606726778000109 ] ] ] } },
{ "type": "Feature", "properties": { "name": "Barangay 11" }, "geometry": { "type": "Polygon", "coordinates": [ [ [ 120.966473405000102, 14.602264355000102 ], [ 120.966862775000209, 14.601846119000129 ], [ 120.966353827000034, 14.601346889000069 ], [ 120.966010759000028, 14.601710594000053 ], [ 120.965462353000134, 14.601578260999986 ], [ 120.965461934000018, 14.601406544000099 ], [ 120.964542650000112, 14.60139472200018 ], [ 120.964497910000205, 14.601821652000183 ], [ 120.965746801000023, 14.602120644000024 ], [ 120.965969126000232, 14.601857464000091 ], [ 120.966473405000102, 14.602264355000102 ] ] ] } },
{ "type": "Feature", "properties": { "name": "Barangay 12" }, "geometry": { "type": "Polygon", "coordinates": [ [ [ 120.966010759000028, 14.601710594000053 ], [ 120.966353827000034, 14.601346889000069 ], [ 120.964708053000095, 14.599739815000135 ], [ 120.964542650000112, 14.60139472200018 ], [ 120.965461934000018, 14.601406544000099 ], [ 120.965462353000134, 14.601578260999986 ], [ 120.966010759000028, 14.601710594000053 ] ] ] } },
{ "type": "Feature", "properties": { "name": "Barangay 13" }, "geometry": { "type": "Polygon", "coordinates": [ [ [ 120.966352501000074, 14.60356003600009 ], [ 120.966810081000062, 14.603163453999969 ], [ 120.966162039000096, 14.602770306000139 ], [ 120.966246582000053, 14.602530561000094 ], [ 120.96539723300009, 14.602719637000121 ], [ 120.96517030300015, 14.603316151000115 ], [ 120.966352501000074, 14.60356003600009 ] ] ] } },
{ "type": "Feature", "properties": { "name": "Barangay 14" }, "geometry": { "type": "Polygon", "coordinates": [ [ [ 120.967450003000067, 14.602477608000072 ], [ 120.966862775000209, 14.601846119000129 ], [ 120.966473405000102, 14.602264355000102 ], [ 120.965969126000232, 14.601857464000091 ], [ 120.965643029000148, 14.602571368000042 ], [ 120.966246582000053, 14.602530561000094 ], [ 120.966162039000096, 14.602770306000139 ], [ 120.966810081000062, 14.603163453999969 ], [ 120.967450003000067, 14.602477608000072 ] ] ] } },
{ "type": "Feature", "properties": { "name": "Barangay 15" }, "geometry": { "type": "Polygon", "coordinates": [ [ [ 120.96517030300015, 14.603316151000115 ], [ 120.965388404000123, 14.602646731000107 ], [ 120.96442494300004, 14.602526277000095 ], [ 120.964443980000169, 14.60310873800006 ], [ 120.96517030300015, 14.603316151000115 ] ] ] } },
{ "type": "Feature", "properties": { "name": "Barangay 16" }, "geometry": { "type": "Polygon", "coordinates": [ [ [ 120.965620871000056, 14.60275487600012 ], [ 120.96587712500002, 14.602111 ], [ 120.964497910000205, 14.601821652000183 ], [ 120.96442494300004, 14.602526277000095 ], [ 120.965620871000056, 14.60275487600012 ] ] ] } },
{ "type": "Feature", "properties": { "name": "Barangay 17" }, "geometry": { "type": "Polygon", "coordinates": [ [ [ 120.964497910000205, 14.601821652000183 ], [ 120.964542650000112, 14.60139472200018 ], [ 120.962920203000067, 14.601355583000043 ], [ 120.962877965000189, 14.601744121000024 ], [ 120.964497910000205, 14.601821652000183 ] ] ] } },
{ "type": "Feature", "properties": { "name": "Barangay 18" }, "geometry": { "type": "Polygon", "coordinates": [ [ [ 120.962920203000067, 14.601355583000043 ], [ 120.964542650000112, 14.60139472200018 ], [ 120.964708053000095, 14.599739815000135 ], [ 120.962930011000026, 14.600541427 ], [ 120.962920203000067, 14.601355583000043 ] ] ] } },
{ "type": "Feature", "properties": { "name": "Barangay 19" }, "geometry": { "type": "Polygon", "coordinates": [ [ [ 120.964390524, 14.602890233000039 ], [ 120.964485664000222, 14.601933706000182 ], [ 120.962877965000189, 14.601744121000024 ], [ 120.962790073000178, 14.602670844000102 ], [ 120.964390524, 14.602890233000039 ] ] ] } },
{ "type": "Feature", "properties": { "name": "Barangay 20" }, "geometry": { "type": "Polygon", "coordinates": [ [ [ 120.943995544000018, 14.617859969000165 ], [ 120.950418498000204, 14.608847518000061 ], [ 120.951372240000069, 14.60784869400004 ], [ 120.951563875000033, 14.607408588000055 ], [ 120.951824941000268, 14.607479013000102 ], [ 120.951727566000159, 14.607322732000057 ], [ 120.951902109000116, 14.607320534000053 ], [ 120.951712959000247, 14.607188852000149 ], [ 120.952332960000149, 14.6065325510001 ], [ 120.952302444000111, 14.60630335400009 ], [ 120.95251242400002, 14.606304503999979 ], [ 120.952549398000087, 14.60595736300013 ], [ 120.952920300000073, 14.605793665000078 ], [ 120.953193886000122, 14.605179089000046 ], [ 120.953513008000073, 14.605051632000084 ], [ 120.953574465000088, 14.604662838000024 ], [ 120.953754917000083, 14.604712109000104 ], [ 120.953614308000056, 14.604611212000066 ], [ 120.953889339000057, 14.604492211000036 ], [ 120.953817538000067, 14.604139465000173 ], [ 120.954110972000194, 14.603682656000103 ], [ 120.956553237000207, 14.600498440000081 ], [ 120.960467183000219, 14.60084668200011 ], [ 120.960372847000031, 14.601970990000098 ], [ 120.958310862000189, 14.601920430000177 ], [ 120.95827484300014, 14.602300361000061 ], [ 120.962790073000178, 14.602670844000102 ], [ 120.962930011000026, 14.600541427 ], [ 120.964708053000095, 14.599739815000135 ], [ 120.963345074000017, 14.598494594000044 ], [ 120.960475571000188, 14.598514472999966 ], [ 120.9558019870002, 14.59654215300003 ], [ 120.95584055300003, 14.596356318000062 ], [ 120.943371588000105, 14.59477083000013 ], [ 120.942613768000115, 14.598192125000139 ], [ 120.935105702000101, 14.602797213000144 ], [ 120.932796493000069, 14.602898354000047 ], [ 120.935155518000101, 14.602863157000115 ], [ 120.942088057000092, 14.598601413000097 ], [ 120.9423580240001, 14.59876186300005 ], [ 120.942506997000237, 14.59854770700008 ], [ 120.942890031000161, 14.59883977200019 ], [ 120.942794190000086, 14.598569189000102 ], [ 120.954210439000121, 14.601105148000045 ], [ 120.954061019000051, 14.60202447000006 ], [ 120.953711533000046, 14.602576196000086 ], [ 120.953154800000107, 14.602964505000102 ], [ 120.951908384000035, 14.603160679000041 ], [ 120.950874516000113, 14.604560118000052 ], [ 120.950613028000134, 14.604674278000118 ], [ 120.950120250000055, 14.604341423 ], [ 120.947765815000025, 14.607689395000079 ], [ 120.948083233000148, 14.607992596000031 ], [ 120.946884902000193, 14.609943166000164 ], [ 120.948257603000343, 14.611135246000174 ], [ 120.948071517000017, 14.612045703000092 ], [ 120.943995544000018, 14.617859969000165 ] ] ] } },
{ "type": "Feature", "properties": { "name": "Barangay 25" }, "geometry": { "type": "Polygon", "coordinates": [ [ [ 120.965929463000066, 14.604901398999971 ], [ 120.966352501000074, 14.60356003600009 ], [ 120.964941152000051, 14.603272043000175 ], [ 120.964640416000066, 14.604507114000114 ], [ 120.965929463000066, 14.604901398999971 ] ] ] } },
{ "type": "Feature", "properties": { "name": "Barangay 26" }, "geometry": { "type": "Polygon", "coordinates": [ [ [ 120.965500835000284, 14.606209063000165 ], [ 120.965929463000066, 14.604901398999971 ], [ 120.964640416000066, 14.604507114000114 ], [ 120.964350367000179, 14.605615599000089 ], [ 120.965500835000284, 14.606209063000165 ] ] ] } },
{ "type": "Feature", "properties": { "name": "Barangay 28" }, "geometry": { "type": "Polygon", "coordinates": [ [ [ 120.963246018000177, 14.605077987000016 ], [ 120.963833498000099, 14.602849268000114 ], [ 120.962790073000178, 14.602670844000102 ], [ 120.962654810000117, 14.60478719200006 ], [ 120.963246018000177, 14.605077987000016 ] ] ] } },
{ "type": "Feature", "properties": { "name": "Barangay 29" }, "geometry": { "type": "Polygon", "coordinates": [ [ [ 120.962656813000194, 14.604702105 ], [ 120.962790073000178, 14.602670844000102 ], [ 120.95827484300014, 14.602300361000061 ], [ 120.958310862000189, 14.601920430000177 ], [ 120.959293307000053, 14.601925019000078 ], [ 120.957805449000034, 14.60181362000003 ], [ 120.957741423000243, 14.60268513900013 ], [ 120.96024106900029, 14.602883813 ], [ 120.960192965000033, 14.603462635000142 ], [ 120.962033725000083, 14.603620213 ], [ 120.961905880000131, 14.604157506000149 ], [ 120.958150447000207, 14.60389036700019 ], [ 120.95812716100022, 14.604214995 ], [ 120.962656813000194, 14.604702105 ] ] ] } },
{ "type": "Feature", "properties": { "name": "Barangay 30" }, "geometry": { "type": "Polygon", "coordinates": [ [ [ 120.961905880000131, 14.604157506000149 ], [ 120.962033725000083, 14.603620213 ], [ 120.960192965000033, 14.603462635000142 ], [ 120.960147806000123, 14.604006020000043 ], [ 120.961905880000131, 14.604157506000149 ] ] ] } },
{ "type": "Feature", "properties": { "name": "Barangay 31" }, "geometry": { "type": "Polygon", "coordinates": [ [ [ 120.964350367000179, 14.605615599000089 ], [ 120.964684331000058, 14.60431498600002 ], [ 120.963545285000123, 14.604010325000161 ], [ 120.963246018000177, 14.605077987000016 ], [ 120.964350367000179, 14.605615599000089 ] ] ] } },
{ "type": "Feature", "properties": { "name": "Barangay 32" }, "geometry": { "type": "Polygon", "coordinates": [ [ [ 120.964684331000058, 14.60431498600002 ], [ 120.964941152000051, 14.603272043000175 ], [ 120.963833498000099, 14.602849268000114 ], [ 120.963545285000123, 14.604010325000161 ], [ 120.964684331000058, 14.60431498600002 ] ] ] } },
{ "type": "Feature", "properties": { "name": "Barangay 33" }, "geometry": { "type": "Polygon", "coordinates": [ [ [ 120.963892477000059, 14.607116809000161 ], [ 120.964350367000179, 14.605615599000089 ], [ 120.963246018000177, 14.605077987000016 ], [ 120.962791987000173, 14.606982326000093 ], [ 120.963892477000059, 14.607116809000161 ] ] ] } },
{ "type": "Feature", "properties": { "name": "Barangay 34" }, "geometry": { "type": "Polygon", "coordinates": [ [ [ 120.962791987000173, 14.606982326000093 ], [ 120.963246018000177, 14.605077987000016 ], [ 120.962654810000117, 14.60478719200006 ], [ 120.962458464000179, 14.606980702000158 ], [ 120.962791987000173, 14.606982326000093 ] ] ] } },
{ "type": "Feature", "properties": { "name": "Barangay 35" }, "geometry": { "type": "Polygon", "coordinates": [ [ [ 120.963980876000051, 14.606736344000183 ], [ 120.965448803000072, 14.606844743000181 ], [ 120.965500835000284, 14.606209063000165 ], [ 120.964350367000179, 14.605615599000089 ], [ 120.963980876000051, 14.606736344000183 ] ] ] } },
{ "type": "Feature", "properties": { "name": "Barangay 36" }, "geometry": { "type": "Polygon", "coordinates": [ [ [ 120.964392611000108, 14.60719985500009 ], [ 120.965444000000161, 14.607243196000013 ], [ 120.965448803000072, 14.606844743000181 ], [ 120.963980876000051, 14.606736344000183 ], [ 120.963723365000078, 14.607839308000166 ], [ 120.964331587000174, 14.60789876900003 ], [ 120.964392611000108, 14.60719985500009 ] ] ] } },
{ "type": "Feature", "properties": { "name": "Barangay 37" }, "geometry": { "type": "Polygon", "coordinates": [ [ [ 120.962366203000101, 14.607998912000028 ], [ 120.962492944000019, 14.606634657000029 ], [ 120.962011848000202, 14.606596141000068 ], [ 120.961971236000181, 14.607062047000056 ], [ 120.961769624000226, 14.607047789000092 ], [ 120.961688140000206, 14.607936353000071 ], [ 120.962366203000101, 14.607998912000028 ] ] ] } },
{ "type": "Feature", "properties": { "name": "Barangay 38" }, "geometry": { "type": "Polygon", "coordinates": [ [ [ 120.962503168000012, 14.606527727000071 ], [ 120.962654810000117, 14.60478719200006 ], [ 120.962047623000217, 14.604691323 ], [ 120.961857509000083, 14.606458886000155 ], [ 120.962011848000202, 14.606596141000068 ], [ 120.962503168000012, 14.606527727000071 ] ] ] } },
{ "type": "Feature", "properties": { "name": "Barangay 39" }, "geometry": { "type": "Polygon", "coordinates": [ [ [ 120.961688140000206, 14.607936353000071 ], [ 120.961769624000226, 14.607047789000092 ], [ 120.961971236000181, 14.607062047000056 ], [ 120.962022556000193, 14.606476307000094 ], [ 120.961857509000083, 14.606458886000155 ], [ 120.962047623000217, 14.604691323 ], [ 120.95812716100022, 14.604214995 ], [ 120.958097069000019, 14.604634505000092 ], [ 120.960096583000109, 14.604794893000076 ], [ 120.959994607000112, 14.606008096000153 ], [ 120.9579790680001, 14.605874592000134 ], [ 120.957924870000056, 14.606617846000177 ], [ 120.959934627000166, 14.606749769000146 ], [ 120.95985414900008, 14.607795076000059 ], [ 120.961688140000206, 14.607936353000071 ] ] ] } },
{ "type": "Feature", "properties": { "name": "Barangay 41" }, "geometry": { "type": "Polygon", "coordinates": [ [ [ 120.962787912000067, 14.609496017000026 ], [ 120.962983583000209, 14.608536891000028 ], [ 120.963301450000131, 14.606995526000162 ], [ 120.962458464000179, 14.606980702000158 ], [ 120.962239474000171, 14.609541850000141 ], [ 120.962787912000067, 14.609496017000026 ] ] ] } },
{ "type": "Feature", "properties": { "name": "Barangay 42" }, "geometry": { "type": "Polygon", "coordinates": [ [ [ 120.963318352000101, 14.6095413540001 ], [ 120.963892477000059, 14.607116809000161 ], [ 120.963301450000131, 14.606995526000162 ], [ 120.962776202000214, 14.609590909000019 ], [ 120.963318352000101, 14.6095413540001 ] ] ] } },
{ "type": "Feature", "properties": { "name": "Barangay 43" }, "geometry": { "type": "Polygon", "coordinates": [ [ [ 120.96225293700013, 14.609455213 ], [ 120.962366203000101, 14.607998912000028 ], [ 120.961593937000316, 14.607930320000037 ], [ 120.961604230000034, 14.609485940000127 ], [ 120.96225293700013, 14.609455213 ] ] ] } },
{ "type": "Feature", "properties": { "name": "Barangay 44" }, "geometry": { "type": "Polygon", "coordinates": [ [ [ 120.961613688000057, 14.609405343000162 ], [ 120.961593937000316, 14.607930320000037 ], [ 120.95781545400007, 14.60785641700005 ], [ 120.957759213000145, 14.608591174000026 ], [ 120.959760671000026, 14.608734999000092 ], [ 120.95972934800011, 14.609329874000025 ], [ 120.961613688000057, 14.609405343000162 ] ] ] } },
{ "type": "Feature", "properties": { "name": "Barangay 45" }, "geometry": { "type": "Polygon", "coordinates": [ [ [ 120.964670667000178, 14.608408826000186 ], [ 120.965483495000058, 14.608530676000157 ], [ 120.965444000000161, 14.607243196000013 ], [ 120.964392611000108, 14.60719985500009 ], [ 120.964271081000106, 14.608664091000094 ], [ 120.964662987000111, 14.608694471000092 ], [ 120.964670667000178, 14.608408826000186 ] ] ] } },
{ "type": "Feature", "properties": { "name": "Barangay 46" }, "geometry": { "type": "Polygon", "coordinates": [ [ [ 120.964168926000298, 14.60961828700016 ], [ 120.964331587000174, 14.60789876900003 ], [ 120.963723365000078, 14.607839308000166 ], [ 120.963302964000036, 14.609636232000128 ], [ 120.964168926000298, 14.60961828700016 ] ] ] } },
{ "type": "Feature", "properties": { "name": "Barangay 47" }, "geometry": { "type": "Polygon", "coordinates": [ [ [ 120.966324182000108, 14.609840573999975 ], [ 120.966684254000029, 14.608771243000092 ], [ 120.964670667000178, 14.608408826000186 ], [ 120.964662987000111, 14.608694471000092 ], [ 120.964271081000106, 14.608664091000094 ], [ 120.964156006000167, 14.609716518000027 ], [ 120.966324182000108, 14.609840573999975 ] ] ] } },
{ "type": "Feature", "properties": { "name": "Barangay 48" }, "geometry": { "type": "Polygon", "coordinates": [ [ [ 120.971531035000112, 14.609279765000053 ], [ 120.972076560000346, 14.609176414000103 ], [ 120.971638557000119, 14.607595702000083 ], [ 120.970431442000177, 14.607920560000139 ], [ 120.971531035000112, 14.609279765000053 ] ] ] } },
{ "type": "Feature", "properties": { "name": "Barangay 49" }, "geometry": { "type": "Polygon", "coordinates": [ [ [ 120.970392933000085, 14.607840333000127 ], [ 120.971638557000119, 14.607595702000083 ], [ 120.971192885000164, 14.605997885000136 ], [ 120.970856413000206, 14.605893606000109 ], [ 120.970396142000027, 14.607105451000109 ], [ 120.970392933000085, 14.607840333000127 ] ] ] } },
{ "type": "Feature", "properties": { "name": "Barangay 50" }, "geometry": { "type": "Polygon", "coordinates": [ [ [ 120.973265997000112, 14.614307957000051 ], [ 120.97280679500011, 14.612279497000088 ], [ 120.971429837000073, 14.612565069000084 ], [ 120.971887930000207, 14.614633432000062 ], [ 120.973265997000112, 14.614307957000051 ] ] ] } },
{ "type": "Feature", "properties": { "name": "Barangay 51" }, "geometry": { "type": "Polygon", "coordinates": [ [ [ 120.971429837000073, 14.612565069000084 ], [ 120.97280679500011, 14.612279497000088 ], [ 120.972076560000346, 14.609176414000103 ], [ 120.971488875000091, 14.609285336000084 ], [ 120.971231947000206, 14.612106102000041 ], [ 120.97138135500029, 14.612095208000028 ], [ 120.971429837000073, 14.612565069000084 ] ] ] } },
{ "type": "Feature", "properties": { "name": "Barangay 52" }, "geometry": { "type": "Polygon", "coordinates": [ [ [ 120.970944225000039, 14.615710495000087 ], [ 120.972073854000087, 14.615520263000178 ], [ 120.97138135500029, 14.612095208000028 ], [ 120.971231947000206, 14.612106102000041 ], [ 120.970944225000039, 14.615710495000087 ] ] ] } },
{ "type": "Feature", "properties": { "name": "Barangay 53" }, "geometry": { "type": "Polygon", "coordinates": [ [ [ 120.97358712200014, 14.615720548000127 ], [ 120.973265997000112, 14.614307957000051 ], [ 120.971887930000207, 14.614633432000062 ], [ 120.972191331000204, 14.616033911000045 ], [ 120.97358712200014, 14.615720548000127 ] ] ] } },
{ "type": "Feature", "properties": { "name": "Barangay 54" }, "geometry": { "type": "Polygon", "coordinates": [ [ [ 120.972538569000108, 14.617562096000086 ], [ 120.973947487000032, 14.61726670600018 ], [ 120.97358712200014, 14.615720548000127 ], [ 120.972191331000204, 14.616033911000045 ], [ 120.972538569000108, 14.617562096000086 ] ] ] } },
{ "type": "Feature", "properties": { "name": "Barangay 55" }, "geometry": { "type": "Polygon", "coordinates": [ [ [ 120.97079299100028, 14.617994141000054 ], [ 120.972538569000108, 14.617562096000086 ], [ 120.972073854000087, 14.615520263000178 ], [ 120.970944225000039, 14.615710495000087 ], [ 120.970930419000069, 14.617670132000171 ], [ 120.970728335000103, 14.61781920500016 ], [ 120.97079299100028, 14.617994141000054 ] ] ] } },
{ "type": "Feature", "properties": { "name": "Barangay 56" }, "geometry": { "type": "Polygon", "coordinates": [ [ [ 120.970272711, 14.61144712100014 ], [ 120.970349388000045, 14.611594272000161 ], [ 120.971339416000092, 14.611430486000074 ], [ 120.971488875000091, 14.609285336000084 ], [ 120.969119425000031, 14.609621269000058 ], [ 120.969504550000011, 14.611601175000089 ], [ 120.970272711, 14.61144712100014 ] ] ] } },
{ "type": "Feature", "properties": { "name": "Barangay 57" }, "geometry": { "type": "Polygon", "coordinates": [ [ [ 120.969504550000011, 14.611601175000089 ], [ 120.969119425000031, 14.609621269000058 ], [ 120.967858060000026, 14.609762031000173 ], [ 120.968575648000069, 14.611832228000139 ], [ 120.969504550000011, 14.611601175000089 ] ] ] } },
{ "type": "Feature", "properties": { "name": "Barangay 58" }, "geometry": { "type": "Polygon", "coordinates": [ [ [ 120.969813013000021, 14.61318260000013 ], [ 120.971142897000277, 14.613003724000066 ], [ 120.971339416000092, 14.611430486000074 ], [ 120.969504550000011, 14.611601175000089 ], [ 120.969813013000021, 14.61318260000013 ] ] ] } },
{ "type": "Feature", "properties": { "name": "Barangay 59" }, "geometry": { "type": "Polygon", "coordinates": [ [ [ 120.969964796000113, 14.613961073000155 ], [ 120.969504550000011, 14.611601175000089 ], [ 120.968575648000069, 14.611832228000139 ], [ 120.96935865200021, 14.614114449000056 ], [ 120.969964796000113, 14.613961073000155 ] ] ] } },
{ "type": "Feature", "properties": { "name": "Barangay 60" }, "geometry": { "type": "Polygon", "coordinates": [ [ [ 120.969964796000113, 14.613961073000155 ], [ 120.97106201400004, 14.614028240000096 ], [ 120.971142897000277, 14.613003724000066 ], [ 120.969813013000021, 14.61318260000013 ], [ 120.969964796000113, 14.613961073000155 ] ] ] } },
{ "type": "Feature", "properties": { "name": "Barangay 61" }, "geometry": { "type": "Polygon", "coordinates": [ [ [ 120.970849929000224, 14.617784159999985 ], [ 120.97106201400004, 14.614028240000096 ], [ 120.970294604000173, 14.614077709000185 ], [ 120.970263967000051, 14.613930225000047 ], [ 120.96935865200021, 14.614114449000056 ], [ 120.970690204000221, 14.617726311000126 ], [ 120.970849929000224, 14.617784159999985 ] ] ] } },
{ "type": "Feature", "properties": { "name": "Barangay 62" }, "geometry": { "type": "Polygon", "coordinates": [ [ [ 120.967460752000193, 14.612184596000134 ], [ 120.967247515000054, 14.611533511000175 ], [ 120.96837838600004, 14.611253549000139 ], [ 120.968138467000017, 14.610572997000133 ], [ 120.966597931000138, 14.610867337000116 ], [ 120.966727573000185, 14.612390677000064 ], [ 120.967460752000193, 14.612184596000134 ] ] ] } },
{ "type": "Feature", "properties": { "name": "Barangay 63" }, "geometry": { "type": "Polygon", "coordinates": [ [ [ 120.967678402000047, 14.612835150000137 ], [ 120.968794570000227, 14.612482460000081 ], [ 120.96837838600004, 14.611253549000139 ], [ 120.967247515000054, 14.611533511000175 ], [ 120.967678402000047, 14.612835150000137 ] ] ] } },
{ "type": "Feature", "properties": { "name": "Barangay 64" }, "geometry": { "type": "Polygon", "coordinates": [ [ [ 120.966597931000138, 14.610867337000116 ], [ 120.968138467000017, 14.610572997000133 ], [ 120.967858060000026, 14.609762031000173 ], [ 120.966519286000107, 14.609941815000127 ], [ 120.966597931000138, 14.610867337000116 ] ] ] } },
{ "type": "Feature", "properties": { "name": "Barangay 65" }, "geometry": { "type": "Polygon", "coordinates": [ [ [ 120.968118524000033, 14.614167998000141 ], [ 120.969233087000021, 14.613741597000114 ], [ 120.968794570000227, 14.612482460000081 ], [ 120.967678402000047, 14.612835150000137 ], [ 120.968118524000033, 14.614167998000141 ] ] ] } },
{ "type": "Feature", "properties": { "name": "Barangay 66" }, "geometry": { "type": "Polygon", "coordinates": [ [ [ 120.963221302000079, 14.61410935400005 ], [ 120.964435709000099, 14.614098424000019 ], [ 120.964509419000137, 14.613946132000081 ], [ 120.965997406000042, 14.613763272000028 ], [ 120.965998989000127, 14.612899598000126 ], [ 120.964377518000333, 14.613410538000153 ], [ 120.964309798000045, 14.612997229000143 ], [ 120.963428595000096, 14.613126252000086 ], [ 120.963221302000079, 14.61410935400005 ] ] ] } },
{ "type": "Feature", "properties": { "name": "Barangay 67" }, "geometry": { "type": "Polygon", "coordinates": [ [ [ 120.964770848000057, 14.61494478100019 ], [ 120.965972494000312, 14.614837809000051 ], [ 120.965997406000042, 14.613763272000028 ], [ 120.964509419000137, 14.613946132000081 ], [ 120.96439417900001, 14.614104087000044 ], [ 120.963221302000079, 14.61410935400005 ], [ 120.963300133000075, 14.614248952000082 ], [ 120.964423545000159, 14.614255706999984 ], [ 120.964770848000057, 14.61494478100019 ] ] ] } },
{ "type": "Feature", "properties": { "name": "Barangay 68" }, "geometry": { "type": "Polygon", "coordinates": [ [ [ 120.964377518000333, 14.613410538000153 ], [ 120.965998989000127, 14.612899598000126 ], [ 120.966006933000017, 14.612566612000137 ], [ 120.964309798000045, 14.612997229000143 ], [ 120.964377518000333, 14.613410538000153 ] ] ] } },
{ "type": "Feature", "properties": { "name": "Barangay 69" }, "geometry": { "type": "Polygon", "coordinates": [ [ [ 120.964158799000074, 14.611306782000156 ], [ 120.965497459000176, 14.611060263000127 ], [ 120.965621480000095, 14.609848378000095 ], [ 120.964194600000155, 14.609721152000077 ], [ 120.964158799000074, 14.611306782000156 ] ] ] } },
{ "type": "Feature", "properties": { "name": "Barangay 70" }, "geometry": { "type": "Polygon", "coordinates": [ [ [ 120.96437073900006, 14.61219276200012 ], [ 120.965642656000227, 14.611911791000068 ], [ 120.965497459000176, 14.611060263000127 ], [ 120.964449947000048, 14.611255492 ], [ 120.96437073900006, 14.61219276200012 ] ] ] } },
{ "type": "Feature", "properties": { "name": "Barangay 71" }, "geometry": { "type": "Polygon", "coordinates": [ [ [ 120.965063280000095, 14.612812829000177 ], [ 120.966727573000185, 14.612390677000064 ], [ 120.966519286000107, 14.609941815000127 ], [ 120.965621480000095, 14.609848378000095 ], [ 120.965487301000053, 14.611172 ], [ 120.965642656000227, 14.611911791000068 ], [ 120.964668742000072, 14.612159060000181 ], [ 120.964666480000119, 14.612447587000133 ], [ 120.9648637680001, 14.612453910000056 ], [ 120.965063280000095, 14.612812829000177 ] ] ] } },
{ "type": "Feature", "properties": { "name": "Barangay 72" }, "geometry": { "type": "Polygon", "coordinates": [ [ [ 120.963662424000177, 14.612315923999972 ], [ 120.963744887000303, 14.610749234000025 ], [ 120.963553582000031, 14.610730224000065 ], [ 120.963553582000031, 14.610376584000107 ], [ 120.963700713000208, 14.609671577000142 ], [ 120.962957531000029, 14.609605625000029 ], [ 120.962799403000076, 14.612340668000115 ], [ 120.963662424000177, 14.612315923999972 ] ] ] } },
{ "type": "Feature", "properties": { "name": "Barangay 73" }, "geometry": { "type": "Polygon", "coordinates": [ [ [ 120.963990596000144, 14.611484992000157 ], [ 120.964194600000155, 14.609721152000077 ], [ 120.963700713000208, 14.609671577000142 ], [ 120.963553582000031, 14.610730224000065 ], [ 120.963744887000303, 14.610749234000025 ], [ 120.963678453000171, 14.611490322000066 ], [ 120.963990596000144, 14.611484992000157 ] ] ] } },
{ "type": "Feature", "properties": { "name": "Barangay 74" }, "geometry": { "type": "Polygon", "coordinates": [ [ [ 120.965980618000117, 14.614606298000126 ], [ 120.96684649700012, 14.614463797000155 ], [ 120.966727573000185, 14.612390677000064 ], [ 120.966006933000017, 14.612566612000137 ], [ 120.965980618000117, 14.614606298000126 ] ] ] } },
{ "type": "Feature", "properties": { "name": "Barangay 75" }, "geometry": { "type": "Polygon", "coordinates": [ [ [ 120.96684649700012, 14.614463797000155 ], [ 120.968118524000033, 14.614167998000141 ], [ 120.967460752000193, 14.612184596000134 ], [ 120.966727573000185, 14.612390677000064 ], [ 120.96684649700012, 14.614463797000155 ] ] ] } },
{ "type": "Feature", "properties": { "name": "Barangay 76" }, "geometry": { "type": "Polygon", "coordinates": [ [ [ 120.968440478000048, 14.615135541000143 ], [ 120.968118524000033, 14.614167998000141 ], [ 120.96684649700012, 14.614463797000155 ], [ 120.966981239, 14.615580133000151 ], [ 120.968440478000048, 14.615135541000143 ] ] ] } },
{ "type": "Feature", "properties": { "name": "Barangay 77" }, "geometry": { "type": "Polygon", "coordinates": [ [ [ 120.968656231000068, 14.615800391999983 ], [ 120.968440478000048, 14.615135541000143 ], [ 120.966981239, 14.615580133000151 ], [ 120.967202757000109, 14.61625756799998 ], [ 120.968656231000068, 14.615800391999983 ] ] ] } },
{ "type": "Feature", "properties": { "name": "Barangay 78" }, "geometry": { "type": "Polygon", "coordinates": [ [ [ 120.969558359000075, 14.614784340000142 ], [ 120.969233087000021, 14.613741597000114 ], [ 120.968118524000033, 14.614167998000141 ], [ 120.968440478000048, 14.615135541000143 ], [ 120.969558359000075, 14.614784340000142 ] ] ] } },
{ "type": "Feature", "properties": { "name": "Barangay 79" }, "geometry": { "type": "Polygon", "coordinates": [ [ [ 120.964980674000117, 14.616333795000173 ], [ 120.964962300000025, 14.61616736000019 ], [ 120.965830230000051, 14.616225369000063 ], [ 120.965941556000075, 14.615694290000079 ], [ 120.964692516000127, 14.615683129000161 ], [ 120.964748477000057, 14.616334258000109 ], [ 120.964980674000117, 14.616333795000173 ] ] ] } },
{ "type": "Feature", "properties": { "name": "Barangay 80" }, "geometry": { "type": "Polygon", "coordinates": [ [ [ 120.965941556000075, 14.615694290000079 ], [ 120.965972494000312, 14.614837809000051 ], [ 120.964662885000052, 14.614949102000082 ], [ 120.964692516000127, 14.615683129000161 ], [ 120.965941556000075, 14.615694290000079 ] ] ] } },
{ "type": "Feature", "properties": { "name": "Barangay 81" }, "geometry": { "type": "Polygon", "coordinates": [ [ [ 120.967088560000093, 14.615901559000122 ], [ 120.96684649700012, 14.614463797000155 ], [ 120.965980618000117, 14.614606298000126 ], [ 120.965860373000055, 14.616081529999974 ], [ 120.966210995000097, 14.616187937000177 ], [ 120.967088560000093, 14.615901559000122 ] ] ] } },
{ "type": "Feature", "properties": { "name": "Barangay 82" }, "geometry": { "type": "Polygon", "coordinates": [ [ [ 120.965921572000184, 14.617750661000173 ], [ 120.966003575000173, 14.617340686999967 ], [ 120.967416878000108, 14.616916251000021 ], [ 120.967088560000093, 14.615901559000122 ], [ 120.966210995000097, 14.616187937000177 ], [ 120.965860373000055, 14.616081529999974 ], [ 120.965529389000153, 14.617879829 ], [ 120.965921572000184, 14.617750661000173 ] ] ] } },
{ "type": "Feature", "properties": { "name": "Barangay 83" }, "geometry": { "type": "Polygon", "coordinates": [ [ [ 120.96540589000017, 14.618548500000031 ], [ 120.967778638000027, 14.618044888000099 ], [ 120.967643581000289, 14.617620444000124 ], [ 120.965849217000027, 14.618136519000132 ], [ 120.965921572000184, 14.617750661000173 ], [ 120.965529389000153, 14.617879829 ], [ 120.96540589000017, 14.618548500000031 ] ] ] } },
{ "type": "Feature", "properties": { "name": "Barangay 84" }, "geometry": { "type": "Polygon", "coordinates": [ [ [ 120.967643581000289, 14.617620444000124 ], [ 120.967416878000108, 14.616916251000021 ], [ 120.966003575000173, 14.617340686999967 ], [ 120.965849217000027, 14.618136519000132 ], [ 120.967643581000289, 14.617620444000124 ] ] ] } },
{ "type": "Feature", "properties": { "name": "Barangay 85" }, "geometry": { "type": "Polygon", "coordinates": [ [ [ 120.96540589000017, 14.618548500000031 ], [ 120.965830230000051, 14.616225369000063 ], [ 120.964962300000025, 14.61616736000019 ], [ 120.964980674000117, 14.616333795000173 ], [ 120.964748477000057, 14.616334258000109 ], [ 120.96476814000016, 14.617170912000063 ], [ 120.964487476000045, 14.618379061000098 ], [ 120.96540589000017, 14.618548500000031 ] ] ] } },
{ "type": "Feature", "properties": { "name": "Barangay 86" }, "geometry": { "type": "Polygon", "coordinates": [ [ [ 120.970518144000039, 14.617269712000052 ], [ 120.970032623000066, 14.616086804000076 ], [ 120.968820509000011, 14.616472921000138 ], [ 120.969105363000267, 14.617696067000111 ], [ 120.970518144000039, 14.617269712000052 ] ] ] } },
{ "type": "Feature", "properties": { "name": "Barangay 87" }, "geometry": { "type": "Polygon", "coordinates": [ [ [ 120.967778638000027, 14.618044888000099 ], [ 120.969105363000267, 14.617696067000111 ], [ 120.968820509000011, 14.616472921000138 ], [ 120.967416878000108, 14.616916251000021 ], [ 120.967778638000027, 14.618044888000099 ] ] ] } },
{ "type": "Feature", "properties": { "name": "Barangay 88" }, "geometry": { "type": "Polygon", "coordinates": [ [ [ 120.968656231000068, 14.615800391999983 ], [ 120.969784619000166, 14.61545055 ], [ 120.969558359000075, 14.614784340000142 ], [ 120.968440478000048, 14.615135541000143 ], [ 120.968656231000068, 14.615800391999983 ] ] ] } },
{ "type": "Feature", "properties": { "name": "Barangay 89" }, "geometry": { "type": "Polygon", "coordinates": [ [ [ 120.968820509000011, 14.616472921000138 ], [ 120.968656231000068, 14.615800391999983 ], [ 120.967202757000109, 14.61625756799998 ], [ 120.967416878000108, 14.616916251000021 ], [ 120.968820509000011, 14.616472921000138 ] ] ] } },
{ "type": "Feature", "properties": { "name": "Barangay 90" }, "geometry": { "type": "Polygon", "coordinates": [ [ [ 120.970032623000066, 14.616086804000076 ], [ 120.969784619000166, 14.61545055 ], [ 120.968656231000068, 14.615800391999983 ], [ 120.968820509000011, 14.616472921000138 ], [ 120.970032623000066, 14.616086804000076 ] ] ] } },
{ "type": "Feature", "properties": { "name": "Barangay 91" }, "geometry": { "type": "Polygon", "coordinates": [ [ [ 120.967667054000231, 14.620050644000116 ], [ 120.969021620000035, 14.619766174000063 ], [ 120.969505503000164, 14.618495981000024 ], [ 120.970728335000103, 14.61781920500016 ], [ 120.970518144000039, 14.617269712000052 ], [ 120.967321083000115, 14.618185719999985 ], [ 120.967667054000231, 14.620050644000116 ] ] ] } },
{ "type": "Feature", "properties": { "name": "Barangay 92" }, "geometry": { "type": "Polygon", "coordinates": [ [ [ 120.967645715000117, 14.619814752000138 ], [ 120.967321083000115, 14.618185719999985 ], [ 120.96576239, 14.618618841000057 ], [ 120.965598384000145, 14.619438788000139 ], [ 120.967645715000117, 14.619814752000138 ] ] ] } },
{ "type": "Feature", "properties": { "name": "Barangay 93" }, "geometry": { "type": "Polygon", "coordinates": [ [ [ 120.967435997000166, 14.621378692000064 ], [ 120.967437819000111, 14.620825222000065 ], [ 120.968101543000216, 14.620871630000011 ], [ 120.968063602000143, 14.620465826000043 ], [ 120.967536575000167, 14.619735933000129 ], [ 120.965598384000145, 14.619438788000139 ], [ 120.965309133000233, 14.620948806 ], [ 120.967435997000166, 14.621378692000064 ] ] ] } },
{ "type": "Feature", "properties": { "name": "Barangay 94" }, "geometry": { "type": "Polygon", "coordinates": [ [ [ 120.965249432000178, 14.625241894000112 ], [ 120.96607593900012, 14.624137601000143 ], [ 120.96651024900018, 14.623960659999966 ], [ 120.967097372000126, 14.623357451000061 ], [ 120.967491468000048, 14.622344061000092 ], [ 120.967435997000166, 14.621378692000064 ], [ 120.965309133000233, 14.620948806 ], [ 120.964439134000145, 14.624282072000142 ], [ 120.964834270000097, 14.625497284000119 ], [ 120.965249432000178, 14.625241894000112 ] ] ] } },
{ "type": "Feature", "properties": { "name": "Barangay 95" }, "geometry": { "type": "Polygon", "coordinates": [ [ [ 120.96533790400008, 14.620794113000102 ], [ 120.96576239, 14.618618841000057 ], [ 120.964609227000096, 14.618402910000043 ], [ 120.963943708000102, 14.620486182000093 ], [ 120.96533790400008, 14.620794113000102 ] ] ] } },
{ "type": "Feature", "properties": { "name": "Barangay 96" }, "geometry": { "type": "Polygon", "coordinates": [ [ [ 120.963801169000021, 14.627071200000159 ], [ 120.964834270000097, 14.625497284000119 ], [ 120.964439134000145, 14.624282072000142 ], [ 120.964923400000202, 14.622466634000034 ], [ 120.963443351000024, 14.622081240000114 ], [ 120.96280389900005, 14.623931657000185 ], [ 120.963159193000024, 14.624119995000115 ], [ 120.962945199000046, 14.625316435000173 ], [ 120.962448408000228, 14.626381816000105 ], [ 120.963801169000021, 14.627071200000159 ] ] ] } },
{ "type": "Feature", "properties": { "name": "Barangay 97" }, "geometry": { "type": "Polygon", "coordinates": [ [ [ 120.964923400000202, 14.622466634000034 ], [ 120.96533790400008, 14.620794113000102 ], [ 120.963943708000102, 14.620486182000093 ], [ 120.963443351000024, 14.622081240000114 ], [ 120.964923400000202, 14.622466634000034 ] ] ] } },
{ "type": "Feature", "properties": { "name": "Barangay 98" }, "geometry": { "type": "Polygon", "coordinates": [ [ [ 120.962796365000031, 14.627907689000153 ], [ 120.962250963000201, 14.627615990000095 ], [ 120.962767968000207, 14.626535898999975 ], [ 120.962448408000228, 14.626381816000105 ], [ 120.961696910000228, 14.627913940000042 ], [ 120.961687696000013, 14.628422606000072 ], [ 120.962005883000302, 14.628658421000125 ], [ 120.962796365000031, 14.627907689000153 ] ] ] } },
{ "type": "Feature", "properties": { "name": "Barangay 99" }, "geometry": { "type": "Polygon", "coordinates": [ [ [ 120.963801169000021, 14.627071200000159 ], [ 120.962767968000207, 14.626535898999975 ], [ 120.962250963000201, 14.627615990000095 ], [ 120.962796365000031, 14.627907689000153 ], [ 120.963801169000021, 14.627071200000159 ] ] ] } },
{ "type": "Feature", "properties": { "name": "Barangay 100" }, "geometry": { "type": "Polygon", "coordinates": [ [ [ 120.961502915000096, 14.623293373000138 ], [ 120.96136657500017, 14.623215075000019 ], [ 120.96153938100008, 14.62212981600004 ], [ 120.961251004000133, 14.622100292000084 ], [ 120.961290444000042, 14.621873313000037 ], [ 120.959896140000069, 14.622100703 ], [ 120.960044171000163, 14.623669435000124 ], [ 120.961292091000018, 14.623790973000098 ], [ 120.961502915000096, 14.623293373000138 ] ] ] } },
{ "type": "Feature", "properties": { "name": "Barangay 101" }, "geometry": { "type": "Polygon", "coordinates": [ [ [ 120.960757135000222, 14.629372843000056 ], [ 120.962005883000302, 14.628658421000125 ], [ 120.961687696000013, 14.628422606000072 ], [ 120.961643791000029, 14.628057360000014 ], [ 120.962448408000228, 14.626381816000105 ], [ 120.960489465000023, 14.625387674000137 ], [ 120.960079242, 14.625361330999965 ], [ 120.960054929000194, 14.625920433000033 ], [ 120.959259293000059, 14.625923835000151 ], [ 120.959107703000313, 14.626078947 ], [ 120.9596281580001, 14.626129084000183 ], [ 120.959333650000076, 14.629262400000073 ], [ 120.960757135000222, 14.629372843000056 ] ] ] } },
{ "type": "Feature", "properties": { "name": "Barangay 102" }, "geometry": { "type": "Polygon", "coordinates": [ [ [ 120.96280389900005, 14.623931657000185 ], [ 120.963220420000198, 14.622735114000022 ], [ 120.962130555000158, 14.62244284500008 ], [ 120.962124648000099, 14.622189970000022 ], [ 120.96153938100008, 14.62212981600004 ], [ 120.96136657500017, 14.623215075000019 ], [ 120.96280389900005, 14.623931657000185 ] ] ] } },
{ "type": "Feature", "properties": { "name": "Barangay 103" }, "geometry": { "type": "Polygon", "coordinates": [ [ [ 120.963220420000198, 14.622735114000022 ], [ 120.963666282000077, 14.621377829000096 ], [ 120.962547178000023, 14.621053677000077 ], [ 120.961438655000052, 14.620978391000051 ], [ 120.961251004000133, 14.622100292000084 ], [ 120.962124648000099, 14.622189970000022 ], [ 120.962130555000158, 14.62244284500008 ], [ 120.963220420000198, 14.622735114000022 ] ] ] } },
{ "type": "Feature", "properties": { "name": "Barangay 104" }, "geometry": { "type": "Polygon", "coordinates": [ [ [ 120.963666282000077, 14.621377829000096 ], [ 120.964141872000027, 14.619902508000109 ], [ 120.963323793000086, 14.61968663600004 ], [ 120.961577910000187, 14.619991540000058 ], [ 120.961438655000052, 14.620978391000051 ], [ 120.962547178000023, 14.621053677000077 ], [ 120.963666282000077, 14.621377829000096 ] ] ] } },
{ "type": "Feature", "properties": { "name": "Barangay 105" }, "geometry": { "type": "Polygon", "coordinates": [ [ [ 120.953847070000165, 14.628156031000117 ], [ 120.957147529000167, 14.628236068000092 ], [ 120.959259293000059, 14.625923835000151 ], [ 120.960054929000194, 14.625920433000033 ], [ 120.959896140000069, 14.622100703 ], [ 120.961290444000042, 14.621873313000037 ], [ 120.961577910000187, 14.619991540000058 ], [ 120.959733326000105, 14.620368303000021 ], [ 120.959718251000027, 14.620062805000146 ], [ 120.958127200000149, 14.620100683000089 ], [ 120.95545215900006, 14.619210202000033 ], [ 120.958056344000056, 14.620205029000033 ], [ 120.957742390000021, 14.620574173000023 ], [ 120.955105089000085, 14.620824031999973 ], [ 120.954818352000075, 14.62205901700014 ], [ 120.954637177000109, 14.622076799000183 ], [ 120.954665638000051, 14.622664372000031 ], [ 120.954852947000177, 14.622700996000049 ], [ 120.95487745600019, 14.622932220000166 ], [ 120.954619440000101, 14.623108505000118 ], [ 120.954226383000218, 14.62516451200014 ], [ 120.954124399000079, 14.625433227000087 ], [ 120.953629197000168, 14.625524441000152 ], [ 120.954106753000246, 14.625661348 ], [ 120.953600564000226, 14.625779467000086 ], [ 120.95404099100017, 14.625928256000066 ], [ 120.953700296000079, 14.627665887000035 ], [ 120.953897692000055, 14.627732810000168 ], [ 120.953847070000165, 14.628156031000117 ] ] ] } },
{ "type": "Feature", "properties": { "name": "Barangay 106" }, "geometry": { "type": "Polygon", "coordinates": [ [ [ 120.962945199000046, 14.625316435000173 ], [ 120.963159193000024, 14.624119995000115 ], [ 120.961502915000096, 14.623293373000138 ], [ 120.961292091000018, 14.623790973000098 ], [ 120.960044171000163, 14.623669435000124 ], [ 120.960079242, 14.625361330999965 ], [ 120.960489465000023, 14.625387674000137 ], [ 120.962448408000228, 14.626381816000105 ], [ 120.962945199000046, 14.625316435000173 ] ] ] } },
{ "type": "Feature", "properties": { "name": "Barangay 107" }, "geometry": { "type": "Polygon", "coordinates": [ [ [ 120.959752866000144, 14.620364798000026 ], [ 120.961471749000339, 14.620016108000129 ], [ 120.961315777000095, 14.619505895000088 ], [ 120.961595611000121, 14.619426863000115 ], [ 120.962468906000026, 14.61800289100006 ], [ 120.95656306900014, 14.617387940000071 ], [ 120.956461058000059, 14.619544105000045 ], [ 120.958127200000149, 14.620100683000089 ], [ 120.959718251000027, 14.620062805000146 ], [ 120.959752866000144, 14.620364798000026 ] ] ] } },
{ "type": "Feature", "properties": { "name": "Barangay 108" }, "geometry": { "type": "Polygon", "coordinates": [ [ [ 120.961577910000187, 14.619991540000058 ], [ 120.963323793000086, 14.61968663600004 ], [ 120.963295456000196, 14.619111024000176 ], [ 120.96369044700009, 14.61822216600018 ], [ 120.962468906000026, 14.61800289100006 ], [ 120.961595611000121, 14.619426863000115 ], [ 120.961315777000095, 14.619505895000088 ], [ 120.961577910000187, 14.619991540000058 ] ] ] } },
{ "type": "Feature", "properties": { "name": "Barangay 109" }, "geometry": { "type": "Polygon", "coordinates": [ [ [ 120.964141872000027, 14.619902508000109 ], [ 120.964475056000083, 14.619116159000157 ], [ 120.964765661000229, 14.616905655000039 ], [ 120.964316080000231, 14.616890453000053 ], [ 120.964021811000293, 14.618289945000186 ], [ 120.96369044700009, 14.61822216600018 ], [ 120.963295456000196, 14.619111024000176 ], [ 120.963323793000086, 14.61968663600004 ], [ 120.964141872000027, 14.619902508000109 ] ] ] } },
{ "type": "Feature", "properties": { "name": "Barangay 110" }, "geometry": { "type": "Polygon", "coordinates": [ [ [ 120.96143276600003, 14.617799105000074 ], [ 120.961636007000038, 14.614570668000056 ], [ 120.960153168000033, 14.614451891000044 ], [ 120.960133208000343, 14.614648769000041 ], [ 120.956794952000223, 14.614370296000175 ], [ 120.95656306900014, 14.617387940000071 ], [ 120.96143276600003, 14.617799105000074 ] ] ] } },
{ "type": "Feature", "properties": { "name": "Barangay 111" }, "geometry": { "type": "Polygon", "coordinates": [ [ [ 120.964021811000293, 14.618289945000186 ], [ 120.964291004000074, 14.617089015000147 ], [ 120.963979731000222, 14.617053810000129 ], [ 120.964020384000264, 14.616810020000059 ], [ 120.963268258000085, 14.61689204400011 ], [ 120.963234951000231, 14.618135034999966 ], [ 120.964021811000293, 14.618289945000186 ] ] ] } },
{ "type": "Feature", "properties": { "name": "Barangay 112" }, "geometry": { "type": "Polygon", "coordinates": [ [ [ 120.963234951000231, 14.618135034999966 ], [ 120.963275619000228, 14.616787118000104 ], [ 120.961515814000336, 14.616603249999969 ], [ 120.96143276600003, 14.617799105000074 ], [ 120.963234951000231, 14.618135034999966 ] ] ] } },
{ "type": "Feature", "properties": { "name": "Barangay 116" }, "geometry": { "type": "Polygon", "coordinates": [ [ [ 120.963277961000017, 14.616707505000022 ], [ 120.963270672000021, 14.614657676000149 ], [ 120.961636007000038, 14.614570668000056 ], [ 120.961515814000336, 14.616603249999969 ], [ 120.963277961000017, 14.616707505000022 ] ] ] } },
{ "type": "Feature", "properties": { "name": "Barangay 117" }, "geometry": { "type": "Polygon", "coordinates": [ [ [ 120.963979731000222, 14.617053810000129 ], [ 120.964316080000231, 14.616890453000053 ], [ 120.964765661000229, 14.616905655000039 ], [ 120.964685923000047, 14.615576486000123 ], [ 120.964128779000134, 14.615532752000036 ], [ 120.964140644000054, 14.615785871000128 ], [ 120.963283438000076, 14.615799166999977 ], [ 120.963268258000085, 14.61689204400011 ], [ 120.964020384000264, 14.616810020000059 ], [ 120.963979731000222, 14.617053810000129 ] ] ] } },
{ "type": "Feature", "properties": { "name": "Barangay 118" }, "geometry": { "type": "Polygon", "coordinates": [ [ [ 120.960153168000033, 14.614451891000044 ], [ 120.961636007000038, 14.614570668000056 ], [ 120.961894807000022, 14.612275289000081 ], [ 120.962799403000076, 14.612340668000115 ], [ 120.962805818000106, 14.611432550000075 ], [ 120.961695846000111, 14.611370623000028 ], [ 120.961660970000139, 14.611700489000157 ], [ 120.959524106000231, 14.611428493 ], [ 120.959475523000037, 14.611948483000049 ], [ 120.957451398000103, 14.611793624000143 ], [ 120.957408806000217, 14.612527489000172 ], [ 120.959452583000029, 14.612694781000187 ], [ 120.959373269000253, 14.613590252999984 ], [ 120.956871716000137, 14.613395350000133 ], [ 120.956794952000223, 14.614370296000175 ], [ 120.960133208000343, 14.614648769000041 ], [ 120.960153168000033, 14.614451891000044 ] ] ] } },
{ "type": "Feature", "properties": { "name": "Barangay 119" }, "geometry": { "type": "Polygon", "coordinates": [ [ [ 120.963270672000021, 14.614657676000149 ], [ 120.963390920000052, 14.61338495200016 ], [ 120.962744413000109, 14.613374751000094 ], [ 120.962702083000181, 14.613857470000028 ], [ 120.961710232000087, 14.613781428000095 ], [ 120.961636007000038, 14.614570668000056 ], [ 120.963270672000021, 14.614657676000149 ] ] ] } },
{ "type": "Feature", "properties": { "name": "Barangay 120" }, "geometry": { "type": "Polygon", "coordinates": [ [ [ 120.962702083000181, 14.613857470000028 ], [ 120.962799403000076, 14.612340668000115 ], [ 120.961894807000022, 14.612275289000081 ], [ 120.961710232000087, 14.613781428000095 ], [ 120.962702083000181, 14.613857470000028 ] ] ] } },
{ "type": "Feature", "properties": { "name": "Barangay 121" }, "geometry": { "type": "Polygon", "coordinates": [ [ [ 120.963428595000096, 14.613126252000086 ], [ 120.965063280000095, 14.612812829000177 ], [ 120.9648637680001, 14.612453910000056 ], [ 120.964666480000119, 14.612447587000133 ], [ 120.964668742000072, 14.612159060000181 ], [ 120.96437073900006, 14.61219276200012 ], [ 120.964449947000048, 14.611255492 ], [ 120.96373386300013, 14.611492156000054 ], [ 120.963648933000172, 14.612435657000049 ], [ 120.962799403000076, 14.612340668000115 ], [ 120.962744413000109, 14.613374751000094 ], [ 120.963390920000052, 14.61338495200016 ], [ 120.963428595000096, 14.613126252000086 ] ] ] } },
{ "type": "Feature", "properties": { "name": "Barangay 122" }, "geometry": { "type": "Polygon", "coordinates": [ [ [ 120.964140644000054, 14.615785871000128 ], [ 120.964128779000134, 14.615532752000036 ], [ 120.964685923000047, 14.615576486000123 ], [ 120.964423545000159, 14.614255706999984 ], [ 120.963300133000075, 14.614248952000082 ], [ 120.963283438000076, 14.615799166999977 ], [ 120.964140644000054, 14.615785871000128 ] ] ] } },
{ "type": "Feature", "properties": { "name": "Barangay 123" }, "geometry": { "type": "Polygon", "coordinates": [ [ [ 120.961695846000111, 14.611370623000028 ], [ 120.962805818000106, 14.611432550000075 ], [ 120.962957531000029, 14.609605625000029 ], [ 120.959730229000115, 14.609256860000187 ], [ 120.959673002000272, 14.609967048000158 ], [ 120.957613742000035, 14.609838795000144 ], [ 120.957570694000083, 14.610558390000051 ], [ 120.959573953000017, 14.61071255600001 ], [ 120.959519314000204, 14.611509440000077 ], [ 120.961660970000139, 14.611700489000157 ], [ 120.961695846000111, 14.611370623000028 ] ] ] } },
{ "type": "Feature", "properties": { "name": "Barangay 124" }, "geometry": { "type": "Polygon", "coordinates": [ [ [ 120.966049888000157, 14.633472168000026 ], [ 120.965659034000169, 14.632524074000116 ], [ 120.964772267000058, 14.631270494000148 ], [ 120.964100771000062, 14.630951930000094 ], [ 120.963679340000112, 14.631927447000066 ], [ 120.964508851000119, 14.63234441200018 ], [ 120.965539142000011, 14.633772110000166 ], [ 120.966049888000157, 14.633472168000026 ] ] ] } },
{ "type": "Feature", "properties": { "name": "Barangay 125" }, "geometry": { "type": "Polygon", "coordinates": [ [ [ 120.968640745000016, 14.635057040999982 ], [ 120.967387368000118, 14.63471252700009 ], [ 120.967266262000066, 14.634851547000039 ], [ 120.966577655000037, 14.634474624000063 ], [ 120.96624680900004, 14.634191821000172 ], [ 120.966049888000157, 14.633472168000026 ], [ 120.965539142000011, 14.633772110000166 ], [ 120.966722592000224, 14.635124105000045 ], [ 120.968640745000016, 14.635057040999982 ] ] ] } },
{ "type": "Feature", "properties": { "name": "Barangay 126" }, "geometry": { "type": "Polygon", "coordinates": [ [ [ 120.961354614000015, 14.636398148000012 ], [ 120.962227931000029, 14.63513702400013 ], [ 120.963331850000145, 14.635915411000155 ], [ 120.965062004000174, 14.633144674000107 ], [ 120.964414966000049, 14.632261168000014 ], [ 120.963679340000112, 14.631927447000066 ], [ 120.964100771000062, 14.630951930000094 ], [ 120.962731996000116, 14.630353980000166 ], [ 120.962330428000087, 14.631793845000175 ], [ 120.962671524000029, 14.632749310000122 ], [ 120.962351886000079, 14.633569715000021 ], [ 120.961286285000142, 14.634416016000159 ], [ 120.961281560000316, 14.635337319000087 ], [ 120.960971109000297, 14.635985128000129 ], [ 120.961354614000015, 14.636398148000012 ] ] ] } },
{ "type": "Feature", "properties": { "name": "Barangay 127" }, "geometry": { "type": "Polygon", "coordinates": [ [ [ 120.964208849000102, 14.636521483000024 ], [ 120.965507598000045, 14.634598607999976 ], [ 120.965900543000316, 14.63509593800012 ], [ 120.966722592000224, 14.635124105000045 ], [ 120.965062004000174, 14.633144674000107 ], [ 120.963331850000145, 14.635915411000155 ], [ 120.964208849000102, 14.636521483000024 ] ] ] } },
{ "type": "Feature", "properties": { "name": "Barangay 128" }, "geometry": { "type": "Polygon", "coordinates": [ [ [ 120.960971109000297, 14.635985128000129 ], [ 120.961286285000142, 14.634416016000159 ], [ 120.962351886000079, 14.633569715000021 ], [ 120.962671524000029, 14.632749310000122 ], [ 120.962330428000087, 14.631793845000175 ], [ 120.962818741000092, 14.629775592000101 ], [ 120.962182969000082, 14.629538149000041 ], [ 120.961357116000045, 14.62969186700019 ], [ 120.961397704000206, 14.629142140000056 ], [ 120.960482255000215, 14.629402294000101 ], [ 120.959333650000076, 14.629262400000073 ], [ 120.959401864000029, 14.629045232000067 ], [ 120.959359217000156, 14.62903350400012 ], [ 120.959238896000102, 14.629434962000119 ], [ 120.958308584000179, 14.629806406000171 ], [ 120.946199335000074, 14.629830818000016 ], [ 120.945934176000037, 14.629799060999972 ], [ 120.945850062000204, 14.629540369000097 ], [ 120.945076531000041, 14.629393262000065 ], [ 120.944966420000128, 14.62966717900008 ], [ 120.945557502000156, 14.629815284000188 ], [ 120.944512777000114, 14.629848596000102 ], [ 120.943305382000176, 14.630862833000094 ], [ 120.942464435000147, 14.631905416999984 ], [ 120.941394519000028, 14.634230632000083 ], [ 120.9532123460001, 14.63425703900009 ], [ 120.953307591000225, 14.634384503000149 ], [ 120.953307886000175, 14.634241531000043 ], [ 120.957047636000084, 14.633331012000099 ], [ 120.957874146000108, 14.633614451000028 ], [ 120.957792511000207, 14.63390925300007 ], [ 120.959321216000149, 14.634622476 ], [ 120.960971109000297, 14.635985128000129 ] ] ] } },
{ "type": "Feature", "properties": { "name": "Barangay 129" }, "geometry": { "type": "Polygon", "coordinates": [ [ [ 120.964772267000058, 14.631270494000148 ], [ 120.965277228000218, 14.630142235000108 ], [ 120.962005883000302, 14.628658421000125 ], [ 120.961397704000206, 14.629142140000056 ], [ 120.961357116000045, 14.62969186700019 ], [ 120.962482446000081, 14.62963815500018 ], [ 120.962818741000092, 14.629775592000101 ], [ 120.962731996000116, 14.630353980000166 ], [ 120.964772267000058, 14.631270494000148 ] ] ] } },
{ "type": "Feature", "properties": { "name": "Barangay 130" }, "geometry": { "type": "Polygon", "coordinates": [ [ [ 120.96504606800022, 14.628925245000175 ], [ 120.962796365000031, 14.627907689000153 ], [ 120.962005883000302, 14.628658421000125 ], [ 120.964622741000085, 14.629859755000041 ], [ 120.96504606800022, 14.628925245000175 ] ] ] } },
{ "type": "Feature", "properties": { "name": "Barangay 131" }, "geometry": { "type": "Polygon", "coordinates": [ [ [ 120.965659034000169, 14.632524074000116 ], [ 120.966496723000091, 14.630704351000077 ], [ 120.965277228000218, 14.630142235000108 ], [ 120.964772267000058, 14.631270494000148 ], [ 120.965659034000169, 14.632524074000116 ] ] ] } },
{ "type": "Feature", "properties": { "name": "Barangay 132" }, "geometry": { "type": "Polygon", "coordinates": [ [ [ 120.966496723000091, 14.630704351000077 ], [ 120.967553721000172, 14.628339338000103 ], [ 120.966945970000211, 14.627687185000013 ], [ 120.96627294200016, 14.62637248700014 ], [ 120.965459197000087, 14.627993905000039 ], [ 120.966744545000211, 14.628545947000021 ], [ 120.965893722000033, 14.630407054000102 ], [ 120.966496723000091, 14.630704351000077 ] ] ] } },
{ "type": "Feature", "properties": { "name": "Barangay 133" }, "geometry": { "type": "Polygon", "coordinates": [ [ [ 120.96504606800022, 14.628925245000175 ], [ 120.96627294200016, 14.62637248700014 ], [ 120.96579401300005, 14.625584101000129 ], [ 120.965249432000178, 14.625241894000112 ], [ 120.96455952000008, 14.625772009 ], [ 120.963801169000021, 14.627071200000159 ], [ 120.962796365000031, 14.627907689000153 ], [ 120.96504606800022, 14.628925245000175 ] ] ] } },
{ "type": "Feature", "properties": { "name": "Barangay 134" }, "geometry": { "type": "Polygon", "coordinates": [ [ [ 120.965893722000033, 14.630407054000102 ], [ 120.966744545000211, 14.628545947000021 ], [ 120.965459197000087, 14.627993905000039 ], [ 120.964622741000085, 14.629859755000041 ], [ 120.965893722000033, 14.630407054000102 ] ] ] } },
{ "type": "Feature", "properties": { "name": "Barangay 135" }, "geometry": { "type": "Polygon", "coordinates": [ [ [ 120.96864524700004, 14.635012182000082 ], [ 120.968984263000038, 14.634518962000129 ], [ 120.970598882000104, 14.634360416 ], [ 120.970649156000036, 14.633880239000177 ], [ 120.970335174000184, 14.633451020000052 ], [ 120.969052458000078, 14.63289021300011 ], [ 120.968125915000087, 14.634917334000079 ], [ 120.96864524700004, 14.635012182000082 ] ] ] } },
{ "type": "Feature", "properties": { "name": "Barangay 136" }, "geometry": { "type": "Polygon", "coordinates": [ [ [ 120.968889384000249, 14.632825209999964 ], [ 120.969327858000156, 14.631900457000143 ], [ 120.968785169000057, 14.631661685999973 ], [ 120.969626735000247, 14.629693596000038 ], [ 120.969204917000184, 14.629446611000105 ], [ 120.967817190000233, 14.632362470999965 ], [ 120.968889384000249, 14.632825209999964 ] ] ] } },
{ "type": "Feature", "properties": { "name": "Barangay 137" }, "geometry": { "type": "Polygon", "coordinates": [ [ [ 120.968683075000172, 14.630483168000183 ], [ 120.969204917000184, 14.629446611000105 ], [ 120.967553721000172, 14.628339338000103 ], [ 120.966926520000015, 14.629741049000131 ], [ 120.968683075000172, 14.630483168000183 ] ] ] } },
{ "type": "Feature", "properties": { "name": "Barangay 138" }, "geometry": { "type": "Polygon", "coordinates": [ [ [ 120.966389345000039, 14.634013193000158 ], [ 120.967293737000091, 14.632134894000046 ], [ 120.96607993300006, 14.631606411000121 ], [ 120.965659034000169, 14.632524074000116 ], [ 120.966123266000182, 14.633780665000074 ], [ 120.966389345000039, 14.634013193000158 ] ] ] } },
{ "type": "Feature", "properties": { "name": "Barangay 139" }, "geometry": { "type": "Polygon", "coordinates": [ [ [ 120.968683075000172, 14.630483168000183 ], [ 120.968138897000244, 14.630256455000165 ], [ 120.967730182000082, 14.631205851 ], [ 120.968251163000104, 14.63143159800012 ], [ 120.968683075000172, 14.630483168000183 ] ] ] } },
{ "type": "Feature", "properties": { "name": "Barangay 140" }, "geometry": { "type": "Polygon", "coordinates": [ [ [ 120.967293737000091, 14.632134894000046 ], [ 120.968138897000244, 14.630256455000165 ], [ 120.966926520000015, 14.629741049000131 ], [ 120.96607993300006, 14.631606411000121 ], [ 120.967293737000091, 14.632134894000046 ] ] ] } },
{ "type": "Feature", "properties": { "name": "Barangay 141" }, "geometry": { "type": "Polygon", "coordinates": [ [ [ 120.968251163000104, 14.63143159800012 ], [ 120.967730182000082, 14.631205851 ], [ 120.967293737000091, 14.632134894000046 ], [ 120.967817190000233, 14.632362470999965 ], [ 120.968251163000104, 14.63143159800012 ] ] ] } },
{ "type": "Feature", "properties": { "name": "Barangay 142" }, "geometry": { "type": "Polygon", "coordinates": [ [ [ 120.96677881800008, 14.634585263000019 ], [ 120.967817190000233, 14.632362470999965 ], [ 120.967293737000091, 14.632134894000046 ], [ 120.96624680900004, 14.634191821000172 ], [ 120.96677881800008, 14.634585263000019 ] ] ] } },
{ "type": "Feature", "properties": { "name": "Barangay 143" }, "geometry": { "type": "Polygon", "coordinates": [ [ [ 120.970628264000084, 14.632457178000095 ], [ 120.970887219000133, 14.631585943000061 ], [ 120.970697540000288, 14.630682651000086 ], [ 120.969995261, 14.632181163999974 ], [ 120.970628264000084, 14.632457178000095 ] ] ] } },
{ "type": "Feature", "properties": { "name": "Barangay 144" }, "geometry": { "type": "Polygon", "coordinates": [ [ [ 120.970594468000286, 14.630868842000098 ], [ 120.970581138000057, 14.630536897000127 ], [ 120.969626735000247, 14.629693596000038 ], [ 120.968785169000057, 14.631661685999973 ], [ 120.969995261, 14.632181163999974 ], [ 120.970594468000286, 14.630868842000098 ] ] ] } },
{ "type": "Feature", "properties": { "name": "Barangay 145" }, "geometry": { "type": "Polygon", "coordinates": [ [ [ 120.970335174000184, 14.633451020000052 ], [ 120.970628264000084, 14.632457178000095 ], [ 120.969327858000156, 14.631900457000143 ], [ 120.968889384000249, 14.632825209999964 ], [ 120.970173545000193, 14.633433378000063 ], [ 120.970335174000184, 14.633451020000052 ] ] ] } },
{ "type": "Feature", "properties": { "name": "Barangay 146" }, "geometry": { "type": "Polygon", "coordinates": [ [ [ 120.968125915000087, 14.634917334000079 ], [ 120.969052458000078, 14.63289021300011 ], [ 120.967817190000233, 14.632362470999965 ], [ 120.96677881800008, 14.634585263000019 ], [ 120.967266262000066, 14.634851547000039 ], [ 120.967387368000118, 14.63471252700009 ], [ 120.968125915000087, 14.634917334000079 ] ] ] } },
{ "type": "Feature", "properties": { "name": "Barangay 147" }, "geometry": { "type": "Polygon", "coordinates": [ [ [ 120.96627294200016, 14.62637248700014 ], [ 120.967830453000147, 14.62420197300014 ], [ 120.972258596000188, 14.622014366000087 ], [ 120.971971987000188, 14.621175449000191 ], [ 120.969884058000162, 14.621846748000053 ], [ 120.970037136000201, 14.622239998000111 ], [ 120.969640587000185, 14.622276947000046 ], [ 120.969296163000081, 14.621342648999985 ], [ 120.967499475000068, 14.621913722000102 ], [ 120.967097372000126, 14.623357451000061 ], [ 120.96651024900018, 14.623960659999966 ], [ 120.96607593900012, 14.624137601000143 ], [ 120.965249432000178, 14.625241894000112 ], [ 120.96579401300005, 14.625584101000129 ], [ 120.96627294200016, 14.62637248700014 ] ] ] } },
{ "type": "Feature", "properties": { "name": "Barangay 148" }, "geometry": { "type": "Polygon", "coordinates": [ [ [ 120.966654582000047, 14.627182114000107 ], [ 120.968008619000102, 14.625411473000042 ], [ 120.969676494000055, 14.624382806000085 ], [ 120.97275452800011, 14.623901511000156 ], [ 120.972258596000188, 14.622014366000087 ], [ 120.967728703000034, 14.624278280000169 ], [ 120.96627294200016, 14.62637248700014 ], [ 120.966654582000047, 14.627182114000107 ] ] ] } },
{ "type": "Feature", "properties": { "name": "Barangay 149" }, "geometry": { "type": "Polygon", "coordinates": [ [ [ 120.971971987000188, 14.621175449000191 ], [ 120.971597339000027, 14.620221415000117 ], [ 120.97080945200014, 14.620457585000111 ], [ 120.970674281000015, 14.620120243000088 ], [ 120.969950305000225, 14.62035468300013 ], [ 120.970231865000073, 14.621202262 ], [ 120.970557840000083, 14.621103647000098 ], [ 120.970714863000012, 14.621580367000149 ], [ 120.971971987000188, 14.621175449000191 ] ] ] } },
{ "type": "Feature", "properties": { "name": "Barangay 150" }, "geometry": { "type": "Polygon", "coordinates": [ [ [ 120.970037136000201, 14.622239998000111 ], [ 120.969884058000162, 14.621846748000053 ], [ 120.970714863000012, 14.621580367000149 ], [ 120.970557840000083, 14.621103647000098 ], [ 120.970231865000073, 14.621202262 ], [ 120.969950305000225, 14.62035468300013 ], [ 120.96919993500012, 14.620599852999987 ], [ 120.969021620000035, 14.619766174000063 ], [ 120.967853787000081, 14.62016630800008 ], [ 120.968101543000216, 14.620871630000011 ], [ 120.967437819000111, 14.620825222000065 ], [ 120.967499475000068, 14.621913722000102 ], [ 120.969296163000081, 14.621342648999985 ], [ 120.969640587000185, 14.622276947000046 ], [ 120.970037136000201, 14.622239998000111 ] ] ] } },
{ "type": "Feature", "properties": { "name": "Barangay 151" }, "geometry": { "type": "Polygon", "coordinates": [ [ [ 120.96919993500012, 14.620599852999987 ], [ 120.970674281000015, 14.620120243000088 ], [ 120.97080945200014, 14.620457585000111 ], [ 120.971597339000027, 14.620221415000117 ], [ 120.970728335000103, 14.61781920500016 ], [ 120.969505503000164, 14.618495981000024 ], [ 120.969021620000035, 14.619766174000063 ], [ 120.96919993500012, 14.620599852999987 ] ] ] } },
{ "type": "Feature", "properties": { "name": "Barangay 152" }, "geometry": { "type": "Polygon", "coordinates": [ [ [ 120.973674799000037, 14.623165794000101 ], [ 120.974703686000112, 14.623129829999982 ], [ 120.975042360000089, 14.622878803000106 ], [ 120.974872695000158, 14.621668992000082 ], [ 120.973297203000016, 14.621550304000039 ], [ 120.973674799000037, 14.623165794000101 ] ] ] } },
{ "type": "Feature", "properties": { "name": "Barangay 153" }, "geometry": { "type": "Polygon", "coordinates": [ [ [ 120.972609332000047, 14.623258431000068 ], [ 120.973674799000037, 14.623165794000101 ], [ 120.973290412000097, 14.621592409000073 ], [ 120.972159331000057, 14.621743053999978 ], [ 120.972609332000047, 14.623258431000068 ] ] ] } },
{ "type": "Feature", "properties": { "name": "Barangay 154" }, "geometry": { "type": "Polygon", "coordinates": [ [ [ 120.971597339000027, 14.620221415000117 ], [ 120.972944580000103, 14.620015436000074 ], [ 120.972628800000052, 14.618580067000039 ], [ 120.971156468000117, 14.618983993000086 ], [ 120.971597339000027, 14.620221415000117 ] ] ] } },
{ "type": "Feature", "properties": { "name": "Barangay 155" }, "geometry": { "type": "Polygon", "coordinates": [ [ [ 120.973336758000187, 14.621550137000099 ], [ 120.974872695000158, 14.621668992000082 ], [ 120.974742869000124, 14.620451743 ], [ 120.97408439000003, 14.620775818000084 ], [ 120.973162450000132, 14.620919742000069 ], [ 120.973336758000187, 14.621550137000099 ] ] ] } },
{ "type": "Feature", "properties": { "name": "Barangay 156" }, "geometry": { "type": "Polygon", "coordinates": [ [ [ 120.971156468000117, 14.618983993000086 ], [ 120.974417239000104, 14.618273978000047 ], [ 120.974265495000054, 14.617208065000057 ], [ 120.97079299100028, 14.617994141000054 ], [ 120.971156468000117, 14.618983993000086 ] ] ] } },
{ "type": "Feature", "properties": { "name": "Barangay 157" }, "geometry": { "type": "Polygon", "coordinates": [ [ [ 120.972986591000108, 14.620014351000066 ], [ 120.974260639000136, 14.619963798000072 ], [ 120.974052038000195, 14.619010097000114 ], [ 120.973535849000086, 14.619089502000179 ], [ 120.973291507000113, 14.618537493000076 ], [ 120.972716717000139, 14.618730999000093 ], [ 120.972986591000108, 14.620014351000066 ] ] ] } },
{ "type": "Feature", "properties": { "name": "Barangay 158" }, "geometry": { "type": "Polygon", "coordinates": [ [ [ 120.972159331000057, 14.621743053999978 ], [ 120.973311416000229, 14.62153075700013 ], [ 120.972944580000103, 14.620015436000074 ], [ 120.971597339000027, 14.620221415000117 ], [ 120.972159331000057, 14.621743053999978 ] ] ] } },
{ "type": "Feature", "properties": { "name": "Barangay 159" }, "geometry": { "type": "Polygon", "coordinates": [ [ [ 120.974341436000032, 14.6199577000001 ], [ 120.974640076000014, 14.619933798000034 ], [ 120.974417239000104, 14.618273978000047 ], [ 120.973282869000059, 14.618447701000093 ], [ 120.973535849000086, 14.619089502000179 ], [ 120.974052038000195, 14.619010097000114 ], [ 120.974341436000032, 14.6199577000001 ] ] ] } },
{ "type": "Feature", "properties": { "name": "Barangay 160" }, "geometry": { "type": "Polygon", "coordinates": [ [ [ 120.973199052000155, 14.620907693000049 ], [ 120.97408439000003, 14.620775818000084 ], [ 120.974742869000124, 14.620451743 ], [ 120.974640076000014, 14.619933798000034 ], [ 120.972944580000103, 14.620015436000074 ], [ 120.973199052000155, 14.620907693000049 ] ] ] } },
{ "type": "Feature", "properties": { "name": "Barangay 161" }, "geometry": { "type": "Polygon", "coordinates": [ [ [ 120.973947115000101, 14.628893718000143 ], [ 120.975797698000065, 14.628516233000084 ], [ 120.975648817000092, 14.627332939000041 ], [ 120.973628603000066, 14.627603024000109 ], [ 120.973947115000101, 14.628893718000143 ] ] ] } },
{ "type": "Feature", "properties": { "name": "Barangay 162" }, "geometry": { "type": "Polygon", "coordinates": [ [ [ 120.973628603000066, 14.627603024000109 ], [ 120.975648817000092, 14.627332939000041 ], [ 120.975565423000148, 14.626662388000057 ], [ 120.974333448000039, 14.62641988200005 ], [ 120.973405423000258, 14.626652676000163 ], [ 120.973628603000066, 14.627603024000109 ] ] ] } },
{ "type": "Feature", "properties": { "name": "Barangay 163" }, "geometry": { "type": "Polygon", "coordinates": [ [ [ 120.973876708000262, 14.624670094000066 ], [ 120.975247511000134, 14.624415850000162 ], [ 120.975042360000089, 14.622878803000106 ], [ 120.974703686000112, 14.623129829999982 ], [ 120.972609332000047, 14.623258431000068 ], [ 120.973052713000016, 14.625170849000028 ], [ 120.973876708000262, 14.624670094000066 ] ] ] } },
{ "type": "Feature", "properties": { "name": "Barangay 164" }, "geometry": { "type": "Polygon", "coordinates": [ [ [ 120.973240387000146, 14.625996403000102 ], [ 120.974544132000233, 14.625768925000102 ], [ 120.97472628100013, 14.625465414000132 ], [ 120.975378013000068, 14.625327847000051 ], [ 120.975247511000134, 14.624415850000162 ], [ 120.973876708000262, 14.624670094000066 ], [ 120.973052713000016, 14.625170849000028 ], [ 120.973240387000146, 14.625996403000102 ] ] ] } },
{ "type": "Feature", "properties": { "name": "Barangay 165" }, "geometry": { "type": "Polygon", "coordinates": [ [ [ 120.975565423000148, 14.626662388000057 ], [ 120.975378013000068, 14.625327847000051 ], [ 120.97472628100013, 14.625465414000132 ], [ 120.974544132000233, 14.625768925000102 ], [ 120.973240387000146, 14.625996403000102 ], [ 120.973405423000258, 14.626652676000163 ], [ 120.974333448000039, 14.62641988200005 ], [ 120.975565423000148, 14.626662388000057 ] ] ] } },
{ "type": "Feature", "properties": { "name": "Barangay 166" }, "geometry": { "type": "Polygon", "coordinates": [ [ [ 120.971385799000132, 14.626794293000046 ], [ 120.973370359000228, 14.626527408000072 ], [ 120.973052713000016, 14.625170849000028 ], [ 120.971089788000086, 14.625418286000183 ], [ 120.971385799000132, 14.626794293000046 ] ] ] } },
{ "type": "Feature", "properties": { "name": "Barangay 167" }, "geometry": { "type": "Polygon", "coordinates": [ [ [ 120.971089788000086, 14.625418286000183 ], [ 120.973052713000016, 14.625170849000028 ], [ 120.97275452800011, 14.623901511000156 ], [ 120.970828281000195, 14.624208518000046 ], [ 120.971089788000086, 14.625418286000183 ] ] ] } },
{ "type": "Feature", "properties": { "name": "Barangay 168" }, "geometry": { "type": "Polygon", "coordinates": [ [ [ 120.970287004000056, 14.627129151000076 ], [ 120.971385799000132, 14.626794293000046 ], [ 120.971089788000086, 14.625418286000183 ], [ 120.969896853000023, 14.625586024000029 ], [ 120.968989723000163, 14.626148276000151 ], [ 120.970287004000056, 14.627129151000076 ] ] ] } },
{ "type": "Feature", "properties": { "name": "Barangay 169" }, "geometry": { "type": "Polygon", "coordinates": [ [ [ 120.969452608000097, 14.625850065000066 ], [ 120.971089788000086, 14.625418286000183 ], [ 120.970828281000195, 14.624208518000046 ], [ 120.969705545000011, 14.624372553000057 ], [ 120.968852810000044, 14.624888596 ], [ 120.969452608000097, 14.625850065000066 ] ] ] } },
{ "type": "Feature", "properties": { "name": "Barangay 170" }, "geometry": { "type": "Polygon", "coordinates": [ [ [ 120.969406145000107, 14.627877810000086 ], [ 120.970287004000056, 14.627129151000076 ], [ 120.968989723000163, 14.626148276000151 ], [ 120.968293839000125, 14.62703048700007 ], [ 120.969406145000107, 14.627877810000086 ] ] ] } },
{ "type": "Feature", "properties": { "name": "Barangay 171" }, "geometry": { "type": "Polygon", "coordinates": [ [ [ 120.968293839000125, 14.62703048700007 ], [ 120.969452608000097, 14.625850065000066 ], [ 120.968852810000044, 14.624888596 ], [ 120.968008619000102, 14.625411473000042 ], [ 120.967301137000049, 14.626286358000016 ], [ 120.968293839000125, 14.62703048700007 ] ] ] } },
{ "type": "Feature", "properties": { "name": "Barangay 172" }, "geometry": { "type": "Polygon", "coordinates": [ [ [ 120.968665264000037, 14.629196281000191 ], [ 120.969406145000107, 14.627877810000086 ], [ 120.967301137000049, 14.626286358000016 ], [ 120.966654582000047, 14.627182114000107 ], [ 120.967553721000172, 14.628339338000103 ], [ 120.968665264000037, 14.629196281000191 ] ] ] } },
{ "type": "Feature", "properties": { "name": "Barangay 173" }, "geometry": { "type": "Polygon", "coordinates": [ [ [ 120.971900988000016, 14.629092702000094 ], [ 120.973928292000096, 14.628824702000088 ], [ 120.973608168000055, 14.627523808000092 ], [ 120.971629492000147, 14.627870285000085 ], [ 120.971900988000016, 14.629092702000094 ] ] ] } },
{ "type": "Feature", "properties": { "name": "Barangay 174" }, "geometry": { "type": "Polygon", "coordinates": [ [ [ 120.971629492000147, 14.627870285000085 ], [ 120.973608168000055, 14.627523808000092 ], [ 120.973370359000228, 14.626527408000072 ], [ 120.971385799000132, 14.626794293000046 ], [ 120.971629492000147, 14.627870285000085 ] ] ] } },
{ "type": "Feature", "properties": { "name": "Barangay 175" }, "geometry": { "type": "Polygon", "coordinates": [ [ [ 120.970581138000057, 14.630536897000127 ], [ 120.971411543000158, 14.629150187000107 ], [ 120.971900988000016, 14.629092702000094 ], [ 120.971629492000147, 14.627870285000085 ], [ 120.970557707000012, 14.628234806000137 ], [ 120.969626735000247, 14.629693596000038 ], [ 120.970581138000057, 14.630536897000127 ] ] ] } },
{ "type": "Feature", "properties": { "name": "Barangay 176" }, "geometry": { "type": "Polygon", "coordinates": [ [ [ 120.969626735000247, 14.629693596000038 ], [ 120.970557707000012, 14.628234806000137 ], [ 120.971629492000147, 14.627870285000085 ], [ 120.971385799000132, 14.626794293000046 ], [ 120.970670942000083, 14.62690762200009 ], [ 120.969788841000195, 14.62742597800019 ], [ 120.969097672000089, 14.62826821200008 ], [ 120.968665264000037, 14.629196281000191 ], [ 120.969626735000247, 14.629693596000038 ] ] ] } },
{ "type": "Feature", "properties": { "name": "Barangay 177" }, "geometry": { "type": "Polygon", "coordinates": [ [ [ 120.974308556000096, 14.63580058600013 ], [ 120.974229629000092, 14.635483923000152 ], [ 120.97522309600015, 14.635216004000085 ], [ 120.974955331000046, 14.633795058000146 ], [ 120.9733566350003, 14.634139008000147 ], [ 120.973105634000035, 14.633303946000183 ], [ 120.972753267000144, 14.633031223000046 ], [ 120.972125764000339, 14.633103628000129 ], [ 120.970649156000036, 14.633880239000177 ], [ 120.970598882000104, 14.634360416 ], [ 120.968984263000038, 14.634518962000129 ], [ 120.968643212000188, 14.634952168000098 ], [ 120.968624587000136, 14.63559090800004 ], [ 120.974308556000096, 14.63580058600013 ] ] ] } },
{ "type": "Feature", "properties": { "name": "Barangay 178" }, "geometry": { "type": "Polygon", "coordinates": [ [ [ 120.973400139000205, 14.634118491000152 ], [ 120.974955331000046, 14.633795058000146 ], [ 120.974734598000055, 14.632659289 ], [ 120.973460374000069, 14.632886497000186 ], [ 120.973105634000035, 14.633303946000183 ], [ 120.973400139000205, 14.634118491000152 ] ] ] } },
{ "type": "Feature", "properties": { "name": "Barangay 179" }, "geometry": { "type": "Polygon", "coordinates": [ [ [ 120.972627025000179, 14.630762243000106 ], [ 120.974314171000174, 14.630466073000093 ], [ 120.973928292000096, 14.628824702000088 ], [ 120.972495296000034, 14.629009438000082 ], [ 120.972627025000179, 14.630762243000106 ] ] ] } },
{ "type": "Feature", "properties": { "name": "Barangay 180" }, "geometry": { "type": "Polygon", "coordinates": [ [ [ 120.97095243900003, 14.631048416000056 ], [ 120.972627025000179, 14.630762243000106 ], [ 120.972495296000034, 14.629009438000082 ], [ 120.971411543000158, 14.629150187000107 ], [ 120.970581138000057, 14.630536897000127 ], [ 120.97095243900003, 14.631048416000056 ] ] ] } },
{ "type": "Feature", "properties": { "name": "Barangay 181" }, "geometry": { "type": "Polygon", "coordinates": [ [ [ 120.972767352, 14.631542195000122 ], [ 120.974464318000059, 14.631247417000111 ], [ 120.974314171000174, 14.630466073000093 ], [ 120.972282015000019, 14.630812576999972 ], [ 120.972395556000151, 14.631373518000146 ], [ 120.972740808000026, 14.631329134 ], [ 120.972767352, 14.631542195000122 ] ] ] } },
{ "type": "Feature", "properties": { "name": "Barangay 182" }, "geometry": { "type": "Polygon", "coordinates": [ [ [ 120.971031103000087, 14.633786060000091 ], [ 120.972125764000339, 14.633103628000129 ], [ 120.972753267000144, 14.633031223000046 ], [ 120.972731131000046, 14.632823715000143 ], [ 120.972422973000107, 14.632812158000149 ], [ 120.972198270000149, 14.631408040000167 ], [ 120.972395556000151, 14.631373518000146 ], [ 120.972282015000019, 14.630812576999972 ], [ 120.970861058000196, 14.631067960000053 ], [ 120.970832281000185, 14.631970505000083 ], [ 120.9703195310002, 14.633304703000135 ], [ 120.970505272000196, 14.6338331500001 ], [ 120.971031103000087, 14.633786060000091 ] ] ] } },
{ "type": "Feature", "properties": { "name": "Barangay 183" }, "geometry": { "type": "Polygon", "coordinates": [ [ [ 120.973141742000053, 14.633272418000047 ], [ 120.973460374000069, 14.632886497000186 ], [ 120.974734598000055, 14.632659289 ], [ 120.974464318000059, 14.631247417000111 ], [ 120.972767352, 14.631542195000122 ], [ 120.972740808000026, 14.631329134 ], [ 120.972198270000149, 14.631408040000167 ], [ 120.972422973000107, 14.632812158000149 ], [ 120.972731131000046, 14.632823715000143 ], [ 120.972753267000144, 14.633031223000046 ], [ 120.973141742000053, 14.633272418000047 ] ] ] } },
{ "type": "Feature", "properties": { "name": "Barangay 184" }, "geometry": { "type": "Polygon", "coordinates": [ [ [ 120.975225684000179, 14.63521540500011 ], [ 120.976568120000024, 14.63517519100003 ], [ 120.976242126000216, 14.63252916 ], [ 120.974734598000055, 14.632659289 ], [ 120.975225684000179, 14.63521540500011 ] ] ] } },
{ "type": "Feature", "properties": { "name": "Barangay 185" }, "geometry": { "type": "Polygon", "coordinates": [ [ [ 120.974314171000174, 14.630466073000093 ], [ 120.976037628000199, 14.630228833 ], [ 120.975797698000065, 14.628516233000084 ], [ 120.973947115000101, 14.628893718000143 ], [ 120.974314171000174, 14.630466073000093 ] ] ] } },
{ "type": "Feature", "properties": { "name": "Barangay 186" }, "geometry": { "type": "Polygon", "coordinates": [ [ [ 120.974734598000055, 14.632659289 ], [ 120.976363684000148, 14.632546615000138 ], [ 120.976037628000199, 14.630228833 ], [ 120.974314171000174, 14.630466073000093 ], [ 120.974734598000055, 14.632659289 ] ] ] } },
{ "type": "Feature", "properties": { "name": "Barangay 187" }, "geometry": { "type": "Polygon", "coordinates": [ [ [ 120.980998929000066, 14.636299271000098 ], [ 120.982020256000283, 14.636262853000119 ], [ 120.982448922000231, 14.636246578000112 ], [ 120.982097684000109, 14.635510786000168 ], [ 120.981816329000026, 14.635646235000081 ], [ 120.980970573000036, 14.635527969000066 ], [ 120.980998929000066, 14.636299271000098 ] ] ] } },
{ "type": "Feature", "properties": { "name": "Barangay 188" }, "geometry": { "type": "Polygon", "coordinates": [ [ [ 120.979714142000262, 14.636306246000061 ], [ 120.980998929000066, 14.636299271000098 ], [ 120.980970573000036, 14.635527969000066 ], [ 120.980591502000038, 14.635041069000124 ], [ 120.980180451000024, 14.635151195000162 ], [ 120.980101021000223, 14.635530844000016 ], [ 120.979905455000221, 14.635530622000033 ], [ 120.979714142000262, 14.636306246000061 ] ] ] } },
{ "type": "Feature", "properties": { "name": "Barangay 189" }, "geometry": { "type": "Polygon", "coordinates": [ [ [ 120.979384892000212, 14.637092906000134 ], [ 120.982135308000011, 14.637036460000104 ], [ 120.982330773000172, 14.636251193000021 ], [ 120.979714142000262, 14.636306246000061 ], [ 120.979384892000212, 14.637092906000134 ] ] ] } },
{ "type": "Feature", "properties": { "name": "Barangay 190" }, "geometry": { "type": "Polygon", "coordinates": [ [ [ 120.9790386640002, 14.637893011000187 ], [ 120.980904496000335, 14.637819729000171 ], [ 120.980881289000081, 14.637057520000042 ], [ 120.979384892000212, 14.637092906000134 ], [ 120.9790386640002, 14.637893011000187 ] ] ] } },
{ "type": "Feature", "properties": { "name": "Barangay 191" }, "geometry": { "type": "Polygon", "coordinates": [ [ [ 120.980904496000335, 14.637819729000171 ], [ 120.981960256000093, 14.637810297999977 ], [ 120.982135308000011, 14.637036460000104 ], [ 120.980881289000081, 14.637057520000042 ], [ 120.980904496000335, 14.637819729000171 ] ] ] } },
{ "type": "Feature", "properties": { "name": "Barangay 192" }, "geometry": { "type": "Polygon", "coordinates": [ [ [ 120.979822520000198, 14.639023716 ], [ 120.980614268000181, 14.639027938000027 ], [ 120.980611084000088, 14.63861263900003 ], [ 120.981498935000104, 14.63858036900001 ], [ 120.981885425000087, 14.638186494000024 ], [ 120.981960256000093, 14.637810297999977 ], [ 120.9790386640002, 14.637893011000187 ], [ 120.979051783000045, 14.638634863999982 ], [ 120.979794166000147, 14.639568177000058 ], [ 120.979822520000198, 14.639023716 ] ] ] } },
{ "type": "Feature", "properties": { "name": "Barangay 193" }, "geometry": { "type": "Polygon", "coordinates": [ [ [ 120.980101021000223, 14.635530844000016 ], [ 120.980278050000038, 14.634358635000126 ], [ 120.979964860000223, 14.63441030700011 ], [ 120.97987431200022, 14.633802048000177 ], [ 120.979401750000193, 14.63371983400009 ], [ 120.979709067000158, 14.635522102000039 ], [ 120.980101021000223, 14.635530844000016 ] ] ] } },
{ "type": "Feature", "properties": { "name": "Barangay 194" }, "geometry": { "type": "Polygon", "coordinates": [ [ [ 120.977955487000145, 14.63552999500007 ], [ 120.979709067000158, 14.635522102000039 ], [ 120.979560926000204, 14.634619662000148 ], [ 120.978138230000127, 14.634722168999986 ], [ 120.977766299000109, 14.635162092000087 ], [ 120.977955487000145, 14.63552999500007 ] ] ] } },
{ "type": "Feature", "properties": { "name": "Barangay 195" }, "geometry": { "type": "Polygon", "coordinates": [ [ [ 120.978138230000127, 14.634722168999986 ], [ 120.979560926000204, 14.634619662000148 ], [ 120.979401750000193, 14.63371983400009 ], [ 120.978377366000018, 14.63429308100001 ], [ 120.978138230000127, 14.634722168999986 ] ] ] } },
{ "type": "Feature", "properties": { "name": "Barangay 196" }, "geometry": { "type": "Polygon", "coordinates": [ [ [ 120.981883172000153, 14.635644733000106 ], [ 120.982097684000109, 14.635510786000168 ], [ 120.981461630000126, 14.634182805000137 ], [ 120.980279052000128, 14.634484038000096 ], [ 120.980180451000024, 14.635151195000162 ], [ 120.980591502000038, 14.635041069000124 ], [ 120.980829973000141, 14.635534439000082 ], [ 120.981883172000153, 14.635644733000106 ] ] ] } },
{ "type": "Feature", "properties": { "name": "Barangay 197" }, "geometry": { "type": "Polygon", "coordinates": [ [ [ 120.980279052000128, 14.634484038000096 ], [ 120.981461630000126, 14.634182805000137 ], [ 120.98107979200006, 14.633369322000078 ], [ 120.980677636000223, 14.633356826000124 ], [ 120.97987431200022, 14.633802048000177 ], [ 120.979964860000223, 14.63441030700011 ], [ 120.980278050000038, 14.634358635000126 ], [ 120.980279052000128, 14.634484038000096 ] ] ] } },
{ "type": "Feature", "properties": { "name": "Barangay 198" }, "geometry": { "type": "Polygon", "coordinates": [ [ [ 120.977681293000046, 14.632814085000064 ], [ 120.977186239000048, 14.62951845300006 ], [ 120.976538305000304, 14.629756582000084 ], [ 120.976551304000054, 14.630198383000163 ], [ 120.97604551000029, 14.630301142000064 ], [ 120.976363684000148, 14.632546615000138 ], [ 120.977681293000046, 14.632814085000064 ] ] ] } },
{ "type": "Feature", "properties": { "name": "Barangay 199" }, "geometry": { "type": "Polygon", "coordinates": [ [ [ 120.977354705000039, 14.635500505000095 ], [ 120.978175542000145, 14.634650937000174 ], [ 120.978005452000275, 14.632731088000185 ], [ 120.977357447000031, 14.632748164000191 ], [ 120.977341463000016, 14.633885713000097 ], [ 120.976408061000029, 14.633844238000108 ], [ 120.976568120000024, 14.63517519100003 ], [ 120.977354705000039, 14.635500505000095 ] ] ] } },
{ "type": "Feature", "properties": { "name": "Barangay 200" }, "geometry": { "type": "Polygon", "coordinates": [ [ [ 120.977312096000105, 14.633670290999987 ], [ 120.977453934000096, 14.633667429000127 ], [ 120.977357447000031, 14.632748164000191 ], [ 120.976242126000216, 14.63252916 ], [ 120.976408061000029, 14.633844238000108 ], [ 120.977341463000016, 14.633885713000097 ], [ 120.977312096000105, 14.633670290999987 ] ] ] } },
{ "type": "Feature", "properties": { "name": "Barangay 201" }, "geometry": { "type": "Polygon", "coordinates": [ [ [ 120.977753008000036, 14.632805348000147 ], [ 120.980497087000117, 14.63189820700012 ], [ 120.979964424000059, 14.63040542300007 ], [ 120.977509766000139, 14.631242340000142 ], [ 120.977753008000036, 14.632805348000147 ] ] ] } },
{ "type": "Feature", "properties": { "name": "Barangay 202" }, "geometry": { "type": "Polygon", "coordinates": [ [ [ 120.978219638000041, 14.63454408900003 ], [ 120.979299990000072, 14.633753754000054 ], [ 120.979803702000027, 14.63381650600013 ], [ 120.979680417000054, 14.63216820100007 ], [ 120.978005452000275, 14.632731088000185 ], [ 120.978219638000041, 14.63454408900003 ] ] ] } },
{ "type": "Feature", "properties": { "name": "Barangay 202-A" }, "geometry": { "type": "Polygon", "coordinates": [ [ [ 120.97987431200022, 14.633802048000177 ], [ 120.980677636000223, 14.633356826000124 ], [ 120.98107979200006, 14.633369322000078 ], [ 120.980725584000083, 14.63255226400014 ], [ 120.980702941000118, 14.631867212000145 ], [ 120.979680417000054, 14.63216820100007 ], [ 120.97987431200022, 14.633802048000177 ] ] ] } },
{ "type": "Feature", "properties": { "name": "Barangay 203" }, "geometry": { "type": "Polygon", "coordinates": [ [ [ 120.976453234000132, 14.630218173 ], [ 120.976538305000304, 14.629756582000084 ], [ 120.976801355000021, 14.629629211000122 ], [ 120.977186239000048, 14.62951845300006 ], [ 120.977234988000305, 14.629659183000115 ], [ 120.979445780000106, 14.628919647000032 ], [ 120.978781924000032, 14.626996570000188 ], [ 120.97845401200027, 14.626935844000116 ], [ 120.976864795000097, 14.62856747800015 ], [ 120.97658788300032, 14.629099494000116 ], [ 120.975892817000044, 14.629255961000183 ], [ 120.97604551000029, 14.630301142000064 ], [ 120.976453234000132, 14.630218173 ] ] ] } },
{ "type": "Feature", "properties": { "name": "Barangay 204" }, "geometry": { "type": "Polygon", "coordinates": [ [ [ 120.975892817000044, 14.629255961000183 ], [ 120.97658788300032, 14.629099494000116 ], [ 120.976864795000097, 14.62856747800015 ], [ 120.97845401200027, 14.626935844000116 ], [ 120.976881259000038, 14.626612055000066 ], [ 120.975565423000148, 14.626662388000057 ], [ 120.975892817000044, 14.629255961000183 ] ] ] } },
{ "type": "Feature", "properties": { "name": "Barangay 205" }, "geometry": { "type": "Polygon", "coordinates": [ [ [ 120.977509766000139, 14.631242340000142 ], [ 120.979964424000059, 14.63040542300007 ], [ 120.979445780000106, 14.628919647000032 ], [ 120.977234988000305, 14.629659183000115 ], [ 120.977509766000139, 14.631242340000142 ] ] ] } },
{ "type": "Feature", "properties": { "name": "Barangay 206" }, "geometry": { "type": "Polygon", "coordinates": [ [ [ 120.980702941000118, 14.631867212000145 ], [ 120.981065312000169, 14.630995330000133 ], [ 120.980776073000129, 14.630771318000029 ], [ 120.980627042000151, 14.630263482000146 ], [ 120.981520501000091, 14.629391553 ], [ 120.981685448000121, 14.629536648000055 ], [ 120.981821099000058, 14.629384899000172 ], [ 120.980996625000103, 14.628738502999965 ], [ 120.98111503500013, 14.628394037000078 ], [ 120.980447633000153, 14.628157216000091 ], [ 120.980160578000095, 14.629014793000124 ], [ 120.979586155000106, 14.629315603000123 ], [ 120.980497087000117, 14.63189820700012 ], [ 120.980702941000118, 14.631867212000145 ] ] ] } },
{ "type": "Feature", "properties": { "name": "Barangay 207" }, "geometry": { "type": "Polygon", "coordinates": [ [ [ 120.980160578000095, 14.629014793000124 ], [ 120.980447633000153, 14.628157216000091 ], [ 120.982571840000105, 14.628968146999966 ], [ 120.982765602000313, 14.628648798000086 ], [ 120.98279430700029, 14.62795986600014 ], [ 120.982060148000073, 14.627946367000163 ], [ 120.978781924000032, 14.626996570000188 ], [ 120.979586155000106, 14.629315603000123 ], [ 120.980160578000095, 14.629014793000124 ] ] ] } },
{ "type": "Feature", "properties": { "name": "Barangay 208" }, "geometry": { "type": "Polygon", "coordinates": [ [ [ 120.981065312000169, 14.630995330000133 ], [ 120.982865829000048, 14.628979815000037 ], [ 120.983058342000049, 14.627955069000166 ], [ 120.98279430700029, 14.62795986600014 ], [ 120.982765602000313, 14.628648798000086 ], [ 120.982571840000105, 14.628968146999966 ], [ 120.98111503500013, 14.628394037000078 ], [ 120.980996625000103, 14.628738502999965 ], [ 120.981821099000058, 14.629384899000172 ], [ 120.981685448000121, 14.629536648000055 ], [ 120.981520501000091, 14.629391553 ], [ 120.980627042000151, 14.630263482000146 ], [ 120.980776073000129, 14.630771318000029 ], [ 120.981065312000169, 14.630995330000133 ] ] ] } },
{ "type": "Feature", "properties": { "name": "Barangay 209" }, "geometry": { "type": "Polygon", "coordinates": [ [ [ 120.980426600000101, 14.626811147000012 ], [ 120.980766165000205, 14.626431947000071 ], [ 120.98115802000018, 14.625436125000135 ], [ 120.98226104600019, 14.625879206000093 ], [ 120.982949564000137, 14.624224394000123 ], [ 120.982926148000274, 14.622684536000122 ], [ 120.981968934000179, 14.62278271200006 ], [ 120.982026633000032, 14.624228979000065 ], [ 120.981119833000093, 14.62425439600014 ], [ 120.979805265000095, 14.625546353000175 ], [ 120.980163893000054, 14.625544063000177 ], [ 120.980047901000034, 14.626732619000109 ], [ 120.980426600000101, 14.626811147000012 ] ] ] } },
{ "type": "Feature", "properties": { "name": "Barangay 210" }, "geometry": { "type": "Polygon", "coordinates": [ [ [ 120.981493450000016, 14.627763199000128 ], [ 120.983058342000049, 14.627955069000166 ], [ 120.982949564000137, 14.624224394000123 ], [ 120.981493450000016, 14.627763199000128 ] ] ] } },
{ "type": "Feature", "properties": { "name": "Barangay 211" }, "geometry": { "type": "Polygon", "coordinates": [ [ [ 120.981493450000016, 14.627763199000128 ], [ 120.98226104600019, 14.625879206000093 ], [ 120.98115802000018, 14.625436125000135 ], [ 120.98027021200005, 14.627386678000107 ], [ 120.981493450000016, 14.627763199000128 ] ] ] } },
{ "type": "Feature", "properties": { "name": "Barangay 212" }, "geometry": { "type": "Polygon", "coordinates": [ [ [ 120.98039701200014, 14.626885111000092 ], [ 120.980047901000034, 14.626732619000109 ], [ 120.980163893000054, 14.625544063000177 ], [ 120.978532991000179, 14.625731256000108 ], [ 120.978781924000032, 14.626996570000188 ], [ 120.98027021200005, 14.627386678000107 ], [ 120.98039701200014, 14.626885111000092 ] ] ] } },
{ "type": "Feature", "properties": { "name": "Barangay 213" }, "geometry": { "type": "Polygon", "coordinates": [ [ [ 120.976449084000137, 14.626101409000114 ], [ 120.977443373000028, 14.626077747000124 ], [ 120.977506763000179, 14.625639455000055 ], [ 120.977255269000125, 14.623463720000075 ], [ 120.976221553000073, 14.624240680000071 ], [ 120.975826102000042, 14.624885837000079 ], [ 120.976322957000093, 14.625016050999989 ], [ 120.976449084000137, 14.626101409000114 ] ] ] } },
{ "type": "Feature", "properties": { "name": "Barangay 214" }, "geometry": { "type": "Polygon", "coordinates": [ [ [ 120.975944031000154, 14.626731131000156 ], [ 120.977015283000014, 14.62664313900018 ], [ 120.977020750000179, 14.626069151000081 ], [ 120.976449084000137, 14.626101409000114 ], [ 120.976322957000093, 14.625016050999989 ], [ 120.975826102000042, 14.624885837000079 ], [ 120.975812926000231, 14.626001158000065 ], [ 120.975944031000154, 14.626731131000156 ] ] ] } },
{ "type": "Feature", "properties": { "name": "Barangay 215" }, "geometry": { "type": "Polygon", "coordinates": [ [ [ 120.978781924000032, 14.626996570000188 ], [ 120.978532991000179, 14.625731256000108 ], [ 120.977020750000179, 14.626069151000081 ], [ 120.977015283000014, 14.62664313900018 ], [ 120.978781924000032, 14.626996570000188 ] ] ] } },
{ "type": "Feature", "properties": { "name": "Barangay 216" }, "geometry": { "type": "Polygon", "coordinates": [ [ [ 120.977416326000025, 14.625878276000037 ], [ 120.978532991000179, 14.625731256000108 ], [ 120.978201880000029, 14.623140909000085 ], [ 120.977239782000197, 14.62327788000016 ], [ 120.977416326000025, 14.625878276000037 ] ] ] } },
{ "type": "Feature", "properties": { "name": "Barangay 217" }, "geometry": { "type": "Polygon", "coordinates": [ [ [ 120.975909344000229, 14.626620136000099 ], [ 120.975781275000031, 14.624987502000067 ], [ 120.976221553000073, 14.624240680000071 ], [ 120.977255269000125, 14.623463720000075 ], [ 120.977239782000197, 14.62327788000016 ], [ 120.975144012000101, 14.623602128000186 ], [ 120.975565423000148, 14.626662388000057 ], [ 120.975909344000229, 14.626620136000099 ] ] ] } },
{ "type": "Feature", "properties": { "name": "Barangay 218" }, "geometry": { "type": "Polygon", "coordinates": [ [ [ 120.975144012000101, 14.623602128000186 ], [ 120.977804010000114, 14.623185923000108 ], [ 120.976833119000048, 14.623073403000035 ], [ 120.976020729000084, 14.622708015000171 ], [ 120.975425588, 14.622187760000031 ], [ 120.974886475000062, 14.621314150000046 ], [ 120.975144012000101, 14.623602128000186 ] ] ] } },
{ "type": "Feature", "properties": { "name": "Barangay 219" }, "geometry": { "type": "Polygon", "coordinates": [ [ [ 120.978532991000179, 14.625731256000108 ], [ 120.97947453900008, 14.625590990000035 ], [ 120.979314707000185, 14.624347602000057 ], [ 120.979796506000184, 14.624301075000176 ], [ 120.979610927000181, 14.62300282700005 ], [ 120.978201880000029, 14.623140909000085 ], [ 120.978532991000179, 14.625731256000108 ] ] ] } },
{ "type": "Feature", "properties": { "name": "Barangay 220" }, "geometry": { "type": "Polygon", "coordinates": [ [ [ 120.979805265000095, 14.625546353000175 ], [ 120.981119833000093, 14.62425439600014 ], [ 120.982026633000032, 14.624228979000065 ], [ 120.981968934000179, 14.62278271200006 ], [ 120.979610927000181, 14.62300282700005 ], [ 120.979796506000184, 14.624301075000176 ], [ 120.979314707000185, 14.624347602000057 ], [ 120.97947453900008, 14.625590990000035 ], [ 120.979805265000095, 14.625546353000175 ] ] ] } },
{ "type": "Feature", "properties": { "name": "Barangay 221" }, "geometry": { "type": "Polygon", "coordinates": [ [ [ 120.974911631000055, 14.621302905000107 ], [ 120.977421719000063, 14.620960843000034 ], [ 120.977382181000166, 14.620609942000044 ], [ 120.976809353000021, 14.620679546000133 ], [ 120.976781459000222, 14.620197916000052 ], [ 120.974715026000013, 14.620275574000061 ], [ 120.974911631000055, 14.621302905000107 ] ] ] } },
{ "type": "Feature", "properties": { "name": "Barangay 222" }, "geometry": { "type": "Polygon", "coordinates": [ [ [ 120.975895771000069, 14.619800658000031 ], [ 120.976856072000032, 14.619674745 ], [ 120.976689323000187, 14.618317974000092 ], [ 120.975575382000102, 14.618491736000124 ], [ 120.975895771000069, 14.619800658000031 ] ] ] } },
{ "type": "Feature", "properties": { "name": "Barangay 223" }, "geometry": { "type": "Polygon", "coordinates": [ [ [ 120.977881078000109, 14.620899874000031 ], [ 120.979126734000147, 14.620757293000054 ], [ 120.978807859000199, 14.619435256000031 ], [ 120.977714775000095, 14.619569479 ], [ 120.977881078000109, 14.620899874000031 ] ] ] } },
{ "type": "Feature", "properties": { "name": "Barangay 224" }, "geometry": { "type": "Polygon", "coordinates": [ [ [ 120.979542315000344, 14.623008725000034 ], [ 120.97920544800013, 14.620834173000048 ], [ 120.977881078000109, 14.620899874000031 ], [ 120.978201880000029, 14.623140909000085 ], [ 120.979542315000344, 14.623008725000034 ] ] ] } },
{ "type": "Feature", "properties": { "name": "Barangay 225" }, "geometry": { "type": "Polygon", "coordinates": [ [ [ 120.978717566000228, 14.619445602000155 ], [ 120.978586445000133, 14.617436198000178 ], [ 120.978771582000036, 14.616567520000046 ], [ 120.978157123000301, 14.616630661000045 ], [ 120.978258121000181, 14.619499171000086 ], [ 120.978717566000228, 14.619445602000155 ] ] ] } },
{ "type": "Feature", "properties": { "name": "Barangay 226" }, "geometry": { "type": "Polygon", "coordinates": [ [ [ 120.977714775000095, 14.619569479 ], [ 120.978258121000181, 14.619499171000086 ], [ 120.978288084000042, 14.619004526000083 ], [ 120.978157123000301, 14.616630661000045 ], [ 120.977319097000077, 14.61668988200006 ], [ 120.977714775000095, 14.619569479 ] ] ] } },
{ "type": "Feature", "properties": { "name": "Barangay 227" }, "geometry": { "type": "Polygon", "coordinates": [ [ [ 120.978201880000029, 14.623140909000085 ], [ 120.977881078000109, 14.620899874000031 ], [ 120.9760624930002, 14.621154229000069 ], [ 120.976304199000083, 14.622865393000041 ], [ 120.9772650780003, 14.623156098000038 ], [ 120.978201880000029, 14.623140909000085 ] ] ] } },
{ "type": "Feature", "properties": { "name": "Barangay 228" }, "geometry": { "type": "Polygon", "coordinates": [ [ [ 120.976304199000083, 14.622865393000041 ], [ 120.9760624930002, 14.621154229000069 ], [ 120.974911631000055, 14.621302905000107 ], [ 120.975658126000212, 14.622432122000191 ], [ 120.976304199000083, 14.622865393000041 ] ] ] } },
{ "type": "Feature", "properties": { "name": "Barangay 229" }, "geometry": { "type": "Polygon", "coordinates": [ [ [ 120.977714775000095, 14.619569479 ], [ 120.977319097000077, 14.61668988200006 ], [ 120.976805849000016, 14.616751318000183 ], [ 120.977159483000037, 14.619637435000129 ], [ 120.977714775000095, 14.619569479 ] ] ] } },
{ "type": "Feature", "properties": { "name": "Barangay 230" }, "geometry": { "type": "Polygon", "coordinates": [ [ [ 120.976856072000032, 14.619674745 ], [ 120.977159483000037, 14.619637435000129 ], [ 120.976805849000016, 14.616751318000183 ], [ 120.976473991000148, 14.616793832000155 ], [ 120.976856072000032, 14.619674745 ] ] ] } },
{ "type": "Feature", "properties": { "name": "Barangay 231" }, "geometry": { "type": "Polygon", "coordinates": [ [ [ 120.977881078000109, 14.620899874000031 ], [ 120.977714775000095, 14.619569479 ], [ 120.974640076000014, 14.619933798000034 ], [ 120.974715026000013, 14.620275574000061 ], [ 120.976781459000222, 14.620197916000052 ], [ 120.976809353000021, 14.620679546000133 ], [ 120.977382181000166, 14.620609942000044 ], [ 120.977421719000063, 14.620960843000034 ], [ 120.977881078000109, 14.620899874000031 ] ] ] } },
{ "type": "Feature", "properties": { "name": "Barangay 232" }, "geometry": { "type": "Polygon", "coordinates": [ [ [ 120.974640076000014, 14.619933798000034 ], [ 120.975840335000157, 14.619807826000113 ], [ 120.97527795800022, 14.617013171000053 ], [ 120.974265495000054, 14.617208065000057 ], [ 120.974640076000014, 14.619933798000034 ] ] ] } },
{ "type": "Feature", "properties": { "name": "Barangay 233" }, "geometry": { "type": "Polygon", "coordinates": [ [ [ 120.976689323000187, 14.618317974000092 ], [ 120.976473991000148, 14.616793832000155 ], [ 120.97527795800022, 14.617013171000053 ], [ 120.975575382000102, 14.618491736000124 ], [ 120.976689323000187, 14.618317974000092 ] ] ] } },
{ "type": "Feature", "properties": { "name": "Barangay 234" }, "geometry": { "type": "Polygon", "coordinates": [ [ [ 120.973947487000032, 14.61726670600018 ], [ 120.976805849000016, 14.616751318000183 ], [ 120.976290732000166, 14.615543129000116 ], [ 120.973670777000052, 14.616071412000053 ], [ 120.973947487000032, 14.61726670600018 ] ] ] } },
{ "type": "Feature", "properties": { "name": "Barangay 235" }, "geometry": { "type": "Polygon", "coordinates": [ [ [ 120.976894880000032, 14.616740201000027 ], [ 120.977319097000077, 14.61668988200006 ], [ 120.976625608000177, 14.613797775000137 ], [ 120.975965922000114, 14.613967685000148 ], [ 120.97597398500011, 14.614141022000183 ], [ 120.97631916000023, 14.615635956000062 ], [ 120.976894880000032, 14.616740201000027 ] ] ] } },
{ "type": "Feature", "properties": { "name": "Barangay 236" }, "geometry": { "type": "Polygon", "coordinates": [ [ [ 120.976290732000166, 14.615543129000116 ], [ 120.976045898000166, 14.614633599000172 ], [ 120.973478396000019, 14.615215707 ], [ 120.973670777000052, 14.616071412000053 ], [ 120.976290732000166, 14.615543129000116 ] ] ] } },
{ "type": "Feature", "properties": { "name": "Barangay 237" }, "geometry": { "type": "Polygon", "coordinates": [ [ [ 120.976045898000166, 14.614633599000172 ], [ 120.975965922000114, 14.613967685000148 ], [ 120.973307906000059, 14.61448579600011 ], [ 120.973478396000019, 14.615215707 ], [ 120.976045898000166, 14.614633599000172 ] ] ] } },
{ "type": "Feature", "properties": { "name": "Barangay 238" }, "geometry": { "type": "Polygon", "coordinates": [ [ [ 120.975258443000143, 14.610273612000128 ], [ 120.975909099000091, 14.61018351600012 ], [ 120.975582692000216, 14.608169403000034 ], [ 120.974889854000025, 14.608196940000084 ], [ 120.975258443000143, 14.610273612000128 ] ] ] } },
{ "type": "Feature", "properties": { "name": "Barangay 239" }, "geometry": { "type": "Polygon", "coordinates": [ [ [ 120.975213934000067, 14.614133963000029 ], [ 120.976625608000177, 14.613797775000137 ], [ 120.976346965000062, 14.61255587100004 ], [ 120.974933372000123, 14.612846556000022 ], [ 120.975213934000067, 14.614133963000029 ] ] ] } },
{ "type": "Feature", "properties": { "name": "Barangay 240" }, "geometry": { "type": "Polygon", "coordinates": [ [ [ 120.974889854000025, 14.608196940000084 ], [ 120.975582692000216, 14.608169403000034 ], [ 120.974849027000118, 14.606046897000056 ], [ 120.974482599000225, 14.606185502000073 ], [ 120.974889854000025, 14.608196940000084 ] ] ] } },
{ "type": "Feature", "properties": { "name": "Barangay 241" }, "geometry": { "type": "Polygon", "coordinates": [ [ [ 120.975213934000067, 14.614133963000029 ], [ 120.974165597000137, 14.610432554000113 ], [ 120.972473449000063, 14.610735285000032 ], [ 120.973307906000059, 14.61448579600011 ], [ 120.975213934000067, 14.614133963000029 ] ] ] } },
{ "type": "Feature", "properties": { "name": "Barangay 242" }, "geometry": { "type": "Polygon", "coordinates": [ [ [ 120.974793237000199, 14.610342386000127 ], [ 120.975258443000143, 14.610273612000128 ], [ 120.974482599000225, 14.606185502000073 ], [ 120.974054615000114, 14.606344029000127 ], [ 120.974115656000095, 14.606808898000168 ], [ 120.974793237000199, 14.610342386000127 ] ] ] } },
{ "type": "Feature", "properties": { "name": "Barangay 243" }, "geometry": { "type": "Polygon", "coordinates": [ [ [ 120.975288996000018, 14.612763469000186 ], [ 120.974793237000199, 14.610342386000127 ], [ 120.974165597000137, 14.610432554000113 ], [ 120.974933372000123, 14.612846556000022 ], [ 120.975288996000018, 14.612763469000186 ] ] ] } },
{ "type": "Feature", "properties": { "name": "Barangay 244" }, "geometry": { "type": "Polygon", "coordinates": [ [ [ 120.975288996000018, 14.612763469000186 ], [ 120.97572041, 14.612672291000081 ], [ 120.975258443000143, 14.610273612000128 ], [ 120.974793237000199, 14.610342386000127 ], [ 120.975288996000018, 14.612763469000186 ] ] ] } },
{ "type": "Feature", "properties": { "name": "Barangay 245" }, "geometry": { "type": "Polygon", "coordinates": [ [ [ 120.973877218000098, 14.609371636000105 ], [ 120.974593509000329, 14.609301074000143 ], [ 120.974385537000217, 14.608213469000134 ], [ 120.973602374000166, 14.608244116000094 ], [ 120.973877218000098, 14.609371636000105 ] ] ] } },
{ "type": "Feature", "properties": { "name": "Barangay 246" }, "geometry": { "type": "Polygon", "coordinates": [ [ [ 120.97572041, 14.612672291000081 ], [ 120.976346965000062, 14.61255587100004 ], [ 120.975909099000091, 14.61018351600012 ], [ 120.975258443000143, 14.610273612000128 ], [ 120.97572041, 14.612672291000081 ] ] ] } },
{ "type": "Feature", "properties": { "name": "Barangay 247" }, "geometry": { "type": "Polygon", "coordinates": [ [ [ 120.973602374000166, 14.608244116000094 ], [ 120.974385537000217, 14.608213469000134 ], [ 120.974054615000114, 14.606344029000127 ], [ 120.973520074000021, 14.606506173000071 ], [ 120.973602374000166, 14.608244116000094 ] ] ] } },
{ "type": "Feature", "properties": { "name": "Barangay 248" }, "geometry": { "type": "Polygon", "coordinates": [ [ [ 120.974165597000137, 14.610432554000113 ], [ 120.974793237000199, 14.610342386000127 ], [ 120.974593509000329, 14.609301074000143 ], [ 120.973877218000098, 14.609371636000105 ], [ 120.974165597000137, 14.610432554000113 ] ] ] } },
{ "type": "Feature", "properties": { "name": "Barangay 249" }, "geometry": { "type": "Polygon", "coordinates": [ [ [ 120.978157123000301, 14.616630661000045 ], [ 120.977866761000087, 14.615157626000098 ], [ 120.977015186000017, 14.615384480000046 ], [ 120.977319097000077, 14.61668988200006 ], [ 120.978157123000301, 14.616630661000045 ] ] ] } },
{ "type": "Feature", "properties": { "name": "Barangay 250" }, "geometry": { "type": "Polygon", "coordinates": [ [ [ 120.977200232000087, 14.61078555 ], [ 120.977710661000174, 14.61042216400017 ], [ 120.977879324000014, 14.610485530000062 ], [ 120.977453283000159, 14.60906733000013 ], [ 120.975749876, 14.609188401000154 ], [ 120.976009644000214, 14.610750553000059 ], [ 120.977200232000087, 14.61078555 ] ] ] } },
{ "type": "Feature", "properties": { "name": "Barangay 251" }, "geometry": { "type": "Polygon", "coordinates": [ [ [ 120.977462991000039, 14.615272528000048 ], [ 120.978073431000098, 14.615126943000121 ], [ 120.977737857000079, 14.613857598000038 ], [ 120.977149109000038, 14.613969469000097 ], [ 120.977462991000039, 14.615272528000048 ] ] ] } },
{ "type": "Feature", "properties": { "name": "Barangay 252" }, "geometry": { "type": "Polygon", "coordinates": [ [ [ 120.977462991000039, 14.615272528000048 ], [ 120.977120304000096, 14.613872561999983 ], [ 120.976994428000125, 14.613714154000036 ], [ 120.976625608000177, 14.613797775000137 ], [ 120.977015186000017, 14.615384480000046 ], [ 120.977462991000039, 14.615272528000048 ] ] ] } },
{ "type": "Feature", "properties": { "name": "Barangay 253" }, "geometry": { "type": "Polygon", "coordinates": [ [ [ 120.978073431000098, 14.615126943000121 ], [ 120.978370933000065, 14.615056744000128 ], [ 120.978030305000289, 14.613642539000068 ], [ 120.979646261000084, 14.613403139000184 ], [ 120.979504655000028, 14.613104212000053 ], [ 120.97869547300013, 14.61314056100008 ], [ 120.978667092000137, 14.612979550000034 ], [ 120.976506770000128, 14.613317018000032 ], [ 120.976625608000177, 14.613797775000137 ], [ 120.976994428000125, 14.613714154000036 ], [ 120.977149109000038, 14.613969469000097 ], [ 120.977737857000079, 14.613857598000038 ], [ 120.978073431000098, 14.615126943000121 ] ] ] } },
{ "type": "Feature", "properties": { "name": "Barangay 254" }, "geometry": { "type": "Polygon", "coordinates": [ [ [ 120.976506770000128, 14.613317018000032 ], [ 120.977850984000156, 14.613126243000181 ], [ 120.977651514000172, 14.612199340000132 ], [ 120.978067351000163, 14.612011219000124 ], [ 120.977710661000174, 14.61042216400017 ], [ 120.977386150000029, 14.610763577000057 ], [ 120.976009644000214, 14.610750553000059 ], [ 120.976506770000128, 14.613317018000032 ] ] ] } },
{ "type": "Feature", "properties": { "name": "Barangay 255" }, "geometry": { "type": "Polygon", "coordinates": [ [ [ 120.978370933000065, 14.615056744000128 ], [ 120.979420033000224, 14.614820851000047 ], [ 120.979284355000118, 14.614154734000067 ], [ 120.979749889000118, 14.613729583000179 ], [ 120.979646261000084, 14.613403139000184 ], [ 120.978030305000289, 14.613642539000068 ], [ 120.978370933000065, 14.615056744000128 ] ] ] } },
{ "type": "Feature", "properties": { "name": "Barangay 256" }, "geometry": { "type": "Polygon", "coordinates": [ [ [ 120.978157123000301, 14.616630661000045 ], [ 120.978771582000036, 14.616567520000046 ], [ 120.979348620000223, 14.615380292000054 ], [ 120.979420033000224, 14.614820851000047 ], [ 120.977866761000087, 14.615157626000098 ], [ 120.978157123000301, 14.616630661000045 ] ] ] } },
{ "type": "Feature", "properties": { "name": "Barangay 257" }, "geometry": { "type": "Polygon", "coordinates": [ [ [ 120.978067351000163, 14.612011219000124 ], [ 120.979203263000045, 14.611446789000127 ], [ 120.979049167000085, 14.611104265 ], [ 120.978372637, 14.610963960000049 ], [ 120.977879324000014, 14.610485530000062 ], [ 120.978067351000163, 14.612011219000124 ] ] ] } },
{ "type": "Feature", "properties": { "name": "Barangay 258" }, "geometry": { "type": "Polygon", "coordinates": [ [ [ 120.979504655000028, 14.613104212000053 ], [ 120.979036357000041, 14.612884048000126 ], [ 120.979203263000045, 14.611446789000127 ], [ 120.977651514000172, 14.612199340000132 ], [ 120.977850984000156, 14.613126243000181 ], [ 120.978667092000137, 14.612979550000034 ], [ 120.97869547300013, 14.61314056100008 ], [ 120.979504655000028, 14.613104212000053 ] ] ] } },
{ "type": "Feature", "properties": { "name": "Barangay 259" }, "geometry": { "type": "Polygon", "coordinates": [ [ [ 120.975749876, 14.609188401000154 ], [ 120.977453283000159, 14.60906733000013 ], [ 120.977030796000122, 14.606708167000079 ], [ 120.975872003000063, 14.60564226200006 ], [ 120.974849027000118, 14.606046897000056 ], [ 120.975519002000055, 14.607930575000125 ], [ 120.975749876, 14.609188401000154 ] ] ] } },
{ "type": "Feature", "properties": { "name": "Barangay 260" }, "geometry": { "type": "Polygon", "coordinates": [ [ [ 120.978187700000262, 14.607668720000049 ], [ 120.979172200000221, 14.607226593000178 ], [ 120.978212039000027, 14.604752465000104 ], [ 120.97688838800002, 14.605238569000164 ], [ 120.978187700000262, 14.607668720000049 ] ] ] } },
{ "type": "Feature", "properties": { "name": "Barangay 261" }, "geometry": { "type": "Polygon", "coordinates": [ [ [ 120.980524482000192, 14.610945417000039 ], [ 120.980455089000202, 14.609809379000183 ], [ 120.980097126000146, 14.608848706000174 ], [ 120.979329058000189, 14.609328225000127 ], [ 120.980242143000169, 14.610876685 ], [ 120.980524482000192, 14.610945417000039 ] ] ] } },
{ "type": "Feature", "properties": { "name": "Barangay 262" }, "geometry": { "type": "Polygon", "coordinates": [ [ [ 120.977943674000016, 14.610433692000072 ], [ 120.980097126000146, 14.608848706000174 ], [ 120.979732943000158, 14.608310369000151 ], [ 120.979000511000095, 14.608776327000157 ], [ 120.978187700000262, 14.607668720000049 ], [ 120.977272590000211, 14.608121546000064 ], [ 120.977943674000016, 14.610433692000072 ] ] ] } },
{ "type": "Feature", "properties": { "name": "Barangay 263" }, "geometry": { "type": "Polygon", "coordinates": [ [ [ 120.979732943000158, 14.608310369000151 ], [ 120.979172200000221, 14.607226593000178 ], [ 120.978187700000262, 14.607668720000049 ], [ 120.979000511000095, 14.608776327000157 ], [ 120.979732943000158, 14.608310369000151 ] ] ] } },
{ "type": "Feature", "properties": { "name": "Barangay 264" }, "geometry": { "type": "Polygon", "coordinates": [ [ [ 120.979698346000191, 14.610662777000073 ], [ 120.979935861000058, 14.611046244000079 ], [ 120.980242143000169, 14.610876685 ], [ 120.979329058000189, 14.609328225000127 ], [ 120.977879324000014, 14.610485530000062 ], [ 120.978700096000011, 14.611062507000099 ], [ 120.979698346000191, 14.610662777000073 ] ] ] } },
{ "type": "Feature", "properties": { "name": "Barangay 265" }, "geometry": { "type": "Polygon", "coordinates": [ [ [ 120.97925430100031, 14.611899675000132 ], [ 120.979781343000013, 14.611918104000097 ], [ 120.97985570100002, 14.611690820000149 ], [ 120.980300707000083, 14.611916271000041 ], [ 120.980524482000192, 14.610945417000039 ], [ 120.979935861000058, 14.611046244000079 ], [ 120.979698346000191, 14.610662777000073 ], [ 120.978985225000088, 14.61107555600006 ], [ 120.97925430100031, 14.611899675000132 ] ] ] } },
{ "type": "Feature", "properties": { "name": "Barangay 266" }, "geometry": { "type": "Polygon", "coordinates": [ [ [ 120.977323437000109, 14.608110245000091 ], [ 120.978187700000262, 14.607668720000049 ], [ 120.97688838800002, 14.605238569000164 ], [ 120.975872003000063, 14.60564226200006 ], [ 120.977030796000122, 14.606708167000079 ], [ 120.977323437000109, 14.608110245000091 ] ] ] } },
{ "type": "Feature", "properties": { "name": "Barangay 267" }, "geometry": { "type": "Polygon", "coordinates": [ [ [ 120.979660488000263, 14.613102979000189 ], [ 120.979962512000043, 14.612863955000137 ], [ 120.979962512000043, 14.612450374000105 ], [ 120.980300707000083, 14.611916271000041 ], [ 120.97985570100002, 14.611690820000149 ], [ 120.979781343000013, 14.611918104000097 ], [ 120.97925430100031, 14.611899675000132 ], [ 120.979032011000072, 14.612857970999983 ], [ 120.979660488000263, 14.613102979000189 ] ] ] } },
{ "type": "Feature", "properties": { "name": "Manila North Cemetery" }, "geometry": { "type": "Polygon", "coordinates": [ [ [ 120.985682299000018, 14.639655100000027 ], [ 120.988869378000118, 14.639798129000042 ], [ 120.988205035000192, 14.6377341540001 ], [ 120.991973444000109, 14.636527028000046 ], [ 120.991913610000324, 14.636338079000097 ], [ 120.988283730000035, 14.63749358300015 ], [ 120.987368026000127, 14.634512472000154 ], [ 120.986755518000223, 14.630044934000182 ], [ 120.98829794300002, 14.627372943000125 ], [ 120.986764015000176, 14.626508566000155 ], [ 120.985096360000057, 14.629121794000184 ], [ 120.98325297800011, 14.631547337000029 ], [ 120.982926341000052, 14.631689934 ], [ 120.981641754000066, 14.631061914000099 ], [ 120.981065312000169, 14.630995330000133 ], [ 120.980702941000118, 14.631867212000145 ], [ 120.980782203000103, 14.632727773 ], [ 120.982448922000231, 14.636246578000112 ], [ 120.982196684000314, 14.636607951000087 ], [ 120.982963031000054, 14.636515006000081 ], [ 120.983078171000329, 14.637011733000065 ], [ 120.983544391, 14.636814695000112 ], [ 120.983703106000121, 14.637152246000085 ], [ 120.984918002000086, 14.637002450000125 ], [ 120.984944587000086, 14.637222374000032 ], [ 120.983981261000054, 14.638004239000111 ], [ 120.984537117000059, 14.639020612000138 ], [ 120.985369510000169, 14.639142744000083 ], [ 120.985303333000047, 14.63937811400001 ], [ 120.984953382000185, 14.639551502000188 ], [ 120.984895536000181, 14.639879446000123 ], [ 120.985082594000232, 14.63997936800007 ], [ 120.985682299000018, 14.639655100000027 ] ] ] } },
{ "type": "Feature", "properties": { "name": "Tutuban Mall (Claimed by Five Barangays of Tondo, Manila)" }, "geometry": { "type": "Polygon", "coordinates": [ [ [ 120.972473449000063, 14.610735285000032 ], [ 120.974165597000137, 14.610432554000113 ], [ 120.973602374000166, 14.608244116000094 ], [ 120.973520074000021, 14.606506173000071 ], [ 120.971192885000164, 14.605997885000136 ], [ 120.972473449000063, 14.610735285000032 ] ] ] } },
{ "type": "Feature", "properties": { "name": "Barangay 287" }, "geometry": { "type": "Polygon", "coordinates": [ [ [ 120.972320375000209, 14.603344059999984 ], [ 120.97274608000032, 14.602945910000074 ], [ 120.973047975000213, 14.602095975000054 ], [ 120.973910789000115, 14.601745796000102 ], [ 120.973698218000095, 14.600914117000116 ], [ 120.973497559000066, 14.600798978000114 ], [ 120.976866244, 14.595620480999969 ], [ 120.974898800000119, 14.595249753000076 ], [ 120.974556156000176, 14.597034790000066 ], [ 120.973427020000031, 14.599509521000073 ], [ 120.972470115000192, 14.601127539 ], [ 120.971213465000119, 14.602367615000105 ], [ 120.971836343000064, 14.603199705000065 ], [ 120.972320375000209, 14.603344059999984 ] ] ] } },
{ "type": "Feature", "properties": { "name": "Barangay 288" }, "geometry": { "type": "Polygon", "coordinates": [ [ [ 120.973910789000115, 14.601745796000102 ], [ 120.974575962000017, 14.601699708000183 ], [ 120.97490950800011, 14.601435274000153 ], [ 120.975459166000064, 14.601474218000021 ], [ 120.976053899000021, 14.600904523000054 ], [ 120.97420607000015, 14.599615650999965 ], [ 120.973497559000066, 14.600798978000114 ], [ 120.973698218000095, 14.600914117000116 ], [ 120.973910789000115, 14.601745796000102 ] ] ] } },
{ "type": "Feature", "properties": { "name": "Barangay 289" }, "geometry": { "type": "Polygon", "coordinates": [ [ [ 120.975543683000069, 14.600439089000076 ], [ 120.976778964000232, 14.597897126000134 ], [ 120.975845918000118, 14.597361787000182 ], [ 120.97431980500005, 14.599666423000087 ], [ 120.975543683000069, 14.600439089000076 ] ] ] } },
{ "type": "Feature", "properties": { "name": "Barangay 290" }, "geometry": { "type": "Polygon", "coordinates": [ [ [ 120.976053899000021, 14.600904523000054 ], [ 120.976811864000069, 14.600253270000053 ], [ 120.978602996000177, 14.599856662000093 ], [ 120.979249486000185, 14.599481397000034 ], [ 120.976778964000232, 14.597897126000134 ], [ 120.976197127000319, 14.599445577000097 ], [ 120.975543683000069, 14.600439089000076 ], [ 120.976053899000021, 14.600904523000054 ] ] ] } },
{ "type": "Feature", "properties": { "name": "Barangay 291" }, "geometry": { "type": "Polygon", "coordinates": [ [ [ 120.979249486000185, 14.599481397000034 ], [ 120.980204233000222, 14.598277397000118 ], [ 120.979933625000058, 14.597814312000082 ], [ 120.97996114700004, 14.596782684000118 ], [ 120.979165577000117, 14.596671069000081 ], [ 120.976864767000166, 14.595622996000088 ], [ 120.975845918000118, 14.597361787000182 ], [ 120.979249486000185, 14.599481397000034 ] ] ] } },
{ "type": "Feature", "properties": { "name": "Barangay 292" }, "geometry": { "type": "Polygon", "coordinates": [ [ [ 120.975362331000042, 14.605849007000074 ], [ 120.974789138000119, 14.604519121000124 ], [ 120.975975291000054, 14.604107869000075 ], [ 120.975721503000045, 14.602947960000108 ], [ 120.975340841000161, 14.602293534000125 ], [ 120.974575962000017, 14.601699708000183 ], [ 120.973910789000115, 14.601745796000102 ], [ 120.974849027000118, 14.606046897000056 ], [ 120.975362331000042, 14.605849007000074 ] ] ] } },
{ "type": "Feature", "properties": { "name": "Barangay 293" }, "geometry": { "type": "Polygon", "coordinates": [ [ [ 120.973520074000021, 14.606506173000071 ], [ 120.974849027000118, 14.606046897000056 ], [ 120.973910789000115, 14.601745796000102 ], [ 120.973120177000283, 14.60202738400011 ], [ 120.972541880000108, 14.603217021000034 ], [ 120.972104359000127, 14.60335877000017 ], [ 120.971714433000102, 14.604729798000108 ], [ 120.971098099000301, 14.605251795000186 ], [ 120.970902180000166, 14.605910710000103 ], [ 120.973520074000021, 14.606506173000071 ] ] ] } },
{ "type": "Feature", "properties": { "name": "Barangay 294" }, "geometry": { "type": "Polygon", "coordinates": [ [ [ 120.975362331000042, 14.605849007000074 ], [ 120.978212039000027, 14.604752465000104 ], [ 120.977741196000125, 14.603507762000049 ], [ 120.974789138000119, 14.604519121000124 ], [ 120.975362331000042, 14.605849007000074 ] ] ] } },
{ "type": "Feature", "properties": { "name": "Barangay 295" }, "geometry": { "type": "Polygon", "coordinates": [ [ [ 120.976734245000216, 14.603852735999965 ], [ 120.977741196000125, 14.603507762000049 ], [ 120.977712359000066, 14.602385690000119 ], [ 120.976494403000061, 14.602244526000163 ], [ 120.97616189900009, 14.60167750100004 ], [ 120.975782013000071, 14.601985176000028 ], [ 120.976734245000216, 14.603852735999965 ] ] ] } },
{ "type": "Feature", "properties": { "name": "Barangay 296" }, "geometry": { "type": "Polygon", "coordinates": [ [ [ 120.975975291000054, 14.604107869000075 ], [ 120.976734245000216, 14.603852735999965 ], [ 120.975782013000071, 14.601985176000028 ], [ 120.97616189900009, 14.60167750100004 ], [ 120.976334558000076, 14.601835450000067 ], [ 120.976844642000174, 14.6012164710001 ], [ 120.976401666000129, 14.600585683000133 ], [ 120.975459166000064, 14.601474218000021 ], [ 120.97490950800011, 14.601435274000153 ], [ 120.974575962000017, 14.601699708000183 ], [ 120.975458168000046, 14.602442147999966 ], [ 120.975975291000054, 14.604107869000075 ] ] ] } },
{ "type": "Feature", "properties": { "name": "Barangay 383" }, "geometry": { "type": "Polygon", "coordinates": [ [ [ 120.983974294000177, 14.597946780000029 ], [ 120.985128104000069, 14.597913202000086 ], [ 120.985586434000083, 14.597063123000169 ], [ 120.985142313000097, 14.597131470000022 ], [ 120.985081529000013, 14.596523628 ], [ 120.98376367700007, 14.596766385000137 ], [ 120.983974294000177, 14.597946780000029 ] ] ] } },
{ "type": "Feature", "properties": { "name": "Barangay 384" }, "geometry": { "type": "Polygon", "coordinates": [ [ [ 120.985461442000087, 14.597082349000175 ], [ 120.985807959000113, 14.595967854000037 ], [ 120.985783538000078, 14.595270628000094 ], [ 120.984357197000122, 14.595466649000059 ], [ 120.983426985000051, 14.594970843000056 ], [ 120.982912895000027, 14.594456709000156 ], [ 120.982075949000205, 14.595516988000043 ], [ 120.98376367700007, 14.596766385000137 ], [ 120.985081529000013, 14.596523628 ], [ 120.985142313000097, 14.597131470000022 ], [ 120.985461442000087, 14.597082349000175 ] ] ] } },
{ "type": "Feature", "properties": { "name": "Barangay 385" }, "geometry": { "type": "Polygon", "coordinates": [ [ [ 120.985672093000062, 14.597050095000156 ], [ 120.988172850000069, 14.596656445000065 ], [ 120.989552246000017, 14.596482745000117 ], [ 120.988220328000125, 14.594261670000094 ], [ 120.98707876900005, 14.595042223000121 ], [ 120.985783538000078, 14.595270628000094 ], [ 120.985672093000062, 14.597050095000156 ] ] ] } },
{ "type": "Feature", "properties": { "name": "Barangay 386" }, "geometry": { "type": "Polygon", "coordinates": [ [ [ 120.990812313000106, 14.596488004000093 ], [ 120.990995430000225, 14.595331080000108 ], [ 120.990484703000106, 14.593607811000084 ], [ 120.990123373000074, 14.593305544000032 ], [ 120.989195726000162, 14.593385454000099 ], [ 120.988220328000125, 14.594261670000094 ], [ 120.989552246000017, 14.596482745000117 ], [ 120.990812313000106, 14.596488004000093 ] ] ] } },
{ "type": "Feature", "properties": { "name": "Barangay 387" }, "geometry": { "type": "Polygon", "coordinates": [ [ [ 120.986733067000046, 14.597762694000039 ], [ 120.989560718, 14.597255791000123 ], [ 120.989552246000017, 14.596482745000117 ], [ 120.985586434000083, 14.597063123000169 ], [ 120.985468316000151, 14.597278140000128 ], [ 120.986733067000046, 14.597762694000039 ] ] ] } },
{ "type": "Feature", "properties": { "name": "Barangay 388" }, "geometry": { "type": "Polygon", "coordinates": [ [ [ 120.98943347300019, 14.598400961000038 ], [ 120.989560718, 14.597255791000123 ], [ 120.987066189000075, 14.597654932000182 ], [ 120.986695022000049, 14.597868815000027 ], [ 120.988240737000069, 14.598398795000037 ], [ 120.98943347300019, 14.598400961000038 ] ] ] } },
{ "type": "Feature", "properties": { "name": "Barangay 389" }, "geometry": { "type": "Polygon", "coordinates": [ [ [ 120.990954570000213, 14.600325399000099 ], [ 120.991389154000103, 14.599908429000038 ], [ 120.991138522000142, 14.598800542000106 ], [ 120.990612402000124, 14.597714202000134 ], [ 120.990812313000106, 14.596488004000093 ], [ 120.989552246000017, 14.596482745000117 ], [ 120.989633405000063, 14.597781325000085 ], [ 120.990954570000213, 14.600325399000099 ] ] ] } },
{ "type": "Feature", "properties": { "name": "Barangay 390" }, "geometry": { "type": "Polygon", "coordinates": [ [ [ 120.98811546200011, 14.601659328000039 ], [ 120.990954570000213, 14.600325399000099 ], [ 120.989633405000063, 14.597781325000085 ], [ 120.989560718, 14.597255791000123 ], [ 120.989377190000027, 14.599222569000119 ], [ 120.988510502000167, 14.599593975000118 ], [ 120.988617840000302, 14.599775971000099 ], [ 120.987569896000082, 14.600592192000022 ], [ 120.98811546200011, 14.601659328000039 ] ] ] } },
{ "type": "Feature", "properties": { "name": "Barangay 391" }, "geometry": { "type": "Polygon", "coordinates": [ [ [ 120.985042339000188, 14.603137329000049 ], [ 120.986120105000168, 14.602582817000155 ], [ 120.985821061000138, 14.602008867000109 ], [ 120.986313306000056, 14.60177980300017 ], [ 120.986342548000152, 14.601014631000112 ], [ 120.986678833000042, 14.600697840000066 ], [ 120.987502132000031, 14.600452680000046 ], [ 120.987569896000082, 14.600592192000022 ], [ 120.988617840000302, 14.599775971000099 ], [ 120.988510502000167, 14.599593975000118 ], [ 120.988870684000062, 14.599368879000167 ], [ 120.987546421000047, 14.59942392 ], [ 120.987157831000218, 14.599683782 ], [ 120.986336607000112, 14.599754582 ], [ 120.98603029300034, 14.60066251600017 ], [ 120.984527778000142, 14.600576955000122 ], [ 120.985042339000188, 14.603137329000049 ] ] ] } },
{ "type": "Feature", "properties": { "name": "Barangay 392" }, "geometry": { "type": "Polygon", "coordinates": [ [ [ 120.986120105000168, 14.602582817000155 ], [ 120.98811546200011, 14.601659328000039 ], [ 120.987502132000031, 14.600452680000046 ], [ 120.986678833000042, 14.600697840000066 ], [ 120.986342548000152, 14.601014631000112 ], [ 120.986313306000056, 14.60177980300017 ], [ 120.985821061000138, 14.602008867000109 ], [ 120.986120105000168, 14.602582817000155 ] ] ] } },
{ "type": "Feature", "properties": { "name": "Barangay 393" }, "geometry": { "type": "Polygon", "coordinates": [ [ [ 120.986613437000074, 14.599751436000133 ], [ 120.987546421000047, 14.59942392 ], [ 120.989377190000027, 14.599222569000119 ], [ 120.98943347300019, 14.598400961000038 ], [ 120.988240737000069, 14.598398795000037 ], [ 120.985468316000151, 14.597278140000128 ], [ 120.985128104000069, 14.597913202000086 ], [ 120.983974294000177, 14.597946780000029 ], [ 120.984175116000074, 14.598813709000069 ], [ 120.984840572000053, 14.598740593000059 ], [ 120.984933115000331, 14.599475077000079 ], [ 120.985709148000183, 14.599733425000124 ], [ 120.986613437000074, 14.599751436000133 ] ] ] } },
{ "type": "Feature", "properties": { "name": "Barangay 394" }, "geometry": { "type": "Polygon", "coordinates": [ [ [ 120.986072360000207, 14.600264201000186 ], [ 120.986226219000059, 14.600257082000041 ], [ 120.986336607000112, 14.599754582 ], [ 120.984933115000331, 14.599475077000079 ], [ 120.984840572000053, 14.598740593000059 ], [ 120.984175116000074, 14.598813709000069 ], [ 120.984527778000142, 14.600576955000122 ], [ 120.98603029300034, 14.60066251600017 ], [ 120.986072360000207, 14.600264201000186 ] ] ] } },
{ "type": "Feature", "properties": { "name": "Barangay 306" }, "geometry": { "type": "Polygon", "coordinates": [ [ [ 120.98174090800012, 14.59890600000017 ], [ 120.983419048000201, 14.598668659000111 ], [ 120.983338623, 14.598053646000153 ], [ 120.983974294000177, 14.597946780000029 ], [ 120.983655918000068, 14.596565570000109 ], [ 120.982075949000205, 14.595516988000043 ], [ 120.981073467000215, 14.59649584400006 ], [ 120.9804132820002, 14.59671965299998 ], [ 120.980619027000103, 14.59835362900003 ], [ 120.980314683000302, 14.598801157000082 ], [ 120.98174090800012, 14.59890600000017 ] ] ] } },
{ "type": "Feature", "properties": { "name": "Barangay 307" }, "geometry": { "type": "Polygon", "coordinates": [ [ [ 120.981634822000046, 14.600885461000075 ], [ 120.984527778000142, 14.600576955000122 ], [ 120.983974294000177, 14.597946780000029 ], [ 120.983338623, 14.598053646000153 ], [ 120.983419048000201, 14.598668659000111 ], [ 120.981306773000142, 14.598967006000066 ], [ 120.981634822000046, 14.600885461000075 ] ] ] } },
{ "type": "Feature", "properties": { "name": "Barangay 308" }, "geometry": { "type": "Polygon", "coordinates": [ [ [ 120.98377564000009, 14.603453788000024 ], [ 120.985042339000188, 14.603137329000049 ], [ 120.984527778000142, 14.600576955000122 ], [ 120.983484060000251, 14.600591020000138 ], [ 120.98377564000009, 14.603453788000024 ] ] ] } },
{ "type": "Feature", "properties": { "name": "Barangay 309" }, "geometry": { "type": "Polygon", "coordinates": [ [ [ 120.98195468300014, 14.603728178000154 ], [ 120.983698891000017, 14.603468393000071 ], [ 120.983484060000251, 14.600591020000138 ], [ 120.981634822000046, 14.600885461000075 ], [ 120.98195468300014, 14.603728178000154 ] ] ] } },
{ "type": "Feature", "properties": { "name": "Barangay 268" }, "geometry": { "type": "Polygon", "coordinates": [ [ [ 120.970902180000166, 14.605910710000103 ], [ 120.971179858000028, 14.605144880000125 ], [ 120.971714433000102, 14.604729798000108 ], [ 120.972104359000127, 14.60335877000017 ], [ 120.971224053000242, 14.602493871000092 ], [ 120.970476607000023, 14.603208841000082 ], [ 120.971217871000135, 14.603702990000045 ], [ 120.969698587000153, 14.605054815000074 ], [ 120.970433486000161, 14.605734558999984 ], [ 120.970902180000166, 14.605910710000103 ] ] ] } },
{ "type": "Feature", "properties": { "name": "Barangay 269" }, "geometry": { "type": "Polygon", "coordinates": [ [ [ 120.971217871000135, 14.603702990000045 ], [ 120.969534013000043, 14.602540825000062 ], [ 120.968379638000215, 14.603652479 ], [ 120.969698587000153, 14.605054815000074 ], [ 120.971217871000135, 14.603702990000045 ] ] ] } },
{ "type": "Feature", "properties": { "name": "Barangay 270" }, "geometry": { "type": "Polygon", "coordinates": [ [ [ 120.967971554000201, 14.603156414000125 ], [ 120.969313839000165, 14.601838554000153 ], [ 120.96866112400005, 14.601201089000085 ], [ 120.969549027000085, 14.600225951000027 ], [ 120.969131811000011, 14.599897794000128 ], [ 120.96717423400014, 14.602147831000082 ], [ 120.967971554000201, 14.603156414000125 ] ] ] } },
{ "type": "Feature", "properties": { "name": "Barangay 271" }, "geometry": { "type": "Polygon", "coordinates": [ [ [ 120.969534013000043, 14.602540825000062 ], [ 120.970476607000023, 14.603208841000082 ], [ 120.971224053000242, 14.602493871000092 ], [ 120.9714978410002, 14.601965179000047 ], [ 120.969549027000085, 14.600225951000027 ], [ 120.96866112400005, 14.601201089000085 ], [ 120.969313839000165, 14.601838554000153 ], [ 120.967971554000201, 14.603156414000125 ], [ 120.968379638000215, 14.603652479 ], [ 120.969534013000043, 14.602540825000062 ] ] ] } },
{ "type": "Feature", "properties": { "name": "Barangay 272" }, "geometry": { "type": "Polygon", "coordinates": [ [ [ 120.96875422100004, 14.600322548000122 ], [ 120.966729857000018, 14.598790949000147 ], [ 120.966208321000067, 14.599050962000035 ], [ 120.966322666000337, 14.599567555000078 ], [ 120.966930299000069, 14.599874241000066 ], [ 120.9670580720001, 14.599685237000074 ], [ 120.968301114000042, 14.600841693000177 ], [ 120.96875422100004, 14.600322548000122 ] ] ] } },
{ "type": "Feature", "properties": { "name": "Barangay 273" }, "geometry": { "type": "Polygon", "coordinates": [ [ [ 120.969131811000011, 14.599897794000128 ], [ 120.96708341100009, 14.59825538900003 ], [ 120.966903049000166, 14.59852220800019 ], [ 120.966409081000165, 14.598611633000019 ], [ 120.96875422100004, 14.600322548000122 ], [ 120.969131811000011, 14.599897794000128 ] ] ] } },
{ "type": "Feature", "properties": { "name": "Barangay 274" }, "geometry": { "type": "Polygon", "coordinates": [ [ [ 120.966740343000197, 14.601597988000151 ], [ 120.966988016000187, 14.600578829000085 ], [ 120.967442108000228, 14.600011053000173 ], [ 120.9670580720001, 14.599685237000074 ], [ 120.966085423000209, 14.60108043300005 ], [ 120.966740343000197, 14.601597988000151 ] ] ] } },
{ "type": "Feature", "properties": { "name": "Barangay 275" }, "geometry": { "type": "Polygon", "coordinates": [ [ [ 120.966085423000209, 14.60108043300005 ], [ 120.966930299000069, 14.599874241000066 ], [ 120.966322666000337, 14.599567555000078 ], [ 120.966208321000067, 14.599050962000035 ], [ 120.966648161000194, 14.598849051000116 ], [ 120.965931772000317, 14.598019406000162 ], [ 120.967309433000196, 14.595918792000077 ], [ 120.967122167000184, 14.595916639000166 ], [ 120.966779207000059, 14.59641979200012 ], [ 120.964171055000065, 14.596437349999974 ], [ 120.964189372000078, 14.596170218999987 ], [ 120.963898882000194, 14.596163281000145 ], [ 120.963613803000158, 14.596225595000135 ], [ 120.963665120000201, 14.596401541000148 ], [ 120.962540513000135, 14.596455726999977 ], [ 120.962342166000326, 14.596203701000093 ], [ 120.961955463000209, 14.596438210000088 ], [ 120.960218698000176, 14.596465683000133 ], [ 120.959317819000148, 14.596032018000017 ], [ 120.958142019000206, 14.596465379000108 ], [ 120.957002151000211, 14.596217620000118 ], [ 120.95584055300003, 14.596356318000062 ], [ 120.9558019870002, 14.59654215300003 ], [ 120.960475571000188, 14.598514472999966 ], [ 120.963345074000017, 14.598494594000044 ], [ 120.966085423000209, 14.60108043300005 ] ] ] } },
{ "type": "Feature", "properties": { "name": "Barangay 276" }, "geometry": { "type": "Polygon", "coordinates": [ [ [ 120.967243338000117, 14.602102648000141 ], [ 120.968301114000042, 14.600841693000177 ], [ 120.967442108000228, 14.600011053000173 ], [ 120.966988016000187, 14.600578829000085 ], [ 120.966711875000101, 14.601700473000164 ], [ 120.967243338000117, 14.602102648000141 ] ] ] } },
{ "type": "Feature", "properties": { "name": "Barangay 281" }, "geometry": { "type": "Polygon", "coordinates": [ [ [ 120.971385064000174, 14.601901800000064 ], [ 120.972470115000192, 14.601127539 ], [ 120.973427020000031, 14.599509521000073 ], [ 120.971319769000047, 14.598200745000156 ], [ 120.969549027000085, 14.600225951000027 ], [ 120.971385064000174, 14.601901800000064 ] ] ] } },
{ "type": "Feature", "properties": { "name": "Barangay 282" }, "geometry": { "type": "Polygon", "coordinates": [ [ [ 120.973427020000031, 14.599509521000073 ], [ 120.974556156000176, 14.597034790000066 ], [ 120.974898800000119, 14.595249753000076 ], [ 120.971925732000159, 14.595606244000123 ], [ 120.972155049000207, 14.59690644200009 ], [ 120.971229385000015, 14.598138357000153 ], [ 120.973427020000031, 14.599509521000073 ] ] ] } },
{ "type": "Feature", "properties": { "name": "Barangay 283" }, "geometry": { "type": "Polygon", "coordinates": [ [ [ 120.968121770000153, 14.599076591000141 ], [ 120.970002249000231, 14.596600923000096 ], [ 120.97021121000023, 14.595802448000029 ], [ 120.968937499000049, 14.595908562000091 ], [ 120.967154034000032, 14.598315822000188 ], [ 120.968121770000153, 14.599076591000141 ] ] ] } },
{ "type": "Feature", "properties": { "name": "Barangay 284" }, "geometry": { "type": "Polygon", "coordinates": [ [ [ 120.969131811000011, 14.599897794000128 ], [ 120.970833765000066, 14.597840961000031 ], [ 120.970196540000074, 14.597375285000055 ], [ 120.97077869300017, 14.595751134000068 ], [ 120.97021121000023, 14.595802448000029 ], [ 120.970002249000231, 14.596600923000096 ], [ 120.968121770000153, 14.599076591000141 ], [ 120.969131811000011, 14.599897794000128 ] ] ] } },
{ "type": "Feature", "properties": { "name": "Barangay 285" }, "geometry": { "type": "Polygon", "coordinates": [ [ [ 120.969549027000085, 14.600225951000027 ], [ 120.972155049000207, 14.59690644200009 ], [ 120.971925732000159, 14.595606244000123 ], [ 120.97077869300017, 14.595751134000068 ], [ 120.970196540000074, 14.597375285000055 ], [ 120.970833765000066, 14.597840961000031 ], [ 120.969131811000011, 14.599897794000128 ], [ 120.969549027000085, 14.600225951000027 ] ] ] } },
{ "type": "Feature", "properties": { "name": "Barangay 286" }, "geometry": { "type": "Polygon", "coordinates": [ [ [ 120.966903049000166, 14.59852220800019 ], [ 120.968620354000223, 14.596506576000024 ], [ 120.968937499000049, 14.595908562000091 ], [ 120.967309433000196, 14.595918792000077 ], [ 120.965931772000317, 14.598019406000162 ], [ 120.966409081000165, 14.598611633000019 ], [ 120.966903049000166, 14.59852220800019 ] ] ] } },
{ "type": "Feature", "properties": { "name": "Barangay 297" }, "geometry": { "type": "Polygon", "coordinates": [ [ [ 120.977376790000108, 14.602210534 ], [ 120.977324964000104, 14.601710085000093 ], [ 120.978336452, 14.601450523000096 ], [ 120.977888075000124, 14.600028726000119 ], [ 120.976811864000069, 14.600253270000053 ], [ 120.976401666000129, 14.600585683000133 ], [ 120.976862776000075, 14.601130984 ], [ 120.976252724, 14.602034646 ], [ 120.976494403000061, 14.602244526000163 ], [ 120.977376790000108, 14.602210534 ] ] ] } },
{ "type": "Feature", "properties": { "name": "Barangay 298" }, "geometry": { "type": "Polygon", "coordinates": [ [ [ 120.978336452, 14.601450523000096 ], [ 120.979750744000057, 14.600985100000059 ], [ 120.980252018000215, 14.599955784000144 ], [ 120.979249486000185, 14.599481397000034 ], [ 120.979080631000329, 14.599681813000132 ], [ 120.977888075000124, 14.600028726000119 ], [ 120.978336452, 14.601450523000096 ] ] ] } },
{ "type": "Feature", "properties": { "name": "Barangay 299" }, "geometry": { "type": "Polygon", "coordinates": [ [ [ 120.978212039000027, 14.604752465000104 ], [ 120.97950954800001, 14.604252656000028 ], [ 120.978712397000095, 14.602390338000134 ], [ 120.977762448000249, 14.602684877000058 ], [ 120.977843756000084, 14.603885368000022 ], [ 120.978212039000027, 14.604752465000104 ] ] ] } },
{ "type": "Feature", "properties": { "name": "Barangay 300" }, "geometry": { "type": "Polygon", "coordinates": [ [ [ 120.977762448000249, 14.602684877000058 ], [ 120.978712397000095, 14.602390338000134 ], [ 120.978336452, 14.601450523000096 ], [ 120.977324964000104, 14.601710085000093 ], [ 120.977379463000261, 14.602256240000031 ], [ 120.977712359000066, 14.602385690000119 ], [ 120.977762448000249, 14.602684877000058 ] ] ] } },
{ "type": "Feature", "properties": { "name": "Barangay 301" }, "geometry": { "type": "Polygon", "coordinates": [ [ [ 120.979019228000311, 14.603129871000135 ], [ 120.980280645000107, 14.602721801000143 ], [ 120.979518012000199, 14.601146209000149 ], [ 120.979152880000015, 14.60124714400007 ], [ 120.979580665000185, 14.602139726000189 ], [ 120.978712397000095, 14.602390338000134 ], [ 120.979019228000311, 14.603129871000135 ] ] ] } },
{ "type": "Feature", "properties": { "name": "Barangay 302" }, "geometry": { "type": "Polygon", "coordinates": [ [ [ 120.979580665000185, 14.602139726000189 ], [ 120.979152880000015, 14.60124714400007 ], [ 120.978336452, 14.601450523000096 ], [ 120.978712397000095, 14.602390338000134 ], [ 120.979580665000185, 14.602139726000189 ] ] ] } },
{ "type": "Feature", "properties": { "name": "Barangay 303" }, "geometry": { "type": "Polygon", "coordinates": [ [ [ 120.98052223000002, 14.601842710000142 ], [ 120.981757319000167, 14.601589779000051 ], [ 120.981306773000142, 14.598967006000066 ], [ 120.980314683000302, 14.598801157000082 ], [ 120.980619027000103, 14.59835362900003 ], [ 120.9804132820002, 14.59671965299998 ], [ 120.97996114700004, 14.596782684000118 ], [ 120.979933625000058, 14.597814312000082 ], [ 120.980204233000222, 14.598277397000118 ], [ 120.979249486000185, 14.599481397000034 ], [ 120.980252018000215, 14.599955784000144 ], [ 120.979965575000051, 14.600662880000016 ], [ 120.980395232000092, 14.60082399300012 ], [ 120.980234108000104, 14.601235719999977 ], [ 120.98052223000002, 14.601842710000142 ] ] ] } },
{ "type": "Feature", "properties": { "name": "Barangay 304" }, "geometry": { "type": "Polygon", "coordinates": [ [ [ 120.98195468300014, 14.603728178000154 ], [ 120.981757319000167, 14.601589779000051 ], [ 120.98052223000002, 14.601842710000142 ], [ 120.981059744000049, 14.603838672000052 ], [ 120.98195468300014, 14.603728178000154 ] ] ] } },
{ "type": "Feature", "properties": { "name": "Barangay 305" }, "geometry": { "type": "Polygon", "coordinates": [ [ [ 120.97950954800001, 14.604252656000028 ], [ 120.981059744000049, 14.603838672000052 ], [ 120.980234108000104, 14.601235719999977 ], [ 120.980395232000092, 14.60082399300012 ], [ 120.979965575000051, 14.600662880000016 ], [ 120.979518012000199, 14.601146209000149 ], [ 120.980280645000107, 14.602721801000143 ], [ 120.979019228000311, 14.603129871000135 ], [ 120.97950954800001, 14.604252656000028 ] ] ] } },
{ "type": "Feature", "properties": { "name": "Barangay 310" }, "geometry": { "type": "Polygon", "coordinates": [ [ [ 120.983374861000016, 14.606067973000052 ], [ 120.985535449000054, 14.605623217000186 ], [ 120.985042339000188, 14.603137329000049 ], [ 120.98195468300014, 14.603728178000154 ], [ 120.982043106000219, 14.605153863000112 ], [ 120.982842955000024, 14.605087218000165 ], [ 120.982931780000058, 14.605817045000094 ], [ 120.983303172000205, 14.605792045000157 ], [ 120.983374861000016, 14.606067973000052 ] ] ] } },
{ "type": "Feature", "properties": { "name": "Barangay 311" }, "geometry": { "type": "Polygon", "coordinates": [ [ [ 120.983582864000255, 14.607631852000054 ], [ 120.98591231100022, 14.607418721000101 ], [ 120.985535449000054, 14.605623217000186 ], [ 120.983374861000016, 14.606067973000052 ], [ 120.983582864000255, 14.607631852000054 ] ] ] } },
{ "type": "Feature", "properties": { "name": "Barangay 312" }, "geometry": { "type": "Polygon", "coordinates": [ [ [ 120.982234721000054, 14.60771153900015 ], [ 120.983582864000255, 14.607631852000054 ], [ 120.983502933000182, 14.60655523000014 ], [ 120.983303172000205, 14.605792045000157 ], [ 120.982931780000058, 14.605817045000094 ], [ 120.982842955000024, 14.605087218000165 ], [ 120.982043106000219, 14.605153863000112 ], [ 120.982234721000054, 14.60771153900015 ] ] ] } },
{ "type": "Feature", "properties": { "name": "Barangay 313" }, "geometry": { "type": "Polygon", "coordinates": [ [ [ 120.978605849000132, 14.605560921 ], [ 120.982043106000219, 14.605153863000112 ], [ 120.98195468300014, 14.603728178000154 ], [ 120.98039927100001, 14.603928736000057 ], [ 120.978212039000027, 14.604752465000104 ], [ 120.978605849000132, 14.605560921 ] ] ] } },
{ "type": "Feature", "properties": { "name": "Barangay 314" }, "geometry": { "type": "Polygon", "coordinates": [ [ [ 120.978964942000061, 14.606744372000151 ], [ 120.982143079000025, 14.606503516000089 ], [ 120.982043106000219, 14.605153863000112 ], [ 120.978514062000045, 14.60557438800015 ], [ 120.978964942000061, 14.606744372000151 ] ] ] } },
{ "type": "Feature", "properties": { "name": "Barangay 315" }, "geometry": { "type": "Polygon", "coordinates": [ [ [ 120.983209524000131, 14.609602725000116 ], [ 120.986116837000054, 14.609416925 ], [ 120.98591231100022, 14.607418721000101 ], [ 120.983059565000076, 14.607661557000085 ], [ 120.983209524000131, 14.609602725000116 ] ] ] } },
{ "type": "Feature", "properties": { "name": "Barangay 316" }, "geometry": { "type": "Polygon", "coordinates": [ [ [ 120.982376349000219, 14.60966103800007 ], [ 120.983209524000131, 14.609602725000116 ], [ 120.983059565000076, 14.607661557000085 ], [ 120.982234721000054, 14.60771153900015 ], [ 120.982376349000219, 14.60966103800007 ] ] ] } },
{ "type": "Feature", "properties": { "name": "Barangay 317" }, "geometry": { "type": "Polygon", "coordinates": [ [ [ 120.984375739000029, 14.611919293000142 ], [ 120.98627955500001, 14.611783340000159 ], [ 120.986218682000072, 14.610694626000168 ], [ 120.98429246, 14.610831074999965 ], [ 120.984375739000029, 14.611919293000142 ] ] ] } },
{ "type": "Feature", "properties": { "name": "Barangay 318" }, "geometry": { "type": "Polygon", "coordinates": [ [ [ 120.98429246, 14.610831074999965 ], [ 120.985111265000114, 14.61077916500011 ], [ 120.985014308000018, 14.609490136000147 ], [ 120.984188963000065, 14.609542463000139 ], [ 120.98429246, 14.610831074999965 ] ] ] } },
{ "type": "Feature", "properties": { "name": "Barangay 319" }, "geometry": { "type": "Polygon", "coordinates": [ [ [ 120.985111265000114, 14.61077916500011 ], [ 120.986218682000072, 14.610694626000168 ], [ 120.986116837000054, 14.609416925 ], [ 120.985014308000018, 14.609490136000147 ], [ 120.985111265000114, 14.61077916500011 ] ] ] } },
{ "type": "Feature", "properties": { "name": "Barangay 320" }, "geometry": { "type": "Polygon", "coordinates": [ [ [ 120.982560445000104, 14.612076716000104 ], [ 120.984375739000029, 14.611919293000142 ], [ 120.98429246, 14.610831074999965 ], [ 120.982467990000032, 14.610960704000149 ], [ 120.982560445000104, 14.612076716000104 ] ] ] } },
{ "type": "Feature", "properties": { "name": "Barangay 321" }, "geometry": { "type": "Polygon", "coordinates": [ [ [ 120.982467990000032, 14.610960704000149 ], [ 120.98330949800004, 14.610894059000032 ], [ 120.983209524000131, 14.609602725000116 ], [ 120.982376349000219, 14.60966103800007 ], [ 120.982467990000032, 14.610960704000149 ] ] ] } },
{ "type": "Feature", "properties": { "name": "Barangay 322" }, "geometry": { "type": "Polygon", "coordinates": [ [ [ 120.98330949800004, 14.610894059000032 ], [ 120.98429246, 14.610831074999965 ], [ 120.984188963000065, 14.609542463000139 ], [ 120.983209524000131, 14.609602725000116 ], [ 120.98330949800004, 14.610894059000032 ] ] ] } },
{ "type": "Feature", "properties": { "name": "Barangay 323" }, "geometry": { "type": "Polygon", "coordinates": [ [ [ 120.984467228000085, 14.612966332000155 ], [ 120.986376078000262, 14.612814867000168 ], [ 120.98627955500001, 14.611783340000159 ], [ 120.984375739000029, 14.611919293000142 ], [ 120.984467228000085, 14.612966332000155 ] ] ] } },
{ "type": "Feature", "properties": { "name": "Barangay 324" }, "geometry": { "type": "Polygon", "coordinates": [ [ [ 120.983467788000326, 14.613026845000093 ], [ 120.984467228000085, 14.612966332000155 ], [ 120.984375739000029, 14.611919293000142 ], [ 120.983359746000133, 14.612024130000179 ], [ 120.983467788000326, 14.613026845000093 ] ] ] } },
{ "type": "Feature", "properties": { "name": "Barangay 325" }, "geometry": { "type": "Polygon", "coordinates": [ [ [ 120.98262628100008, 14.613076827000157 ], [ 120.983467788000326, 14.613026845000093 ], [ 120.983359746000133, 14.612024130000179 ], [ 120.982560445000104, 14.612076716000104 ], [ 120.98262628100008, 14.613076827000157 ] ] ] } },
{ "type": "Feature", "properties": { "name": "Barangay 326" }, "geometry": { "type": "Polygon", "coordinates": [ [ [ 120.981408402000284, 14.611028285000145 ], [ 120.98129547800022, 14.609753881000188 ], [ 120.980455089000202, 14.609809379000183 ], [ 120.980524482000192, 14.610945417000039 ], [ 120.981408402000284, 14.611028285000145 ] ] ] } },
{ "type": "Feature", "properties": { "name": "Barangay 327" }, "geometry": { "type": "Polygon", "coordinates": [ [ [ 120.979504655000028, 14.613104212000053 ], [ 120.981241609000108, 14.613146350000136 ], [ 120.981189716000131, 14.61218889800017 ], [ 120.981508734000045, 14.612157347000107 ], [ 120.981408402000284, 14.611028285000145 ], [ 120.980524482000192, 14.610945417000039 ], [ 120.979962512000043, 14.612863955000137 ], [ 120.979504655000028, 14.613104212000053 ] ] ] } },
{ "type": "Feature", "properties": { "name": "Barangay 328" }, "geometry": { "type": "Polygon", "coordinates": [ [ [ 120.980455089000202, 14.609809379000183 ], [ 120.98129547800022, 14.609753881000188 ], [ 120.981217987000036, 14.608774207000124 ], [ 120.980097126000146, 14.608848706000174 ], [ 120.980455089000202, 14.609809379000183 ] ] ] } },
{ "type": "Feature", "properties": { "name": "Barangay 329" }, "geometry": { "type": "Polygon", "coordinates": [ [ [ 120.9805706530002, 14.608809251000025 ], [ 120.981217987000036, 14.608774207000124 ], [ 120.981048724000061, 14.606578700000114 ], [ 120.980429696000101, 14.606630899999971 ], [ 120.9805706530002, 14.608809251000025 ] ] ] } },
{ "type": "Feature", "properties": { "name": "Barangay 330" }, "geometry": { "type": "Polygon", "coordinates": [ [ [ 120.980155094000111, 14.608837734000133 ], [ 120.9805706530002, 14.608809251000025 ], [ 120.980429696000101, 14.606630899999971 ], [ 120.978964942000061, 14.606744372000151 ], [ 120.980155094000111, 14.608837734000133 ] ] ] } },
{ "type": "Feature", "properties": { "name": "Barangay 331" }, "geometry": { "type": "Polygon", "coordinates": [ [ [ 120.982751982000082, 14.616786232000038 ], [ 120.98262628100008, 14.613076827000157 ], [ 120.979561109000088, 14.613239290000024 ], [ 120.979757013000039, 14.61371197700015 ], [ 120.979284355000118, 14.614154734000067 ], [ 120.979400514000076, 14.615240403000143 ], [ 120.978771582000036, 14.616567520000046 ], [ 120.980894779000209, 14.616552619000174 ], [ 120.982751982000082, 14.616786232000038 ] ] ] } },
{ "type": "Feature", "properties": { "name": "Barangay 332" }, "geometry": { "type": "Polygon", "coordinates": [ [ [ 120.98129547800022, 14.609753881000188 ], [ 120.982376349000219, 14.60966103800007 ], [ 120.982304528000213, 14.608711707000111 ], [ 120.981217987000036, 14.608774207000124 ], [ 120.98129547800022, 14.609753881000188 ] ] ] } },
{ "type": "Feature", "properties": { "name": "Barangay 333" }, "geometry": { "type": "Polygon", "coordinates": [ [ [ 120.982467990000032, 14.610960704000149 ], [ 120.982376349000219, 14.60966103800007 ], [ 120.98129547800022, 14.609753881000188 ], [ 120.981408402000284, 14.611028285000145 ], [ 120.982467990000032, 14.610960704000149 ] ] ] } },
{ "type": "Feature", "properties": { "name": "Barangay 334" }, "geometry": { "type": "Polygon", "coordinates": [ [ [ 120.981241609000108, 14.613146350000136 ], [ 120.98262628100008, 14.613076827000157 ], [ 120.982467990000032, 14.610960704000149 ], [ 120.981408402000284, 14.611028285000145 ], [ 120.981508734000045, 14.612157347000107 ], [ 120.981189716000131, 14.61218889800017 ], [ 120.981241609000108, 14.613146350000136 ] ] ] } },
{ "type": "Feature", "properties": { "name": "Barangay 335" }, "geometry": { "type": "Polygon", "coordinates": [ [ [ 120.981217987000036, 14.608774207000124 ], [ 120.982304528000213, 14.608711707000111 ], [ 120.982143079000025, 14.606503516000089 ], [ 120.981048724000061, 14.606578700000114 ], [ 120.981217987000036, 14.608774207000124 ] ] ] } },
{ "type": "Feature", "properties": { "name": "Barangay 336" }, "geometry": { "type": "Polygon", "coordinates": [ [ [ 120.984671856000091, 14.615441875000101 ], [ 120.982717915000194, 14.615576184000076 ], [ 120.982751982000082, 14.616786232000038 ], [ 120.984744754000076, 14.61699715300017 ], [ 120.984671856000091, 14.615441875000101 ] ] ] } },
{ "type": "Feature", "properties": { "name": "Barangay 337" }, "geometry": { "type": "Polygon", "coordinates": [ [ [ 120.982717915000194, 14.615576184000076 ], [ 120.984671856000091, 14.615441875000101 ], [ 120.98456683500001, 14.614194462000171 ], [ 120.98267626400002, 14.614318174000118 ], [ 120.982717915000194, 14.615576184000076 ] ] ] } },
{ "type": "Feature", "properties": { "name": "Barangay 338" }, "geometry": { "type": "Polygon", "coordinates": [ [ [ 120.984671856000091, 14.615441875000101 ], [ 120.98659828600023, 14.615305456999977 ], [ 120.986487182000019, 14.61407405000017 ], [ 120.98456683500001, 14.614194462000171 ], [ 120.984671856000091, 14.615441875000101 ] ] ] } },
{ "type": "Feature", "properties": { "name": "Barangay 339" }, "geometry": { "type": "Polygon", "coordinates": [ [ [ 120.98267626400002, 14.614318174000118 ], [ 120.98456683500001, 14.614194462000171 ], [ 120.984467228000085, 14.612966332000155 ], [ 120.98262628100008, 14.613076827000157 ], [ 120.98267626400002, 14.614318174000118 ] ] ] } },
{ "type": "Feature", "properties": { "name": "Barangay 340" }, "geometry": { "type": "Polygon", "coordinates": [ [ [ 120.98456683500001, 14.614194462000171 ], [ 120.986487182000019, 14.61407405000017 ], [ 120.986376078000262, 14.612814867000168 ], [ 120.984467228000085, 14.612966332000155 ], [ 120.98456683500001, 14.614194462000171 ] ] ] } },
{ "type": "Feature", "properties": { "name": "Barangay 341" }, "geometry": { "type": "Polygon", "coordinates": [ [ [ 120.985756305000109, 14.617057520000117 ], [ 120.986669426000049, 14.616020176000063 ], [ 120.98659828600023, 14.615305456999977 ], [ 120.984671856000091, 14.615441875000101 ], [ 120.984744754000076, 14.61699715300017 ], [ 120.985756305000109, 14.617057520000117 ] ] ] } },
{ "type": "Feature", "properties": { "name": "Barangay 342" }, "geometry": { "type": "Polygon", "coordinates": [ [ [ 120.986669426000049, 14.616020176000063 ], [ 120.988695080000298, 14.613944582000101 ], [ 120.986273766000181, 14.611721875000114 ], [ 120.986669426000049, 14.616020176000063 ] ] ] } },
{ "type": "Feature", "properties": { "name": "Barangay 343" }, "geometry": { "type": "Polygon", "coordinates": [ [ [ 120.987273085000197, 14.616611124000087 ], [ 120.988864539000019, 14.61657638700018 ], [ 120.988695080000298, 14.613944582000101 ], [ 120.986669426000049, 14.616020176000063 ], [ 120.987273085000197, 14.616611124000087 ] ] ] } },
{ "type": "Feature", "properties": { "name": "Barangay 344" }, "geometry": { "type": "Polygon", "coordinates": [ [ [ 120.982791500000189, 14.618090480000149 ], [ 120.984954727000172, 14.61805866900005 ], [ 120.985756305000109, 14.617057520000117 ], [ 120.982751982000082, 14.616786232000038 ], [ 120.982791500000189, 14.618090480000149 ] ] ] } },
{ "type": "Feature", "properties": { "name": "Barangay 345" }, "geometry": { "type": "Polygon", "coordinates": [ [ [ 120.982846820000077, 14.620556692999969 ], [ 120.984843512000111, 14.620496522000053 ], [ 120.984815296000079, 14.619268921000184 ], [ 120.982823112000119, 14.619339395000168 ], [ 120.982846820000077, 14.620556692999969 ] ] ] } },
{ "type": "Feature", "properties": { "name": "Barangay 346" }, "geometry": { "type": "Polygon", "coordinates": [ [ [ 120.982823112000119, 14.619339395000168 ], [ 120.984815296000079, 14.619268921000184 ], [ 120.984787080000046, 14.618281196000112 ], [ 120.984954727000172, 14.61805866900005 ], [ 120.982791500000189, 14.618090480000149 ], [ 120.982823112000119, 14.619339395000168 ] ] ] } },
{ "type": "Feature", "properties": { "name": "Barangay 347" }, "geometry": { "type": "Polygon", "coordinates": [ [ [ 120.982883932000163, 14.621804773000065 ], [ 120.984885838000082, 14.621780565000165 ], [ 120.984843512000111, 14.620496522000053 ], [ 120.982846820000077, 14.620556692999969 ], [ 120.982883932000163, 14.621804773000065 ] ] ] } },
{ "type": "Feature", "properties": { "name": "Barangay 348" }, "geometry": { "type": "Polygon", "coordinates": [ [ [ 120.98292382000011, 14.622826199000031 ], [ 120.984935263000011, 14.622638239000082 ], [ 120.984885838000082, 14.621780565000165 ], [ 120.982883932000163, 14.621804773000065 ], [ 120.98292382000011, 14.622826199000031 ] ] ] } },
{ "type": "Feature", "properties": { "name": "Barangay 349" }, "geometry": { "type": "Polygon", "coordinates": [ [ [ 120.984935263000011, 14.622638239000082 ], [ 120.98655173800023, 14.622499504000075 ], [ 120.986540639000168, 14.622346131000086 ], [ 120.987345407000134, 14.621913467000184 ], [ 120.986894581000115, 14.622126140000091 ], [ 120.984885838000082, 14.621780565000165 ], [ 120.984935263000011, 14.622638239000082 ] ] ] } },
{ "type": "Feature", "properties": { "name": "Barangay 350" }, "geometry": { "type": "Polygon", "coordinates": [ [ [ 120.987345407000134, 14.621913467000184 ], [ 120.987877192000155, 14.617156695000062 ], [ 120.985806330000059, 14.616992857000184 ], [ 120.984787080000046, 14.618281196000112 ], [ 120.984885838000082, 14.621780565000165 ], [ 120.986894581000115, 14.622126140000091 ], [ 120.987345407000134, 14.621913467000184 ] ] ] } },
{ "type": "Feature", "properties": { "name": "Barangay 351" }, "geometry": { "type": "Polygon", "coordinates": [ [ [ 120.987397454000075, 14.622006408000118 ], [ 120.989007545000163, 14.620498245000135 ], [ 120.988928972000281, 14.618224685000143 ], [ 120.987753907000183, 14.618258308000179 ], [ 120.987397454000075, 14.622006408000118 ] ] ] } },
{ "type": "Feature", "properties": { "name": "Barangay 352" }, "geometry": { "type": "Polygon", "coordinates": [ [ [ 120.987753907000183, 14.618258308000179 ], [ 120.988928972000281, 14.618224685000143 ], [ 120.988864539000019, 14.61657638700018 ], [ 120.987273085000197, 14.616611124000087 ], [ 120.986669426000049, 14.616020176000063 ], [ 120.985806330000059, 14.616992857000184 ], [ 120.987877192000155, 14.617156695000062 ], [ 120.987753907000183, 14.618258308000179 ] ] ] } },
{ "type": "Feature", "properties": { "name": "Barangay 353" }, "geometry": { "type": "Polygon", "coordinates": [ [ [ 120.980016417000115, 14.618143665000161 ], [ 120.982791500000189, 14.618090480000149 ], [ 120.982751982000082, 14.616786232000038 ], [ 120.979993544000081, 14.616552364000029 ], [ 120.980016417000115, 14.618143665000161 ] ] ] } },
{ "type": "Feature", "properties": { "name": "Barangay 354" }, "geometry": { "type": "Polygon", "coordinates": [ [ [ 120.980041573000108, 14.619396912000013 ], [ 120.982823112000119, 14.619339395000168 ], [ 120.982791500000189, 14.618090480000149 ], [ 120.980016417000115, 14.618143665000161 ], [ 120.980041573000108, 14.619396912000013 ] ] ] } },
{ "type": "Feature", "properties": { "name": "Barangay 355" }, "geometry": { "type": "Polygon", "coordinates": [ [ [ 120.978875057000209, 14.619426703000101 ], [ 120.980041573000108, 14.619396912000013 ], [ 120.979993544000081, 14.616552364000029 ], [ 120.978771582000036, 14.616567520000046 ], [ 120.978591115000199, 14.61758095600004 ], [ 120.978875057000209, 14.619426703000101 ] ] ] } },
{ "type": "Feature", "properties": { "name": "Barangay 356" }, "geometry": { "type": "Polygon", "coordinates": [ [ [ 120.981060358000263, 14.622866944000066 ], [ 120.982926148000274, 14.622684536000122 ], [ 120.982883932000163, 14.621804773000065 ], [ 120.981046606000064, 14.621856837999985 ], [ 120.981060358000263, 14.622866944000066 ] ] ] } },
{ "type": "Feature", "properties": { "name": "Barangay 357" }, "geometry": { "type": "Polygon", "coordinates": [ [ [ 120.981488957000124, 14.621845200000109 ], [ 120.982883932000163, 14.621804773000065 ], [ 120.982846820000077, 14.620556692999969 ], [ 120.981482472000039, 14.620585525000081 ], [ 120.981488957000124, 14.621845200000109 ] ] ] } },
{ "type": "Feature", "properties": { "name": "Barangay 358" }, "geometry": { "type": "Polygon", "coordinates": [ [ [ 120.981482472000039, 14.620585525000081 ], [ 120.982846820000077, 14.620556692999969 ], [ 120.982823112000119, 14.619339395000168 ], [ 120.981435640000086, 14.619360579000158 ], [ 120.981482472000039, 14.620585525000081 ] ] ] } },
{ "type": "Feature", "properties": { "name": "Barangay 359" }, "geometry": { "type": "Polygon", "coordinates": [ [ [ 120.979610927000181, 14.62300282700005 ], [ 120.981060358000263, 14.622866944000066 ], [ 120.981046606000064, 14.621856837999985 ], [ 120.979465197000195, 14.621954469000173 ], [ 120.979610927000181, 14.62300282700005 ] ] ] } },
{ "type": "Feature", "properties": { "name": "Barangay 360" }, "geometry": { "type": "Polygon", "coordinates": [ [ [ 120.979535730000066, 14.621944979000091 ], [ 120.981488957000124, 14.621845200000109 ], [ 120.981482472000039, 14.620585525000081 ], [ 120.979126734000147, 14.620757293000054 ], [ 120.979535730000066, 14.621944979000091 ] ] ] } },
{ "type": "Feature", "properties": { "name": "Barangay 361" }, "geometry": { "type": "Polygon", "coordinates": [ [ [ 120.980103272000179, 14.620653621000031 ], [ 120.981482472000039, 14.620585525000081 ], [ 120.981435640000086, 14.619360579000158 ], [ 120.980041573000108, 14.619396912000013 ], [ 120.980103272000179, 14.620653621000031 ] ] ] } },
{ "type": "Feature", "properties": { "name": "Barangay 362" }, "geometry": { "type": "Polygon", "coordinates": [ [ [ 120.979230986000061, 14.620745687000181 ], [ 120.980103272000179, 14.620653621000031 ], [ 120.980041573000108, 14.619396912000013 ], [ 120.978807859000199, 14.619435256000031 ], [ 120.979230986000061, 14.620745687000181 ] ] ] } },
{ "type": "Feature", "properties": { "name": "Barangay 363" }, "geometry": { "type": "Polygon", "coordinates": [ [ [ 120.982949564000137, 14.624224394000123 ], [ 120.984955481000043, 14.624178332000042 ], [ 120.985767658000213, 14.624131096000042 ], [ 120.98292382000011, 14.622826199000031 ], [ 120.982949564000137, 14.624224394000123 ] ] ] } },
{ "type": "Feature", "properties": { "name": "Barangay 364" }, "geometry": { "type": "Polygon", "coordinates": [ [ [ 120.985355240000217, 14.623927975000015 ], [ 120.986569110000119, 14.624110366000139 ], [ 120.98655173800023, 14.622499504000075 ], [ 120.985316834000059, 14.622603555000069 ], [ 120.985355240000217, 14.623927975000015 ] ] ] } },
{ "type": "Feature", "properties": { "name": "Barangay 365" }, "geometry": { "type": "Polygon", "coordinates": [ [ [ 120.985355240000217, 14.623927975000015 ], [ 120.985316834000059, 14.622603555000069 ], [ 120.98292382000011, 14.622826199000031 ], [ 120.985355240000217, 14.623927975000015 ] ] ] } },
{ "type": "Feature", "properties": { "name": "Barangay 366" }, "geometry": { "type": "Polygon", "coordinates": [ [ [ 120.982995008000103, 14.625443541000038 ], [ 120.984509733000095, 14.625415380999982 ], [ 120.984486884000148, 14.624189484999988 ], [ 120.982949564000137, 14.624224394000123 ], [ 120.982995008000103, 14.625443541000038 ] ] ] } },
{ "type": "Feature", "properties": { "name": "Barangay 367" }, "geometry": { "type": "Polygon", "coordinates": [ [ [ 120.984509733000095, 14.625415380999982 ], [ 120.98661995100008, 14.625364548000164 ], [ 120.986569110000119, 14.624110366000139 ], [ 120.984486884000148, 14.624189484999988 ], [ 120.984509733000095, 14.625415380999982 ] ] ] } },
{ "type": "Feature", "properties": { "name": "Barangay 368" }, "geometry": { "type": "Polygon", "coordinates": [ [ [ 120.987365747000013, 14.622618912000178 ], [ 120.989075753000066, 14.622585792999985 ], [ 120.989007545000163, 14.620498245000135 ], [ 120.987341431000118, 14.622032742000158 ], [ 120.987365747000013, 14.622618912000178 ] ] ] } },
{ "type": "Feature", "properties": { "name": "Barangay 369" }, "geometry": { "type": "Polygon", "coordinates": [ [ [ 120.986569110000119, 14.624110366000139 ], [ 120.987624188000154, 14.624082355000041 ], [ 120.98758550100024, 14.622625129000085 ], [ 120.987365747000013, 14.622618912000178 ], [ 120.987341431000118, 14.622032742000158 ], [ 120.986540639000168, 14.622346131000086 ], [ 120.986569110000119, 14.624110366000139 ] ] ] } },
{ "type": "Feature", "properties": { "name": "Barangay 370" }, "geometry": { "type": "Polygon", "coordinates": [ [ [ 120.98661995100008, 14.625364548000164 ], [ 120.987221660000046, 14.62534760300008 ], [ 120.988670853000031, 14.624042585000097 ], [ 120.986569110000119, 14.624110366000139 ], [ 120.98661995100008, 14.625364548000164 ] ] ] } },
{ "type": "Feature", "properties": { "name": "Barangay 371" }, "geometry": { "type": "Polygon", "coordinates": [ [ [ 120.987624188000154, 14.624082355000041 ], [ 120.988670853000031, 14.624042585000097 ], [ 120.989112449000118, 14.62366842400013 ], [ 120.989075753000066, 14.622585792999985 ], [ 120.98758550100024, 14.622625129000085 ], [ 120.987624188000154, 14.624082355000041 ] ] ] } },
{ "type": "Feature", "properties": { "name": "Barangay 372" }, "geometry": { "type": "Polygon", "coordinates": [ [ [ 120.988283730000035, 14.63749358300015 ], [ 120.993059300000255, 14.635932792000062 ], [ 120.989838436000014, 14.626014646000101 ], [ 120.989220887000215, 14.626026885000158 ], [ 120.989112449000118, 14.62366842400013 ], [ 120.987405017000015, 14.625165161000098 ], [ 120.988833090000185, 14.625971487000186 ], [ 120.98829794300002, 14.627372943000125 ], [ 120.986755518000223, 14.630044934000182 ], [ 120.987368026000127, 14.634512472000154 ], [ 120.988283730000035, 14.63749358300015 ] ] ] } },
{ "type": "Feature", "properties": { "name": "Barangay 373" }, "geometry": { "type": "Polygon", "coordinates": [ [ [ 120.983397173000071, 14.631245695000132 ], [ 120.984236001000227, 14.630144283000106 ], [ 120.98311473800004, 14.629671563999977 ], [ 120.982652968000025, 14.629270080000026 ], [ 120.982417456000121, 14.629530684000088 ], [ 120.982617300000129, 14.629699181999968 ], [ 120.983033459000012, 14.631067002000179 ], [ 120.983397173000071, 14.631245695000132 ] ] ] } },
{ "type": "Feature", "properties": { "name": "Barangay 374" }, "geometry": { "type": "Polygon", "coordinates": [ [ [ 120.98298015100022, 14.63161554300018 ], [ 120.98325297800011, 14.631547337000029 ], [ 120.983397173000071, 14.631245695000132 ], [ 120.983033459000012, 14.631067002000179 ], [ 120.982617300000129, 14.629699181999968 ], [ 120.982417456000121, 14.629530684000088 ], [ 120.981065312000169, 14.630995330000133 ], [ 120.98298015100022, 14.63161554300018 ] ] ] } },
{ "type": "Feature", "properties": { "name": "Barangay 375" }, "geometry": { "type": "Polygon", "coordinates": [ [ [ 120.984239221000166, 14.63014031300014 ], [ 120.984596553000074, 14.629640711000036 ], [ 120.983817395000074, 14.629196825000065 ], [ 120.983818551000127, 14.628249185000186 ], [ 120.982652968000025, 14.629270080000026 ], [ 120.98311473800004, 14.629671563999977 ], [ 120.984239221000166, 14.63014031300014 ] ] ] } },
{ "type": "Feature", "properties": { "name": "Barangay 376" }, "geometry": { "type": "Polygon", "coordinates": [ [ [ 120.985820210000156, 14.627882927000087 ], [ 120.986764015000176, 14.626508566000155 ], [ 120.98829794300002, 14.627372943000125 ], [ 120.988833090000185, 14.625971487000186 ], [ 120.987405017000015, 14.625165161000098 ], [ 120.985833722000166, 14.626530937000098 ], [ 120.985820210000156, 14.627882927000087 ] ] ] } },
{ "type": "Feature", "properties": { "name": "Barangay 377" }, "geometry": { "type": "Polygon", "coordinates": [ [ [ 120.985820210000156, 14.627882927000087 ], [ 120.985833722000166, 14.626530937000098 ], [ 120.985043103000066, 14.627218378000066 ], [ 120.985096360000057, 14.629121794000184 ], [ 120.985820210000156, 14.627882927000087 ] ] ] } },
{ "type": "Feature", "properties": { "name": "Barangay 378" }, "geometry": { "type": "Polygon", "coordinates": [ [ [ 120.984596553000074, 14.629640711000036 ], [ 120.985096360000057, 14.629121794000184 ], [ 120.985043103000066, 14.627218378000066 ], [ 120.983818551000127, 14.628249185000186 ], [ 120.983817395000074, 14.629196825000065 ], [ 120.984596553000074, 14.629640711000036 ] ] ] } },
{ "type": "Feature", "properties": { "name": "Barangay 379" }, "geometry": { "type": "Polygon", "coordinates": [ [ [ 120.985833722000166, 14.626530937000098 ], [ 120.986632935000102, 14.625826309999979 ], [ 120.987221660000046, 14.62534760300008 ], [ 120.985814848000018, 14.625381492000145 ], [ 120.985833722000166, 14.626530937000098 ] ] ] } },
{ "type": "Feature", "properties": { "name": "Barangay 380" }, "geometry": { "type": "Polygon", "coordinates": [ [ [ 120.985043103000066, 14.627218378000066 ], [ 120.985833722000166, 14.626530937000098 ], [ 120.985814848000018, 14.625381492000145 ], [ 120.984984321000184, 14.625406910000095 ], [ 120.985043103000066, 14.627218378000066 ] ] ] } },
{ "type": "Feature", "properties": { "name": "Barangay 381" }, "geometry": { "type": "Polygon", "coordinates": [ [ [ 120.983028599000136, 14.626706416000161 ], [ 120.985016601000098, 14.626649708000059 ], [ 120.984984321000184, 14.625406910000095 ], [ 120.982995008000103, 14.625443541000038 ], [ 120.983028599000136, 14.626706416000161 ] ] ] } },
{ "type": "Feature", "properties": { "name": "Barangay 382" }, "geometry": { "type": "Polygon", "coordinates": [ [ [ 120.982764411000176, 14.629141542000013 ], [ 120.985043103000066, 14.627218378000066 ], [ 120.985016601000098, 14.626649708000059 ], [ 120.983028599000136, 14.626706416000161 ], [ 120.983058340000071, 14.628311749000034 ], [ 120.982764411000176, 14.629141542000013 ] ] ] } },
{ "type": "Feature", "properties": { "name": "Barangay 395" }, "geometry": { "type": "Polygon", "coordinates": [ [ [ 120.987942926000073, 14.60516850200014 ], [ 120.98773922700002, 14.604214855 ], [ 120.98883965400023, 14.603030053000055 ], [ 120.98811546200011, 14.601659328000039 ], [ 120.985042339000188, 14.603137329000049 ], [ 120.985292337000033, 14.604472363000184 ], [ 120.985527880000063, 14.604736047000131 ], [ 120.987942926000073, 14.60516850200014 ] ] ] } },
{ "type": "Feature", "properties": { "name": "Barangay 396" }, "geometry": { "type": "Polygon", "coordinates": [ [ [ 120.990048817000115, 14.60502479600018 ], [ 120.98944775300015, 14.604525347000106 ], [ 120.989461460000143, 14.604159313000025 ], [ 120.98883965400023, 14.603030053000055 ], [ 120.98773922700002, 14.604214855 ], [ 120.987898512000129, 14.605219468000087 ], [ 120.988929440000106, 14.606139142000188 ], [ 120.990048817000115, 14.60502479600018 ] ] ] } },
{ "type": "Feature", "properties": { "name": "Barangay 397" }, "geometry": { "type": "Polygon", "coordinates": [ [ [ 120.991657299000167, 14.60649774500007 ], [ 120.990048817000115, 14.60502479600018 ], [ 120.988929440000106, 14.606139142000188 ], [ 120.990566299000307, 14.607617920000109 ], [ 120.991657299000167, 14.60649774500007 ] ] ] } },
{ "type": "Feature", "properties": { "name": "Barangay 398" }, "geometry": { "type": "Polygon", "coordinates": [ [ [ 120.991657299000167, 14.60649774500007 ], [ 120.992181711000057, 14.605963467000095 ], [ 120.992302476000191, 14.60494449700019 ], [ 120.991727893000188, 14.605119287000093 ], [ 120.99133237, 14.604782517999979 ], [ 120.990582156000073, 14.605507314000135 ], [ 120.991657299000167, 14.60649774500007 ] ] ] } },
{ "type": "Feature", "properties": { "name": "Barangay 399" }, "geometry": { "type": "Polygon", "coordinates": [ [ [ 120.990582156000073, 14.605507314000135 ], [ 120.991255513000169, 14.604830058 ], [ 120.991229235000105, 14.60436264000009 ], [ 120.989461460000143, 14.604159313000025 ], [ 120.98944775300015, 14.604525347000106 ], [ 120.990582156000073, 14.605507314000135 ] ] ] } },
{ "type": "Feature", "properties": { "name": "Barangay 400" }, "geometry": { "type": "Polygon", "coordinates": [ [ [ 120.991229235000105, 14.60436264000009 ], [ 120.99132681000026, 14.603001671000186 ], [ 120.990379689000179, 14.602749116000155 ], [ 120.98983183200005, 14.604279678000125 ], [ 120.991229235000105, 14.60436264000009 ] ] ] } },
{ "type": "Feature", "properties": { "name": "Barangay 401" }, "geometry": { "type": "Polygon", "coordinates": [ [ [ 120.991727893000188, 14.605119287000093 ], [ 120.992370037000342, 14.604637407000155 ], [ 120.99316247500019, 14.604551071000117 ], [ 120.993130849000067, 14.603299328000048 ], [ 120.99132681000026, 14.603001671000186 ], [ 120.991255513000169, 14.604830058 ], [ 120.991727893000188, 14.605119287000093 ] ] ] } },
{ "type": "Feature", "properties": { "name": "Barangay 402" }, "geometry": { "type": "Polygon", "coordinates": [ [ [ 120.993130849000067, 14.603299328000048 ], [ 120.992643313000031, 14.601467412000147 ], [ 120.99194586100009, 14.60109200200003 ], [ 120.991639181000096, 14.60163729400017 ], [ 120.991412113000138, 14.603021780000176 ], [ 120.993130849000067, 14.603299328000048 ] ] ] } },
{ "type": "Feature", "properties": { "name": "Barangay 403" }, "geometry": { "type": "Polygon", "coordinates": [ [ [ 120.991426473000047, 14.602935535000029 ], [ 120.991639181000096, 14.60163729400017 ], [ 120.99194586100009, 14.60109200200003 ], [ 120.991229665000105, 14.600594922000084 ], [ 120.990379689000179, 14.602749116000155 ], [ 120.991426473000047, 14.602935535000029 ] ] ] } },
{ "type": "Feature", "properties": { "name": "Barangay 404" }, "geometry": { "type": "Polygon", "coordinates": [ [ [ 120.98983183200005, 14.604279678000125 ], [ 120.991229665000105, 14.600594922000084 ], [ 120.990954570000213, 14.600325399000099 ], [ 120.98811546200011, 14.601659328000039 ], [ 120.989461460000143, 14.604159313000025 ], [ 120.98983183200005, 14.604279678000125 ] ] ] } },
{ "type": "Feature", "properties": { "name": "Barangay 405" }, "geometry": { "type": "Polygon", "coordinates": [ [ [ 120.994373451000229, 14.605002663 ], [ 120.993681075000154, 14.604363644000159 ], [ 120.993147286000067, 14.603865085000052 ], [ 120.993214999000088, 14.605930587000046 ], [ 120.993350593000287, 14.606048662000148 ], [ 120.994373451000229, 14.605002663 ] ] ] } },
{ "type": "Feature", "properties": { "name": "Barangay 406" }, "geometry": { "type": "Polygon", "coordinates": [ [ [ 120.994774522000057, 14.605377886000042 ], [ 120.994373451000229, 14.605002663 ], [ 120.993350593000287, 14.606048662000148 ], [ 120.99376686200003, 14.606418360000191 ], [ 120.994774522000057, 14.605377886000042 ] ] ] } },
{ "type": "Feature", "properties": { "name": "Barangay 407" }, "geometry": { "type": "Polygon", "coordinates": [ [ [ 120.994224564000092, 14.604865862000167 ], [ 120.995954686000232, 14.60300402300004 ], [ 120.994727429000022, 14.602785220000101 ], [ 120.994159149000097, 14.603885608000041 ], [ 120.993130849000067, 14.603299328000048 ], [ 120.993147286000067, 14.603865085000052 ], [ 120.994224564000092, 14.604865862000167 ] ] ] } },
{ "type": "Feature", "properties": { "name": "Barangay 408" }, "geometry": { "type": "Polygon", "coordinates": [ [ [ 120.994774522000057, 14.605377886000042 ], [ 120.996387142000117, 14.603669150000087 ], [ 120.996729912000205, 14.603308368000057 ], [ 120.995954686000232, 14.60300402300004 ], [ 120.994224564000092, 14.604865862000167 ], [ 120.994774522000057, 14.605377886000042 ] ] ] } },
{ "type": "Feature", "properties": { "name": "Barangay 409" }, "geometry": { "type": "Polygon", "coordinates": [ [ [ 120.998395193000079, 14.603009925000151 ], [ 120.998689052000145, 14.602433150000138 ], [ 120.998193835000279, 14.601994580000053 ], [ 120.998335374000021, 14.601624151000067 ], [ 120.995988837000141, 14.601061956000024 ], [ 120.99601640700007, 14.601978079000048 ], [ 120.997687147000079, 14.602462990000106 ], [ 120.998395193000079, 14.603009925000151 ] ] ] } },
{ "type": "Feature", "properties": { "name": "Barangay 410" }, "geometry": { "type": "Polygon", "coordinates": [ [ [ 120.998335374000021, 14.601624151000067 ], [ 120.998725128000274, 14.600511801000039 ], [ 120.998144128000035, 14.600359543000081 ], [ 120.998045008000304, 14.600014983000165 ], [ 120.995832488000019, 14.599765497000135 ], [ 120.995619859000158, 14.600082688000157 ], [ 120.995988837000141, 14.601061956000024 ], [ 120.998335374000021, 14.601624151000067 ] ] ] } },
{ "type": "Feature", "properties": { "name": "Barangay 411" }, "geometry": { "type": "Polygon", "coordinates": [ [ [ 120.998395193000079, 14.603009925000151 ], [ 120.997687147000079, 14.602462990000106 ], [ 120.99601640700007, 14.601978079000048 ], [ 120.9958008320001, 14.602965618000155 ], [ 120.997953787000142, 14.603872013000057 ], [ 120.998395193000079, 14.603009925000151 ] ] ] } },
{ "type": "Feature", "properties": { "name": "Barangay 412" }, "geometry": { "type": "Polygon", "coordinates": [ [ [ 120.995988837000141, 14.601061956000024 ], [ 120.995619859000158, 14.600082688000157 ], [ 120.995393872000022, 14.600195682000106 ], [ 120.994245858000227, 14.599983254000108 ], [ 120.993595913000036, 14.600688030000128 ], [ 120.993321854000101, 14.600721588000113 ], [ 120.993654031, 14.601693842000088 ], [ 120.995988837000141, 14.601061956000024 ] ] ] } },
{ "type": "Feature", "properties": { "name": "Barangay 413" }, "geometry": { "type": "Polygon", "coordinates": [ [ [ 120.99601640700007, 14.601978079000048 ], [ 120.995988837000141, 14.601061956000024 ], [ 120.993654031, 14.601693842000088 ], [ 120.993620202000102, 14.601861520000057 ], [ 120.99601640700007, 14.601978079000048 ] ] ] } },
{ "type": "Feature", "properties": { "name": "Barangay 414" }, "geometry": { "type": "Polygon", "coordinates": [ [ [ 120.9958008320001, 14.602965618000155 ], [ 120.995999282000184, 14.602090718000056 ], [ 120.993620202000102, 14.601861520000057 ], [ 120.993563827000344, 14.60200050800006 ], [ 120.994456826000032, 14.602280120999978 ], [ 120.994727429000022, 14.602785220000101 ], [ 120.9958008320001, 14.602965618000155 ] ] ] } },
{ "type": "Feature", "properties": { "name": "Barangay 415" }, "geometry": { "type": "Polygon", "coordinates": [ [ [ 120.994159149000097, 14.603885608000041 ], [ 120.994727429000022, 14.602785220000101 ], [ 120.994456826000032, 14.602280120999978 ], [ 120.993563827000344, 14.60200050800006 ], [ 120.993085751000081, 14.60282128900019 ], [ 120.993130849000067, 14.603299328000048 ], [ 120.993392434000157, 14.603569917000129 ], [ 120.994159149000097, 14.603885608000041 ] ] ] } },
{ "type": "Feature", "properties": { "name": "Barangay 416" }, "geometry": { "type": "Polygon", "coordinates": [ [ [ 120.993157526000232, 14.602766272000167 ], [ 120.993654031, 14.601693842000088 ], [ 120.993321854000101, 14.600721588000113 ], [ 120.992555607000099, 14.600509053000167 ], [ 120.991778175000036, 14.600671251000108 ], [ 120.991389154000103, 14.599908429000038 ], [ 120.990954570000213, 14.600325399000099 ], [ 120.992643313000031, 14.601467412000147 ], [ 120.993157526000232, 14.602766272000167 ] ] ] } },
{ "type": "Feature", "properties": { "name": "Barangay 417" }, "geometry": { "type": "Polygon", "coordinates": [ [ [ 121.00032529900011, 14.605200680000166 ], [ 121.000789043000054, 14.603774237000152 ], [ 120.999903220000078, 14.603409809000027 ], [ 120.99997323100024, 14.603241946000082 ], [ 120.999584102000085, 14.60305615600015 ], [ 120.999039166000102, 14.604390999000032 ], [ 121.00032529900011, 14.605200680000166 ] ] ] } },
{ "type": "Feature", "properties": { "name": "Barangay 418" }, "geometry": { "type": "Polygon", "coordinates": [ [ [ 121.000789043000054, 14.603774237000152 ], [ 121.001633765000179, 14.601300499000104 ], [ 121.000351943000169, 14.601166897999974 ], [ 120.999584102000085, 14.60305615600015 ], [ 120.99997323100024, 14.603241946000082 ], [ 120.999903220000078, 14.603409809000027 ], [ 121.000789043000054, 14.603774237000152 ] ] ] } },
{ "type": "Feature", "properties": { "name": "Barangay 419" }, "geometry": { "type": "Polygon", "coordinates": [ [ [ 120.999039166000102, 14.604390999000032 ], [ 120.999651843000152, 14.602887816000077 ], [ 120.998689052000145, 14.602433150000138 ], [ 120.997953787000142, 14.603872013000057 ], [ 120.999039166000102, 14.604390999000032 ] ] ] } },
{ "type": "Feature", "properties": { "name": "Barangay 420" }, "geometry": { "type": "Polygon", "coordinates": [ [ [ 120.999673805000157, 14.602833232000023 ], [ 121.000351943000169, 14.601166897999974 ], [ 120.999729663000039, 14.60095125700019 ], [ 120.998946961000115, 14.600256290000118 ], [ 120.998592060000078, 14.600732256000072 ], [ 120.998216230000139, 14.602085906000184 ], [ 120.998456517000022, 14.602351146000103 ], [ 120.999673805000157, 14.602833232000023 ] ] ] } },
{ "type": "Feature", "properties": { "name": "Barangay 421" }, "geometry": { "type": "Polygon", "coordinates": [ [ [ 121.003160887000035, 14.60519862700005 ], [ 121.004357852000226, 14.603913063999983 ], [ 121.002011031000279, 14.603116593000095 ], [ 121.002508792000185, 14.604694977000122 ], [ 121.003160887000035, 14.60519862700005 ] ] ] } },
{ "type": "Feature", "properties": { "name": "Barangay 422" }, "geometry": { "type": "Polygon", "coordinates": [ [ [ 121.002394304000063, 14.606467811000073 ], [ 121.003515054000104, 14.605334784000036 ], [ 121.002610080000068, 14.604827675000081 ], [ 121.002262965000341, 14.604034373 ], [ 121.002061078000111, 14.604649204000168 ], [ 121.001858984000023, 14.604581164000024 ], [ 121.001397140000222, 14.605881534000162 ], [ 121.002394304000063, 14.606467811000073 ] ] ] } },
{ "type": "Feature", "properties": { "name": "Barangay 423" }, "geometry": { "type": "Polygon", "coordinates": [ [ [ 121.001858984000023, 14.604581164000024 ], [ 121.002061078000111, 14.604649204000168 ], [ 121.002275661000112, 14.603945259000113 ], [ 121.002011031000279, 14.603116593000095 ], [ 121.001803353000014, 14.603067673000112 ], [ 121.001340104000064, 14.604410229 ], [ 121.000657559000047, 14.604183849000094 ], [ 121.00032529900011, 14.605200680000166 ], [ 121.001397140000222, 14.605881534000162 ], [ 121.001858984000023, 14.604581164000024 ] ] ] } },
{ "type": "Feature", "properties": { "name": "Barangay 424" }, "geometry": { "type": "Polygon", "coordinates": [ [ [ 121.001803353000014, 14.603067673000112 ], [ 121.002011031000279, 14.603116593000095 ], [ 121.002230697000186, 14.602408056000172 ], [ 121.002640993000227, 14.60210174000008 ], [ 121.002450575000012, 14.601395798000112 ], [ 121.001633765000179, 14.601300499000104 ], [ 121.000657559000047, 14.604183849000094 ], [ 121.001340104000064, 14.604410229 ], [ 121.001803353000014, 14.603067673000112 ] ] ] } },
{ "type": "Feature", "properties": { "name": "Barangay 425" }, "geometry": { "type": "Polygon", "coordinates": [ [ [ 121.004699431000176, 14.601633852000077 ], [ 121.002450575000012, 14.601395798000112 ], [ 121.002683146000209, 14.601966848000075 ], [ 121.002230697000186, 14.602408056000172 ], [ 121.002011031000279, 14.603116593000095 ], [ 121.003985798000031, 14.603768346000095 ], [ 121.004699431000176, 14.601633852000077 ] ] ] } },
{ "type": "Feature", "properties": { "name": "Barangay 426" }, "geometry": { "type": "Polygon", "coordinates": [ [ [ 121.007591099000138, 14.602804824000145 ], [ 121.008823941000173, 14.602038905000086 ], [ 121.005488607000075, 14.601708040000176 ], [ 121.005155216000276, 14.60253745600005 ], [ 121.007591099000138, 14.602804824000145 ] ] ] } },
{ "type": "Feature", "properties": { "name": "Barangay 427" }, "geometry": { "type": "Polygon", "coordinates": [ [ [ 121.004357852000226, 14.603913063999983 ], [ 121.004760779000094, 14.603610525000136 ], [ 121.005488607000075, 14.601708040000176 ], [ 121.004699431000176, 14.601633852000077 ], [ 121.003985798000031, 14.603768346000095 ], [ 121.004357852000226, 14.603913063999983 ] ] ] } },
{ "type": "Feature", "properties": { "name": "Barangay 428" }, "geometry": { "type": "Polygon", "coordinates": [ [ [ 121.00429547300007, 14.604518039000084 ], [ 121.005822478000027, 14.603413860999979 ], [ 121.007488135000131, 14.602842494000072 ], [ 121.005155216000276, 14.60253745600005 ], [ 121.004760779000094, 14.603610525000136 ], [ 121.003160887000035, 14.60519862700005 ], [ 121.003515054000104, 14.605334784000036 ], [ 121.00429547300007, 14.604518039000084 ] ] ] } },
{ "type": "Feature", "properties": { "name": "Barangay 429" }, "geometry": { "type": "Polygon", "coordinates": [ [ [ 120.995841455000118, 14.608224870000072 ], [ 120.996702646000131, 14.606833699000163 ], [ 120.996742429000051, 14.606317598000032 ], [ 120.996368455000038, 14.605983414999969 ], [ 120.994927534000112, 14.607473459000175 ], [ 120.995841455000118, 14.608224870000072 ] ] ] } },
{ "type": "Feature", "properties": { "name": "Barangay 430" }, "geometry": { "type": "Polygon", "coordinates": [ [ [ 120.99530608900011, 14.605868487000066 ], [ 120.994774522000057, 14.605377886000042 ], [ 120.99376686200003, 14.606418360000191 ], [ 120.994310698000049, 14.606906499000161 ], [ 120.99530608900011, 14.605868487000066 ] ] ] } },
{ "type": "Feature", "properties": { "name": "Barangay 431" }, "geometry": { "type": "Polygon", "coordinates": [ [ [ 120.995918642000106, 14.606435445999978 ], [ 120.99530608900011, 14.605868487000066 ], [ 120.994310698000049, 14.606906499000161 ], [ 120.994927534000112, 14.607473459000175 ], [ 120.995918642000106, 14.606435445999978 ] ] ] } },
{ "type": "Feature", "properties": { "name": "Barangay 432" }, "geometry": { "type": "Polygon", "coordinates": [ [ [ 120.996728078000046, 14.607528430000173 ], [ 120.997487933000116, 14.60772546100003 ], [ 120.99798429000009, 14.607195445000059 ], [ 120.998753467000029, 14.605015829000024 ], [ 120.997787240000093, 14.604199600000072 ], [ 120.996820598000113, 14.60548913700012 ], [ 120.996921451000162, 14.605845859000169 ], [ 120.996702646000131, 14.606833699000163 ], [ 120.995778962000031, 14.608238195000013 ], [ 120.995912961000045, 14.608356168000114 ], [ 120.996728078000046, 14.607528430000173 ] ] ] } },
{ "type": "Feature", "properties": { "name": "Barangay 433" }, "geometry": { "type": "Polygon", "coordinates": [ [ [ 120.995033351000075, 14.605615479999983 ], [ 120.996648207000135, 14.603926714000067 ], [ 120.99708028200007, 14.603471619000175 ], [ 120.996729912000205, 14.603308368000057 ], [ 120.994774522000057, 14.605377886000042 ], [ 120.995033351000075, 14.605615479999983 ] ] ] } },
{ "type": "Feature", "properties": { "name": "Barangay 434" }, "geometry": { "type": "Polygon", "coordinates": [ [ [ 120.996368455000038, 14.605983414999969 ], [ 120.996742429000051, 14.606317598000032 ], [ 120.996921451000162, 14.605845859000169 ], [ 120.996820598000113, 14.60548913700012 ], [ 120.995880707000197, 14.604734895000036 ], [ 120.995033351000075, 14.605615479999983 ], [ 120.995918642000106, 14.606435445999978 ], [ 120.996368455000038, 14.605983414999969 ] ] ] } },
{ "type": "Feature", "properties": { "name": "Barangay 435" }, "geometry": { "type": "Polygon", "coordinates": [ [ [ 120.996820598000113, 14.60548913700012 ], [ 120.997953787000142, 14.603872013000057 ], [ 120.99708028200007, 14.603471619000175 ], [ 120.995880707000197, 14.604734895000036 ], [ 120.996820598000113, 14.60548913700012 ] ] ] } },
{ "type": "Feature", "properties": { "name": "Barangay 436" }, "geometry": { "type": "Polygon", "coordinates": [ [ [ 121.00032529900011, 14.605200680000166 ], [ 120.997953787000142, 14.603872013000057 ], [ 120.997787240000093, 14.604199600000072 ], [ 120.99968857100032, 14.605860259999986 ], [ 121.00032529900011, 14.605200680000166 ] ] ] } },
{ "type": "Feature", "properties": { "name": "Barangay 437" }, "geometry": { "type": "Polygon", "coordinates": [ [ [ 121.000755357000116, 14.60683550400006 ], [ 121.00155046000009, 14.605981290000045 ], [ 121.00032529900011, 14.605200680000166 ], [ 120.99968857100032, 14.605860259999986 ], [ 121.000755357000116, 14.60683550400006 ] ] ] } },
{ "type": "Feature", "properties": { "name": "Barangay 438" }, "geometry": { "type": "Polygon", "coordinates": [ [ [ 121.000221325000211, 14.606339789000174 ], [ 120.99968857100032, 14.605860259999986 ], [ 120.998662771000227, 14.606923032 ], [ 120.999199824000129, 14.607407766000165 ], [ 121.000221325000211, 14.606339789000174 ] ] ] } },
{ "type": "Feature", "properties": { "name": "Barangay 439" }, "geometry": { "type": "Polygon", "coordinates": [ [ [ 120.99968857100032, 14.605860259999986 ], [ 120.998753467000029, 14.605015829000024 ], [ 120.998173138000084, 14.606568112000105 ], [ 120.998662771000227, 14.606923032 ], [ 120.99968857100032, 14.605860259999986 ] ] ] } },
{ "type": "Feature", "properties": { "name": "Barangay 440" }, "geometry": { "type": "Polygon", "coordinates": [ [ [ 120.999741057000051, 14.607894863000013 ], [ 120.999199824000129, 14.607407766000165 ], [ 120.998210062000112, 14.608443657000123 ], [ 120.998741409000104, 14.60893877500007 ], [ 120.999741057000051, 14.607894863000013 ] ] ] } },
{ "type": "Feature", "properties": { "name": "Barangay 441" }, "geometry": { "type": "Polygon", "coordinates": [ [ [ 120.998741409000104, 14.60893877500007 ], [ 120.998210062000112, 14.608443657000123 ], [ 120.997186805000069, 14.609515246000058 ], [ 120.997722823000231, 14.610002889000043 ], [ 120.998741409000104, 14.60893877500007 ] ] ] } },
{ "type": "Feature", "properties": { "name": "Barangay 442" }, "geometry": { "type": "Polygon", "coordinates": [ [ [ 120.999423156000148, 14.609569907999969 ], [ 120.998741409000104, 14.60893877500007 ], [ 120.997722823000231, 14.610002889000043 ], [ 120.998410948000014, 14.610628548000022 ], [ 120.999423156000148, 14.609569907999969 ] ] ] } },
{ "type": "Feature", "properties": { "name": "Barangay 443" }, "geometry": { "type": "Polygon", "coordinates": [ [ [ 121.000430419000054, 14.608516291000115 ], [ 120.999741057000051, 14.607894863000013 ], [ 120.998741409000104, 14.60893877500007 ], [ 120.999423156000148, 14.609569907999969 ], [ 121.000430419000054, 14.608516291000115 ] ] ] } },
{ "type": "Feature", "properties": { "name": "Barangay 444" }, "geometry": { "type": "Polygon", "coordinates": [ [ [ 121.001441176000071, 14.607459253000059 ], [ 121.000755357000116, 14.60683550400006 ], [ 120.999741057000051, 14.607894863000013 ], [ 121.000430419000054, 14.608516291000115 ], [ 121.001441176000071, 14.607459253000059 ] ] ] } },
{ "type": "Feature", "properties": { "name": "Barangay 445" }, "geometry": { "type": "Polygon", "coordinates": [ [ [ 121.000755357000116, 14.60683550400006 ], [ 121.000221325000211, 14.606339789000174 ], [ 120.999199824000129, 14.607407766000165 ], [ 120.999741057000051, 14.607894863000013 ], [ 121.000755357000116, 14.60683550400006 ] ] ] } },
{ "type": "Feature", "properties": { "name": "Barangay 446" }, "geometry": { "type": "Polygon", "coordinates": [ [ [ 121.002394304000063, 14.606467811000073 ], [ 121.00155046000009, 14.605981290000045 ], [ 121.000755357000116, 14.60683550400006 ], [ 121.001441176000071, 14.607459253000059 ], [ 121.002394304000063, 14.606467811000073 ] ] ] } },
{ "type": "Feature", "properties": { "name": "Barangay 447" }, "geometry": { "type": "Polygon", "coordinates": [ [ [ 120.998210062000112, 14.608443657000123 ], [ 120.997674730000085, 14.607945062 ], [ 120.996639635000292, 14.609017841000025 ], [ 120.997186805000069, 14.609515246000058 ], [ 120.998210062000112, 14.608443657000123 ] ] ] } },
{ "type": "Feature", "properties": { "name": "Barangay 448" }, "geometry": { "type": "Polygon", "coordinates": [ [ [ 120.999199824000129, 14.607407766000165 ], [ 120.998173138000084, 14.606568112000105 ], [ 120.99798429000009, 14.607195445000059 ], [ 120.997487933000116, 14.60772546100003 ], [ 120.998210062000112, 14.608443657000123 ], [ 120.999199824000129, 14.607407766000165 ] ] ] } },
{ "type": "Feature", "properties": { "name": "Barangay 449" }, "geometry": { "type": "Polygon", "coordinates": [ [ [ 120.997674730000085, 14.607945062 ], [ 120.997439393000036, 14.607682902000022 ], [ 120.996803583000201, 14.607489291000036 ], [ 120.995912961000045, 14.608356168000114 ], [ 120.996639635000292, 14.609017841000025 ], [ 120.997674730000085, 14.607945062 ] ] ] } },
{ "type": "Feature", "properties": { "name": "Barangay 450" }, "geometry": { "type": "Polygon", "coordinates": [ [ [ 120.998410948000014, 14.610628548000022 ], [ 120.997579510000037, 14.609872548000169 ], [ 120.996553591000065, 14.610939307000024 ], [ 120.996834751000051, 14.611195243000111 ], [ 120.9957495230002, 14.61232330200005 ], [ 120.99630120300003, 14.612829238000188 ], [ 120.998410948000014, 14.610628548000022 ] ] ] } },
{ "type": "Feature", "properties": { "name": "Barangay 451" }, "geometry": { "type": "Polygon", "coordinates": [ [ [ 120.996834751000051, 14.611195243000111 ], [ 120.996553591000065, 14.610939307000024 ], [ 120.997579510000037, 14.609872548000169 ], [ 120.997325399000033, 14.60964142500012 ], [ 120.995212265000191, 14.611839197000052 ], [ 120.9957495230002, 14.61232330200005 ], [ 120.996834751000051, 14.611195243000111 ] ] ] } },
{ "type": "Feature", "properties": { "name": "Barangay 452" }, "geometry": { "type": "Polygon", "coordinates": [ [ [ 120.996299622000151, 14.610708269000099 ], [ 120.995448037000074, 14.60993366200006 ], [ 120.994369167000059, 14.611088561000145 ], [ 120.995212265000191, 14.611839197000052 ], [ 120.996299622000151, 14.610708269000099 ] ] ] } },
{ "type": "Feature", "properties": { "name": "Barangay 453" }, "geometry": { "type": "Polygon", "coordinates": [ [ [ 120.997325399000033, 14.60964142500012 ], [ 120.996498588000122, 14.608889531999978 ], [ 120.995448037000074, 14.60993366200006 ], [ 120.996299622000151, 14.610708269000099 ], [ 120.997325399000033, 14.60964142500012 ] ] ] } },
{ "type": "Feature", "properties": { "name": "Barangay 454" }, "geometry": { "type": "Polygon", "coordinates": [ [ [ 120.995448037000074, 14.60993366200006 ], [ 120.994676355000024, 14.609232149000036 ], [ 120.993583611000076, 14.610372956000163 ], [ 120.994369167000059, 14.611088561000145 ], [ 120.995448037000074, 14.60993366200006 ] ] ] } },
{ "type": "Feature", "properties": { "name": "Barangay 455" }, "geometry": { "type": "Polygon", "coordinates": [ [ [ 120.996498588000122, 14.608889531999978 ], [ 120.995698486000151, 14.608167345000027 ], [ 120.994676355000024, 14.609232149000036 ], [ 120.995448037000074, 14.60993366200006 ], [ 120.996498588000122, 14.608889531999978 ] ] ] } },
{ "type": "Feature", "properties": { "name": "Barangay 456" }, "geometry": { "type": "Polygon", "coordinates": [ [ [ 120.993583611000076, 14.610372956000163 ], [ 120.995698486000151, 14.608167345000027 ], [ 120.995101582000302, 14.607633996000061 ], [ 120.993593018000183, 14.609159668000132 ], [ 120.993826300000137, 14.609377972000118 ], [ 120.993436239000062, 14.6102446270001 ], [ 120.993583611000076, 14.610372956000163 ] ] ] } },
{ "type": "Feature", "properties": { "name": "Barangay 457" }, "geometry": { "type": "Polygon", "coordinates": [ [ [ 120.991855614000315, 14.608789648000084 ], [ 120.993021447000046, 14.607597167000108 ], [ 120.993274204000272, 14.60767799100006 ], [ 120.99415754100005, 14.606769032000045 ], [ 120.993602621000036, 14.606270867000148 ], [ 120.991389964000177, 14.608365631000083 ], [ 120.991855614000315, 14.608789648000084 ] ] ] } },
{ "type": "Feature", "properties": { "name": "Barangay 458" }, "geometry": { "type": "Polygon", "coordinates": [ [ [ 120.993602621000036, 14.606270867000148 ], [ 120.993214999000088, 14.605930587000046 ], [ 120.99316247500019, 14.604551071000117 ], [ 120.992370037000342, 14.604637407000155 ], [ 120.992197371000088, 14.604876488000116 ], [ 120.992181711000057, 14.605963467000095 ], [ 120.991657299000167, 14.60649774500007 ], [ 120.992607727000291, 14.607348583000146 ], [ 120.993602621000036, 14.606270867000148 ] ] ] } },
{ "type": "Feature", "properties": { "name": "Barangay 459" }, "geometry": { "type": "Polygon", "coordinates": [ [ [ 120.992461540000022, 14.607217289000118 ], [ 120.991657299000167, 14.60649774500007 ], [ 120.990566299000307, 14.607617920000109 ], [ 120.991389964000177, 14.608365631000083 ], [ 120.992461540000022, 14.607217289000118 ] ] ] } },
{ "type": "Feature", "properties": { "name": "Barangay 460" }, "geometry": { "type": "Polygon", "coordinates": [ [ [ 120.993906276000189, 14.608534869000039 ], [ 120.993712755000047, 14.60836039100019 ], [ 120.994005975000164, 14.60758202400018 ], [ 120.994468200000142, 14.607047230000148 ], [ 120.99415754100005, 14.606769032000045 ], [ 120.993274204000272, 14.60767799100006 ], [ 120.993021447000046, 14.607597167000108 ], [ 120.991855614000315, 14.608789648000084 ], [ 120.992814158000101, 14.609669751000183 ], [ 120.993906276000189, 14.608534869000039 ] ] ] } },
{ "type": "Feature", "properties": { "name": "Barangay 461" }, "geometry": { "type": "Polygon", "coordinates": [ [ [ 120.993826300000137, 14.609377972000118 ], [ 120.993593018000183, 14.609159668000132 ], [ 120.995101582000302, 14.607633996000061 ], [ 120.994468200000142, 14.607047230000148 ], [ 120.994005975000164, 14.60758202400018 ], [ 120.993712755000047, 14.60836039100019 ], [ 120.993906276000189, 14.608534869000039 ], [ 120.992814158000101, 14.609669751000183 ], [ 120.993436239000062, 14.6102446270001 ], [ 120.993826300000137, 14.609377972000118 ] ] ] } },
{ "type": "Feature", "properties": { "name": "Barangay 462" }, "geometry": { "type": "Polygon", "coordinates": [ [ [ 120.988398567000218, 14.605658855000115 ], [ 120.987898512000129, 14.605219468000087 ], [ 120.986941008000144, 14.60504776900018 ], [ 120.986296968000147, 14.605775802000096 ], [ 120.987317556000221, 14.606788503000132 ], [ 120.988398567000218, 14.605658855000115 ] ] ] } },
{ "type": "Feature", "properties": { "name": "Barangay 463" }, "geometry": { "type": "Polygon", "coordinates": [ [ [ 120.987317556000221, 14.606788503000132 ], [ 120.986802046000207, 14.606278232000136 ], [ 120.985857590000023, 14.607185578000042 ], [ 120.985950181000135, 14.60759296100008 ], [ 120.986278741000092, 14.607876005000094 ], [ 120.987317556000221, 14.606788503000132 ] ] ] } },
{ "type": "Feature", "properties": { "name": "Barangay 464" }, "geometry": { "type": "Polygon", "coordinates": [ [ [ 120.985857590000023, 14.607185578000042 ], [ 120.986802046000207, 14.606278232000136 ], [ 120.986296968000147, 14.605775802000096 ], [ 120.986941008000144, 14.60504776900018 ], [ 120.985695040000223, 14.604794643000048 ], [ 120.985292337000033, 14.604472363000184 ], [ 120.985857590000023, 14.607185578000042 ] ] ] } },
{ "type": "Feature", "properties": { "name": "Barangay 465" }, "geometry": { "type": "Polygon", "coordinates": [ [ [ 120.987385367000229, 14.608815117000177 ], [ 120.988403899000105, 14.607759632000125 ], [ 120.987825273000226, 14.607286865 ], [ 120.986809134000055, 14.608331147000058 ], [ 120.987385367000229, 14.608815117000177 ] ] ] } },
{ "type": "Feature", "properties": { "name": "Barangay 466" }, "geometry": { "type": "Polygon", "coordinates": [ [ [ 120.987385367000229, 14.608815117000177 ], [ 120.986809134000055, 14.608331147000058 ], [ 120.985950181000135, 14.60759296100008 ], [ 120.986138885000059, 14.609644662000107 ], [ 120.986381691000133, 14.60986047800003 ], [ 120.987385367000229, 14.608815117000177 ] ] ] } },
{ "type": "Feature", "properties": { "name": "Barangay 467" }, "geometry": { "type": "Polygon", "coordinates": [ [ [ 120.987825273000226, 14.607286865 ], [ 120.987317556000221, 14.606788503000132 ], [ 120.986278741000092, 14.607876005000094 ], [ 120.986809134000055, 14.608331147000058 ], [ 120.987825273000226, 14.607286865 ] ] ] } },
{ "type": "Feature", "properties": { "name": "Barangay 468" }, "geometry": { "type": "Polygon", "coordinates": [ [ [ 120.988929440000106, 14.606139142000188 ], [ 120.988398567000218, 14.605658855000115 ], [ 120.987317556000221, 14.606788503000132 ], [ 120.987825273000226, 14.607286865 ], [ 120.988929440000106, 14.606139142000188 ] ] ] } },
{ "type": "Feature", "properties": { "name": "Barangay 469" }, "geometry": { "type": "Polygon", "coordinates": [ [ [ 120.989491913000052, 14.606651027000169 ], [ 120.988929440000106, 14.606139142000188 ], [ 120.987825273000226, 14.607286865 ], [ 120.988403899000105, 14.607759632000125 ], [ 120.989491913000052, 14.606651027000169 ] ] ] } },
{ "type": "Feature", "properties": { "name": "Barangay 470" }, "geometry": { "type": "Polygon", "coordinates": [ [ [ 120.988695080000298, 14.613944582000101 ], [ 120.992814158000101, 14.609669751000183 ], [ 120.989491913000052, 14.606651027000169 ], [ 120.986381691000133, 14.60986047800003 ], [ 120.988261189000013, 14.611587002000078 ], [ 120.987267694000138, 14.612612894000051 ], [ 120.988695080000298, 14.613944582000101 ] ] ] } },
{ "type": "Feature", "properties": { "name": "Barangay 471" }, "geometry": { "type": "Polygon", "coordinates": [ [ [ 120.988261189000013, 14.611587002000078 ], [ 120.987209030000258, 14.610615832 ], [ 120.986138885000059, 14.609644662000107 ], [ 120.986273766000181, 14.611721875000114 ], [ 120.987267694000138, 14.612612894000051 ], [ 120.988261189000013, 14.611587002000078 ] ] ] } },
{ "type": "Feature", "properties": { "name": "Barangay 472" }, "geometry": { "type": "Polygon", "coordinates": [ [ [ 120.99420587100019, 14.615015994000089 ], [ 120.995219800000314, 14.613957140000082 ], [ 120.994525922000093, 14.613325398000029 ], [ 120.993508732, 14.614375488000064 ], [ 120.99420587100019, 14.615015994000089 ] ] ] } },
{ "type": "Feature", "properties": { "name": "Barangay 473" }, "geometry": { "type": "Polygon", "coordinates": [ [ [ 120.99630120300003, 14.612829238000188 ], [ 120.995615913000165, 14.612199606000161 ], [ 120.994525922000093, 14.613325398000029 ], [ 120.995219800000314, 14.613957140000082 ], [ 120.99630120300003, 14.612829238000188 ] ] ] } },
{ "type": "Feature", "properties": { "name": "Barangay 474" }, "geometry": { "type": "Polygon", "coordinates": [ [ [ 120.99420587100019, 14.615015994000089 ], [ 120.993134741000063, 14.614034748000108 ], [ 120.992120823000164, 14.615080351000188 ], [ 120.993195044000117, 14.616067282000074 ], [ 120.99420587100019, 14.615015994000089 ] ] ] } },
{ "type": "Feature", "properties": { "name": "Barangay 475" }, "geometry": { "type": "Polygon", "coordinates": [ [ [ 120.993508732, 14.614375488000064 ], [ 120.995615913000165, 14.612199606000161 ], [ 120.995072400000026, 14.611719319000088 ], [ 120.992982569000219, 14.613894817000187 ], [ 120.993508732, 14.614375488000064 ] ] ] } },
{ "type": "Feature", "properties": { "name": "Barangay 476" }, "geometry": { "type": "Polygon", "coordinates": [ [ [ 120.995072400000026, 14.611719319000088 ], [ 120.994369167000059, 14.611088561000145 ], [ 120.992305831000181, 14.613272521 ], [ 120.992982569000219, 14.613894817000187 ], [ 120.995072400000026, 14.611719319000088 ] ] ] } },
{ "type": "Feature", "properties": { "name": "Barangay 477" }, "geometry": { "type": "Polygon", "coordinates": [ [ [ 120.993134741000063, 14.614034748000108 ], [ 120.992168770000148, 14.613143009000112 ], [ 120.99115316200016, 14.61420741600017 ], [ 120.992120823000164, 14.615080351000188 ], [ 120.993134741000063, 14.614034748000108 ] ] ] } },
{ "type": "Feature", "properties": { "name": "Barangay 478" }, "geometry": { "type": "Polygon", "coordinates": [ [ [ 120.994369167000059, 14.611088561000145 ], [ 120.993982838000079, 14.610734349000154 ], [ 120.992905175000033, 14.611850044000164 ], [ 120.992628664000335, 14.61159836500002 ], [ 120.991625651000049, 14.612645737000037 ], [ 120.992305831000181, 14.613272521 ], [ 120.994369167000059, 14.611088561000145 ] ] ] } },
{ "type": "Feature", "properties": { "name": "Barangay 479" }, "geometry": { "type": "Polygon", "coordinates": [ [ [ 120.992628664000335, 14.61159836500002 ], [ 120.992905175000033, 14.611850044000164 ], [ 120.993982838000079, 14.610734349000154 ], [ 120.992814158000101, 14.609669751000183 ], [ 120.990724268, 14.611820173000126 ], [ 120.991625651000049, 14.612645737000037 ], [ 120.992628664000335, 14.61159836500002 ] ] ] } },
{ "type": "Feature", "properties": { "name": "Barangay 480" }, "geometry": { "type": "Polygon", "coordinates": [ [ [ 120.992168770000148, 14.613143009000112 ], [ 120.991517238000029, 14.612546696000095 ], [ 120.990481383000088, 14.613599040000111 ], [ 120.99115316200016, 14.61420741600017 ], [ 120.992168770000148, 14.613143009000112 ] ] ] } },
{ "type": "Feature", "properties": { "name": "Barangay 481" }, "geometry": { "type": "Polygon", "coordinates": [ [ [ 120.991517238000029, 14.612546696000095 ], [ 120.990724268, 14.611820173000126 ], [ 120.989701002000061, 14.612895384000183 ], [ 120.990481383000088, 14.613599040000111 ], [ 120.991517238000029, 14.612546696000095 ] ] ] } },
{ "type": "Feature", "properties": { "name": "Barangay 482" }, "geometry": { "type": "Polygon", "coordinates": [ [ [ 120.990231893000214, 14.61731944200011 ], [ 120.989412223000045, 14.616560984000046 ], [ 120.988892277000218, 14.617105354000159 ], [ 120.988928973000043, 14.618139053000164 ], [ 120.989199817000099, 14.618375788000094 ], [ 120.990231893000214, 14.61731944200011 ] ] ] } },
{ "type": "Feature", "properties": { "name": "Barangay 483" }, "geometry": { "type": "Polygon", "coordinates": [ [ [ 120.991179790000047, 14.618187185000068 ], [ 120.990231893000214, 14.61731944200011 ], [ 120.989199817000099, 14.618375788000094 ], [ 120.990186100000074, 14.619268350000084 ], [ 120.991179790000047, 14.618187185000068 ] ] ] } },
{ "type": "Feature", "properties": { "name": "Barangay 484" }, "geometry": { "type": "Polygon", "coordinates": [ [ [ 120.989007545000163, 14.620498245000135 ], [ 120.990186100000074, 14.619268350000084 ], [ 120.988928973000043, 14.618139053000164 ], [ 120.989007545000163, 14.620498245000135 ] ] ] } },
{ "type": "Feature", "properties": { "name": "Barangay 485" }, "geometry": { "type": "Polygon", "coordinates": [ [ [ 120.992183688000068, 14.617121777000023 ], [ 120.991228966000335, 14.616249049000089 ], [ 120.990231893000214, 14.61731944200011 ], [ 120.991179790000047, 14.618187185000068 ], [ 120.992183688000068, 14.617121777000023 ] ] ] } },
{ "type": "Feature", "properties": { "name": "Barangay 486" }, "geometry": { "type": "Polygon", "coordinates": [ [ [ 120.991228966000335, 14.616249049000089 ], [ 120.990414061000024, 14.615512697000099 ], [ 120.989412223000045, 14.616560984000046 ], [ 120.990231893000214, 14.61731944200011 ], [ 120.991228966000335, 14.616249049000089 ] ] ] } },
{ "type": "Feature", "properties": { "name": "Barangay 487" }, "geometry": { "type": "Polygon", "coordinates": [ [ [ 120.993195044000117, 14.616067282000074 ], [ 120.992228528000055, 14.615180255000098 ], [ 120.991228966000335, 14.616249049000089 ], [ 120.992183688000068, 14.617121777000023 ], [ 120.993195044000117, 14.616067282000074 ] ] ] } },
{ "type": "Feature", "properties": { "name": "Barangay 488" }, "geometry": { "type": "Polygon", "coordinates": [ [ [ 120.992228528000055, 14.615180255000098 ], [ 120.991293386000166, 14.614333239000189 ], [ 120.990276177000283, 14.615387421000037 ], [ 120.991228966000335, 14.616249049000089 ], [ 120.992228528000055, 14.615180255000098 ] ] ] } },
{ "type": "Feature", "properties": { "name": "Barangay 489" }, "geometry": { "type": "Polygon", "coordinates": [ [ [ 120.991293386000166, 14.614333239000189 ], [ 120.990331635000075, 14.613463861000014 ], [ 120.989316568000049, 14.614513741000053 ], [ 120.990276177000283, 14.615387421000037 ], [ 120.991293386000166, 14.614333239000189 ] ] ] } },
{ "type": "Feature", "properties": { "name": "Barangay 490" }, "geometry": { "type": "Polygon", "coordinates": [ [ [ 120.989593771000159, 14.614767123000036 ], [ 120.989316568000049, 14.614513741000053 ], [ 120.990331635000075, 14.613463861000014 ], [ 120.989701002000061, 14.612895384000183 ], [ 120.988695080000298, 14.613944582000101 ], [ 120.988830329000052, 14.61556443 ], [ 120.989593771000159, 14.614767123000036 ] ] ] } },
{ "type": "Feature", "properties": { "name": "Barangay 491" }, "geometry": { "type": "Polygon", "coordinates": [ [ [ 120.988892277000218, 14.617105354000159 ], [ 120.990414061000024, 14.615512697000099 ], [ 120.989593771000159, 14.614767123000036 ], [ 120.988830329000052, 14.61556443 ], [ 120.988892277000218, 14.617105354000159 ] ] ] } },
{ "type": "Feature", "properties": { "name": "Barangay 492" }, "geometry": { "type": "Polygon", "coordinates": [ [ [ 120.99148629900003, 14.624330428 ], [ 120.989906074000146, 14.62287622100007 ], [ 120.989112449000118, 14.62366842400013 ], [ 120.990532330000065, 14.625125521000029 ], [ 120.99148629900003, 14.624330428 ] ] ] } },
{ "type": "Feature", "properties": { "name": "Barangay 493" }, "geometry": { "type": "Polygon", "coordinates": [ [ [ 120.989757992000136, 14.626027863000047 ], [ 120.989885941000011, 14.625640465000174 ], [ 120.990532330000065, 14.625125521000029 ], [ 120.989112449000118, 14.62366842400013 ], [ 120.989220887000215, 14.626026885000158 ], [ 120.989757992000136, 14.626027863000047 ] ] ] } },
{ "type": "Feature", "properties": { "name": "Barangay 494" }, "geometry": { "type": "Polygon", "coordinates": [ [ [ 120.993808390000027, 14.622573475000081 ], [ 120.991883680000115, 14.620811101000072 ], [ 120.99086687800002, 14.621873642000139 ], [ 120.992623902000105, 14.623468203000186 ], [ 120.993808390000027, 14.622573475000081 ] ] ] } },
{ "type": "Feature", "properties": { "name": "Barangay 495" }, "geometry": { "type": "Polygon", "coordinates": [ [ [ 120.99148629900003, 14.624330428 ], [ 120.992623902000105, 14.623468203000186 ], [ 120.99086687800002, 14.621873642000139 ], [ 120.989906074000146, 14.62287622100007 ], [ 120.99148629900003, 14.624330428 ] ] ] } },
{ "type": "Feature", "properties": { "name": "Barangay 496" }, "geometry": { "type": "Polygon", "coordinates": [ [ [ 120.994986121000125, 14.621662154000035 ], [ 120.993815674000189, 14.620596533000082 ], [ 120.99282126200012, 14.621652139000048 ], [ 120.993822102000308, 14.622562864000145 ], [ 120.994986121000125, 14.621662154000035 ] ] ] } },
{ "type": "Feature", "properties": { "name": "Barangay 497" }, "geometry": { "type": "Polygon", "coordinates": [ [ [ 120.989112449000118, 14.62366842400013 ], [ 120.99086687800002, 14.621873642000139 ], [ 120.989178136000078, 14.620320341000138 ], [ 120.989007545000163, 14.620498245000135 ], [ 120.989112449000118, 14.62366842400013 ] ] ] } },
{ "type": "Feature", "properties": { "name": "Barangay 498" }, "geometry": { "type": "Polygon", "coordinates": [ [ [ 120.993815674000189, 14.620596533000082 ], [ 120.992886644, 14.619753848000073 ], [ 120.991883680000115, 14.620811101000072 ], [ 120.99282126200012, 14.621652139000048 ], [ 120.993815674000189, 14.620596533000082 ] ] ] } },
{ "type": "Feature", "properties": { "name": "Barangay 499" }, "geometry": { "type": "Polygon", "coordinates": [ [ [ 120.992097559000172, 14.619025973000191 ], [ 120.991179790000047, 14.618187185000068 ], [ 120.990186100000074, 14.619268350000084 ], [ 120.99107511200009, 14.620080507000011 ], [ 120.992097559000172, 14.619025973000191 ] ] ] } },
{ "type": "Feature", "properties": { "name": "Barangay 500" }, "geometry": { "type": "Polygon", "coordinates": [ [ [ 120.991883680000115, 14.620811101000072 ], [ 120.990186100000074, 14.619268350000084 ], [ 120.989178136000078, 14.620320341000138 ], [ 120.99086687800002, 14.621873642000139 ], [ 120.991883680000115, 14.620811101000072 ] ] ] } },
{ "type": "Feature", "properties": { "name": "Barangay 501" }, "geometry": { "type": "Polygon", "coordinates": [ [ [ 120.992886644, 14.619753848000073 ], [ 120.992097559000172, 14.619025973000191 ], [ 120.99107511200009, 14.620080507000011 ], [ 120.991883680000115, 14.620811101000072 ], [ 120.992886644, 14.619753848000073 ] ] ] } },
{ "type": "Feature", "properties": { "name": "Barangay 502" }, "geometry": { "type": "Polygon", "coordinates": [ [ [ 120.998030484000196, 14.614379663000136 ], [ 120.997350446000041, 14.61375050800001 ], [ 120.996253, 14.614896860000044 ], [ 120.996928773000036, 14.615516571000057 ], [ 120.998030484000196, 14.614379663000136 ] ] ] } },
{ "type": "Feature", "properties": { "name": "Barangay 503" }, "geometry": { "type": "Polygon", "coordinates": [ [ [ 120.997350446000041, 14.61375050800001 ], [ 120.99630120300003, 14.612829238000188 ], [ 120.995219800000314, 14.613957140000082 ], [ 120.996253, 14.614896860000044 ], [ 120.997350446000041, 14.61375050800001 ] ] ] } },
{ "type": "Feature", "properties": { "name": "Barangay 504" }, "geometry": { "type": "Polygon", "coordinates": [ [ [ 120.996928773000036, 14.615516571000057 ], [ 120.996002733000182, 14.614668437000034 ], [ 120.994993044000012, 14.615725878000035 ], [ 120.995932914000036, 14.616579371000057 ], [ 120.996928773000036, 14.615516571000057 ] ] ] } },
{ "type": "Feature", "properties": { "name": "Barangay 505" }, "geometry": { "type": "Polygon", "coordinates": [ [ [ 120.996002733000182, 14.614668437000034 ], [ 120.995219800000314, 14.613957140000082 ], [ 120.99420587100019, 14.615015994000089 ], [ 120.994993044000012, 14.615725878000035 ], [ 120.996002733000182, 14.614668437000034 ] ] ] } },
{ "type": "Feature", "properties": { "name": "Barangay 506" }, "geometry": { "type": "Polygon", "coordinates": [ [ [ 120.995932914000036, 14.616579371000057 ], [ 120.995242143000155, 14.615953686000069 ], [ 120.994248208000045, 14.617027557000029 ], [ 120.994923608000022, 14.617649762999974 ], [ 120.995932914000036, 14.616579371000057 ] ] ] } },
{ "type": "Feature", "properties": { "name": "Barangay 507" }, "geometry": { "type": "Polygon", "coordinates": [ [ [ 120.995242143000155, 14.615953686000069 ], [ 120.99420587100019, 14.615015994000089 ], [ 120.993195044000117, 14.616067282000074 ], [ 120.994248208000045, 14.617027557000029 ], [ 120.995242143000155, 14.615953686000069 ] ] ] } },
{ "type": "Feature", "properties": { "name": "Barangay 508" }, "geometry": { "type": "Polygon", "coordinates": [ [ [ 120.994923608000022, 14.617649762999974 ], [ 120.994122289000188, 14.616909655000029 ], [ 120.993100748000188, 14.617973930000062 ], [ 120.993895950000024, 14.618683456000156 ], [ 120.994923608000022, 14.617649762999974 ] ] ] } },
{ "type": "Feature", "properties": { "name": "Barangay 509" }, "geometry": { "type": "Polygon", "coordinates": [ [ [ 120.994122289000188, 14.616909655000029 ], [ 120.993195044000117, 14.616067282000074 ], [ 120.992183688000068, 14.617121777000023 ], [ 120.993100748000188, 14.617973930000062 ], [ 120.994122289000188, 14.616909655000029 ] ] ] } },
{ "type": "Feature", "properties": { "name": "Barangay 510" }, "geometry": { "type": "Polygon", "coordinates": [ [ [ 120.993895950000024, 14.618683456000156 ], [ 120.993100748000188, 14.617973930000062 ], [ 120.992097559000172, 14.619025973000191 ], [ 120.992886644, 14.619753848000073 ], [ 120.993895950000024, 14.618683456000156 ] ] ] } },
{ "type": "Feature", "properties": { "name": "Barangay 511" }, "geometry": { "type": "Polygon", "coordinates": [ [ [ 120.993100748000188, 14.617973930000062 ], [ 120.992183688000068, 14.617121777000023 ], [ 120.991179790000047, 14.618187185000068 ], [ 120.992097559000172, 14.619025973000191 ], [ 120.993100748000188, 14.617973930000062 ] ] ] } },
{ "type": "Feature", "properties": { "name": "Barangay 512" }, "geometry": { "type": "Polygon", "coordinates": [ [ [ 120.998531634000074, 14.618938120999985 ], [ 121.000992491000034, 14.61709657200015 ], [ 120.999121461000072, 14.615395157000137 ], [ 120.998501959, 14.616953602000024 ], [ 120.998288973000172, 14.618719616000135 ], [ 120.998531634000074, 14.618938120999985 ] ] ] } },
{ "type": "Feature", "properties": { "name": "Barangay 513" }, "geometry": { "type": "Polygon", "coordinates": [ [ [ 120.998288973000172, 14.618719616000135 ], [ 120.998501959, 14.616953602000024 ], [ 120.999121461000072, 14.615395157000137 ], [ 120.998965472000123, 14.615250005 ], [ 120.996843771000158, 14.617425154000159 ], [ 120.998288973000172, 14.618719616000135 ] ] ] } },
{ "type": "Feature", "properties": { "name": "Barangay 514" }, "geometry": { "type": "Polygon", "coordinates": [ [ [ 120.996355329000039, 14.618950901000176 ], [ 120.994923608000022, 14.617649762999974 ], [ 120.993895950000024, 14.618683456000156 ], [ 120.995362855000167, 14.620018875000085 ], [ 120.996355329000039, 14.618950901000176 ] ] ] } },
{ "type": "Feature", "properties": { "name": "Barangay 515" }, "geometry": { "type": "Polygon", "coordinates": [ [ [ 120.996162765000122, 14.620763472000135 ], [ 120.998526508000054, 14.618941965000147 ], [ 120.997523318000162, 14.618016771000157 ], [ 120.995362855000167, 14.620018875000085 ], [ 120.996162765000122, 14.620763472000135 ] ] ] } },
{ "type": "Feature", "properties": { "name": "Barangay 516" }, "geometry": { "type": "Polygon", "coordinates": [ [ [ 120.994991453000011, 14.62165802800007 ], [ 120.996161277000169, 14.620762063000086 ], [ 120.995362855000167, 14.620018875000085 ], [ 120.994346768000014, 14.621077797000112 ], [ 120.994991453000011, 14.62165802800007 ] ] ] } },
{ "type": "Feature", "properties": { "name": "Barangay 517" }, "geometry": { "type": "Polygon", "coordinates": [ [ [ 120.998965472000123, 14.615250005 ], [ 120.998030484000196, 14.614379663000136 ], [ 120.996928773000036, 14.615516571000057 ], [ 120.99787269400008, 14.616370502000109 ], [ 120.998965472000123, 14.615250005 ] ] ] } },
{ "type": "Feature", "properties": { "name": "Barangay 518" }, "geometry": { "type": "Polygon", "coordinates": [ [ [ 120.995362855000167, 14.620018875000085 ], [ 120.993895950000024, 14.618683456000156 ], [ 120.992886644, 14.619753848000073 ], [ 120.994346768000014, 14.621077797000112 ], [ 120.995362855000167, 14.620018875000085 ] ] ] } },
{ "type": "Feature", "properties": { "name": "Barangay 519" }, "geometry": { "type": "Polygon", "coordinates": [ [ [ 120.99787269400008, 14.616370502000109 ], [ 120.996928773000036, 14.615516571000057 ], [ 120.995932914000036, 14.616579371000057 ], [ 120.996843771000158, 14.617425154000159 ], [ 120.99787269400008, 14.616370502000109 ] ] ] } },
{ "type": "Feature", "properties": { "name": "Barangay 520" }, "geometry": { "type": "Polygon", "coordinates": [ [ [ 120.997523318000162, 14.618016771000157 ], [ 120.995932914000036, 14.616579371000057 ], [ 120.994923608000022, 14.617649762999974 ], [ 120.996501778000038, 14.619087164000177 ], [ 120.997523318000162, 14.618016771000157 ] ] ] } },
{ "type": "Feature", "properties": { "name": "Barangay 521" }, "geometry": { "type": "Polygon", "coordinates": [ [ [ 120.998181460000069, 14.612419528000032 ], [ 120.998458842000105, 14.612595977000183 ], [ 120.999445888000082, 14.611564827000109 ], [ 120.998410948000014, 14.610628548000022 ], [ 120.99630120300003, 14.612829238000188 ], [ 120.997108899000068, 14.613533836000045 ], [ 120.998181460000069, 14.612419528000032 ] ] ] } },
{ "type": "Feature", "properties": { "name": "Barangay 522" }, "geometry": { "type": "Polygon", "coordinates": [ [ [ 120.997637132000136, 14.614009828000178 ], [ 120.999730619000047, 14.611817200000132 ], [ 120.999445888000082, 14.611564827000109 ], [ 120.998458842000105, 14.612595977000183 ], [ 120.99821545500015, 14.61238421000013 ], [ 120.997108899000068, 14.613533836000045 ], [ 120.997637132000136, 14.614009828000178 ] ] ] } },
{ "type": "Feature", "properties": { "name": "Barangay 523" }, "geometry": { "type": "Polygon", "coordinates": [ [ [ 120.999117999000191, 14.613256934000049 ], [ 120.999534795000045, 14.613667572999987 ], [ 121.000162405000083, 14.612092700000176 ], [ 120.999730619000047, 14.611817200000132 ], [ 120.997637132000136, 14.614009828000178 ], [ 120.998030484000196, 14.614379663000136 ], [ 120.999117999000191, 14.613256934000049 ] ] ] } },
{ "type": "Feature", "properties": { "name": "Barangay 524" }, "geometry": { "type": "Polygon", "coordinates": [ [ [ 120.999759468000093, 14.613984738000056 ], [ 121.00050403500029, 14.612230685000156 ], [ 121.000162405000083, 14.612092700000176 ], [ 120.999534795000045, 14.613667572999987 ], [ 120.999117999000191, 14.613256934000049 ], [ 120.998030484000196, 14.614379663000136 ], [ 120.998711093000111, 14.615011977000052 ], [ 120.999759468000093, 14.613984738000056 ] ] ] } },
{ "type": "Feature", "properties": { "name": "Barangay 525" }, "geometry": { "type": "Polygon", "coordinates": [ [ [ 121.000395477000211, 14.614718093000079 ], [ 121.001388987000155, 14.614575377000165 ], [ 121.000924991000147, 14.613065477000134 ], [ 121.001045437000016, 14.612422701000014 ], [ 121.00050403500029, 14.612230685000156 ], [ 120.999759468000093, 14.613984738000056 ], [ 121.000216738000063, 14.614141260000054 ], [ 121.000395477000211, 14.614718093000079 ] ] ] } },
{ "type": "Feature", "properties": { "name": "Barangay 526" }, "geometry": { "type": "Polygon", "coordinates": [ [ [ 120.999121461000072, 14.615395157000137 ], [ 121.000395477000211, 14.614718093000079 ], [ 121.000216738000063, 14.614141260000054 ], [ 120.999759468000093, 14.613984738000056 ], [ 120.998711093000111, 14.615011977000052 ], [ 120.999121461000072, 14.615395157000137 ] ] ] } },
{ "type": "Feature", "properties": { "name": "Barangay 527" }, "geometry": { "type": "Polygon", "coordinates": [ [ [ 121.002423018000172, 14.614951151000184 ], [ 121.00345505100006, 14.614365927000051 ], [ 121.00267546300006, 14.613495991000036 ], [ 121.001564116000168, 14.613305738000179 ], [ 121.001932718000148, 14.61448338800011 ], [ 121.002217816000098, 14.614350843000068 ], [ 121.002423018000172, 14.614951151000184 ] ] ] } },
{ "type": "Feature", "properties": { "name": "Barangay 528" }, "geometry": { "type": "Polygon", "coordinates": [ [ [ 121.000414801000034, 14.615584941 ], [ 121.001349702000198, 14.615291115000048 ], [ 121.001388987000155, 14.614575377000165 ], [ 120.999747661000015, 14.614900160000104 ], [ 120.999121461000072, 14.615395157000137 ], [ 120.999982434000231, 14.616181247000156 ], [ 121.000414801000034, 14.615584941 ] ] ] } },
{ "type": "Feature", "properties": { "name": "Barangay 529" }, "geometry": { "type": "Polygon", "coordinates": [ [ [ 121.001349702000198, 14.615291115000048 ], [ 121.002423018000172, 14.614951151000184 ], [ 121.002217816000098, 14.614350843000068 ], [ 121.001932718000148, 14.61448338800011 ], [ 121.001564116000168, 14.613305738000179 ], [ 121.001008540000043, 14.613469466000026 ], [ 121.001398903000108, 14.614625569000054 ], [ 121.001349702000198, 14.615291115000048 ] ] ] } },
{ "type": "Feature", "properties": { "name": "Barangay 530" }, "geometry": { "type": "Polygon", "coordinates": [ [ [ 121.000992491000034, 14.61709657200015 ], [ 121.001950269000076, 14.616407541000058 ], [ 121.00157067900011, 14.615213409000035 ], [ 121.000414801000034, 14.615584941 ], [ 120.999982434000231, 14.616181247000156 ], [ 121.000992491000034, 14.61709657200015 ] ] ] } },
{ "type": "Feature", "properties": { "name": "Barangay 531" }, "geometry": { "type": "Polygon", "coordinates": [ [ [ 121.003832802000147, 14.614943856000025 ], [ 121.00345505100006, 14.614365927000051 ], [ 121.00157067900011, 14.615213409000035 ], [ 121.001807823000036, 14.616203801999973 ], [ 121.001950269000076, 14.616407541000058 ], [ 121.003832802000147, 14.614943856000025 ] ] ] } },
{ "type": "Feature", "properties": { "name": "Barangay 532" }, "geometry": { "type": "Polygon", "coordinates": [ [ [ 121.001008540000043, 14.613469466000026 ], [ 121.001932060000058, 14.613278934000107 ], [ 121.002196323000021, 14.612404847000164 ], [ 121.001143044000173, 14.61230576600002 ], [ 121.000911363000114, 14.612956460000078 ], [ 121.001008540000043, 14.613469466000026 ] ] ] } },
{ "type": "Feature", "properties": { "name": "Barangay 533" }, "geometry": { "type": "Polygon", "coordinates": [ [ [ 121.003019286000153, 14.613653179000039 ], [ 121.003348234000214, 14.612895169000069 ], [ 121.002196323000021, 14.612404847000164 ], [ 121.001932060000058, 14.613278934000107 ], [ 121.003019286000153, 14.613653179000039 ] ] ] } },
{ "type": "Feature", "properties": { "name": "Barangay 534" }, "geometry": { "type": "Polygon", "coordinates": [ [ [ 121.003387565000139, 14.612795054 ], [ 121.00409882200006, 14.612069710000071 ], [ 121.003331314000206, 14.611538361000044 ], [ 121.00271417700003, 14.611357542000121 ], [ 121.002340795, 14.612441457000159 ], [ 121.003387565000139, 14.612795054 ] ] ] } },
{ "type": "Feature", "properties": { "name": "Barangay 535" }, "geometry": { "type": "Polygon", "coordinates": [ [ [ 121.00271417700003, 14.611357542000121 ], [ 121.001869379000141, 14.611090804000071 ], [ 121.001260504000129, 14.612198015000104 ], [ 121.002340795, 14.612441457000159 ], [ 121.00271417700003, 14.611357542000121 ] ] ] } },
{ "type": "Feature", "properties": { "name": "Barangay 536" }, "geometry": { "type": "Polygon", "coordinates": [ [ [ 121.004049666000128, 14.613597292000122 ], [ 121.004957177000165, 14.613012075000142 ], [ 121.00409882200006, 14.612069710000071 ], [ 121.003348234000214, 14.612895169000069 ], [ 121.004049666000128, 14.613597292000122 ] ] ] } },
{ "type": "Feature", "properties": { "name": "Barangay 537" }, "geometry": { "type": "Polygon", "coordinates": [ [ [ 121.003898147000086, 14.614892335000093 ], [ 121.004447499000094, 14.614451363 ], [ 121.003936974000226, 14.613676342000133 ], [ 121.004049666000128, 14.613597292000122 ], [ 121.003348234000214, 14.612895169000069 ], [ 121.002960401000109, 14.613739831000146 ], [ 121.003898147000086, 14.614892335000093 ] ] ] } },
{ "type": "Feature", "properties": { "name": "Barangay 538" }, "geometry": { "type": "Polygon", "coordinates": [ [ [ 121.004447499000094, 14.614451363 ], [ 121.005260613000019, 14.613862015000109 ], [ 121.004957177000165, 14.613012075000142 ], [ 121.003936974000226, 14.613676342000133 ], [ 121.004447499000094, 14.614451363 ] ] ] } },
{ "type": "Feature", "properties": { "name": "Barangay 539" }, "geometry": { "type": "Polygon", "coordinates": [ [ [ 121.004256416000203, 14.612012015000175 ], [ 121.005636568000114, 14.611926202000063 ], [ 121.005784628000129, 14.611599160000026 ], [ 121.004366399000105, 14.610146170000064 ], [ 121.003659576000018, 14.610589146000109 ], [ 121.003589483000155, 14.61027763300018 ], [ 121.00241410700005, 14.60988298500007 ], [ 121.001976482000032, 14.611123233000171 ], [ 121.004256416000203, 14.612012015000175 ] ] ] } },
{ "type": "Feature", "properties": { "name": "Barangay 540" }, "geometry": { "type": "Polygon", "coordinates": [ [ [ 121.005271592000099, 14.613859173000037 ], [ 121.006076685000039, 14.613196324 ], [ 121.005445661000067, 14.61189355800002 ], [ 121.00409882200006, 14.612069710000071 ], [ 121.004884422000259, 14.612874368 ], [ 121.005271592000099, 14.613859173000037 ] ] ] } },
{ "type": "Feature", "properties": { "name": "Barangay 541" }, "geometry": { "type": "Polygon", "coordinates": [ [ [ 121.006090164000057, 14.613185694000038 ], [ 121.006968043000256, 14.612466746000052 ], [ 121.005784628000129, 14.611599160000026 ], [ 121.005636568000114, 14.611926202000063 ], [ 121.005445661000067, 14.61189355800002 ], [ 121.006090164000057, 14.613185694000038 ] ] ] } },
{ "type": "Feature", "properties": { "name": "Barangay 542" }, "geometry": { "type": "Polygon", "coordinates": [ [ [ 121.00109467700031, 14.609113349000154 ], [ 121.000578548000021, 14.608648706000167 ], [ 120.999562205000188, 14.609696160000112 ], [ 121.000072127000067, 14.61017210100016 ], [ 121.00109467700031, 14.609113349000154 ] ] ] } },
{ "type": "Feature", "properties": { "name": "Barangay 543" }, "geometry": { "type": "Polygon", "coordinates": [ [ [ 121.000072127000067, 14.61017210100016 ], [ 120.999562205000188, 14.609696160000112 ], [ 120.998544567000181, 14.610750068000129 ], [ 120.999060778000171, 14.61121969300018 ], [ 121.000072127000067, 14.61017210100016 ] ] ] } },
{ "type": "Feature", "properties": { "name": "Barangay 544" }, "geometry": { "type": "Polygon", "coordinates": [ [ [ 120.998544567000181, 14.610750068000129 ], [ 121.000578548000021, 14.608648706000167 ], [ 121.002576211000019, 14.606580370000074 ], [ 121.002394304000063, 14.606467811000073 ], [ 120.998410948000014, 14.610628548000022 ], [ 120.998544567000181, 14.610750068000129 ] ] ] } },
{ "type": "Feature", "properties": { "name": "Barangay 545" }, "geometry": { "type": "Polygon", "coordinates": [ [ [ 121.002857387000176, 14.608821305000106 ], [ 121.002481925000211, 14.60871008700019 ], [ 121.00211500100022, 14.608063873000162 ], [ 121.001532950000069, 14.608658974000093 ], [ 121.002594942000201, 14.609564310000053 ], [ 121.002857387000176, 14.608821305000106 ] ] ] } },
{ "type": "Feature", "properties": { "name": "Barangay 546" }, "geometry": { "type": "Polygon", "coordinates": [ [ [ 121.002692453, 14.608771071000035 ], [ 121.003567799000166, 14.607811122000101 ], [ 121.003467662000276, 14.607369801000118 ], [ 121.003183466000223, 14.606949581000151 ], [ 121.00211500100022, 14.608063873000162 ], [ 121.002481925000211, 14.60871008700019 ], [ 121.002692453, 14.608771071000035 ] ] ] } },
{ "type": "Feature", "properties": { "name": "Barangay 547" }, "geometry": { "type": "Polygon", "coordinates": [ [ [ 121.001045437000016, 14.612422701000014 ], [ 121.001976482000032, 14.611123233000171 ], [ 121.002358088000165, 14.610039940000149 ], [ 121.002095390000022, 14.609953010000083 ], [ 121.001716645000101, 14.611040667999987 ], [ 121.000841284000217, 14.610929986000087 ], [ 121.000344380000115, 14.610636226000111 ], [ 120.999909707000143, 14.611992335000139 ], [ 121.001045437000016, 14.612422701000014 ] ] ] } },
{ "type": "Feature", "properties": { "name": "Barangay 548" }, "geometry": { "type": "Polygon", "coordinates": [ [ [ 120.999909707000143, 14.611992335000139 ], [ 121.000349985000184, 14.610524124000051 ], [ 121.000072127000067, 14.61017210100016 ], [ 120.999060778000171, 14.61121969300018 ], [ 120.999909707000143, 14.611992335000139 ] ] ] } },
{ "type": "Feature", "properties": { "name": "Barangay 549" }, "geometry": { "type": "Polygon", "coordinates": [ [ [ 121.004366399000105, 14.610146170000064 ], [ 121.003851447000102, 14.609121124000183 ], [ 121.003383529000189, 14.608977180000124 ], [ 121.00302587300007, 14.610089788000039 ], [ 121.003589483000155, 14.61027763300018 ], [ 121.003659576000018, 14.610589146000109 ], [ 121.004366399000105, 14.610146170000064 ] ] ] } },
{ "type": "Feature", "properties": { "name": "Barangay 550" }, "geometry": { "type": "Polygon", "coordinates": [ [ [ 121.00109467700031, 14.609113349000154 ], [ 121.00211500100022, 14.608063873000162 ], [ 121.001594495000063, 14.60759684400017 ], [ 121.000578548000021, 14.608648706000167 ], [ 121.00109467700031, 14.609113349000154 ] ] ] } },
{ "type": "Feature", "properties": { "name": "Barangay 551" }, "geometry": { "type": "Polygon", "coordinates": [ [ [ 121.003183466000223, 14.606949581000151 ], [ 121.002576211000019, 14.606580370000074 ], [ 121.001594495000063, 14.60759684400017 ], [ 121.00211500100022, 14.608063873000162 ], [ 121.003183466000223, 14.606949581000151 ] ] ] } },
{ "type": "Feature", "properties": { "name": "Barangay 552" }, "geometry": { "type": "Polygon", "coordinates": [ [ [ 121.003383529000189, 14.608977180000124 ], [ 121.003851447000102, 14.609121124000183 ], [ 121.003567799000166, 14.607811122000101 ], [ 121.002692453, 14.608771071000035 ], [ 121.002857387000176, 14.608821305000106 ], [ 121.00241410700005, 14.60988298500007 ], [ 121.00302587300007, 14.610089788000039 ], [ 121.003383529000189, 14.608977180000124 ] ] ] } },
{ "type": "Feature", "properties": { "name": "Barangay 553" }, "geometry": { "type": "Polygon", "coordinates": [ [ [ 121.002358088000165, 14.610039940000149 ], [ 121.002511505000143, 14.60951187600017 ], [ 121.001532950000069, 14.608658974000093 ], [ 121.00109467700031, 14.609113349000154 ], [ 121.001937966000014, 14.60989413599998 ], [ 121.002358088000165, 14.610039940000149 ] ] ] } },
{ "type": "Feature", "properties": { "name": "Barangay 554" }, "geometry": { "type": "Polygon", "coordinates": [ [ [ 121.002095390000022, 14.609953010000083 ], [ 121.00109467700031, 14.609113349000154 ], [ 121.000072127000067, 14.61017210100016 ], [ 121.000344380000115, 14.610636226000111 ], [ 121.000841284000217, 14.610929986000087 ], [ 121.001716645000101, 14.611040667999987 ], [ 121.002095390000022, 14.609953010000083 ] ] ] } },
{ "type": "Feature", "properties": { "name": "Barangay 555" }, "geometry": { "type": "Polygon", "coordinates": [ [ [ 121.006968043000256, 14.612466746000052 ], [ 121.009284736000041, 14.610682411000084 ], [ 121.008969023000077, 14.610294956000132 ], [ 121.006615671000077, 14.612116105000098 ], [ 121.006968043000256, 14.612466746000052 ] ] ] } },
{ "type": "Feature", "properties": { "name": "Barangay 556" }, "geometry": { "type": "Polygon", "coordinates": [ [ [ 121.006615671000077, 14.612116105000098 ], [ 121.008969023000077, 14.610294956000132 ], [ 121.008732950000194, 14.610007323000048 ], [ 121.006273179000118, 14.611890206000112 ], [ 121.006615671000077, 14.612116105000098 ] ] ] } },
{ "type": "Feature", "properties": { "name": "Barangay 557" }, "geometry": { "type": "Polygon", "coordinates": [ [ [ 121.006273179000118, 14.611890206000112 ], [ 121.008732950000194, 14.610007323000048 ], [ 121.008518705000142, 14.609754489000068 ], [ 121.005984186000092, 14.61170653500011 ], [ 121.006273179000118, 14.611890206000112 ] ] ] } },
{ "type": "Feature", "properties": { "name": "Barangay 558" }, "geometry": { "type": "Polygon", "coordinates": [ [ [ 121.008518705000142, 14.609754489000068 ], [ 121.008297491000121, 14.609474372000079 ], [ 121.005644636000056, 14.611517897000112 ], [ 121.005984186000092, 14.61170653500011 ], [ 121.008518705000142, 14.609754489000068 ] ] ] } },
{ "type": "Feature", "properties": { "name": "Barangay 559" }, "geometry": { "type": "Polygon", "coordinates": [ [ [ 121.005644636000056, 14.611517897000112 ], [ 121.008297491000121, 14.609474372000079 ], [ 121.008069014000171, 14.609195838000119 ], [ 121.005386174000023, 14.611272787000132 ], [ 121.005644636000056, 14.611517897000112 ] ] ] } },
{ "type": "Feature", "properties": { "name": "Barangay 560" }, "geometry": { "type": "Polygon", "coordinates": [ [ [ 121.00929601200005, 14.610673834000011 ], [ 121.010434773000043, 14.609784532000162 ], [ 121.009880406000093, 14.609107860000108 ], [ 121.008732950000194, 14.610007323000048 ], [ 121.00929601200005, 14.610673834000011 ] ] ] } },
{ "type": "Feature", "properties": { "name": "Barangay 561" }, "geometry": { "type": "Polygon", "coordinates": [ [ [ 121.005386174000023, 14.611272787000132 ], [ 121.008069014000171, 14.609195838000119 ], [ 121.007734016000313, 14.608785626000099 ], [ 121.005056240000044, 14.610848157000135 ], [ 121.005386174000023, 14.611272787000132 ] ] ] } },
{ "type": "Feature", "properties": { "name": "Barangay 562" }, "geometry": { "type": "Polygon", "coordinates": [ [ [ 121.005056240000044, 14.610848157000135 ], [ 121.007734016000313, 14.608785626000099 ], [ 121.007388256000127, 14.60836619100013 ], [ 121.004708891000064, 14.610432795000065 ], [ 121.005056240000044, 14.610848157000135 ] ] ] } },
{ "type": "Feature", "properties": { "name": "Barangay 563" }, "geometry": { "type": "Polygon", "coordinates": [ [ [ 121.004708891000064, 14.610432795000065 ], [ 121.007388256000127, 14.60836619100013 ], [ 121.007179093000104, 14.608105412000157 ], [ 121.004429553000023, 14.610238473000152 ], [ 121.004708891000064, 14.610432795000065 ] ] ] } },
{ "type": "Feature", "properties": { "name": "Barangay 564" }, "geometry": { "type": "Polygon", "coordinates": [ [ [ 121.004429553000023, 14.610238473000152 ], [ 121.007179093000104, 14.608105412000157 ], [ 121.006933077000213, 14.607805229000064 ], [ 121.004235232000042, 14.609898409999971 ], [ 121.004429553000023, 14.610238473000152 ] ] ] } },
{ "type": "Feature", "properties": { "name": "Barangay 565" }, "geometry": { "type": "Polygon", "coordinates": [ [ [ 121.004235232000042, 14.609898409999971 ], [ 121.008104471000138, 14.60690009800004 ], [ 121.007704437000257, 14.606376668000109 ], [ 121.003963182000234, 14.609451471000057 ], [ 121.004235232000042, 14.609898409999971 ] ] ] } },
{ "type": "Feature", "properties": { "name": "Barangay 566" }, "geometry": { "type": "Polygon", "coordinates": [ [ [ 121.009124237000151, 14.608178243000054 ], [ 121.008104471000138, 14.60690009800004 ], [ 121.006933077000213, 14.607805229000064 ], [ 121.007966337000084, 14.609067112000105 ], [ 121.009124237000151, 14.608178243000054 ] ] ] } },
{ "type": "Feature", "properties": { "name": "Barangay 567" }, "geometry": { "type": "Polygon", "coordinates": [ [ [ 121.003963182000234, 14.609451471000057 ], [ 121.007704437000257, 14.606376668000109 ], [ 121.007402530000036, 14.60597503200006 ], [ 121.00376886000015, 14.608730052000112 ], [ 121.003963182000234, 14.609451471000057 ] ] ] } },
{ "type": "Feature", "properties": { "name": "Barangay 568" }, "geometry": { "type": "Polygon", "coordinates": [ [ [ 121.009880406000093, 14.609107860000108 ], [ 121.009124237000151, 14.608178243000054 ], [ 121.007966337000084, 14.609067112000105 ], [ 121.008732950000194, 14.610007323000048 ], [ 121.009880406000093, 14.609107860000108 ] ] ] } },
{ "type": "Feature", "properties": { "name": "Barangay 569" }, "geometry": { "type": "Polygon", "coordinates": [ [ [ 121.007598095000162, 14.605843118 ], [ 121.009461332000228, 14.604605666000111 ], [ 121.008410908000201, 14.604452760000072 ], [ 121.008237365000127, 14.604228176000163 ], [ 121.007011448000071, 14.605019509000158 ], [ 121.007598095000162, 14.605843118 ] ] ] } },
{ "type": "Feature", "properties": { "name": "Barangay 570" }, "geometry": { "type": "Polygon", "coordinates": [ [ [ 121.00713553300011, 14.606176868000091 ], [ 121.007598095000162, 14.605843118 ], [ 121.006364862000055, 14.604060197000024 ], [ 121.00675745, 14.603894133000153 ], [ 121.006638912000085, 14.603664660000049 ], [ 121.008184829000015, 14.603284715000143 ], [ 121.008200564000049, 14.602487224000186 ], [ 121.005344698000158, 14.603679051000086 ], [ 121.00713553300011, 14.606176868000091 ] ] ] } },
{ "type": "Feature", "properties": { "name": "Barangay 571" }, "geometry": { "type": "Polygon", "coordinates": [ [ [ 121.005518703000121, 14.606068734000189 ], [ 121.006526854000072, 14.605342237000059 ], [ 121.005670388000112, 14.604145340000059 ], [ 121.004608412000152, 14.604984331000082 ], [ 121.005518703000121, 14.606068734000189 ] ] ] } },
{ "type": "Feature", "properties": { "name": "Barangay 572" }, "geometry": { "type": "Polygon", "coordinates": [ [ [ 121.00713553300011, 14.606176868000091 ], [ 121.006526854000072, 14.605342237000059 ], [ 121.005518703000121, 14.606068734000189 ], [ 121.006188055000052, 14.606895811000129 ], [ 121.00713553300011, 14.606176868000091 ] ] ] } },
{ "type": "Feature", "properties": { "name": "Barangay 573" }, "geometry": { "type": "Polygon", "coordinates": [ [ [ 121.004627990000017, 14.607205804000159 ], [ 121.003800130000059, 14.606177722000155 ], [ 121.003083876000119, 14.606879139 ], [ 121.003428797000197, 14.607236205000049 ], [ 121.003610974000026, 14.607986772000118 ], [ 121.004627990000017, 14.607205804000159 ] ] ] } },
{ "type": "Feature", "properties": { "name": "Barangay 574" }, "geometry": { "type": "Polygon", "coordinates": [ [ [ 121.00563047300011, 14.606206169000131 ], [ 121.004961943000012, 14.605386505000126 ], [ 121.003880139000216, 14.606277322000039 ], [ 121.004510243000141, 14.607060985000146 ], [ 121.00563047300011, 14.606206169000131 ] ] ] } },
{ "type": "Feature", "properties": { "name": "Barangay 575" }, "geometry": { "type": "Polygon", "coordinates": [ [ [ 121.006188055000052, 14.606895811000129 ], [ 121.00563047300011, 14.606206169000131 ], [ 121.004510243000141, 14.607060985000146 ], [ 121.00506150800004, 14.607749970000043 ], [ 121.006188055000052, 14.606895811000129 ] ] ] } },
{ "type": "Feature", "properties": { "name": "Barangay 576" }, "geometry": { "type": "Polygon", "coordinates": [ [ [ 121.003800130000059, 14.606177722000155 ], [ 121.003880139000216, 14.606277322000039 ], [ 121.004961943000012, 14.605386505000126 ], [ 121.004608412000152, 14.604984331000082 ], [ 121.005670388000112, 14.604145340000059 ], [ 121.005344698000158, 14.603679051000086 ], [ 121.004665288000069, 14.604150254999979 ], [ 121.002394304000063, 14.606467811000073 ], [ 121.003083876000119, 14.606879139 ], [ 121.003800130000059, 14.606177722000155 ] ] ] } },
{ "type": "Feature", "properties": { "name": "Barangay 577" }, "geometry": { "type": "Polygon", "coordinates": [ [ [ 121.00506150800004, 14.607749970000043 ], [ 121.004627990000017, 14.607205804000159 ], [ 121.003610974000026, 14.607986772000118 ], [ 121.00376886000015, 14.608730052000112 ], [ 121.00506150800004, 14.607749970000043 ] ] ] } },
{ "type": "Feature", "properties": { "name": "Barangay 578" }, "geometry": { "type": "Polygon", "coordinates": [ [ [ 121.010112864, 14.604193505000012 ], [ 121.010167178000188, 14.603509673000133 ], [ 121.008184829000015, 14.603284715000143 ], [ 121.008091794000052, 14.604000707000068 ], [ 121.008410908000201, 14.604452760000072 ], [ 121.009461332000228, 14.604605666000111 ], [ 121.010112864, 14.604193505000012 ] ] ] } },
{ "type": "Feature", "properties": { "name": "Barangay 579" }, "geometry": { "type": "Polygon", "coordinates": [ [ [ 121.010167178000188, 14.603509673000133 ], [ 121.010388370000214, 14.602179023000133 ], [ 121.008823941000173, 14.602038905000086 ], [ 121.008200564000049, 14.602487224000186 ], [ 121.008184829000015, 14.603284715000143 ], [ 121.010167178000188, 14.603509673000133 ] ] ] } },
{ "type": "Feature", "properties": { "name": "Barangay 580" }, "geometry": { "type": "Polygon", "coordinates": [ [ [ 121.008237365000127, 14.604228176000163 ], [ 121.008091794000052, 14.604000707000068 ], [ 121.008184829000015, 14.603284715000143 ], [ 121.006638912000085, 14.603664660000049 ], [ 121.00675745, 14.603894133000153 ], [ 121.006364862000055, 14.604060197000024 ], [ 121.007011448000071, 14.605019509000158 ], [ 121.008237365000127, 14.604228176000163 ] ] ] } },
{ "type": "Feature", "properties": { "name": "Barangay 581" }, "geometry": { "type": "Polygon", "coordinates": [ [ [ 121.00981869900022, 14.607871671000055 ], [ 121.009229047000076, 14.607640001000107 ], [ 121.00912010900015, 14.607365437000112 ], [ 121.011333063000166, 14.606265628000131 ], [ 121.01341764100016, 14.602429787000119 ], [ 121.010296817000039, 14.602224800000101 ], [ 121.010112864, 14.604193505000012 ], [ 121.007402530000036, 14.60597503200006 ], [ 121.009231765000209, 14.608312691000151 ], [ 121.00981869900022, 14.607871671000055 ] ] ] } },
{ "type": "Feature", "properties": { "name": "Barangay 582" }, "geometry": { "type": "Polygon", "coordinates": [ [ [ 121.010434773000043, 14.609784532000162 ], [ 121.011615213000027, 14.608894794000093 ], [ 121.010767664000014, 14.608421400000168 ], [ 121.009880406000093, 14.609107860000108 ], [ 121.010434773000043, 14.609784532000162 ] ] ] } },
{ "type": "Feature", "properties": { "name": "Barangay 583" }, "geometry": { "type": "Polygon", "coordinates": [ [ [ 121.010767664000014, 14.608421400000168 ], [ 121.00981869900022, 14.607871671000055 ], [ 121.009231765000209, 14.608312691000151 ], [ 121.009880406000093, 14.609107860000108 ], [ 121.010767664000014, 14.608421400000168 ] ] ] } },
{ "type": "Feature", "properties": { "name": "Barangay 584" }, "geometry": { "type": "Polygon", "coordinates": [ [ [ 121.011615213000027, 14.608894794000093 ], [ 121.013985596000111, 14.607153294000057 ], [ 121.014083889000176, 14.606150715000126 ], [ 121.011948557000096, 14.605952184000159 ], [ 121.00912010900015, 14.607365437000112 ], [ 121.009229047000076, 14.607640001000107 ], [ 121.009694220000142, 14.607743177000089 ], [ 121.011615213000027, 14.608894794000093 ] ] ] } },
{ "type": "Feature", "properties": { "name": "Barangay 585" }, "geometry": { "type": "Polygon", "coordinates": [ [ [ 121.011755981000078, 14.6060436140001 ], [ 121.014083889000176, 14.606150715000126 ], [ 121.014205000000175, 14.603997321000122 ], [ 121.01341764100016, 14.602429787000119 ], [ 121.011333063000166, 14.606265628000131 ], [ 121.011755981000078, 14.6060436140001 ] ] ] } },
{ "type": "Feature", "properties": { "name": "Barangay 586" }, "geometry": { "type": "Polygon", "coordinates": [ [ [ 121.014038800000094, 14.607047990000069 ], [ 121.017493109000156, 14.604426072000024 ], [ 121.015853748000154, 14.602860483000029 ], [ 121.014832179000109, 14.602530961000127 ], [ 121.01341764100016, 14.602429787000119 ], [ 121.014205000000175, 14.603997321000122 ], [ 121.014038800000094, 14.607047990000069 ] ] ] } },
{ "type": "Feature", "properties": { "name": "Barangay 587" }, "geometry": { "type": "Polygon", "coordinates": [ [ [ 121.014486163000015, 14.602498007000065 ], [ 121.015192692000028, 14.600932589000024 ], [ 121.015799779000076, 14.60048824100005 ], [ 121.016012369, 14.599820118000082 ], [ 121.015197155000124, 14.599580360000175 ], [ 121.014729604000081, 14.599652283000182 ], [ 121.013316572, 14.600715683000033 ], [ 121.011710890000018, 14.60227776000005 ], [ 121.014486163000015, 14.602498007000065 ] ] ] } },
{ "type": "Feature", "properties": { "name": "Barangay 587-A" }, "geometry": { "type": "Polygon", "coordinates": [ [ [ 121.015853748000154, 14.602860483000029 ], [ 121.016346202000022, 14.601576008999984 ], [ 121.015104941000118, 14.601179286000104 ], [ 121.014486163000015, 14.602498007000065 ], [ 121.015853748000154, 14.602860483000029 ] ] ] } },
{ "type": "Feature", "properties": { "name": "Barangay 588" }, "geometry": { "type": "Polygon", "coordinates": [ [ [ 121.016346202000022, 14.601576008999984 ], [ 121.016827583, 14.600083850999965 ], [ 121.016012369, 14.599820118000082 ], [ 121.015799779000076, 14.60048824100005 ], [ 121.015380267000182, 14.600713768000162 ], [ 121.015104941000118, 14.601179286000104 ], [ 121.016346202000022, 14.601576008999984 ] ] ] } },
{ "type": "Feature", "properties": { "name": "Barangay 589" }, "geometry": { "type": "Polygon", "coordinates": [ [ [ 121.016827583, 14.600083850999965 ], [ 121.01760766700022, 14.597636268000088 ], [ 121.016527851000092, 14.597407906000171 ], [ 121.015797124000073, 14.59975961400005 ], [ 121.016827583, 14.600083850999965 ] ] ] } },
{ "type": "Feature", "properties": { "name": "Barangay 590" }, "geometry": { "type": "Polygon", "coordinates": [ [ [ 121.014202036000256, 14.599469742000053 ], [ 121.015815719000102, 14.59712890000003 ], [ 121.015374776000158, 14.596791475999964 ], [ 121.01300303700009, 14.598535126 ], [ 121.014202036000256, 14.599469742000053 ] ] ] } },
{ "type": "Feature", "properties": { "name": "Barangay 591" }, "geometry": { "type": "Polygon", "coordinates": [ [ [ 121.013316572, 14.600715683000033 ], [ 121.01487346600004, 14.599592346000065 ], [ 121.015797124000073, 14.59975961400005 ], [ 121.016527851000092, 14.597407906000171 ], [ 121.015626963000159, 14.597480697000094 ], [ 121.014202036000256, 14.599469742000053 ], [ 121.012944964000212, 14.598496369000088 ], [ 121.012020220000068, 14.599337933000072 ], [ 121.013316572, 14.600715683000033 ] ] ] } },
{ "type": "Feature", "properties": { "name": "Barangay 592" }, "geometry": { "type": "Polygon", "coordinates": [ [ [ 121.013316572, 14.600715683000033 ], [ 121.012020220000068, 14.599337933000072 ], [ 121.010890734000213, 14.600273904000176 ], [ 121.012318743000151, 14.601638615000013 ], [ 121.013316572, 14.600715683000033 ] ] ] } },
{ "type": "Feature", "properties": { "name": "Barangay 593" }, "geometry": { "type": "Polygon", "coordinates": [ [ [ 121.011710890000018, 14.60227776000005 ], [ 121.012318743000151, 14.601638615000013 ], [ 121.010890734000213, 14.600273904000176 ], [ 121.008823941000173, 14.602038905000086 ], [ 121.011710890000018, 14.60227776000005 ] ] ] } },
{ "type": "Feature", "properties": { "name": "Barangay 594" }, "geometry": { "type": "Polygon", "coordinates": [ [ [ 121.017493109000156, 14.604426072000024 ], [ 121.018318352000165, 14.603730381000105 ], [ 121.017000366000161, 14.602305174000037 ], [ 121.016083661000039, 14.602362751000101 ], [ 121.015853748000154, 14.602860483000029 ], [ 121.017493109000156, 14.604426072000024 ] ] ] } },
{ "type": "Feature", "properties": { "name": "Barangay 595" }, "geometry": { "type": "Polygon", "coordinates": [ [ [ 121.018318352000165, 14.603730381000105 ], [ 121.019622657000014, 14.603057785000033 ], [ 121.019589315000076, 14.602465719000065 ], [ 121.019860053000116, 14.601933072000122 ], [ 121.019600518000175, 14.601818903000037 ], [ 121.019549308000023, 14.601511642000105 ], [ 121.016147484000157, 14.602166270000055 ], [ 121.016083661000039, 14.602362751000101 ], [ 121.016224341000338, 14.602409642000111 ], [ 121.017000366000161, 14.602305174000037 ], [ 121.018318352000165, 14.603730381000105 ] ] ] } },
{ "type": "Feature", "properties": { "name": "Barangay 596" }, "geometry": { "type": "Polygon", "coordinates": [ [ [ 121.016147484000157, 14.602166270000055 ], [ 121.01939724100032, 14.601521511000101 ], [ 121.019549308000023, 14.601511642000105 ], [ 121.018998881000016, 14.601432774000159 ], [ 121.017795027000147, 14.60166509700008 ], [ 121.017971524000018, 14.601076140000089 ], [ 121.016638333000174, 14.600668284000108 ], [ 121.016147484000157, 14.602166270000055 ] ] ] } },
{ "type": "Feature", "properties": { "name": "Barangay 597" }, "geometry": { "type": "Polygon", "coordinates": [ [ [ 121.019907137000018, 14.60188598700006 ], [ 121.02029282400008, 14.601601987000038 ], [ 121.019993883000097, 14.601138160000119 ], [ 121.016827583, 14.600083850999965 ], [ 121.016638333000174, 14.600668284000108 ], [ 121.017971524000018, 14.601076140000089 ], [ 121.017795027000147, 14.60166509700008 ], [ 121.019078550000017, 14.601432207000187 ], [ 121.019549308000023, 14.601511642000105 ], [ 121.019600518000175, 14.601818903000037 ], [ 121.019907137000018, 14.60188598700006 ] ] ] } },
{ "type": "Feature", "properties": { "name": "Barangay 598" }, "geometry": { "type": "Polygon", "coordinates": [ [ [ 121.02038352600016, 14.601543809000191 ], [ 121.02234004900015, 14.600301572000149 ], [ 121.021712617000048, 14.599217497999973 ], [ 121.021257314000309, 14.599364724000111 ], [ 121.021056656000042, 14.598651780000068 ], [ 121.020867618000011, 14.598609055000168 ], [ 121.019999136000138, 14.598989853000091 ], [ 121.019767940000179, 14.598874877000128 ], [ 121.018885538000177, 14.599359112000172 ], [ 121.019134992000204, 14.599938100000088 ], [ 121.018406485000241, 14.600613517000113 ], [ 121.019993883000097, 14.601138160000119 ], [ 121.02038352600016, 14.601543809000191 ] ] ] } },
{ "type": "Feature", "properties": { "name": "Barangay 599" }, "geometry": { "type": "Polygon", "coordinates": [ [ [ 121.018406485000241, 14.600613517000113 ], [ 121.019134992000204, 14.599938100000088 ], [ 121.018851559000154, 14.599292859000116 ], [ 121.018389535000097, 14.598702300000184 ], [ 121.017320189000088, 14.598557031000155 ], [ 121.016827583, 14.600083850999965 ], [ 121.018406485000241, 14.600613517000113 ] ] ] } },
{ "type": "Feature", "properties": { "name": "Barangay 600" }, "geometry": { "type": "Polygon", "coordinates": [ [ [ 121.018766256000049, 14.599337419000051 ], [ 121.020867618000011, 14.598609055000168 ], [ 121.02144137900018, 14.598727821000068 ], [ 121.021695119000015, 14.598179741000024 ], [ 121.018358215000148, 14.597025542000154 ], [ 121.017625664000207, 14.597584082000026 ], [ 121.017320189000088, 14.598557031000155 ], [ 121.018409237000128, 14.59871266500005 ], [ 121.018766256000049, 14.599337419000051 ] ] ] } },
{ "type": "Feature", "properties": { "name": "Barangay 601" }, "geometry": { "type": "Polygon", "coordinates": [ [ [ 121.023462038000162, 14.599584719000063 ], [ 121.024249987000076, 14.598321758000111 ], [ 121.020448124000154, 14.596127944000159 ], [ 121.019860690000087, 14.59593613800007 ], [ 121.018358215000148, 14.597025542000154 ], [ 121.021695119000015, 14.598179741000024 ], [ 121.021505660000116, 14.598693989000083 ], [ 121.021056656000042, 14.598651780000068 ], [ 121.021236032000161, 14.599308479000115 ], [ 121.021712617000048, 14.599217497999973 ], [ 121.02234004900015, 14.600301572000149 ], [ 121.023462038000162, 14.599584719000063 ] ] ] } },
{ "type": "Feature", "properties": { "name": "Barangay 602" }, "geometry": { "type": "Polygon", "coordinates": [ [ [ 121.024249987000076, 14.598321758000111 ], [ 121.025872659000015, 14.59530157100005 ], [ 121.026169924000214, 14.5939977540001 ], [ 121.020448124000154, 14.596127944000159 ], [ 121.024249987000076, 14.598321758000111 ] ] ] } },
{ "type": "Feature", "properties": { "name": "Barangay 603" }, "geometry": { "type": "Polygon", "coordinates": [ [ [ 121.017615172000092, 14.597614504000035 ], [ 121.019174737000071, 14.596425396000086 ], [ 121.018500265000057, 14.595473311000092 ], [ 121.015772440000205, 14.596595436000086 ], [ 121.016304684000147, 14.597365840000066 ], [ 121.017615172000092, 14.597614504000035 ] ] ] } },
{ "type": "Feature", "properties": { "name": "Barangay 604" }, "geometry": { "type": "Polygon", "coordinates": [ [ [ 121.020270824000022, 14.594999646000076 ], [ 121.023190241000066, 14.593807650000031 ], [ 121.023421359000054, 14.594099573000108 ], [ 121.023692440000218, 14.593983461999983 ], [ 121.023533961000112, 14.593493617000036 ], [ 121.023771680000209, 14.593381961000034 ], [ 121.023666556000194, 14.593066910000175 ], [ 121.021369719000063, 14.594000449000077 ], [ 121.021471987000041, 14.59424500200015 ], [ 121.019849313000122, 14.594915325999978 ], [ 121.020270824000022, 14.594999646000076 ] ] ] } },
{ "type": "Feature", "properties": { "name": "Barangay 605" }, "geometry": { "type": "Polygon", "coordinates": [ [ [ 121.019860690000087, 14.59593613800007 ], [ 121.020448124000154, 14.596127944000159 ], [ 121.021710634000328, 14.595626911000181 ], [ 121.021386186000314, 14.594922078000025 ], [ 121.021801901000117, 14.594755411 ], [ 121.021669048000263, 14.594428386000061 ], [ 121.018500265000057, 14.595473311000092 ], [ 121.019174737000071, 14.596425396000086 ], [ 121.019860690000087, 14.59593613800007 ] ] ] } },
{ "type": "Feature", "properties": { "name": "Barangay 606" }, "geometry": { "type": "Polygon", "coordinates": [ [ [ 121.021710634000328, 14.595626911000181 ], [ 121.02397198600022, 14.594776835000175 ], [ 121.023692440000218, 14.593983461999983 ], [ 121.023421359000054, 14.594099573000108 ], [ 121.023275390000094, 14.593795486999966 ], [ 121.021669048000263, 14.594428386000061 ], [ 121.021801901000117, 14.594755411 ], [ 121.021386186000314, 14.594922078000025 ], [ 121.021710634000328, 14.595626911000181 ] ] ] } },
{ "type": "Feature", "properties": { "name": "Barangay 607" }, "geometry": { "type": "Polygon", "coordinates": [ [ [ 121.02397198600022, 14.594776835000175 ], [ 121.026169924000214, 14.5939977540001 ], [ 121.025351182000122, 14.592418656 ], [ 121.023892118000049, 14.592972126000177 ], [ 121.023822786000096, 14.592785929000115 ], [ 121.023584125000184, 14.592885540000111 ], [ 121.023771680000209, 14.593381961000034 ], [ 121.023533961000112, 14.593493617000036 ], [ 121.02397198600022, 14.594776835000175 ] ] ] } },
{ "type": "Feature", "properties": { "name": "Barangay 608" }, "geometry": { "type": "Polygon", "coordinates": [ [ [ 121.024154598000223, 14.59286899000017 ], [ 121.023705406000204, 14.592114701000185 ], [ 121.02104457300004, 14.590220971000178 ], [ 121.020695460000184, 14.590590266000106 ], [ 121.023390443000153, 14.592557805000069 ], [ 121.023584125000184, 14.592885540000111 ], [ 121.024154598000223, 14.59286899000017 ] ] ] } },
{ "type": "Feature", "properties": { "name": "Barangay 609" }, "geometry": { "type": "Polygon", "coordinates": [ [ [ 121.02188888600017, 14.591492150000079 ], [ 121.020695460000184, 14.590590266000106 ], [ 121.019455841000195, 14.591788506000114 ], [ 121.020056282000041, 14.592196667000053 ], [ 121.020287334000159, 14.591991992000089 ], [ 121.021169878000023, 14.592559634000111 ], [ 121.02188888600017, 14.591492150000079 ] ] ] } },
{ "type": "Feature", "properties": { "name": "Barangay 610" }, "geometry": { "type": "Polygon", "coordinates": [ [ [ 121.017186889000072, 14.594672097000057 ], [ 121.018603510000162, 14.59356744400003 ], [ 121.018321054000012, 14.593281630000035 ], [ 121.018642287000034, 14.59299677000007 ], [ 121.01889901200002, 14.593284925000034 ], [ 121.020056282000041, 14.592196667000053 ], [ 121.019455841000195, 14.591788506000114 ], [ 121.016773251000131, 14.594212231000029 ], [ 121.017186889000072, 14.594672097000057 ] ] ] } },
{ "type": "Feature", "properties": { "name": "Barangay 611" }, "geometry": { "type": "Polygon", "coordinates": [ [ [ 121.015572564000195, 14.596347899000136 ], [ 121.017515445000072, 14.595596965000027 ], [ 121.017298519000065, 14.594834225000113 ], [ 121.016773251000131, 14.594212231000029 ], [ 121.015093027000034, 14.595722653999985 ], [ 121.015572564000195, 14.596347899000136 ] ] ] } },
{ "type": "Feature", "properties": { "name": "Barangay 612" }, "geometry": { "type": "MultiPolygon", "coordinates": [ [ [ [ 121.022562758000163, 14.593526703000123 ], [ 121.0221494540001, 14.593242868000175 ], [ 121.019764241000189, 14.594253720000154 ], [ 121.019940829, 14.594592237000029 ], [ 121.022562758000163, 14.593526703000123 ] ] ], [ [ [ 121.019443736000198, 14.594796922000171 ], [ 121.019308883000122, 14.594453825000073 ], [ 121.01742292400013, 14.595221243000026 ], [ 121.017515445000072, 14.595596965000027 ], [ 121.019443736000198, 14.594796922000171 ] ] ] ] } },
{ "type": "Feature", "properties": { "name": "Barangay 613" }, "geometry": { "type": "Polygon", "coordinates": [ [ [ 121.019443736000198, 14.594796922000171 ], [ 121.019940829, 14.594592237000029 ], [ 121.019557580000196, 14.593876659000102 ], [ 121.020785704000218, 14.59335735600007 ], [ 121.020994619000021, 14.593512550000128 ], [ 121.02137215900018, 14.593355863 ], [ 121.020044054000095, 14.592506772000036 ], [ 121.019814247000227, 14.592733594000151 ], [ 121.020030624000242, 14.592906695000181 ], [ 121.019882891000179, 14.593043983000143 ], [ 121.019675468000173, 14.592864911999982 ], [ 121.019460584000171, 14.593057413 ], [ 121.019662038000092, 14.593229022000116 ], [ 121.019217726000306, 14.593594346000145 ], [ 121.018642287000034, 14.59299677000007 ], [ 121.018321054000012, 14.593281630000035 ], [ 121.019443736000198, 14.594796922000171 ] ] ] } },
{ "type": "Feature", "properties": { "name": "Barangay 614" }, "geometry": { "type": "MultiPolygon", "coordinates": [ [ [ [ 121.019460584000171, 14.593057413 ], [ 121.019675468000173, 14.592864911999982 ], [ 121.019882891000179, 14.593043983000143 ], [ 121.020030624000242, 14.592906695000181 ], [ 121.019814247000227, 14.592733594000151 ], [ 121.020044054000095, 14.592506772000036 ], [ 121.020257537000134, 14.592649526000116 ], [ 121.020584628000051, 14.592184170000166 ], [ 121.020287334000159, 14.591991992000089 ], [ 121.01889901200002, 14.593284925000034 ], [ 121.019217726000306, 14.593594346000145 ], [ 121.019662038000092, 14.593229022000116 ], [ 121.019460584000171, 14.593057413 ] ] ], [ [ [ 121.018909890000032, 14.593878734000043 ], [ 121.018603510000162, 14.59356744400003 ], [ 121.017186889000072, 14.594672097000057 ], [ 121.017320800000221, 14.594882889000075 ], [ 121.018909890000032, 14.593878734000043 ] ] ] ] } },
{ "type": "Feature", "properties": { "name": "Barangay 615" }, "geometry": { "type": "Polygon", "coordinates": [ [ [ 121.015772440000205, 14.596595436000086 ], [ 121.021471987000041, 14.59424500200015 ], [ 121.021369719000063, 14.594000449000077 ], [ 121.015572564000195, 14.596347899000136 ], [ 121.015772440000205, 14.596595436000086 ] ] ] } },
{ "type": "Feature", "properties": { "name": "Barangay 616" }, "geometry": { "type": "MultiPolygon", "coordinates": [ [ [ [ 121.019764241000189, 14.594253720000154 ], [ 121.021751089000077, 14.593422132000114 ], [ 121.0221494540001, 14.593242868000175 ], [ 121.020584628000051, 14.592184170000166 ], [ 121.020257537000134, 14.592649526000116 ], [ 121.02137215900018, 14.593355863 ], [ 121.020994619000021, 14.593512550000128 ], [ 121.020785704000218, 14.59335735600007 ], [ 121.019557580000196, 14.593876659000102 ], [ 121.019764241000189, 14.594253720000154 ] ] ], [ [ [ 121.019307313000013, 14.594450398000106 ], [ 121.018909890000032, 14.593878734000043 ], [ 121.017320800000221, 14.594882889000075 ], [ 121.01742292400013, 14.595221243000026 ], [ 121.019307313000013, 14.594450398000106 ] ] ] ] } },
{ "type": "Feature", "properties": { "name": "Barangay 617" }, "geometry": { "type": "Polygon", "coordinates": [ [ [ 121.023666556000194, 14.593066910000175 ], [ 121.023390443000153, 14.592557805000069 ], [ 121.02188888600017, 14.591492150000079 ], [ 121.021169878000023, 14.592559634000111 ], [ 121.022562758000163, 14.593526703000123 ], [ 121.023666556000194, 14.593066910000175 ] ] ] } },
{ "type": "Feature", "properties": { "name": "Barangay 618" }, "geometry": { "type": "Polygon", "coordinates": [ [ [ 121.024154598000223, 14.59286899000017 ], [ 121.025351182000122, 14.592418656 ], [ 121.021646356000019, 14.589682204999974 ], [ 121.02104457300004, 14.590220971000178 ], [ 121.023705406000204, 14.592114701000185 ], [ 121.024154598000223, 14.59286899000017 ] ] ] } },
{ "type": "Feature", "properties": { "name": "Barangay 619" }, "geometry": { "type": "Polygon", "coordinates": [ [ [ 121.015100760000223, 14.595792648000099 ], [ 121.019288236000079, 14.591942368000048 ], [ 121.016886459000034, 14.590309726000157 ], [ 121.01678710200008, 14.58945054100019 ], [ 121.016294908000077, 14.588374680000072 ], [ 121.015012605000265, 14.588866224000071 ], [ 121.014202998000201, 14.590021555000021 ], [ 121.015554951000013, 14.591127211000185 ], [ 121.015995216000306, 14.591814524000142 ], [ 121.015961973000117, 14.592409647000068 ], [ 121.015622529000098, 14.592877064000106 ], [ 121.013874923000117, 14.59370418900005 ], [ 121.01448102300003, 14.59501946600011 ], [ 121.015100760000223, 14.595792648000099 ] ] ] } },
{ "type": "Feature", "properties": { "name": "Barangay 620" }, "geometry": { "type": "Polygon", "coordinates": [ [ [ 121.020367789000034, 14.590935886000068 ], [ 121.021646356000019, 14.589682204999974 ], [ 121.02020778200017, 14.588957375000064 ], [ 121.019676151000112, 14.590297486 ], [ 121.020367789000034, 14.590935886000068 ] ] ] } },
{ "type": "Feature", "properties": { "name": "Barangay 621" }, "geometry": { "type": "Polygon", "coordinates": [ [ [ 121.013652554000146, 14.598191549000092 ], [ 121.015374776000158, 14.596791475999964 ], [ 121.015815719000102, 14.59712890000003 ], [ 121.015626963000159, 14.597480697000094 ], [ 121.016304684000147, 14.597365840000066 ], [ 121.014698709000072, 14.595385014000158 ], [ 121.013874923000117, 14.59370418900005 ], [ 121.012408376000053, 14.594209442000022 ], [ 121.013427689000082, 14.595997742 ], [ 121.013544075000141, 14.596888623000098 ], [ 121.013328041000022, 14.597862576000125 ], [ 121.013652554000146, 14.598191549000092 ] ] ] } },
{ "type": "Feature", "properties": { "name": "Barangay 622" }, "geometry": { "type": "Polygon", "coordinates": [ [ [ 121.019288236000079, 14.591942368000048 ], [ 121.020367789000034, 14.590935886000068 ], [ 121.020057439000084, 14.590607820000116 ], [ 121.019392395000068, 14.591193012000019 ], [ 121.017733971000212, 14.590107092000096 ], [ 121.017492067000035, 14.590438819999974 ], [ 121.0168631250001, 14.589989600000138 ], [ 121.016886459000034, 14.590309726000157 ], [ 121.019288236000079, 14.591942368000048 ] ] ] } },
{ "type": "Feature", "properties": { "name": "Barangay 623" }, "geometry": { "type": "Polygon", "coordinates": [ [ [ 121.019676151000112, 14.590297486 ], [ 121.02020778200017, 14.588957375000064 ], [ 121.018703580000079, 14.588528758000052 ], [ 121.018487323000045, 14.589989610000146 ], [ 121.019676151000112, 14.590297486 ] ] ] } },
{ "type": "Feature", "properties": { "name": "Barangay 624" }, "geometry": { "type": "Polygon", "coordinates": [ [ [ 121.019481067000015, 14.591157546000147 ], [ 121.020057439000084, 14.590607820000116 ], [ 121.019676151000112, 14.590297486 ], [ 121.018487323000045, 14.589989610000146 ], [ 121.018520165000041, 14.589755296000078 ], [ 121.016836224000258, 14.589783976000149 ], [ 121.016939151000201, 14.590065622 ], [ 121.017492067000035, 14.590438819999974 ], [ 121.017733971000212, 14.590107092000096 ], [ 121.019481067000015, 14.591157546000147 ] ] ] } },
{ "type": "Feature", "properties": { "name": "Barangay 625" }, "geometry": { "type": "Polygon", "coordinates": [ [ [ 121.016836224000258, 14.589783976000149 ], [ 121.018520165000041, 14.589755296000078 ], [ 121.018703580000079, 14.588528758000052 ], [ 121.016294908000077, 14.588374680000072 ], [ 121.016836224000258, 14.589783976000149 ] ] ] } },
{ "type": "Feature", "properties": { "name": "Barangay 626" }, "geometry": { "type": "Polygon", "coordinates": [ [ [ 121.006191017000106, 14.601138463000041 ], [ 121.006043421000186, 14.601117133000059 ], [ 121.006190071000219, 14.600007456000128 ], [ 121.004672976000165, 14.599855658000024 ], [ 121.004459091000172, 14.601604152000107 ], [ 121.006140716000118, 14.601776677999965 ], [ 121.006191017000106, 14.601138463000041 ] ] ] } },
{ "type": "Feature", "properties": { "name": "Barangay 627" }, "geometry": { "type": "Polygon", "coordinates": [ [ [ 121.007318281000153, 14.601894616000152 ], [ 121.008625023000036, 14.600479792000158 ], [ 121.008319083000174, 14.600208149000139 ], [ 121.006190071000219, 14.600007456000128 ], [ 121.006140716000118, 14.601776677999965 ], [ 121.007318281000153, 14.601894616000152 ] ] ] } },
{ "type": "Feature", "properties": { "name": "Barangay 628" }, "geometry": { "type": "Polygon", "coordinates": [ [ [ 121.008879871000204, 14.600205023000058 ], [ 121.010268435000171, 14.600371068000015 ], [ 121.011040644000218, 14.599840817000143 ], [ 121.010024058000113, 14.598857552000027 ], [ 121.00965088400028, 14.599351038 ], [ 121.008376539000096, 14.599270597000043 ], [ 121.007964902000026, 14.598095753000166 ], [ 121.007583495000063, 14.598202325000102 ], [ 121.007330780000188, 14.596801116000051 ], [ 121.005137137000133, 14.597167060000174 ], [ 121.004131710000024, 14.597011262000024 ], [ 121.003443107000066, 14.596678286000042 ], [ 121.002828490000184, 14.597665369000083 ], [ 121.002665273000048, 14.598168416000021 ], [ 121.003950784000153, 14.598785647000057 ], [ 121.003941502000089, 14.599098903000026 ], [ 121.004734312000096, 14.599144433000049 ], [ 121.004672976000165, 14.599855658000024 ], [ 121.008319083000174, 14.600208149000139 ], [ 121.008625023000036, 14.600479792000158 ], [ 121.008879871000204, 14.600205023000058 ] ] ] } },
{ "type": "Feature", "properties": { "name": "Barangay 629" }, "geometry": { "type": "Polygon", "coordinates": [ [ [ 121.008934953000107, 14.601923624000051 ], [ 121.011199558000044, 14.600020181000048 ], [ 121.011040644000218, 14.599840817000143 ], [ 121.010268435000171, 14.600371068000015 ], [ 121.008879871000204, 14.600205023000058 ], [ 121.007318281000153, 14.601894616000152 ], [ 121.008934953000107, 14.601923624000051 ] ] ] } },
{ "type": "Feature", "properties": { "name": "Barangay 630" }, "geometry": { "type": "Polygon", "coordinates": [ [ [ 121.011199558000044, 14.600020181000048 ], [ 121.013554126000145, 14.598095556000033 ], [ 121.013328041000022, 14.597862576000125 ], [ 121.013544075000141, 14.596888623000098 ], [ 121.013427689000082, 14.595997742 ], [ 121.012408376000053, 14.594209442000022 ], [ 121.010416072000226, 14.595556331000182 ], [ 121.007330780000188, 14.596801116000051 ], [ 121.007583495000063, 14.598202325000102 ], [ 121.007964902000026, 14.598095753000166 ], [ 121.008376539000096, 14.599270597000043 ], [ 121.00965088400028, 14.599351038 ], [ 121.010024058000113, 14.598857552000027 ], [ 121.011199558000044, 14.600020181000048 ] ] ] } },
{ "type": "Feature", "properties": { "name": "Barangay 631" }, "geometry": { "type": "Polygon", "coordinates": [ [ [ 121.004459091000172, 14.601604152000107 ], [ 121.004734312000096, 14.599144433000049 ], [ 121.003941502000089, 14.599098903000026 ], [ 121.003950784000153, 14.598785647000057 ], [ 121.003342835000012, 14.598581450000097 ], [ 121.002887804000125, 14.601439861000074 ], [ 121.004459091000172, 14.601604152000107 ] ] ] } },
{ "type": "Feature", "properties": { "name": "Barangay 632" }, "geometry": { "type": "Polygon", "coordinates": [ [ [ 121.002887804000125, 14.601439861000074 ], [ 121.003386923000107, 14.598451507000107 ], [ 121.002977949000183, 14.598286177000091 ], [ 121.002533009000103, 14.600737697000113 ], [ 121.00275992100012, 14.60076285800011 ], [ 121.002689645000146, 14.601419970000165 ], [ 121.002887804000125, 14.601439861000074 ] ] ] } },
{ "type": "Feature", "properties": { "name": "Barangay 633" }, "geometry": { "type": "Polygon", "coordinates": [ [ [ 121.002749131000087, 14.600886011000114 ], [ 121.002533009000103, 14.600737697000113 ], [ 121.002977949000183, 14.598286177000091 ], [ 121.002665273000048, 14.598168416000021 ], [ 121.002017108000018, 14.600438778000125 ], [ 121.002450575000012, 14.601395798000112 ], [ 121.002689645000146, 14.601419970000165 ], [ 121.002749131000087, 14.600886011000114 ] ] ] } },
{ "type": "Feature", "properties": { "name": "Barangay 634" }, "geometry": { "type": "Polygon", "coordinates": [ [ [ 121.002450575000012, 14.601395798000112 ], [ 121.002017108000018, 14.600438778000125 ], [ 121.002290859000027, 14.599581916000091 ], [ 120.999532604000137, 14.599373445000026 ], [ 120.998946961000115, 14.600256290000118 ], [ 120.999729663000039, 14.60095125700019 ], [ 121.00025453600017, 14.601154770000051 ], [ 121.002450575000012, 14.601395798000112 ] ] ] } },
{ "type": "Feature", "properties": { "name": "Barangay 635" }, "geometry": { "type": "Polygon", "coordinates": [ [ [ 121.002301945000227, 14.59950295100009 ], [ 121.002575849000095, 14.598601939000105 ], [ 121.000988506000112, 14.597928970000112 ], [ 121.000682405000134, 14.598533676000045 ], [ 120.999499608000065, 14.597080688000119 ], [ 120.999339574000146, 14.596531437000067 ], [ 120.999104721000322, 14.596570769000095 ], [ 120.999295077000056, 14.598302276000084 ], [ 120.999627045000011, 14.598519564000128 ], [ 120.9997236170002, 14.598869639000043 ], [ 120.999532604000137, 14.599373445000026 ], [ 121.002301945000227, 14.59950295100009 ] ] ] } },
{ "type": "Feature", "properties": { "name": "Barangay 636" }, "geometry": { "type": "Polygon", "coordinates": [ [ [ 121.002575849000095, 14.598601939000105 ], [ 121.002828490000184, 14.597665369000083 ], [ 121.003443107000066, 14.596678286000042 ], [ 121.001848258000223, 14.595848050000086 ], [ 121.000804667000125, 14.59598116899997 ], [ 120.999339574000146, 14.596531437000067 ], [ 120.999499608000065, 14.597080688000119 ], [ 121.000682405000134, 14.598533676000045 ], [ 121.000988506000112, 14.597928970000112 ], [ 121.002575849000095, 14.598601939000105 ] ] ] } },
{ "type": "Feature", "properties": { "name": "Barangay 637" }, "geometry": { "type": "Polygon", "coordinates": [ [ [ 120.998725128000274, 14.600511801000039 ], [ 120.998946961000115, 14.600256290000118 ], [ 120.997206792000043, 14.598612986000035 ], [ 120.9962242040001, 14.598738256000104 ], [ 120.996228494000093, 14.59915518300005 ], [ 120.995832488000019, 14.599765497000135 ], [ 120.998045008000304, 14.600014983000165 ], [ 120.998144128000035, 14.600359543000081 ], [ 120.998725128000274, 14.600511801000039 ] ] ] } },
{ "type": "Feature", "properties": { "name": "Barangay 638" }, "geometry": { "type": "Polygon", "coordinates": [ [ [ 120.993595913000036, 14.600688030000128 ], [ 120.994245858000227, 14.599983254000108 ], [ 120.995515905000047, 14.600159524000105 ], [ 120.996228494000093, 14.59915518300005 ], [ 120.9962242040001, 14.598738256000104 ], [ 120.995396872000015, 14.598031334999973 ], [ 120.995546142000194, 14.597695685000076 ], [ 120.996182204000206, 14.59808300800006 ], [ 120.996348918000308, 14.59785232400003 ], [ 120.99516260900009, 14.59729801400016 ], [ 120.994768665000038, 14.596667737000132 ], [ 120.991389154000103, 14.599908429000038 ], [ 120.991778175000036, 14.600671251000108 ], [ 120.992555607000099, 14.600509053000167 ], [ 120.993595913000036, 14.600688030000128 ] ] ] } },
{ "type": "Feature", "properties": { "name": "Barangay 639" }, "geometry": { "type": "Polygon", "coordinates": [ [ [ 120.996348918000308, 14.59785232400003 ], [ 120.99596465400009, 14.597195277000083 ], [ 120.99616045800019, 14.597066991000133 ], [ 120.996862653000107, 14.597249292000015 ], [ 120.996822142000042, 14.596651751000081 ], [ 120.997282808000136, 14.596128730000032 ], [ 120.996395113000176, 14.595407895000164 ], [ 120.995014770000012, 14.597076852000157 ], [ 120.995556556000111, 14.597534369000073 ], [ 120.996348918000308, 14.59785232400003 ] ] ] } },
{ "type": "Feature", "properties": { "name": "Barangay 640" }, "geometry": { "type": "Polygon", "coordinates": [ [ [ 120.998946961000115, 14.600256290000118 ], [ 120.9997236170002, 14.598869639000043 ], [ 120.999627045000011, 14.598519564000128 ], [ 120.999295077000056, 14.598302276000084 ], [ 120.999104721000322, 14.596570769000095 ], [ 120.997837780000054, 14.59648082800004 ], [ 120.997282808000136, 14.596128730000032 ], [ 120.996822142000042, 14.596651751000081 ], [ 120.996862653000107, 14.597249292000015 ], [ 120.99616045800019, 14.597066991000133 ], [ 120.99596465400009, 14.597195277000083 ], [ 120.996403526000222, 14.597640901000034 ], [ 120.996253273000093, 14.598093668999979 ], [ 120.995546142000194, 14.597695685000076 ], [ 120.995439539000131, 14.598136310000029 ], [ 120.996122422000212, 14.598718683000186 ], [ 120.997206792000043, 14.598612986000035 ], [ 120.998946961000115, 14.600256290000118 ] ] ] } },
{ "type": "Feature", "properties": { "name": "Barangay 641" }, "geometry": { "type": "Polygon", "coordinates": [ [ [ 120.991389154000103, 14.599908429000038 ], [ 120.993069051000134, 14.598288433000107 ], [ 120.994768665000038, 14.596667737000132 ], [ 120.990812313000106, 14.596488004000093 ], [ 120.990612402000124, 14.597714202000134 ], [ 120.991099550000285, 14.598659269000052 ], [ 120.991389154000103, 14.599908429000038 ] ] ] } },
{ "type": "Feature", "properties": { "name": "Barangay 642" }, "geometry": { "type": "Polygon", "coordinates": [ [ [ 120.994768665000038, 14.596667737000132 ], [ 120.993916852000211, 14.595051690999981 ], [ 120.990995430000225, 14.595331080000108 ], [ 120.990812313000106, 14.596488004000093 ], [ 120.994768665000038, 14.596667737000132 ] ] ] } },
{ "type": "Feature", "properties": { "name": "Barangay 643" }, "geometry": { "type": "Polygon", "coordinates": [ [ [ 120.995014770000012, 14.597076852000157 ], [ 120.996395113000176, 14.595407895000164 ], [ 120.995694312000182, 14.594648853000081 ], [ 120.994645401000184, 14.592902304000063 ], [ 120.993818795000152, 14.592023975000131 ], [ 120.990946789000191, 14.595167786000104 ], [ 120.990995430000225, 14.595331080000108 ], [ 120.993916852000211, 14.595051690999981 ], [ 120.995014770000012, 14.597076852000157 ] ] ] } },
{ "type": "Feature", "properties": { "name": "Barangay 644" }, "geometry": { "type": "Polygon", "coordinates": [ [ [ 120.990946789000191, 14.595167786000104 ], [ 120.993818795000152, 14.592023975000131 ], [ 120.993234660000212, 14.591660227000034 ], [ 120.992652615000111, 14.592622477000077 ], [ 120.99079044400014, 14.594584099000031 ], [ 120.990946789000191, 14.595167786000104 ] ] ] } },
{ "type": "Feature", "properties": { "name": "Barangay 645" }, "geometry": { "type": "Polygon", "coordinates": [ [ [ 120.99079044400014, 14.594584099000031 ], [ 120.992652615000111, 14.592622477000077 ], [ 120.993234660000212, 14.591660227000034 ], [ 120.991665133000083, 14.591244434000032 ], [ 120.989627398000039, 14.591293260000157 ], [ 120.989765517000137, 14.593284698000105 ], [ 120.990418691000173, 14.593496633000143 ], [ 120.99079044400014, 14.594584099000031 ] ] ] } },
{ "type": "Feature", "properties": { "name": "Barangay 646" }, "geometry": { "type": "Polygon", "coordinates": [ [ [ 120.988220328000125, 14.594261670000094 ], [ 120.989195726000162, 14.593385454000099 ], [ 120.989765517000137, 14.593284698000105 ], [ 120.989627272, 14.591289791000122 ], [ 120.986579979000226, 14.591389991000085 ], [ 120.988220328000125, 14.594261670000094 ] ] ] } },
{ "type": "Feature", "properties": { "name": "Barangay 647" }, "geometry": { "type": "Polygon", "coordinates": [ [ [ 120.984651955000345, 14.595466649000059 ], [ 120.986810453000089, 14.595130035000068 ], [ 120.98575960300002, 14.593317617000082 ], [ 120.987152016000209, 14.592442175000087 ], [ 120.986579979000226, 14.591389991000085 ], [ 120.985771647000092, 14.591559803999985 ], [ 120.984738683000046, 14.592247900000075 ], [ 120.982912895000027, 14.594456709000156 ], [ 120.983426985000051, 14.594970843000056 ], [ 120.984651955000345, 14.595466649000059 ] ] ] } },
{ "type": "Feature", "properties": { "name": "Barangay 648" }, "geometry": { "type": "Polygon", "coordinates": [ [ [ 120.986810453000089, 14.595130035000068 ], [ 120.988220328000125, 14.594261670000094 ], [ 120.987152016000209, 14.592442175000087 ], [ 120.98575960300002, 14.593317617000082 ], [ 120.986810453000089, 14.595130035000068 ] ] ] } },
{ "type": "Feature", "properties": { "name": "Barangay 659" }, "geometry": { "type": "Polygon", "coordinates": [ [ [ 120.98073045700005, 14.590361445000042 ], [ 120.985418510000045, 14.59035848100018 ], [ 120.985693026000035, 14.590155823000089 ], [ 120.982680512000229, 14.586028685000031 ], [ 120.981109570000058, 14.588824615000078 ], [ 120.98073045700005, 14.590361445000042 ] ] ] } },
{ "type": "Feature", "properties": { "name": "Barangay 659-A" }, "geometry": { "type": "Polygon", "coordinates": [ [ [ 120.97996114700004, 14.596782684000118 ], [ 120.980768768000303, 14.596656172000166 ], [ 120.981375190000222, 14.596246236000184 ], [ 120.98394916600023, 14.593047745000092 ], [ 120.984738683000046, 14.592247900000075 ], [ 120.985771647000092, 14.591559803999985 ], [ 120.986276420000195, 14.590917968000042 ], [ 120.985693026000035, 14.590155823000089 ], [ 120.985418510000045, 14.59035848100018 ], [ 120.98073045700005, 14.590361445000042 ], [ 120.98022265100019, 14.591861791000042 ], [ 120.97817661800002, 14.594364628000108 ], [ 120.977318469000011, 14.595764172000088 ], [ 120.978962300000035, 14.596594751000112 ], [ 120.97996114700004, 14.596782684000118 ] ] ] } },
{ "type": "Feature", "properties": { "name": "Barangay 660" }, "geometry": { "type": "Polygon", "coordinates": [ [ [ 120.985206696000319, 14.589546128 ], [ 120.98570755500009, 14.588290457000141 ], [ 120.984909097000127, 14.588007381000182 ], [ 120.985668375000046, 14.586307796000142 ], [ 120.982680512000229, 14.586028685000031 ], [ 120.985206696000319, 14.589546128 ] ] ] } },
{ "type": "Feature", "properties": { "name": "Barangay 660-A" }, "geometry": { "type": "Polygon", "coordinates": [ [ [ 120.985668375000046, 14.586307796000142 ], [ 120.987058705000209, 14.583217778000062 ], [ 120.984687779000069, 14.58244630900009 ], [ 120.982680512000229, 14.586028685000031 ], [ 120.985668375000046, 14.586307796000142 ] ] ] } },
{ "type": "Feature", "properties": { "name": "Barangay 661" }, "geometry": { "type": "Polygon", "coordinates": [ [ [ 120.990774037000051, 14.590067705000081 ], [ 120.990591124000161, 14.587626966000016 ], [ 120.988027524000131, 14.587329508000096 ], [ 120.987306643000124, 14.587774268000146 ], [ 120.986849107000239, 14.587681105000172 ], [ 120.986337808000144, 14.58661085000017 ], [ 120.985668375000046, 14.586307796000142 ], [ 120.984909097000127, 14.588007381000182 ], [ 120.987257950000071, 14.588564928000039 ], [ 120.988162616000295, 14.58974460200011 ], [ 120.989500172000135, 14.58969254200008 ], [ 120.990774037000051, 14.590067705000081 ] ] ] } },
{ "type": "Feature", "properties": { "name": "Barangay 666" }, "geometry": { "type": "Polygon", "coordinates": [ [ [ 120.981109570000058, 14.588824615000078 ], [ 120.984687779000069, 14.58244630900009 ], [ 120.975931508000144, 14.577820397000153 ], [ 120.975576322000052, 14.578445250000073 ], [ 120.975021972000036, 14.578017598000031 ], [ 120.97448394900016, 14.577876078000088 ], [ 120.974370154000098, 14.577384429000176 ], [ 120.97411804800015, 14.578153601 ], [ 120.973555819000126, 14.578636201000165 ], [ 120.973031532000164, 14.578101288000028 ], [ 120.972469151000041, 14.578903002000118 ], [ 120.972328297000104, 14.578818031000083 ], [ 120.972147728000209, 14.579073028000153 ], [ 120.971801607000089, 14.58023459900005 ], [ 120.972529716000054, 14.580434068000159 ], [ 120.972437893, 14.580878915000085 ], [ 120.973727867000093, 14.581184747000179 ], [ 120.973505943000077, 14.581573811000055 ], [ 120.973694574000092, 14.581919615000061 ], [ 120.979876372000035, 14.585480849000191 ], [ 120.98040050800023, 14.586268646000065 ], [ 120.981109570000058, 14.588824615000078 ] ] ] } },
{ "type": "Feature", "properties": { "name": "Barangay 667" }, "geometry": { "type": "Polygon", "coordinates": [ [ [ 120.981077140000025, 14.58052430500004 ], [ 120.982474394000064, 14.578024400000061 ], [ 120.978087389000052, 14.575591079999981 ], [ 120.977022999000042, 14.575909116000048 ], [ 120.975931508000144, 14.577820397000153 ], [ 120.981077140000025, 14.58052430500004 ] ] ] } },
{ "type": "Feature", "properties": { "name": "Barangay 668" }, "geometry": { "type": "Polygon", "coordinates": [ [ [ 120.981944061000149, 14.577709736000145 ], [ 120.983842889000016, 14.574119943000028 ], [ 120.980683432000205, 14.572923478000064 ], [ 120.980758950000222, 14.572763510000186 ], [ 120.979420240000081, 14.575287630000105 ], [ 120.978087389000052, 14.575591079999981 ], [ 120.981944061000149, 14.577709736000145 ] ] ] } },
{ "type": "Feature", "properties": { "name": "Barangay 669" }, "geometry": { "type": "Polygon", "coordinates": [ [ [ 120.986140558000102, 14.579913429000158 ], [ 120.988337706000038, 14.576035502000025 ], [ 120.983842889000016, 14.574119943000028 ], [ 120.981944061000149, 14.577709736000145 ], [ 120.986140558000102, 14.579913429000158 ] ] ] } },
{ "type": "Feature", "properties": { "name": "Barangay 670" }, "geometry": { "type": "Polygon", "coordinates": [ [ [ 120.984687779000069, 14.58244630900009 ], [ 120.986140558000102, 14.579913429000158 ], [ 120.982474394000064, 14.578024400000061 ], [ 120.981077140000025, 14.58052430500004 ], [ 120.984687779000069, 14.58244630900009 ] ] ] } },
{ "type": "Feature", "properties": { "name": "Barangay 663" }, "geometry": { "type": "Polygon", "coordinates": [ [ [ 120.986276420000195, 14.590917968000042 ], [ 120.988162616000295, 14.58974460200011 ], [ 120.987257950000071, 14.588564928000039 ], [ 120.98570755500009, 14.588290457000141 ], [ 120.985206696000319, 14.589546128 ], [ 120.986276420000195, 14.590917968000042 ] ] ] } },
{ "type": "Feature", "properties": { "name": "Barangay 663-A" }, "geometry": { "type": "Polygon", "coordinates": [ [ [ 120.985771647000092, 14.591559803999985 ], [ 120.990830405000111, 14.591190413000106 ], [ 120.990774037000051, 14.590067705000081 ], [ 120.989500172000135, 14.58969254200008 ], [ 120.988074513000015, 14.589760621000096 ], [ 120.98665285800007, 14.590601600000127 ], [ 120.985771647000092, 14.591559803999985 ] ] ] } },
{ "type": "Feature", "properties": { "name": "Barangay 664" }, "geometry": { "type": "Polygon", "coordinates": [ [ [ 120.987306643000124, 14.587774268000146 ], [ 120.988027524000131, 14.587329508000096 ], [ 120.988727551000011, 14.587444368000035 ], [ 120.989951791000067, 14.5841451820001 ], [ 120.987058705000209, 14.583217778000062 ], [ 120.985668375000046, 14.586307796000142 ], [ 120.986337808000144, 14.58661085000017 ], [ 120.986849107000239, 14.587681105000172 ], [ 120.987306643000124, 14.587774268000146 ] ] ] } },
{ "type": "Feature", "properties": { "name": "Barangay 654" }, "geometry": { "type": "Polygon", "coordinates": [ [ [ 120.977141948000053, 14.593909368000084 ], [ 120.977517593000016, 14.593450558000143 ], [ 120.978570141000205, 14.593862855000054 ], [ 120.979156956000338, 14.593137902000024 ], [ 120.976635712000075, 14.591054856000142 ], [ 120.974178859000176, 14.593634799000029 ], [ 120.977141948000053, 14.593909368000084 ] ] ] } },
{ "type": "Feature", "properties": { "name": "Barangay 655" }, "geometry": { "type": "Polygon", "coordinates": [ [ [ 120.974178859000176, 14.593634799000029 ], [ 120.976635712000075, 14.591054856000142 ], [ 120.973830435000082, 14.588533275000145 ], [ 120.972649390000015, 14.587889246000088 ], [ 120.971049903000221, 14.590463263000117 ], [ 120.971165746000111, 14.591004099000145 ], [ 120.974178859000176, 14.593634799000029 ] ] ] } },
{ "type": "Feature", "properties": { "name": "Barangay 656" }, "geometry": { "type": "Polygon", "coordinates": [ [ [ 120.968734260000019, 14.595910320000087 ], [ 120.974524683000141, 14.595253077000166 ], [ 120.975837824000337, 14.595361585000092 ], [ 120.977318469000011, 14.595764172000088 ], [ 120.978570141000205, 14.593862855000054 ], [ 120.977517593000016, 14.593450558000143 ], [ 120.977141948000053, 14.593909368000084 ], [ 120.974178859000176, 14.593634799000029 ], [ 120.971165746000111, 14.591004099000145 ], [ 120.971151694000014, 14.590560278999988 ], [ 120.970808792000071, 14.590426664000063 ], [ 120.970484138000074, 14.590730339000061 ], [ 120.970645388000094, 14.591100915000141 ], [ 120.967309433000196, 14.595918792000077 ], [ 120.968734260000019, 14.595910320000087 ] ] ] } },
{ "type": "Feature", "properties": { "name": "Barangay 657" }, "geometry": { "type": "Polygon", "coordinates": [ [ [ 120.98073045700005, 14.590361445000042 ], [ 120.981109570000058, 14.588824615000078 ], [ 120.980209776000038, 14.585861709000085 ], [ 120.979721478000329, 14.585366037000085 ], [ 120.975504948000207, 14.582880924999984 ], [ 120.973691119000136, 14.586215975000073 ], [ 120.974938864000023, 14.586773160000064 ], [ 120.978619928000171, 14.589528543000085 ], [ 120.979443929000013, 14.589520185000083 ], [ 120.98073045700005, 14.590361445000042 ] ] ] } },
{ "type": "Feature", "properties": { "name": "Barangay 658" }, "geometry": { "type": "Polygon", "coordinates": [ [ [ 120.980159949000154, 14.591947135000169 ], [ 120.98073045700005, 14.590361445000042 ], [ 120.979443929000013, 14.589520185000083 ], [ 120.978583222000111, 14.589507384 ], [ 120.974938864000023, 14.586773160000064 ], [ 120.973691119000136, 14.586215975000073 ], [ 120.972649390000015, 14.587889246000088 ], [ 120.973830435000082, 14.588533275000145 ], [ 120.979156956000338, 14.593137902000024 ], [ 120.980159949000154, 14.591947135000169 ] ] ] } },
{ "type": "Feature", "properties": { "name": "Barangay 689" }, "geometry": { "type": "Polygon", "coordinates": [ [ [ 120.992368776000149, 14.575159450000172 ], [ 120.993657952000035, 14.572856885000022 ], [ 120.993177940000123, 14.572250587000099 ], [ 120.991700201000185, 14.574790601000132 ], [ 120.992368776000149, 14.575159450000172 ] ] ] } },
{ "type": "Feature", "properties": { "name": "Barangay 690" }, "geometry": { "type": "Polygon", "coordinates": [ [ [ 120.992442522000033, 14.573523235000039 ], [ 120.991788166000106, 14.573159723000174 ], [ 120.991066207000131, 14.574456331000022 ], [ 120.991700201000185, 14.574790601000132 ], [ 120.992442522000033, 14.573523235000039 ] ] ] } },
{ "type": "Feature", "properties": { "name": "Barangay 691" }, "geometry": { "type": "Polygon", "coordinates": [ [ [ 120.993177940000123, 14.572250587000099 ], [ 120.99266003300022, 14.571606396 ], [ 120.991788166000106, 14.573159723000174 ], [ 120.992442522000033, 14.573523235000039 ], [ 120.993177940000123, 14.572250587000099 ] ] ] } },
{ "type": "Feature", "properties": { "name": "Barangay 692" }, "geometry": { "type": "Polygon", "coordinates": [ [ [ 120.99266003300022, 14.571606396 ], [ 120.991598954000096, 14.57028012100011 ], [ 120.990398902000038, 14.572414776000073 ], [ 120.991788166000106, 14.573159723000174 ], [ 120.99266003300022, 14.571606396 ] ] ] } },
{ "type": "Feature", "properties": { "name": "Barangay 693" }, "geometry": { "type": "Polygon", "coordinates": [ [ [ 120.991788166000106, 14.573159723000174 ], [ 120.990398902000038, 14.572414776000073 ], [ 120.989665898000112, 14.573706699000127 ], [ 120.991066207000131, 14.574456331000022 ], [ 120.991788166000106, 14.573159723000174 ] ] ] } },
{ "type": "Feature", "properties": { "name": "Barangay 694" }, "geometry": { "type": "Polygon", "coordinates": [ [ [ 120.990483237000035, 14.576965441000141 ], [ 120.991700201000185, 14.574790601000132 ], [ 120.989665898000112, 14.573706699000127 ], [ 120.988337706000038, 14.576035502000025 ], [ 120.990483237000035, 14.576965441000141 ] ] ] } },
{ "type": "Feature", "properties": { "name": "Barangay 695" }, "geometry": { "type": "Polygon", "coordinates": [ [ [ 120.992115163000221, 14.57767221000006 ], [ 120.99307193300001, 14.575528300000144 ], [ 120.991700201000185, 14.574790601000132 ], [ 120.990483237000035, 14.576965441000141 ], [ 120.992115163000221, 14.57767221000006 ] ] ] } },
{ "type": "Feature", "properties": { "name": "Barangay 696" }, "geometry": { "type": "Polygon", "coordinates": [ [ [ 120.988337706000038, 14.576035502000025 ], [ 120.990398902000038, 14.572414776000073 ], [ 120.988940099000047, 14.571639993000019 ], [ 120.986832468000216, 14.575398176000022 ], [ 120.988337706000038, 14.576035502000025 ] ] ] } },
{ "type": "Feature", "properties": { "name": "Barangay 697" }, "geometry": { "type": "Polygon", "coordinates": [ [ [ 120.986832468000216, 14.575398176000022 ], [ 120.988940099000047, 14.571639993000019 ], [ 120.987477151, 14.570857048000164 ], [ 120.985327610000013, 14.574753491000081 ], [ 120.986832468000216, 14.575398176000022 ] ] ] } },
{ "type": "Feature", "properties": { "name": "Barangay 698" }, "geometry": { "type": "Polygon", "coordinates": [ [ [ 120.985327610000013, 14.574753491000081 ], [ 120.987477151, 14.570857048000164 ], [ 120.986141935000205, 14.57010325300007 ], [ 120.983842889000016, 14.574119943000028 ], [ 120.985327610000013, 14.574753491000081 ] ] ] } },
{ "type": "Feature", "properties": { "name": "Barangay 699" }, "geometry": { "type": "Polygon", "coordinates": [ [ [ 120.983842889000016, 14.574119943000028 ], [ 120.986141935000205, 14.57010325300007 ], [ 120.98270645200023, 14.568657864000102 ], [ 120.980683432000205, 14.572923478000064 ], [ 120.983842889000016, 14.574119943000028 ] ] ] } },
{ "type": "Feature", "properties": { "name": "Barangay 700" }, "geometry": { "type": "Polygon", "coordinates": [ [ [ 120.986824070000011, 14.568852775000153 ], [ 120.984510435000175, 14.568639726000015 ], [ 120.982955851000156, 14.568092554000032 ], [ 120.982673590000218, 14.568721412000059 ], [ 120.986141935000205, 14.57010325300007 ], [ 120.986824070000011, 14.568852775000153 ] ] ] } },
{ "type": "Feature", "properties": { "name": "Barangay 701" }, "geometry": { "type": "Polygon", "coordinates": [ [ [ 120.984510435000175, 14.568639726000015 ], [ 120.986824070000011, 14.568852775000153 ], [ 120.988324761000172, 14.566224835000128 ], [ 120.987784121000118, 14.565543422000189 ], [ 120.987139892000073, 14.565151853000032 ], [ 120.984657061000235, 14.564060055000084 ], [ 120.98290702700001, 14.568190070000128 ], [ 120.984510435000175, 14.568639726000015 ] ] ] } },
{ "type": "Feature", "properties": { "name": "Barangay 702" }, "geometry": { "type": "Polygon", "coordinates": [ [ [ 120.989014047000182, 14.569877207 ], [ 120.986824070000011, 14.568852775000153 ], [ 120.986141935000205, 14.57010325300007 ], [ 120.988227014000131, 14.571273927000107 ], [ 120.989014047000182, 14.569877207 ] ] ] } },
{ "type": "Feature", "properties": { "name": "Barangay 703" }, "geometry": { "type": "Polygon", "coordinates": [ [ [ 120.991598954000096, 14.57028012100011 ], [ 120.989014047000182, 14.569877207 ], [ 120.988227014000131, 14.571273927000107 ], [ 120.990398902000038, 14.572414776000073 ], [ 120.991598954000096, 14.57028012100011 ] ] ] } },
{ "type": "Feature", "properties": { "name": "Barangay 704" }, "geometry": { "type": "Polygon", "coordinates": [ [ [ 120.987920516000031, 14.569285319000073 ], [ 120.98840009900016, 14.568130076000159 ], [ 120.988893979000181, 14.567272528000046 ], [ 120.989104058000066, 14.567196952000018 ], [ 120.988324761000172, 14.566224835000128 ], [ 120.986824070000011, 14.568852775000153 ], [ 120.987920516000031, 14.569285319000073 ] ] ] } },
{ "type": "Feature", "properties": { "name": "Barangay 705" }, "geometry": { "type": "Polygon", "coordinates": [ [ [ 120.988644063000038, 14.569698603000177 ], [ 120.989552587000276, 14.567741250000097 ], [ 120.989104058000066, 14.567196952000018 ], [ 120.988893979000181, 14.567272528000046 ], [ 120.98840009900016, 14.568130076000159 ], [ 120.987920516000031, 14.569285319000073 ], [ 120.988644063000038, 14.569698603000177 ] ] ] } },
{ "type": "Feature", "properties": { "name": "Barangay 706" }, "geometry": { "type": "Polygon", "coordinates": [ [ [ 120.991598954000096, 14.57028012100011 ], [ 120.989843120000046, 14.568069661000038 ], [ 120.989552587000276, 14.567741250000097 ], [ 120.988644063000038, 14.569698603000177 ], [ 120.991598954000096, 14.57028012100011 ] ] ] } },
{ "type": "Feature", "properties": { "name": "Barangay 707" }, "geometry": { "type": "Polygon", "coordinates": [ [ [ 120.990222077000112, 14.568549647000111 ], [ 120.99081102200023, 14.567911250000179 ], [ 120.99086246100012, 14.567825349000088 ], [ 120.990422833000025, 14.567700157 ], [ 120.98991286200021, 14.568158040000128 ], [ 120.990222077000112, 14.568549647000111 ] ] ] } },
{ "type": "Feature", "properties": { "name": "Barangay 708" }, "geometry": { "type": "Polygon", "coordinates": [ [ [ 120.991999018000115, 14.567464142000119 ], [ 120.992941090000045, 14.56559658600014 ], [ 120.992381398000134, 14.565288757000133 ], [ 120.99168728400025, 14.566588653000053 ], [ 120.99122828100019, 14.566391257000078 ], [ 120.991007103000015, 14.566838369000095 ], [ 120.991135531000168, 14.567105771000058 ], [ 120.991999018000115, 14.567464142000119 ] ] ] } },
{ "type": "Feature", "properties": { "name": "Barangay 709" }, "geometry": { "type": "Polygon", "coordinates": [ [ [ 120.991598954000096, 14.57028012100011 ], [ 120.993637923000051, 14.565911176000043 ], [ 120.992941090000045, 14.56559658600014 ], [ 120.991106310000191, 14.569673823000073 ], [ 120.991598954000096, 14.57028012100011 ] ] ] } },
{ "type": "Feature", "properties": { "name": "Barangay 710" }, "geometry": { "type": "Polygon", "coordinates": [ [ [ 120.990241298000115, 14.567914177000148 ], [ 120.990700414000116, 14.567075930000158 ], [ 120.989986727000314, 14.566789317000143 ], [ 120.989552587000276, 14.567741250000097 ], [ 120.98991286200021, 14.568158040000128 ], [ 120.990241298000115, 14.567914177000148 ] ] ] } },
{ "type": "Feature", "properties": { "name": "Barangay 711" }, "geometry": { "type": "Polygon", "coordinates": [ [ [ 120.989986727000314, 14.566789317000143 ], [ 120.99109364400033, 14.567062062000048 ], [ 120.991007103000015, 14.566838369000095 ], [ 120.99122828100019, 14.566391257000078 ], [ 120.990662256000178, 14.566172457999983 ], [ 120.990569504000177, 14.566407905 ], [ 120.990217523000069, 14.56626996600005 ], [ 120.989986727000314, 14.566789317000143 ] ] ] } },
{ "type": "Feature", "properties": { "name": "Barangay 712" }, "geometry": { "type": "Polygon", "coordinates": [ [ [ 120.991661424000085, 14.568242649000126 ], [ 120.991999018000115, 14.567464142000119 ], [ 120.99109364400033, 14.567062062000048 ], [ 120.990700414000116, 14.567075930000158 ], [ 120.990422833000025, 14.567700157 ], [ 120.991661424000085, 14.568242649000126 ] ] ] } },
{ "type": "Feature", "properties": { "name": "Barangay 713" }, "geometry": { "type": "Polygon", "coordinates": [ [ [ 120.991999963000126, 14.565968932000033 ], [ 120.991612957000029, 14.565841999000099 ], [ 120.991584049000153, 14.566078686000026 ], [ 120.990911629000152, 14.566032312000118 ], [ 120.990832472000079, 14.566232599999978 ], [ 120.99168728400025, 14.566588653000053 ], [ 120.991999963000126, 14.565968932000033 ] ] ] } },
{ "type": "Feature", "properties": { "name": "Barangay 714" }, "geometry": { "type": "Polygon", "coordinates": [ [ [ 120.991106310000191, 14.569673823000073 ], [ 120.991661424000085, 14.568242649000126 ], [ 120.99081102200023, 14.567911250000179 ], [ 120.990222077000112, 14.568549647000111 ], [ 120.991106310000191, 14.569673823000073 ] ] ] } },
{ "type": "Feature", "properties": { "name": "Barangay 715" }, "geometry": { "type": "Polygon", "coordinates": [ [ [ 120.990569504000177, 14.566407905 ], [ 120.990832472000079, 14.566232599999978 ], [ 120.991015095000193, 14.565676250000138 ], [ 120.990530628000101, 14.565433510000162 ], [ 120.990217523000069, 14.56626996600005 ], [ 120.990569504000177, 14.566407905 ] ] ] } },
{ "type": "Feature", "properties": { "name": "Barangay 716" }, "geometry": { "type": "Polygon", "coordinates": [ [ [ 120.990911629000152, 14.566032312000118 ], [ 120.991584049000153, 14.566078686000026 ], [ 120.991690920000224, 14.565556920000063 ], [ 120.990936211000189, 14.56533853600007 ], [ 120.990911629000152, 14.566032312000118 ] ] ] } },
{ "type": "Feature", "properties": { "name": "Barangay 717" }, "geometry": { "type": "Polygon", "coordinates": [ [ [ 120.992203158000166, 14.565627574000018 ], [ 120.99154734800004, 14.56537008600003 ], [ 120.991468453000039, 14.565392176999978 ], [ 120.991690920000224, 14.565556920000063 ], [ 120.991539459000023, 14.565819787 ], [ 120.991924828000037, 14.565946734000136 ], [ 120.992203158000166, 14.565627574000018 ] ] ] } },
{ "type": "Feature", "properties": { "name": "Barangay 718" }, "geometry": { "type": "Polygon", "coordinates": [ [ [ 120.992381398000134, 14.565288757000133 ], [ 120.991503122000154, 14.564805383000134 ], [ 120.991032354000026, 14.564801307000153 ], [ 120.990936211000189, 14.56533853600007 ], [ 120.992203158000166, 14.565627574000018 ], [ 120.992381398000134, 14.565288757000133 ] ] ] } },
{ "type": "Feature", "properties": { "name": "Barangay 719" }, "geometry": { "type": "Polygon", "coordinates": [ [ [ 120.993637923000051, 14.565911176000043 ], [ 120.995199117000084, 14.562587777000147 ], [ 120.995636780000041, 14.560801544000071 ], [ 120.990734493000218, 14.559490782000125 ], [ 120.990565346000153, 14.559256592000111 ], [ 120.989907737000181, 14.55907773500013 ], [ 120.989788733000069, 14.559367554000062 ], [ 120.987511614000255, 14.558607406000021 ], [ 120.986785996000094, 14.560332775000063 ], [ 120.985950336000087, 14.560013705000131 ], [ 120.985711827000159, 14.560547412000176 ], [ 120.985109488000148, 14.560271794000073 ], [ 120.985053565000044, 14.560397465000108 ], [ 120.985652434000258, 14.560678026000119 ], [ 120.985067118000188, 14.561641075000125 ], [ 120.984635427000057, 14.561447696000016 ], [ 120.985373341000013, 14.561863280000125 ], [ 120.984761351000202, 14.561657883000123 ], [ 120.984826159000022, 14.561891003000028 ], [ 120.984682312000132, 14.561850897999989 ], [ 120.983627261000152, 14.561141806000137 ], [ 120.983763806000184, 14.561380130000146 ], [ 120.983488303000172, 14.56129283700011 ], [ 120.983502949000126, 14.561564205000025 ], [ 120.983363969000038, 14.561377795000055 ], [ 120.983354235000093, 14.561663322000129 ], [ 120.983200628000077, 14.56149579200013 ], [ 120.983334732000117, 14.56167748200005 ], [ 120.983059229000219, 14.561594908000131 ], [ 120.983186018000083, 14.561781318000101 ], [ 120.983064122000201, 14.561863916 ], [ 120.982895882000093, 14.561637393000183 ], [ 120.983039742000074, 14.561878075000038 ], [ 120.982900780000136, 14.561970113000029 ], [ 120.982715476000067, 14.56176482799998 ], [ 120.983021280000116, 14.562182952000114 ], [ 120.982920285000091, 14.562000788000148 ], [ 120.983154343000024, 14.562078645000099 ], [ 120.983051934000059, 14.561904032000143 ], [ 120.983273799000017, 14.56195593200016 ], [ 120.983181145000117, 14.561819074000027 ], [ 120.983388382000157, 14.561873334999973 ], [ 120.983300603000089, 14.561741196000185 ], [ 120.983510278000153, 14.561802536000073 ], [ 120.983410310000068, 14.561660959 ], [ 120.983600455000214, 14.561716845000035 ], [ 120.983529769000029, 14.561576001000105 ], [ 120.983727253000211, 14.561639702000093 ], [ 120.983649227000114, 14.561505203000081 ], [ 120.983878294000192, 14.561447046000183 ], [ 120.98388753800009, 14.561612147000062 ], [ 120.983961861000125, 14.56148905200007 ], [ 120.984001021000154, 14.561671777000186 ], [ 120.984182498000109, 14.561616502000163 ], [ 120.984123995000232, 14.561753370000133 ], [ 120.984411682000086, 14.561736833000055 ], [ 120.984348303000047, 14.561876061000021 ], [ 120.98442875000012, 14.561750990000064 ], [ 120.984467770000151, 14.561932686000034 ], [ 120.984750583000164, 14.561923229000058 ], [ 120.984701832000155, 14.562057736000042 ], [ 120.984822038000289, 14.561923600000171 ], [ 120.98529819700002, 14.562141284000063 ], [ 120.985405380000088, 14.562545094000086 ], [ 120.98761369500005, 14.563556556000094 ], [ 120.988149378000116, 14.562554369000054 ], [ 120.99109521000014, 14.563979435000022 ], [ 120.991032354000026, 14.564801307000153 ], [ 120.991595435000022, 14.564843699999983 ], [ 120.993637923000051, 14.565911176000043 ] ] ] } },
{ "type": "Feature", "properties": { "name": "Barangay 720" }, "geometry": { "type": "Polygon", "coordinates": [ [ [ 120.990875348000031, 14.565525431000026 ], [ 120.99109521000014, 14.563979435000022 ], [ 120.988149378000116, 14.562554369000054 ], [ 120.98761369500005, 14.563556556000094 ], [ 120.988857452000047, 14.564093337000031 ], [ 120.989750984000125, 14.564720584000099 ], [ 120.990277955000124, 14.564785128000153 ], [ 120.989940790000333, 14.565223308000157 ], [ 120.990875348000031, 14.565525431000026 ] ] ] } },
{ "type": "Feature", "properties": { "name": "Barangay 721" }, "geometry": { "type": "Polygon", "coordinates": [ [ [ 120.989552587000276, 14.567741250000097 ], [ 120.990530628000101, 14.565433510000162 ], [ 120.989940790000333, 14.565223308000157 ], [ 120.990277955000124, 14.564785128000153 ], [ 120.989750984000125, 14.564720584000099 ], [ 120.988857452000047, 14.564093337000031 ], [ 120.98531754600026, 14.562611305000132 ], [ 120.984674505000044, 14.564054821000184 ], [ 120.987784121000118, 14.565543422000189 ], [ 120.989552587000276, 14.567741250000097 ] ] ] } },
{ "type": "Feature", "properties": { "name": "Barangay 722" }, "geometry": { "type": "Polygon", "coordinates": [ [ [ 120.994062173000202, 14.573349501000052 ], [ 120.994933810000134, 14.5713507050001 ], [ 120.993925920000038, 14.570974360000093 ], [ 120.993177940000123, 14.572250587000099 ], [ 120.994062173000202, 14.573349501000052 ] ] ] } },
{ "type": "Feature", "properties": { "name": "Barangay 723" }, "geometry": { "type": "Polygon", "coordinates": [ [ [ 120.993925920000038, 14.570974360000093 ], [ 120.992503392000117, 14.570451304000187 ], [ 120.991598954000096, 14.57028012100011 ], [ 120.993177940000123, 14.572250587000099 ], [ 120.993925920000038, 14.570974360000093 ] ] ] } },
{ "type": "Feature", "properties": { "name": "Barangay 724" }, "geometry": { "type": "Polygon", "coordinates": [ [ [ 120.994933810000134, 14.5713507050001 ], [ 120.995952534000025, 14.568629361000148 ], [ 120.993786470000032, 14.567717797000057 ], [ 120.992503392000117, 14.570451304000187 ], [ 120.994933810000134, 14.5713507050001 ] ] ] } },
{ "type": "Feature", "properties": { "name": "Barangay 725" }, "geometry": { "type": "Polygon", "coordinates": [ [ [ 120.992503392000117, 14.570451304000187 ], [ 120.994559447000142, 14.566056625999977 ], [ 120.993733787000224, 14.565707660000101 ], [ 120.991598954000096, 14.57028012100011 ], [ 120.992503392000117, 14.570451304000187 ] ] ] } },
{ "type": "Feature", "properties": { "name": "Barangay 726" }, "geometry": { "type": "Polygon", "coordinates": [ [ [ 120.995952534000025, 14.568629361000148 ], [ 120.99643091900009, 14.567145702000062 ], [ 120.994482746000131, 14.566271371000084 ], [ 120.993786470000032, 14.567717797000057 ], [ 120.995537059000185, 14.568493393000097 ], [ 120.995952534000025, 14.568629361000148 ] ] ] } },
{ "type": "Feature", "properties": { "name": "Barangay 727" }, "geometry": { "type": "Polygon", "coordinates": [ [ [ 120.99643091900009, 14.567145702000062 ], [ 120.99694369100007, 14.565493343000014 ], [ 120.994365395000045, 14.56434350100011 ], [ 120.993733787000224, 14.565707660000101 ], [ 120.994559447000142, 14.566056625999977 ], [ 120.994482746000131, 14.566271371000084 ], [ 120.995463127000107, 14.566785261000177 ], [ 120.99643091900009, 14.567145702000062 ] ] ] } },
{ "type": "Feature", "properties": { "name": "Barangay 728" }, "geometry": { "type": "Polygon", "coordinates": [ [ [ 120.9974832380002, 14.565678552000179 ], [ 120.997479633000012, 14.564945971000043 ], [ 120.997981193000101, 14.563866721000068 ], [ 120.995199117000084, 14.562587777000147 ], [ 120.994365395000045, 14.56434350100011 ], [ 120.997249703000193, 14.565614131000075 ], [ 120.9974832380002, 14.565678552000179 ] ] ] } },
{ "type": "Feature", "properties": { "name": "Barangay 729" }, "geometry": { "type": "Polygon", "coordinates": [ [ [ 120.99630419600021, 14.563092165000114 ], [ 120.997067543000185, 14.561087693 ], [ 120.995636780000041, 14.560801544000071 ], [ 120.995199117000084, 14.562587777000147 ], [ 120.99630419600021, 14.563092165000114 ] ] ] } },
{ "type": "Feature", "properties": { "name": "Barangay 730" }, "geometry": { "type": "Polygon", "coordinates": [ [ [ 120.997981193000101, 14.563866721000068 ], [ 120.998478275000025, 14.562809863000041 ], [ 120.998594708000155, 14.561905263000142 ], [ 120.998822153000219, 14.561716356999966 ], [ 120.996976883000116, 14.561354575000053 ], [ 120.99630419600021, 14.563092165000114 ], [ 120.997981193000101, 14.563866721000068 ] ] ] } },
{ "type": "Feature", "properties": { "name": "Barangay 731" }, "geometry": { "type": "Polygon", "coordinates": [ [ [ 120.997120523000149, 14.572221933000037 ], [ 120.996958778000135, 14.568812352000123 ], [ 120.9965324530001, 14.56862217600019 ], [ 120.995782223000219, 14.571854622000103 ], [ 120.997120523000149, 14.572221933000037 ] ] ] } },
{ "type": "Feature", "properties": { "name": "Barangay 732" }, "geometry": { "type": "Polygon", "coordinates": [ [ [ 120.998600374000034, 14.570911626000054 ], [ 120.997463844000208, 14.569340898000121 ], [ 120.997354936000079, 14.568832662000034 ], [ 120.996958778000135, 14.568812352000123 ], [ 120.997095036000019, 14.570924325000135 ], [ 120.998600374000034, 14.570911626000054 ] ] ] } },
{ "type": "Feature", "properties": { "name": "Barangay 733" }, "geometry": { "type": "Polygon", "coordinates": [ [ [ 120.997354936000079, 14.568832662000034 ], [ 120.997749924000232, 14.567809999000019 ], [ 120.997528893000322, 14.565967004000072 ], [ 120.9974832380002, 14.565678552000179 ], [ 120.99694369100007, 14.565493343000014 ], [ 120.996097494000082, 14.568311668999968 ], [ 120.996673491000251, 14.568766071000084 ], [ 120.997354936000079, 14.568832662000034 ] ] ] } },
{ "type": "Feature", "properties": { "name": "Barangay 738" }, "geometry": { "type": "Polygon", "coordinates": [ [ [ 120.998863562000224, 14.573552921000044 ], [ 120.9994857370001, 14.57263452300009 ], [ 120.997179236000079, 14.572230970000192 ], [ 120.997253809000085, 14.573945701000014 ], [ 120.998863562000224, 14.573552921000044 ] ] ] } },
{ "type": "Feature", "properties": { "name": "Barangay 739" }, "geometry": { "type": "Polygon", "coordinates": [ [ [ 120.99857870700032, 14.572394147000068 ], [ 120.998850832000016, 14.571688465000136 ], [ 120.998600374000034, 14.570911626000054 ], [ 120.997095036000019, 14.570924325000135 ], [ 120.997120523000149, 14.572221933000037 ], [ 120.99857870700032, 14.572394147000068 ] ] ] } },
{ "type": "Feature", "properties": { "name": "Barangay 740" }, "geometry": { "type": "Polygon", "coordinates": [ [ [ 120.99608936900006, 14.574051827000119 ], [ 120.997243113000309, 14.573762937000026 ], [ 120.997179236000079, 14.572230970000192 ], [ 120.996147622000194, 14.571999499000128 ], [ 120.995419422000168, 14.573422963000098 ], [ 120.996159488000103, 14.573745087000134 ], [ 120.99608936900006, 14.574051827000119 ] ] ] } },
{ "type": "Feature", "properties": { "name": "Barangay 741" }, "geometry": { "type": "Polygon", "coordinates": [ [ [ 120.995331269000076, 14.574917412000048 ], [ 120.997272684000222, 14.574241283000163 ], [ 120.997243113000309, 14.573762937000026 ], [ 120.99608936900006, 14.574051827000119 ], [ 120.996159488000103, 14.573745087000134 ], [ 120.995873229000154, 14.57363237900006 ], [ 120.995331269000076, 14.574917412000048 ] ] ] } },
{ "type": "Feature", "properties": { "name": "Barangay 742" }, "geometry": { "type": "Polygon", "coordinates": [ [ [ 120.995331269000076, 14.574917412000048 ], [ 120.995873229000154, 14.57363237900006 ], [ 120.995419422000168, 14.573422963000098 ], [ 120.9949786210002, 14.574476456000127 ], [ 120.995331269000076, 14.574917412000048 ] ] ] } },
{ "type": "Feature", "properties": { "name": "Barangay 743" }, "geometry": { "type": "Polygon", "coordinates": [ [ [ 120.994999201000269, 14.574427270000172 ], [ 120.996147622000194, 14.571999499000128 ], [ 120.994933810000134, 14.5713507050001 ], [ 120.994062173000202, 14.573349501000052 ], [ 120.994999201000269, 14.574427270000172 ] ] ] } },
{ "type": "Feature", "properties": { "name": "Barangay 744" }, "geometry": { "type": "Polygon", "coordinates": [ [ [ 120.995782223000219, 14.571854622000103 ], [ 120.9965324530001, 14.56862217600019 ], [ 120.996097494000082, 14.568311668999968 ], [ 120.995310427000049, 14.569875702000161 ], [ 120.994933810000134, 14.5713507050001 ], [ 120.995782223000219, 14.571854622000103 ] ] ] } },
{ "type": "Feature", "properties": { "name": "Barangay 688" }, "geometry": { "type": "Polygon", "coordinates": [ [ [ 120.994825897000169, 14.574294917000145 ], [ 120.993657952000035, 14.572856885000022 ], [ 120.992368776000149, 14.575159450000172 ], [ 120.993152624000345, 14.575574406000044 ], [ 120.99415548900015, 14.575781887000062 ], [ 120.994825897000169, 14.574294917000145 ] ] ] } },
{ "type": "Feature", "properties": { "name": "Barangay 735" }, "geometry": { "type": "Polygon", "coordinates": [ [ [ 120.996707714000195, 14.575903401000176 ], [ 120.997766659000149, 14.57584849300008 ], [ 120.998682347000226, 14.574119365000172 ], [ 120.996691248000047, 14.574930560000041 ], [ 120.996838210000078, 14.575587853000172 ], [ 120.996707714000195, 14.575903401000176 ] ] ] } },
{ "type": "Feature", "properties": { "name": "Barangay 736" }, "geometry": { "type": "Polygon", "coordinates": [ [ [ 120.996007688000191, 14.57574470100019 ], [ 120.996566469000072, 14.575360579 ], [ 120.996838210000078, 14.575587853000172 ], [ 120.996691248000047, 14.574930560000041 ], [ 120.99714343100004, 14.574628606000147 ], [ 120.997134653000217, 14.574290812000072 ], [ 120.995331269000076, 14.574917412000048 ], [ 120.996007688000191, 14.57574470100019 ] ] ] } },
{ "type": "Feature", "properties": { "name": "Barangay 737" }, "geometry": { "type": "Polygon", "coordinates": [ [ [ 120.99714343100004, 14.574628606000147 ], [ 120.998682347000226, 14.574119365000172 ], [ 120.999004467000077, 14.573525560000178 ], [ 120.997253809000085, 14.573945701000014 ], [ 120.99714343100004, 14.574628606000147 ] ] ] } },
{ "type": "Feature", "properties": { "name": "Barangay 734" }, "geometry": { "type": "Polygon", "coordinates": [ [ [ 120.997094918000016, 14.577084390000095 ], [ 120.997766659000149, 14.57584849300008 ], [ 120.996735409000053, 14.575969869000176 ], [ 120.996566469000072, 14.575360579 ], [ 120.996007688000191, 14.57574470100019 ], [ 120.997094918000016, 14.577084390000095 ] ] ] } },
{ "type": "Feature", "properties": { "name": "Barangay 662" }, "geometry": { "type": "Polygon", "coordinates": [ [ [ 120.993124335000061, 14.590433830000109 ], [ 120.994362575000196, 14.590150317 ], [ 120.993496161000053, 14.588987292000127 ], [ 120.993637468000315, 14.587394202000155 ], [ 120.994495103000304, 14.587855619000038 ], [ 120.994981603000042, 14.586771801000054 ], [ 120.993806909000227, 14.585440529000039 ], [ 120.99248792000003, 14.585000887000092 ], [ 120.992379005000203, 14.585781687 ], [ 120.993147688000136, 14.587273836000122 ], [ 120.992446830000063, 14.587827740000137 ], [ 120.991462200000115, 14.589343226000096 ], [ 120.990830405000111, 14.591190413000106 ], [ 120.992108528000131, 14.591303790000154 ], [ 120.993124335000061, 14.590433830000109 ] ] ] } },
{ "type": "Feature", "properties": { "name": "Barangay 664-A" }, "geometry": { "type": "Polygon", "coordinates": [ [ [ 120.991462200000115, 14.589343226000096 ], [ 120.992446830000063, 14.587827740000137 ], [ 120.993147688000136, 14.587273836000122 ], [ 120.993125079000151, 14.58707036200019 ], [ 120.992379005000203, 14.585781687 ], [ 120.99248792000003, 14.585000887000092 ], [ 120.989951791000067, 14.5841451820001 ], [ 120.988727551000011, 14.587444368000035 ], [ 120.990591124000161, 14.587626966000016 ], [ 120.990830405000111, 14.591190413000106 ], [ 120.991462200000115, 14.589343226000096 ] ] ] } },
{ "type": "Feature", "properties": { "name": "Barangay 671" }, "geometry": { "type": "Polygon", "coordinates": [ [ [ 120.993798158000118, 14.582626558000186 ], [ 120.994257024000035, 14.581868997000129 ], [ 120.994142228000328, 14.581185087000051 ], [ 120.992011399000148, 14.580841977000034 ], [ 120.991675282000188, 14.581560771 ], [ 120.993798158000118, 14.582626558000186 ] ] ] } },
{ "type": "Feature", "properties": { "name": "Barangay 672" }, "geometry": { "type": "Polygon", "coordinates": [ [ [ 120.99248792000003, 14.585000887000092 ], [ 120.993729424000094, 14.582663038000021 ], [ 120.991675282000188, 14.581560771 ], [ 120.99115503500002, 14.582293788000186 ], [ 120.99043629200014, 14.582221201000152 ], [ 120.989951791000067, 14.5841451820001 ], [ 120.99248792000003, 14.585000887000092 ] ] ] } },
{ "type": "Feature", "properties": { "name": "Barangay 673" }, "geometry": { "type": "Polygon", "coordinates": [ [ [ 120.994142228000328, 14.581185087000051 ], [ 120.993447259000163, 14.579644429000098 ], [ 120.993837475000078, 14.578336746000161 ], [ 120.993141081000203, 14.578098693000072 ], [ 120.989635852000333, 14.579982250000057 ], [ 120.992224818000182, 14.580905254000072 ], [ 120.994142228000328, 14.581185087000051 ] ] ] } },
{ "type": "Feature", "properties": { "name": "Barangay 674" }, "geometry": { "type": "Polygon", "coordinates": [ [ [ 120.989951791000067, 14.5841451820001 ], [ 120.99043629200014, 14.582221201000152 ], [ 120.99115503500002, 14.582293788000186 ], [ 120.992011399000148, 14.580841977000034 ], [ 120.989635852000333, 14.579982250000057 ], [ 120.984687779000069, 14.58244630900009 ], [ 120.989951791000067, 14.5841451820001 ] ] ] } },
{ "type": "Feature", "properties": { "name": "Barangay 675" }, "geometry": { "type": "Polygon", "coordinates": [ [ [ 120.993141081000203, 14.578098693000072 ], [ 120.988337706000038, 14.576035502000025 ], [ 120.987654420000013, 14.577235321000046 ], [ 120.991181450000113, 14.57912453400013 ], [ 120.993141081000203, 14.578098693000072 ] ] ] } },
{ "type": "Feature", "properties": { "name": "Barangay 676" }, "geometry": { "type": "Polygon", "coordinates": [ [ [ 120.984687779000069, 14.58244630900009 ], [ 120.989635852000333, 14.579982250000057 ], [ 120.991181450000113, 14.57912453400013 ], [ 120.987654420000013, 14.577235321000046 ], [ 120.984687779000069, 14.58244630900009 ] ] ] } },
{ "type": "Feature", "properties": { "name": "Barangay 677" }, "geometry": { "type": "Polygon", "coordinates": [ [ [ 120.994661974000223, 14.584734315000048 ], [ 120.995016859000316, 14.581303597000044 ], [ 120.994142228000328, 14.581185087000051 ], [ 120.994209405000106, 14.582059469000058 ], [ 120.993330702000208, 14.583318574999964 ], [ 120.99248792000003, 14.585000887000092 ], [ 120.993806909000227, 14.585440529000039 ], [ 120.994661974000223, 14.584734315000048 ] ] ] } },
{ "type": "Feature", "properties": { "name": "Barangay 678" }, "geometry": { "type": "Polygon", "coordinates": [ [ [ 120.994661974000223, 14.584734315000048 ], [ 120.997145951000107, 14.582747291000146 ], [ 120.997256355000331, 14.581684778000067 ], [ 120.995016859000316, 14.581303597000044 ], [ 120.994661974000223, 14.584734315000048 ] ] ] } },
{ "type": "Feature", "properties": { "name": "Barangay 679" }, "geometry": { "type": "Polygon", "coordinates": [ [ [ 120.995016859000316, 14.581303597000044 ], [ 120.995244423000145, 14.578716375000056 ], [ 120.993837475000078, 14.578336746000161 ], [ 120.993447259000163, 14.579644429000098 ], [ 120.99407984100003, 14.581070545000159 ], [ 120.995016859000316, 14.581303597000044 ] ] ] } },
{ "type": "Feature", "properties": { "name": "Barangay 680" }, "geometry": { "type": "Polygon", "coordinates": [ [ [ 120.997256355000331, 14.581684778000067 ], [ 120.997371552000232, 14.580115842000112 ], [ 120.99510069400003, 14.580000565000091 ], [ 120.995016859000316, 14.581303597000044 ], [ 120.997256355000331, 14.581684778000067 ] ] ] } },
{ "type": "Feature", "properties": { "name": "Barangay 681" }, "geometry": { "type": "Polygon", "coordinates": [ [ [ 120.997371552000232, 14.580115842000112 ], [ 120.997443731000203, 14.578761358000122 ], [ 120.995244423000145, 14.578716375000056 ], [ 120.99510069400003, 14.580000565000091 ], [ 120.997371552000232, 14.580115842000112 ] ] ] } },
{ "type": "Feature", "properties": { "name": "Barangay 682" }, "geometry": { "type": "Polygon", "coordinates": [ [ [ 120.997145951000107, 14.582747291000146 ], [ 120.999781639000048, 14.58053267300005 ], [ 120.99835099400002, 14.578681977000031 ], [ 120.997443731000203, 14.578761358000122 ], [ 120.997145951000107, 14.582747291000146 ] ] ] } },
{ "type": "Feature", "properties": { "name": "Barangay 683" }, "geometry": { "type": "Polygon", "coordinates": [ [ [ 120.995938794000153, 14.578773378000051 ], [ 120.995923413000014, 14.576230295000073 ], [ 120.996218857000144, 14.5760009010001 ], [ 120.996007688000191, 14.57574470100019 ], [ 120.995455159000016, 14.576210538000112 ], [ 120.995244423000145, 14.578716375000056 ], [ 120.995938794000153, 14.578773378000051 ] ] ] } },
{ "type": "Feature", "properties": { "name": "Barangay 684" }, "geometry": { "type": "Polygon", "coordinates": [ [ [ 120.995244423000145, 14.578716375000056 ], [ 120.995400975000166, 14.577227343000118 ], [ 120.995455159000016, 14.576210538000112 ], [ 120.994021095000221, 14.577294534000089 ], [ 120.993837475000078, 14.578336746000161 ], [ 120.995244423000145, 14.578716375000056 ] ] ] } },
{ "type": "Feature", "properties": { "name": "Barangay 685" }, "geometry": { "type": "Polygon", "coordinates": [ [ [ 120.995938794000153, 14.578773378000051 ], [ 120.99835099400002, 14.578681977000031 ], [ 120.996218857000144, 14.5760009010001 ], [ 120.995923413000014, 14.576230295000073 ], [ 120.995938794000153, 14.578773378000051 ] ] ] } },
{ "type": "Feature", "properties": { "name": "Barangay 809" }, "geometry": { "type": "Polygon", "coordinates": [ [ [ 121.000211685000068, 14.577565824000146 ], [ 121.000228569000228, 14.577104505000079 ], [ 121.000860292000198, 14.577123789999973 ], [ 121.000878899000213, 14.576724024000157 ], [ 120.999280756000076, 14.576129073 ], [ 120.999093957000014, 14.576516476 ], [ 120.999204648000159, 14.577132171000073 ], [ 120.999043462000145, 14.577217272000098 ], [ 120.999451382000188, 14.577521776000083 ], [ 121.000211685000068, 14.577565824000146 ] ] ] } },
{ "type": "Feature", "properties": { "name": "Barangay 810" }, "geometry": { "type": "Polygon", "coordinates": [ [ [ 121.000878899000213, 14.576724024000157 ], [ 121.000937923000151, 14.576157008000109 ], [ 120.999857573000099, 14.575737382000057 ], [ 120.999786759000131, 14.575075273000039 ], [ 120.999291062000225, 14.575174411999967 ], [ 120.999096331000032, 14.575470598000152 ], [ 120.998580826000079, 14.575350419000074 ], [ 120.998213963000012, 14.576001916000052 ], [ 120.999121632000083, 14.576405788999978 ], [ 120.999280756000076, 14.576129073 ], [ 121.000878899000213, 14.576724024000157 ] ] ] } },
{ "type": "Feature", "properties": { "name": "Barangay 811" }, "geometry": { "type": "Polygon", "coordinates": [ [ [ 120.99835099400002, 14.578681977000031 ], [ 121.000174821000087, 14.578665404 ], [ 121.000187051000012, 14.578315141000076 ], [ 120.999253070000123, 14.57825979200004 ], [ 120.998568152000075, 14.577830877000167 ], [ 120.998180728000193, 14.576883120000161 ], [ 120.998213963000012, 14.576001916000052 ], [ 120.997766659000149, 14.57584849300008 ], [ 120.997094918000016, 14.577084390000095 ], [ 120.99835099400002, 14.578681977000031 ] ] ] } },
{ "type": "Feature", "properties": { "name": "Barangay 812" }, "geometry": { "type": "Polygon", "coordinates": [ [ [ 121.00430755900004, 14.579347909000091 ], [ 121.003700432000187, 14.578374330000088 ], [ 121.00298753200002, 14.578498842999977 ], [ 121.002889875000164, 14.577739556000154 ], [ 121.002526101000058, 14.577190233000067 ], [ 121.001694126000075, 14.576299149000079 ], [ 121.001316834000136, 14.57628491100013 ], [ 121.001198285000214, 14.578695384000184 ], [ 121.00430755900004, 14.579347909000091 ] ] ] } },
{ "type": "Feature", "properties": { "name": "Barangay 813" }, "geometry": { "type": "Polygon", "coordinates": [ [ [ 121.001198285000214, 14.578695384000184 ], [ 121.001316834000136, 14.57628491100013 ], [ 121.000937923000151, 14.576157008000109 ], [ 121.000860292000198, 14.577123789999973 ], [ 121.000228569000228, 14.577104505000079 ], [ 121.000174821000087, 14.578665404 ], [ 121.001198285000214, 14.578695384000184 ] ] ] } },
{ "type": "Feature", "properties": { "name": "Barangay 814" }, "geometry": { "type": "Polygon", "coordinates": [ [ [ 121.001849181000011, 14.580761574000064 ], [ 121.002157770000053, 14.579867497000066 ], [ 121.000881396000182, 14.578691100000185 ], [ 121.000174821000087, 14.578665404 ], [ 121.001849181000011, 14.580761574000064 ] ] ] } },
{ "type": "Feature", "properties": { "name": "Barangay 815" }, "geometry": { "type": "Polygon", "coordinates": [ [ [ 121.0016137140002, 14.581586436000123 ], [ 121.001849181000011, 14.580761574000064 ], [ 121.000174821000087, 14.578665404 ], [ 120.999105917000065, 14.578634986000168 ], [ 121.0016137140002, 14.581586436000123 ] ] ] } },
{ "type": "Feature", "properties": { "name": "Barangay 816" }, "geometry": { "type": "Polygon", "coordinates": [ [ [ 121.003025472000104, 14.579861724000068 ], [ 121.003252350000025, 14.579110314000047 ], [ 121.002201355000011, 14.578866861000051 ], [ 121.001938818000099, 14.579753523000079 ], [ 121.002157770000053, 14.579867497000066 ], [ 121.002239355000029, 14.579624032000083 ], [ 121.003025472000104, 14.579861724000068 ] ] ] } },
{ "type": "Feature", "properties": { "name": "Barangay 817" }, "geometry": { "type": "Polygon", "coordinates": [ [ [ 121.001938818000099, 14.579753523000079 ], [ 121.002201355000011, 14.578866861000051 ], [ 121.000881396000182, 14.578691100000185 ], [ 121.001938818000099, 14.579753523000079 ] ] ] } },
{ "type": "Feature", "properties": { "name": "Barangay 818" }, "geometry": { "type": "Polygon", "coordinates": [ [ [ 121.002966303000107, 14.582184268 ], [ 121.003935631000218, 14.58205106600019 ], [ 121.00414516100011, 14.581406942000172 ], [ 121.004555892000099, 14.581103131000191 ], [ 121.003202075000104, 14.580946031000167 ], [ 121.002966303000107, 14.582184268 ] ] ] } },
{ "type": "Feature", "properties": { "name": "Barangay 819" }, "geometry": { "type": "Polygon", "coordinates": [ [ [ 121.004615353000077, 14.581201498000041 ], [ 121.004754173000038, 14.580950555000186 ], [ 121.004374848000225, 14.580070796000086 ], [ 121.004354317000207, 14.579359110000041 ], [ 121.003891832000022, 14.579260621000117 ], [ 121.0035957770001, 14.58104438600003 ], [ 121.004615353000077, 14.581201498000041 ] ] ] } },
{ "type": "Feature", "properties": { "name": "Barangay 820" }, "geometry": { "type": "Polygon", "coordinates": [ [ [ 121.002977658000077, 14.582053939000161 ], [ 121.003202075000104, 14.580946031000167 ], [ 121.0035957770001, 14.58104438600003 ], [ 121.003891832000022, 14.579260621000117 ], [ 121.003252350000025, 14.579110314000047 ], [ 121.003006726000194, 14.579910823000091 ], [ 121.002239355000029, 14.579624032000083 ], [ 121.0016137140002, 14.581586436000123 ], [ 121.002055226000152, 14.581893310000112 ], [ 121.002977658000077, 14.582053939000161 ] ] ] } },
{ "type": "Feature", "properties": { "name": "Barangay 821" }, "geometry": { "type": "Polygon", "coordinates": [ [ [ 120.999505345000102, 14.58321840900004 ], [ 120.998813946000155, 14.582507163000173 ], [ 120.99842538300004, 14.582867524000051 ], [ 120.997670191000111, 14.582265877000111 ], [ 120.997145951000107, 14.582747291000146 ], [ 120.998241753000116, 14.583388684 ], [ 120.998549211000068, 14.583015707000129 ], [ 120.999089764000246, 14.583456547000026 ], [ 120.999505345000102, 14.58321840900004 ] ] ] } },
{ "type": "Feature", "properties": { "name": "Barangay 822" }, "geometry": { "type": "Polygon", "coordinates": [ [ [ 120.999634717000163, 14.584637973999975 ], [ 120.999969613000303, 14.584091143000137 ], [ 120.998549211000068, 14.583015707000129 ], [ 120.998241753000116, 14.583388684 ], [ 120.99940653900012, 14.584503894000079 ], [ 120.999634717000163, 14.584637973999975 ] ] ] } },
{ "type": "Feature", "properties": { "name": "Barangay 823" }, "geometry": { "type": "Polygon", "coordinates": [ [ [ 121.000028661000215, 14.584000835000097 ], [ 121.001018438000301, 14.582706257000098 ], [ 121.000604846000215, 14.582258486000114 ], [ 120.99925101600013, 14.583469531000048 ], [ 121.000028661000215, 14.584000835000097 ] ] ] } },
{ "type": "Feature", "properties": { "name": "Barangay 824" }, "geometry": { "type": "Polygon", "coordinates": [ [ [ 120.999505345000102, 14.58321840900004 ], [ 121.000604846000215, 14.582258486000114 ], [ 120.999297231000128, 14.580940899000097 ], [ 120.997670191000111, 14.582265877000111 ], [ 120.99842538300004, 14.582867524000051 ], [ 120.998813946000155, 14.582507163000173 ], [ 120.999505345000102, 14.58321840900004 ] ] ] } },
{ "type": "Feature", "properties": { "name": "Barangay 825" }, "geometry": { "type": "Polygon", "coordinates": [ [ [ 121.001061002000142, 14.582651828000166 ], [ 121.001571470000044, 14.582393588000116 ], [ 121.002966303000107, 14.582184268 ], [ 121.002977658000077, 14.582053939000161 ], [ 121.002055226000152, 14.581893310000112 ], [ 121.0016137140002, 14.581586436000123 ], [ 120.999105917000065, 14.578634986000168 ], [ 120.99835099400002, 14.578681977000031 ], [ 120.999781639000048, 14.58053267300005 ], [ 120.999297231000128, 14.580940899000097 ], [ 121.001061002000142, 14.582651828000166 ] ] ] } },
{ "type": "Feature", "properties": { "name": "Barangay 826" }, "geometry": { "type": "Polygon", "coordinates": [ [ [ 120.998875060000046, 14.585920244000022 ], [ 120.999634717000163, 14.584637973999975 ], [ 120.998844891000317, 14.58403965500014 ], [ 120.997916021000037, 14.585166050000169 ], [ 120.998162162000085, 14.585241059000055 ], [ 120.99799895000001, 14.585815513000171 ], [ 120.998875060000046, 14.585920244000022 ] ] ] } },
{ "type": "Feature", "properties": { "name": "Barangay 827" }, "geometry": { "type": "Polygon", "coordinates": [ [ [ 120.997822677000158, 14.58696442300004 ], [ 120.998162162000085, 14.585241059000055 ], [ 120.997916021000037, 14.585166050000169 ], [ 120.998844891000317, 14.58403965500014 ], [ 120.997359339000013, 14.582749688000092 ], [ 120.997145951000107, 14.582747291000146 ], [ 120.993806909000227, 14.585440529000039 ], [ 120.994981603000042, 14.586771801000054 ], [ 120.995536324000227, 14.586354338000092 ], [ 120.995614501000205, 14.585598139000126 ], [ 120.996215558000131, 14.584918482000091 ], [ 120.996756509000193, 14.585584268000105 ], [ 120.997586056000046, 14.585892418000071 ], [ 120.997691436000196, 14.586217590000103 ], [ 120.997306046000062, 14.586792664000086 ], [ 120.997822677000158, 14.58696442300004 ] ] ] } },
{ "type": "Feature", "properties": { "name": "Barangay 828" }, "geometry": { "type": "Polygon", "coordinates": [ [ [ 120.998269520000235, 14.587987973000168 ], [ 120.998829461000128, 14.586013502000128 ], [ 120.99799895000001, 14.585815513000171 ], [ 120.997817891000068, 14.587036543000124 ], [ 120.998043706000203, 14.587825386000134 ], [ 120.998269520000235, 14.587987973000168 ] ] ] } },
{ "type": "Feature", "properties": { "name": "Barangay 829" }, "geometry": { "type": "Polygon", "coordinates": [ [ [ 120.998713711000164, 14.592562961000169 ], [ 120.999399962000325, 14.591857201000039 ], [ 120.994981603000042, 14.586771801000054 ], [ 120.994495103000304, 14.587855619000038 ], [ 120.993637468000315, 14.587394202000155 ], [ 120.993496161000053, 14.588987292000127 ], [ 120.994468378000192, 14.590289041000119 ], [ 120.995227497000201, 14.590767516000028 ], [ 120.995167687000048, 14.590914739000027 ], [ 120.998713711000164, 14.592562961000169 ] ] ] } },
{ "type": "Feature", "properties": { "name": "Barangay 830" }, "geometry": { "type": "Polygon", "coordinates": [ [ [ 120.998890298000106, 14.596595297000022 ], [ 121.001727338000023, 14.59584484200019 ], [ 121.002907556000082, 14.596390528000029 ], [ 121.003356391000011, 14.594675289000122 ], [ 121.003242879000027, 14.592932629000188 ], [ 121.000352048000082, 14.592624321000073 ], [ 120.999399962000325, 14.591857201000039 ], [ 120.99864889100013, 14.592629265000141 ], [ 120.998204164000185, 14.592267352000135 ], [ 120.995167687000048, 14.590914739000027 ], [ 120.995227497000201, 14.590767516000028 ], [ 120.994362575000196, 14.590150317 ], [ 120.993124335000061, 14.590433830000109 ], [ 120.992108528000131, 14.591303790000154 ], [ 120.992904730000078, 14.59150681400007 ], [ 120.993818795000152, 14.592023975000131 ], [ 120.994645401000184, 14.592902304000063 ], [ 120.996029049000072, 14.595100236 ], [ 120.997511404000079, 14.59631263700004 ], [ 120.998890298000106, 14.596595297000022 ] ] ] } },
{ "type": "Feature", "properties": { "name": "Barangay 831" }, "geometry": { "type": "Polygon", "coordinates": [ [ [ 120.999323938000089, 14.591774034000139 ], [ 121.0012623880001, 14.589685811000095 ], [ 121.001089411000066, 14.58952641500008 ], [ 120.998615855000025, 14.588402040000062 ], [ 120.998043706000203, 14.587825386000134 ], [ 120.997902195000165, 14.587093749000076 ], [ 120.997324111000125, 14.586840837000068 ], [ 120.997691436000196, 14.586217590000103 ], [ 120.997586056000046, 14.585892418000071 ], [ 120.996756509000193, 14.585584268000105 ], [ 120.996347328000184, 14.584973964000085 ], [ 120.995931212000073, 14.58511498200005 ], [ 120.995614501000205, 14.585598139000126 ], [ 120.995536324000227, 14.586354338000092 ], [ 120.994981603000042, 14.586771801000054 ], [ 120.999323938000089, 14.591774034000139 ] ] ] } },
{ "type": "Feature", "properties": { "name": "Barangay 832" }, "geometry": { "type": "Polygon", "coordinates": [ [ [ 121.000352048000082, 14.592624321000073 ], [ 121.003242879000027, 14.592932629000188 ], [ 121.002827625, 14.591274674000033 ], [ 121.002042054000071, 14.590305999000122 ], [ 121.0012623880001, 14.589685811000095 ], [ 120.999323938000089, 14.591774034000139 ], [ 121.000352048000082, 14.592624321000073 ] ] ] } },
{ "type": "Feature", "properties": { "name": "Barangay 686" }, "geometry": { "type": "Polygon", "coordinates": [ [ [ 120.993837475000078, 14.578336746000161 ], [ 120.994021095000221, 14.577294534000089 ], [ 120.996007688000191, 14.57574470100019 ], [ 120.994825897000169, 14.574294917000145 ], [ 120.993313989000285, 14.578179379 ], [ 120.993837475000078, 14.578336746000161 ] ] ] } },
{ "type": "Feature", "properties": { "name": "Barangay 687" }, "geometry": { "type": "Polygon", "coordinates": [ [ [ 120.993313989000285, 14.578179379 ], [ 120.99415548900015, 14.575781887000062 ], [ 120.99307193300001, 14.575528300000144 ], [ 120.992115163000221, 14.57767221000006 ], [ 120.993313989000285, 14.578179379 ] ] ] } },
{ "type": "Feature", "properties": { "name": "Barangay 833" }, "geometry": { "type": "Polygon", "coordinates": [ [ [ 121.004703161000066, 14.597142571000177 ], [ 121.004179207000107, 14.595080554000162 ], [ 121.004803452000147, 14.594607418000123 ], [ 121.004679230000193, 14.594160221000152 ], [ 121.004278765000322, 14.593739052000046 ], [ 121.004569797000045, 14.593644407000113 ], [ 121.004509090000283, 14.593376685000123 ], [ 121.004928665000079, 14.593186153000033 ], [ 121.004774618000056, 14.592776712000159 ], [ 121.004614490000108, 14.592833466000059 ], [ 121.004491040000062, 14.592611047000048 ], [ 121.003242879000027, 14.592932629000188 ], [ 121.003356391000011, 14.594675289000122 ], [ 121.002907556000082, 14.596390528000029 ], [ 121.004703161000066, 14.597142571000177 ] ] ] } },
{ "type": "Feature", "properties": { "name": "Barangay 834" }, "geometry": { "type": "Polygon", "coordinates": [ [ [ 121.005647084000088, 14.597170138000024 ], [ 121.007330780000188, 14.596801116000051 ], [ 121.010567623000043, 14.595470823000028 ], [ 121.009666018000075, 14.592965740000182 ], [ 121.009326053000109, 14.592678467000098 ], [ 121.008260564000011, 14.592659264000019 ], [ 121.005092896000065, 14.592035352000096 ], [ 121.004491040000062, 14.592611047000048 ], [ 121.004614490000108, 14.592833466000059 ], [ 121.004774618000056, 14.592776712000159 ], [ 121.004928665000079, 14.593186153000033 ], [ 121.004509090000283, 14.593376685000123 ], [ 121.004569797000045, 14.593644407000113 ], [ 121.004278765000322, 14.593739052000046 ], [ 121.004679230000193, 14.594160221000152 ], [ 121.004803452000147, 14.594607418000123 ], [ 121.004179207000107, 14.595080554000162 ], [ 121.004555009000114, 14.596591408000108 ], [ 121.004703161000066, 14.597142571000177 ], [ 121.005647084000088, 14.597170138000024 ] ] ] } },
{ "type": "Feature", "properties": { "name": "Barangay 835" }, "geometry": { "type": "Polygon", "coordinates": [ [ [ 121.008260564000011, 14.592659264000019 ], [ 121.010709282000107, 14.592525137000052 ], [ 121.00934262200019, 14.590869922000138 ], [ 121.008874593000087, 14.591000391000023 ], [ 121.007903228000146, 14.590781615000026 ], [ 121.005661965000058, 14.590718977000165 ], [ 121.005092896000065, 14.592035352000096 ], [ 121.008260564000011, 14.592659264000019 ] ] ] } },
{ "type": "Feature", "properties": { "name": "Barangay 836" }, "geometry": { "type": "Polygon", "coordinates": [ [ [ 121.010567623000043, 14.595470823000028 ], [ 121.012408376000053, 14.594209442000022 ], [ 121.012138838000055, 14.593882190000159 ], [ 121.011966848000043, 14.593960953000021 ], [ 121.010709282000107, 14.592525137000052 ], [ 121.009326053000109, 14.592678467000098 ], [ 121.009666018000075, 14.592965740000182 ], [ 121.010567623000043, 14.595470823000028 ] ] ] } },
{ "type": "Feature", "properties": { "name": "Barangay 837" }, "geometry": { "type": "Polygon", "coordinates": [ [ [ 121.013874923000117, 14.59370418900005 ], [ 121.015458593000062, 14.593012723000072 ], [ 121.014299370000117, 14.591654560000052 ], [ 121.012380952000058, 14.590927197000156 ], [ 121.011693510000214, 14.59219806200008 ], [ 121.012085187000025, 14.592277993000039 ], [ 121.012037688000078, 14.592570834000185 ], [ 121.013084363000075, 14.592765565000036 ], [ 121.013874923000117, 14.59370418900005 ] ] ] } },
{ "type": "Feature", "properties": { "name": "Barangay 838" }, "geometry": { "type": "Polygon", "coordinates": [ [ [ 121.012408376000053, 14.594209442000022 ], [ 121.013874923000117, 14.59370418900005 ], [ 121.013084363000075, 14.592765565000036 ], [ 121.012037688000078, 14.592570834000185 ], [ 121.012085187000025, 14.592277993000039 ], [ 121.010902162000093, 14.592046192000112 ], [ 121.010084386000131, 14.590825988000063 ], [ 121.009463287000131, 14.590994016000082 ], [ 121.011966848000043, 14.593960953000021 ], [ 121.012138838000055, 14.593882190000159 ], [ 121.012408376000053, 14.594209442000022 ] ] ] } },
{ "type": "Feature", "properties": { "name": "Barangay 839" }, "geometry": { "type": "Polygon", "coordinates": [ [ [ 121.015458593000062, 14.593012723000072 ], [ 121.016011144000231, 14.59215197900005 ], [ 121.015774977000092, 14.591377699000134 ], [ 121.01292456200008, 14.589144708000049 ], [ 121.00934262200019, 14.590869922000138 ], [ 121.009652430000074, 14.590969961000155 ], [ 121.010542466000174, 14.590647435000108 ], [ 121.013012432000096, 14.591047094000032 ], [ 121.014299370000117, 14.591654560000052 ], [ 121.015458593000062, 14.593012723000072 ] ] ] } },
{ "type": "Feature", "properties": { "name": "Barangay 840" }, "geometry": { "type": "Polygon", "coordinates": [ [ [ 121.011735810000118, 14.59212497700014 ], [ 121.012380952000058, 14.590927197000156 ], [ 121.010542466000174, 14.590647435000108 ], [ 121.010084386000131, 14.590825988000063 ], [ 121.010902162000093, 14.592046192000112 ], [ 121.011735810000118, 14.59212497700014 ] ] ] } },
{ "type": "Feature", "properties": { "name": "Barangay 841" }, "geometry": { "type": "Polygon", "coordinates": [ [ [ 120.999631028000067, 14.587075408000032 ], [ 121.000225109000098, 14.586755544000027 ], [ 121.001022896000109, 14.585523488999968 ], [ 120.999634717000163, 14.584637973999975 ], [ 120.998967086000221, 14.585605762000114 ], [ 120.99864526600004, 14.586788871000067 ], [ 120.999631028000067, 14.587075408000032 ] ] ] } },
{ "type": "Feature", "properties": { "name": "Barangay 842" }, "geometry": { "type": "Polygon", "coordinates": [ [ [ 121.000451853000072, 14.587727901000108 ], [ 121.001986215000215, 14.586953430999984 ], [ 121.002024139000127, 14.586261017000083 ], [ 121.001022896000109, 14.585523488999968 ], [ 121.000225109000098, 14.586755544000027 ], [ 120.999834494000083, 14.586995120000154 ], [ 121.000270129000114, 14.587980792000167 ], [ 121.000451853000072, 14.587727901000108 ] ] ] } },
{ "type": "Feature", "properties": { "name": "Barangay 843" }, "geometry": { "type": "Polygon", "coordinates": [ [ [ 120.99955465700009, 14.588400179000132 ], [ 121.000270129000114, 14.587980792000167 ], [ 120.999834494000083, 14.586995120000154 ], [ 120.999546159000261, 14.587081935000128 ], [ 120.99864526600004, 14.586788871000067 ], [ 120.998379691000196, 14.588109795000094 ], [ 120.999284992000071, 14.588773442000047 ], [ 120.99955465700009, 14.588400179000132 ] ] ] } },
{ "type": "Feature", "properties": { "name": "Barangay 844" }, "geometry": { "type": "Polygon", "coordinates": [ [ [ 121.001394139000013, 14.589113532000113 ], [ 121.000755821000212, 14.588101027999983 ], [ 121.001948425000251, 14.587623639000014 ], [ 121.001986215000215, 14.586953430999984 ], [ 121.00072645900002, 14.587517743000149 ], [ 120.999742403000027, 14.588210497000091 ], [ 120.999326264000274, 14.588779543000101 ], [ 121.000850252000077, 14.589389336000181 ], [ 121.001404146000027, 14.589798036000104 ], [ 121.001394139000013, 14.589113532000113 ] ] ] } },
{ "type": "Feature", "properties": { "name": "Barangay 845" }, "geometry": { "type": "Polygon", "coordinates": [ [ [ 121.001800190000154, 14.590086695000082 ], [ 121.001913652000098, 14.588456696000094 ], [ 121.001948425000251, 14.587623639000014 ], [ 121.000755821000212, 14.588101027999983 ], [ 121.001394139000013, 14.589113532000113 ], [ 121.001404146000027, 14.589798036000104 ], [ 121.001800190000154, 14.590086695000082 ] ] ] } },
{ "type": "Feature", "properties": { "name": "Barangay 846" }, "geometry": { "type": "Polygon", "coordinates": [ [ [ 121.001800190000154, 14.590086695000082 ], [ 121.0030543700002, 14.589517813999976 ], [ 121.001920054000152, 14.5880517 ], [ 121.001800190000154, 14.590086695000082 ] ] ] } },
{ "type": "Feature", "properties": { "name": "Barangay 847" }, "geometry": { "type": "Polygon", "coordinates": [ [ [ 121.002928037000174, 14.591475497000033 ], [ 121.004888178000215, 14.590788799000052 ], [ 121.003975435000143, 14.590105816000118 ], [ 121.003643710000119, 14.589373487000046 ], [ 121.001800190000154, 14.590086695000082 ], [ 121.002928037000174, 14.591475497000033 ] ] ] } },
{ "type": "Feature", "properties": { "name": "Barangay 848" }, "geometry": { "type": "Polygon", "coordinates": [ [ [ 121.003348372000346, 14.592920881000111 ], [ 121.004708933000074, 14.592438481000158 ], [ 121.005092896000065, 14.592035352000096 ], [ 121.00561124900014, 14.590845159000139 ], [ 121.004999707000138, 14.590589285000078 ], [ 121.004806346, 14.59090525300013 ], [ 121.002928037000174, 14.591475497000033 ], [ 121.003348372000346, 14.592920881000111 ] ] ] } },
{ "type": "Feature", "properties": { "name": "Barangay 849" }, "geometry": { "type": "Polygon", "coordinates": [ [ [ 121.000970136000092, 14.584398624000073 ], [ 121.000247484000283, 14.583743804999983 ], [ 120.999634717000163, 14.584637973999975 ], [ 121.000460719000102, 14.585138872000073 ], [ 121.000970136000092, 14.584398624000073 ] ] ] } },
{ "type": "Feature", "properties": { "name": "Barangay 850" }, "geometry": { "type": "Polygon", "coordinates": [ [ [ 121.001616481000156, 14.585125231000063 ], [ 121.001431018000176, 14.584781488000147 ], [ 121.001741724000112, 14.584505511000145 ], [ 121.00140977500007, 14.584286267000095 ], [ 121.001338081000199, 14.58447081300011 ], [ 121.000752108000142, 14.584269741000185 ], [ 121.000970136000092, 14.584398624000073 ], [ 121.000460719000102, 14.585138872000073 ], [ 121.001293069000212, 14.585725274000083 ], [ 121.001616481000156, 14.585125231000063 ] ] ] } },
{ "type": "Feature", "properties": { "name": "Barangay 851" }, "geometry": { "type": "Polygon", "coordinates": [ [ [ 121.002024139000127, 14.586261017000083 ], [ 121.002086451000082, 14.583021171000041 ], [ 121.001744817000144, 14.582727011000088 ], [ 121.001135172000204, 14.583110197000167 ], [ 121.001462389000039, 14.58363139 ], [ 121.00140977500007, 14.584286267000095 ], [ 121.001741724000112, 14.584505511000145 ], [ 121.001431018000176, 14.584781488000147 ], [ 121.001616481000156, 14.585125231000063 ], [ 121.001293069000212, 14.585725274000083 ], [ 121.002024139000127, 14.586261017000083 ] ] ] } },
{ "type": "Feature", "properties": { "name": "Barangay 852" }, "geometry": { "type": "Polygon", "coordinates": [ [ [ 121.001384550000012, 14.584385842000074 ], [ 121.001462389000039, 14.58363139 ], [ 121.001135172000204, 14.583110197000167 ], [ 121.000700343000062, 14.583493260000125 ], [ 121.000598467000145, 14.583995880000145 ], [ 121.001384550000012, 14.584385842000074 ] ] ] } },
{ "type": "Feature", "properties": { "name": "Barangay 853" }, "geometry": { "type": "Polygon", "coordinates": [ [ [ 121.000598467000145, 14.583995880000145 ], [ 121.000700343000062, 14.583493260000125 ], [ 121.001744817000144, 14.582727011000088 ], [ 121.001455648000046, 14.582434571000022 ], [ 121.001142630000118, 14.582552061000172 ], [ 121.000247484000283, 14.583743804999983 ], [ 121.000598467000145, 14.583995880000145 ] ] ] } },
{ "type": "Feature", "properties": { "name": "Barangay 855" }, "geometry": { "type": "Polygon", "coordinates": [ [ [ 121.003373947000114, 14.586304444 ], [ 121.003584494000165, 14.584319695000033 ], [ 121.002086451000082, 14.583021171000041 ], [ 121.002024139000127, 14.586261017000083 ], [ 121.003373947000114, 14.586304444 ] ] ] } },
{ "type": "Feature", "properties": { "name": "Barangay 856" }, "geometry": { "type": "Polygon", "coordinates": [ [ [ 121.0030543700002, 14.589517813999976 ], [ 121.003373947000114, 14.586304444 ], [ 121.002024139000127, 14.586261017000083 ], [ 121.001920054000152, 14.5880517 ], [ 121.0030543700002, 14.589517813999976 ] ] ] } },
{ "type": "Feature", "properties": { "name": "Barangay 857" }, "geometry": { "type": "Polygon", "coordinates": [ [ [ 121.004101615000081, 14.584894181000152 ], [ 121.003584494000165, 14.584319695000033 ], [ 121.003294915000083, 14.587144325000168 ], [ 121.003659145000029, 14.587169110000161 ], [ 121.004101615000081, 14.584894181000152 ] ] ] } },
{ "type": "Feature", "properties": { "name": "Barangay 858" }, "geometry": { "type": "Polygon", "coordinates": [ [ [ 121.0030543700002, 14.589517813999976 ], [ 121.003832777000071, 14.589303145000088 ], [ 121.003605938000192, 14.588834303 ], [ 121.003892662000112, 14.58718508000004 ], [ 121.003294915000083, 14.587144325000168 ], [ 121.0030543700002, 14.589517813999976 ] ] ] } },
{ "type": "Feature", "properties": { "name": "Barangay 859" }, "geometry": { "type": "Polygon", "coordinates": [ [ [ 121.005661965000058, 14.590718977000165 ], [ 121.004706936000161, 14.590274766999983 ], [ 121.003819130000011, 14.588864662000105 ], [ 121.003763610000078, 14.588178219999975 ], [ 121.004398394000191, 14.587210060000189 ], [ 121.004891632000181, 14.585584597000093 ], [ 121.004101615000081, 14.584894181000152 ], [ 121.003659145000029, 14.587169110000161 ], [ 121.003892662000112, 14.58718508000004 ], [ 121.003605938000192, 14.588834303 ], [ 121.003832777000071, 14.589303145000088 ], [ 121.003643710000119, 14.589373487000046 ], [ 121.003975435000143, 14.590105816000118 ], [ 121.004888178000215, 14.590788799000052 ], [ 121.004999707000138, 14.590589285000078 ], [ 121.00561124900014, 14.590845159000139 ], [ 121.005661965000058, 14.590718977000165 ] ] ] } },
{ "type": "Feature", "properties": { "name": "Barangay 860" }, "geometry": { "type": "Polygon", "coordinates": [ [ [ 121.005947219000177, 14.590067694000027 ], [ 121.00778063000007, 14.589894934000085 ], [ 121.006609560000015, 14.588493566000125 ], [ 121.005947219000177, 14.590067694000027 ] ] ] } },
{ "type": "Feature", "properties": { "name": "Barangay 861" }, "geometry": { "type": "Polygon", "coordinates": [ [ [ 121.008582091000221, 14.590925528000128 ], [ 121.00778063000007, 14.589894934000085 ], [ 121.006619149000016, 14.590173279000112 ], [ 121.005947219000177, 14.590067694000027 ], [ 121.005661965000058, 14.590718977000165 ], [ 121.008582091000221, 14.590925528000128 ] ] ] } },
{ "type": "Feature", "properties": { "name": "Barangay 862" }, "geometry": { "type": "Polygon", "coordinates": [ [ [ 121.006158400000118, 14.58958777700019 ], [ 121.006609560000015, 14.588493566000125 ], [ 121.006562365000264, 14.587973953000073 ], [ 121.00542226600021, 14.586571232000097 ], [ 121.004455076000113, 14.588118794000025 ], [ 121.005467274000011, 14.589280625000185 ], [ 121.006158400000118, 14.58958777700019 ] ] ] } },
{ "type": "Feature", "properties": { "name": "Barangay 863" }, "geometry": { "type": "Polygon", "coordinates": [ [ [ 121.005707241000209, 14.590605200000084 ], [ 121.006158400000118, 14.58958777700019 ], [ 121.005467274000011, 14.589280625000185 ], [ 121.004455076000113, 14.588118794000025 ], [ 121.00380242700021, 14.588100585000063 ], [ 121.003840816000093, 14.588923939000153 ], [ 121.004561621000107, 14.590104022000162 ], [ 121.005045548000112, 14.590505533999988 ], [ 121.005707241000209, 14.590605200000084 ] ] ] } },
{ "type": "Feature", "properties": { "name": "Barangay 864" }, "geometry": { "type": "Polygon", "coordinates": [ [ [ 121.004553042000225, 14.588045767000153 ], [ 121.005600926000056, 14.586342276000153 ], [ 121.004891632000181, 14.585584597000093 ], [ 121.004398394000191, 14.587210060000189 ], [ 121.00380242700021, 14.588100585000063 ], [ 121.004553042000225, 14.588045767000153 ] ] ] } },
{ "type": "Feature", "properties": { "name": "Barangay 865" }, "geometry": { "type": "Polygon", "coordinates": [ [ [ 121.008937678000052, 14.590994082000122 ], [ 121.01225330800014, 14.589596296000082 ], [ 121.01292456200008, 14.589144708000049 ], [ 121.010828519000142, 14.588010153000027 ], [ 121.00911056800021, 14.58782061800008 ], [ 121.008251733000066, 14.587481334000074 ], [ 121.007405624000171, 14.586664070000097 ], [ 121.007107563000091, 14.585971799000106 ], [ 121.005600926000056, 14.586342276000153 ], [ 121.00542226600021, 14.586571232000097 ], [ 121.00652170900014, 14.587904261000176 ], [ 121.006609560000015, 14.588493566000125 ], [ 121.008579041000189, 14.590947002000121 ], [ 121.008937678000052, 14.590994082000122 ] ] ] } },
{ "type": "Feature", "properties": { "name": "Barangay 867" }, "geometry": { "type": "Polygon", "coordinates": [ [ [ 121.005201474000046, 14.585068194000087 ], [ 121.005947287000026, 14.583784830000127 ], [ 121.005930349000209, 14.582853255000032 ], [ 121.004996118000122, 14.583412297000109 ], [ 121.00445278400025, 14.583316864000096 ], [ 121.003420286000051, 14.583497944000158 ], [ 121.002937358000054, 14.583875185000011 ], [ 121.003036339000232, 14.583968331999984 ], [ 121.00352623300023, 14.583650354000156 ], [ 121.00430178500028, 14.583704103000059 ], [ 121.004449644000033, 14.584484124000028 ], [ 121.004967196000052, 14.584779412000159 ], [ 121.004832065000073, 14.585008653000045 ], [ 121.005201474000046, 14.585068194000087 ] ] ] } },
{ "type": "Feature", "properties": { "name": "Barangay 868" }, "geometry": { "type": "Polygon", "coordinates": [ [ [ 121.004943693000087, 14.58553219900017 ], [ 121.00514449100001, 14.585149598000044 ], [ 121.004832065000073, 14.585008653000045 ], [ 121.004967196000052, 14.584779412000159 ], [ 121.004449644000033, 14.584484124000028 ], [ 121.00430178500028, 14.583704103000059 ], [ 121.00352623300023, 14.583650354000156 ], [ 121.003036339000232, 14.583968331999984 ], [ 121.004568361000111, 14.585401888000149 ], [ 121.004943693000087, 14.58553219900017 ] ] ] } },
{ "type": "Feature", "properties": { "name": "Barangay 870" }, "geometry": { "type": "Polygon", "coordinates": [ [ [ 121.004237299000124, 14.583447787000182 ], [ 121.004996118000122, 14.583412297000109 ], [ 121.005930349000209, 14.582853255000032 ], [ 121.005679671000053, 14.582280760000174 ], [ 121.00494253300019, 14.581963253000083 ], [ 121.004197386000101, 14.582001750000188 ], [ 121.004237299000124, 14.583447787000182 ] ] ] } },
{ "type": "Feature", "properties": { "name": "Barangay 871" }, "geometry": { "type": "Polygon", "coordinates": [ [ [ 121.003477489000147, 14.58349186300012 ], [ 121.004237299000124, 14.583447787000182 ], [ 121.004197386000101, 14.582001750000188 ], [ 121.003489965000085, 14.582119920000025 ], [ 121.00353507300008, 14.582530206000058 ], [ 121.003342585000155, 14.582537270000103 ], [ 121.003477489000147, 14.58349186300012 ] ] ] } },
{ "type": "Feature", "properties": { "name": "Barangay 872" }, "geometry": { "type": "Polygon", "coordinates": [ [ [ 121.002937358000054, 14.583875185000011 ], [ 121.003477489000147, 14.58349186300012 ], [ 121.003342585000155, 14.582537270000103 ], [ 121.00353507300008, 14.582530206000058 ], [ 121.003489965000085, 14.582119920000025 ], [ 121.001455648000046, 14.582434571000022 ], [ 121.002937358000054, 14.583875185000011 ] ] ] } },
{ "type": "Feature", "properties": { "name": "Barangay 869" }, "geometry": { "type": "Polygon", "coordinates": [ [ [ 121.005282028000124, 14.581446419000144 ], [ 121.005930479000085, 14.579722646999983 ], [ 121.004242313000191, 14.579437826000117 ], [ 121.004505098000095, 14.580548379000106 ], [ 121.004998677000231, 14.581243046000111 ], [ 121.005282028000124, 14.581446419000144 ] ] ] } },
{ "type": "Feature", "properties": { "name": "Barangay 649" }, "geometry": { "type": "Polygon", "coordinates": [ [ [ 120.967309433000196, 14.595918792000077 ], [ 120.970112567000115, 14.591801879000059 ], [ 120.96601733500006, 14.58782449500012 ], [ 120.96671072200013, 14.587164530000166 ], [ 120.962281536000091, 14.582882444000063 ], [ 120.961945190000165, 14.583232450000025 ], [ 120.963640442000269, 14.584861194000155 ], [ 120.963319533000117, 14.585188070000015 ], [ 120.965735705000043, 14.587513071000103 ], [ 120.964710634000198, 14.588574262000066 ], [ 120.962251619000199, 14.586227609000161 ], [ 120.961954792000029, 14.586560674000111 ], [ 120.96263235400022, 14.587895856999978 ], [ 120.96403256300016, 14.589253734000181 ], [ 120.963809696000112, 14.589509924000026 ], [ 120.964283044000013, 14.590499770000065 ], [ 120.964748447000034, 14.590866090000191 ], [ 120.964947012000039, 14.592012283000031 ], [ 120.963574462000111, 14.59268022599997 ], [ 120.962998243000015, 14.592772499999967 ], [ 120.963186697000083, 14.593602564000093 ], [ 120.963013668000144, 14.593805978000034 ], [ 120.96289984200007, 14.593016068000054 ], [ 120.96243202900007, 14.59293009300012 ], [ 120.962669922000259, 14.591928481000025 ], [ 120.962465424000015, 14.591468490000068 ], [ 120.962771887000258, 14.591828321000094 ], [ 120.962666521000074, 14.591286198000091 ], [ 120.962866894000058, 14.591001731000119 ], [ 120.962836245000062, 14.590654488000041 ], [ 120.962669820000087, 14.590590143000156 ], [ 120.962818407000213, 14.590260629000056 ], [ 120.962644604000161, 14.590184388000068 ], [ 120.961894853000217, 14.590518759000133 ], [ 120.962061207000261, 14.592215975000045 ], [ 120.961607721000064, 14.592231017000017 ], [ 120.961281980000194, 14.588906059000067 ], [ 120.95578642800001, 14.578200548000098 ], [ 120.955670292000036, 14.572490719000086 ], [ 120.955754472000081, 14.578226624000138 ], [ 120.959042925000062, 14.584651974999986 ], [ 120.958437208000191, 14.585593456000026 ], [ 120.956486145000099, 14.587314813000035 ], [ 120.956401552000102, 14.587914070000181 ], [ 120.95578175300011, 14.588863402000186 ], [ 120.954314031000195, 14.590260290000117 ], [ 120.953881041000045, 14.590300633000027 ], [ 120.954023064000012, 14.590902345000075 ], [ 120.953868024000144, 14.591119100000128 ], [ 120.955841851000059, 14.592923617000167 ], [ 120.958361365000201, 14.593996941000114 ], [ 120.95869064700014, 14.594459728000118 ], [ 120.959493166000016, 14.594340759000147 ], [ 120.959699746000183, 14.594907011000089 ], [ 120.959808471000201, 14.594753424000089 ], [ 120.960282877000054, 14.594913784000028 ], [ 120.960407177000207, 14.594775495000079 ], [ 120.960864551000213, 14.595088295000039 ], [ 120.962667006000061, 14.595074001000057 ], [ 120.962750881000147, 14.594353473000126 ], [ 120.96318530900021, 14.594240662000118 ], [ 120.963392755000086, 14.595109376999972 ], [ 120.967528859000026, 14.595318969000118 ], [ 120.967122167000184, 14.595916639000166 ], [ 120.967309433000196, 14.595918792000077 ] ] ] } },
{ "type": "Feature", "properties": { "name": "Barangay 650" }, "geometry": { "type": "Polygon", "coordinates": [ [ [ 120.970645388000094, 14.591100915000141 ], [ 120.970523634000074, 14.590621211000041 ], [ 120.970929016000127, 14.590418025000133 ], [ 120.967185642000118, 14.586699539000108 ], [ 120.96601733500006, 14.58782449500012 ], [ 120.970112567000115, 14.591801879000059 ], [ 120.970645388000094, 14.591100915000141 ] ] ] } },
{ "type": "Feature", "properties": { "name": "Barangay 651" }, "geometry": { "type": "Polygon", "coordinates": [ [ [ 120.970929016000127, 14.590418025000133 ], [ 120.972649390000015, 14.587889246000088 ], [ 120.969192123000198, 14.584667066000065 ], [ 120.967185642000118, 14.586699539000108 ], [ 120.970929016000127, 14.590418025000133 ] ] ] } },
{ "type": "Feature", "properties": { "name": "Barangay 652" }, "geometry": { "type": "Polygon", "coordinates": [ [ [ 120.973691119000136, 14.586215975000073 ], [ 120.972959999000182, 14.585835687000042 ], [ 120.970414053000013, 14.583388211000056 ], [ 120.969192123000198, 14.584667066000065 ], [ 120.972649390000015, 14.587889246000088 ], [ 120.973691119000136, 14.586215975000073 ] ] ] } },
{ "type": "Feature", "properties": { "name": "Barangay 653" }, "geometry": { "type": "Polygon", "coordinates": [ [ [ 120.966766173000224, 14.587104389000046 ], [ 120.970414053000013, 14.583388211000056 ], [ 120.972959999000182, 14.585835687000042 ], [ 120.973691119000136, 14.586215975000073 ], [ 120.975504948000207, 14.582880924999984 ], [ 120.973537381000028, 14.581778149000058 ], [ 120.973727867000093, 14.581184747000179 ], [ 120.972524325000222, 14.58084087800006 ], [ 120.972164809000105, 14.581435667000164 ], [ 120.972647795000057, 14.581921948000172 ], [ 120.973379955000155, 14.582178296000052 ], [ 120.973167714000056, 14.582540441999981 ], [ 120.971956654000223, 14.581304067000076 ], [ 120.971853708000026, 14.581412452999984 ], [ 120.973063818000014, 14.582593255000177 ], [ 120.972758205000218, 14.583148978000054 ], [ 120.97247143900006, 14.583119453000052 ], [ 120.971717174000105, 14.582337178000046 ], [ 120.972071415000187, 14.582457172000034 ], [ 120.971585997000034, 14.581996928000137 ], [ 120.971626518000107, 14.582256832000155 ], [ 120.968873587000076, 14.57959457700008 ], [ 120.968193477000113, 14.580262257000072 ], [ 120.970733385000017, 14.582781201000103 ], [ 120.970233342000256, 14.583261117 ], [ 120.969986605000031, 14.583033993000072 ], [ 120.970179954000059, 14.583306257 ], [ 120.969785135000052, 14.5836249890001 ], [ 120.969469614000104, 14.583628082000075 ], [ 120.966805863000104, 14.581050253000058 ], [ 120.966266847000043, 14.581578763000095 ], [ 120.969016246000137, 14.584225480000157 ], [ 120.968744688000015, 14.584217883000122 ], [ 120.968842472000119, 14.584570026000051 ], [ 120.968097405000208, 14.585267167000097 ], [ 120.965583328000093, 14.582887162000077 ], [ 120.964902683000219, 14.583533677 ], [ 120.967310381000061, 14.585849845000155 ], [ 120.966357706000053, 14.58678538800001 ], [ 120.966766173000224, 14.587104389000046 ] ] ] } },
{ "type": "Feature", "properties": { "name": "Barangay 745" }, "geometry": { "type": "Polygon", "coordinates": [ [ [ 120.999328814000137, 14.567515201000163 ], [ 120.997597599000187, 14.56723850100019 ], [ 120.997749924000232, 14.567809999000019 ], [ 120.99761091400012, 14.568098875000146 ], [ 120.999179015000095, 14.568109341000138 ], [ 120.999328814000137, 14.567515201000163 ] ] ] } },
{ "type": "Feature", "properties": { "name": "Barangay 746" }, "geometry": { "type": "Polygon", "coordinates": [ [ [ 120.999936138000066, 14.567558674000111 ], [ 121.000204043000167, 14.566977750000035 ], [ 120.9974832380002, 14.565678552000179 ], [ 120.997597599000187, 14.56723850100019 ], [ 120.999936138000066, 14.567558674000111 ] ] ] } },
{ "type": "Feature", "properties": { "name": "Barangay 747" }, "geometry": { "type": "Polygon", "coordinates": [ [ [ 121.001306298000145, 14.56921252799998 ], [ 121.000772614000084, 14.568972047999978 ], [ 120.99999635100005, 14.570565511000098 ], [ 121.000467428000206, 14.570774915000015 ], [ 121.001306298000145, 14.56921252799998 ] ] ] } },
{ "type": "Feature", "properties": { "name": "Barangay 748" }, "geometry": { "type": "Polygon", "coordinates": [ [ [ 120.99999635100005, 14.570565511000098 ], [ 121.001466373000198, 14.567545082000038 ], [ 121.000815375000116, 14.567267453000113 ], [ 120.999353699000153, 14.570273322 ], [ 120.99999635100005, 14.570565511000098 ] ] ] } },
{ "type": "Feature", "properties": { "name": "Barangay 749" }, "geometry": { "type": "Polygon", "coordinates": [ [ [ 121.002045994000241, 14.567836409000108 ], [ 121.001466373000198, 14.567545082000038 ], [ 121.000772614000084, 14.568972047999978 ], [ 121.001306298000145, 14.56921252799998 ], [ 121.002045994000241, 14.567836409000108 ] ] ] } },
{ "type": "Feature", "properties": { "name": "Barangay 750" }, "geometry": { "type": "Polygon", "coordinates": [ [ [ 120.9994857370001, 14.57263452300009 ], [ 121.000467428000206, 14.570774915000015 ], [ 120.999518245000104, 14.570346202 ], [ 120.99857870700032, 14.572394147000068 ], [ 120.9994857370001, 14.57263452300009 ] ] ] } },
{ "type": "Feature", "properties": { "name": "Barangay 751" }, "geometry": { "type": "Polygon", "coordinates": [ [ [ 120.999518245000104, 14.570346202 ], [ 120.999353699000153, 14.570273322 ], [ 121.000110560000167, 14.568674362000081 ], [ 120.999481848000187, 14.56840525399997 ], [ 120.998449562000019, 14.570549227000186 ], [ 120.998850832000016, 14.571688465000136 ], [ 120.999518245000104, 14.570346202 ] ] ] } },
{ "type": "Feature", "properties": { "name": "Barangay 752" }, "geometry": { "type": "Polygon", "coordinates": [ [ [ 121.000815375000116, 14.567267453000113 ], [ 121.000204043000167, 14.566977750000035 ], [ 120.999897503000057, 14.567635943000028 ], [ 120.999328814000137, 14.567515201000163 ], [ 120.999134887000196, 14.568283189000113 ], [ 121.000110560000167, 14.568674362000081 ], [ 121.000815375000116, 14.567267453000113 ] ] ] } },
{ "type": "Feature", "properties": { "name": "Barangay 753" }, "geometry": { "type": "Polygon", "coordinates": [ [ [ 120.998494741000172, 14.570440377000068 ], [ 120.999481848000187, 14.56840525399997 ], [ 120.999369023000213, 14.56830592200015 ], [ 120.999005684000053, 14.568236614000057 ], [ 120.998582952000106, 14.568819956000027 ], [ 120.99732382000002, 14.56900898900011 ], [ 120.998494741000172, 14.570440377000068 ] ] ] } },
{ "type": "Feature", "properties": { "name": "Barangay 755" }, "geometry": { "type": "Polygon", "coordinates": [ [ [ 120.999099521000062, 14.564443780000147 ], [ 120.999944864000099, 14.562799192000114 ], [ 120.998822153000219, 14.561716356999966 ], [ 120.998594708000155, 14.561905263000142 ], [ 120.998478275000025, 14.562809863000041 ], [ 120.997981193000101, 14.563866721000068 ], [ 120.999099521000062, 14.564443780000147 ] ] ] } },
{ "type": "Feature", "properties": { "name": "Barangay 756" }, "geometry": { "type": "Polygon", "coordinates": [ [ [ 121.000340866000215, 14.56509660100005 ], [ 121.00096226800008, 14.563809549000155 ], [ 120.999944864000099, 14.562799192000114 ], [ 120.999099521000062, 14.564443780000147 ], [ 121.000340866000215, 14.56509660100005 ] ] ] } },
{ "type": "Feature", "properties": { "name": "Barangay 757" }, "geometry": { "type": "Polygon", "coordinates": [ [ [ 121.001628461000109, 14.564487268 ], [ 121.00096226800008, 14.563809549000155 ], [ 121.000340866000215, 14.56509660100005 ], [ 121.001134149000222, 14.565501385000175 ], [ 121.001628461000109, 14.564487268 ] ] ] } },
{ "type": "Feature", "properties": { "name": "Barangay 758" }, "geometry": { "type": "Polygon", "coordinates": [ [ [ 121.003111810000178, 14.565983891000087 ], [ 121.002523856000039, 14.565353794000089 ], [ 121.001634264000131, 14.564475089000155 ], [ 121.001134149000222, 14.565501385000175 ], [ 121.00286472200014, 14.566367911999976 ], [ 121.003111810000178, 14.565983891000087 ] ] ] } },
{ "type": "Feature", "properties": { "name": "Barangay 759" }, "geometry": { "type": "Polygon", "coordinates": [ [ [ 121.002045994000241, 14.567836409000108 ], [ 121.00286472200014, 14.566367911999976 ], [ 121.001573016000179, 14.565731032000087 ], [ 121.000815375000116, 14.567267453000113 ], [ 121.002045994000241, 14.567836409000108 ] ] ] } },
{ "type": "Feature", "properties": { "name": "Barangay 760" }, "geometry": { "type": "Polygon", "coordinates": [ [ [ 121.000815375000116, 14.567267453000113 ], [ 121.001573016000179, 14.565731032000087 ], [ 121.000340866000215, 14.56509660100005 ], [ 120.999562980000178, 14.56665649200005 ], [ 121.000815375000116, 14.567267453000113 ] ] ] } },
{ "type": "Feature", "properties": { "name": "Barangay 761" }, "geometry": { "type": "Polygon", "coordinates": [ [ [ 120.999562980000178, 14.56665649200005 ], [ 121.000340866000215, 14.56509660100005 ], [ 120.999099521000062, 14.564443780000147 ], [ 120.998304636000171, 14.566065072000185 ], [ 120.999562980000178, 14.56665649200005 ] ] ] } },
{ "type": "Feature", "properties": { "name": "Barangay 762" }, "geometry": { "type": "Polygon", "coordinates": [ [ [ 120.998304636000171, 14.566065072000185 ], [ 120.999099521000062, 14.564443780000147 ], [ 120.997981193000101, 14.563866721000068 ], [ 120.997479633000012, 14.564945971000043 ], [ 120.9974832380002, 14.565678552000179 ], [ 120.998304636000171, 14.566065072000185 ] ] ] } },
{ "type": "Feature", "properties": { "name": "Barangay 763" }, "geometry": { "type": "Polygon", "coordinates": [ [ [ 121.005805009000142, 14.56865513200006 ], [ 121.004848223000067, 14.567690956000035 ], [ 121.003561176000062, 14.568893518999971 ], [ 121.004549140000222, 14.569894256999987 ], [ 121.005805009000142, 14.56865513200006 ] ] ] } },
{ "type": "Feature", "properties": { "name": "Barangay 764" }, "geometry": { "type": "Polygon", "coordinates": [ [ [ 121.004842090000125, 14.567696685999977 ], [ 121.003111810000178, 14.565983891000087 ], [ 121.002045994000241, 14.567836409000108 ], [ 121.002795299000013, 14.568202661000043 ], [ 121.003561176000062, 14.568893518999971 ], [ 121.004842090000125, 14.567696685999977 ] ] ] } },
{ "type": "Feature", "properties": { "name": "Barangay 765" }, "geometry": { "type": "Polygon", "coordinates": [ [ [ 121.0055178570002, 14.570862921000014 ], [ 121.006797099000323, 14.569615476000138 ], [ 121.005806215000234, 14.56865394200014 ], [ 121.004549140000222, 14.569894256999987 ], [ 121.0055178570002, 14.570862921000014 ] ] ] } },
{ "type": "Feature", "properties": { "name": "Barangay 766" }, "geometry": { "type": "Polygon", "coordinates": [ [ [ 121.006217129000106, 14.571574984000051 ], [ 121.007534849000081, 14.570349389000171 ], [ 121.006797099000323, 14.569615476000138 ], [ 121.0055178570002, 14.570862921000014 ], [ 121.006217129000106, 14.571574984000051 ] ] ] } },
{ "type": "Feature", "properties": { "name": "Barangay 767" }, "geometry": { "type": "Polygon", "coordinates": [ [ [ 121.005052407000221, 14.572658335000085 ], [ 121.006217129000106, 14.571574984000051 ], [ 121.004662213000074, 14.570009427000116 ], [ 121.003493588000083, 14.571102417000134 ], [ 121.005052407000221, 14.572658335000085 ] ] ] } },
{ "type": "Feature", "properties": { "name": "Barangay 768" }, "geometry": { "type": "Polygon", "coordinates": [ [ [ 121.004662213000074, 14.570009427000116 ], [ 121.00369063800008, 14.569022450999967 ], [ 121.002541375000078, 14.570149624000067 ], [ 121.003493588000083, 14.571102417000134 ], [ 121.004662213000074, 14.570009427000116 ] ] ] } },
{ "type": "Feature", "properties": { "name": "Barangay 769" }, "geometry": { "type": "Polygon", "coordinates": [ [ [ 121.00369063800008, 14.569022450999967 ], [ 121.002795299000013, 14.568202661000043 ], [ 121.002045994000241, 14.567836409000108 ], [ 121.001306298000145, 14.56921252799998 ], [ 121.001757659000077, 14.569357395000168 ], [ 121.002541375000078, 14.570149624000067 ], [ 121.00369063800008, 14.569022450999967 ] ] ] } },
{ "type": "Feature", "properties": { "name": "Barangay 770" }, "geometry": { "type": "Polygon", "coordinates": [ [ [ 121.007362255000203, 14.574953424000171 ], [ 121.009987061000174, 14.572816886000169 ], [ 121.008444124000107, 14.57125227500012 ], [ 121.007896423000034, 14.571707777000142 ], [ 121.00753907100011, 14.571753095000133 ], [ 121.007597162000025, 14.571898321999981 ], [ 121.007076786000084, 14.572428178000166 ], [ 121.008158047000165, 14.573502964000056 ], [ 121.006998976000091, 14.574600236000094 ], [ 121.007362255000203, 14.574953424000171 ] ] ] } },
{ "type": "Feature", "properties": { "name": "Barangay 771" }, "geometry": { "type": "Polygon", "coordinates": [ [ [ 121.006020369000225, 14.573623906000137 ], [ 121.005052407000221, 14.572658335000085 ], [ 121.003775530000212, 14.573884378 ], [ 121.004731181000125, 14.574849676000099 ], [ 121.006020369000225, 14.573623906000137 ] ] ] } },
{ "type": "Feature", "properties": { "name": "Barangay 772" }, "geometry": { "type": "Polygon", "coordinates": [ [ [ 121.005217904, 14.575340739000183 ], [ 121.007686534000072, 14.573025929000153 ], [ 121.007076786000084, 14.572428178000166 ], [ 121.004731181000125, 14.574849676000099 ], [ 121.005217904, 14.575340739000183 ] ] ] } },
{ "type": "Feature", "properties": { "name": "Barangay 773" }, "geometry": { "type": "Polygon", "coordinates": [ [ [ 121.005688100000157, 14.575818563000098 ], [ 121.008158047000165, 14.573502964000056 ], [ 121.007686534000072, 14.573025929000153 ], [ 121.005217904, 14.575340739000183 ], [ 121.005688100000157, 14.575818563000098 ] ] ] } },
{ "type": "Feature", "properties": { "name": "Barangay 774" }, "geometry": { "type": "Polygon", "coordinates": [ [ [ 121.006283821000011, 14.576455034999981 ], [ 121.006894481000018, 14.576025699000184 ], [ 121.007050330000084, 14.575451749000138 ], [ 121.007419127000276, 14.575453743000082 ], [ 121.007637110000132, 14.575223865000112 ], [ 121.006998976000091, 14.574600236000094 ], [ 121.005688100000157, 14.575818563000098 ], [ 121.006283821000011, 14.576455034999981 ] ] ] } },
{ "type": "Feature", "properties": { "name": "Barangay 775" }, "geometry": { "type": "Polygon", "coordinates": [ [ [ 121.00590223800009, 14.573503892000133 ], [ 121.007597162000025, 14.571898321999981 ], [ 121.00753907100011, 14.571753095000133 ], [ 121.007896423000034, 14.571707777000142 ], [ 121.008444124000107, 14.57125227500012 ], [ 121.007534849000081, 14.570349389000171 ], [ 121.005052407000221, 14.572658335000085 ], [ 121.00590223800009, 14.573503892000133 ] ] ] } },
{ "type": "Feature", "properties": { "name": "Barangay 776" }, "geometry": { "type": "Polygon", "coordinates": [ [ [ 121.008784537000111, 14.576299453000104 ], [ 121.010779940000134, 14.574465100999987 ], [ 121.009937032000153, 14.573843219000082 ], [ 121.008420040000033, 14.575386753999965 ], [ 121.007992157000103, 14.575609453000027 ], [ 121.00821555400023, 14.576078913000117 ], [ 121.008784537000111, 14.576299453000104 ] ] ] } },
{ "type": "Feature", "properties": { "name": "Barangay 777" }, "geometry": { "type": "Polygon", "coordinates": [ [ [ 121.007423485000118, 14.577546985000083 ], [ 121.008784537000111, 14.576299453000104 ], [ 121.007077418000335, 14.575645246000022 ], [ 121.006894481000018, 14.576025699000184 ], [ 121.006283821000011, 14.576455034999981 ], [ 121.007423485000118, 14.577546985000083 ] ] ] } },
{ "type": "Feature", "properties": { "name": "Barangay 778" }, "geometry": { "type": "Polygon", "coordinates": [ [ [ 121.010779940000134, 14.574465100999987 ], [ 121.01123692200008, 14.574056684000084 ], [ 121.009987061000174, 14.572816886000169 ], [ 121.009418142000072, 14.573162214000149 ], [ 121.010180304000073, 14.574135367999986 ], [ 121.010779940000134, 14.574465100999987 ] ] ] } },
{ "type": "Feature", "properties": { "name": "Barangay 779" }, "geometry": { "type": "Polygon", "coordinates": [ [ [ 121.008194504000016, 14.576057863000187 ], [ 121.007992157000103, 14.575609453000027 ], [ 121.008420040000033, 14.575386753999965 ], [ 121.009937032000153, 14.573843219000082 ], [ 121.009418142000072, 14.573162214000149 ], [ 121.007362255000203, 14.574953424000171 ], [ 121.007637110000132, 14.575223865000112 ], [ 121.007419127000276, 14.575453743000082 ], [ 121.007050330000084, 14.575451749000138 ], [ 121.007077418000335, 14.575645246000022 ], [ 121.008194504000016, 14.576057863000187 ] ] ] } },
{ "type": "Feature", "properties": { "name": "Barangay 780" }, "geometry": { "type": "Polygon", "coordinates": [ [ [ 121.010111110000025, 14.577818090000051 ], [ 121.010984765000103, 14.577120544000081 ], [ 121.010053987000333, 14.576240302000087 ], [ 121.009829445000037, 14.576380629000028 ], [ 121.009280008000019, 14.575851774000057 ], [ 121.008427172000097, 14.576636533000112 ], [ 121.009158368000044, 14.577405079000073 ], [ 121.009128094000062, 14.577614248999964 ], [ 121.010111110000025, 14.577818090000051 ] ] ] } },
{ "type": "Feature", "properties": { "name": "Barangay 781" }, "geometry": { "type": "Polygon", "coordinates": [ [ [ 121.00875381100002, 14.578923021000094 ], [ 121.010111110000025, 14.577818090000051 ], [ 121.009128094000062, 14.577614248999964 ], [ 121.009158368000044, 14.577405079000073 ], [ 121.008427172000097, 14.576636533000112 ], [ 121.007423485000118, 14.577546985000083 ], [ 121.00875381100002, 14.578923021000094 ] ] ] } },
{ "type": "Feature", "properties": { "name": "Barangay 782" }, "geometry": { "type": "Polygon", "coordinates": [ [ [ 121.010984765000103, 14.577120544000081 ], [ 121.011545784000077, 14.576418915000033 ], [ 121.010190360000024, 14.575022075999982 ], [ 121.009280008000019, 14.575851774000057 ], [ 121.009829445000037, 14.576380629000028 ], [ 121.010053987000333, 14.576240302000087 ], [ 121.010984765000103, 14.577120544000081 ] ] ] } },
{ "type": "Feature", "properties": { "name": "Barangay 783" }, "geometry": { "type": "Polygon", "coordinates": [ [ [ 121.011545784000077, 14.576418915000033 ], [ 121.011862666000184, 14.575412435000032 ], [ 121.012195137000049, 14.574986696999986 ], [ 121.01123692200008, 14.574056684000084 ], [ 121.010190360000024, 14.575022075999982 ], [ 121.011545784000077, 14.576418915000033 ] ] ] } },
{ "type": "Feature", "properties": { "name": "Barangay 784" }, "geometry": { "type": "Polygon", "coordinates": [ [ [ 121.002560281000115, 14.577239061 ], [ 121.003500235000047, 14.5763566440001 ], [ 121.00471707500003, 14.576220447000139 ], [ 121.004658053000071, 14.575607528000148 ], [ 121.00314608400015, 14.575834526000051 ], [ 121.002923603000113, 14.57560751800014 ], [ 121.001946840000073, 14.576555422000013 ], [ 121.002560281000115, 14.577239061 ] ] ] } },
{ "type": "Feature", "properties": { "name": "Barangay 785" }, "geometry": { "type": "Polygon", "coordinates": [ [ [ 121.003236893000121, 14.575761884000087 ], [ 121.004743853000264, 14.575602588000095 ], [ 121.004987776000121, 14.575114133000056 ], [ 121.004372012000317, 14.574486111000169 ], [ 121.003586509000115, 14.575407755000015 ], [ 121.002923603000113, 14.57560751800014 ], [ 121.003236893000121, 14.575761884000087 ] ] ] } },
{ "type": "Feature", "properties": { "name": "Barangay 786" }, "geometry": { "type": "Polygon", "coordinates": [ [ [ 121.001946840000073, 14.576555422000013 ], [ 121.003046196000014, 14.575521256000115 ], [ 121.003586509000115, 14.575407755000015 ], [ 121.004372012000317, 14.574486111000169 ], [ 121.003775530000212, 14.573884378 ], [ 121.001316834000136, 14.57628491100013 ], [ 121.001694126000075, 14.576299149000079 ], [ 121.001946840000073, 14.576555422000013 ] ] ] } },
{ "type": "Feature", "properties": { "name": "Barangay 787" }, "geometry": { "type": "Polygon", "coordinates": [ [ [ 121.003575635000061, 14.577611061000084 ], [ 121.003978483000196, 14.577222462000179 ], [ 121.004792592000172, 14.577158141000098 ], [ 121.00471707500003, 14.576220447000139 ], [ 121.003500235000047, 14.5763566440001 ], [ 121.00269766100007, 14.577110460000142 ], [ 121.002871480000181, 14.577337645 ], [ 121.003106617000185, 14.577125276000118 ], [ 121.003575635000061, 14.577611061000084 ] ] ] } },
{ "type": "Feature", "properties": { "name": "Barangay 788" }, "geometry": { "type": "Polygon", "coordinates": [ [ [ 121.004353321000281, 14.579142592000039 ], [ 121.004437701000029, 14.579014886000152 ], [ 121.003655831000174, 14.578044677999969 ], [ 121.003575635000061, 14.577611061000084 ], [ 121.003106617000185, 14.577125276000118 ], [ 121.002871480000181, 14.577337645 ], [ 121.00269766100007, 14.577110460000142 ], [ 121.002560281000115, 14.577239061 ], [ 121.002889875000164, 14.577739556000154 ], [ 121.002943586000129, 14.578450014000111 ], [ 121.00313157700009, 14.578552555000158 ], [ 121.003700432000187, 14.578374330000088 ], [ 121.003881839000201, 14.578843832000189 ], [ 121.004353321000281, 14.579142592000039 ] ] ] } },
{ "type": "Feature", "properties": { "name": "Barangay 789" }, "geometry": { "type": "Polygon", "coordinates": [ [ [ 121.004726875000074, 14.579444752000029 ], [ 121.004632247000131, 14.577174748000118 ], [ 121.003912132000096, 14.57725089600001 ], [ 121.003575635000061, 14.577611061000084 ], [ 121.003655831000174, 14.578044677999969 ], [ 121.004437701000029, 14.579014886000152 ], [ 121.00430755900004, 14.579347909000091 ], [ 121.004726875000074, 14.579444752000029 ] ] ] } },
{ "type": "Feature", "properties": { "name": "Barangay 790" }, "geometry": { "type": "Polygon", "coordinates": [ [ [ 121.005184616000065, 14.579406093999978 ], [ 121.00604510200003, 14.5788007270001 ], [ 121.005240897000022, 14.578744469000071 ], [ 121.00519405700004, 14.578232307000121 ], [ 121.006590090000032, 14.576747077000164 ], [ 121.004987776000121, 14.575114133000056 ], [ 121.004658053000071, 14.575607528000148 ], [ 121.004726875000074, 14.579444752000029 ], [ 121.005184616000065, 14.579406093999978 ] ] ] } },
{ "type": "Feature", "properties": { "name": "Barangay 791" }, "geometry": { "type": "Polygon", "coordinates": [ [ [ 121.00604510200003, 14.5788007270001 ], [ 121.007423485000118, 14.577546985000083 ], [ 121.006590090000032, 14.576747077000164 ], [ 121.00519405700004, 14.578232307000121 ], [ 121.005240897000022, 14.578744469000071 ], [ 121.00604510200003, 14.5788007270001 ] ] ] } },
{ "type": "Feature", "properties": { "name": "Barangay 792" }, "geometry": { "type": "Polygon", "coordinates": [ [ [ 121.006257428000026, 14.579302821000056 ], [ 121.006934427000147, 14.578646653000135 ], [ 121.007957738000187, 14.57859197200014 ], [ 121.007845474000078, 14.579665809000062 ], [ 121.00875381100002, 14.578923021000094 ], [ 121.007423485000118, 14.577546985000083 ], [ 121.00508644100023, 14.579517963000114 ], [ 121.006141873000161, 14.579778466999983 ], [ 121.006257428000026, 14.579302821000056 ] ] ] } },
{ "type": "Feature", "properties": { "name": "Barangay 793" }, "geometry": { "type": "Polygon", "coordinates": [ [ [ 121.007751809000069, 14.579737692000094 ], [ 121.007947322000064, 14.579013795000151 ], [ 121.007957738000187, 14.57859197200014 ], [ 121.007806715000015, 14.578563330000065 ], [ 121.006934427000147, 14.578646653000135 ], [ 121.006257428000026, 14.579302821000056 ], [ 121.006141873000161, 14.579778466999983 ], [ 121.007368434000114, 14.580068788000119 ], [ 121.007751809000069, 14.579737692000094 ] ] ] } },
{ "type": "Feature", "properties": { "name": "Barangay 794" }, "geometry": { "type": "Polygon", "coordinates": [ [ [ 121.001356271000077, 14.576232854000182 ], [ 121.002459621000071, 14.575184084000057 ], [ 121.002037445000155, 14.574754434000056 ], [ 121.000743563000015, 14.576050370000189 ], [ 121.001356271000077, 14.576232854000182 ] ] ] } },
{ "type": "Feature", "properties": { "name": "Barangay 795" }, "geometry": { "type": "Polygon", "coordinates": [ [ [ 121.000769325000078, 14.576014362000024 ], [ 121.00179201800006, 14.574997807000045 ], [ 121.001578979000101, 14.574772498000129 ], [ 121.000360351000154, 14.575967527000159 ], [ 121.000769325000078, 14.576014362000024 ] ] ] } },
{ "type": "Feature", "properties": { "name": "Barangay 796" }, "geometry": { "type": "Polygon", "coordinates": [ [ [ 121.000398852000217, 14.575903472000107 ], [ 121.001578979000101, 14.574772498000129 ], [ 121.001359023000191, 14.574542088000101 ], [ 121.00061933800032, 14.575234120000118 ], [ 121.000349150000034, 14.574983541999984 ], [ 120.99988589800023, 14.575415179000117 ], [ 120.999914224000122, 14.575797574000035 ], [ 121.000398852000217, 14.575903472000107 ] ] ] } },
{ "type": "Feature", "properties": { "name": "Barangay 797" }, "geometry": { "type": "Polygon", "coordinates": [ [ [ 121.001359023000191, 14.574542088000101 ], [ 121.00179201800006, 14.574997807000045 ], [ 121.002037445000155, 14.574754434000056 ], [ 121.001349544000163, 14.574091080000073 ], [ 121.000349150000034, 14.574983541999984 ], [ 121.00061933800032, 14.575234120000118 ], [ 121.001359023000191, 14.574542088000101 ] ] ] } },
{ "type": "Feature", "properties": { "name": "Barangay 798" }, "geometry": { "type": "Polygon", "coordinates": [ [ [ 121.00020478200031, 14.575115050000079 ], [ 121.001349544000163, 14.574091080000073 ], [ 121.000092911000024, 14.572823189000076 ], [ 120.9994857370001, 14.57263452300009 ], [ 120.999349937000034, 14.572886212000014 ], [ 120.999753702000135, 14.573028008000051 ], [ 120.999706266000089, 14.574635734000026 ], [ 121.00020478200031, 14.575115050000079 ] ] ] } },
{ "type": "Feature", "properties": { "name": "Barangay 799" }, "geometry": { "type": "Polygon", "coordinates": [ [ [ 121.00020478200031, 14.575115050000079 ], [ 120.999706266000089, 14.574635734000026 ], [ 120.999753702000135, 14.573028008000051 ], [ 120.999349937000034, 14.572886212000014 ], [ 120.999004467000077, 14.573525560000178 ], [ 120.999257881000062, 14.574442554000029 ], [ 120.999194494000221, 14.575160949 ], [ 120.999786759000131, 14.575075273000039 ], [ 120.99988589800023, 14.575415179000117 ], [ 121.00020478200031, 14.575115050000079 ] ] ] } },
{ "type": "Feature", "properties": { "name": "Barangay 800" }, "geometry": { "type": "Polygon", "coordinates": [ [ [ 120.998180796000042, 14.576029011000116 ], [ 120.998495435000223, 14.575404183000103 ], [ 120.999181301000135, 14.575386854000158 ], [ 120.999257881000062, 14.574442554000029 ], [ 120.999004467000077, 14.573525560000178 ], [ 120.997766659000149, 14.57584849300008 ], [ 120.998180796000042, 14.576029011000116 ] ] ] } },
{ "type": "Feature", "properties": { "name": "Barangay 801" }, "geometry": { "type": "Polygon", "coordinates": [ [ [ 121.002459621000071, 14.575184084000057 ], [ 121.003775530000212, 14.573884378 ], [ 121.003105535000032, 14.573218014000133 ], [ 121.001785701000131, 14.57450969000007 ], [ 121.002459621000071, 14.575184084000057 ] ] ] } },
{ "type": "Feature", "properties": { "name": "Barangay 802" }, "geometry": { "type": "Polygon", "coordinates": [ [ [ 121.003105535000032, 14.573218014000133 ], [ 121.002205938000202, 14.57233305699998 ], [ 121.000857597000049, 14.573598625999978 ], [ 121.001785701000131, 14.57450969000007 ], [ 121.003105535000032, 14.573218014000133 ] ] ] } },
{ "type": "Feature", "properties": { "name": "Barangay 803" }, "geometry": { "type": "Polygon", "coordinates": [ [ [ 121.002205938000202, 14.57233305699998 ], [ 121.000467428000206, 14.570774915000015 ], [ 120.9994857370001, 14.57263452300009 ], [ 121.000092911000024, 14.572823189000076 ], [ 121.000857597000049, 14.573598625999978 ], [ 121.002205938000202, 14.57233305699998 ] ] ] } },
{ "type": "Feature", "properties": { "name": "Barangay 804" }, "geometry": { "type": "Polygon", "coordinates": [ [ [ 121.005052407000221, 14.572658335000085 ], [ 121.004265995000196, 14.571880423000039 ], [ 121.002972207000084, 14.573089554000148 ], [ 121.003775530000212, 14.573884378 ], [ 121.005052407000221, 14.572658335000085 ] ] ] } },
{ "type": "Feature", "properties": { "name": "Barangay 805" }, "geometry": { "type": "Polygon", "coordinates": [ [ [ 121.004265995000196, 14.571880423000039 ], [ 121.003619108000066, 14.571237800000063 ], [ 121.002487716000019, 14.572288534000108 ], [ 121.002205938000202, 14.57233305699998 ], [ 121.002972207000084, 14.573089554000148 ], [ 121.004265995000196, 14.571880423000039 ] ] ] } },
{ "type": "Feature", "properties": { "name": "Barangay 806" }, "geometry": { "type": "Polygon", "coordinates": [ [ [ 121.002487716000019, 14.572288534000108 ], [ 121.003619108000066, 14.571237800000063 ], [ 121.002667805000101, 14.570269636999967 ], [ 121.001340191000054, 14.571499908000078 ], [ 121.002205938000202, 14.57233305699998 ], [ 121.002487716000019, 14.572288534000108 ] ] ] } },
{ "type": "Feature", "properties": { "name": "Barangay 807" }, "geometry": { "type": "Polygon", "coordinates": [ [ [ 121.002667805000101, 14.570269636999967 ], [ 121.001757659000077, 14.569357395000168 ], [ 121.001306298000145, 14.56921252799998 ], [ 121.000467428000206, 14.570774915000015 ], [ 121.001340191000054, 14.571499908000078 ], [ 121.002667805000101, 14.570269636999967 ] ] ] } },
{ "type": "Feature", "properties": { "name": "Barangay 866" }, "geometry": { "type": "Polygon", "coordinates": [ [ [ 121.007107563000091, 14.585971799000106 ], [ 121.007069104000038, 14.584837244000141 ], [ 121.007453699000166, 14.583645000000104 ], [ 121.008069051000234, 14.582712357000105 ], [ 121.008722862000241, 14.582250843000111 ], [ 121.008474057000171, 14.581671376000031 ], [ 121.007986278000089, 14.58122926700014 ], [ 121.007548944000064, 14.581169242000044 ], [ 121.007744641000045, 14.58016085700018 ], [ 121.005930479000085, 14.579722646999983 ], [ 121.005295739000076, 14.581576669000071 ], [ 121.004853636, 14.581598216000032 ], [ 121.004653998000208, 14.581843424000056 ], [ 121.005679671000053, 14.582280760000174 ], [ 121.006015038000214, 14.583540927000058 ], [ 121.004891632000181, 14.585584597000093 ], [ 121.005600926000056, 14.586342276000153 ], [ 121.007107563000091, 14.585971799000106 ] ] ] } },
{ "type": "Feature", "properties": { "name": "Barangay 873" }, "geometry": { "type": "Polygon", "coordinates": [ [ [ 121.013432146000014, 14.580863949000104 ], [ 121.013372995000168, 14.579411254999968 ], [ 121.011205690000111, 14.578822671000125 ], [ 121.010843568000041, 14.580153594000024 ], [ 121.013432146000014, 14.580863949000104 ] ] ] } },
{ "type": "Feature", "properties": { "name": "Barangay 874" }, "geometry": { "type": "Polygon", "coordinates": [ [ [ 121.011303561000204, 14.578509512999972 ], [ 121.012728174000017, 14.577442770000118 ], [ 121.012006724000344, 14.576358670000104 ], [ 121.012095399000145, 14.575593594000054 ], [ 121.012415674000067, 14.575205053000104 ], [ 121.012195137000049, 14.574986696999986 ], [ 121.01129202900006, 14.576784044000135 ], [ 121.009459569000228, 14.578376276000085 ], [ 121.011205690000111, 14.578822671000125 ], [ 121.011303561000204, 14.578509512999972 ] ] ] } },
{ "type": "Feature", "properties": { "name": "Barangay 875" }, "geometry": { "type": "Polygon", "coordinates": [ [ [ 121.013372995000168, 14.579411254999968 ], [ 121.013585078, 14.578401203000055 ], [ 121.013064633000226, 14.578004305000093 ], [ 121.012728174000017, 14.577442770000118 ], [ 121.011332922000065, 14.578411651000067 ], [ 121.011205690000111, 14.578822671000125 ], [ 121.013372995000168, 14.579411254999968 ] ] ] } },
{ "type": "Feature", "properties": { "name": "Barangay 876" }, "geometry": { "type": "Polygon", "coordinates": [ [ [ 121.011782369000343, 14.582372832000146 ], [ 121.012276652000082, 14.580539037000051 ], [ 121.010843568000041, 14.580153594000024 ], [ 121.010347776000231, 14.581991242000015 ], [ 121.011520790000077, 14.582683513 ], [ 121.011782369000343, 14.582372832000146 ] ] ] } },
{ "type": "Feature", "properties": { "name": "Barangay 877" }, "geometry": { "type": "Polygon", "coordinates": [ [ [ 121.010706510000091, 14.580682167000134 ], [ 121.010961013000042, 14.579693643000098 ], [ 121.008598859000017, 14.57904970400017 ], [ 121.007751809000069, 14.579737692000094 ], [ 121.009457855000051, 14.580088544000148 ], [ 121.010706510000091, 14.580682167000134 ] ] ] } },
{ "type": "Feature", "properties": { "name": "Barangay 878" }, "geometry": { "type": "Polygon", "coordinates": [ [ [ 121.010961013000042, 14.579693643000098 ], [ 121.011205690000111, 14.578822671000125 ], [ 121.009459569000228, 14.578376276000085 ], [ 121.008598859000017, 14.57904970400017 ], [ 121.010961013000042, 14.579693643000098 ] ] ] } },
{ "type": "Feature", "properties": { "name": "Barangay 879" }, "geometry": { "type": "Polygon", "coordinates": [ [ [ 121.012707012000192, 14.583442099000081 ], [ 121.01318216300001, 14.582679289 ], [ 121.013432146000014, 14.580863949000104 ], [ 121.012276652000082, 14.580539037000051 ], [ 121.011782369000343, 14.582372832000146 ], [ 121.011520790000077, 14.582683513 ], [ 121.012309210000012, 14.583558466 ], [ 121.012707012000192, 14.583442099000081 ] ] ] } },
{ "type": "Feature", "properties": { "name": "Barangay 880" }, "geometry": { "type": "Polygon", "coordinates": [ [ [ 121.008722862000241, 14.582250843000111 ], [ 121.010347776000231, 14.581991242000015 ], [ 121.010706510000091, 14.580682167000134 ], [ 121.009457855000051, 14.580088544000148 ], [ 121.007751809000069, 14.579737692000094 ], [ 121.007368434000114, 14.580068788000119 ], [ 121.007744641000045, 14.58016085700018 ], [ 121.007548944000064, 14.581169242000044 ], [ 121.007986278000089, 14.58122926700014 ], [ 121.008474057000171, 14.581671376000031 ], [ 121.008722862000241, 14.582250843000111 ] ] ] } },
{ "type": "Feature", "properties": { "name": "Barangay 881" }, "geometry": { "type": "Polygon", "coordinates": [ [ [ 121.013437096000075, 14.578307876999986 ], [ 121.014497481000149, 14.577279880000106 ], [ 121.012415674000067, 14.575205053000104 ], [ 121.012037657000178, 14.575783316000127 ], [ 121.012097461000167, 14.576606134000144 ], [ 121.013317049000307, 14.5782306320001 ], [ 121.013437096000075, 14.578307876999986 ] ] ] } },
{ "type": "Feature", "properties": { "name": "Barangay 882" }, "geometry": { "type": "Polygon", "coordinates": [ [ [ 121.014534808000121, 14.578990026000042 ], [ 121.015375758000232, 14.578190601000074 ], [ 121.014497481000149, 14.577279880000106 ], [ 121.013437096000075, 14.578307876999986 ], [ 121.013585078, 14.578401203000055 ], [ 121.013453896000215, 14.578735062000078 ], [ 121.014534808000121, 14.578990026000042 ] ] ] } },
{ "type": "Feature", "properties": { "name": "Barangay 883" }, "geometry": { "type": "Polygon", "coordinates": [ [ [ 121.017098481000062, 14.580264855999985 ], [ 121.017235011000139, 14.579737567000166 ], [ 121.017611203000342, 14.579408115999968 ], [ 121.016430064000019, 14.579198222000059 ], [ 121.015375758000232, 14.578190601000074 ], [ 121.014519937000046, 14.579012332000104 ], [ 121.013453896000215, 14.578735062000078 ], [ 121.013372995000168, 14.579411254999968 ], [ 121.015848160000019, 14.580110014000184 ], [ 121.017098481000062, 14.580264855999985 ] ] ] } },
{ "type": "Feature", "properties": { "name": "Barangay 884" }, "geometry": { "type": "Polygon", "coordinates": [ [ [ 121.01601756700029, 14.581900026000142 ], [ 121.017836915000203, 14.581796864000125 ], [ 121.017074941000033, 14.58106049700001 ], [ 121.017098481000062, 14.580264855999985 ], [ 121.015848160000019, 14.580110014000184 ], [ 121.013372995000168, 14.579411254999968 ], [ 121.013358888000312, 14.581497348000028 ], [ 121.01601756700029, 14.581900026000142 ] ] ] } },
{ "type": "Feature", "properties": { "name": "Barangay 885" }, "geometry": { "type": "Polygon", "coordinates": [ [ [ 121.015441178000287, 14.583274294000148 ], [ 121.0158430030001, 14.581905419000122 ], [ 121.013358888000312, 14.581497348000028 ], [ 121.013278815000035, 14.582117556000185 ], [ 121.015441178000287, 14.583274294000148 ] ] ] } },
{ "type": "Feature", "properties": { "name": "Barangay 886" }, "geometry": { "type": "Polygon", "coordinates": [ [ [ 121.016719403000138, 14.584005928000124 ], [ 121.016672155000265, 14.581894098000134 ], [ 121.0158430030001, 14.581905419000122 ], [ 121.015790874000118, 14.582660954 ], [ 121.015441178000287, 14.583274294000148 ], [ 121.016719403000138, 14.584005928000124 ] ] ] } },
{ "type": "Feature", "properties": { "name": "Barangay 887" }, "geometry": { "type": "Polygon", "coordinates": [ [ [ 121.017576729000325, 14.584522749000143 ], [ 121.017760708000196, 14.583341857000107 ], [ 121.017551057000333, 14.582888325000113 ], [ 121.018722180000168, 14.582796139000095 ], [ 121.017836915000203, 14.581796864000125 ], [ 121.016672155000265, 14.581894098000134 ], [ 121.016719403000138, 14.584005928000124 ], [ 121.017576729000325, 14.584522749000143 ] ] ] } },
{ "type": "Feature", "properties": { "name": "Barangay 888" }, "geometry": { "type": "Polygon", "coordinates": [ [ [ 121.019861500000275, 14.586496202000092 ], [ 121.020263383000042, 14.585806403000106 ], [ 121.020239390000143, 14.585356534000141 ], [ 121.019645563000267, 14.584084904000065 ], [ 121.018722180000168, 14.582796139000095 ], [ 121.017551057000333, 14.582888325000113 ], [ 121.017807773000072, 14.583765437000181 ], [ 121.017576729000325, 14.584522749000143 ], [ 121.019861500000275, 14.586496202000092 ] ] ] } },
{ "type": "Feature", "properties": { "name": "Barangay 889" }, "geometry": { "type": "Polygon", "coordinates": [ [ [ 121.014031197000122, 14.585482497000157 ], [ 121.015441178000287, 14.583274294000148 ], [ 121.013278815000035, 14.582117556000185 ], [ 121.012970741000117, 14.58310813900016 ], [ 121.012707012000192, 14.583442099000081 ], [ 121.012309210000012, 14.583558466 ], [ 121.014031197000122, 14.585482497000157 ] ] ] } },
{ "type": "Feature", "properties": { "name": "Barangay 890" }, "geometry": { "type": "Polygon", "coordinates": [ [ [ 121.017008307000197, 14.58654400100005 ], [ 121.017838951000044, 14.584719931000109 ], [ 121.015441178000287, 14.583274294000148 ], [ 121.014031197000122, 14.585482497000157 ], [ 121.014990918000194, 14.586016342000164 ], [ 121.016538467000032, 14.586442218000059 ], [ 121.017008307000197, 14.58654400100005 ] ] ] } },
{ "type": "Feature", "properties": { "name": "Barangay 891" }, "geometry": { "type": "Polygon", "coordinates": [ [ [ 121.019243680000159, 14.586910082000031 ], [ 121.019861500000275, 14.586496202000092 ], [ 121.017838951000044, 14.584719931000109 ], [ 121.017008307000197, 14.58654400100005 ], [ 121.019243680000159, 14.586910082000031 ] ] ] } },
{ "type": "Feature", "properties": { "name": "Barangay 892" }, "geometry": { "type": "Polygon", "coordinates": [ [ [ 121.02273647700008, 14.588841635000108 ], [ 121.021088927000164, 14.587133096 ], [ 121.021563578000041, 14.586328826999988 ], [ 121.020269381000048, 14.585572471000148 ], [ 121.020209399, 14.586028339 ], [ 121.019861500000275, 14.586496202000092 ], [ 121.022434235000105, 14.588993027000186 ], [ 121.02273647700008, 14.588841635000108 ] ] ] } },
{ "type": "Feature", "properties": { "name": "Barangay 893" }, "geometry": { "type": "Polygon", "coordinates": [ [ [ 121.025442392000059, 14.592522145000146 ], [ 121.026168591000328, 14.592208075000087 ], [ 121.025968561000127, 14.591916051000112 ], [ 121.022434235000105, 14.588993027000186 ], [ 121.021204548000014, 14.589419334000183 ], [ 121.022945268000171, 14.590554578000138 ], [ 121.024267510000186, 14.591763601000082 ], [ 121.025442392000059, 14.592522145000146 ] ] ] } },
{ "type": "Feature", "properties": { "name": "Barangay 894" }, "geometry": { "type": "Polygon", "coordinates": [ [ [ 121.020513545000313, 14.589080383000123 ], [ 121.02116339600002, 14.58769815800008 ], [ 121.019861500000275, 14.586496202000092 ], [ 121.019075729000065, 14.586934075000158 ], [ 121.01945347100002, 14.58753419400017 ], [ 121.019158054000172, 14.588651526999968 ], [ 121.020513545000313, 14.589080383000123 ] ] ] } },
{ "type": "Feature", "properties": { "name": "Barangay 895" }, "geometry": { "type": "Polygon", "coordinates": [ [ [ 121.021220642000117, 14.58941531500011 ], [ 121.022434235000105, 14.588993027000186 ], [ 121.02116339600002, 14.58769815800008 ], [ 121.020513545000313, 14.589080383000123 ], [ 121.021220642000117, 14.58941531500011 ] ] ] } },
{ "type": "Feature", "properties": { "name": "Barangay 896" }, "geometry": { "type": "Polygon", "coordinates": [ [ [ 121.014202998000201, 14.590021555000021 ], [ 121.015161398000032, 14.588752441000167 ], [ 121.016220452000084, 14.58838045900012 ], [ 121.015953093000121, 14.587744956000051 ], [ 121.016172574000052, 14.58635824300012 ], [ 121.014493063000145, 14.585770414000081 ], [ 121.013101468000173, 14.584612751000122 ], [ 121.01185162000013, 14.586023036000029 ], [ 121.013340104, 14.587001022000095 ], [ 121.013985102000106, 14.587174063000134 ], [ 121.0142472980001, 14.587074437000069 ], [ 121.01292456200008, 14.589144708000049 ], [ 121.014202998000201, 14.590021555000021 ] ] ] } },
{ "type": "Feature", "properties": { "name": "Barangay 897" }, "geometry": { "type": "Polygon", "coordinates": [ [ [ 121.019158755000149, 14.58864924500017 ], [ 121.01945347100002, 14.58753419400017 ], [ 121.019075729000065, 14.586934075000158 ], [ 121.016172574000052, 14.58635824300012 ], [ 121.015953093000121, 14.587744956000051 ], [ 121.016220452000084, 14.58838045900012 ], [ 121.018109178000032, 14.588411495 ], [ 121.019158755000149, 14.58864924500017 ] ] ] } },
{ "type": "Feature", "properties": { "name": "Barangay 898" }, "geometry": { "type": "Polygon", "coordinates": [ [ [ 121.01292456200008, 14.589144708000049 ], [ 121.0142472980001, 14.587074437000069 ], [ 121.013985102000106, 14.587174063000134 ], [ 121.013340104, 14.587001022000095 ], [ 121.01185162000013, 14.586023036000029 ], [ 121.011059566000313, 14.588092481999979 ], [ 121.01292456200008, 14.589144708000049 ] ] ] } },
{ "type": "Feature", "properties": { "name": "Barangay 899" }, "geometry": { "type": "Polygon", "coordinates": [ [ [ 121.011817133000022, 14.586126772000057 ], [ 121.011270222, 14.585822595000025 ], [ 121.010472769000216, 14.58791400399997 ], [ 121.011059566000313, 14.588092481999979 ], [ 121.011817133000022, 14.586126772000057 ] ] ] } },
{ "type": "Feature", "properties": { "name": "Barangay 900" }, "geometry": { "type": "Polygon", "coordinates": [ [ [ 121.01225583400003, 14.585525488000087 ], [ 121.013101468000173, 14.584612751000122 ], [ 121.011780392000105, 14.582943114000102 ], [ 121.010626607000063, 14.582068161000109 ], [ 121.010176803000036, 14.584825006000187 ], [ 121.01225583400003, 14.585525488000087 ] ] ] } },
{ "type": "Feature", "properties": { "name": "Barangay 901" }, "geometry": { "type": "Polygon", "coordinates": [ [ [ 121.010472769000216, 14.58791400399997 ], [ 121.011270222, 14.585822595000025 ], [ 121.010994193000101, 14.585733100000027 ], [ 121.010163563000333, 14.587893370000074 ], [ 121.010472769000216, 14.58791400399997 ] ] ] } },
{ "type": "Feature", "properties": { "name": "Barangay 902" }, "geometry": { "type": "Polygon", "coordinates": [ [ [ 121.010163563000333, 14.587893370000074 ], [ 121.010994193000101, 14.585733100000027 ], [ 121.010591309, 14.585602477000123 ], [ 121.009780498000168, 14.587865928999975 ], [ 121.010163563000333, 14.587893370000074 ] ] ] } },
{ "type": "Feature", "properties": { "name": "Barangay 903" }, "geometry": { "type": "Polygon", "coordinates": [ [ [ 121.009780498000168, 14.587865928999975 ], [ 121.010591309, 14.585602477000123 ], [ 121.010016704, 14.585418917000027 ], [ 121.009643048000044, 14.585571837000089 ], [ 121.008942089000016, 14.587770840000019 ], [ 121.009780498000168, 14.587865928999975 ] ] ] } },
{ "type": "Feature", "properties": { "name": "Barangay 904" }, "geometry": { "type": "Polygon", "coordinates": [ [ [ 121.01185162000013, 14.586023036000029 ], [ 121.012240431, 14.58550664500018 ], [ 121.010812913000109, 14.584948644000121 ], [ 121.010016704, 14.585418917000027 ], [ 121.01185162000013, 14.586023036000029 ] ] ] } },
{ "type": "Feature", "properties": { "name": "Barangay 905" }, "geometry": { "type": "Polygon", "coordinates": [ [ [ 121.008942089000016, 14.587770840000019 ], [ 121.009643048000044, 14.585571837000089 ], [ 121.010772720000205, 14.585098996000113 ], [ 121.010812913000109, 14.584948644000121 ], [ 121.010176803000036, 14.584825006000187 ], [ 121.010626607000063, 14.582068161000109 ], [ 121.009790113, 14.582020086000114 ], [ 121.008463261000202, 14.582366222000132 ], [ 121.007626767000033, 14.583327709 ], [ 121.007165253000039, 14.584443034 ], [ 121.006992185000172, 14.585356447000038 ], [ 121.007405624000171, 14.586664070000097 ], [ 121.008463261000202, 14.587587098000085 ], [ 121.008942089000016, 14.587770840000019 ] ] ] } },
{ "type": "Feature", "properties": { "name": "Barangay 754" }, "geometry": { "type": "Polygon", "coordinates": [ [ [ 120.99732382000002, 14.56900898900011 ], [ 120.998582952000106, 14.568819956000027 ], [ 120.999179015000095, 14.568109341000138 ], [ 120.99761091400012, 14.568098875000146 ], [ 120.99732382000002, 14.56900898900011 ] ] ] } },
{ "type": "Feature", "properties": { "name": "Barangay 808" }, "geometry": { "type": "Polygon", "coordinates": [ [ [ 121.000187051000012, 14.578315141000076 ], [ 121.000211685000068, 14.577565824000146 ], [ 120.999451382000188, 14.577521776000083 ], [ 120.999043462000145, 14.577217272000098 ], [ 120.999204648000159, 14.577132171000073 ], [ 120.999121632000083, 14.576405788999978 ], [ 120.998203680000074, 14.576108137000062 ], [ 120.998242992000201, 14.577201345000105 ], [ 120.998568152000075, 14.577830877000167 ], [ 120.999253070000123, 14.57825979200004 ], [ 121.000187051000012, 14.578315141000076 ] ] ] } },
{ "type": "Feature", "properties": { "name": "Barangay 818-A" }, "geometry": { "type": "Polygon", "coordinates": [ [ [ 121.004011502000026, 14.582032099000116 ], [ 121.00468003800006, 14.581923713000037 ], [ 121.004753817000051, 14.581645956000045 ], [ 121.005304879000164, 14.58148755100018 ], [ 121.004754173000038, 14.580950555000186 ], [ 121.00414516100011, 14.581406942000172 ], [ 121.004011502000026, 14.582032099000116 ] ] ] } }
]
}
