Barangay,Barangay No,psgc_10d,city_name,brgy_code,Flood PCT 5yr,Flood PCT 25yr,Flood Escalation 5to25,Flood Severity Increase 5to25 Sqm,Affected Population 5yr,Affected Population 25yr,Affected Population Increase 5to25,Population Density per Hectare,District Avg Flood PCT 5yr,District Avg Flood PCT 25yr,District Avg Population Density per Hectare,Relative Flood Risk 25yr vs District,Relative Pop Density vs District,Area Difference Pct
Barangay 1,1,1380601001.0,City of Manila - Tondo I / II,133901001,16.680654141571235,42.52398017367565,25.843326032104418,12804.719516364281,520,1326,806,629.4970677891149,53.29317265767414,74.00979801597794,850.36660689753,-31.485817842302282,-220.8695391084151,0.03866578638857398
Barangay 2,2,1380601002.0,City of Manila - Tondo I / II,133901002,13.399810524894823,43.58030042711015,30.180489902215328,11434.17093028234,223,726,503,439.74063780983874,53.29317265767414,74.00979801597794,850.36660689753,-30.429497588867783,-410.62596908769126,0.03862712178745648
Barangay 3,3,1380601003.0,City of Manila - Tondo I / II,133901003,71.80709753135027,96.8406057300402,25.03350819868993,9748.188696852216,885,1193,308,316.3796173820979,53.29317265767414,74.00979801597794,850.36660689753,22.83080771406226,-533.9869895154321,0.03851366676223607
Barangay 4,4,1380601004.0,City of Manila - Tondo I / II,133901004,22.46301029967951,66.29738054785679,43.83437024817728,17618.64973033403,386,1138,752,427.18150861776314,53.29317265767414,74.00979801597794,850.36660689753,-7.712417468121146,-423.18509827976686,0.03862135120883631
Barangay 5,5,1380601005.0,City of Manila - Tondo I / II,133901005,28.123859290247715,71.65948515171034,43.53562586146263,10771.518285226768,372,947,575,533.9132352573581,53.29317265767414,74.00979801597794,850.36660689753,-2.3503128642675932,-316.4533716401719,0.03868543606603609
Barangay 6,6,1380601006.0,City of Manila - Tondo I / II,133901006,79.17735975266729,96.14599630092232,16.968636548255034,7044.5750958497665,401,486,85,121.88286698051482,53.29317265767414,74.00979801597794,850.36660689753,22.136198284944385,-728.4837399170152,0.03857640984915148
Barangay 7,7,1380601007.0,City of Manila - Tondo I / II,133901007,45.85541287341737,87.54759032469757,41.692177451280195,18361.536260690453,718,1371,653,355.57999593139516,53.29317265767414,74.00979801597794,850.36660689753,13.53779230871963,-494.78661096613484,0.03841717531927745
Barangay 8,8,1380601008.0,City of Manila - Tondo I / II,133901008,49.163929935963885,80.95964921354442,31.795719277580538,11573.065008645379,148,244,96,82.69642912575297,53.29317265767414,74.00979801597794,850.36660689753,6.949851197566488,-767.670177771777,0.03830199309297469
Barangay 9,9,1380601009.0,City of Manila - Tondo I / II,133901009,60.00408168295815,98.1116104344468,38.10752875148865,4865.081505142295,272,444,172,354.8288041254399,53.29317265767414,74.00979801597794,850.36660689753,24.101812418468867,-495.5378027720901,0.03831760497305225
Barangay 10,10,1380601010.0,City of Manila - Tondo I / II,133901010,91.52382621756922,99.034978111963,7.511151894393777,454.9945047641304,147,159,12,265.78243085030164,53.29317265767414,74.00979801597794,850.36660689753,25.025180095985064,-584.5841760472283,0.03825189014652875
Barangay 11,11,1380601011.0,City of Manila - Tondo I / II,133901011,36.868181641458925,81.2203678537833,44.352186212324376,5926.096899420085,1029,2266,1237,2088.096121825046,53.29317265767414,74.00979801597794,850.36660689753,7.210569837805366,1237.729514927516,0.038812229917792034
Barangay 12,12,1380601012.0,City of Manila - Tondo I / II,133901012,16.228699822968117,36.99020754816912,20.761507725201,4269.8333248830695,280,637,357,837.7862808380454,53.29317265767414,74.00979801597794,850.36660689753,-37.01959046780882,-12.580326059484605,0.03883750469479495
Barangay 13,13,1380601013.0,City of Manila - Tondo I / II,133901013,66.35641127817078,99.03022293440054,32.67381165622976,4057.9913469881685,1616,2411,795,1960.5939140794196,53.29317265767414,74.00979801597794,850.36660689753,25.020424918422606,1110.2273071818895,0.03879213500645589
Barangay 14,14,1380601014.0,City of Manila - Tondo I / II,133901014,63.24286822041954,97.23579314365053,33.99292492323099,4919.013181631282,1568,2410,842,1713.1171999979038,53.29317265767414,74.00979801597794,850.36660689753,23.22599512767259,862.7505931003737,0.038762585037343825
Barangay 15,15,1380601015.0,City of Manila - Tondo I / II,133901015,10.444877052637016,36.10805784807427,25.66318079543725,1792.619125324687,115,399,284,1580.4891958313276,53.29317265767414,74.00979801597794,850.36660689753,-37.90174016790367,730.1225889337976,0.0389409703679024
Barangay 16,16,1380601016.0,City of Manila - Tondo I / II,133901016,37.89797208693834,64.40343936247955,26.505467275541207,2807.9646631722767,520,883,363,1294.1400620659265,53.29317265767414,74.00979801597794,850.36660689753,-9.60635865349839,443.7734551683965,0.038880991343629615
Barangay 17,17,1380601017.0,City of Manila - Tondo I / II,133901017,19.698586316192717,29.31670409545547,9.618117779262754,873.6763789473939,192,285,93,1071.1550437586181,53.29317265767414,74.00979801597794,850.36660689753,-44.693093920522465,220.78843686108814,0.039011879487939154
Barangay 18,18,1380601018.0,City of Manila - Tondo I / II,133901018,19.00625096664844,29.915831033120654,10.909580066472213,2536.9965408924145,381,600,219,862.6191348942524,53.29317265767414,74.00979801597794,850.36660689753,-44.09396698285728,12.252527996722392,0.03901323123608115
Barangay 19,19,1380601019.0,City of Manila - Tondo I / II,133901019,5.986686947547437,17.4149748887719,11.428287941224465,2146.710062937639,135,394,259,1203.140153534445,53.29317265767414,74.00979801597794,850.36660689753,-56.594823127206034,352.77354663691506,0.039085357002584926
Barangay 20,20,1380601020.0,City of Manila - Tondo I / II,133901020,17.329451294535033,23.628009847751304,6.298558553216271,86450.38157291888,7571,10323,2752,318.32169707250563,53.29317265767414,74.00979801597794,850.36660689753,-50.381788168226635,-532.0449098250244,0.040363172095437494
Barangay 25,25,1380601025.0,City of Manila - Tondo I / II,133901025,25.409574259933933,57.7278596400965,32.318285380162564,7111.386455006996,762,1732,970,1363.3748742795938,53.29317265767414,74.00979801597794,850.36660689753,-16.281938375881438,513.0082673820638,0.038823551184534094
Barangay 26,26,1380601026.0,City of Manila - Tondo I / II,133901026,22.439226215884503,43.39132398093978,20.952097765055278,4110.097049121845,525,1015,490,1192.8649903949238,53.29317265767414,74.00979801597794,850.36660689753,-30.618474035038155,342.4983834973938,0.038846477988207465
Barangay 28,28,1380601028.0,City of Manila - Tondo I / II,133901028,40.5929181104779,56.82307770446072,16.23015959398282,3665.7070875164954,1021,1429,408,1113.5328165710414,53.29317265767414,74.00979801597794,850.36660689753,-17.186720311517213,263.1662096735114,0.03908197546219015
Barangay 29,29,1380601029.0,City of Manila - Tondo I / II,133901029,11.263654059487065,18.07632643610101,6.8126723766139445,4968.650376783717,498,799,301,606.3142898955116,53.29317265767414,74.00979801597794,850.36660689753,-55.93347157987692,-244.0523170020184,0.03936977171812879
Barangay 30,30,1380601030.0,City of Manila - Tondo I / II,133901030,13.547292912228077,16.30277224595277,2.7554793337246934,324.988115098143,23,28,5,144.13803612225527,53.29317265767414,74.00979801597794,850.36660689753,-57.70702577002517,-706.2285707752748,0.03935477322406407
Barangay 31,31,1380601031.0,City of Manila - Tondo I / II,133901031,9.219186235709936,19.29131125795314,10.072125022243204,1763.2868548305426,286,598,312,1771.3317381350203,53.29317265767414,74.00979801597794,850.36660689753,-54.718486758024795,920.9651312374903,0.038984155344466136
Barangay 32,32,1380601032.0,City of Manila - Tondo I / II,133901032,21.35224757979241,43.010501915339525,21.658254335547113,3480.6049738686916,474,955,481,1382.0293667449328,53.29317265767414,74.00979801597794,850.36660689753,-30.99929610063841,531.6627598474028,0.038969811368799026
Barangay 33,33,1380601033.0,City of Manila - Tondo I / II,133901033,6.8455276095396425,24.43495499138873,17.589427381849084,4200.453682569829,297,1061,764,1818.6341022247577,53.29317265767414,74.00979801597794,850.36660689753,-49.57484302458921,968.2674953272277,0.039040963877289614
Barangay 34,34,1380601034.0,City of Manila - Tondo I / II,133901034,5.9654663360127005,13.73691997976026,7.77145364374756,898.6633801462069,115,265,150,1669.0237817404509,53.29317265767414,74.00979801597794,850.36660689753,-60.272878036217676,818.6571748429209,0.03915430909803632
Barangay 35,35,1380601035.0,City of Manila - Tondo I / II,133901035,10.164228817393736,18.55079865057379,8.386569833180053,1284.7980560493177,233,425,192,1494.1537510710755,53.29317265767414,74.00979801597794,850.36660689753,-55.458999365404146,643.7871441735455,0.03890982383052751
Barangay 36,36,1380601036.0,City of Manila - Tondo I / II,133901036,0.0,16.147412733349487,16.147412733349487,1895.304837301161,0,366,366,1931.4140894943866,53.29317265767414,74.00979801597794,850.36660689753,-57.86238528262845,1081.0474825968568,0.038984635446679225
Barangay 37,37,1380601037.0,City of Manila - Tondo I / II,133901037,57.71644576644469,73.67813928517545,15.961693518730755,1595.5134094772875,1418,1810,392,2457.0097029047124,53.29317265767414,74.00979801597794,850.36660689753,-0.33165873080248787,1606.6430960071825,0.03923672005632397
Barangay 38,38,1380601038.0,City of Manila - Tondo I / II,133901038,0.0,1.2567049245351216,1.2567049245351216,175.21898394903764,0,40,40,2254.9384739541642,53.29317265767414,74.00979801597794,850.36660689753,-72.7530930914428,1404.5718670566343,0.039180915125962223
Barangay 39,39,1380601039.0,City of Manila - Tondo I / II,133901039,6.614458319316737,8.401265879362658,1.7868075600459212,1854.8956487020005,165,210,45,240.63053294227615,53.29317265767414,74.00979801597794,850.36660689753,-65.60853213661528,-609.7360739552539,0.03940455003102026
Barangay 41,41,1380601041.0,City of Manila - Tondo I / II,133901041,72.1136325849631,81.48600801307933,9.372375428116229,1979.6497828849733,2854,3224,370,1873.3863883241636,53.29317265767414,74.00979801597794,850.36660689753,7.4762099971013924,1023.0197814266336,0.03915710515111281
Barangay 42,42,1380601042.0,City of Manila - Tondo I / II,133901042,52.89022206009078,73.55614948903536,20.665927428944585,3637.3844727024043,1161,1615,454,1247.6651004188552,53.29317265767414,74.00979801597794,850.36660689753,-0.4536485269425725,397.2984935213252,0.03903046726403029
Barangay 43,43,1380601043.0,City of Manila - Tondo I / II,133901043,39.504364986918574,54.12984021015623,14.625475223237657,1890.0483610882911,1165,1596,431,2281.980044600194,53.29317265767414,74.00979801597794,850.36660689753,-19.879957805821704,1431.6134377026642,0.03922983699856845
Barangay 44,44,1380601044.0,City of Manila - Tondo I / II,133901044,13.222755960270597,16.326480232007885,3.1037242717372884,1618.7631952512602,111,137,26,161.24854581499847,53.29317265767414,74.00979801597794,850.36660689753,-57.683317783970054,-689.1180610825315,0.039453595963720015
Barangay 45,45,1380601045.0,City of Manila - Tondo I / II,133901045,4.674520937195365,25.208216727381384,20.53369579018602,3625.0965686303643,108,583,475,1309.5900693439096,53.29317265767414,74.00979801597794,850.36660689753,-48.80158128859655,459.2234624463796,0.0388691656238122
Barangay 46,46,1380601046.0,City of Manila - Tondo I / II,133901046,27.72306028904256,51.54255851498715,23.81949822594459,3894.0935552261617,602,1120,518,1329.186597880068,53.29317265767414,74.00979801597794,850.36660689753,-22.467239500990786,478.8199909825379,0.039005051735669004
Barangay 47,47,1380601047.0,City of Manila - Tondo I / II,133901047,15.666460638548472,48.8194161493618,33.15295551081333,11027.241773985112,263,819,556,504.1832539012309,53.29317265767414,74.00979801597794,850.36660689753,-25.190381866616136,-346.1833529962991,0.03884530249204187
Barangay 48,48,1380601048.0,City of Manila - Tondo I / II,133901048,76.26395599191375,99.98760419413296,23.72364820221921,4008.5209687640145,3196,4190,994,2480.361469735746,53.29317265767414,74.00979801597794,850.36660689753,25.97780617815502,1629.9948628382162,0.03813305481334168
Barangay 49,49,1380601049.0,City of Manila - Tondo I / II,133901049,72.89525930313367,99.9976946390619,27.102435335928234,5379.1712768380585,1592,2184,592,1100.3873222728257,53.29317265767414,74.00979801597794,850.36660689753,25.98789662308397,250.0207153752957,0.03819010057760144
Barangay 50,50,1380601050.0,City of Manila - Tondo I / II,133901050,85.45736268801305,100.0,14.542637311986951,5145.626510730341,3253,3806,553,1075.6567250654653,53.29317265767414,74.00979801597794,850.36660689753,25.990201984022065,225.29011816793525,0.03804234441305607
Barangay 51,51,1380601051.0,City of Manila - Tondo I / II,133901051,83.67027878278316,99.5029422701662,15.832663487383044,6370.553173711705,2187,2601,414,649.6544527216623,53.29317265767414,74.00979801597794,850.36660689753,25.493144254188266,-200.71215417586768,0.038076528025842486
Barangay 52,52,1380601052.0,City of Manila - Tondo I / II,133901052,90.7511023050324,100.0,9.248897694967596,2440.805829374549,2041,2249,208,852.2091624679672,53.29317265767414,74.00979801597794,850.36660689753,25.990201984022065,1.8425555704371845,0.03811544027741021
Barangay 53,53,1380601053.0,City of Manila - Tondo I / II,133901053,89.81075739663855,100.0,10.18924260336145,2500.217816053384,2890,3218,328,1311.4450463909936,53.29317265767414,74.00979801597794,850.36660689753,25.990201984022065,461.07843949346363,0.037988881006829525
Barangay 54,54,1380601054.0,City of Manila - Tondo I / II,133901054,95.93503167792517,100.0,4.064968322074833,1099.9999999458705,1744,1818,74,671.8284008996126,53.29317265767414,74.00979801597794,850.36660689753,25.990201984022065,-178.53820599791743,0.03789793868767275
Barangay 55,55,1380601055.0,City of Manila - Tondo I / II,133901055,81.22100251635796,93.25413663998496,12.033134123627008,4390.964400741948,1971,2263,292,665.1025572675554,53.29317265767414,74.00979801597794,850.36660689753,19.244338624007028,-185.26404962997458,0.0381420635072865
Barangay 56,56,1380601056.0,City of Manila - Tondo I / II,133901056,86.76964437848919,99.87253709882928,13.102892720340094,6945.345446625273,2930,3373,443,637.0952900274916,53.29317265767414,74.00979801597794,850.36660689753,25.86273908285135,-213.2713168700384,0.0382354854807411
Barangay 57,57,1380601057.0,City of Manila - Tondo I / II,133901057,54.3209861210548,83.2915611321781,28.9705750111233,7975.888477689541,443,679,236,296.0299495173628,53.29317265767414,74.00979801597794,850.36660689753,9.281763116200167,-554.3366573801673,0.038437550412604764
Barangay 58,58,1380601058.0,City of Manila - Tondo I / II,133901058,89.66954804459442,99.99999999999996,10.330451955405536,3085.290225419165,3666,4088,422,1368.7816869144121,53.29317265767414,74.00979801597794,850.36660689753,25.990201984022022,518.4150800168821,0.03823624150105398
Barangay 59,59,1380601059.0,City of Manila - Tondo I / II,133901059,67.42992241926925,99.1137989058074,31.683876486538153,7150.493648403997,717,1055,338,471.45898226482745,53.29317265767414,74.00979801597794,850.36660689753,25.104000889829464,-378.90762463270255,0.03834795460760859
Barangay 60,60,1380601060.0,City of Manila - Tondo I / II,133901060,96.32820316259988,100.0,3.671796837400123,500.00000017665843,3660,3800,140,2790.565595438142,53.29317265767414,74.00979801597794,850.36660689753,25.990201984022065,1940.198988540612,0.03820973289338279
Barangay 61,61,1380601061.0,City of Manila - Tondo I / II,133901061,89.60490293861828,98.4570430393503,8.852140100732015,3862.6015385006394,974,1070,96,249.11387295803794,53.29317265767414,74.00979801597794,850.36660689753,24.44724502337236,-601.252733939492,0.038248953520241866
Barangay 62,62,1380601062.0,City of Manila - Tondo I / II,133901062,70.99991825879115,99.03252174215734,28.032603483366188,5794.983663601766,1333,1859,526,907.9783445942467,53.29317265767414,74.00979801597794,850.36660689753,25.022723726179407,57.61173769671666,0.03861338171725402
Barangay 63,63,1380601063.0,City of Manila - Tondo I / II,133901063,90.89088371959298,99.46419678458317,8.573313064990188,1600.0861551591588,1443,1579,136,850.8555057055781,53.29317265767414,74.00979801597794,850.36660689753,25.45439876860523,0.488898808048134,0.03847734287550308
Barangay 64,64,1380601064.0,City of Manila - Tondo I / II,133901064,70.65542629592774,100.0,29.34457370407226,4526.913003466298,313,443,130,287.16359561029924,53.29317265767414,74.00979801597794,850.36660689753,25.990201984022065,-563.2030112872308,0.038626572343145635
Barangay 65,65,1380601065.0,City of Manila - Tondo I / II,133901065,76.72327172810056,100.0,23.276728271899444,4513.705941444245,1320,1721,401,887.5024176502119,53.29317265767414,74.00979801597794,850.36660689753,25.990201984022065,37.13581075268189,0.03846706439251555
Barangay 66,66,1380601066.0,City of Manila - Tondo I / II,133901066,19.541176481752064,47.28386059796632,27.742684116214253,7337.07407157474,662,1602,940,1281.0585373518052,53.29317265767414,74.00979801597794,850.36660689753,-26.72593741801162,430.69193045427517,0.03891916127962817
Barangay 67,67,1380601067.0,City of Manila - Tondo I / II,133901067,23.3834608501272,70.6764032573807,47.2929424072535,9493.875177268908,851,2573,1722,1813.7335923384737,53.29317265767414,74.00979801597794,850.36660689753,-3.3333947585972368,963.3669854409437,0.03883538524616625
Barangay 68,68,1380601068.0,City of Manila - Tondo I / II,133901068,14.842567868518064,47.53309484617152,32.69052697765346,2389.0026202501704,143,459,316,1321.8507502978944,53.29317265767414,74.00979801597794,850.36660689753,-26.476703169806413,471.48414340036436,0.038815101671492824
Barangay 69,69,1380601069.0,City of Manila - Tondo I / II,133901069,16.084153621761242,26.144370846761795,10.060217225000553,2376.8005675478908,345,560,215,907.0616107862315,53.29317265767414,74.00979801597794,850.36660689753,-47.86542716921614,56.695003888701535,0.03890507783788019
Barangay 70,70,1380601070.0,City of Manila - Tondo I / II,133901070,0.7854108391464862,0.7854108386184558,-5.280303971844091e-10,-6.722986256590957e-08,19,19,0,1888.9130670368122,53.29317265767414,74.00979801597794,850.36660689753,-73.22438717735947,1038.5464601392823,0.03889269511616986
Barangay 71,71,1380601071.0,City of Manila - Tondo I / II,133901071,21.73430256796638,72.18638335314,50.45208078517362,20100.184547262976,758,2516,1758,874.9967106200731,53.29317265767414,74.00979801597794,850.36660689753,-1.8234146628379335,24.63010372254314,0.038769323694308404
Barangay 72,72,1380601072.0,City of Manila - Tondo I / II,133901072,25.390915696647003,33.1270002468246,7.736084550177598,2069.646908493195,950,1240,290,1399.0871753286774,53.29317265767414,74.00979801597794,850.36660689753,-40.882797769153335,548.7205684311474,0.039067903232297564
Barangay 73,73,1380601073.0,City of Manila - Tondo I / II,133901073,18.041083959786047,20.299663729733023,2.2585797699469765,234.52437834089164,432,486,54,2305.5342934940777,53.29317265767414,74.00979801597794,850.36660689753,-53.71013428624491,1455.1676865965478,0.03902071391995282
Barangay 74,74,1380601074.0,City of Manila - Tondo I / II,133901074,71.02890091116289,100.0,28.971099088837107,5804.808327761175,505,711,206,354.8515349533977,53.29317265767414,74.00979801597794,850.36660689753,25.990201984022065,-495.51507194413233,0.03873687363408317
Barangay 75,75,1380601075.0,City of Manila - Tondo I / II,133901075,67.02215488408511,97.0590078886154,30.036853004530286,7696.859425064831,1093,1583,490,636.4947642262059,53.29317265767414,74.00979801597794,850.36660689753,23.049209872637462,-213.8718426713241,0.03860974168485387
Barangay 76,76,1380601076.0,City of Manila - Tondo I / II,133901076,56.17767910953791,99.64283784158356,43.465158732045644,7949.166272545046,980,1739,759,954.1466285512253,53.29317265767414,74.00979801597794,850.36660689753,25.63303982560562,103.78002165369526,0.03863833743882054
Barangay 77,77,1380601077.0,City of Manila - Tondo I / II,133901077,31.46689392633992,91.00442456559406,59.53753063925414,7630.060384586107,424,1225,801,1050.2867893722855,53.29317265767414,74.00979801597794,850.36660689753,16.99462654961613,199.9201824747555,0.03854050325262927
Barangay 78,78,1380601078.0,City of Manila - Tondo I / II,133901078,96.8841492234734,100.0,3.1158507765265995,458.59834554382905,818,844,26,573.4381907265589,53.29317265767414,74.00979801597794,850.36660689753,25.990201984022065,-276.9284161709711,0.03845961844027892
Barangay 79,79,1380601079.0,City of Manila - Tondo I / II,133901079,61.7452708038384,98.03108844636604,36.28581764252764,2843.0656349626224,989,1569,580,2043.3434012665864,53.29317265767414,74.00979801597794,850.36660689753,24.021290430388106,1192.9767943690563,0.038787970750463696
Barangay 80,80,1380601080.0,City of Manila - Tondo I / II,133901080,44.6896214377137,72.61854871572851,27.92892727801481,3263.9821154843194,1147,1863,716,2195.650124901253,53.29317265767414,74.00979801597794,850.36660689753,-1.3912493002494273,1345.2835180037232,0.03880755004197969
Barangay 81,81,1380601081.0,City of Manila - Tondo I / II,133901081,54.99999064450728,96.4537303908138,41.453739746306525,7343.590683606972,1016,1782,766,1043.175121704188,53.29317265767414,74.00979801597794,850.36660689753,22.443932374835867,192.80851480665808,0.0387185789713645
Barangay 82,82,1380601082.0,City of Manila - Tondo I / II,133901082,41.86634359310519,92.89217918109468,51.025835587989484,11486.127608235121,1114,2473,1359,1182.5636887217108,53.29317265767414,74.00979801597794,850.36660689753,18.88238116511674,332.1970818241808,0.038688214634823186
Barangay 83,83,1380601083.0,City of Manila - Tondo I / II,133901083,34.95396219048016,95.05764300101124,60.10368081053108,8431.276989294834,580,1576,996,1181.9313125448043,53.29317265767414,74.00979801597794,850.36660689753,21.047844985033308,331.5647056472743,0.03849484391117749
Barangay 84,84,1380601084.0,City of Manila - Tondo I / II,133901084,14.229444007295964,88.9714278225802,74.74198381528423,10888.746342823402,167,1046,879,807.2239925462629,53.29317265767414,74.00979801597794,850.36660689753,14.96162980660226,-43.14261435126707,0.03884598209401181
Barangay 85,85,1380601085.0,City of Manila - Tondo I / II,133901085,40.75110861292615,66.01064212242366,25.25953350949751,6416.114392112582,1651,2674,1023,1594.8339445563138,53.29317265767414,74.00979801597794,850.36660689753,-7.999155893554274,744.4673376587838,0.03884697137340328
Barangay 86,86,1380601086.0,City of Manila - Tondo I / II,133901086,30.600276759671324,94.15805144671508,63.557774687043754,13192.96181803309,509,1565,1056,800.6770806042952,53.29317265767414,74.00979801597794,850.36660689753,20.148253430737142,-49.68952629323485,0.0383717357840901
Barangay 87,87,1380601087.0,City of Manila - Tondo I / II,133901087,22.260328245521155,95.23640397882134,72.97607573330019,15125.919092269374,365,1561,1196,790.7472425130761,53.29317265767414,74.00979801597794,850.36660689753,21.226605962843408,-59.61936438445389,0.03841854072775506
Barangay 88,88,1380601088.0,City of Manila - Tondo I / II,133901088,71.41049584856705,92.90622010374278,21.49572425517573,2114.961974652775,751,977,226,1069.2155314119755,53.29317265767414,74.00979801597794,850.36660689753,18.896422087764847,218.84892451444546,0.03832286659636453
Barangay 89,89,1380601089.0,City of Manila - Tondo I / II,133901089,61.51525320148904,100.0,38.48474679851096,4777.207116946838,448,728,280,586.4701902902183,53.29317265767414,74.00979801597794,850.36660689753,25.990201984022065,-263.8964166073117,0.038507100963042606
Barangay 90,90,1380601090.0,City of Manila - Tondo I / II,133901090,53.13982976174751,99.97952412877066,46.83969436702316,4675.229488508469,343,645,302,646.2057732350654,53.29317265767414,74.00979801597794,850.36660689753,25.969726112792728,-204.1608336624646,0.03839357980934008
Barangay 91,91,1380601091.0,City of Manila - Tondo I / II,133901091,32.316606942952944,83.35207071973005,51.03546377677711,28873.358691128185,1439,3712,2273,787.0955458597833,53.29317265767414,74.00979801597794,850.36660689753,9.342272703752116,-63.27106103774668,0.038403176331971475
Barangay 92,92,1380601092.0,City of Manila - Tondo I / II,133901092,34.92289677246123,97.21774378310884,62.294847010647615,16554.262461658847,880,2449,1569,947.9173112258173,53.29317265767414,74.00979801597794,850.36660689753,23.20794576713091,97.55070432828734,0.0386912866333587
Barangay 93,93,1380601093.0,City of Manila - Tondo I / II,133901093,50.98188273904103,74.58883568157229,23.606952942531258,10354.629550434332,2338,3421,1083,1045.5370292789214,53.29317265767414,74.00979801597794,850.36660689753,0.5790376655943561,195.1704223813914,0.038741142431959044
Barangay 94,94,1380601094.0,City of Manila - Tondo I / II,133901094,36.97796865384127,57.15977435362577,20.181805699784498,19763.91732681769,783,1210,427,216.17618592479297,53.29317265767414,74.00979801597794,850.36660689753,-16.850023662352164,-634.190420972737,0.038727230386021924
Barangay 95,95,1380601095.0,City of Manila - Tondo I / II,133901095,29.31593074295486,56.49370536238969,27.17777461943483,9062.508884207902,1464,2821,1357,1497.6626029682552,53.29317265767414,74.00979801597794,850.36660689753,-17.516092653588245,647.2959960707252,0.038893553729340585
Barangay 96,96,1380601096.0,City of Manila - Tondo I / II,133901096,48.293448611715,57.17330867182466,8.879860060109657,7874.5282749192775,1077,1275,198,251.470148340378,53.29317265767414,74.00979801597794,850.36660689753,-16.83648934415328,-598.8964585571521,0.03900740143008317
Barangay 97,97,1380601097.0,City of Manila - Tondo I / II,133901097,73.84741495115186,98.60277131176294,24.755356360611074,7530.622204373009,2700,3605,905,1201.834063616122,53.29317265767414,74.00979801597794,850.36660689753,24.592973295785,351.46745671859196,0.038946202424247636
Barangay 98,98,1380601098.0,City of Manila - Tondo I / II,133901098,88.50255330475551,98.15155808145116,9.649004776695648,1358.9977497444906,1661,1842,181,1332.6866780510006,53.29317265767414,74.00979801597794,850.36660689753,24.14176006547322,482.3200711534706,0.03921340065559017
Barangay 99,99,1380601099.0,City of Manila - Tondo I / II,133901099,82.63591009082275,87.37611180418217,4.740201713359426,613.2362436848362,3043,3217,174,2846.117281606625,53.29317265767414,74.00979801597794,850.36660689753,13.366313788204238,1995.7506747090952,0.039151038178631026
Barangay 100,100,1380601100.0,City of Manila - Tondo I / II,133901100,30.61621788827872,48.88903596096728,18.27281807268856,5362.9807708739845,716,1144,428,797.2878538425763,53.29317265767414,74.00979801597794,850.36660689753,-25.12076205501066,-53.07875305495372,0.03936937525430923
Barangay 101,101,1380601101.0,City of Manila - Tondo I / II,133901101,36.08287699593152,55.17350824105141,19.090631245119887,19853.75432446604,4929,7536,2607,1313.3986041912276,53.29317265767414,74.00979801597794,850.36660689753,-18.836289774926527,463.0319972936976,0.0393621992947123
Barangay 102,102,1380601102.0,City of Manila - Tondo I / II,133901102,18.855609646495548,59.41577869219225,40.560169045696696,9693.748920486592,870,2743,1873,1931.4069494750015,53.29317265767414,74.00979801597794,850.36660689753,-14.594019323785687,1081.0403425774716,0.03920349328902435
Barangay 103,103,1380601103.0,City of Manila - Tondo I / II,133901103,27.441258581353534,70.4801103271446,43.038851745791064,14181.209615588845,1392,3574,2182,1539.0084704974172,53.29317265767414,74.00979801597794,850.36660689753,-3.5296876888333344,688.6418635998872,0.03915414947565104
Barangay 104,104,1380601104.0,City of Manila - Tondo I / II,133901104,11.81880044857978,26.496099476277543,14.677299027697762,5715.023354103103,686,1537,851,1489.8103889382407,53.29317265767414,74.00979801597794,850.36660689753,-47.51369853970039,639.4437820407107,0.039131420134137916
Barangay 105,105,1380601105.0,City of Manila - Tondo I / II,133901105,15.792012130472068,21.492867861397823,5.700855730925754,28896.254161677018,4184,5694,1510,522.6922177873777,53.29317265767414,74.00979801597794,850.36660689753,-52.51693015458011,-327.67438911015233,0.14604379790376054
Barangay 106,106,1380601106.0,City of Manila - Tondo I / II,133901106,33.301093041341986,56.06941543587178,22.768322394529797,16994.85871313204,904,1523,619,363.86747702562366,53.29317265767414,74.00979801597794,850.36660689753,-17.940382580106153,-486.49912987190635,0.03926921120677542
Barangay 107,107,1380601107.0,City of Manila - Tondo I / II,133901107,14.539862643189078,20.751139907886948,6.21127726469787,9771.943063319999,1040,1484,444,454.6615344204543,53.29317265767414,74.00979801597794,850.36660689753,-53.258658108090984,-395.7050724770757,-0.3013580909086477
Barangay 108,108,1380601108.0,City of Manila - Tondo I / II,133901108,0.6113768912161809,6.657499478978463,6.046122587762282,1937.7345960510625,31,340,309,1595.6710984480724,53.29317265767414,74.00979801597794,850.36660689753,-67.35229853699947,745.3044915505424,0.03914631263465027
Barangay 109,109,1380601109.0,City of Manila - Tondo I / II,133901109,0.3018743791181689,1.623437565852625,1.3215631867344562,354.01155858480365,11,57,46,1304.7210537704727,53.29317265767414,74.00979801597794,850.36660689753,-72.38636045012531,454.35444687294273,0.03897030337127004
Barangay 110,110,1380601110.0,City of Manila - Tondo I / II,133901110,32.27626570330106,42.27771897976759,10.001453276466535,17819.876507060966,785,1028,243,136.44052418352132,53.29317265767414,74.00979801597794,850.36660689753,-31.732079036210344,-713.9260827140087,0.03961297442876768
Barangay 111,111,1380601111.0,City of Manila - Tondo I / II,133901111,10.949765553563996,35.93459781660427,24.98483226304027,3629.930735728382,293,962,669,1841.8922013529761,53.29317265767414,74.00979801597794,850.36660689753,-38.07520019937367,991.5255944554461,0.039024960967170765
Barangay 112,112,1380601112.0,City of Manila - Tondo I / II,133901112,45.09207950291827,63.5129209257406,18.420841422822335,5055.706746992546,2633,3709,1076,2127.8471891843105,53.29317265767414,74.00979801597794,850.36660689753,-10.496877090237334,1277.4805822867806,0.03918332462836754
Barangay 116,116,1380601116.0,City of Manila - Tondo I / II,133901116,50.50083845298558,80.08577738213208,29.584938929146496,12517.592501387746,3122,4951,1829,1461.0963924549178,53.29317265767414,74.00979801597794,850.36660689753,6.075979366154144,610.7297855573878,0.0391836522384504
Barangay 117,117,1380601117.0,City of Manila - Tondo I / II,133901117,24.33645729443204,57.3017466664357,32.96528937200365,6921.079660638285,1037,2442,1405,2030.0021122791468,53.29317265767414,74.00979801597794,850.36660689753,-16.708051349542238,1179.635505381617,0.038986497798513944
Barangay 118,118,1380601118.0,City of Manila - Tondo I / II,133901118,7.24980454154386,14.296156266062969,7.046351724519109,10002.712968219465,790,1557,767,767.2100246759161,53.29317265767414,74.00979801597794,850.36660689753,-59.71364174991497,-83.15658222161392,0.03946699568004103
Barangay 119,119,1380601119.0,City of Manila - Tondo I / II,133901119,20.142403312053684,37.74186803423938,17.599464722185697,3279.8640792752512,378,708,330,1007.181836963259,53.29317265767414,74.00979801597794,850.36660689753,-36.267929981738554,156.815230065729,0.03917658161208392
Barangay 120,120,1380601120.0,City of Manila - Tondo I / II,133901120,0.0,2.3533642885767607,2.3533642885767607,400.0000000200816,0,91,91,2286.2934062375416,53.29317265767414,74.00979801597794,850.36660689753,-71.65643372740118,1435.9267993400117,0.03921986866910339
Barangay 121,121,1380601121.0,City of Manila - Tondo I / II,133901121,7.793049877728986,14.919204122194117,7.1261542444651305,1995.5611727991845,319,611,292,1463.0397873807328,53.29317265767414,74.00979801597794,850.36660689753,-59.09059389378382,612.6731804832028,0.03900909675646691
Barangay 122,122,1380601122.0,City of Manila - Tondo I / II,133901122,35.162695482024,64.80546591908607,29.642770437062076,6886.493488845855,1347,2482,1135,1648.6156700479964,53.29317265767414,74.00979801597794,850.36660689753,-9.20433209689186,798.2490631504664,0.039023503146735805
Barangay 123,123,1380601123.0,City of Manila - Tondo I / II,133901123,6.418603876008207,8.910726397870395,2.4921225218621874,2461.901049577983,570,791,221,898.7995628584441,53.29317265767414,74.00979801597794,850.36660689753,-65.09907161810754,48.432955960914114,0.03940313008032466
Barangay 124,124,1380601124.0,City of Manila - Tondo I / II,133901124,52.07459086769772,99.02329639357576,46.94870552587804,14420.558669517992,160,304,144,99.94933571409493,53.29317265767414,74.00979801597794,850.36660689753,25.013498377597827,-750.4172711834351,0.038861268383782836
Barangay 125,125,1380601125.0,City of Manila - Tondo I / II,133901125,30.655719257296223,79.37236635730268,48.716647100006455,7506.390232336537,1149,2976,1827,2433.109714855228,53.29317265767414,74.00979801597794,850.36660689753,5.362568341324746,1582.7431079576982,0.03879490586024169
Barangay 126,126,1380601126.0,City of Manila - Tondo I / II,133901126,44.13456527159207,81.92297879972456,37.78841352813249,51607.774295505,403,748,345,66.85198503937413,53.29317265767414,74.00979801597794,850.36660689753,7.9131807837466255,-783.5146218581559,0.03907573786819021
Barangay 127,127,1380601127.0,City of Manila - Tondo I / II,133901127,49.98205658632466,97.4853392639862,47.503282677661545,21478.87962521648,287,560,273,126.94742338872298,53.29317265767414,74.00979801597794,850.36660689753,23.47554124800827,-723.419183508807,0.038871509585302944
Barangay 128,128,1380601128.0,City of Manila - Tondo I / II,133901128,23.812298450030266,30.910284802595907,7.097986352565641,75561.55949755575,5310,6892,1582,209.45954628507693,53.29317265767414,74.00979801597794,850.36660689753,-43.099513213382025,-640.907060612453,-0.24886255089668774
Barangay 129,129,1380601129.0,City of Manila - Tondo I / II,133901129,54.608555399714895,85.12786720286304,30.51931180314815,14394.112185934227,2843,4433,1590,1104.021244980163,53.29317265767414,74.00979801597794,850.36660689753,11.118069186885108,253.6546380826329,0.03904391882936611
Barangay 130,130,1380601130.0,City of Manila - Tondo I / II,133901130,91.08973166417816,97.65636006645096,6.566628402272798,2182.307390774149,1273,1365,92,420.66239362919384,53.29317265767414,74.00979801597794,850.36660689753,23.646562050473023,-429.70421326833616,0.039015634174159784
Barangay 131,131,1380601131.0,City of Manila - Tondo I / II,133901131,95.39203899793338,99.99999999999996,4.607961002066574,1185.1279379507396,1200,1258,58,489.1298867380798,53.29317265767414,74.00979801597794,850.36660689753,25.990201984022022,-361.2367201594502,0.03881856907731516
Barangay 132,132,1380601132.0,City of Manila - Tondo I / II,133901132,89.4926060661884,99.1701400333024,9.677533967114002,4072.7572413490416,1030,1141,111,273.4963302762094,53.29317265767414,74.00979801597794,850.36660689753,25.160342017324467,-576.8702766213206,0.03867450283689734
Barangay 133,133,1380601133.0,City of Manila - Tondo I / II,133901133,81.4084959118143,95.56266463263368,14.154168720819385,10688.209358539025,1886,2214,328,306.83539053188326,53.29317265767414,74.00979801597794,850.36660689753,21.55286661665575,-543.5312163656467,0.03888494859406986
Barangay 134,134,1380601134.0,City of Manila - Tondo I / II,133901134,99.99999999999996,99.99999999999996,0.0,0.0,1104,1104,0,326.24370541787204,53.29317265767414,74.00979801597794,850.36660689753,25.990201984022022,-524.1229014796579,0.03876637609782897
Barangay 135,135,1380601135.0,City of Manila - Tondo I / II,133901135,93.51877774622236,98.76591046060258,5.247132714380228,1700.7299870578681,1820,1922,102,600.3845607407721,53.29317265767414,74.00979801597794,850.36660689753,24.756112444624648,-249.98204615675786,0.03833009311670559
Barangay 136,136,1380601136.0,City of Manila - Tondo I / II,133901136,87.10983103335847,100.0,12.890168966641525,3702.9297871164235,1134,1302,168,453.2357068438141,53.29317265767414,74.00979801597794,850.36660689753,25.990201984022065,-397.1309000537159,0.038392239358106504
Barangay 137,137,1380601137.0,City of Manila - Tondo I / II,133901137,99.6686605753566,100.0,0.33133942464340294,99.99999997147825,1056,1060,4,351.21979022216937,53.29317265767414,74.00979801597794,850.36660689753,25.990201984022065,-499.14681667536064,0.038488830565330985
Barangay 138,138,1380601138.0,City of Manila - Tondo I / II,133901138,82.88384940528518,100.0,17.116150594714824,4397.877323457782,2666,3217,551,1252.028022007333,53.29317265767414,74.00979801597794,850.36660689753,25.990201984022065,401.661415109803,0.03871262587145492
Barangay 139,139,1380601139.0,City of Manila - Tondo I / II,133901139,100.0,100.0,0.0,0.0,440,440,0,614.266631898546,53.29317265767414,74.00979801597794,850.36660689753,25.990201984022065,-236.09997499898395,0.0384512857426643
Barangay 140,140,1380601140.0,City of Manila - Tondo I / II,133901140,96.92030418829144,100.0,3.079695811708561,999.9999997348568,551,568,17,174.9267221514271,53.29317265767414,74.00979801597794,850.36660689753,25.990201984022065,-675.439884746103,0.03860147592860491
Barangay 141,141,1380601141.0,City of Manila - Tondo I / II,133901141,80.45473174013537,99.99999999999996,19.545268259864585,1361.142461447359,445,553,108,794.078037666385,53.29317265767414,74.00979801597794,850.36660689753,25.990201984022022,-56.28856923114506,0.03851339727648821
Barangay 142,142,1380601142.0,City of Manila - Tondo I / II,133901142,41.90211150301151,99.64984681686708,57.74773531385557,9682.228595263969,721,1715,994,1026.4563731097894,53.29317265767414,74.00979801597794,850.36660689753,25.640048800889147,176.0897662122594,0.03861170415282422
Barangay 143,143,1380601143.0,City of Manila - Tondo I / II,133901143,82.3355110374601,100.0,17.664488962539906,1818.4925237166044,1170,1421,251,1380.3322525884082,53.29317265767414,74.00979801597794,850.36660689753,25.990201984022065,529.9656456908782,0.03812070712295013
Barangay 144,144,1380601144.0,City of Manila - Tondo I / II,133901144,89.72084422030844,100.0,10.279155779691564,3219.552343121515,801,893,92,285.1106344295308,53.29317265767414,74.00979801597794,850.36660689753,25.990201984022065,-565.2559724679992,0.038310603447700084
Barangay 145,145,1380601145.0,City of Manila - Tondo I / II,133901145,98.26619184770318,100.0,1.7338081522968167,305.7302451890682,1090,1109,19,628.9182281288843,53.29317265767414,74.00979801597794,850.36660689753,25.990201984022065,-221.44837876864574,0.03831104902609044
Barangay 146,146,1380601146.0,City of Manila - Tondo I / II,133901146,55.301188168324046,99.54000072516006,44.23881255683601,16562.94010362402,1506,2711,1205,727.5672353512534,53.29317265767414,74.00979801597794,850.36660689753,25.53020270918212,-122.79937154627657,0.03852672701998319
Barangay 147,147,1380601147.0,City of Manila - Tondo I / II,133901147,73.75382008114728,88.00935760066483,14.255537519517546,18543.759472842285,1492,1780,288,155.51836963922702,53.29317265767414,74.00979801597794,850.36660689753,13.999559584686892,-694.848237258303,0.03845710109399352
Barangay 148,148,1380601148.0,City of Manila - Tondo I / II,133901148,67.63134913100019,85.49091231596346,17.859563184963264,18715.42933052813,1236,1562,326,174.3450356530351,53.29317265767414,74.00979801597794,850.36660689753,11.48111429998552,-676.0215712444949,0.03829125330483337
Barangay 149,149,1380601149.0,City of Manila - Tondo I / II,133901149,23.43145358301806,89.51658063934266,66.08512705632461,14202.600309738162,368,1405,1037,730.060426190258,53.29317265767414,74.00979801597794,850.36660689753,15.506782623364728,-120.306180707272,0.03822400278069137
Barangay 150,150,1380601150.0,City of Manila - Tondo I / II,133901150,26.844252682566417,57.24207084751113,30.397818164944713,14492.454005752763,516,1100,584,403.1381192573193,53.29317265767414,74.00979801597794,850.36660689753,-16.767727168466806,-447.2284876402107,0.03845725091708548
Barangay 151,151,1380601151.0,City of Manila - Tondo I / II,133901151,59.84560306999991,82.1793937857808,22.333790715780893,11714.737335300368,1032,1418,386,328.8660076793284,53.29317265767414,74.00979801597794,850.36660689753,8.169595769802868,-521.5005992182016,0.03824609236455432
Barangay 152,152,1380601152.0,City of Manila - Tondo I / II,133901152,97.34529117846948,100.0,2.6547088215305195,668.3781009487866,5856,6016,160,2389.475096155396,53.29317265767414,74.00979801597794,850.36660689753,25.990201984022065,1539.108489257866,0.03777732147653414
Barangay 153,153,1380601153.0,City of Manila - Tondo I / II,133901153,88.50496173717815,98.80721826947313,10.302256532294976,2157.387685423928,1467,1638,171,791.7511278084721,53.29317265767414,74.00979801597794,850.36660689753,24.79742025349519,-58.615479089057885,0.03794851248870751
Barangay 154,154,1380601154.0,City of Manila - Tondo I / II,133901154,71.45115493177084,94.9534326560386,23.502277724267756,5692.072811347298,553,735,182,319.5806441955468,53.29317265767414,74.00979801597794,850.36660689753,20.943634640060665,-530.7859627019832,0.03803793371048133
Barangay 155,155,1380601155.0,City of Manila - Tondo I / II,133901155,89.61871124763213,96.12809390536,6.509382657727869,1176.7280771939895,2950,3165,215,1821.056888549747,53.29317265767414,74.00979801597794,850.36660689753,22.11829588938207,970.6902816522171,0.03782052849992918
Barangay 156,156,1380601156.0,City of Manila - Tondo I / II,133901156,53.01266339344893,89.91592311825562,36.90325972480669,16008.5983753377,863,1463,600,375.05846648485175,53.29317265767414,74.00979801597794,850.36660689753,15.906125102277684,-475.30814041267826,0.0379427346737514
Barangay 157,157,1380601157.0,City of Manila - Tondo I / II,133901157,64.68671005780791,88.18472972048122,23.4980196626733,4236.964017030436,911,1243,332,781.4253218018029,53.29317265767414,74.00979801597794,850.36660689753,14.17493170450328,-68.94128509572715,0.03785768707598262
Barangay 158,158,1380601158.0,City of Manila - Tondo I / II,133901158,74.63586841040302,95.4783335572484,20.842465146845385,5029.474718033762,1520,1945,425,844.1458379717616,53.29317265767414,74.00979801597794,850.36660689753,21.46853554127047,-6.220768925768425,0.03797992915614623
Barangay 159,159,1380601159.0,City of Manila - Tondo I / II,133901159,24.01240952442176,65.39940928482204,41.386999760400286,5674.668094431157,383,1043,660,1163.2797463982024,53.29317265767414,74.00979801597794,850.36660689753,-8.610388731155894,312.9131395006724,0.03781763098967982
Barangay 160,160,1380601160.0,City of Manila - Tondo I / II,133901160,77.64120774029311,87.36468749684664,9.72347975655353,1452.9886275641293,1086,1222,136,936.2184893507019,53.29317265767414,74.00979801597794,850.36660689753,13.354889480868707,85.85188245317192,0.03784482749370633
Barangay 161,161,1380601161.0,City of Manila - Tondo I / II,133901161,45.95328265110391,74.60620860637798,28.652925955274064,8614.017663285265,403,654,251,291.38509018621306,53.29317265767414,74.00979801597794,850.36660689753,0.5964105904000405,-558.981516711317,0.03773125481214514
Barangay 162,162,1380601162.0,City of Manila - Tondo I / II,133901162,88.11680042577488,93.42290697932482,5.306106553549938,1244.0945572157325,516,547,31,249.93103798629372,53.29317265767414,74.00979801597794,850.36660689753,19.413108963346886,-600.4355689112363,0.037749833375662206
Barangay 163,163,1380601163.0,City of Manila - Tondo I / II,133901163,26.888639066594138,70.36102703955471,43.472387972960576,19715.447126735307,1035,2709,1674,848.92162282709,53.29317265767414,74.00979801597794,850.36660689753,-3.648770976423222,-1.4449840704400003,0.03783948153679171
Barangay 164,164,1380601164.0,City of Manila - Tondo I / II,133901164,24.94454543034786,61.15664072646823,36.212095296120374,9637.255808237482,455,1115,660,685.3700175071237,53.29317265767414,74.00979801597794,850.36660689753,-12.853157289509703,-164.99658939040626,0.03778268852350059
Barangay 165,165,1380601165.0,City of Manila - Tondo I / II,133901165,84.93094313751443,94.04361884548102,9.112675707966588,2068.87378018683,767,849,82,397.7403669135744,53.29317265767414,74.00979801597794,850.36660689753,20.033820829503085,-452.6262399839556,0.03772931724386933
Barangay 166,166,1380601166.0,City of Manila - Tondo I / II,133901166,83.69829746647164,100.0,16.301702533528356,5475.766475819204,720,860,140,256.02742996334575,53.29317265767414,74.00979801597794,850.36660689753,25.990201984022065,-594.3391769341843,0.03803415462453861
Barangay 167,167,1380601167.0,City of Manila - Tondo I / II,133901167,65.00219190188403,93.54910082696524,28.546908925081212,8212.121621316739,621,893,272,331.97630625301565,53.29317265767414,74.00979801597794,850.36660689753,19.53930281098731,-518.3903006445144,0.03805532909745917
Barangay 168,168,1380601168.0,City of Manila - Tondo I / II,133901168,99.33554283146432,100.0,0.6644571685356766,200.00000008322968,1146,1154,8,383.391786085549,53.29317265767414,74.00979801597794,850.36660689753,25.990201984022065,-466.97482081198103,0.038247658869129876
Barangay 169,169,1380601169.0,City of Manila - Tondo I / II,133901169,100.0,100.0,0.0,0.0,1100,1100,0,401.1047311690979,53.29317265767414,74.00979801597794,850.36660689753,25.990201984022065,-449.26187572843213,0.03826148671017032
Barangay 170,170,1380601170.0,City of Manila - Tondo I / II,133901170,99.99999999999996,99.99999999999996,0.0,0.0,1245,1245,0,641.7507040885179,53.29317265767414,74.00979801597794,850.36660689753,25.990201984022022,-208.61590280901214,0.03834771894628517
Barangay 171,171,1380601171.0,City of Manila - Tondo I / II,133901171,100.0,100.0,0.0,0.0,1026,1026,0,379.32226946284135,53.29317265767414,74.00979801597794,850.36660689753,25.990201984022065,-471.04433743468866,0.03846673883999918
Barangay 172,172,1380601172.0,City of Manila - Tondo I / II,133901172,100.0,100.0,0.0,0.0,1038,1038,0,229.2658163083531,53.29317265767414,74.00979801597794,850.36660689753,25.990201984022065,-621.1007905891769,0.03852864528700259
Barangay 173,173,1380601173.0,City of Manila - Tondo I / II,133901173,46.719194614543966,67.05719211890873,20.337997504364765,6194.538264795794,796,1143,347,559.4597412431996,53.29317265767414,74.00979801597794,850.36660689753,-6.952605897069205,-290.90686565433043,0.03798701156683638
Barangay 174,174,1380601174.0,City of Manila - Tondo I / II,133901174,51.79542004585488,87.16763719780647,35.37221715195159,9055.556204071338,389,655,266,293.35067313891034,53.29317265767414,74.00979801597794,850.36660689753,13.157839181828535,-557.0159337586197,0.0379796610838407
Barangay 175,175,1380601175.0,City of Manila - Tondo I / II,133901175,97.83872803098158,100.0,2.161271969018415,795.366528161816,974,996,22,270.64589782490833,53.29317265767414,74.00979801597794,850.36660689753,25.990201984022065,-579.7207090726217,0.03820219789025436
Barangay 176,176,1380601176.0,City of Manila - Tondo I / II,133901176,100.0,100.0,0.0,0.0,1312,1312,0,296.18539568018383,53.29317265767414,74.00979801597794,850.36660689753,25.990201984022065,-554.1812112173461,0.038256291609202055
Barangay 177,177,1380601177.0,City of Manila - Tondo I / II,133901177,74.12575694031578,84.38715738754675,10.261400447230969,14078.206106944868,2550,2903,353,250.73661566199976,53.29317265767414,74.00979801597794,850.36660689753,10.377359371568815,-599.6299912355303,0.03809719038642504
Barangay 178,178,1380601178.0,City of Manila - Tondo I / II,133901178,99.46038160981968,100.0,0.5396183901803226,123.22778489036864,1317,1324,7,579.783811933626,53.29317265767414,74.00979801597794,850.36660689753,25.990201984022065,-270.582794963904,0.037796958947430515
Barangay 179,179,1380601179.0,City of Manila - Tondo I / II,133901179,14.332859021792382,34.41598105224728,20.083122030454902,6485.358857077115,148,356,208,320.1973651285253,53.29317265767414,74.00979801597794,850.36660689753,-39.59381696373065,-530.1692417690047,0.0378342375674071
Barangay 180,180,1380601180.0,City of Manila - Tondo I / II,133901180,36.65097764367375,54.61698749054419,17.966009846870442,6327.3022713104,792,1180,388,613.3195413343705,53.29317265767414,74.00979801597794,850.36660689753,-19.392810525433745,-237.04706556315955,0.03804384018164472
Barangay 181,181,1380601181.0,City of Manila - Tondo I / II,133901181,10.94741709043108,51.67047475693529,40.72305766650421,7525.120542480584,256,1206,950,1263.0710173619261,53.29317265767414,74.00979801597794,850.36660689753,-22.339323259042644,412.7044104643961,0.037900707199385326
Barangay 182,182,1380601182.0,City of Manila - Tondo I / II,133901182,24.62682020003269,28.041841096166078,3.415020896133388,1799.9999996427177,1003,1142,139,772.5536162119635,53.29317265767414,74.00979801597794,850.36660689753,-45.967956919811854,-77.81299068556655,0.038103059454046136
Barangay 183,183,1380601183.0,City of Manila - Tondo I / II,133901183,63.467875679826335,69.79582725958822,6.327951579761887,2605.5809599340137,5402,5941,539,2067.2366230484436,53.29317265767414,74.00979801597794,850.36660689753,-4.213970756389713,1216.8700161509137,0.037879133541426524
Barangay 184,184,1380601184.0,City of Manila - Tondo I / II,133901184,76.04997065715125,97.09469577976051,21.044725122609265,9482.723125661752,1617,2064,447,471.81685068491385,53.29317265767414,74.00979801597794,850.36660689753,23.08489776378258,-378.54975621261616,0.03760275122842682
Barangay 185,185,1380601185.0,City of Manila - Tondo I / II,133901185,3.382629870757893,27.620561025169067,24.237931154411175,8315.471306232072,115,939,824,990.7403316045348,53.29317265767414,74.00979801597794,850.36660689753,-46.38923699080887,140.37372470700484,0.03769591292349362
Barangay 186,186,1380601186.0,City of Manila - Tondo I / II,133901186,32.57391540233811,74.21868169761534,41.64476629527723,19247.72273403441,486,1107,621,322.81216937256903,53.29317265767414,74.00979801597794,850.36660689753,0.20888368163740267,-527.554437524961,0.037655954432581594
Barangay 187,187,1380601187.0,City of Manila - Tondo I / II,133901187,53.93861879201334,60.45789242345626,6.519273631442921,717.6233786570147,387,433,46,651.3610527143449,53.29317265767414,74.00979801597794,850.36660689753,-13.551905592521678,-199.00555418318515,0.03689559791823616
Barangay 188,188,1380601188.0,City of Manila - Tondo I / II,133901188,0.0,0.0,0.0,0.0,0,0,0,624.132873848588,53.29317265767414,74.00979801597794,850.36660689753,-74.00979801597794,-226.23373304894199,0.037046011729625
Barangay 189,189,1380601189.0,City of Manila - Tondo I / II,133901189,7.9165289292486705,10.84502948545961,2.92850055621094,709.6161449060885,128,175,47,667.7291566662955,53.29317265767414,74.00979801597794,850.36660689753,-63.16476853051832,-182.63745023123454,0.03699712522824975
Barangay 190,190,1380601190.0,City of Manila - Tondo I / II,133901190,0.8515743634987604,0.8848111875464748,0.03323682404771444,5.174061138339255,11,11,0,823.5234816503645,53.29317265767414,74.00979801597794,850.36660689753,-73.12498682843146,-26.843125247165517,0.03711057469727997
Barangay 191,191,1380601191.0,City of Manila - Tondo I / II,133901191,1.5895525982898435,2.9184864522469622,1.3289338539571187,139.27605581596805,12,22,10,719.4460813908158,53.29317265767414,74.00979801597794,850.36660689753,-71.09131156373097,-130.92052550671417,0.03698819154200611
Barangay 192,192,1380601192.0,City of Manila - Tondo I / II,133901192,18.433590120121707,22.525977961833814,4.092387841712107,1394.6243195060933,326,399,73,519.682524268535,53.29317265767414,74.00979801597794,850.36660689753,-51.48382005414412,-330.68408262899504,0.03707012869995101
Barangay 193,193,1380601193.0,City of Manila - Tondo I / II,133901193,1.540043908847642,2.4230043807220683,0.8829604718744262,100.00000010044101,14,22,8,819.3873170764664,53.29317265767414,74.00979801597794,850.36660689753,-71.58679363525587,-30.979289821063617,0.03714510240586516
Barangay 194,194,1380601194.0,City of Manila - Tondo I / II,133901194,8.371168533504548,8.959508602342718,0.5883400688381695,99.99999993500319,62,67,5,438.9016916385461,53.29317265767414,74.00979801597794,850.36660689753,-65.05028941363521,-411.4649152589839,0.03727074889377913
Barangay 195,195,1380601195.0,City of Manila - Tondo I / II,133901195,20.317992367835306,22.21113034273928,1.8931379749039756,200.00000028632394,256,280,24,1193.6234914681404,53.29317265767414,74.00979801597794,850.36660689753,-51.798667673238654,343.2568845706104,0.03721744187323189
Barangay 196,196,1380601196.0,City of Manila - Tondo I / II,133901196,52.144202958285405,61.90666504508919,9.762462086803787,1967.9216558766166,765,909,144,728.2451667032478,53.29317265767414,74.00979801597794,850.36660689753,-12.103132970888744,-122.12144019428217,0.03695468570423727
Barangay 197,197,1380601197.0,City of Manila - Tondo I / II,133901197,69.1075634881787,79.11097627416821,10.00341278598951,1454.505710247393,211,241,30,209.76479351242006,53.29317265767414,74.00979801597794,850.36660689753,5.101178258190274,-640.60181338511,0.037048412145200105
Barangay 198,198,1380601198.0,City of Manila - Tondo I / II,133901198,79.16073961750318,98.1528703502886,18.992130732785412,8225.575604399783,3040,3769,729,886.6222319430947,53.29317265767414,74.00979801597794,850.36660689753,24.14307233431066,36.25562504556467,0.03746724457355257
Barangay 199,199,1380601199.0,City of Manila - Tondo I / II,133901199,99.22636121661984,99.9999999999974,0.7736387833775638,276.94178356361954,2223,2240,17,625.7455456762498,53.29317265767414,74.00979801597794,850.36660689753,25.990201984019464,-224.62106122128023,0.03741448704305183
Barangay 200,200,1380601200.0,City of Manila - Tondo I / II,133901200,98.54723562832643,99.40221186678356,0.8549762384571267,129.97107073048392,746,752,6,497.97005508568145,53.29317265767414,74.00979801597794,850.36660689753,25.392413850805625,-352.39655181184855,0.03749203695223828
Barangay 201,201,1380601201.0,City of Manila - Tondo I / II,133901201,87.25616027055865,92.2337755675214,4.977615296962753,2601.030904685409,1017,1075,58,223.13842660629786,53.29317265767414,74.00979801597794,850.36660689753,18.22397755154347,-627.2281802912321,0.037213754365438834
Barangay 202,202,1380601202.0,City of Manila - Tondo I / II,133901202,98.23672083448496,99.83661371116165,1.599892876676691,523.058216453057,1266,1287,21,394.27005506590865,53.29317265767414,74.00979801597794,850.36660689753,25.82681569518371,-456.09655183162135,0.037230668963893335
Barangay 202-A,202,1380601203.0,City of Manila - Tondo I / II,133901203,61.00360656976138,65.66125879410926,4.657652224347878,908.6919269358878,633,681,48,531.5316680467778,53.29317265767414,74.00979801597794,850.36660689753,-8.348539221868677,-318.8349388507522,0.0370518248786608
Barangay 203,203,1380601204.0,City of Manila - Tondo I / II,133901204,83.74034335278544,93.86992420253353,10.12958084974808,6141.17573816151,1687,1891,204,332.1998376405372,53.29317265767414,74.00979801597794,850.36660689753,19.86012618655559,-518.1667692569928,0.03735503892249415
Barangay 204,204,1380601205.0,City of Manila - Tondo I / II,133901205,93.02358505323224,97.51527437939964,4.491689326167403,2320.336705748363,1797,1884,87,373.99502221625113,53.29317265767414,74.00979801597794,850.36660689753,23.505476363421707,-476.3715846812789,0.037513384672360005
Barangay 205,205,1380601206.0,City of Manila - Tondo I / II,133901206,92.57251609241514,97.63036561765992,5.057849525244777,2347.8873028055386,1696,1789,93,394.65183525531074,53.29317265767414,74.00979801597794,850.36660689753,23.620567601681984,-455.71477164221926,0.03728908509487698
Barangay 206,206,1380601207.0,City of Manila - Tondo I / II,133901207,42.83140671322443,58.3655990130827,15.534192299858269,6441.852359564629,1065,1452,387,599.7271296102566,53.29317265767414,74.00979801597794,850.36660689753,-15.644199002895235,-250.6394772872734,0.037052053583454383
Barangay 207,207,1380601208.0,City of Manila - Tondo I / II,133901208,40.8809389232343,50.656498431998095,9.775559508763799,4846.052963040995,466,577,111,229.76146495714192,53.29317265767414,74.00979801597794,850.36660689753,-23.35329958397984,-620.6051419403881,0.037094081083739905
Barangay 208,208,1380601209.0,City of Manila - Tondo I / II,133901209,29.417252210244083,41.60588437709383,12.188632166849747,3660.772366609124,134,189,55,151.16042325449055,53.29317265767414,74.00979801597794,850.36660689753,-32.403913638884106,-699.2061836430395,0.036893212433837565
Barangay 209,209,1380601210.0,City of Manila - Tondo I / II,133901210,41.76990888154655,67.57007066804466,25.800161786498116,16191.45215135278,1965,3178,1213,749.5557526848967,53.29317265767414,74.00979801597794,850.36660689753,-6.439727347933271,-100.81085421263333,0.03692246163850056
Barangay 210,210,1380601211.0,City of Manila - Tondo I / II,133901211,41.73578393625259,81.80374478927502,40.06796085302243,14544.845245379729,1296,2541,1245,855.6370611713479,53.29317265767414,74.00979801597794,850.36660689753,7.79394677329708,5.270454273817904,0.03681171187638875
Barangay 211,211,1380601212.0,City of Manila - Tondo I / II,133901212,13.13295920821714,36.2799193522658,23.146960144048663,7222.255826910239,276,763,487,673.6802377105131,53.29317265767414,74.00979801597794,850.36660689753,-37.729878663712135,-176.6863691870169,0.03695549865067283
Barangay 212,212,1380601213.0,City of Manila - Tondo I / II,133901213,23.502422955405105,42.37839798874927,18.875975033344165,5500.517701009026,501,903,402,731.2893982447785,53.29317265767414,74.00979801597794,850.36660689753,-31.631400027228665,-119.07720865275155,0.037179935732691884
Barangay 213,213,1380601214.0,City of Manila - Tondo I / II,133901214,91.24733554012153,99.25597654281697,8.008641002695441,2552.947290058837,2771,3014,243,952.7122953104714,53.29317265767414,74.00979801597794,850.36660689753,25.24617852683903,102.3456884129414,0.03749993889490681
Barangay 214,214,1380601215.0,City of Manila - Tondo I / II,133901215,96.86879276250905,99.99999999999996,3.131207237490912,500.0000000806158,1282,1323,41,828.5174349065159,53.29317265767414,74.00979801597794,850.36660689753,25.990201984022022,-21.849171991014146,0.03753815210009543
Barangay 215,215,1380601216.0,City of Manila - Tondo I / II,133901216,90.84415728646351,100.0,9.155842713536487,1630.4320551656983,2859,3147,288,1767.2270934694664,53.29317265767414,74.00979801597794,850.36660689753,25.990201984022065,916.8604865719363,0.03734969181041788
Barangay 216,216,1380601217.0,City of Manila - Tondo I / II,133901217,81.49525739431377,94.13695559831598,12.64169820400221,4016.5594412329738,1823,2106,283,704.072211456478,53.29317265767414,74.00979801597794,850.36660689753,20.127157582338043,-146.29439544105196,0.03737101197862007
Barangay 217,217,1380601218.0,City of Manila - Tondo I / II,133901218,96.82027748331224,99.5495790310059,2.729301547693666,765.2284563473986,992,1020,28,365.5815545254561,53.29317265767414,74.00979801597794,850.36660689753,25.53978101502797,-484.7850523720739,0.037462416231157765
Barangay 218,218,1380601219.0,City of Manila - Tondo I / II,133901219,71.10091043331911,98.5240842259546,27.42317379263548,6172.859241210472,241,334,93,150.60210434800757,53.29317265767414,74.00979801597794,850.36660689753,24.51428620997666,-699.7645025495224,0.037800884580104034
Barangay 219,219,1380601220.0,City of Manila - Tondo I / II,133901220,87.09961990011311,98.91560054045505,11.815980640341934,4358.534314136588,973,1105,132,302.8185491726819,53.29317265767414,74.00979801597794,850.36660689753,24.90580252447711,-547.5480577248481,0.0371979610373989
Barangay 220,220,1380601221.0,City of Manila - Tondo I / II,133901221,74.49361473036838,91.16255851674644,16.668943786378065,8934.103245123144,961,1176,215,240.68378095099257,53.29317265767414,74.00979801597794,850.36660689753,17.152760500768508,-609.6828259465374,0.03704286617181992
Barangay 221,221,1380601222.0,City of Manila - Tondo I / II,133901222,84.30644344115679,99.99976273198216,15.693319290825372,3934.810318802771,2862,3395,533,1354.0377979023674,53.29317265767414,74.00979801597794,850.36660689753,25.989964716004224,503.6711910048374,0.03760536925420637
Barangay 222,222,1380601223.0,City of Manila - Tondo I / II,133901223,30.27358587287055,54.73121742286826,24.45763154999771,4240.771107125991,533,963,430,1015.0378419543671,53.29317265767414,74.00979801597794,850.36660689753,-19.278580593109673,164.67123505683708,0.037530243916064125
Barangay 223,223,1380601224.0,City of Manila - Tondo I / II,133901224,79.86215448466587,100.0,20.137845515334135,3802.0952033150315,1264,1583,319,838.4379597591204,53.29317265767414,74.00979801597794,850.36660689753,25.990201984022065,-11.928647138409588,0.03728787023422122
Barangay 224,224,1380601225.0,City of Manila - Tondo I / II,133901225,86.79178376896529,99.73583567518376,12.944051906218476,4899.999999564025,936,1075,139,284.7691419621433,53.29317265767414,74.00979801597794,850.36660689753,25.72603765920583,-565.5974649353867,0.037301240779651995
Barangay 225,225,1380601226.0,City of Manila - Tondo I / II,133901226,70.56773756599983,98.0842276754424,27.51649010944257,4308.93949463965,1605,2231,626,1452.7940129318747,53.29317265767414,74.00979801597794,850.36660689753,24.07442965946447,602.4274060343447,0.03731293893955865
Barangay 226,226,1380601227.0,City of Manila - Tondo I / II,133901227,70.95042173789714,95.50309600338906,24.552674265491916,6005.89688219528,852,1147,295,490.98015452568694,53.29317265767414,74.00979801597794,850.36660689753,21.493297987411125,-359.38645237184306,0.03735386727335514
Barangay 227,227,1380601228.0,City of Manila - Tondo I / II,133901228,95.25126267733714,100.0,4.748737322662862,2202.813481413541,1644,1726,82,372.08418634048576,53.29317265767414,74.00979801597794,850.36660689753,25.990201984022065,-478.28242055704425,0.03744159305062469
Barangay 228,228,1380601229.0,City of Manila - Tondo I / II,133901229,96.06517568439872,100.0,3.9348243156012757,597.1865187407548,2591,2697,106,1777.0362937117056,53.29317265767414,74.00979801597794,850.36660689753,25.990201984022065,926.6696868141756,0.037604528816968366
Barangay 229,229,1380601230.0,City of Manila - Tondo I / II,133901230,41.69044066770512,79.22337501922865,37.53293435152354,7056.645091754953,761,1446,685,970.6823044220216,53.29317265767414,74.00979801597794,850.36660689753,5.21357700325072,120.31569752449161,0.03744829082819022
Barangay 230,230,1380601231.0,City of Manila - Tondo I / II,133901231,10.087826868022251,50.6214127175297,40.533585849507446,4425.477470985751,240,1203,963,2176.212637163819,53.29317265767414,74.00979801597794,850.36660689753,-23.388385298448235,1325.8460302662893,0.03748174767306769
Barangay 231,231,1380601232.0,City of Manila - Tondo I / II,133901232,72.03126107611965,95.99594446731729,23.96468339119764,5823.114259086873,1001,1333,332,571.6347601874683,53.29317265767414,74.00979801597794,850.36660689753,21.98614645133935,-278.73184671006175,0.03751512151926981
Barangay 232,232,1380601233.0,City of Manila - Tondo I / II,133901233,18.32483055706451,45.73904333661174,27.414212779547235,10255.259495590366,343,856,513,500.1530398386096,53.29317265767414,74.00979801597794,850.36660689753,-28.270754679366192,-350.21356705892043,0.03770613845052937
Barangay 233,233,1380601234.0,City of Manila - Tondo I / II,133901234,51.04652190889973,80.34710200295234,29.300580094052613,6258.934549351481,370,582,212,338.933405052017,53.29317265767414,74.00979801597794,850.36660689753,6.337303986974405,-511.433201845513,0.037598503865912083
Barangay 234,234,1380601235.0,City of Manila - Tondo I / II,133901235,66.3002996545653,88.31969983800577,22.01940018344048,9093.095454491202,1335,1778,443,487.45834453297135,53.29317265767414,74.00979801597794,850.36660689753,14.30990182202784,-362.90826236455865,0.03749071532152284
Barangay 235,235,1380601236.0,City of Manila - Tondo I / II,133901236,73.78729907762592,90.8865793913928,17.099280313766883,4149.664619113748,933,1149,216,520.8490878286299,53.29317265767414,74.00979801597794,850.36660689753,16.876781375414865,-329.5175190689001,0.037495096574643984
Barangay 236,236,1380601237.0,City of Manila - Tondo I / II,133901237,74.97826730735399,98.55115512452971,23.572887817175726,6747.333034348627,452,594,142,210.66770057733206,53.29317265767414,74.00979801597794,850.36660689753,24.54135710855178,-639.6989063201979,0.037736135037608205
Barangay 237,237,1380601238.0,City of Manila - Tondo I / II,133901238,40.72888330864973,83.90711704026891,43.17823373161919,9599.718993614651,91,187,96,100.30237477321717,53.29317265767414,74.00979801597794,850.36660689753,9.89731902429098,-750.0642321243129,0.0379480377904976
Barangay 238,238,1380601239.0,City of Manila - Tondo I / II,133901239,95.83568663630766,100.0,4.164313363692344,689.5678671223523,374,390,16,235.52173604282018,53.29317265767414,74.00979801597794,850.36660689753,25.990201984022065,-614.8448708547098,0.037644517487619066
Barangay 239,239,1380601240.0,City of Manila - Tondo I / II,133901240,38.31959798404574,100.0,61.68040201595426,13973.862032883351,625,1631,1006,719.9207738797429,53.29317265767414,74.00979801597794,850.36660689753,25.990201984022065,-130.4458330177871,0.037624292419361015
Barangay 240,240,1380601241.0,City of Manila - Tondo I / II,133901241,75.82903204977566,99.99999999999996,24.170967950224295,3265.2393118349028,69,91,22,67.36284460064182,53.29317265767414,74.00979801597794,850.36660689753,25.990201984022022,-783.0037622968882,0.037772305656692
Barangay 241,241,1380601242.0,City of Manila - Tondo I / II,133901242,21.35062040235474,73.56451340806532,52.21389300571059,45075.822742012126,65,223,158,35.09821589120946,53.29317265767414,74.00979801597794,850.36660689753,-0.4452846079126118,-815.2683910063206,0.03785133046079376
Barangay 242,242,1380601243.0,City of Manila - Tondo I / II,133901243,87.14001726094627,100.0,12.859982739053734,3065.6002594207457,396,454,58,190.44988483376426,53.29317265767414,74.00979801597794,850.36660689753,25.990201984022065,-659.9167220637657,0.03773580570137838
Barangay 243,243,1380601244.0,City of Manila - Tondo I / II,133901244,43.039376618392,100.0,56.960623381608,8455.116606843054,145,338,193,227.70461482933962,53.29317265767414,74.00979801597794,850.36660689753,25.990201984022065,-622.6619920681903,0.037823126858758035
Barangay 244,244,1380601245.0,City of Manila - Tondo I / II,133901245,81.17883179108385,100.0,18.82116820891615,2491.7112205093927,535,659,124,497.7763774383176,53.29317265767414,74.00979801597794,850.36660689753,25.990201984022065,-352.5902294592124,0.03775558704471502
Barangay 245,245,1380601246.0,City of Manila - Tondo I / II,133901246,49.523951761023575,98.48583378071196,48.96188201968838,4919.2368293745385,157,313,156,316.510040526765,53.29317265767414,74.00979801597794,850.36660689753,24.47603576473402,-533.856566370765,0.03778282909777051
Barangay 246,246,1380601247.0,City of Manila - Tondo I / II,133901247,56.935764007158426,99.62328830994252,42.6875243027841,7932.13159775227,716,1253,537,677.0047232716059,53.29317265767414,74.00979801597794,850.36660689753,25.61349029396459,-173.36188362592407,0.03762978179428952
Barangay 247,247,1380601248.0,City of Manila - Tondo I / II,133901248,44.802035231820746,100.0,55.197964768179254,7788.680475067062,392,876,484,620.816546419035,53.29317265767414,74.00979801597794,850.36660689753,25.990201984022065,-229.55006047849497,0.03784905684220843
Barangay 248,248,1380601249.0,City of Manila - Tondo I / II,133901249,67.18492876463455,97.66585214186192,30.48092337722737,2633.376978314538,116,169,53,200.2447726886176,53.29317265767414,74.00979801597794,850.36660689753,23.656054125883983,-650.1218342089124,0.03782377481233941
Barangay 249,249,1380601250.0,City of Manila - Tondo I / II,133901250,67.05216767446105,92.09006169922638,25.037894024765336,3695.565711176201,1173,1612,439,1185.6456620654635,53.29317265767414,74.00979801597794,850.36660689753,18.080263683248447,335.2790551679335,0.037415210836723244
Barangay 250,250,1380601251.0,City of Manila - Tondo I / II,133901251,93.50329535553875,100.0,6.496704644461246,2279.812756600564,1152,1232,80,351.07883745290377,53.29317265767414,74.00979801597794,850.36660689753,25.990201984022065,-499.28776944462624,0.037467729715405976
Barangay 251,251,1380601252.0,City of Manila - Tondo I / II,133901252,31.449142935943613,89.91114630099585,58.46200336505224,5621.6659075410025,421,1204,783,1392.4808729881643,53.29317265767414,74.00979801597794,850.36660689753,15.901348285017917,542.1142660906343,0.03735827786609528
Barangay 252,252,1380601253.0,City of Manila - Tondo I / II,133901253,94.32099497050356,100.0,5.679005029496437,504.4056733752459,872,925,53,1041.439446375192,53.29317265767414,74.00979801597794,850.36660689753,25.990201984022065,191.0728394776619,0.03747692662781811
Barangay 253,253,1380601254.0,City of Manila - Tondo I / II,133901254,49.78683242079566,81.62469307085672,31.83786065006106,7560.40962904343,667,1093,426,563.8701803492836,53.29317265767414,74.00979801597794,850.36660689753,7.614895054878787,-286.4964265482464,0.037369477242043016
Barangay 254,254,1380601255.0,City of Manila - Tondo I / II,133901255,25.03382458904128,75.20024422351294,50.16641963447166,24339.061582937946,879,2642,1763,724.0814588325874,53.29317265767414,74.00979801597794,850.36660689753,1.190446207535004,-126.28514806494263,0.037466611920986874
Barangay 255,255,1380601256.0,City of Manila - Tondo I / II,133901256,22.993492260335508,49.15379520416239,26.160302943826885,5895.160135757313,220,470,250,424.6773512629303,53.29317265767414,74.00979801597794,850.36660689753,-24.856002811815543,-425.6892556345997,0.037266773282245064
Barangay 256,256,1380601257.0,City of Manila - Tondo I / II,133901257,23.10511585138259,35.27860009097606,12.173484239593474,2606.338726150623,241,368,127,487.62340131077457,53.29317265767414,74.00979801597794,850.36660689753,-38.73119792500187,-362.74320558675544,0.03731006095062543
Barangay 257,257,1380601258.0,City of Manila - Tondo I / II,133901258,69.33877181018907,99.50826175733869,30.169489947149614,3474.7478957084613,930,1334,404,1164.3229158896675,53.29317265767414,74.00979801597794,850.36660689753,25.49846374136075,313.95630899213745,0.03737825107039039
Barangay 258,258,1380601259.0,City of Manila - Tondo I / II,133901259,42.72337396915556,63.13852564351692,20.41515167436136,4486.478722305801,302,447,145,322.16640889404067,53.29317265767414,74.00979801597794,850.36660689753,-10.871272372461014,-528.2001980034893,0.03732870436982805
Barangay 259,259,1380601260.0,City of Manila - Tondo I / II,133901260,87.49866217076315,100.0,12.501337829236846,8451.580249507278,1762,2014,252,297.9051685576889,53.29317265767414,74.00979801597794,850.36660689753,25.990201984022065,-552.4614383398412,0.03759460922496129
Barangay 260,260,1380601261.0,City of Manila - Tondo I / II,133901261,99.98451513704848,99.99999999999996,0.01548486295148166,6.12741631771496,1935,1935,0,489.0023503785012,53.29317265767414,74.00979801597794,850.36660689753,25.990201984022022,-361.3642565190288,0.03739537135842824
Barangay 261,261,1380601262.0,City of Manila - Tondo I / II,133901262,62.57601028849624,100.0,37.42398971150376,5782.359068043694,501,800,299,517.7677729261482,53.29317265767414,74.00979801597794,850.36660689753,25.990201984022065,-332.59883397138185,0.03724350660863172
Barangay 262,262,1380601263.0,City of Manila - Tondo I / II,133901263,86.95230425470237,100.0,13.04769574529763,5844.838987074836,3163,3638,475,812.1270273888044,53.29317265767414,74.00979801597794,850.36660689753,25.990201984022065,-38.23957950872557,0.03733403023880731
Barangay 263,263,1380601264.0,City of Manila - Tondo I / II,133901264,99.99999999999996,99.99999999999996,0.0,0.0,1317,1317,0,871.1303946332206,53.29317265767414,74.00979801597794,850.36660689753,25.990201984022022,20.763787735690585,0.0372388450110257
Barangay 264,264,1380601265.0,City of Manila - Tondo I / II,133901265,77.55205688089549,99.61342045492894,22.06136357403345,5706.810887386011,2139,2747,608,1066.1863856689722,53.29317265767414,74.00979801597794,850.36660689753,25.603622438951007,215.8197787714422,0.03715391982242828
Barangay 265,265,1380601266.0,City of Manila - Tondo I / II,133901266,41.48385789896008,100.0,58.51614210103992,8659.918849312231,61,146,85,98.65400467846572,53.29317265767414,74.00979801597794,850.36660689753,25.990201984022065,-751.7126022190643,0.037154277919223044
Barangay 266,266,1380601267.0,City of Manila - Tondo I / II,133901267,95.51625963367808,100.0,4.483740366321925,1219.752454934729,1979,2072,93,761.6553671553104,53.29317265767414,74.00979801597794,850.36660689753,25.990201984022065,-88.71123974221962,0.03741550230015708
Barangay 267,267,1380601268.0,City of Manila - Tondo I / II,133901268,94.463889203334,100.0,5.536110796665994,719.9400021808469,1681,1780,99,1368.7636731137015,53.29317265767414,74.00979801597794,850.36660689753,25.990201984022065,518.3970662161715,0.03720347061644235
Barangay 268,268,1380604001.0,City of Manila - San Nicolas,133904001,96.1085678035223,99.99999999999996,3.891432196477652,1702.5603004351287,585,609,24,139.19519955030177,36.80690487025489,71.64709853826244,531.8829231401985,28.352901461737517,-392.68772358989673,0.038090479471052464
Barangay 269,269,1380604002.0,City of Manila - San Nicolas,133904002,93.0095004671696,100.0,6.990499532830398,2949.1239212632863,1018,1095,77,259.55494556398196,36.80690487025489,71.64709853826244,531.8829231401985,28.35290146173756,-272.32797757621654,0.03838891493618877
Barangay 270,270,1380604003.0,City of Manila - San Nicolas,133904003,34.95674076142609,99.95181618534492,64.99507542391883,24091.255359076444,333,954,621,257.3767993001573,36.80690487025489,71.64709853826244,531.8829231401985,28.304717647082484,-274.5061238400412,0.038535098855788916
Barangay 271,271,1380604004.0,City of Manila - San Nicolas,133904004,54.224830960783,100.0,45.775169039217,28111.14479411614,713,1315,602,214.12983258927778,36.80690487025489,71.64709853826244,531.8829231401985,28.35290146173756,-317.7530905509207,0.038346736925502965
Barangay 272,272,1380604005.0,City of Manila - San Nicolas,133904005,16.054495358264383,79.71629302110493,63.66179766284055,12544.304784809465,177,879,702,559.767671677946,36.80690487025489,71.64709853826244,531.8829231401985,8.06919448284249,27.884748537747555,0.038602120868129114
Barangay 273,273,1380604006.0,City of Manila - San Nicolas,133904006,26.190218480226356,67.18153822545541,40.991319745229056,8368.828074531033,119,305,186,222.37353902597482,36.80690487025489,71.64709853826244,531.8829231401985,-4.465560312807028,-309.5093841142237,0.0385538371963914
Barangay 274,274,1380604007.0,City of Manila - San Nicolas,133904007,0.8259703846872027,50.50644269530116,49.68047231061396,6014.800679532507,17,1041,1024,1703.1509332150986,36.80690487025489,71.64709853826244,531.8829231401985,-21.14065584296128,1171.2680100749,0.0386836901133006
Barangay 275,275,1380604008.0,City of Manila - San Nicolas,133904008,19.816408015511712,29.280518004210844,9.464109988699132,25522.03949575023,4160,6147,1987,778.5388359963333,36.80690487025489,71.64709853826244,531.8829231401985,-42.36658053405159,246.65591285613482,0.03916271404337806
Barangay 276,276,1380604009.0,City of Manila - San Nicolas,133904009,15.83517030139682,96.56698534361956,80.73181504222275,16801.367137703142,487,2971,2484,1478.521318229338,36.80690487025489,71.64709853826244,531.8829231401985,24.919886805357123,946.6383950891395,0.03861568749637891
Barangay 281,281,1380604014.0,City of Manila - San Nicolas,133904014,35.498283343828675,76.74133725294553,41.24305390911685,38305.87813923796,1220,2637,1417,369.9461808880089,36.80690487025489,71.64709853826244,531.8829231401985,5.094238714683087,-161.93674225218962,0.03811238751678515
Barangay 282,282,1380604015.0,City of Manila - San Nicolas,133904015,33.49139357502921,79.92327204744862,46.43187847241941,51683.94650696056,838,2000,1162,224.86477846813418,36.80690487025489,71.64709853826244,531.8829231401985,8.27617350918618,-307.0181446720643,0.03793580892278704
Barangay 283,283,1380604016.0,City of Manila - San Nicolas,133904016,46.65998559147812,65.36089882614598,18.700913234667865,9418.639784283507,636,892,256,270.82515348608183,36.80690487025489,71.64709853826244,531.8829231401985,-6.286199712116456,-261.05776965411667,0.038470497604244355
Barangay 284,284,1380604017.0,City of Manila - San Nicolas,133904017,18.959560273592448,32.79466851194611,13.835108238353659,7367.966500873563,204,353,149,202.0445731220893,36.80690487025489,71.64709853826244,531.8829231401985,-38.852430026316334,-329.83835001810917,0.03834948477820925
Barangay 285,285,1380604018.0,City of Manila - San Nicolas,133904018,25.260119093677638,44.74359087275158,19.483471779073945,10697.916970242924,528,936,408,380.82123466993494,36.80690487025489,71.64709853826244,531.8829231401985,-26.90350766551086,-151.06168847026356,0.038210460269719845
Barangay 286,286,1380604019.0,City of Manila - San Nicolas,133904019,35.21232864322978,51.93911708766185,16.726788444432067,7689.1957343152335,1485,2190,705,917.1328513203182,36.80690487025489,71.64709853826244,531.8829231401985,-19.70798145060059,385.2499281801197,0.038625134476785394
Barangay 287,287,1380602001.0,City of Manila - Binondo,133902001,82.27946102804825,99.95649072388552,17.677029695837277,22582.52698029678,2565,3116,551,243.9908589946504,92.9645749052094,99.8492817284804,428.04755458288565,0.10720899540511653,-184.05669558823524,0.03792225823871659
Barangay 288,288,1380602002.0,City of Manila - Binondo,133902002,86.58382592661181,98.53632656091852,11.952500634306716,4445.759273644802,2424,2759,335,752.7848386766403,92.9645749052094,99.8492817284804,428.04755458288565,-1.3129551675618814,324.7372840937547,0.03774239681256663
Barangay 289,289,1380602003.0,City of Manila - Binondo,133902003,96.20959554751887,100.0,3.790404452481127,1687.1415866610114,1301,1352,51,303.74610289208266,92.9645749052094,99.8492817284804,428.04755458288565,0.15071827151959383,-124.30145169080299,0.03744114849768168
Barangay 290,290,1380602004.0,City of Manila - Binondo,133902004,99.12901611759646,100.0,0.8709838824035359,501.24709480747697,1698,1713,15,297.65666594642727,92.9645749052094,99.8492817284804,428.04755458288565,0.15071827151959383,-130.39088863645839,0.03745286936718516
Barangay 291,291,1380602005.0,City of Manila - Binondo,133902005,91.89841902842193,100.0,8.101580971578073,8620.879592352605,2331,2537,206,238.4177937379649,92.9645749052094,99.8492817284804,428.04755458288565,0.15071827151959383,-189.62976084492075,0.0373441336108336
Barangay 292,292,1380602006.0,City of Manila - Binondo,133902006,93.18596228982938,100.0,6.8140377101706235,3652.854917161603,2901,3113,212,580.6992030289471,92.9645749052094,99.8492817284804,428.04755458288565,0.15071827151959383,152.65164844606142,0.03774831314941449
Barangay 293,293,1380602007.0,City of Manila - Binondo,133902007,88.08267221292249,100.0,11.917327787077511,15182.205958284176,3266,3708,442,291.06080865917494,92.9645749052094,99.8492817284804,428.04755458288565,0.15071827151959383,-136.9867459237107,0.03795054932374854
Barangay 294,294,1380602008.0,City of Manila - Binondo,133902008,93.67672947175224,100.0,6.323270528247761,3205.4944175405763,1785,1905,120,375.7869703468127,92.9645749052094,99.8492817284804,428.04755458288565,0.15071827151959383,-52.26058423607293,0.037543487919099006
Barangay 295,295,1380602009.0,City of Manila - Binondo,133902009,98.86598285106297,100.0,1.1340171489370334,293.4722350040938,1401,1417,16,547.5483225939281,92.9645749052094,99.8492817284804,428.04755458288565,0.15071827151959383,119.50076801104245,0.03751338839598424
Barangay 296,296,1380602010.0,City of Manila - Binondo,133902010,99.73408457832966,99.99999999999996,0.26591542167030013,93.16286640886392,2267,2273,6,648.7839809522283,92.9645749052094,99.8492817284804,428.04755458288565,0.1507182715195512,220.7364263693426,0.037616135984437055
Barangay 297,297,1380605001.0,City of Manila - Santa Cruz,133905001,95.41780897596544,100.0,4.582191024034557,1500.0000000424916,1923,2015,92,615.5409942112074,67.56798551195735,90.68638799718337,541.0012294109715,9.313612002816626,74.53976480023584,0.037470136379090045
Barangay 298,298,1380605002.0,City of Manila - Santa Cruz,133905002,91.69747768220488,100.0,8.302522317795123,2865.7124245408813,989,1079,90,312.60713755450047,67.56798551195735,90.68638799718337,541.0012294109715,9.313612002816626,-228.39409185647105,0.03726155973802685
Barangay 299,299,1380605003.0,City of Manila - Santa Cruz,133905003,93.59492835772262,100.0,6.4050716422773775,2060.096559594258,1354,1447,93,449.8885561073286,67.56798551195735,90.68638799718337,541.0012294109715,9.313612002816626,-91.11267330364291,0.03729511802257745
Barangay 300,300,1380605004.0,City of Manila - Santa Cruz,133905004,83.68283788051977,91.47940101726525,7.796563136745476,1006.5277650879452,1122,1227,105,1038.7384758792168,67.56798551195735,90.68638799718337,541.0012294109715,0.7930130200818724,497.7372464682453,0.03735367248177395
Barangay 301,301,1380605005.0,City of Manila - Santa Cruz,133905005,76.71648209147611,100.0,23.28351790852389,4116.054152556175,387,505,118,285.66622566183776,67.56798551195735,90.68638799718337,541.0012294109715,9.313612002816626,-255.33500374913376,0.03719917599577208
Barangay 302,302,1380605006.0,City of Manila - Santa Cruz,133905006,85.54338840376442,100.0,14.456611596235575,1490.6389747168778,655,766,111,742.8870887278208,67.56798551195735,90.68638799718337,541.0012294109715,9.313612002816626,201.8858593168493,0.03728240762121163
Barangay 303,303,1380605007.0,City of Manila - Santa Cruz,133905007,74.91004060070152,99.99999999999996,25.089959399298436,16312.160888195918,553,738,185,113.51279676306649,67.56798551195735,90.68638799718337,541.0012294109715,9.313612002816583,-427.48843264790503,0.037061095502040974
Barangay 304,304,1380605008.0,City of Manila - Santa Cruz,133905008,80.97264808000624,98.21001777528222,17.237369695275987,4814.955551278395,249,302,53,109.90490857272198,67.56798551195735,90.68638799718337,541.0012294109715,7.523629778098851,-431.09632083824954,0.03702440053747699
Barangay 305,305,1380605009.0,City of Manila - Santa Cruz,133905009,84.78269680900912,100.0,15.217303190990876,5693.30687288403,762,899,137,240.2883925659676,67.56798551195735,90.68638799718337,541.0012294109715,9.313612002816626,-300.71283684500395,0.03712907659584524
Barangay 306,306,1380603015.0,City of Manila - Quiapo,133903015,94.57406884093116,99.94134279695928,5.367273956028114,5436.915552524995,1204,1272,68,125.66941090064749,91.40861219607015,99.07765480399782,437.98271060941113,0.8636879929614594,-312.3132997087636,0.03689770282143563
Barangay 307,307,1380603016.0,City of Manila - Quiapo,133903016,88.0940137053132,100.0,11.905986294686798,8630.63376686239,1232,1399,167,192.99248787754067,91.40861219607015,99.07765480399782,437.98271060941113,0.9223451960021833,-244.99022273187046,0.03680233421890555
Barangay 308,308,1380603017.0,City of Manila - Quiapo,133903017,82.21932949097047,99.50046310196484,17.281133610994374,6918.861721161651,793,960,167,241.02655330723513,91.40861219607015,99.07765480399782,437.98271060941113,0.42280829796702335,-196.956157302176,0.03663572135782419
Barangay 309,309,1380603018.0,City of Manila - Quiapo,133903018,85.81587923639891,99.17534181633542,13.359462579936505,8100.0000003000605,997,1152,155,191.65056194211292,91.40861219607015,99.07765480399782,437.98271060941113,0.09768701233760169,-246.3321486672982,0.036828724900143536
Barangay 310,310,1380605012.0,City of Manila - Santa Cruz,133905012,43.28062563503465,98.95978637105291,55.67916073601826,48173.99355030592,5956,13618,7662,1590.4866389958693,67.56798551195735,90.68638799718337,541.0012294109715,8.27339837386954,1049.4854095848978,0.03669728161304331
Barangay 311,311,1380605013.0,City of Manila - Santa Cruz,133905013,81.377865112724,100.0,18.622134887276005,8524.946018813964,1469,1805,336,394.28934092194527,67.56798551195735,90.68638799718337,541.0012294109715,9.313612002816626,-146.71188848902625,0.036590407567459425
Barangay 312,312,1380605014.0,City of Manila - Santa Cruz,133905014,68.67390712738101,99.72429092829763,31.05038380091662,11262.010212282894,2022,2937,915,811.9632158916612,67.56798551195735,90.68638799718337,541.0012294109715,9.03790293111426,270.9619864806897,0.03680958166835144
Barangay 313,313,1380605015.0,City of Manila - Santa Cruz,133905015,75.27229232627182,99.81604267126778,24.543750344995956,13342.08890573831,2700,3580,880,659.8549380797181,67.56798551195735,90.68638799718337,541.0012294109715,9.129654674084406,118.85370866874655,0.03710465711011046
Barangay 314,314,1380605016.0,City of Manila - Santa Cruz,133905016,86.69325012931372,96.40250334026967,9.70925321095595,5127.893879195195,1413,1571,158,308.6273450015716,67.56798551195735,90.68638799718337,541.0012294109715,5.716115343086301,-232.37388440939992,0.037074627033283625
Barangay 315,315,1380605017.0,City of Manila - Santa Cruz,133905017,93.55506894942016,99.99999999999996,6.444931050579797,4387.223487067073,2011,2150,139,315.83988824808887,67.56798551195735,90.68638799718337,541.0012294109715,9.313612002816583,-225.16134116288265,0.036600619267755284
Barangay 316,316,1380605018.0,City of Manila - Santa Cruz,133905018,99.99999999999996,99.99999999999996,0.0,0.0,856,856,0,442.4210270231632,67.56798551195735,90.68638799718337,541.0012294109715,9.313612002816583,-98.5802023878083,0.03684316248224732
Barangay 317,317,1380605019.0,City of Manila - Santa Cruz,133905019,88.14840060905922,100.0,11.851599390940777,2939.9101856573907,1387,1573,186,634.1202507783825,67.56798551195735,90.68638799718337,541.0012294109715,9.313612002816626,93.11902136741094,0.03653913297299416
Barangay 318,318,1380605020.0,City of Manila - Santa Cruz,133905020,93.12505423026876,100.0,6.874945769731241,872.213744226894,727,781,54,615.5982615155095,67.56798551195735,90.68638799718337,541.0012294109715,9.313612002816626,74.59703210453802,0.03662964553348314
Barangay 319,319,1380605021.0,City of Manila - Santa Cruz,133905021,84.47904201866756,100.0,15.520957981332444,2647.0433844410363,1147,1358,211,796.2642797069335,67.56798551195735,90.68638799718337,541.0012294109715,9.313612002816626,255.263050295962,0.036479639745048364
Barangay 320,320,1380605022.0,City of Manila - Santa Cruz,133905022,67.32238975036104,100.0,32.67761024963896,7940.453205170734,953,1416,463,582.7311731194045,67.56798551195735,90.68638799718337,541.0012294109715,9.313612002816626,41.729943708432984,0.03676070636489593
Barangay 321,321,1380605023.0,City of Manila - Santa Cruz,133905023,92.31080332872249,100.0,7.689196671277514,999.9999998926069,354,384,30,295.26515220876655,67.56798551195735,90.68638799718337,541.0012294109715,9.313612002816626,-245.73607720220497,0.03676596064522995
Barangay 322,322,1380605024.0,City of Manila - Santa Cruz,133905024,86.65642068118873,98.68392644596727,12.027505764778539,1827.786255747531,751,856,105,570.5178855171001,67.56798551195735,90.68638799718337,541.0012294109715,7.997538448783899,29.516656106128607,0.03672546194915927
Barangay 323,323,1380605025.0,City of Manila - Santa Cruz,133905025,85.04549418421841,99.5796069050968,14.534112720878383,3457.2672325022177,915,1071,156,452.342970211954,67.56798551195735,90.68638799718337,541.0012294109715,8.893218907913422,-88.6582591990175,0.036504913951603817
Barangay 324,324,1380605026.0,City of Manila - Santa Cruz,133905026,39.94497498378937,96.791505618687,56.846530634897626,7087.003916298247,257,622,365,515.7654719814457,67.56798551195735,90.68638799718337,541.0012294109715,6.105117621503624,-25.235757429525847,0.03664371674084968
Barangay 325,325,1380605027.0,City of Manila - Santa Cruz,133905027,38.85123038287628,98.98553749865889,60.134307115782605,5927.701323137673,204,521,317,533.6072757147416,67.56798551195735,90.68638799718337,541.0012294109715,8.299149501475512,-7.393953696229914,0.036806136786820515
Barangay 326,326,1380605028.0,City of Manila - Santa Cruz,133905028,64.54051813096841,100.0,35.45948186903159,4348.234384546882,543,841,298,685.8283527180002,67.56798551195735,90.68638799718337,541.0012294109715,9.313612002816626,144.82712330702873,0.03698387633443824
Barangay 327,327,1380605029.0,City of Manila - Santa Cruz,133905029,19.38186857676009,90.53798884169905,71.15612026493895,21726.280184027637,241,1124,883,406.7695924957503,67.56798551195735,90.68638799718337,541.0012294109715,-0.14839915548432714,-134.2316369152212,0.03707415868114159
Barangay 328,328,1380605030.0,City of Manila - Santa Cruz,133905030,96.9532109661704,100.0,3.0467890338295973,350.9935345014219,639,659,20,572.0430081841233,67.56798551195735,90.68638799718337,541.0012294109715,9.313612002816626,31.041778773151805,0.037017099754195246
Barangay 329,329,1380605031.0,City of Manila - Santa Cruz,133905031,95.33637474495976,100.0,4.663625255040245,760.047199961833,438,459,21,281.6409286385063,67.56798551195735,90.68638799718337,541.0012294109715,9.313612002816626,-259.3603007724652,0.037057798789563785
Barangay 330,330,1380605032.0,City of Manila - Santa Cruz,133905032,98.15913582917167,100.0,1.8408641708283255,502.5075680879236,2895,2949,54,1080.3237173977761,67.56798551195735,90.68638799718337,541.0012294109715,9.313612002816626,539.3224879868046,0.03713635522894276
Barangay 331,331,1380605033.0,City of Manila - Santa Cruz,133905033,32.79856949109682,84.44181229642027,51.643242805323446,71465.2875403284,282,726,444,62.146519437867624,67.56798551195735,90.68638799718337,541.0012294109715,-6.244575700763107,-478.8547099731039,0.03700476103234076
Barangay 332,332,1380605034.0,City of Manila - Santa Cruz,133905034,89.44665255414711,100.0,10.553347445852893,1317.0115195923227,572,640,68,512.8385184843772,67.56798551195735,90.68638799718337,541.0012294109715,9.313612002816626,-28.162710926594286,0.03688853149683428
Barangay 333,333,1380605035.0,City of Manila - Santa Cruz,133905035,75.88149550687116,99.99999999999996,24.118504493128796,3987.3763986304148,777,1024,247,619.3884432241454,67.56798551195735,90.68638799718337,541.0012294109715,9.313612002816583,78.38721381317384,0.036949087655016005
Barangay 334,334,1380605036.0,City of Manila - Santa Cruz,133905036,33.43955544182641,96.92947049292565,63.48991505109924,19278.26381360121,491,1422,931,483.1332649066178,67.56798551195735,90.68638799718337,541.0012294109715,6.2430824957422715,-57.86796450435372,0.03690883433327266
Barangay 335,335,1380605037.0,City of Manila - Santa Cruz,133905037,79.02621049879296,100.0,20.973789501207037,6039.398588084758,852,1078,226,374.37080451865506,67.56798551195735,90.68638799718337,541.0012294109715,9.313612002816626,-166.63042489231646,0.03693137962649319
Barangay 336,336,1380605038.0,City of Manila - Santa Cruz,133905038,40.12476592806839,91.62855486732016,51.50378893925177,16824.925417212347,797,1820,1023,607.9463789403319,67.56798551195735,90.68638799718337,541.0012294109715,0.9421668701367878,66.94514952936038,0.03670055169100082
Barangay 337,337,1380605039.0,City of Manila - Santa Cruz,133905039,39.32871917078693,95.19848598313796,55.869766812351024,16119.396406511774,473,1145,672,416.95934376368365,67.56798551195735,90.68638799718337,541.0012294109715,4.512097985954583,-124.04188564728787,0.03669694143273733
Barangay 338,338,1380605040.0,City of Manila - Santa Cruz,133905040,28.93051928959341,96.1622735145302,67.2317542249368,19270.505580370434,413,1371,958,497.5089061618534,67.56798551195735,90.68638799718337,541.0012294109715,5.475885517346825,-43.4923232491181,0.036483800446738816
Barangay 339,339,1380605041.0,City of Manila - Santa Cruz,133905041,35.64227927849414,99.99999999999996,64.35772072150581,17691.568235197083,553,1551,998,564.2169394597121,67.56798551195735,90.68638799718337,541.0012294109715,9.313612002816583,23.21571004874056,0.03670519457279657
Barangay 340,340,1380605042.0,City of Manila - Santa Cruz,133905042,50.64708014772893,99.65062088212426,49.00354073439533,14025.892848094592,904,1779,875,623.6417257585038,67.56798551195735,90.68638799718337,541.0012294109715,8.964232884940884,82.64049634753223,0.0364985637165108
Barangay 341,341,1380605043.0,City of Manila - Santa Cruz,133905043,33.87125023621335,98.19323701903352,64.32198678282018,21360.406688669857,547,1586,1039,486.3203691217891,67.56798551195735,90.68638799718337,541.0012294109715,7.506849021850144,-54.68086028918242,0.03648502477718232
Barangay 342,342,1380605044.0,City of Manila - Santa Cruz,133905044,57.63470412472789,99.47513941950734,41.840435294779454,23915.17110267916,1017,1756,739,308.7929748786646,67.56798551195735,90.68638799718337,541.0012294109715,8.788751422323969,-232.2082545323069,0.036326689082159226
Barangay 343,343,1380605045.0,City of Manila - Santa Cruz,133905045,33.40358245754915,85.22995002150603,51.82636756395688,21543.919885448406,1014,2588,1574,730.5851448048172,67.56798551195735,90.68638799718337,541.0012294109715,-5.456437975677346,189.5839153938457,0.03614298508102767
Barangay 344,344,1380605046.0,City of Manila - Santa Cruz,133905046,40.33141571614396,77.88787277729283,37.55645706114887,13141.36549775369,260,502,242,184.0475280252585,67.56798551195735,90.68638799718337,541.0012294109715,-12.798515219890547,-356.95370138571303,0.036656259196968986
Barangay 345,345,1380605047.0,City of Manila - Santa Cruz,133905047,46.51228855862493,90.48683402755483,43.974545468929904,12991.869566109614,620,1205,585,450.85192909733416,67.56798551195735,90.68638799718337,541.0012294109715,-0.1995539696285391,-90.14930031363735,0.03669726093395447
Barangay 346,346,1380605048.0,City of Manila - Santa Cruz,133905048,62.42274975028457,90.28944744420149,27.86669769391692,8206.356971584286,937,1355,418,509.7013618028627,67.56798551195735,90.68638799718337,541.0012294109715,-0.3969405529818886,-31.299867608108798,0.03667605460908126
Barangay 347,347,1380605049.0,City of Manila - Santa Cruz,133905049,54.5323737929124,86.6892016406301,32.1568278477177,9530.835373797207,700,1112,412,432.8813636006012,67.56798551195735,90.68638799718337,541.0012294109715,-3.9971863565532715,-108.1198658103703,0.036673681571437286
Barangay 348,348,1380605050.0,City of Manila - Santa Cruz,133905050,82.65014794596782,95.5932874424251,12.943139496457277,2937.141764705131,789,913,124,420.8410492013697,67.56798551195735,90.68638799718337,541.0012294109715,4.90689944524172,-120.16018020960183,0.03669159779450608
Barangay 349,349,1380605051.0,City of Manila - Santa Cruz,133905051,92.0477168498138,94.72600959533544,2.678292745521645,373.8375743234974,504,519,15,392.60484374847607,67.56798551195735,90.68638799718337,541.0012294109715,4.039621598152067,-148.39638566249545,0.036228725881483854
Barangay 350,350,1380605052.0,City of Manila - Santa Cruz,133905052,6.250574241779017,14.53761485634764,8.287040614568623,12891.613037666446,502,1167,665,515.9306890316597,67.56798551195735,90.68638799718337,541.0012294109715,-76.14877314083573,-25.070540379311865,0.03646882477838632
Barangay 351,351,1380605053.0,City of Manila - Santa Cruz,133905053,42.87413394495492,80.62039457456055,37.74626062960563,19249.97733644803,1464,2753,1289,669.6292561655982,67.56798551195735,90.68638799718337,541.0012294109715,-10.065993422622824,128.62802675462672,0.03601245005154623
Barangay 352,352,1380605054.0,City of Manila - Santa Cruz,133905054,30.58601766085434,77.65844571960953,47.07242805875519,16806.841886410344,429,1088,659,392.3906237473476,67.56798551195735,90.68638799718337,541.0012294109715,-13.027942277573842,-148.61060566362391,0.036191042115289014
Barangay 353,353,1380605055.0,City of Manila - Santa Cruz,133905055,56.24184682738272,90.90067471240798,34.658827885025254,17010.068903060765,1693,2736,1043,613.3018774259892,67.56798551195735,90.68638799718337,541.0012294109715,0.21428671522460263,72.30064801501771,0.036962632724633446
Barangay 354,354,1380605056.0,City of Manila - Santa Cruz,133905056,54.26459250790256,92.83770244910836,38.5731099412058,16058.47472417113,1194,2042,848,528.4489550114038,67.56798551195735,90.68638799718337,541.0012294109715,2.151314451924989,-12.55227439956775,0.036951911350504865
Barangay 355,355,1380605057.0,City of Manila - Santa Cruz,133905057,94.42226507084963,98.24212578125169,3.819860710402054,1732.5914159819513,1056,1098,42,246.4865192587298,67.56798551195735,90.68638799718337,541.0012294109715,7.555737784068313,-294.5147101522417,0.037207529622912267
Barangay 356,356,1380605058.0,City of Manila - Santa Cruz,133905058,99.3613140540636,99.99999999999996,0.6386859459363592,132.7544191437737,440,443,3,213.1287800998962,67.56798551195735,90.68638799718337,541.0012294109715,9.313612002816583,-327.87244931107534,0.03689060754038277
Barangay 357,357,1380605059.0,City of Manila - Santa Cruz,133905059,77.46795920475611,99.515380656779,22.04742145202289,4549.430756135076,428,550,122,267.9944968175852,67.56798551195735,90.68638799718337,541.0012294109715,8.828992659595627,-273.00673259338635,0.03685471637977154
Barangay 358,358,1380605060.0,City of Manila - Santa Cruz,133905060,51.13963168932512,87.650994936814,36.51136324748888,7389.876747670474,597,1023,426,576.5828357455512,67.56798551195735,90.68638799718337,541.0012294109715,-3.0353930603693726,35.58160633457965,0.03685425803519882
Barangay 359,359,1380605061.0,City of Manila - Santa Cruz,133905061,94.9668600120868,98.43892592984812,3.472065917761327,667.245581000403,436,452,16,238.84433282615655,67.56798551195735,90.68638799718337,541.0012294109715,7.752537932664751,-302.15689658481494,0.037103963090843683
Barangay 360,360,1380605062.0,City of Manila - Santa Cruz,133905062,78.87286931655572,94.59418136517417,15.721312048618444,4943.974684580233,628,753,125,253.1195078674389,67.56798551195735,90.68638799718337,541.0012294109715,3.9077933679907915,-287.88172154353265,0.03707828874936201
Barangay 361,361,1380605063.0,City of Manila - Santa Cruz,133905063,74.25968767588631,99.99999999999996,25.740312324113646,5290.083005657838,539,726,187,353.25469803252486,67.56798551195735,90.68638799718337,541.0012294109715,9.313612002816583,-187.74653137844666,0.03706001736441694
Barangay 362,362,1380605064.0,City of Manila - Santa Cruz,133905064,86.83825266513546,98.25813962129222,11.419886956156759,1966.8431115974508,252,285,33,168.37983658979675,67.56798551195735,90.68638799718337,541.0012294109715,7.571751624108842,-372.62139282117477,0.03720143989608618
Barangay 363,363,1380605065.0,City of Manila - Santa Cruz,133905065,68.34478907724191,100.0,31.655210922758087,7543.292163665756,421,616,195,258.5026471908906,67.56798551195735,90.68638799718337,541.0012294109715,9.313612002816626,-282.4985822200809,0.036662085002294655
Barangay 364,364,1380605066.0,City of Manila - Santa Cruz,133905066,96.8309857834624,99.55405141640507,2.723065632942678,610.6232268890271,1992,2048,56,917.3162369699859,67.56798551195735,90.68638799718337,541.0012294109715,8.8676634192217,376.31500755901436,0.03644629284876105
Barangay 365,365,1380605067.0,City of Manila - Santa Cruz,133905067,62.00457104902706,95.32136359680452,33.31679254777746,6408.942844559608,860,1322,462,721.0298544477455,67.56798551195735,90.68638799718337,541.0012294109715,4.634975599621143,180.02862503677397,0.036579912948906466
Barangay 366,366,1380605069.0,City of Manila - Santa Cruz,133905069,83.25894376327057,99.85287984532864,16.59393608205808,3717.5864575463165,1046,1254,208,560.6321186359456,67.56798551195735,90.68638799718337,541.0012294109715,9.16649184814527,19.630889224974112,0.03667314888344439
Barangay 367,367,1380605070.0,City of Manila - Santa Cruz,133905070,84.88730570067787,97.109266926773,12.221961226095132,3805.181878544983,1751,2003,252,662.6202587476711,67.56798551195735,90.68638799718337,541.0012294109715,6.422878929589629,121.61902933669955,0.0364722537509039
Barangay 368,368,1380605071.0,City of Manila - Santa Cruz,133905071,100.0,100.0,0.0,0.0,658,658,0,251.4014656164574,67.56798551195735,90.68638799718337,541.0012294109715,9.313612002816626,-289.59976379451416,0.036142326572539116
Barangay 369,369,1380605072.0,City of Manila - Santa Cruz,133905072,99.55387467035123,100.0,0.4461253296487655,99.99999993829988,1777,1785,8,796.3337139143596,67.56798551195735,90.68638799718337,541.0012294109715,9.313612002816626,255.33248450338806,0.036308989772285735
Barangay 370,370,1380605073.0,City of Manila - Santa Cruz,133905073,87.76256198559592,97.0089963932778,9.246434407681875,1854.8491992080671,551,609,58,313.0583774952387,67.56798551195735,90.68638799718337,541.0012294109715,6.322608396094424,-227.94285191573283,0.036285822554304986
Barangay 371,371,1380605074.0,City of Manila - Santa Cruz,133905074,100.0,100.0,0.0,0.0,858,858,0,344.9423130854193,67.56798551195735,90.68638799718337,541.0012294109715,9.313612002816626,-196.05891632555222,0.03617298169478147
Barangay 372,372,1380605075.0,City of Manila - Santa Cruz,133905075,28.658265479322736,37.1814948616582,8.523229382335465,46406.67719701922,1241,1611,370,79.56318339174008,67.56798551195735,90.68638799718337,541.0012294109715,-53.50489313552517,-461.4380460192314,0.03601939830196923
Barangay 373,373,1380605076.0,City of Manila - Santa Cruz,133905076,6.01793288721104,16.872918098822012,10.854985211610973,2131.1169165211472,239,671,432,2025.7112996432106,67.56798551195735,90.68638799718337,541.0012294109715,-73.81346989836136,1484.710070232239,0.036738309734112816
Barangay 374,374,1380605077.0,City of Manila - Santa Cruz,133905077,10.309848182533146,18.73228580606393,8.422437623530785,2238.471885568534,435,791,356,1588.1865409220482,67.56798551195735,90.68638799718337,541.0012294109715,-71.95410219111945,1047.1853115110766,0.03682103156023777
Barangay 375,375,1380605078.0,City of Manila - Santa Cruz,133905078,5.136047616919667,15.115298646728306,9.979251029808639,1733.792950882868,229,675,446,2570.5108027132746,67.56798551195735,90.68638799718337,541.0012294109715,-75.57108935045507,2029.5095733023031,0.03672773150433268
Barangay 376,376,1380605079.0,City of Manila - Santa Cruz,133905079,11.563720672998796,31.596717552182668,20.03299687918387,8703.780172462371,111,304,193,221.41808060304842,67.56798551195735,90.68638799718337,541.0012294109715,-59.089670445000706,-319.58314880792307,0.03628643683111227
Barangay 377,377,1380605080.0,City of Manila - Santa Cruz,133905080,74.26563007754093,88.67464314648798,14.409013068947047,2187.3849365276365,492,588,96,436.73957451115496,67.56798551195735,90.68638799718337,541.0012294109715,-2.0117448506953934,-104.26165489981656,0.03658273016818608
Barangay 378,378,1380605081.0,City of Manila - Santa Cruz,133905081,31.115488877466237,59.067239841524014,27.951750964057776,6881.00652795999,213,403,190,277.44554275421365,67.56798551195735,90.68638799718337,541.0012294109715,-31.61914815565936,-263.55568665675787,0.036587435175821054
Barangay 379,379,1380605082.0,City of Manila - Santa Cruz,133905082,94.74942379620327,100.0,5.250576203796726,496.866785486096,691,729,38,770.3614257135548,67.56798551195735,90.68638799718337,541.0012294109715,9.313612002816626,229.3601963025833,0.036371787342540436
Barangay 380,380,1380605083.0,City of Manila - Santa Cruz,133905083,93.1271438937214,100.0,6.872856106278604,1000.0000002747402,891,957,66,657.7323291901542,67.56798551195735,90.68638799718337,541.0012294109715,9.313612002816626,116.73109977918273,0.03652060827521615
Barangay 381,381,1380605084.0,City of Manila - Santa Cruz,133905084,98.32143135874152,100.0,1.6785686412584795,499.99999983089947,1448,1473,25,494.5063218819894,67.56798551195735,90.68638799718337,541.0012294109715,9.313612002816626,-46.49490752898214,0.036651529597535454
Barangay 382,382,1380605085.0,City of Manila - Santa Cruz,133905085,82.02252891834189,95.18927419629784,13.166745277955954,4365.6818403219695,659,765,106,242.48361632087847,67.56798551195735,90.68638799718337,541.0012294109715,4.502886199114471,-298.51761309009305,0.03668549880854596
Barangay 383,383,1380603003.0,City of Manila - Quiapo,133903003,93.12460628058284,100.0,6.875393719417161,1409.2222602272886,2355,2529,174,1233.862904890637,91.40861219607015,99.07765480399782,437.98271060941113,0.9223451960021833,795.880194281226,0.0366269153608959
Barangay 384,384,1380603004.0,City of Manila - Quiapo,133903004,86.22921572590066,92.18281368808977,5.953597962189107,3458.123795096675,3303,3531,228,659.3829933883777,91.40861219607015,99.07765480399782,437.98271060941113,-6.894841115908051,221.40028277896658,0.03665638846682731
Barangay 385,385,1380603005.0,City of Manila - Quiapo,133903005,93.26180078667188,99.99999999999996,6.738199213328073,5010.286637783676,3310,3549,239,477.29542712709605,91.40861219607015,99.07765480399782,437.98271060941113,0.9223451960021407,39.31271651768492,0.03631599640588776
Barangay 386,386,1380603006.0,City of Manila - Quiapo,133903006,97.42103481154945,99.45944272966668,2.0384079181172297,1508.3751747238275,1213,1238,25,168.24845042418642,91.40861219607015,99.07765480399782,437.98271060941113,0.3817879256688599,-269.7342601852247,0.036027262234649006
Barangay 387,387,1380603007.0,City of Manila - Quiapo,133903007,95.49657900930804,99.72403481031226,4.227455801004226,1531.8800921844522,2557,2671,114,739.0347777772485,91.40861219607015,99.07765480399782,437.98271060941113,0.6463800063144447,301.0520671678373,0.036176571891053264
Barangay 388,388,1380603008.0,City of Manila - Quiapo,133903008,92.77705829665908,99.9122679315991,7.135209634940026,1800.2913699339697,1441,1552,111,615.5103972679855,91.40861219607015,99.07765480399782,437.98271060941113,0.8346131276012869,177.52768665857434,0.03617035715310211
Barangay 389,389,1380603009.0,City of Manila - Quiapo,133903009,98.34718585128232,99.99999999999996,1.6528141487176384,678.4709172925213,1758,1788,30,435.5723469622221,91.40861219607015,99.07765480399782,437.98271060941113,0.9223451960021407,-2.4103636471890013,0.03594003656601976
Barangay 390,390,1380603010.0,City of Manila - Quiapo,133903010,83.4451771926637,97.25330381857997,13.808126625916259,9048.917785536556,751,875,124,137.33480906620628,91.40861219607015,99.07765480399782,437.98271060941113,-1.8243509854178512,-300.64790154320485,0.03608077579611863
Barangay 391,391,1380603011.0,City of Manila - Quiapo,133903011,98.0824319649374,100.0,1.917568035062601,1223.2254501831703,2583,2633,50,412.7576511397593,91.40861219607015,99.07765480399782,437.98271060941113,0.9223451960021833,-25.225059469651853,0.03644340584335306
Barangay 392,392,1380603012.0,City of Manila - Quiapo,133903012,89.53944726530662,99.99999999999996,10.460552734693337,3100.0000001423177,998,1115,117,376.24246124669787,91.40861219607015,99.07765480399782,437.98271060941113,0.9223451960021407,-61.74024936271326,0.03633926243952643
Barangay 393,393,1380603013.0,City of Manila - Quiapo,133903013,86.03375344366069,98.09346617045792,12.05971272679723,11245.817763140818,3553,4051,498,442.8901002194639,91.40861219607015,99.07765480399782,437.98271060941113,-0.984188633539901,4.907389610052746,0.036382532123590786
Barangay 394,394,1380603014.0,City of Manila - Quiapo,133903014,98.07621323498591,100.0,1.9237867650140856,512.433584475737,1458,1487,29,558.2520362131614,91.40861219607015,99.07765480399782,437.98271060941113,0.9223451960021833,120.2693256037503,0.03655805937971919
Barangay 395,395,1380606001.0,City of Manila - Sampaloc,133906001,90.26308534936312,99.79296375387648,9.529878404513354,9269.724198100841,1108,1225,117,126.24637400905642,64.03159510712949,77.15641724721995,600.646559479169,22.63654650665653,-474.4001854701126,0.03633514362423671
Barangay 396,396,1380606002.0,City of Manila - Sampaloc,133906002,90.02035897676792,100.0,9.979641023232077,4499.99999997118,3814,4237,423,939.6386447934452,64.03159510712949,77.15641724721995,600.646559479169,22.84358275278005,338.9920853142762,0.03612225715232342
Barangay 397,397,1380606003.0,City of Manila - Sampaloc,133906003,89.07997777956754,99.75733283927588,10.677355059708333,4399.99999984516,7870,8814,944,2143.964362632788,64.03159510712949,77.15641724721995,600.646559479169,22.600915592055927,1543.317803153619,0.03594550487843209
Barangay 398,398,1380606004.0,City of Manila - Sampaloc,133906004,90.07106968360404,100.0,9.928930316395963,2003.9350790596,2173,2413,240,1195.5731053276734,64.03159510712949,77.15641724721995,600.646559479169,22.84358275278005,594.9265458485044,0.03583164539017764
Barangay 399,399,1380606005.0,City of Manila - Sampaloc,133906005,84.14222029245083,100.0,15.85777970754917,2488.4132533601496,1386,1647,261,1049.5749909331255,64.03159510712949,77.15641724721995,600.646559479169,22.84358275278005,448.9284314539565,0.03592896362972174
Barangay 400,400,1380606006.0,City of Manila - Sampaloc,133906006,86.86510736702304,100.0,13.134892632976957,2811.5867465547963,1266,1458,192,681.134006708022,64.03159510712949,77.15641724721995,600.646559479169,22.84358275278005,80.48744722885294,0.035842334053617406
Barangay 401,401,1380606007.0,City of Manila - Sampaloc,133906007,72.9314097274613,99.45799990369312,26.52659017623182,9788.407924259925,1540,2101,561,572.3521014418437,64.03159510712949,77.15641724721995,600.646559479169,22.301582656473173,-28.294458037325285,0.03573724960117949
Barangay 402,402,1380606008.0,City of Manila - Sampaloc,133906008,85.90214298837047,100.0,14.097857011629529,4161.970567911034,2386,2778,392,940.9928815994451,64.03159510712949,77.15641724721995,600.646559479169,22.84358275278005,340.3463221202761,0.03571038802654026
Barangay 403,403,1380606009.0,City of Manila - Sampaloc,133906009,92.39259489647094,100.0,7.607405103529061,1738.0294321070614,698,755,57,330.46568412833653,64.03159510712949,77.15641724721995,600.646559479169,22.84358275278005,-270.1808753508325,0.035631432481673185
Barangay 404,404,1380606010.0,City of Manila - Sampaloc,133906010,79.47177596003598,97.87639061622008,18.404614656184094,12999.999999362335,1008,1241,233,179.5157798860474,64.03159510712949,77.15641724721995,600.646559479169,20.71997336900013,-421.1307795931216,0.03609885858827366
Barangay 405,405,1380606011.0,City of Manila - Sampaloc,133906011,81.43841471005932,100.0,18.56158528994068,3015.875525778625,939,1153,214,709.6283535699389,64.03159510712949,77.15641724721995,600.646559479169,22.84358275278005,108.98179409076988,0.035657437351195746
Barangay 406,406,1380606012.0,City of Manila - Sampaloc,133906012,94.84738318543762,99.99999999999996,5.152616814562336,493.8899611955949,617,651,34,679.1702220794187,64.03159510712949,77.15641724721995,600.646559479169,22.84358275278001,78.52366260024974,0.03554539024260064
Barangay 407,407,1380606013.0,City of Manila - Sampaloc,133906013,73.47915263278439,100.0,26.52084736721561,7687.39494562606,1938,2637,699,909.7421818705845,64.03159510712949,77.15641724721995,600.646559479169,22.84358275278005,309.09562239141553,0.03549240009458557
Barangay 408,408,1380606014.0,City of Manila - Sampaloc,133906014,75.17274512737198,99.99999999999996,24.827254872627975,6113.11678037011,1334,1774,440,720.4761781333985,64.03159510712949,77.15641724721995,600.646559479169,22.84358275278001,119.82961865422953,0.0353642439413472
Barangay 409,409,1380606015.0,City of Manila - Sampaloc,133906015,99.98875027565444,100.0,0.011249724345560708,3.3092083166266093,1673,1673,0,568.7399229469149,64.03159510712949,77.15641724721995,600.646559479169,22.84358275278005,-31.906636532254083,0.03518315356238032
Barangay 410,410,1380606016.0,City of Manila - Sampaloc,133906016,88.63568034972015,100.0,11.364319650279853,4982.638525356655,2274,2565,291,585.0209633836785,64.03159510712949,77.15641724721995,600.646559479169,22.84358275278005,-15.62559609549055,0.03514252919582219
Barangay 411,411,1380606017.0,City of Manila - Sampaloc,133906017,90.1707073837807,99.99999999999996,9.829292616219263,3100.0000001114713,1968,2182,214,691.8553705748147,64.03159510712949,77.15641724721995,600.646559479169,22.84358275278001,91.20881109564573,0.035155229336596865
Barangay 412,412,1380606018.0,City of Manila - Sampaloc,133906018,99.65012993140924,100.0,0.34987006859076075,121.14387077488209,2008,2015,7,581.9429276124696,64.03159510712949,77.15641724721995,600.646559479169,22.84358275278005,-18.703631866699425,0.03564719104754193
Barangay 413,413,1380606019.0,City of Manila - Sampaloc,133906019,96.28922720503743,100.0,3.7107727949625655,638.4861916989212,1836,1907,71,1108.3158589795353,64.03159510712949,77.15641724721995,600.646559479169,22.84358275278005,507.66929950036626,0.035326996910719895
Barangay 414,414,1380606020.0,City of Manila - Sampaloc,133906020,93.59397504281552,100.0,6.406024957184485,1044.2208014660464,1500,1603,103,983.3991040927012,64.03159510712949,77.15641724721995,600.646559479169,22.84358275278005,382.7525446135322,0.03507014081775778
Barangay 415,415,1380606021.0,City of Manila - Sampaloc,133906021,50.87495373042273,83.48712704242035,32.61217331199762,7702.322680403755,404,664,260,336.60856418026657,64.03159510712949,77.15641724721995,600.646559479169,6.330709795200406,-264.03799529890244,0.03552549106394199
Barangay 416,416,1380606022.0,City of Manila - Sampaloc,133906022,80.44621021176567,100.0,19.553789788234326,5575.6870087847055,884,1099,215,385.41645080528787,64.03159510712949,77.15641724721995,600.646559479169,22.84358275278005,-215.23010867388115,0.03568063379398191
Barangay 417,417,1380606023.0,City of Manila - Sampaloc,133906023,91.1373166512416,100.0,8.862683348758395,2125.4036704371683,1657,1818,161,758.0846195080063,64.03159510712949,77.15641724721995,600.646559479169,22.84358275278005,157.4380600288373,0.034837680751267454
Barangay 418,418,1380606024.0,City of Manila - Sampaloc,133906024,95.49036489643478,99.99999999999996,4.509635103565174,1676.404626475247,2843,2977,134,800.8319406479395,64.03159510712949,77.15641724721995,600.646559479169,22.84358275278001,200.1853811687705,0.03477298809977036
Barangay 419,419,1380606025.0,City of Manila - Sampaloc,133906025,98.25423995126609,100.0,1.7457600487339135,383.15783700679094,1540,1567,27,713.9632110193764,64.03159510712949,77.15641724721995,600.646559479169,22.84358275278005,113.31665154020743,0.03495668935741469
Barangay 420,420,1380606026.0,City of Manila - Sampaloc,133906026,96.45892579712412,99.21426594891116,2.7553401517870384,1052.0125028131733,2788,2867,79,756.9238024615668,64.03159510712949,77.15641724721995,600.646559479169,22.057848701691213,156.27724298239775,0.034918977446765025
Barangay 421,421,1380606027.0,City of Manila - Sampaloc,133906027,93.28020190435728,100.0,6.719798095642716,1994.07754226225,1179,1264,85,425.95258272936866,64.03159510712949,77.15641724721995,600.646559479169,22.84358275278005,-174.69397674980036,0.0344673092437487
Barangay 422,422,1380606028.0,City of Manila - Sampaloc,133906028,84.18658681734279,100.0,15.813413182657214,4430.320407417039,2231,2650,419,945.8806831191088,64.03159510712949,77.15641724721995,600.646559479169,22.84358275278005,345.23412363993975,0.0345226845747193
Barangay 423,423,1380606029.0,City of Manila - Sampaloc,133906029,97.8716039482101,100.0,2.128396051789906,609.1902681832034,1340,1369,29,478.3028139287524,64.03159510712949,77.15641724721995,600.646559479169,22.84358275278005,-122.3437455504166,0.03465401750700481
Barangay 424,424,1380606030.0,City of Manila - Sampaloc,133906030,81.76256053294871,93.39904031880806,11.63647978585935,3858.20711211826,1700,1942,242,627.0332507245676,64.03159510712949,77.15641724721995,600.646559479169,16.242623071588113,26.386691245398538,0.03465542271512723
Barangay 425,425,1380606031.0,City of Manila - Sampaloc,133906031,66.89038738850314,88.5703254930355,21.679938104532354,10562.642465655048,1199,1587,388,367.80994159033713,64.03159510712949,77.15641724721995,600.646559479169,11.413908245815549,-232.83661788883188,0.0345242185864571
Barangay 426,426,1380606032.0,City of Manila - Sampaloc,133906032,24.59981421067349,80.92976247304475,56.32994826237126,17629.773118401074,376,1237,861,488.53998468799944,64.03159510712949,77.15641724721995,600.646559479169,3.773345225824798,-112.10657479116958,0.03409086749656774
Barangay 427,427,1380606033.0,City of Manila - Sampaloc,133906033,58.03525534550101,100.0,41.96474465449899,8066.864497023771,229,395,166,205.48348301428337,64.03159510712949,77.15641724721995,600.646559479169,22.84358275278005,-395.16307646488565,0.03411788960788156
Barangay 428,428,1380606034.0,City of Manila - Sampaloc,133906034,31.730772190231487,60.73086638768238,29.000094197450895,8280.150565746504,293,561,268,323.61835483155625,64.03159510712949,77.15641724721995,600.646559479169,-16.425550859537566,-277.02820464761277,0.03416176428237548
Barangay 429,429,1380606035.0,City of Manila - Sampaloc,133906035,99.27998605957,100.0,0.7200139404299932,165.23868392812437,3091,3113,22,1356.4640816998676,64.03159510712949,77.15641724721995,600.646559479169,22.84358275278005,755.8175222206986,0.03523286256180284
Barangay 430,430,1380606036.0,City of Manila - Sampaloc,133906036,92.80769312235378,100.0,7.192306877646217,900.0000000471482,430,463,33,370.00423157508396,64.03159510712949,77.15641724721995,600.646559479169,22.84358275278005,-230.64232790408505,0.035417884990062334
Barangay 431,431,1380606037.0,City of Manila - Sampaloc,133906037,93.00784369380214,100.0,6.992156306197856,999.999999963331,610,656,46,458.68545370339973,64.03159510712949,77.15641724721995,600.646559479169,22.84358275278005,-141.96110577576928,0.035391297649596046
Barangay 432,432,1380606038.0,City of Manila - Sampaloc,133906038,92.60230297094316,100.0,7.397697029056843,4154.330709632297,2900,3132,232,557.7212965083547,64.03159510712949,77.15641724721995,600.646559479169,22.84358275278005,-42.92526297081429,0.03514764762393768
Barangay 433,433,1380606039.0,City of Manila - Sampaloc,133906039,96.65716039588077,99.99999999999996,3.3428396041191917,412.9123905305041,506,523,17,423.40824665206844,64.03159510712949,77.15641724721995,600.646559479169,22.84358275278001,-177.23831282710057,0.035268382042823114
Barangay 434,434,1380606040.0,City of Manila - Sampaloc,133906040,80.06793646041137,100.0,19.932063539588626,4034.7613161911595,1267,1582,315,781.5214345664469,64.03159510712949,77.15641724721995,600.646559479169,22.84358275278005,180.87487508727793,0.03526981404307228
Barangay 435,435,1380606041.0,City of Manila - Sampaloc,133906041,99.25234993690744,100.0,0.7476500630925642,191.78072383168183,467,471,4,183.61760904899677,64.03159510712949,77.15641724721995,600.646559479169,22.84358275278005,-417.02895043017224,0.03515534089010016
Barangay 436,436,1380606042.0,City of Manila - Sampaloc,133906042,99.09783920106985,100.0,0.9021607989301543,188.12928442887642,958,967,9,463.7180730335864,64.03159510712949,77.15641724721995,600.646559479169,22.84358275278005,-136.92848644558262,0.03495969787646586
Barangay 437,437,1380606043.0,City of Manila - Sampaloc,133906043,93.2578054848308,100.0,6.742194515169203,1200.0000002764864,917,983,66,552.298100573692,64.03159510712949,77.15641724721995,600.646559479169,22.84358275278005,-48.34845890547706,0.03478629722417913
Barangay 438,438,1380606044.0,City of Manila - Sampaloc,133906044,97.63444679938922,100.0,2.3655532006107762,299.9999998576841,633,648,15,510.95949157432415,64.03159510712949,77.15641724721995,600.646559479169,22.84358275278005,-89.68706790484487,0.03488793313362477
Barangay 439,439,1380606045.0,City of Manila - Sampaloc,133906045,84.89188056161204,100.0,15.10811943838796,2705.480163874656,697,821,124,458.46819446469124,64.03159510712949,77.15641724721995,600.646559479169,22.84358275278005,-142.17836501447778,0.03501520313260911
Barangay 440,440,1380606046.0,City of Manila - Sampaloc,133906046,88.77874296531563,100.0,11.22125703468437,1399.999999947031,815,918,103,735.7938541592848,64.03159510712949,77.15641724721995,600.646559479169,22.84358275278005,135.1472946801158,0.03496301156574563
Barangay 441,441,1380606047.0,City of Manila - Sampaloc,133906047,94.52228848152036,100.0,5.477711518479637,700.0000000311429,630,666,36,521.1651244493077,64.03159510712949,77.15641724721995,600.646559479169,22.84358275278005,-79.48143502986136,0.0350637094323121
Barangay 442,442,1380606048.0,City of Manila - Sampaloc,133906048,86.26571298086033,100.0,13.734287019139671,2233.7374331476058,594,688,94,423.0214943326188,64.03159510712949,77.15641724721995,600.646559479169,22.84358275278005,-177.62506514655024,0.03499130288224831
Barangay 443,443,1380606049.0,City of Manila - Sampaloc,133906049,87.85199083231353,100.0,12.148009167686467,1954.1037202366133,952,1084,132,673.8865394605365,64.03159510712949,77.15641724721995,600.646559479169,22.84358275278005,73.23997998136747,0.03484984413320644
Barangay 444,444,1380606050.0,City of Manila - Sampaloc,133906050,82.19814126262095,99.94881793837008,17.750676675749133,2871.1426954063845,478,582,104,359.8181950975358,64.03159510712949,77.15641724721995,600.646559479169,22.792400691150135,-240.8283643816332,0.03478944673305379
Barangay 445,445,1380606051.0,City of Manila - Sampaloc,133906051,100.0,100.0,0.0,0.0,941,941,0,736.1459130763241,64.03159510712949,77.15641724721995,600.646559479169,22.84358275278005,135.49935359715505,0.034839265294593295
Barangay 446,446,1380606052.0,City of Manila - Sampaloc,133906052,89.25741277306388,99.9982961654658,10.740883392401926,1515.2777408109232,686,769,83,545.0973842153035,64.03159510712949,77.15641724721995,600.646559479169,22.841878918245854,-55.54917526386555,0.034680704415957574
Barangay 447,447,1380606053.0,City of Manila - Sampaloc,133906053,97.2612036826864,100.0,2.7387963173136,356.9402218933228,1225,1259,34,966.0285818190471,64.03159510712949,77.15641724721995,600.646559479169,22.84358275278005,365.38202233987806,0.0350830839154995
Barangay 448,448,1380606054.0,City of Manila - Sampaloc,133906054,86.6973201952659,100.0,13.302679804734098,2440.866811552927,1012,1167,155,636.012881106277,64.03159510712949,77.15641724721995,600.646559479169,22.84358275278005,35.366321627107936,0.035082839544357064
Barangay 449,449,1380606055.0,City of Manila - Sampaloc,133906055,96.89211342730916,100.0,3.1078865726908447,515.0249444730562,1318,1360,42,820.6836939100268,64.03159510712949,77.15641724721995,600.646559479169,22.84358275278005,220.0371344308578,0.035247161582818466
Barangay 450,450,1380606056.0,City of Manila - Sampaloc,133906056,90.62896986135672,100.0,9.371030138643277,3167.778338872289,1453,1603,150,474.20493813947917,64.03159510712949,77.15641724721995,600.646559479169,22.84358275278005,-126.44162133968985,0.035481696634856924
Barangay 451,451,1380606057.0,City of Manila - Sampaloc,133906057,100.0,100.0,0.0,0.0,1030,1030,0,526.8499228418096,64.03159510712949,77.15641724721995,600.646559479169,22.84358275278005,-73.79663663735937,0.03525231047988642
Barangay 452,452,1380606058.0,City of Manila - Sampaloc,133906058,99.53496916136572,100.0,0.4650308386342772,100.00000003346577,690,693,3,322.2663710657078,64.03159510712949,77.15641724721995,600.646559479169,22.84358275278005,-278.3801884134612,0.03535584863595096
Barangay 453,453,1380606059.0,City of Manila - Sampaloc,133906059,92.30867583805409,99.99999999999996,7.691324161945872,1539.2829220192507,984,1066,82,532.6474710626203,64.03159510712949,77.15641724721995,600.646559479169,22.84358275278001,-67.99908841654872,0.0352233865696686
Barangay 454,454,1380606060.0,City of Manila - Sampaloc,133906060,97.52112180308228,100.0,2.4788781969177194,490.74589855320664,913,936,23,472.79661412461786,64.03159510712949,77.15641724721995,600.646559479169,22.84358275278005,-127.84994535455115,0.035452550967781986
Barangay 455,455,1380606061.0,City of Manila - Sampaloc,133906061,99.52920380692984,100.0,0.4707961930701572,88.07422631237932,1281,1287,6,687.9591520137308,64.03159510712949,77.15641724721995,600.646559479169,22.84358275278005,87.31259253456176,0.03532478251541061
Barangay 456,456,1380606062.0,City of Manila - Sampaloc,133906062,93.56838726303796,100.0,6.4316127369620375,1584.6747998764076,1487,1589,102,644.9167135004434,64.03159510712949,77.15641724721995,600.646559479169,22.84358275278005,44.27015402127438,0.035527431723312124
Barangay 457,457,1380606063.0,City of Manila - Sampaloc,133906063,92.11614412058329,99.99999999999996,7.8838558794166715,1936.8250974185794,2667,2895,228,1178.4111431296033,64.03159510712949,77.15641724721995,600.646559479169,22.84358275278001,577.7645836504342,0.035578554865933615
Barangay 458,458,1380606064.0,City of Manila - Sampaloc,133906064,79.52708415999155,100.0,20.472915840008454,6979.942066543714,1311,1649,338,483.6693184316203,64.03159510712949,77.15641724721995,600.646559479169,22.84358275278005,-116.97724104754872,0.0357131796199388
Barangay 459,459,1380606065.0,City of Manila - Sampaloc,133906065,96.36146659574383,99.99999999999996,3.6385334042561226,746.3390118469179,1011,1049,38,511.40587326655276,64.03159510712949,77.15641724721995,600.646559479169,22.84358275278001,-89.24068621261625,0.035813910391182806
Barangay 460,460,1380606066.0,City of Manila - Sampaloc,133906066,87.32607602470225,99.99999999999996,12.673923975297711,4317.90000273304,752,861,109,252.72119631821886,64.03159510712949,77.15641724721995,600.646559479169,22.84358275278001,-347.92536316095016,0.03562982568365033
Barangay 461,461,1380606067.0,City of Manila - Sampaloc,133906067,92.9956859643714,100.0,7.004314035628596,1551.2301186275326,682,733,51,330.97360130283244,64.03159510712949,77.15641724721995,600.646559479169,22.84358275278005,-269.6729581763366,0.03550944845372705
Barangay 462,462,1380606068.0,City of Manila - Sampaloc,133906068,89.01939466739802,100.0,10.980605332601982,2695.4649524148044,1419,1594,175,649.3530878406316,64.03159510712949,77.15641724721995,600.646559479169,22.84358275278005,48.706528361462574,0.03638277915049952
Barangay 463,463,1380606069.0,City of Manila - Sampaloc,133906069,100.0,100.0,0.0,0.0,856,856,0,643.824390724361,64.03159510712949,77.15641724721995,600.646559479169,22.84358275278005,43.17783124519201,0.036498950047500645
Barangay 464,464,1380606070.0,City of Manila - Sampaloc,133906070,50.15217204625458,95.85626085310314,45.70408880684856,11014.403702540661,1574,3008,1434,1302.107990129403,64.03159510712949,77.15641724721995,600.646559479169,18.69984360588319,701.4614306502341,0.03646087670909649
Barangay 465,465,1380606071.0,City of Manila - Sampaloc,133906071,100.0,100.0,0.0,0.0,1292,1292,0,996.6750769635088,64.03159510712949,77.15641724721995,600.646559479169,22.84358275278005,396.0285174843398,0.03612565562699236
Barangay 466,466,1380606072.0,City of Manila - Sampaloc,133906072,87.43836719420517,98.40031319049568,10.96194599629051,2055.767278246378,1266,1425,159,772.1155001634536,64.03159510712949,77.15641724721995,600.646559479169,21.24389594327573,171.46894068428458,0.036437698436409115
Barangay 467,467,1380606073.0,City of Manila - Sampaloc,133906073,97.93949127885844,100.0,2.0605087211415594,255.81152739507525,1388,1417,29,1141.3640689257625,64.03159510712949,77.15641724721995,600.646559479169,22.84358275278005,540.7175094465935,0.036335549087239016
Barangay 468,468,1380606074.0,City of Manila - Sampaloc,133906074,96.26506914790976,100.0,3.734930852090244,500.00000005995753,1313,1364,51,1018.8891363280443,64.03159510712949,77.15641724721995,600.646559479169,22.84358275278005,418.2425768488753,0.036232248369575865
Barangay 469,469,1380606075.0,City of Manila - Sampaloc,133906075,100.0,100.0,0.0,0.0,2424,2424,0,1713.4724247050456,64.03159510712949,77.15641724721995,600.646559479169,22.84358275278005,1112.8258652258764,0.036144903017404556
Barangay 470,470,1380606076.0,City of Manila - Sampaloc,133906076,91.594688478674,99.451524964866,7.856836486191995,21487.312955606612,1362,1479,117,54.3721584876862,64.03159510712949,77.15641724721995,600.646559479169,22.295107717646047,-546.2744009914828,0.03603905179357492
Barangay 471,471,1380606077.0,City of Manila - Sampaloc,133906077,92.82229201766012,99.72176847105148,6.899476453391358,2479.7608244386283,1646,1768,122,493.3045006319169,64.03159510712949,77.15641724721995,600.646559479169,22.565351223831527,-107.34205884725213,0.03634959426174076
Barangay 472,472,1380606078.0,City of Manila - Sampaloc,133906078,87.81279280841655,100.0,12.187207191583454,2000.8177478363887,989,1126,137,685.8593348925598,64.03159510712949,77.15641724721995,600.646559479169,22.84358275278005,85.21277541339077,0.03546631336481372
Barangay 473,473,1380606079.0,City of Manila - Sampaloc,133906079,100.0,100.0,0.0,0.0,1395,1395,0,798.9449252152176,64.03159510712949,77.15641724721995,600.646559479169,22.84358275278005,198.2983657360486,0.03533617466190455
Barangay 474,474,1380606080.0,City of Manila - Sampaloc,133906080,98.04014386666935,100.0,1.9598561333306463,495.34623882474625,1582,1614,32,638.5852059158942,64.03159510712949,77.15641724721995,600.646559479169,22.84358275278005,37.93864643672521,0.035591745342717425
Barangay 475,475,1380606081.0,City of Manila - Sampaloc,133906081,94.9875892213392,100.0,5.012410778660794,1300.0000001257322,1616,1701,85,655.854671821342,64.03159510712949,77.15641724721995,600.646559479169,22.84358275278005,55.20811234217297,0.035036473697592996
Barangay 476,476,1380606082.0,City of Manila - Sampaloc,133906082,94.41380805687427,100.0,5.586191943125726,1863.5432221459923,1145,1213,68,363.6111438943948,64.03159510712949,77.15641724721995,600.646559479169,22.84358275278005,-237.03541558477423,0.03554534131557358
Barangay 477,477,1380606083.0,City of Manila - Sampaloc,133906083,70.15290530428044,100.0,29.847094695719562,6811.209500911751,759,1082,323,474.13835173394097,64.03159510712949,77.15641724721995,600.646559479169,22.84358275278005,-126.50820774522805,0.035741364698013624
Barangay 478,478,1380606084.0,City of Manila - Sampaloc,133906084,89.25362011311957,99.22439450662044,9.970774393500875,2571.094319683016,835,928,93,362.59556821986536,64.03159510712949,77.15641724721995,600.646559479169,22.067977259400493,-238.05099125930366,0.03602137805251239
Barangay 479,479,1380606085.0,City of Manila - Sampaloc,133906085,69.52032984294728,98.41013556047842,28.889805717531146,14536.990700492373,2210,3128,918,631.7723817001604,64.03159510712949,77.15641724721995,600.646559479169,21.253718313258474,31.12582222099138,0.03573600614799678
Barangay 480,480,1380606086.0,City of Manila - Sampaloc,133906086,77.18657398707022,100.0,22.81342601292978,3586.3365163730014,828,1073,245,682.5574231564296,64.03159510712949,77.15641724721995,600.646559479169,22.84358275278005,81.91086367726064,0.03582051168322353
Barangay 481,481,1380606087.0,City of Manila - Sampaloc,133906087,70.4920625407,96.2685154533162,25.776452912616193,4835.479501714342,1370,1870,500,1035.7534964517358,64.03159510712949,77.15641724721995,600.646559479169,19.11209820609625,435.1069369725668,0.03588736014462924
Barangay 482,482,1380606088.0,City of Manila - Sampaloc,133906088,92.49281718862214,100.0,7.507182811377859,1228.3744017202607,799,864,65,528.0316766571297,64.03159510712949,77.15641724721995,600.646559479169,22.84358275278005,-72.61488282203936,0.03609951823574163
Barangay 483,483,1380606089.0,City of Manila - Sampaloc,133906089,64.98552692719267,100.0,35.014473072807334,8058.052098812779,908,1397,489,607.0352770481429,64.03159510712949,77.15641724721995,600.646559479169,22.84358275278005,6.388717568973902,0.03594637236804247
Barangay 484,484,1380606090.0,City of Manila - Sampaloc,133906090,53.32226248355207,98.1029292921574,44.780666808605325,7694.630666517933,1218,2242,1024,1329.8081232528866,64.03159510712949,77.15641724721995,600.646559479169,20.94651204493745,729.1615637737176,0.03609580370593944
Barangay 485,485,1380606091.0,City of Manila - Sampaloc,133906091,73.50057154887193,100.0,26.499428451128068,5965.693421813783,1323,1800,477,799.5545167912486,64.03159510712949,77.15641724721995,600.646559479169,22.84358275278005,198.9079573120796,0.035842639605382004
Barangay 486,486,1380606092.0,City of Manila - Sampaloc,133906092,91.17546595360989,100.0,8.824534046390113,1699.9999997470877,626,687,61,356.61499357482023,64.03159510712949,77.15641724721995,600.646559479169,22.84358275278005,-244.03156590434878,0.03595077267549495
Barangay 487,487,1380606093.0,City of Manila - Sampaloc,133906093,97.97497831875016,100.0,2.0250216812498394,460.3991219303389,1434,1464,30,643.9264542729412,64.03159510712949,77.15641724721995,600.646559479169,22.84358275278005,43.2798947937722,0.03570880645354674
Barangay 488,488,1380606094.0,City of Manila - Sampaloc,133906094,85.0259509519133,100.0,14.974049048086698,3329.4656009105056,696,818,122,367.8900337034639,64.03159510712949,77.15641724721995,600.646559479169,22.84358275278005,-232.7565257757051,0.035835505634460245
Barangay 489,489,1380606095.0,City of Manila - Sampaloc,133906095,71.66521408609158,100.0,28.33478591390842,6408.249573224526,877,1224,347,541.2051694043589,64.03159510712949,77.15641724721995,600.646559479169,22.84358275278005,-59.4413900748101,0.03592503988467235
Barangay 490,490,1380606096.0,City of Manila - Sampaloc,133906096,74.1889105975526,98.62683081886306,24.43792022131045,5339.018794798532,777,1034,257,479.69376726833144,64.03159510712949,77.15641724721995,600.646559479169,21.470413571643107,-120.95279221083757,0.036042939689536264
Barangay 491,491,1380606097.0,City of Manila - Sampaloc,133906097,95.26263553039637,100.0,4.737364469603634,1039.37349962183,882,926,44,422.0618959834036,64.03159510712949,77.15641724721995,600.646559479169,22.84358275278005,-178.58466349576543,0.03606588931673653
Barangay 492,492,1380606098.0,City of Manila - Sampaloc,133906098,62.335091997647,84.84302896274959,22.507936965102587,6795.282971652105,726,988,262,385.88159865797826,64.03159510712949,77.15641724721995,600.646559479169,7.6866117155296365,-214.76496082119075,0.0359439372205842
Barangay 493,493,1380606099.0,City of Manila - Sampaloc,133906099,84.47497285093687,91.88710643156064,7.412133580623774,1462.4822743288678,725,788,63,434.85044050148474,64.03159510712949,77.15641724721995,600.646559479169,14.73068918434069,-165.79611897768427,0.03600578733327977
Barangay 494,494,1380606100.0,City of Manila - Sampaloc,133906100,78.3657394362114,84.60582966475776,6.240090228546364,2732.5513977185474,1303,1407,104,379.7648621993621,64.03159510712949,77.15641724721995,600.646559479169,7.449412417537815,-220.88169727980693,0.03569325401034551
Barangay 495,495,1380606101.0,City of Manila - Sampaloc,133906101,82.20392782182974,97.84726218222202,15.643334360392288,5868.568157773829,1186,1412,226,384.6480244443299,64.03159510712949,77.15641724721995,600.646559479169,20.690844935002076,-215.9985350348391,0.035802297751910996
Barangay 496,496,1380606102.0,City of Manila - Sampaloc,133906102,23.289264118509656,28.90516303742397,5.615898918914315,1426.4166988606148,253,314,61,427.17183077632023,64.03159510712949,77.15641724721995,600.646559479169,-48.251254209795974,-173.47472870284878,0.03550489173668482
Barangay 497,497,1380606103.0,City of Manila - Sampaloc,133906103,98.41364765191202,99.73560794225658,1.3219602903445633,500.0000001717053,1576,1597,21,423.2916848229589,64.03159510712949,77.15641724721995,600.646559479169,22.57919069503663,-177.3548746562101,0.036046226883870006
Barangay 498,498,1380606104.0,City of Manila - Sampaloc,133906104,35.206293204880566,65.29841247292838,30.09211926804781,6561.876207391034,362,672,310,471.88928513987685,64.03159510712949,77.15641724721995,600.646559479169,-11.858004774291572,-128.75727433929217,0.035656086650605955
Barangay 499,499,1380606105.0,City of Manila - Sampaloc,133906105,22.454598353054127,97.66621449827058,75.21161614521645,16113.652280240947,322,1402,1080,669.7964390154492,64.03159510712949,77.15641724721995,600.646559479169,20.509797251050628,69.1498795362802,0.03585823805479812
Barangay 500,500,1380606106.0,City of Manila - Sampaloc,133906106,92.568350261986,99.69806968445326,7.129719422467261,2857.285263797101,1300,1400,100,350.33695081048313,64.03159510712949,77.15641724721995,600.646559479169,22.54165243723331,-250.30960866868588,0.035905378481340885
Barangay 501,501,1380606107.0,City of Manila - Sampaloc,133906107,31.16923732208005,87.0981388368676,55.928901514787555,10550.51011831647,293,820,527,498.8298739607582,64.03159510712949,77.15641724721995,600.646559479169,9.941721589647656,-101.8166855184108,0.035725260761421906
Barangay 502,502,1380606108.0,City of Manila - Sampaloc,133906108,96.80271151702551,99.99999999999996,3.197288482974443,558.6765496330227,891,920,29,526.5131329153968,64.03159510712949,77.15641724721995,600.646559479169,22.84358275278001,-74.13342656377222,0.03514156556200165
Barangay 503,503,1380606109.0,City of Manila - Sampaloc,133906109,96.79093399305933,100.0,3.209066006940674,841.3234503948115,1005,1038,33,395.92507657325694,64.03159510712949,77.15641724721995,600.646559479169,22.84358275278005,-204.72148290591207,0.035262344978755904
Barangay 504,504,1380606110.0,City of Manila - Sampaloc,133906110,98.1798435547573,100.0,1.8201564452427021,400.00000004976755,1336,1361,25,619.3082304167779,64.03159510712949,77.15641724721995,600.646559479169,22.84358275278005,18.661670937608847,0.035291341478923995
Barangay 505,505,1380606111.0,City of Manila - Sampaloc,133906111,89.89408758824487,99.45819818573784,9.56411059749297,1765.2415226903322,708,784,76,426.93982970321014,64.03159510712949,77.15641724721995,600.646559479169,22.301780938517894,-173.70672977595888,0.035410580896087965
Barangay 506,506,1380606112.0,City of Manila - Sampaloc,133906112,88.87536002998654,100.0,11.124639970013462,1798.9202351043295,725,816,91,504.6197178945244,64.03159510712949,77.15641724721995,600.646559479169,22.84358275278005,-96.02684158464461,0.0354029802343953
Barangay 507,507,1380606113.0,City of Manila - Sampaloc,133906113,97.82570154609522,100.0,2.1742984539047825,535.020494168617,1493,1526,33,620.1593166659138,64.03159510712949,77.15641724721995,600.646559479169,22.84358275278005,19.512757186744807,0.035491966832094254
Barangay 508,508,1380606114.0,City of Manila - Sampaloc,133906114,91.56285337116356,99.46974371957084,7.906890348407288,1491.1450632773776,934,1015,81,540.8614060425049,64.03159510712949,77.15641724721995,600.646559479169,22.313326472350894,-59.78515343666413,0.0355153396216061
Barangay 509,509,1380606115.0,City of Manila - Sampaloc,133906115,85.40581323005762,100.0,14.594186769942382,3200.6527142600644,695,814,119,371.16391846590807,64.03159510712949,77.15641724721995,600.646559479169,22.84358275278005,-229.48264101326095,0.03562918480788978
Barangay 510,510,1380606116.0,City of Manila - Sampaloc,133906116,46.60596544041095,96.52314566022145,49.9171802198105,9291.4977260753,471,975,504,542.6073762093498,64.03159510712949,77.15641724721995,600.646559479169,19.366728413001496,-58.039183269819205,0.03561693260151594
Barangay 511,511,1380606117.0,City of Manila - Sampaloc,133906117,48.72742020317767,97.23177353831824,48.504353335140564,10513.089301237964,550,1098,548,520.8879459335067,64.03159510712949,77.15641724721995,600.646559479169,20.075356291098288,-79.75861354566234,0.0357103733298298
Barangay 512,512,1380606118.0,City of Manila - Sampaloc,133906118,23.374676341196658,27.655828347412047,4.28115200621539,2366.053489736125,598,708,110,463.20800368438483,64.03159510712949,77.15641724721995,600.646559479169,-49.5005888998079,-137.43855579478418,0.034930075150258935
Barangay 513,513,1380606119.0,City of Manila - Sampaloc,133906119,81.0440160467316,95.1170432660184,14.0730272192868,4881.1391715537975,1563,1835,272,556.1584816964499,64.03159510712949,77.15641724721995,600.646559479169,17.96062601879845,-44.488077782719074,0.03495075241874199
Barangay 514,514,1380606120.0,City of Manila - Sampaloc,133906120,34.52922363632959,77.98517827472823,43.45595463839864,14817.856086873606,758,1713,955,644.0154083454717,64.03159510712949,77.15641724721995,600.646559479169,0.8287610275082784,43.36884886630264,0.035360145964967435
Barangay 515,515,1380606121.0,City of Manila - Sampaloc,133906121,26.44488227831392,35.907015153638696,9.462132875324777,4061.6289361048657,605,822,217,533.2545757463846,64.03159510712949,77.15641724721995,600.646559479169,-41.24940209358125,-67.39198373278441,0.03514044455019716
Barangay 516,516,1380606122.0,City of Manila - Sampaloc,133906122,33.89983740235438,36.23499307391177,2.335155671557388,399.9999998211615,404,432,28,695.8763904352254,64.03159510712949,77.15641724721995,600.646559479169,-40.92142417330818,95.22983095605639,0.03538414760850169
Barangay 517,517,1380606123.0,City of Manila - Sampaloc,133906123,99.12263841985076,99.9734533630954,0.850814943244643,204.40719853961855,1343,1355,12,563.9988495185103,64.03159510712949,77.15641724721995,600.646559479169,22.817036115875453,-36.647709960658744,0.03506639169989099
Barangay 518,518,1380606124.0,City of Manila - Sampaloc,133906124,23.1393727437528,56.4214461833628,33.282073439609995,11533.392422501427,467,1139,672,582.6256821321149,64.03159510712949,77.15641724721995,600.646559479169,-20.734971063857152,-18.020877347054125,0.03549897122261283
Barangay 519,519,1380606125.0,City of Manila - Sampaloc,133906125,92.55970620924629,99.6570385102986,7.097332301052319,1549.8753887099338,1282,1380,98,634.2319717160941,64.03159510712949,77.15641724721995,600.646559479169,22.500621263078656,33.585412236925094,0.0351623459199292
Barangay 520,520,1380606126.0,City of Manila - Sampaloc,133906126,54.64926060450611,79.32893776991591,24.6796771654098,9223.189410886556,380,551,171,185.97011148566537,64.03159510712949,77.15641724721995,600.646559479169,2.1725205226959616,-414.67644799350364,0.03524418651127572
Barangay 521,521,1380606127.0,City of Manila - Sampaloc,133906127,71.81509219089361,100.0,28.18490780910639,12503.351138798611,1136,1582,446,356.6125885695202,64.03159510712949,77.15641724721995,600.646559479169,22.84358275278005,-244.03397090964881,0.03480859688979293
Barangay 522,522,1380606128.0,City of Manila - Sampaloc,133906128,61.57031380656706,96.44798103270688,34.87766722613982,6971.116258196886,666,1044,378,541.3427999326517,64.03159510712949,77.15641724721995,600.646559479169,19.29156378548693,-59.30375954651731,0.035010411905703975
Barangay 523,523,1380606129.0,City of Manila - Sampaloc,133906129,16.938827030868232,27.40907622120259,10.470249190334357,2610.164614807971,220,356,136,521.0726412075336,64.03159510712949,77.15641724721995,600.646559479169,-49.74734102601736,-79.57391827163542,0.03493363595488022
Barangay 524,524,1380606130.0,City of Manila - Sampaloc,133906130,23.887030049404945,29.571167078897115,5.68413702949217,1416.9953485929773,190,235,45,319.30754606700003,64.03159510712949,77.15641724721995,600.646559479169,-47.58525016832283,-281.339013412169,0.03492825334931956
Barangay 525,525,1380606131.0,City of Manila - Sampaloc,133906131,11.064078188367189,12.144578700579272,1.0805005122120832,285.4190237327239,185,203,18,633.3415808413621,64.03159510712949,77.15641724721995,600.646559479169,-65.01183854664067,32.695021362193074,0.034633711221470485
Barangay 526,526,1380606132.0,City of Manila - Sampaloc,133906132,81.47054483503896,86.11622643505784,4.645681600018875,590.8862372942513,656,693,37,632.9092559576467,64.03159510712949,77.15641724721995,600.646559479169,8.959809187837891,32.262696478477665,0.034707531677607775
Barangay 527,527,1380606133.0,City of Manila - Sampaloc,133906133,25.536785863367427,29.30066481391414,3.7638789505467116,774.3780773032322,619,710,91,1178.1896780831235,64.03159510712949,77.15641724721995,600.646559479169,-47.85575243330581,577.5431186039544,0.03460340961320863
Barangay 528,528,1380606134.0,City of Manila - Sampaloc,133906134,87.53829091289961,96.0237156684745,8.485424755574883,1923.7812263028463,1322,1450,128,666.0316259319306,64.03159510712949,77.15641724721995,600.646559479169,18.867298421254546,65.38506645276163,0.03484020944924171
Barangay 529,529,1380606135.0,City of Manila - Sampaloc,133906135,42.11228150375435,53.06022100658656,10.947939502832206,1668.304336389684,398,501,103,619.4825887127336,64.03159510712949,77.15641724721995,600.646559479169,-24.09619624063339,18.836029233564545,0.03461850029798855
Barangay 530,530,1380606136.0,City of Manila - Sampaloc,133906136,36.75465368373101,44.42448886421072,7.669835180479716,1928.8939635783045,185,223,38,200.0072149442795,64.03159510712949,77.15641724721995,600.646559479169,-32.731928383009226,-400.6393445348895,0.03469620170872269
Barangay 531,531,1380606137.0,City of Manila - Sampaloc,133906137,91.75034908944568,93.65999591144433,1.909646821998649,475.5891969788936,1202,1227,25,526.0080238805806,64.03159510712949,77.15641724721995,600.646559479169,16.503578664224378,-74.63853559858842,0.03475694794563713
Barangay 532,532,1380606138.0,City of Manila - Sampaloc,133906138,5.079355459153715,6.528420745044365,1.4490652858906508,199.19944533129024,55,71,16,789.2772153941277,64.03159510712949,77.15641724721995,600.646559479169,-70.62799650217558,188.63065591495865,0.034670069667688666
Barangay 533,533,1380606139.0,City of Manila - Sampaloc,133906139,10.514260669133552,16.24589491065293,5.731634241519377,723.2610586833316,100,154,54,751.2625207351829,64.03159510712949,77.15641724721995,600.646559479169,-60.91052233656702,150.61596125601386,0.03446911141581232
Barangay 534,534,1380606140.0,City of Manila - Sampaloc,133906140,9.825064302895568,12.390777510262271,2.565713207366704,448.26088994987003,111,140,29,645.6339517447747,64.03159510712949,77.15641724721995,600.646559479169,-64.76563973695768,44.98739226560565,0.03441221316697364
Barangay 535,535,1380606141.0,City of Manila - Sampaloc,133906141,0.7753149679043639,2.30532330387952,1.5300083359751557,200.8005548443328,8,24,16,790.1465439855166,64.03159510712949,77.15641724721995,600.646559479169,-74.85109394334043,189.49998450634757,0.03458765865669262
Barangay 536,536,1380606142.0,City of Manila - Sampaloc,133906142,46.98618024724083,58.479030092830186,11.492849845589355,1797.5843696732936,491,611,120,668.1204115511796,64.03159510712949,77.15641724721995,600.646559479169,-18.677387154389763,67.47385207201057,0.034365325156075016
Barangay 537,537,1380606143.0,City of Manila - Sampaloc,133906143,61.97042514609053,80.21104492300117,18.24061977691064,3052.0991970837513,913,1182,269,880.9239744519516,64.03159510712949,77.15641724721995,600.646559479169,3.0546276757812194,280.2774149727826,0.03438478388669418
Barangay 538,538,1380606144.0,City of Manila - Sampaloc,133906144,58.25413663446511,85.47697950318938,27.22284286872427,3335.2976145936536,566,830,264,792.5343846339697,64.03159510712949,77.15641724721995,600.646559479169,8.320562255969435,191.88782515480068,0.034327894576905466
Barangay 539,539,1380606145.0,City of Manila - Sampaloc,133906145,0.7380519468636575,1.291590907113834,0.5535389602501766,300.00000005180476,15,26,11,371.79366823716623,64.03159510712949,77.15641724721995,600.646559479169,-75.86482634010612,-228.85289124200278,0.034381359544794675
Barangay 540,540,1380606146.0,City of Manila - Sampaloc,133906146,13.735492080571266,22.40368731322072,8.668195232649452,1923.0691234310898,278,453,175,912.3139120230993,64.03159510712949,77.15641724721995,600.646559479169,-54.752729933999234,311.6673525439303,0.034206432424568674
Barangay 541,541,1380606147.0,City of Manila - Sampaloc,133906147,1.2123283053693483,4.870042509639115,3.6577142042697663,503.7199276368614,10,40,30,589.6260542640692,64.03159510712949,77.15641724721995,600.646559479169,-72.28637473758083,-11.020505215099774,0.034142363877139925
Barangay 542,542,1380606148.0,City of Manila - Sampaloc,133906148,26.044555569961435,80.87069207572702,54.82613650576559,6667.298699545624,88,272,184,276.2975336202152,64.03159510712949,77.15641724721995,600.646559479169,3.7142748285070724,-324.34902585895384,0.03482437667711419
Barangay 543,543,1380606149.0,City of Manila - Sampaloc,133906149,45.42602843076991,100.0,54.57397156923009,6630.269695025394,377,830,453,683.1757754355947,64.03159510712949,77.15641724721995,600.646559479169,22.84358275278005,82.52921595642567,0.034934186606598104
Barangay 544,544,1380606150.0,City of Manila - Sampaloc,133906150,19.90706100292447,96.37357586437749,76.46651486145302,10363.332867365,9,43,34,33.20353802010317,64.03159510712949,77.15641724721995,600.646559479169,19.217158617157537,-567.4430214590659,0.0347842488682389
Barangay 545,545,1380606151.0,City of Manila - Sampaloc,133906151,16.83050274226384,30.23780810973069,13.40730536746685,1451.080364067852,157,282,125,862.9724116801913,64.03159510712949,77.15641724721995,600.646559479169,-46.918609137489256,262.32585220102226,0.034544336488621374
Barangay 546,546,1380606152.0,City of Manila - Sampaloc,133906152,0.0,0.0,0.0,0.0,0,0,0,481.702800007737,64.03159510712949,77.15641724721995,600.646559479169,-77.15641724721995,-118.94375947143203,0.03445012726364605
Barangay 547,547,1380606153.0,City of Manila - Sampaloc,133906153,0.0,0.0,0.0,0.0,0,0,0,418.996790003771,64.03159510712949,77.15641724721995,600.646559479169,-77.15641724721995,-181.649769475398,0.034719351998455564
Barangay 548,548,1380606154.0,City of Manila - Sampaloc,133906154,5.832625849011227,49.95280242817416,44.12017657916293,6409.531250256465,45,385,340,530.7198734879951,64.03159510712949,77.15641724721995,600.646559479169,-27.20361481904579,-69.92668599117394,0.03475937309989066
Barangay 549,549,1380606155.0,City of Manila - Sampaloc,133906155,0.0,0.0,0.0,0.0,0,0,0,552.5422343435438,64.03159510712949,77.15641724721995,600.646559479169,-77.15641724721995,-48.10432513562523,0.03435779802143842
Barangay 550,550,1380606156.0,City of Manila - Sampaloc,133906156,8.34465878782908,39.542708320026215,31.198049532197135,3783.668407964092,55,260,205,541.7260798940508,64.03159510712949,77.15641724721995,600.646559479169,-37.613708927193734,-58.92047958511819,0.03456457505107252
Barangay 551,551,1380606157.0,City of Manila - Sampaloc,133906157,3.0661854474972947,18.329427566367592,15.263242118870297,1876.7959314838108,18,108,90,480.6370229671481,64.03159510712949,77.15641724721995,600.646559479169,-58.82698968085236,-120.00953651202093,0.034586548333712205
Barangay 552,552,1380606158.0,City of Manila - Sampaloc,133906158,0.0,0.8481976203126135,0.8481976203126135,143.24287894093513,0,8,8,557.7953782009248,64.03159510712949,77.15641724721995,600.646559479169,-76.30821962690733,-42.85118127824421,0.03443484367447848
Barangay 553,553,1380606159.0,City of Manila - Sampaloc,133906159,1.9613439300582431,4.907952146576043,2.9466082165177996,310.22652757801916,29,71,42,1381.0451286244054,64.03159510712949,77.15641724721995,600.646559479169,-72.24846510064391,780.3985691452364,0.034570532898906374
Barangay 554,554,1380606160.0,City of Manila - Sampaloc,133906160,0.0,3.3444130990345995,3.3444130990345995,929.2132944611916,0,53,53,569.0315819942817,64.03159510712949,77.15641724721995,600.646559479169,-73.81200414818535,-31.614977484887277,0.03466000663510164
Barangay 555,555,1380606161.0,City of Manila - Sampaloc,133906161,20.01574329214388,27.15929331724694,7.14355002510306,1237.8912236344772,230,313,83,664.2123251147202,64.03159510712949,77.15641724721995,600.646559479169,-49.99712392997301,63.5657656355512,0.033921398659838294
Barangay 556,556,1380606162.0,City of Manila - Sampaloc,133906162,14.662562411898833,18.940114099649254,4.277551687750421,585.7566466431529,133,172,39,663.8071469522587,64.03159510712949,77.15641724721995,600.646559479169,-58.2163031475707,63.16058747308966,0.03394135923454733
Barangay 557,557,1380606163.0,City of Manila - Sampaloc,133906163,18.41788516991187,25.099815509739777,6.6819303398279075,818.8346673208862,249,339,90,1103.2715369764726,64.03159510712949,77.15641724721995,600.646559479169,-52.05660173748017,502.6249774973036,0.03291960027851584
Barangay 558,558,1380606164.0,City of Manila - Sampaloc,133906164,29.89013336720901,45.58757185388429,15.697438486675281,2219.0750228140014,358,546,188,847.4490999042362,64.03159510712949,77.15641724721995,600.646559479169,-31.568845393335657,246.80254042506715,0.034831416960701564
Barangay 559,559,1380606165.0,City of Manila - Sampaloc,133906165,60.83696252587426,72.53095551902251,11.69399299314825,1653.1183358301678,934,1113,179,1085.8435754672237,64.03159510712949,77.15641724721995,600.646559479169,-4.625461728197436,485.19701598805466,0.033998003424727745
Barangay 560,560,1380606166.0,City of Manila - Sampaloc,133906166,13.19861403526897,19.69909309390422,6.500479058635252,986.8437097187548,150,223,73,746.323120966413,64.03159510712949,77.15641724721995,600.646559479169,-57.457324153315724,145.67656148724393,0.03375106894484817
Barangay 561,561,1380606167.0,City of Manila - Sampaloc,133906167,44.505609001993854,52.54569757825425,8.040088576260395,1735.2384381634638,1062,1254,192,1105.9973666700005,64.03159510712949,77.15641724721995,600.646559479169,-24.6107196689657,505.35080719083146,0.03406662461465396
Barangay 562,562,1380606168.0,City of Manila - Sampaloc,133906168,36.13034175563413,43.45687289314936,7.326531137515232,1587.091964984571,817,983,166,1043.7509147167132,64.03159510712949,77.15641724721995,600.646559479169,-33.69954435407059,443.10435523754415,0.034109947718076475
Barangay 563,563,1380606169.0,City of Manila - Sampaloc,133906169,30.22524788832613,40.61228935629594,10.387041467969809,1400.3951964256394,468,629,161,1148.9276223563215,64.03159510712949,77.15641724721995,600.646559479169,-36.54412789092401,548.2810628771525,0.034259577842481785
Barangay 564,564,1380606170.0,City of Manila - Sampaloc,133906170,27.688892513892743,35.641122849760734,7.952230335867991,1280.4396596764573,402,517,115,901.1503298999702,64.03159510712949,77.15641724721995,600.646559479169,-41.515294397459215,300.5037704208012,0.03405781095254261
Barangay 565,565,1380606171.0,City of Manila - Sampaloc,133906171,61.79466833962605,75.246084804453,13.451416464826956,4346.056171271259,1643,2000,357,822.6737887065029,64.03159510712949,77.15641724721995,600.646559479169,-1.9103324427669435,222.02722922733392,0.034158782035590564
Barangay 566,566,1380606172.0,City of Manila - Sampaloc,133906172,89.79464023852707,97.1795314422959,7.384891203768831,2101.0950922923403,1955,2116,161,765.1680406841785,64.03159510712949,77.15641724721995,600.646559479169,20.023114195075948,164.52148120500954,0.033917566791982
Barangay 567,567,1380606173.0,City of Manila - Sampaloc,133906173,65.95817341943075,73.88241654412344,7.924243124692694,2792.48337158902,1607,1801,194,691.5486298450971,64.03159510712949,77.15641724721995,600.646559479169,-3.2740007030965046,90.90207036592813,0.03420263554846342
Barangay 568,568,1380606174.0,City of Manila - Sampaloc,133906174,64.00885776080793,74.7055582538353,10.696700493027379,2242.7405497711807,1204,1405,201,897.1387095773222,64.03159510712949,77.15641724721995,600.646559479169,-2.4508589933846423,296.49215009815316,0.033814816541514296
Barangay 569,569,1380606175.0,City of Manila - Sampaloc,133906175,24.955015263558018,37.310077646085794,12.355062382527777,2555.3631052777446,526,786,260,1018.7247513365256,64.03159510712949,77.15641724721995,600.646559479169,-39.846339601134154,418.0781918573566,0.03391026851051143
Barangay 570,570,1380606176.0,City of Manila - Sampaloc,133906176,5.46314981645692,8.133805647786367,2.670655831329447,1032.5895652889762,104,154,50,490.63386676914024,64.03159510712949,77.15641724721995,600.646559479169,-69.02261159943359,-110.01269271002877,0.0340725021804155
Barangay 571,571,1380606177.0,City of Manila - Sampaloc,133906177,37.82871310989581,40.55134285794775,2.7226297480519435,599.9999998897347,928,994,66,1112.6480239083671,64.03159510712949,77.15641724721995,600.646559479169,-36.6050743892722,512.0014644291981,0.03416811342988118
Barangay 572,572,1380606178.0,City of Manila - Sampaloc,133906178,92.74872425952849,97.35911229686116,4.610388037332669,707.9756441723803,1500,1574,74,1053.001966625818,64.03159510712949,77.15641724721995,600.646559479169,20.202695049641207,452.3554071466491,0.03411324480754093
Barangay 573,573,1380606179.0,City of Manila - Sampaloc,133906179,0.0,0.0,0.0,0.0,0,0,0,455.6478532032057,64.03159510712949,77.15641724721995,600.646559479169,-77.15641724721995,-144.9987062759633,0.0344365881465103
Barangay 574,574,1380606180.0,City of Manila - Sampaloc,133906180,77.67422581609769,80.5469660799428,2.8727402638451167,499.9907011963478,810,840,30,599.264763928845,64.03159510712949,77.15641724721995,600.646559479169,3.390548832722857,-1.381795550324,0.03431804820890622
Barangay 575,575,1380606181.0,City of Manila - Sampaloc,133906181,92.12519857772068,95.73005814187836,3.604859564157678,536.8247932804625,993,1032,39,723.8932811606822,64.03159510712949,77.15641724721995,600.646559479169,18.57364089465841,123.24672168151324,0.0342443820705075
Barangay 576,576,1380606182.0,City of Manila - Sampaloc,133906182,46.32494387402637,55.98905756040675,9.664113686380382,3549.0093038945306,978,1182,204,575.107201979934,64.03159510712949,77.15641724721995,600.646559479169,-21.1673596868132,-25.539357499235052,0.034371475315506536
Barangay 577,577,1380606183.0,City of Manila - Sampaloc,133906183,5.337994333334003,7.538300707153287,2.2003063738192834,263.1845058710113,43,60,17,669.6615363417453,64.03159510712949,77.15641724721995,600.646559479169,-69.61811654006667,69.0149768625763,0.03442583895702538
Barangay 578,578,1380606184.0,City of Manila - Sampaloc,133906184,2.2288070897494063,4.689553894921741,2.460746805172335,622.5287146108475,26,56,30,468.80499524568205,64.03159510712949,77.15641724721995,600.646559479169,-72.4668633522982,-131.84156423348696,0.033670616475231056
Barangay 579,579,1380606185.0,City of Manila - Sampaloc,133906185,20.8944480048023,33.055258126755604,12.160810121953304,3650.046681347537,307,485,178,489.09153272628186,64.03159510712949,77.15641724721995,600.646559479169,-44.101159120464345,-111.55502675288716,0.033833444772118
Barangay 580,580,1380606186.0,City of Manila - Sampaloc,133906186,6.161597889496055,7.061970445010211,0.9003725555141564,204.5770594473397,116,133,17,831.3756009402631,64.03159510712949,77.15641724721995,600.646559479169,-70.09444680220973,230.72904146109408,0.03402735923220453
Barangay 581,581,1380606187.0,City of Manila - Sampaloc,133906187,6.057744144231516,8.912026536270758,2.8542823920392424,5155.726303775473,134,197,63,122.45942238181617,64.03159510712949,77.15641724721995,600.646559479169,-68.24439071094919,-478.18713709735283,0.033827251887109396
Barangay 582,582,1380606188.0,City of Manila - Sampaloc,133906188,16.56649618422998,42.4700952504991,25.90359906626912,3463.372451305758,210,539,329,949.1230780767534,64.03159510712949,77.15641724721995,600.646559479169,-34.68632199672085,348.47651859758435,0.03364181372424351
Barangay 583,583,1380606189.0,City of Manila - Sampaloc,133906189,80.39426628389076,92.16303057325828,11.768764289367525,1284.7839949143909,987,1132,145,1124.8616580335213,64.03159510712949,77.15641724721995,600.646559479169,15.006613326038334,524.2150985543523,0.03370236700915251
Barangay 584,584,1380606190.0,City of Manila - Sampaloc,133906190,37.762635741337554,48.23051962041413,10.467883879076574,10503.191416565576,1316,1681,365,347.42814593388704,64.03159510712949,77.15641724721995,600.646559479169,-28.92589762680582,-253.21841354528198,0.033492219530813064
Barangay 585,585,1380606191.0,City of Manila - Sampaloc,133906191,16.932510527375896,22.26199975016917,5.329489222793274,3634.0992315453095,193,253,60,166.89028970075142,64.03159510712949,77.15641724721995,600.646559479169,-54.89441749705078,-433.7562697784176,0.032815225473011286
Barangay 586,586,1380606192.0,City of Manila - Sampaloc,133906192,7.438425801907952,14.10019700398851,6.661771202080558,7344.572029985458,510,967,457,622.1341214780218,64.03159510712949,77.15641724721995,600.646559479169,-63.05622024323144,21.48756199885281,0.033107564619689916
Barangay 587,587,1380606193.0,City of Manila - Sampaloc,133906193,2.4109006944612195,4.299139262315603,1.8882385678543838,1385.1426962304677,65,115,50,366.02153471164536,64.03159510712949,77.15641724721995,600.646559479169,-72.85727798490434,-234.62502476752366,0.0332182448436413
Barangay 587-A,587,1380606194.0,City of Manila - Sampaloc,133906194,3.934253690057215,29.769999991589923,25.83574630153271,5669.843188372635,48,365,317,559.106480704616,64.03159510712949,77.15641724721995,600.646559479169,-47.38641725563002,-41.54007877455297,0.03300244569479864
Barangay 588,588,1380606195.0,City of Manila - Sampaloc,133906195,50.76709443702091,94.0881844788304,43.32109004180949,8437.689897982027,526,976,450,532.4202585840529,64.03159510712949,77.15641724721995,600.646559479169,16.93176723161045,-68.22630089511608,0.03305014803682414
Barangay 589,589,1380606196.0,City of Manila - Sampaloc,133906196,2.436228826356354,10.195840887258964,7.75961206090261,2548.2908548050705,14,57,43,170.21695674438084,64.03159510712949,77.15641724721995,600.646559479169,-66.96057635996098,-430.4296027347882,0.032779605692923396
Barangay 590,590,1380606197.0,City of Manila - Sampaloc,133906197,11.647960752401916,17.144485500858778,5.496524748456862,1990.1261177824763,332,489,157,788.2456037296482,64.03159510712949,77.15641724721995,600.646559479169,-60.01193174636117,187.5990442504792,0.033206609581118464
Barangay 591,591,1380606198.0,City of Manila - Sampaloc,133906198,3.549041121044737,4.21670219701998,0.6676610759752428,445.28511506825953,74,88,14,312.6251689762822,64.03159510712949,77.15641724721995,600.646559479169,-72.93971505019996,-288.0213905028868,0.03324771307776608
Barangay 592,592,1380606199.0,City of Manila - Sampaloc,133906199,27.390587884378025,41.08513005438702,13.694542170008997,4422.180221443616,580,871,291,656.2087794960091,64.03159510712949,77.15641724721995,600.646559479169,-36.071287192832926,55.562220016840115,0.03349400553478051
Barangay 593,593,1380606200.0,City of Manila - Sampaloc,133906200,14.300499675674704,20.903361649713364,6.60286197403866,2895.216002199808,233,340,107,371.2834995926873,64.03159510712949,77.15641724721995,600.646559479169,-56.25305559750659,-229.36305988648172,0.03363950540941574
Barangay 594,594,1380606201.0,City of Manila - Sampaloc,133906201,67.35755362543081,94.40115117333453,27.043597547903715,8211.351521192992,462,648,186,225.9300173665761,64.03159510712949,77.15641724721995,600.646559479169,17.244733926114577,-374.71654211259295,0.03282844503303653
Barangay 595,595,1380606202.0,City of Manila - Sampaloc,133906202,55.92385077077231,95.06823094302726,39.14438017225495,19058.25417954798,2365,4020,1655,868.6083320586318,64.03159510712949,77.15641724721995,600.646559479169,17.91181369580731,267.96177257946283,0.03263972261204252
Barangay 596,596,1380606203.0,City of Manila - Sampaloc,133906203,85.29969455259018,95.91535072666989,10.615656174079703,2363.478923910341,2104,2366,262,1108.062505508854,64.03159510712949,77.15641724721995,600.646559479169,18.758933479449936,507.41594602968496,0.033189908036494964
Barangay 597,597,1380606204.0,City of Manila - Sampaloc,133906204,98.41693127548342,100.0,1.583068724516579,481.8085970843931,1520,1544,24,507.3089449720818,64.03159510712949,77.15641724721995,600.646559479169,22.84358275278005,-93.33761450708721,0.03271311302116618
Barangay 598,598,1380606205.0,City of Manila - Sampaloc,133906205,99.99027516789592,100.0,0.009724832104083703,7.470509730890626,10509,10510,1,1368.152764613091,64.03159510712949,77.15641724721995,600.646559479169,22.84358275278005,767.506205133922,0.03257682322108619
Barangay 599,599,1380606206.0,City of Manila - Sampaloc,133906206,56.53937336046472,68.93530842882578,12.395935068361055,4458.691108679272,2588,3155,567,1272.4854318220462,64.03159510712949,77.15641724721995,600.646559479169,-8.221108818394171,671.8388723428772,0.032782331104792874
Barangay 600,600,1380606207.0,City of Manila - Sampaloc,133906207,22.524339300594168,31.80690388705687,9.282564586462701,5912.053212905528,1414,1996,582,985.4000504844719,64.03159510712949,77.15641724721995,600.646559479169,-45.34951336016308,384.75349100530286,0.03260430396288969
Barangay 601,601,1380606208.0,City of Manila - Sampaloc,133906208,56.83468545149625,65.06071331624867,8.226027864752417,9568.600564581342,4413,5052,639,667.5490939212098,64.03159510712949,77.15641724721995,600.646559479169,-12.095703930971283,66.90253444204075,0.03238014380850926
Barangay 602,602,1380606209.0,City of Manila - Sampaloc,133906209,61.31008859381887,84.21837330456582,22.908284710746948,30996.596016104406,1243,1707,464,149.80707263648733,64.03159510712949,77.15641724721995,600.646559479169,7.061956057345867,-450.8394868426817,0.03209523731229814
Barangay 603,603,1380606210.0,City of Manila - Sampaloc,133906210,3.5710429121113205,4.839047339932912,1.2680044278215914,603.6352910304001,26,36,10,155.2353359858418,64.03159510712949,77.15641724721995,600.646559479169,-72.31736990728703,-445.4112234933272,0.03259245288731935
Barangay 604,604,1380606211.0,City of Manila - Sampaloc,133906211,76.73453531702785,92.1521599907478,15.417624673719956,3083.875814360228,1213,1457,244,790.4100578773804,64.03159510712949,77.15641724721995,600.646559479169,14.995742743527856,189.76349839821137,0.03228592008982688
Barangay 605,605,1380606212.0,City of Manila - Sampaloc,133906212,4.027449058645663,13.89156100029977,9.864111941654107,3793.8327502649763,90,311,221,582.9286747457143,64.03159510712949,77.15641724721995,600.646559479169,-63.264856246920175,-17.717884733454753,0.032474894293282215
Barangay 606,606,1380606213.0,City of Manila - Sampaloc,133906213,50.6649535885332,73.81422092487001,23.149267336336813,7113.301531598085,224,327,103,144.16829350538265,64.03159510712949,77.15641724721995,600.646559479169,-3.3421963223499347,-456.4782659737864,0.03234891192514479
Barangay 607,607,1380606214.0,City of Manila - Sampaloc,133906214,28.344327182651277,75.56874764474655,47.224420462095274,22197.146988968514,409,1090,681,306.99818657176957,64.03159510712949,77.15641724721995,600.646559479169,-1.5876696024733974,-293.64837290739945,0.032018427685987914
Barangay 608,608,1380606215.0,City of Manila - Sampaloc,133906215,99.37955303126368,100.0,0.6204469687363172,160.08638590437477,816,821,5,318.19505353615176,64.03159510712949,77.15641724721995,600.646559479169,22.84358275278005,-282.45150594301725,0.03211611643951312
Barangay 609,609,1380606216.0,City of Manila - Sampaloc,133906216,93.52416534427856,100.0,6.475834655721442,1857.0024798678896,803,859,56,299.55490256859764,64.03159510712949,77.15641724721995,600.646559479169,22.84358275278005,-301.0916569105714,0.032471735988542874
Barangay 610,610,1380606217.0,City of Manila - Sampaloc,133906217,84.59280334844607,100.0,15.407196651553932,4503.842949461381,838,991,153,339.01119672736235,64.03159510712949,77.15641724721995,600.646559479169,22.84358275278005,-261.63536275180667,0.03269003113048773
Barangay 611,611,1380606218.0,City of Manila - Sampaloc,133906218,61.72466115718657,97.10233758758132,35.37767643039475,11240.711156577083,478,752,274,243.59954789073828,64.03159510712949,77.15641724721995,600.646559479169,19.94592034036137,-357.04701158843073,0.032799079392357704
Barangay 612,612,1380606219.0,City of Manila - Sampaloc,133906219,85.20716359375714,99.49924937498116,14.292085781224017,3132.1623510509307,612,714,102,327.62406417010067,64.03159510712949,77.15641724721995,600.646559479169,22.342832127761213,-273.02249530906835,0.032463127680753344
Barangay 613,613,1380606220.0,City of Manila - Sampaloc,133906220,89.40402547966941,100.0,10.595974520330586,2768.196293236848,518,579,61,221.62695840104877,64.03159510712949,77.15641724721995,600.646559479169,22.84358275278005,-379.0196010781202,0.03258729509455993
Barangay 614,614,1380606221.0,City of Manila - Sampaloc,133906221,98.29129453511835,100.0,1.7087054648816462,282.69375083019077,399,406,7,245.40139875913331,64.03159510712949,77.15641724721995,600.646559479169,22.84358275278005,-355.2451607200357,0.03266825572304685
Barangay 615,615,1380606222.0,City of Manila - Sampaloc,133906222,9.469136343441887,54.96424969350336,45.49511335006147,9257.025655329062,178,1031,853,921.4983376680829,64.03159510712949,77.15641724721995,600.646559479169,-22.192167553716587,320.85177818891384,0.033217444876320924
Barangay 616,616,1380606223.0,City of Manila - Sampaloc,133906223,88.83765645405569,99.99999999999996,11.162343545944267,3505.199540762598,992,1117,125,355.7097847304615,64.03159510712949,77.15641724721995,600.646559479169,22.84358275278001,-244.93677474870753,0.03275948822837257
Barangay 617,617,1380606224.0,City of Manila - Sampaloc,133906224,89.6974727628051,100.0,10.302527237194894,3221.0900381154643,1166,1300,134,415.7997836095653,64.03159510712949,77.15641724721995,600.646559479169,22.84358275278005,-184.84677586960373,0.03227499242414181
Barangay 618,618,1380606225.0,City of Manila - Sampaloc,133906225,98.80429957783484,99.03303575589774,0.2287361780629027,91.8946847395564,740,742,2,186.4345014672546,64.03159510712949,77.15641724721995,600.646559479169,21.876618508677794,-414.21205801191445,0.032287485165404556
Barangay 619,619,1380606226.0,City of Manila - Sampaloc,133906226,78.72222865708252,99.96572831507254,21.243499657990014,42706.160353504965,1014,1288,274,64.06950972178774,64.03159510712949,77.15641724721995,600.646559479169,22.80931106785259,-536.5770497573812,0.03302144332172512
Barangay 620,620,1380606227.0,City of Manila - Sampaloc,133906227,96.43544946428436,100.0,3.5645505357156395,800.0000003437162,710,736,26,327.9386491449438,64.03159510712949,77.15641724721995,600.646559479169,22.84358275278005,-272.70791033422523,0.03250272781724561
Barangay 621,621,1380606228.0,City of Manila - Sampaloc,133906228,30.49839082801709,61.75894771770463,31.26055688968754,24799.876014972713,631,1278,647,260.926113995834,64.03159510712949,77.15641724721995,600.646559479169,-15.39746952951532,-339.720445483335,0.03324194493620501
Barangay 622,622,1380606229.0,City of Manila - Sampaloc,133906229,96.78468572820869,100.0,3.215314271791314,797.8346966584977,1189,1229,40,495.2932301116734,64.03159510712949,77.15641724721995,600.646559479169,22.84358275278005,-105.35332936749563,0.0327494702947146
Barangay 623,623,1380606230.0,City of Manila - Sampaloc,133906230,100.0,100.0,0.0,0.0,980,980,0,387.4112220374605,64.03159510712949,77.15641724721995,600.646559479169,22.84358275278005,-213.2353374417085,0.03261655917101652
Barangay 624,624,1380606231.0,City of Manila - Sampaloc,133906231,99.58714704542106,100.0,0.41285295457893767,100.00000003083915,1504,1510,6,623.4079612219123,64.03159510712949,77.15641724721995,600.646559479169,22.84358275278005,22.76140174274326,0.03278720266396565
Barangay 625,625,1380606232.0,City of Manila - Sampaloc,133906232,99.4781400312693,100.0,0.5218599687306948,167.3586536327748,790,794,4,247.5861308500867,64.03159510712949,77.15641724721995,600.646559479169,22.84358275278005,-353.0604286290823,0.0328384972746934
Barangay 626,626,1380606233.0,City of Manila - Sampaloc,133906233,84.03677173759228,100.0,15.963228262407725,5241.0577210059855,1262,1502,240,457.47958000993424,64.03159510712949,77.15641724721995,600.646559479169,22.84358275278005,-143.16697946923478,0.03420544596985113
Barangay 627,627,1380606234.0,City of Manila - Sampaloc,133906234,64.57977480189267,96.5951302446445,32.015355442751826,12896.735920436866,1045,1563,518,401.6585702455616,64.03159510712949,77.15641724721995,600.646559479169,19.438712997424545,-198.98798923360744,0.0340449831611262
Barangay 628,628,1380606235.0,City of Manila - Sampaloc,133906235,49.36508606616621,85.6499466631475,36.2848605969813,66751.22050961552,8036,13943,5907,884.8995436318215,64.03159510712949,77.15641724721995,600.646559479169,8.493529415927554,284.2529841526525,0.03410226015696812
Barangay 629,629,1380606236.0,City of Manila - Sampaloc,133906236,52.272109526183776,80.71392399785738,28.441814471673602,11201.227800370489,857,1324,467,416.42377572217526,64.03159510712949,77.15641724721995,600.646559479169,3.5575067506374296,-184.22278375699375,0.03372603785430814
Barangay 630,630,1380606237.0,City of Manila - Sampaloc,133906237,54.69110236450481,76.56510989992373,21.87400753541892,55817.03869754204,3583,5017,1434,256.76478135766075,64.03159510712949,77.15641724721995,600.646559479169,-0.5913073472962225,-343.88177812150826,0.033581435994340915
Barangay 631,631,1380606238.0,City of Manila - Sampaloc,133906238,64.91898145182977,95.00460949160968,30.08562803977992,14716.817155595952,678,993,315,213.6296250009153,64.03159510712949,77.15641724721995,600.646559479169,17.848192244389736,-387.0169344782537,0.034389972997806814
Barangay 632,632,1380606239.0,City of Manila - Sampaloc,133906239,64.75342217555207,88.97733196227134,24.22390978671926,3554.5508922303707,373,513,140,392.53825476656056,64.03159510712949,77.15641724721995,600.646559479169,11.820914715051387,-208.10830471260846,0.034488947256398485
Barangay 633,633,1380606240.0,City of Manila - Sampaloc,133906240,87.94910731953593,94.00967258732332,6.060565267787396,941.8526281699833,482,515,33,352.6230821482718,64.03159510712949,77.15641724721995,600.646559479169,16.853255340103374,-248.0234773308972,0.03464992414465346
Barangay 634,634,1380606241.0,City of Manila - Sampaloc,133906241,89.45323431044952,97.91922784751868,8.465993537069167,5017.2985300739165,859,940,81,161.98664972535863,64.03159510712949,77.15641724721995,600.646559479169,20.762810600298735,-438.6599097538104,0.034743293821565206
Barangay 635,635,1380606242.0,City of Manila - Sampaloc,133906242,95.43416119980176,99.67887728177264,4.2447160819708785,2257.577019837241,690,721,31,135.93909312056115,64.03159510712949,77.15641724721995,600.646559479169,22.522460034552694,-464.70746635860786,0.03468982477130273
Barangay 636,636,1380606243.0,City of Manila - Sampaloc,133906243,85.11875268298587,97.26463526266367,12.145882579677803,10342.422980667761,1724,1970,246,237.81092950676774,64.03159510712949,77.15641724721995,600.646559479169,20.108218015443725,-362.8356299724013,0.0347257395881977
Barangay 637,637,1380607001.0,City of Manila - San Miguel,133907001,94.2215087085212,99.7189555222582,5.497446813737,1717.8983809642705,1244,1316,72,422.4132157374554,93.37400565383761,99.65595300660594,356.86574946640707,0.06300251565225778,65.54746627104834,0.035156827383815266
Barangay 638,638,1380607002.0,City of Manila - San Miguel,133907002,98.551134725865,99.7510682635369,1.199933537671896,1504.7935452774545,816,826,10,66.02533432645289,93.37400565383761,99.65595300660594,356.86574946640707,0.0951152569309528,-290.8404151399542,0.035455551778772264
Barangay 639,639,1380607003.0,City of Manila - San Miguel,133907003,97.98711480989164,100.0,2.0128851901083635,609.5855980166561,465,475,10,156.8476139220312,93.37400565383761,99.65595300660594,356.86574946640707,0.3440469933940591,-200.01813554437587,0.03524947206165055
Barangay 640,640,1380607004.0,City of Manila - San Miguel,133907004,99.1778909217378,100.0,0.8221090782622014,867.7810112004809,2161,2179,18,206.43176774001964,93.37400565383761,99.65595300660594,356.86574946640707,0.3440469933940591,-150.43398172638743,0.03508298594804564
Barangay 641,641,1380607005.0,City of Manila - San Miguel,133907005,93.38234084507847,99.77277031841906,6.390429473340589,5624.6432526498975,752,803,51,91.45994679067992,93.37400565383761,99.65595300660594,356.86574946640707,0.11681731181312216,-265.40580267572716,0.03581341807002115
Barangay 642,642,1380607006.0,City of Manila - San Miguel,133907006,99.20882153169823,99.82154041154853,0.6127188798502914,343.3376065462362,1344,1353,9,241.81274243411858,93.37400565383761,99.65595300660594,356.86574946640707,0.16558740494258473,-115.05300703228849,0.03564219652538238
Barangay 643,643,1380607007.0,City of Manila - San Miguel,133907007,96.6987002812878,99.69679735750688,2.998097076219082,3955.2387177170895,637,657,20,49.95263533344312,93.37400565383761,99.65595300660594,356.86574946640707,0.040844350900940185,-306.9131141329639,0.03546579029029693
Barangay 644,644,1380607008.0,City of Manila - San Miguel,133907008,90.662405034446,100.0,9.337594965554004,2335.1756839209374,666,735,69,293.9021824755589,93.37400565383761,99.65595300660594,356.86574946640707,0.3440469933940591,-62.963566990848165,0.03624341307797444
Barangay 645,645,1380607009.0,City of Manila - San Miguel,133907009,98.37427735565367,100.0,1.6257226443463253,1368.2586777946854,1688,1716,28,203.8898128674551,93.37400565383761,99.65595300660594,356.86574946640707,0.3440469933940591,-152.97593659895196,0.03586744234366031
Barangay 646,646,1380607010.0,City of Manila - San Miguel,133907010,92.41485489264603,99.71247381505468,7.297618922408645,5076.142143393867,896,967,71,139.45019967473996,93.37400565383761,99.65595300660594,356.86574946640707,0.05652080844873808,-217.4155497916671,0.03620131065311223
Barangay 647,647,1380607011.0,City of Manila - San Miguel,133907011,97.23280448068417,100.0,2.767195519315834,3203.1428881214088,2935,3019,84,260.81144565218506,93.37400565383761,99.65595300660594,356.86574946640707,0.3440469933940591,-96.05430381422201,0.036549752241028945
Barangay 648,648,1380607012.0,City of Manila - San Miguel,133907012,62.57621425854136,97.39783039094698,34.821616132405616,14719.93893869915,5686,8850,3164,2149.392096642745,93.37400565383761,99.65595300660594,356.86574946640707,-2.258122615658962,1792.5263471763378,0.03631927759238027
Barangay 649,649,1380613001.0,City of Manila - Port Area,133913001,10.831891639556012,17.449150384418363,6.617258744862351,72958.76424559309,7557,12174,4617,632.7951551046016,24.025990657517404,36.70137413299868,243.38902954869096,-19.252223748580317,389.40612555591065,0.03925609066853888
Barangay 650,650,1380613002.0,City of Manila - Port Area,133913002,30.111880177383348,46.46241001001306,16.35052983262971,17313.319916971042,1472,2272,800,461.71237368154493,24.025990657517404,36.70137413299868,243.38902954869096,9.761035877014379,218.32334413285398,0.03853042599677172
Barangay 651,651,1380613003.0,City of Manila - Port Area,133913003,33.075864174551484,46.24305517558884,13.16719100103736,22898.04977816277,672,940,268,116.9047126914612,24.025990657517404,36.70137413299868,243.38902954869096,9.541681042590163,-126.48431685722976,0.03831982347604427
Barangay 652,652,1380613004.0,City of Manila - Port Area,133913004,30.2568119793401,47.18484657041355,16.928034591073448,16109.344504917673,10,16,6,3.572790785626313,24.025990657517404,36.70137413299868,243.38902954869096,10.483472437414868,-239.81623876306463,0.038193700587354926
Barangay 653,653,1380613005.0,City of Manila - Port Area,133913005,15.853505316756088,26.167408524559598,10.31390320780351,30518.935852965784,9,15,6,1.9601154802206857,24.025990657517404,36.70137413299868,243.38902954869096,-10.533965608439082,-241.42891406847028,0.038234605497836215
Barangay 654,654,1380609001.0,City of Manila - Intramuros,133909001,32.10268687835244,59.86231689401874,27.759630015666296,24098.03584380371,479,893,414,171.87030616034087,31.32375927248695,48.66888308099067,82.85368057504408,11.193433813028072,89.0166255852968,0.037502365258144564
Barangay 655,655,1380609002.0,City of Manila - Intramuros,133909002,15.08163681002348,24.395624358656526,9.313987548633046,18647.553676580887,258,418,160,85.61002121370025,31.32375927248695,48.66888308099067,82.85368057504408,-24.27325872233414,2.7563406386561695,0.037882644865994984
Barangay 656,656,1380609003.0,City of Manila - Intramuros,133909003,38.36710162426938,50.69945375125234,12.332352126982961,39601.38561576296,199,263,64,16.16228991582683,31.32375927248695,48.66888308099067,82.85368057504408,2.0305706702616746,-66.69139065921725,0.03803884030982227
Barangay 657,657,1380609004.0,City of Manila - Intramuros,133909004,39.931730391513256,63.40536647158805,23.473636080074797,76655.3538263716,367,583,216,28.14189809422977,31.32375927248695,48.66888308099067,82.85368057504408,14.736483390597385,-54.71178248081431,0.03740437017965317
Barangay 658,658,1380609005.0,City of Manila - Intramuros,133909005,31.1356406582762,44.98165392943768,13.846013271161478,34379.95959146244,870,1256,386,112.48388749112264,31.32375927248695,48.66888308099067,82.85368057504408,-3.687229151552991,29.630206916078563,0.03751638418596768
Barangay 659,659,1380608001.0,City of Manila - Ermita,133908001,89.17130490201848,99.28758584872328,10.116280946704805,14199.999998793064,391,436,45,31.274981239301916,64.11941995587456,81.94071351547835,108.73278095946941,17.34687233324493,-77.45779972016749,0.036759855969596494
Barangay 659-A,659,1380608002.0,City of Manila - Ermita,133908002,80.6985670841739,94.25206079945193,13.553493715278023,48166.92639332928,2862,3343,481,99.80757712360287,64.11941995587456,81.94071351547835,108.73278095946941,12.311347283973575,-8.92520383586654,0.036968016582574086
Barangay 660,660,1380608003.0,City of Manila - Ermita,133908003,93.24387236035052,100.0,6.756127639649478,3804.0528717807683,361,387,26,68.73251988530815,64.11941995587456,81.94071351547835,108.73278095946941,18.05928648452165,-40.00026107416126,0.036804165551665206
Barangay 660-A,660,1380608004.0,City of Manila - Ermita,133908004,59.15397067853184,85.96505357017473,26.81108289164289,31090.235428137574,1833,2664,831,267.2464352135614,64.11941995587456,81.94071351547835,108.73278095946941,4.024340054696381,158.51365425409202,0.03658345876505363
Barangay 661,661,1380608005.0,City of Manila - Ermita,133908005,90.47246426979387,99.67675812521944,9.204293855425561,11253.039885760882,440,484,44,39.75180803719647,64.11941995587456,81.94071351547835,108.73278095946941,17.736044609741086,-68.98097292227294,0.03619049795133634
Barangay 662,662,1380611001.0,City of Manila - Paco,133911001,89.18564324240154,100.0,10.81435675759846,14325.279233327208,1563,1753,190,132.33645981549915,82.69434684161475,95.64784631971983,591.1896702928062,4.352153680280168,-458.8532104773071,0.03564030887944156
Barangay 663,663,1380608013.0,City of Manila - Ermita,133908013,93.70320110423664,100.0,6.296798895763359,3258.4958039296835,660,704,44,136.04272306477574,64.11941995587456,81.94071351547835,108.73278095946941,18.05928648452165,27.309942105306334,0.036400064341573925
Barangay 663-A,663,1380608014.0,City of Manila - Ermita,133908014,98.67163696456862,99.60149108937544,0.9298541248068233,699.9999999409192,183,184,1,24.57471615768263,64.11941995587456,81.94071351547835,108.73278095946941,17.660777573897093,-84.15806480178678,0.03615163793604112
Barangay 664,664,1380608015.0,City of Manila - Ermita,133908015,72.51267203918022,95.30079661055706,22.78812457137684,32572.462038068465,402,529,127,38.82853289485066,64.11941995587456,81.94071351547835,108.73278095946941,13.360083095078707,-69.90424806461874,0.03622103010485281
Barangay 664-A,664,1380611004.0,City of Manila - Paco,133911004,98.61215020237992,100.0,1.3878497976200777,2199.9999998778803,679,689,10,43.46493230060525,82.69434684161475,95.64784631971983,591.1896702928062,4.352153680280168,-547.724737992201,0.03588563533425817
Barangay 666,666,1380608008.0,City of Manila - Ermita,133908008,42.36201293495864,62.7429287862518,20.38091585129316,140883.2637615127,383,567,184,13.07774070364935,64.11941995587456,81.94071351547835,108.73278095946941,-19.197784729226548,-95.65504025582005,0.037322751707685786
Barangay 667,667,1380608009.0,City of Manila - Ermita,133908009,23.6053527704541,47.13671427533146,23.531361504877356,46865.71045812228,711,1419,708,151.13266701242432,64.11941995587456,81.94071351547835,108.73278095946941,-34.803999240146894,42.39988605295491,0.03726785122915247
Barangay 668,668,1380608010.0,City of Manila - Ermita,133908010,24.43789056921698,41.37961700975544,16.941726440538464,26423.007243571643,710,1202,492,186.26084024458555,64.11941995587456,81.94071351547835,108.73278095946941,-40.56109650572291,77.52805928511614,0.03703944476312556
Barangay 669,669,1380608011.0,City of Manila - Ermita,133908011,28.57136925286408,56.632326340115966,28.060957087251886,68907.58393307903,1068,2117,1049,152.22106422134226,64.11941995587456,81.94071351547835,108.73278095946941,-25.308387175362384,43.48828326187285,0.036587108459732974
Barangay 670,670,1380608012.0,City of Manila - Ermita,133908012,36.94814449602137,83.25394324626204,46.30579875024067,65732.53699271174,1073,2418,1345,204.57454667482074,64.11941995587456,81.94071351547835,108.73278095946941,1.3132297307836893,95.84176571535133,0.03683810743169696
Barangay 671,671,1380611005.0,City of Manila - Paco,133911005,94.11527383965486,99.70576369194777,5.5904898522929045,1899.9999997898667,1166,1235,69,364.5587856714168,82.69434684161475,95.64784631971983,591.1896702928062,4.057917372227934,-226.63088462138944,0.035669220460274806
Barangay 672,672,1380611006.0,City of Manila - Paco,133911006,95.2602865171984,99.89055944621906,4.630272929020663,4230.856629772679,3113,3264,151,357.6517300434361,82.69434684161475,95.64784631971983,591.1896702928062,4.2427131264992255,-233.53794024937014,0.03579611506827706
Barangay 673,673,1380611007.0,City of Manila - Paco,133911007,72.65546579779468,98.22874222256831,25.57327642477364,21717.018411136705,1845,2494,649,298.9846378230415,82.69434684161475,95.64784631971983,591.1896702928062,2.580895902848482,-292.2050324697647,0.03565895990334588
Barangay 674,674,1380611008.0,City of Manila - Paco,133911008,52.24846041191709,87.72184229582231,35.473381883905226,62731.93054156919,851,1429,578,92.115990357717,82.69434684161475,95.64784631971983,591.1896702928062,-7.926004023897519,-499.0736799350892,0.036113514914200395
Barangay 675,675,1380611009.0,City of Manila - Paco,133911009,30.714831138306035,99.06963304094486,68.35480190263883,58776.63753202909,628,2025,1397,237.70875802968112,82.69434684161475,95.64784631971983,591.1896702928062,3.4217867212250326,-353.4809122631251,0.03603729503484892
Barangay 676,676,1380611010.0,City of Manila - Paco,133911010,32.9358786664722,83.8740207949533,50.9381421284811,75178.55301648806,844,2151,1307,173.72693564450668,82.69434684161475,95.64784631971983,591.1896702928062,-11.773825524766536,-417.46273464829954,0.03629445951224898
Barangay 677,677,1380611011.0,City of Manila - Paco,133911011,97.0495961896261,99.84579213591417,2.7961959462880657,1813.2641692523393,2169,2232,63,344.6545763119929,82.69434684161475,95.64784631971983,591.1896702928062,4.197945816194334,-246.53509398081331,0.03556660934279671
Barangay 678,678,1380611012.0,City of Manila - Paco,133911012,96.40452071928448,100.0,3.595479280715523,2199.9999997709456,1287,1335,48,218.18022001159042,82.69434684161475,95.64784631971983,591.1896702928062,4.352153680280168,-373.0094502812158,0.035408716909399646
Barangay 679,679,1380611013.0,City of Manila - Paco,133911013,69.98761874326712,96.60089824886758,26.61327950560046,11996.252347733629,602,831,229,190.7880870740467,82.69434684161475,95.64784631971983,591.1896702928062,0.9530519291477475,-400.4015832187595,0.03550733238157878
Barangay 680,680,1380611014.0,City of Manila - Paco,133911014,99.47553841738896,100.0,0.524461582611039,199.99999994965037,1079,1085,6,284.5204086381222,82.69434684161475,95.64784631971983,591.1896702928062,4.352153680280168,-306.669261654684,0.03530093228599247
Barangay 681,681,1380611015.0,City of Manila - Paco,133911015,99.71466439246292,99.99999999999996,0.2853356075370357,99.999999992433,1449,1453,4,414.59263778272754,82.69434684161475,95.64784631971983,591.1896702928062,4.352153680280125,-176.5970325100787,0.03527888746331936
Barangay 682,682,1380611016.0,City of Manila - Paco,133911016,77.16616198321165,89.4044946050601,12.238332621848443,8316.356001120745,576,668,92,109.92836847399009,82.69434684161475,95.64784631971983,591.1896702928062,-6.243351714659738,-481.26130181881615,0.035053727710480875
Barangay 683,683,1380611017.0,City of Manila - Paco,133911017,93.85859780944295,97.37250070670976,3.513902897266803,684.9086387068346,816,846,30,445.83780159208857,82.69434684161475,95.64784631971983,591.1896702928062,1.7246543869899256,-145.35186870071766,0.03532774076795867
Barangay 684,684,1380611018.0,City of Manila - Paco,133911018,95.03676664725556,98.05963473981446,3.0228680925588947,902.3289959791837,2552,2633,81,899.4946260939975,82.69434684161475,95.64784631971983,591.1896702928062,2.4117884200946236,308.3049558011912,0.03543942575231858
Barangay 685,685,1380611019.0,City of Manila - Paco,133911019,81.20005888563098,93.30170782490336,12.10164893927238,5504.184852354818,706,811,105,191.06067856221398,82.69434684161475,95.64784631971983,591.1896702928062,-2.346138494816472,-400.12899173059225,0.03521852872532005
Barangay 686,686,1380611048.0,City of Manila - Paco,133911048,52.4671699432374,94.631854286515,42.16468434327759,18199.049598664278,1735,3129,1394,765.954538906838,82.69434684161475,95.64784631971983,591.1896702928062,-1.0159920332048387,174.7648686140318,0.035438594643714634
Barangay 687,687,1380611049.0,City of Manila - Paco,133911049,45.63506737774429,86.83836875701337,41.20330137926908,14172.547645493833,961,1829,868,612.2692607939871,82.69434684161475,95.64784631971983,591.1896702928062,-8.809477562706462,21.07959050118086,0.03565942191924962
Barangay 688,688,1380610059.0,City of Manila - Malate,133910059,27.45248013722098,69.2052721190851,41.752791981864114,19587.42691437765,208,523,315,161.14985840799596,38.030881329644494,66.56663111506354,787.4402573445532,2.638641004021551,-626.2903989365573,0.03557938223543699
Barangay 689,689,1380610004.0,City of Manila - Malate,133910004,3.9934629807763287,37.44518867473571,33.45172569395938,8237.664246149927,29,276,247,298.87683419800805,38.030881329644494,66.56663111506354,787.4402573445532,-29.121442440327833,-488.5634231465451,0.03566069813835107
Barangay 690,690,1380610005.0,City of Manila - Malate,133910005,9.906705399925611,47.4743394436521,37.567634043726486,4839.437880546887,54,258,204,422.2968333148172,38.030881329644494,66.56663111506354,787.4402573445532,-19.092291671411445,-365.14342402973597,0.035831628914110035
Barangay 691,691,1380610006.0,City of Manila - Malate,133910006,7.939273608086372,46.60844738189572,38.66917377380935,5673.33513103088,34,202,168,295.8122696831376,38.030881329644494,66.56663111506354,787.4402573445532,-19.95818373316782,-491.6279876614156,0.035640759917961395
Barangay 692,692,1380610007.0,City of Manila - Malate,133910007,40.44670299710111,64.87398023362626,24.427277236525143,9758.117976026379,1014,1627,613,627.8219986652833,38.030881329644494,66.56663111506354,787.4402573445532,-1.692650881437288,-159.61825867926984,0.035730909866131214
Barangay 693,693,1380610008.0,City of Manila - Malate,133910008,39.82974900987033,63.39053445911087,23.560785449240534,6561.98395525265,222,353,131,199.99069770236426,38.030881329644494,66.56663111506354,787.4402573445532,-3.1760966559526764,-587.4495596421889,0.035937290251278134
Barangay 694,694,1380610009.0,City of Manila - Malate,133910009,36.5261072153863,94.34806977914452,57.82196256375823,41335.50449199178,540,1394,854,206.74928664724922,38.030881329644494,66.56663111506354,787.4402573445532,27.78143866408098,-580.690970697304,0.03600546594005856
Barangay 695,695,1380610010.0,City of Manila - Malate,133910010,22.882330669422057,82.58193225622622,59.699601586804164,28447.856584940644,165,596,431,151.51620374974047,38.030881329644494,66.56663111506354,787.4402573445532,16.01530114116268,-635.9240535948127,0.03579134493534333
Barangay 696,696,1380610011.0,City of Manila - Malate,133910011,23.04914948223658,57.8820943618108,34.83294487957422,29073.935038965417,950,2385,1435,493.7294028357072,38.030881329644494,66.56663111506354,787.4402573445532,-8.684536753252743,-293.71085450884596,0.036162811558881805
Barangay 697,697,1380610012.0,City of Manila - Malate,133910012,45.834223658708325,71.35035304524827,25.516129386539944,21856.446406408868,1635,2546,911,416.5432383577176,38.030881329644494,66.56663111506354,787.4402573445532,4.783721930184726,-370.8970189868356,0.03633710920493156
Barangay 698,698,1380610013.0,City of Manila - Malate,133910013,65.2142689138378,79.47497231133931,14.260703397501516,12065.51628253929,1147,1398,251,207.903057679401,38.030881329644494,66.56663111506354,787.4402573445532,12.90834119627577,-579.5371996651522,0.036511905832701454
Barangay 699,699,1380610014.0,City of Manila - Malate,133910014,14.883051160129462,23.118874217236613,8.235823057107151,16103.838003924608,407,632,225,139.77105587865685,38.030881329644494,66.56663111506354,787.4402573445532,-43.447756897826935,-647.6692014658963,0.03680278582623087
Barangay 700,700,1380610015.0,City of Manila - Malate,133910015,16.91359234626379,37.60654115741407,20.69294881115028,8177.226365824962,24,53,29,35.427817501402544,38.030881329644494,66.56663111506354,787.4402573445532,-28.960089957649473,-752.0124398431507,0.0366558193546974
Barangay 701,701,1380610016.0,City of Manila - Malate,133910016,17.25497963984503,32.20129450883499,14.946314868989962,28612.988603952865,574,1072,498,173.84180510639453,38.030881329644494,66.56663111506354,787.4402573445532,-34.36533660622855,-613.5984522381586,0.03651442740035774
Barangay 702,702,1380610017.0,City of Manila - Malate,133910017,68.12100993067166,88.03358204476324,19.912572114091574,8654.547479156852,2433,3145,712,821.8535719266117,38.030881329644494,66.56663111506354,787.4402573445532,21.466950929699692,34.41331458205855,0.03632044671005324
Barangay 703,703,1380610018.0,City of Manila - Malate,133910018,17.68445465330607,38.911271872524864,21.226817219218795,12436.412611305648,150,330,180,144.7390140910398,38.030881329644494,66.56663111506354,787.4402573445532,-27.65535924253868,-642.7012432535134,0.03611536619100526
Barangay 704,704,1380610019.0,City of Manila - Malate,133910019,36.45882930391358,68.70562743476923,32.246798130855645,11561.975288917261,1947,3668,1721,1489.0678358884552,38.030881329644494,66.56663111506354,787.4402573445532,2.138996319705683,701.627578543902,0.03623134514420307
Barangay 705,705,1380610020.0,City of Manila - Malate,133910020,54.905798586506414,96.0662511458834,41.160452559376985,9417.41880177111,1480,2590,1110,1178.333282567945,38.030881329644494,66.56663111506354,787.4402573445532,29.499620030819855,390.89302522339176,0.036178988565308275
Barangay 706,706,1380610021.0,City of Manila - Malate,133910021,35.360963347723725,70.93719600946005,35.57623266173633,14280.156900548818,106,214,108,74.98829393653992,38.030881329644494,66.56663111506354,787.4402573445532,4.370564894396509,-712.4519634080133,0.036008228774737396
Barangay 707,707,1380610022.0,City of Manila - Malate,133910022,41.70797749865097,99.9281350250666,58.220157526415626,2558.5915986869395,451,1080,629,2459.790390867923,38.030881329644494,66.56663111506354,787.4402573445532,33.36150391000305,1672.35013352337,0.036042901843480635
Barangay 708,708,1380610023.0,City of Manila - Malate,133910023,12.431166900500733,47.439085353914976,35.00791845341424,7060.6674842269285,98,374,276,390.7030008553199,38.030881329644494,66.56663111506354,787.4402573445532,-19.127545761148568,-396.7372564892333,0.03582390894680497
Barangay 709,709,1380610024.0,City of Manila - Malate,133910024,26.370699020229853,51.34246026585084,24.971761245620986,10953.320909419348,1408,2741,1333,1217.2037539383855,38.030881329644494,66.56663111506354,787.4402573445532,-15.224170849212705,429.7634965938323,0.03630564559433011
Barangay 710,710,1380610025.0,City of Manila - Malate,133910025,40.70374618920938,85.67644417388126,44.97269798467188,4671.350317609317,304,640,336,719.1626213069543,38.030881329644494,66.56663111506354,787.4402573445532,19.10981305881772,-68.27763603759888,0.03602351682480405
Barangay 711,711,1380610026.0,City of Manila - Malate,133910026,21.147751673770134,62.3736793565415,41.22592768277137,3611.7410510079912,277,816,539,1493.0060778863303,38.030881329644494,66.56663111506354,787.4402573445532,-4.192951758522042,705.5658205417772,0.03595077693331961
Barangay 712,712,1380610027.0,City of Manila - Malate,133910027,38.604955670921335,91.49487781197357,52.88992214105223,6944.575640774479,473,1121,648,932.9606008231686,38.030881329644494,66.56663111506354,787.4402573445532,24.928246696910023,145.52034347861547,0.03591203560278083
Barangay 713,713,1380610028.0,City of Manila - Malate,133910028,43.93771652215383,85.14210246740342,41.20438594524959,2163.4955140322827,919,1780,861,3982.3688310282882,38.030881329644494,66.56663111506354,787.4402573445532,18.575471352339875,3194.928573683735,0.03588936772538385
Barangay 714,714,1380610029.0,City of Manila - Malate,133910029,30.65115067139809,55.04473457221367,24.39358390081558,3773.061673711629,496,890,394,1045.4222214930458,38.030881329644494,66.56663111506354,787.4402573445532,-11.521896542849873,257.9819641484926,0.03592546787431457
Barangay 715,715,1380610030.0,City of Manila - Malate,133910030,39.07891969452732,73.95720012734438,34.87828043281706,1872.4607299260451,85,160,75,404.20537173135966,38.030881329644494,66.56663111506354,787.4402573445532,7.390569012280835,-383.2348856131935,0.035926538716880806
Barangay 716,716,1380610031.0,City of Manila - Malate,133910031,60.16138023560455,99.51176925297388,39.35038901736933,1924.4395301515929,503,832,329,1709.42888581848,38.030881329644494,66.56663111506354,787.4402573445532,32.945138137910334,921.9886284739268,0.03584233826784861
Barangay 717,717,1380610032.0,City of Manila - Malate,133910032,87.83194884471138,100.0,12.168051155288623,333.5280776514951,431,491,60,1791.3073943626132,38.030881329644494,66.56663111506354,787.4402573445532,33.433368884936456,1003.86713701806,0.035939596724554705
Barangay 718,718,1380610033.0,City of Manila - Malate,133910033,64.0406596055253,98.43429932776084,34.393639722235534,2882.3203537879226,766,1177,411,1427.1416101869004,38.030881329644494,66.56663111506354,787.4402573445532,31.867668212697296,639.7013528423472,0.035783253313274706
Barangay 719,719,1380610034.0,City of Manila - Malate,133910034,38.516524201391455,51.74991783284959,13.233393631458135,65885.5728629299,3407,4578,1171,177.67561998348086,38.030881329644494,66.56663111506354,787.4402573445532,-14.816713282213954,-609.7646373610723,0.035949125534703245
Barangay 720,720,1380610035.0,City of Manila - Malate,133910035,52.93095516302921,61.26094849801799,8.329993334988778,4431.039087519224,849,983,134,301.53896288020496,38.030881329644494,66.56663111506354,787.4402573445532,-5.305682617045555,-485.9012944643482,0.03586123319337053
Barangay 721,721,1380610036.0,City of Manila - Malate,133910036,53.76277947317861,81.41145172610108,27.648672252922466,36960.46923115119,313,475,162,43.61193528860329,38.030881329644494,66.56663111506354,787.4402573445532,14.844820611037534,-743.8283220559499,0.03627341112139263
Barangay 722,722,1380610037.0,City of Manila - Malate,133910037,7.873355915372686,39.17125454945062,31.29789863407794,8156.682551806899,54,267,213,261.68931710739054,38.030881329644494,66.56663111506354,787.4402573445532,-27.39537656561292,-525.7509402371627,0.035537648822541734
Barangay 723,723,1380610038.0,City of Manila - Malate,133910038,34.77565731308794,63.6149938540338,28.839336540945858,6445.848197504771,204,374,170,263.07678006814587,38.030881329644494,66.56663111506354,787.4402573445532,-2.951637261029745,-524.3634772764074,0.03575786016878145
Barangay 724,724,1380610039.0,City of Manila - Malate,133910039,22.634420598820657,46.31011925545172,23.67569865663106,19702.521736269417,557,1139,582,295.48777448870453,38.030881329644494,66.56663111506354,787.4402573445532,-20.256511859611827,-491.95248285584864,0.035513138022658236
Barangay 725,725,1380610040.0,City of Manila - Malate,133910040,33.84220702369692,59.93639970349397,26.094192679797047,13804.866887209067,673,1193,520,376.1531629175623,38.030881329644494,66.56663111506354,787.4402573445532,-6.630231411569575,-411.28709442699085,0.03519229234821757
Barangay 726,726,1380610041.0,City of Manila - Malate,133910041,22.661820325920782,43.48525306024472,20.82343273432394,9003.875308000914,167,321,154,170.67865593690752,38.030881329644494,66.56663111506354,787.4402573445532,-23.08137805481882,-616.7616014076457,0.03546647589144258
Barangay 727,727,1380610042.0,City of Manila - Malate,133910042,21.562947966040724,51.44836166728457,29.88541370124385,17303.12404040814,613,1462,849,490.86133544779017,38.030881329644494,66.56663111506354,787.4402573445532,-15.118269447778971,-296.578921896763,0.03537613550093656
Barangay 728,728,1380610043.0,City of Manila - Malate,133910043,40.45770523180361,84.39692695739129,43.93922172558768,31357.121866639045,358,748,390,124.15090458378008,38.030881329644494,66.56663111506354,787.4402573445532,17.830295842327743,-663.2893527607731,0.03528749128978145
Barangay 729,729,1380610044.0,City of Manila - Malate,133910044,37.04788709027648,62.59715053852587,25.549263448249384,8038.363169549404,658,1111,453,564.1688695086015,38.030881329644494,66.56663111506354,787.4402573445532,-3.969480576537677,-223.2713878359517,0.0353277899115334
Barangay 730,730,1380610045.0,City of Manila - Malate,133910045,17.790267088747395,32.1082827766849,14.318015687937507,6455.830941130105,435,784,349,541.8189020840158,38.030881329644494,66.56663111506354,787.4402573445532,-34.45834833837864,-245.62135526053737,0.03517900319089367
Barangay 731,731,1380610046.0,City of Manila - Malate,133910046,77.5873221515479,96.19391423278806,18.606592081240166,6750.197784128846,2276,2821,545,808.4671933997323,38.030881329644494,66.56663111506354,787.4402573445532,29.627283117724517,21.026936055179135,0.035235325888965836
Barangay 732,732,1380610047.0,City of Manila - Malate,133910047,80.61544574014505,91.80609790751826,11.190652167373216,2594.8856693641683,1599,1821,222,855.1846237348335,38.030881329644494,66.56663111506354,787.4402573445532,25.23946679245472,67.74436639028033,0.0351831006212238
Barangay 733,733,1380610048.0,City of Manila - Malate,133910048,95.08549287020016,99.93457878051912,4.849085910318962,1981.0780071158879,4105,4314,209,1056.6723672493122,38.030881329644494,66.56663111506354,787.4402573445532,33.367947665455574,269.232109904759,0.03520833017312763
Barangay 734,734,1380610063.0,City of Manila - Malate,133910063,16.834551049742657,23.77610790613541,6.941556856392754,1044.117406408484,133,188,55,526.5416510173784,38.030881329644494,66.56663111506354,787.4402573445532,-42.790523208928136,-260.8986063271748,0.035282207921834965
Barangay 735,735,1380610060.0,City of Manila - Malate,133910060,56.35605931643889,69.89688076904787,13.54082145260898,3025.916266062037,1149,1424,275,911.9946387786581,38.030881329644494,66.56663111506354,787.4402573445532,3.3302496539843247,124.55438143410493,0.03519708976708106
Barangay 736,736,1380610061.0,City of Manila - Malate,133910061,50.31141050598272,85.45270651454902,35.1412960085663,5125.898827057902,1924,3269,1345,2622.2807310053,38.030881329644494,66.56663111506354,787.4402573445532,18.886075399485478,1834.8404736607467,0.03531173727428138
Barangay 737,737,1380610062.0,City of Manila - Malate,133910062,5.469074743634282,33.28994565667496,27.82087091304068,3334.414978443458,143,871,728,2181.839330375207,38.030881329644494,66.56663111506354,787.4402573445532,-33.276685458388584,1394.3990730306537,0.034975825166950435
Barangay 738,738,1380610052.0,City of Manila - Malate,133910052,59.02175981793377,83.00386734825737,23.982107530323603,7880.727404371337,2094,2945,851,1079.7038541187294,38.030881329644494,66.56663111506354,787.4402573445532,16.43723623319383,292.2635967741762,0.03513802121856188
Barangay 739,739,1380610053.0,City of Manila - Malate,133910053,48.384163726261846,85.31936101653181,36.93519729026997,9554.762057769934,2225,3923,1698,1777.4177537216328,38.030881329644494,66.56663111506354,787.4402573445532,18.75272990146827,989.9774963770797,0.03506901910151225
Barangay 740,740,1380610054.0,City of Manila - Malate,133910054,31.861021617682283,46.90722108875338,15.046199471071098,4505.580734790197,1333,1963,630,1397.5633440594565,38.030881329644494,66.56663111506354,787.4402573445532,-19.659410026310162,610.1230867149034,0.035261849716361954
Barangay 741,741,1380610055.0,City of Manila - Malate,133910055,12.4093775096623,49.540857444811,37.131479935148704,5206.0545031032925,161,642,481,924.3544793330014,38.030881329644494,66.56663111506354,787.4402573445532,-17.02577367025254,136.91422198844828,0.03521222636992957
Barangay 742,742,1380610056.0,City of Manila - Malate,133910056,29.96419727782028,53.26343220141528,23.299234923594998,1762.0270839540149,251,445,194,1105.4404653313356,38.030881329644494,66.56663111506354,787.4402573445532,-13.303198913648266,318.00020798678247,0.035401491526221344
Barangay 743,743,1380610057.0,City of Manila - Malate,133910057,45.0990042967408,81.00302130959646,35.90401701285566,13525.204222976092,915,1643,728,538.353028181111,38.030881329644494,66.56663111506354,787.4402573445532,14.436390194532919,-249.0872291634422,0.03542082075310545
Barangay 744,744,1380610058.0,City of Manila - Malate,133910058,83.57962220644237,96.85831077080744,13.27868856436507,4445.674235882776,1047,1214,167,374.25586960142107,38.030881329644494,66.56663111506354,787.4402573445532,30.29167965574389,-413.1843877431321,0.03537367446958858
Barangay 745,745,1380614002.0,City of Manila - Santa Ana,133914002,77.92096827296236,98.19912450121237,20.278156228250012,2774.901725014559,1423,1793,370,1334.3864735458417,65.42379484316348,80.78620385851642,718.8624007494828,17.41292064269595,615.5240727963588,0.034953779182391786
Barangay 746,746,1380614003.0,City of Manila - Santa Ana,133914003,90.25343663428409,99.41723880967112,9.163802175387033,3144.95966003578,1348,1485,137,435.3226091896035,65.42379484316348,80.78620385851642,718.8624007494828,18.631034951154703,-283.53979155987935,0.035080822038171235
Barangay 747,747,1380614004.0,City of Manila - Santa Ana,133914004,43.19516326194305,57.41413006288057,14.218966800937515,1652.9994983787938,165,219,54,327.7330910548021,65.42379484316348,80.78620385851642,718.8624007494828,-23.37207379563585,-391.1293096946807,0.03479585442047148
Barangay 748,748,1380614005.0,City of Manila - Santa Ana,133914005,57.75396596379206,94.33285551593788,36.57888955214582,10471.576014287872,513,838,325,310.1926002159136,65.42379484316348,80.78620385851642,718.8624007494828,13.546651657421464,-408.66980053356923,0.03482271495652663
Barangay 749,749,1380614006.0,City of Manila - Santa Ana,133914006,36.39349139859546,55.21029591080606,18.816804512210602,2179.293810277085,245,372,127,581.092341794318,65.42379484316348,80.78620385851642,718.8624007494828,-25.575907947710355,-137.7700589551648,0.034687835051407635
Barangay 750,750,1380614007.0,City of Manila - Santa Ana,133914007,52.20226624652218,69.7901828400488,17.58791659352662,4613.307932054682,637,851,214,465.11654023809785,65.42379484316348,80.78620385851642,718.8624007494828,-10.996021018467616,-253.745860511385,0.03495417592150352
Barangay 751,751,1380614008.0,City of Manila - Santa Ana,133914008,75.91369530920493,91.15556243355036,15.241867124345433,3812.3962674209906,892,1071,179,469.7621289830161,65.42379484316348,80.78620385851642,718.8624007494828,10.369358575033942,-249.10027176646673,0.03503101739514607
Barangay 752,752,1380614009.0,City of Manila - Santa Ana,133914009,16.47096766086137,67.84918947905746,51.37822181819609,8771.855600975745,129,531,402,458.0304474843399,65.42379484316348,80.78620385851642,718.8624007494828,-12.937014379458958,-260.83195326514294,0.0349256019292435
Barangay 753,753,1380614010.0,City of Manila - Santa Ana,133914010,81.89085879747998,96.40601136719287,14.515152569712896,3542.5491965441506,2073,2440,367,1037.0456164668674,65.42379484316348,80.78620385851642,718.8624007494828,15.619807508676459,318.18321571738454,0.03512486334633732
Barangay 754,754,1380614099.0,City of Manila - Santa Ana,133914099,85.63233732372973,94.24785291795786,8.615515594228128,1138.8902007020988,2222,2446,224,1963.0744871840354,65.42379484316348,80.78620385851642,718.8624007494828,13.461649059441442,1244.2120864345525,0.03503965042869616
Barangay 755,755,1380614011.0,City of Manila - Santa Ana,133914011,94.47708751314728,99.07075827164942,4.593670758502142,1547.8086780555568,1627,1706,79,511.06452356101903,65.42379484316348,80.78620385851642,718.8624007494828,18.28455441313301,-207.79787718846381,0.03501980890379133
Barangay 756,756,1380614012.0,City of Manila - Santa Ana,133914012,95.1063016439104,98.1604793619968,3.0541777180864074,830.4101081995395,700,722,22,270.6945373515914,65.42379484316348,80.78620385851642,718.8624007494828,17.37427550348039,-448.16786339789144,0.034836574093095374
Barangay 757,757,1380614013.0,City of Manila - Santa Ana,133914013,89.49117132998545,99.95387206472655,10.462700734741105,1435.2927227806667,437,488,51,355.7321706935109,65.42379484316348,80.78620385851642,718.8624007494828,19.167668206210138,-363.13023005597194,0.03475256026184623
Barangay 758,758,1380614014.0,City of Manila - Santa Ana,133914014,71.98512939462836,92.26618986971002,20.28106047508166,3892.3319784133764,351,449,98,253.7521595316457,65.42379484316348,80.78620385851642,718.8624007494828,11.479986011193603,-465.11024121783714,0.034583181585981976
Barangay 759,759,1380614015.0,City of Manila - Santa Ana,133914015,69.68881389073609,89.48692311909264,19.79810922835655,5559.993191872487,559,718,159,285.5773928707736,65.42379484316348,80.78620385851642,718.8624007494828,8.700719260576221,-433.2850078787092,0.034678283708400655
Barangay 760,760,1380614016.0,City of Manila - Santa Ana,133914016,87.0771926331815,100.0,12.922807366818503,3700.0000000448163,841,966,125,337.3900517890663,65.42379484316348,80.78620385851642,718.8624007494828,19.213796141483584,-381.4723489604165,0.03483243429932519
Barangay 761,761,1380614017.0,City of Manila - Santa Ana,133914017,99.6579761129615,100.0,0.3420238870384935,100.00000002881643,1093,1097,4,375.20020397313215,65.42379484316348,80.78620385851642,718.8624007494828,19.213796141483584,-343.6621967763507,0.034946450513216265
Barangay 762,762,1380614018.0,City of Manila - Santa Ana,133914018,99.6859367246332,100.0,0.3140632753668058,83.52460073389011,390,391,1,147.02104480530014,65.42379484316348,80.78620385851642,718.8624007494828,19.213796141483584,-571.8413559441827,0.03510217225510662
Barangay 763,763,1380614019.0,City of Manila - Santa Ana,133914019,56.874594518176266,85.45482028083518,28.580225762658912,8319.152504539077,1128,1695,567,681.5978897150522,65.42379484316348,80.78620385851642,718.8624007494828,4.668616422318763,-37.2645110344306,0.034336772182167415
Barangay 764,764,1380614020.0,City of Manila - Santa Ana,133914020,48.29841148381072,70.68867113342839,22.39025964961767,10748.14344438217,1001,1465,464,431.84209899913054,65.42379484316348,80.78620385851642,718.8624007494828,-10.09753272508803,-287.0203017503523,0.03450302985670003
Barangay 765,765,1380614021.0,City of Manila - Santa Ana,133914021,31.53108484592953,51.6882879705067,20.15720312457717,5898.411993480635,698,1145,447,756.952972601557,65.42379484316348,80.78620385851642,718.8624007494828,-29.097915888009716,38.09057185207416,0.03413651925133909
Barangay 766,766,1380614022.0,City of Manila - Santa Ana,133914022,15.358737842573252,22.489231810702787,7.130493968129535,1546.2584285796456,510,747,237,1531.4626604758673,65.42379484316348,80.78620385851642,718.8624007494828,-58.296972047813625,812.6002597263845,0.03409773292709499
Barangay 767,767,1380614023.0,City of Manila - Santa Ana,133914023,7.782293440619085,23.021591128455825,15.23929768783674,6409.782967315321,428,1265,837,1306.9150674398736,65.42379484316348,80.78620385851642,718.8624007494828,-57.76461273006059,588.0526666903908,0.0342517772901143
Barangay 768,768,1380614024.0,City of Manila - Santa Ana,133914024,78.90145055821617,100.0,21.09854944178383,5525.133362637032,1107,1403,296,535.7565677418261,65.42379484316348,80.78620385851642,718.8624007494828,19.213796141483584,-183.10583300765677,0.03444258236945321
Barangay 769,769,1380614025.0,City of Manila - Santa Ana,133914025,68.43395003564717,77.80994623862563,9.375996202978456,3184.7373663069448,1586,1803,217,682.1342140213172,65.42379484316348,80.78620385851642,718.8624007494828,-2.976257619890788,-36.72818672816561,0.034611889753115146
Barangay 770,770,1380614026.0,City of Manila - Santa Ana,133914026,4.098837850768413,5.456400415045421,1.357562564277008,745.7007020671817,396,528,132,1760.9883761472481,65.42379484316348,80.78620385851642,718.8624007494828,-75.329803443471,1042.1259753977652,0.033891669374681035
Barangay 771,771,1380614027.0,City of Manila - Santa Ana,133914027,4.352607173582242,18.905694078209144,14.553086904626902,4191.410670540007,83,360,277,660.3975002295392,65.42379484316348,80.78620385851642,718.8624007494828,-61.88050978030727,-58.464900519943626,0.03430191355214201
Barangay 772,772,1380614028.0,City of Manila - Santa Ana,133914028,5.933791625181542,16.999552131891917,11.065760506710376,3471.37228933423,145,415,270,777.4847416622912,65.42379484316348,80.78620385851642,718.8624007494828,-63.7866517266245,58.62234091280834,0.03415391835160346
Barangay 773,773,1380614029.0,City of Manila - Santa Ana,133914029,5.507952574738364,9.446857210632537,3.938904635894173,1068.503338811754,146,251,105,979.1013591561684,65.42379484316348,80.78620385851642,718.8624007494828,-71.33934664788387,260.2389584066856,0.03402084669095934
Barangay 774,774,1380614030.0,City of Manila - Santa Ana,133914030,4.130124486172814,21.255569045552576,17.125444559379762,3223.3026587681343,120,618,498,1545.5550873486663,65.42379484316348,80.78620385851642,718.8624007494828,-59.53063481296384,826.6926865991835,0.034050467873035534
Barangay 775,775,1380614031.0,City of Manila - Santa Ana,133914031,11.576219753563638,16.733384467823416,5.157164714259778,2501.7767515204278,1403,2027,624,2497.593266065702,65.42379484316348,80.78620385851642,718.8624007494828,-64.052819390693,1778.7308653162195,0.03412976627408065
Barangay 776,776,1380614032.0,City of Manila - Santa Ana,133914032,20.2710229516672,72.92576459753363,52.65474164586643,16576.246206472977,934,3359,2425,1463.1041129574585,65.42379484316348,80.78620385851642,718.8624007494828,-7.860439260982787,744.2417122079756,0.03375640765926816
Barangay 777,777,1380614033.0,City of Manila - Santa Ana,133914033,27.6388321930808,92.10147804350152,64.46264585042071,18076.95628798801,857,2855,1998,1105.463768085186,65.42379484316348,80.78620385851642,718.8624007494828,11.3152741849851,386.60136733570323,0.033992806885783176
Barangay 778,778,1380614034.0,City of Manila - Santa Ana,133914034,0.0,4.853626040485542,4.853626040485542,760.7417590870759,0,90,90,1186.7028893138197,65.42379484316348,80.78620385851642,718.8624007494828,-75.93257781803088,467.84048856433685,0.03369118087213063
Barangay 779,779,1380614035.0,City of Manila - Santa Ana,133914035,5.06352750594914,29.40176853838363,24.338241032434492,8974.068003669961,225,1308,1083,1206.8681956727082,65.42379484316348,80.78620385851642,718.8624007494828,-51.38443532013278,488.0057949232254,0.033844133028004535
Barangay 780,780,1380614036.0,City of Manila - Santa Ana,133914036,83.11896559805632,99.99999999999996,16.881034401943637,5360.557600276028,1945,2340,395,736.8938727291005,65.42379484316348,80.78620385851642,718.8624007494828,19.21379614148354,18.031471979617663,0.03374439715991262
Barangay 781,781,1380614037.0,City of Manila - Santa Ana,133914037,43.603510464065806,98.47708854965396,54.87357808558815,18016.010742205675,1891,4271,2380,1320.9733917379947,65.42379484316348,80.78620385851642,718.8624007494828,17.69088469113754,602.1109909885118,0.03384996677422228
Barangay 782,782,1380614038.0,City of Manila - Santa Ana,133914038,96.5557316441548,100.0,3.444268355845196,867.1968810317485,1563,1619,56,643.0224312475704,65.42379484316348,80.78620385851642,718.8624007494828,19.213796141483584,-75.83996950191249,0.033694777218604824
Barangay 783,783,1380614039.0,City of Manila - Santa Ana,133914039,69.41196745288852,92.40730385891057,22.995336406022048,6243.072322800759,1625,2163,538,862.2690839235307,65.42379484316348,80.78620385851642,718.8624007494828,11.62110000039415,143.40668317404788,0.033594596490200634
Barangay 784,784,1380614040.0,City of Manila - Santa Ana,133914040,97.63995003788798,100.0,2.360049962112015,594.7557097799363,3344,3425,81,1359.0741521799541,65.42379484316348,80.78620385851642,718.8624007494828,19.213796141483584,640.2117514304713,0.03449313973289002
Barangay 785,785,1380614041.0,City of Manila - Santa Ana,133914041,41.86388396541942,95.83426750375844,53.97038353833902,7773.478050175762,453,1036,583,750.5261380859671,65.42379484316348,80.78620385851642,718.8624007494828,15.048063645242024,31.663737336484246,0.03437366637464476
Barangay 786,786,1380614042.0,City of Manila - Santa Ana,133914042,73.95285198263596,85.29666118062283,11.343809197986872,3234.038032372111,1092,1259,167,517.7262050918907,65.42379484316348,80.78620385851642,718.8624007494828,4.510457322106419,-201.1361956575921,0.034517883332741424
Barangay 787,787,1380614043.0,City of Manila - Santa Ana,133914043,92.9043175771852,100.0,7.095682422814804,1429.0037395723084,3387,3646,259,1810.4122051720974,65.42379484316348,80.78620385851642,718.8624007494828,19.213796141483584,1091.5498044226147,0.03437283051114429
Barangay 788,788,1380614044.0,City of Manila - Santa Ana,133914044,100.0,100.0,0.0,0.0,933,933,0,658.2742476897107,65.42379484316348,80.78620385851642,718.8624007494828,19.213796141483584,-60.58815305977214,0.03439990981105547
Barangay 789,789,1380614045.0,City of Manila - Santa Ana,133914045,92.32185645134938,100.0,7.678143548650624,1516.3976829949606,1628,1763,135,892.6792244588254,65.42379484316348,80.78620385851642,718.8624007494828,19.213796141483584,173.81682370934254,0.034420057211009165
Barangay 790,790,1380614046.0,City of Manila - Santa Ana,133914046,44.93512982055238,84.59969560017919,39.664565779626805,20806.482302788812,820,1544,724,347.90999984709754,65.42379484316348,80.78620385851642,718.8624007494828,3.813491741662773,-370.9524009023853,0.03427847936395844
Barangay 791,791,1380614047.0,City of Manila - Santa Ana,133914047,40.81504137873685,98.7251720423368,57.91013066359994,15905.69530243166,841,2034,1193,750.0135448261614,65.42379484316348,80.78620385851642,718.8624007494828,17.93896818382038,31.15114407667852,0.03412864569527602
Barangay 792,792,1380614048.0,City of Manila - Santa Ana,133914048,68.24071428859708,100.0,31.759285711402924,9642.11898074068,1807,2648,841,872.2002780900629,65.42379484316348,80.78620385851642,718.8624007494828,19.213796141483584,153.33787734058,0.03403494107854561
Barangay 793,793,1380614049.0,City of Manila - Santa Ana,133914049,79.78118883381399,100.0,20.218811166186015,4651.488975284563,1384,1735,351,754.1593145705924,65.42379484316348,80.78620385851642,718.8624007494828,19.213796141483584,35.29691382110957,0.034042802763453964
Barangay 794,794,1380614050.0,City of Manila - Santa Ana,133914050,61.08307366950546,76.78669515117134,15.703621481665884,1873.789796224295,433,544,111,594.1897886804583,65.42379484316348,80.78620385851642,718.8624007494828,-3.999508707345072,-124.67261206902458,0.034577869485190364
Barangay 795,795,1380614051.0,City of Manila - Santa Ana,133914051,97.64050243858424,100.0,2.3594975614157647,145.1977201612617,1185,1214,29,1972.778936458092,65.42379484316348,80.78620385851642,718.8624007494828,19.213796141483584,1253.916535708609,0.034558158605957026
Barangay 796,796,1380614052.0,City of Manila - Santa Ana,133914052,97.6459502323098,100.0,2.3540497676901992,254.80227986192585,656,672,16,620.8427352946143,65.42379484316348,80.78620385851642,718.8624007494828,19.213796141483584,-98.01966545486857,0.03490829340061973
Barangay 797,797,1380614053.0,City of Manila - Santa Ana,133914053,90.6562069898869,96.2405398784591,5.584332888572206,451.1416736069541,243,258,15,331.7364148986219,65.42379484316348,80.78620385851642,718.8624007494828,15.454336019942687,-387.12598585086096,0.03458544829495242
Barangay 798,798,1380614054.0,City of Manila - Santa Ana,133914054,32.79630588335886,36.88633902042375,4.090033137064886,1138.6374479880596,520,585,65,569.6978056401435,65.42379484316348,80.78620385851642,718.8624007494828,-43.89986483809267,-149.1645951093393,0.03485801165104871
Barangay 799,799,1380614055.0,City of Manila - Santa Ana,133914055,46.4343014224883,48.90526126732082,2.470959844832514,400.00000002367597,265,279,14,352.111777867793,65.42379484316348,80.78620385851642,718.8624007494828,-31.8809425911956,-366.7506228816898,0.034922488913226586
Barangay 800,800,1380614056.0,City of Manila - Santa Ana,133914056,41.46879979852394,44.52007359083944,3.0512737923154987,573.1842851359779,639,686,47,820.3317913439861,65.42379484316348,80.78620385851642,718.8624007494828,-36.26613026767698,101.46939059450324,0.03494439120730668
Barangay 801,801,1380614057.0,City of Manila - Santa Ana,133914057,38.67685408758532,45.225005756168095,6.548151668582776,1360.2428610132738,322,376,54,400.52128516245233,65.42379484316348,80.78620385851642,718.8624007494828,-35.56119810234832,-318.3411155870305,0.034424189911543314
Barangay 802,802,1380614058.0,City of Manila - Santa Ana,133914058,4.932593992297174,21.422861251014687,16.490267258717513,4660.116612691408,91,394,303,651.101555557779,65.42379484316348,80.78620385851642,718.8624007494828,-59.36334260750173,-67.76084519170388,0.034620859399704815
Barangay 803,803,1380614059.0,City of Manila - Santa Ana,133914059,44.63354801595554,61.7805692166601,17.147021200704557,7805.317032356077,817,1131,314,402.0214511109668,65.42379484316348,80.78620385851642,718.8624007494828,-19.005634641856318,-316.84094963851607,0.03478600824776757
Barangay 804,804,1380614060.0,City of Manila - Santa Ana,133914060,6.64385738265236,8.509497682833448,1.865640300181088,440.9370844101527,88,113,25,563.1568147330579,65.42379484316348,80.78620385851642,718.8624007494828,-72.27670617568296,-155.70558601642495,0.03438835578041286
Barangay 805,805,1380614061.0,City of Manila - Santa Ana,133914061,13.154383005825366,60.07981826456628,46.92543525874091,9173.831164647781,184,839,655,714.0736127087577,65.42379484316348,80.78620385851642,718.8624007494828,-20.706385593950138,-4.788788040725194,0.034514361137752914
Barangay 806,806,1380614062.0,City of Manila - Santa Ana,133914062,63.76803783757386,96.18972887541617,32.42169103784231,9338.88120331919,1023,1543,520,556.8589137445695,65.42379484316348,80.78620385851642,718.8624007494828,15.40352501689975,-162.00348700491338,0.034532777371251835
Barangay 807,807,1380614063.0,City of Manila - Santa Ana,133914063,58.53101276749614,67.77567823162701,9.244665464130875,2899.8331687815444,1209,1400,191,658.6406092085496,65.42379484316348,80.78620385851642,718.8624007494828,-13.010525626889404,-60.22179154093328,0.034722009399379354
Barangay 808,808,1380614100.0,City of Manila - Santa Ana,133914100,97.20641046476834,99.28651358887632,2.0801031241079784,576.2521923224849,2265,2313,48,841.0623584160313,65.42379484316348,80.78620385851642,718.8624007494828,18.500309730359902,122.19995766654847,0.03498612146626914
Barangay 809,809,1380611023.0,City of Manila - Paco,133911023,100.0,100.0,0.0,0.0,1479,1479,0,755.1524037604314,82.69434684161475,95.64784631971983,591.1896702928062,4.352153680280168,163.96273346762518,0.03483629076861311
Barangay 810,810,1380611024.0,City of Manila - Paco,133911024,99.78268732657077,99.90893299889476,0.1262456723239893,31.737094823307416,2068,2071,3,824.6100665000657,82.69434684161475,95.64784631971983,591.1896702928062,4.261086679174923,233.4203962072595,0.03495636922943315
Barangay 811,811,1380611025.0,City of Manila - Paco,133911025,39.42151735365442,50.94777835741513,11.526261003760709,3812.374303876026,884,1142,258,677.8420771580107,82.69434684161475,95.64784631971983,591.1896702928062,-44.7000679623047,86.65240686520451,0.03505543587028367
Barangay 812,812,1380611026.0,City of Manila - Paco,133911026,96.67815379870882,98.72805700784188,2.0499032091330633,1045.4896125843225,1665,1700,35,337.6344713173721,82.69434684161475,95.64784631971983,591.1896702928062,3.080210688122051,-253.5551989754341,0.03460157012803715
Barangay 813,813,1380611027.0,City of Manila - Paco,133911027,98.74256863491624,99.66370538226684,0.9211367473506016,206.97270954817577,955,964,9,430.36554753161465,82.69434684161475,95.64784631971983,591.1896702928062,4.015859062547008,-160.82412276119157,0.03477391576884104
Barangay 814,814,1380611028.0,City of Manila - Paco,133911028,96.83962236294816,100.0,3.1603776370518375,537.3352122448268,2448,2528,80,1486.862294598114,82.69434684161475,95.64784631971983,591.1896702928062,4.352153680280168,895.6726243053077,0.03487230319815362
Barangay 815,815,1380611029.0,City of Manila - Paco,133911029,90.49282838929228,98.90457359411892,8.41174520482663,2433.3514453527932,1330,1454,124,508.15781151178635,82.69434684161475,95.64784631971983,591.1896702928062,3.2567272743990827,-83.03185878101988,0.03551904797703876
Barangay 816,816,1380611030.0,City of Manila - Paco,133911030,98.44696100197652,99.99999999999996,1.553038998023439,165.69231150804808,793,806,13,755.4662138599592,82.69434684161475,95.64784631971983,591.1896702928062,4.352153680280125,164.276543567153,0.03458548864663924
Barangay 817,817,1380611031.0,City of Manila - Paco,133911031,88.15777643378551,99.99999999999996,11.842223566214443,996.9724764800121,1230,1395,165,1657.0068145908685,82.69434684161475,95.64784631971983,591.1896702928062,4.352153680280125,1065.8171442980624,0.034631984006686954
Barangay 818,818,1380611032.0,City of Manila - Paco,133911032,100.0,100.0,0.0,0.0,1424,1424,0,1003.2947187472085,82.69434684161475,95.64784631971983,591.1896702928062,4.352153680280168,412.1050484544023,0.034445690064450495
Barangay 818-A,818,1380614101.0,City of Manila - Santa Ana,133914101,100.0,100.0,0.0,0.0,1659,1659,0,1986.0578437008414,65.42379484316348,80.78620385851642,718.8624007494828,19.213796141483584,1267.1954429513585,0.03438206599151876
Barangay 819,819,1380611034.0,City of Manila - Paco,133911034,100.0,100.0,0.0,0.0,2280,2280,0,1563.3793609190623,82.69434684161475,95.64784631971983,591.1896702928062,4.352153680280168,972.189690626256,0.034381293075664156
Barangay 820,820,1380611035.0,City of Manila - Paco,133911035,100.0,100.0,0.0,0.0,1362,1362,0,301.6835915561825,82.69434684161475,95.64784631971983,591.1896702928062,4.352153680280168,-289.50607873662375,0.034540158840288014
Barangay 821,821,1380611036.0,City of Manila - Paco,133911036,98.76383583101205,99.99999999999996,1.2361641689879121,168.83596666591984,2443,2474,31,1811.3854615631947,82.69434684161475,95.64784631971983,591.1896702928062,4.352153680280125,1220.1957912703883,0.03503741015146333
Barangay 822,822,1380611037.0,City of Manila - Paco,133911037,99.26370704885392,100.0,0.7362929511460834,100.00000002182242,1079,1087,8,800.3504377210904,82.69434684161475,95.64784631971983,591.1896702928062,4.352153680280168,209.1607674282842,0.03491718916938252
Barangay 823,823,1380611038.0,City of Manila - Paco,133911038,97.25701003052534,99.59585088198844,2.338840851463104,400.9987699109115,3492,3575,83,2093.8813998401856,82.69434684161475,95.64784631971983,591.1896702928062,3.9480045622686077,1502.6917295473795,0.034847889470952166
Barangay 824,824,1380611039.0,City of Manila - Paco,133911039,44.39270147161389,87.78842090830456,43.39571943669067,16811.29600513287,612,1210,598,355.7090504236059,82.69434684161475,95.64784631971983,591.1896702928062,-7.859425411415273,-235.48061986920032,0.034875722885342415
Barangay 825,825,1380611040.0,City of Manila - Paco,133911040,51.94054893979647,79.49901777013892,27.55846883034245,16389.85722103643,240,368,128,77.85041014311953,82.69434684161475,95.64784631971983,591.1896702928062,-16.148828549580912,-513.3392601496867,0.03445243679699816
Barangay 826,826,1380611041.0,City of Manila - Paco,133911041,100.0,100.0,0.0,0.0,2048,2048,0,963.0274787586825,82.69434684161475,95.64784631971983,591.1896702928062,4.352153680280168,371.83780846587626,0.03498559374518297
Barangay 827,827,1380611042.0,City of Manila - Paco,133911042,91.18834289189404,100.0,8.811657108105962,9937.836783321007,2479,2719,240,241.08763505908067,82.69434684161475,95.64784631971983,591.1896702928062,4.352153680280168,-350.1020352337256,0.035210176197885246
Barangay 828,828,1380611043.0,City of Manila - Paco,133911043,99.99999999999996,99.99999999999996,0.0,0.0,2715,2715,0,1670.5297204272047,82.69434684161475,95.64784631971983,591.1896702928062,4.352153680280125,1079.3400501343986,0.03502155331576371
Barangay 829,829,1380611044.0,City of Manila - Paco,133911044,59.86618338458703,91.355492143078,31.489308758490964,53183.35242204374,2619,3997,1378,259.03919092038296,82.69434684161475,95.64784631971983,591.1896702928062,-4.292354176641837,-332.15047937242326,0.035266986824315644
Barangay 830,830,1380611045.0,City of Manila - Paco,133911045,77.27219677951075,94.9907748505125,17.718578071001744,74280.97727671667,4178,5136,958,128.97562086859648,82.69434684161475,95.64784631971983,591.1896702928062,-0.657071469207338,-462.21404942420975,0.03501590171221762
Barangay 831,831,1380611046.0,City of Manila - Paco,133911046,73.46847955698786,91.7998305809401,18.331351023952237,31743.87884330946,2702,3376,674,212.3959374936526,82.69434684161475,95.64784631971983,591.1896702928062,-3.8480157387797362,-378.79373279915364,0.035188748975218405
Barangay 832,832,1380611047.0,City of Manila - Paco,133911047,80.15804202812294,95.12914447519935,14.971102447076419,13662.488574103656,2397,2844,447,327.63867339369597,82.69434684161475,95.64784631971983,591.1896702928062,-0.5187018445204785,-263.55099689911026,0.03460368564935213
Barangay 833,833,1380612001.0,City of Manila - Pandacan,133912001,96.77643902002764,99.53031208683502,2.7538730668073867,1758.9592936548797,1468,1510,42,237.505521441957,88.41746399323884,95.57370564134632,889.9718041591661,3.9566064454887027,-652.4662827172092,0.034391880677806345
Barangay 834,834,1380612002.0,City of Manila - Pandacan,133912002,95.58041175971816,99.1389682641249,3.558556504406738,9918.955661173037,1833,1901,68,68.81078622187276,88.41746399323884,95.57370564134632,889.9718041591661,3.565262622778576,-821.1610179372934,0.034026136391437894
Barangay 835,835,1380612003.0,City of Manila - Pandacan,133912003,91.28157661558332,99.68225332515787,8.400676709574554,7819.957005086646,2686,2934,248,316.1550829524547,88.41746399323884,95.57370564134632,889.9718041591661,4.108547683811551,-573.8167212067115,0.033955046289355105
Barangay 836,836,1380612004.0,City of Manila - Pandacan,133912004,76.8318245553657,97.61921674780216,20.787392192436457,10394.143850063068,4359,5538,1179,1134.5511242561495,88.41746399323884,95.57370564134632,889.9718041591661,2.045511106455834,244.57932009698334,0.03371784971151964
Barangay 837,837,1380612005.0,City of Manila - Pandacan,133912005,94.78789457719536,99.06824212485424,4.280347547658877,2756.3046113543605,3022,3158,136,495.0740177890332,88.41746399323884,95.57370564134632,889.9718041591661,3.4945364835079147,-394.89778637013296,0.03327707876004048
Barangay 838,838,1380612006.0,City of Manila - Pandacan,133912006,64.20654414417906,76.71675296433997,12.510208820160912,6240.141539048935,2079,2484,405,649.1528422263139,88.41746399323884,95.57370564134632,889.9718041591661,-18.856952677006348,-240.8189619328523,0.033480696491086856
Barangay 839,839,1380612007.0,City of Manila - Pandacan,133912007,85.71633243181876,100.0,14.283667568181244,13669.933520206614,1759,2052,293,214.4127899860111,88.41746399323884,95.57370564134632,889.9718041591661,4.426294358653678,-675.559014173155,0.033286925104928075
Barangay 840,840,1380612008.0,City of Manila - Pandacan,133912008,99.5631555118813,100.0,0.4368444881186946,116.06969713842773,2808,2820,12,1061.3463176572966,88.41746399323884,95.57370564134632,889.9718041591661,4.426294358653678,171.37451349813045,0.03357051640232153
Barangay 841,841,1380612009.0,City of Manila - Pandacan,133912009,99.99999999999996,99.99999999999996,0.0,0.0,2541,2541,0,614.2851975197658,88.41746399323884,95.57370564134632,889.9718041591661,4.426294358653635,-275.68660663940034,0.03487502487762588
Barangay 842,842,1380612010.0,City of Manila - Pandacan,133912010,97.74595052519236,100.0,2.254049474807644,712.6048069393219,2767,2831,64,895.4772688929979,88.41746399323884,95.57370564134632,889.9718041591661,4.426294358653678,5.505464733831786,0.03473090806087173
Barangay 843,843,1380612011.0,City of Manila - Pandacan,133912011,100.0,100.0,0.0,0.0,9355,9355,0,3282.855633382997,88.41746399323884,95.57370564134632,889.9718041591661,4.426294358653678,2392.8838292238306,0.03493509846170222
Barangay 844,844,1380612012.0,City of Manila - Pandacan,133912012,58.07021370932194,78.73879534696052,20.668581637638574,6889.293497316354,2488,3374,886,1285.5436098314105,88.41746399323884,95.57370564134632,889.9718041591661,-16.834910294385807,395.5718056722444,0.03476093171878034
Barangay 845,845,1380612013.0,City of Manila - Pandacan,133912013,83.79286900144358,92.03655569559544,8.243686694151862,1437.025192600664,1280,1405,125,875.9839178037289,88.41746399323884,95.57370564134632,889.9718041591661,-3.5371499457508833,-13.98788635543724,0.03464333323792496
Barangay 846,846,1380612014.0,City of Manila - Pandacan,133912014,74.76390975769773,82.53415350078096,7.770243743083228,1079.5012488969296,1492,1647,155,1436.7196450251593,88.41746399323884,95.57370564134632,889.9718041591661,-13.039552140565362,546.7478408659931,0.034556219143603795
Barangay 847,847,1380612015.0,City of Manila - Pandacan,133912015,98.40278190506538,98.88652400272106,0.48374209765567855,196.98221536996425,3082,3097,15,769.1457053683712,88.41746399323884,95.57370564134632,889.9718041591661,3.312818361374738,-120.82609879079496,0.03444905145996458
Barangay 848,848,1380612016.0,City of Manila - Pandacan,133912016,99.23019959197435,100.0,0.7698004080256453,316.81486177627085,1577,1589,12,386.0970541263792,88.41746399323884,95.57370564134632,889.9718041591661,4.426294358653678,-503.87475003278695,0.03435758470737885
Barangay 849,849,1380612017.0,City of Manila - Pandacan,133912017,86.86692571080435,100.0,13.133074289195648,1582.705907359892,1657,1908,251,1583.2319590936715,88.41746399323884,95.57370564134632,889.9718041591661,4.426294358653678,693.2601549345054,0.03484581524140783
Barangay 850,850,1380612018.0,City of Manila - Pandacan,133912018,95.4820114935018,100.0,4.517988506498199,531.6833257597664,2535,2655,120,2256.090966857326,88.41746399323884,95.57370564134632,889.9718041591661,4.426294358653678,1366.1191626981597,0.03470318934016541
Barangay 851,851,1380612019.0,City of Manila - Pandacan,133912019,56.67763588267767,78.86843329191244,22.19079740923477,5238.136694152814,635,884,249,474.899479494692,88.41746399323884,95.57370564134632,889.9718041591661,-16.705272349433884,-415.07232466447414,0.03464593564794141
Barangay 852,852,1380612020.0,City of Manila - Pandacan,133912020,99.803763209672,99.99999999999996,0.1962367903279585,17.294092528965848,977,979,2,1110.8753894388615,88.41746399323884,95.57370564134632,889.9718041591661,4.426294358653635,220.90358527969533,0.034729987743570834
Barangay 853,853,1380612021.0,City of Manila - Pandacan,133912021,70.09393942014871,72.82528987760641,2.731350457457694,199.99999983430826,204,212,8,397.4114918893347,88.41746399323884,95.57370564134632,889.9718041591661,-22.748415763739914,-492.56031226983146,0.03477034016034224
Barangay 855,855,1380612023.0,City of Manila - Pandacan,133912023,65.24015724949939,97.64855421517622,32.40839696567683,14336.794588029894,1513,2264,751,524.2111275427857,88.41746399323884,95.57370564134632,889.9718041591661,2.0748485738298967,-365.76067661638047,0.034554872463566075
Barangay 856,856,1380612024.0,City of Manila - Pandacan,133912024,98.8470269145212,100.0,1.1529730854788056,458.02197088042885,1713,1733,20,436.24596289429786,88.41746399323884,95.57370564134632,889.9718041591661,4.426294358653678,-453.7258412648683,0.03453901617762172
Barangay 857,857,1380612025.0,City of Manila - Pandacan,133912025,88.14379886181712,98.1316902342512,9.987891372434078,1498.7112506501417,1681,1871,190,1270.8858253362184,88.41746399323884,95.57370564134632,889.9718041591661,2.557984592904873,380.9140211770523,0.03461208191273501
Barangay 858,858,1380612026.0,City of Manila - Pandacan,133912026,99.99999999999996,99.99999999999996,0.0,0.0,718,718,0,486.10310233949724,88.41746399323884,95.57370564134632,889.9718041591661,4.426294358653635,-403.8687018196689,0.03446603364896812
Barangay 859,859,1380612027.0,City of Manila - Pandacan,133912027,91.87554118467942,99.36701672771414,7.491475543034724,2575.8263432655076,1265,1368,103,400.48359043028535,88.41746399323884,95.57370564134632,889.9718041591661,3.7933110863678223,-489.4882137288808,0.0343051836127787
Barangay 860,860,1380612028.0,City of Manila - Pandacan,133912028,95.15625384253174,100.0,4.84374615746826,899.9999997578489,3311,3480,169,1872.915181391646,88.41746399323884,95.57370564134632,889.9718041591661,4.426294358653678,982.9433772324799,0.03391716468577019
Barangay 861,861,1380612029.0,City of Manila - Pandacan,133912029,99.99999999999996,99.99999999999996,0.0,0.0,1131,1131,0,548.3230663880374,88.41746399323884,95.57370564134632,889.9718041591661,4.426294358653635,-341.6487377711287,0.03397764300765115
Barangay 862,862,1380612030.0,City of Manila - Pandacan,133912030,97.93039425443617,99.99999999999996,2.0696057455637913,899.9950039567339,2473,2525,52,580.6426129672022,88.41746399323884,95.57370564134632,889.9718041591661,4.426294358653635,-309.3291911919639,0.03416486652093443
Barangay 863,863,1380612031.0,City of Manila - Pandacan,133912031,99.4530588922626,99.99999999999994,0.5469411077373394,205.13057102942548,1484,1492,8,397.8130264294215,88.41746399323884,95.57370564134632,889.9718041591661,4.426294358653621,-492.15877772974466,0.03429091350295163
Barangay 864,864,1380612032.0,City of Manila - Pandacan,133912032,90.78310746739412,99.49447862794976,8.711371160555643,1723.244879032416,746,818,72,415.53856802971734,88.41746399323884,95.57370564134632,889.9718041591661,3.9207729866034384,-474.4332361294488,0.034272516936281486
Barangay 865,865,1380612033.0,City of Manila - Pandacan,133912033,69.30028637182015,96.68050636088752,27.38021998906737,51139.535838537675,60,83,23,4.604458919013776,88.41746399323884,95.57370564134632,889.9718041591661,1.106800719541198,-885.3673452401524,0.03384063638627722
Barangay 866,866,1380614064.0,City of Manila - Santa Ana,133914064,97.1879637580942,100.0,2.812036241905801,4434.462800708745,3932,4046,114,256.569941976566,65.42379484316348,80.78620385851642,718.8624007494828,19.213796141483584,-462.29245877291686,0.03410334621933649
Barangay 867,867,1380612034.0,City of Manila - Pandacan,133912034,99.99999999999994,99.99999999999994,0.0,0.0,2396,2396,0,798.0641562283988,88.41746399323884,95.57370564134632,889.9718041591661,4.426294358653621,-91.90764793076733,0.03428236721439269
Barangay 868,868,1380612035.0,City of Manila - Pandacan,133912035,71.60177065887399,85.14534480602596,13.543574147151972,2503.079063660549,2149,2556,407,1624.3118397663193,88.41746399323884,95.57370564134632,889.9718041591661,-10.428360835320362,734.3400356071531,0.034385505536807526
Barangay 869,869,1380612039.0,City of Manila - Pandacan,133912039,85.98857075373758,95.59005376324124,9.601483009503667,2394.95693305261,1787,1986,199,833.0789342553193,88.41746399323884,95.57370564134632,889.9718041591661,0.01634812189492152,-56.89286990384687,0.034268037412649055
Barangay 870,870,1380612036.0,City of Manila - Pandacan,133912036,99.99999999999996,99.99999999999996,0.0,0.0,3139,3139,0,1322.348822857397,88.41746399323884,95.57370564134632,889.9718041591661,4.426294358653635,432.3770186982308,0.0342742408585338
Barangay 871,871,1380612037.0,City of Manila - Pandacan,133912037,100.0,100.0,0.0,0.0,2480,2480,0,1947.8748444836187,88.41746399323884,95.57370564134632,889.9718041591661,4.426294358653678,1057.9030403244526,0.03444649590158461
Barangay 872,872,1380612038.0,City of Manila - Pandacan,133912038,79.8692864682335,84.09767240722363,4.2283859389901295,1018.1237058312508,1557,1640,83,809.8576365333554,88.41746399323884,95.57370564134632,889.9718041591661,-11.476033234122696,-80.11416762581075,0.03454930277195932
Barangay 873,873,1380614066.0,City of Manila - Santa Ana,133914066,92.89118902485096,100.0,7.108810975149041,2900.0000002089655,1240,1335,95,327.250436246212,65.42379484316348,80.78620385851642,718.8624007494828,19.213796141483584,-391.6119645032708,0.03345995246730364
Barangay 874,874,1380614067.0,City of Manila - Santa Ana,133914067,99.97310550073806,100.0,0.02689449926194243,13.116745676539722,2029,2030,1,416.23002266019023,65.42379484316348,80.78620385851642,718.8624007494828,19.213796141483584,-302.6323780892926,0.033575136150098196
Barangay 875,875,1380614068.0,City of Manila - Santa Ana,133914068,100.0,100.0,0.0,0.0,1003,1003,0,325.14067894151214,65.42379484316348,80.78620385851642,718.8624007494828,19.213796141483584,-393.7217218079707,0.033450977461669085
Barangay 876,876,1380614069.0,City of Manila - Santa Ana,133914069,93.72905066142464,98.60032785757186,4.8712771961472185,1740.1493710271461,563,593,30,168.2405915048771,65.42379484316348,80.78620385851642,718.8624007494828,17.81412399905544,-550.6218092446057,0.0335512891299441
Barangay 877,877,1380614070.0,City of Manila - Santa Ana,133914070,94.5922055869055,100.0,5.407794413094507,1596.9639953481928,761,805,44,272.5969098377767,65.42379484316348,80.78620385851642,718.8624007494828,19.213796141483584,-446.26549091170614,0.03374669042208165
Barangay 878,878,1380614071.0,City of Manila - Santa Ana,133914071,91.5012936665582,100.0,8.498706333441802,1899.3128488026668,461,504,43,225.52092956960183,65.42379484316348,80.78620385851642,718.8624007494828,19.213796141483584,-493.341471179881,0.033742698241310085
Barangay 879,879,1380614072.0,City of Manila - Santa Ana,133914072,82.750118917283,99.5312437181506,16.7811248008676,7159.850629319728,450,541,91,127.50170868493842,65.42379484316348,80.78620385851642,718.8624007494828,18.74503985963419,-591.3606920645444,0.033421486876586484
Barangay 880,880,1380614073.0,City of Manila - Santa Ana,133914073,92.11039953631372,100.0,7.889600463686278,4784.824645467503,3455,3751,296,618.4947941053715,65.42379484316348,80.78620385851642,718.8624007494828,19.213796141483584,-100.36760664411133,0.033807550462303944
Barangay 881,881,1380614074.0,City of Manila - Santa Ana,133914074,99.99999999999828,99.99999999999622,-2.0605739337042905e-12,-8.949427865445614e-10,2443,2443,0,562.4606066582377,65.42379484316348,80.78620385851642,718.8624007494828,19.213796141479804,-156.40179409124516,0.033355661380855675
Barangay 882,882,1380614075.0,City of Manila - Santa Ana,133914075,100.0,100.0,0.0,0.0,1312,1312,0,586.6585880593931,65.42379484316348,80.78620385851642,718.8624007494828,19.213796141483584,-132.20381269008976,0.03320875991002393
Barangay 883,883,1380614076.0,City of Manila - Santa Ana,133914076,89.71294789531987,99.59764857882796,9.884700683508086,4913.466268899203,2009,2230,221,450.4324161226606,65.42379484316348,80.78620385851642,718.8624007494828,18.811444720311542,-268.42998462682226,0.033064322266262144
Barangay 884,884,1380614077.0,City of Manila - Santa Ana,133914077,85.12971940994547,96.4120121175419,11.28229270759644,9488.383329715827,1993,2257,264,278.3598249637147,65.42379484316348,80.78620385851642,718.8624007494828,15.62580825902549,-440.50257578576816,0.033102426279351935
Barangay 885,885,1380614078.0,City of Manila - Santa Ana,133914078,54.70262849602341,79.34403049196018,24.641401995936775,7852.561807564176,380,551,171,217.77775717355104,65.42379484316348,80.78620385851642,718.8624007494828,-1.4421733665562328,-501.0846435759318,0.033368010847236354
Barangay 886,886,1380614079.0,City of Manila - Santa Ana,133914079,67.25721959441493,88.4608859294758,21.20366633506086,4728.864669668326,273,359,86,182.0455676655789,65.42379484316348,80.78620385851642,718.8624007494828,7.674682070959378,-536.8168330839039,0.03305034682537263
Barangay 887,887,1380614080.0,City of Manila - Santa Ana,133914080,83.50292483059326,96.3194434623143,12.816518631721038,4619.288116582531,604,696,92,200.60110425824183,65.42379484316348,80.78620385851642,718.8624007494828,15.533239603797881,-518.261296491241,0.03285048028193682
Barangay 888,888,1380614081.0,City of Manila - Santa Ana,133914081,78.06099785377421,98.46096219867474,20.399964344900525,13236.44390238967,660,833,173,130.38524518409417,65.42379484316348,80.78620385851642,718.8624007494828,17.67475834015832,-588.4771555653887,0.032687656706545554
Barangay 889,889,1380614082.0,City of Manila - Santa Ana,133914082,68.6973779524034,99.83711812524892,31.13974017284552,19117.98979108443,654,950,296,155.06354469534102,65.42379484316348,80.78620385851642,718.8624007494828,19.050914266732505,-563.7988560541419,0.033166129370323184
Barangay 890,890,1380614083.0,City of Manila - Santa Ana,133914083,56.39468776501915,90.98385499965347,34.589167234634324,30201.24181446797,599,967,368,121.74428123284105,65.42379484316348,80.78620385851642,718.8624007494828,10.197651141137058,-597.1181195166419,0.03299851148603051
Barangay 891,891,1380614084.0,City of Manila - Santa Ana,133914084,52.22209159301677,62.96156987771554,10.73947828469877,4241.760299913469,486,586,100,235.7147404877759,65.42379484316348,80.78620385851642,718.8624007494828,-17.824633980800876,-483.14766026170696,0.03278165925918855
Barangay 892,892,1380614085.0,City of Manila - Santa Ana,133914085,92.647028335931,99.99999999998695,7.352971664055957,2082.564247135164,1199,1294,95,456.8764371316351,65.42379484316348,80.78620385851642,718.8624007494828,19.21379614147054,-261.98596361784774,0.03240962840049466
Barangay 893,893,1380614086.0,City of Manila - Santa Ana,133914086,92.40961412660234,95.27999003933704,2.8703759127347013,1552.4764183097504,623,642,19,124.61595824363684,65.42379484316348,80.78620385851642,718.8624007494828,14.49378618082062,-594.2464425058461,0.03214568734259799
Barangay 894,894,1380614087.0,City of Manila - Santa Ana,133914087,98.64241271583025,100.0,1.3575872841697532,517.4357530407287,1701,1724,23,452.3229143241087,65.42379484316348,80.78620385851642,718.8624007494828,19.213796141483584,-266.53948642537415,0.03255358311660801
Barangay 895,895,1380614088.0,City of Manila - Santa Ana,133914088,100.0,100.0,0.0,0.0,720,720,0,346.38640303633326,65.42379484316348,80.78620385851642,718.8624007494828,19.213796141483584,-372.4759977131496,0.03236535403735769
Barangay 896,896,1380614089.0,City of Manila - Santa Ana,133914089,70.527333664185,99.845416169699,29.318082505514013,37931.628996203886,967,1369,402,105.96721569506632,65.42379484316348,80.78620385851642,718.8624007494828,19.05921231118259,-612.8951850544165,0.033221775929317236
Barangay 897,897,1380614090.0,City of Manila - Santa Ana,133914090,99.83825982591404,99.99999999999996,0.16174017408592078,108.85848381664255,2180,2184,4,324.49518661186744,65.42379484316348,80.78620385851642,718.8624007494828,19.21379614148354,-394.3672141376154,0.03282023057021126
Barangay 898,898,1380614091.0,City of Manila - Santa Ana,133914091,71.4086975541667,91.80350234582042,20.394804791653726,12192.346986886732,5578,7172,1594,1306.7559117515061,65.42379484316348,80.78620385851642,718.8624007494828,11.017298487304004,587.8935110020233,0.033384623175640726
Barangay 899,899,1380614092.0,City of Manila - Santa Ana,133914092,98.1046760161782,100.0,1.8953239838217968,312.66141017936025,1539,1569,30,951.1130039714501,65.42379484316348,80.78620385851642,718.8624007494828,19.213796141483584,232.25060322196725,0.033730703322246335
Barangay 900,900,1380614093.0,City of Manila - Santa Ana,133914093,51.3809779072973,96.84645212989356,45.465474222596264,29588.567000820396,4464,8415,3951,1335.142406555835,65.42379484316348,80.78620385851642,718.8624007494828,16.060248271377148,616.280005806352,0.033539962958199984
Barangay 901,901,1380614094.0,City of Manila - Santa Ana,133914094,96.97793584977047,100.0,3.022064150229525,227.5583716547908,1567,1616,49,2146.111185124617,65.42379484316348,80.78620385851642,718.8624007494828,19.213796141483584,1427.2487843751342,0.033328716986362486
Barangay 902,902,1380614095.0,City of Manila - Santa Ana,133914095,92.98227173593968,100.0,7.017728264060324,833.3023084470515,1243,1337,94,1125.9662422553793,65.42379484316348,80.78620385851642,718.8624007494828,19.213796141483584,407.1038415058964,0.03383142826858213
Barangay 903,903,1380614096.0,City of Manila - Santa Ana,133914096,100.0,100.0,0.0,0.0,3879,3879,0,1481.5359325504987,65.42379484316348,80.78620385851642,718.8624007494828,19.213796141483584,762.6735318010159,0.03376583465782533
Barangay 904,904,1380614097.0,City of Manila - Santa Ana,133914097,46.98121517415274,100.0,53.01878482584726,7030.338713048116,845,1799,954,1356.70268239957,65.42379484316348,80.78620385851642,718.8624007494828,19.213796141483584,637.8402816500871,0.033572440606588094
Barangay 905,905,1380614098.0,City of Manila - Santa Ana,133914098,43.67219808814989,62.40764378331448,18.735445695164586,30574.73772898427,3244,4636,1392,455.16953197526533,65.42379484316348,80.78620385851642,718.8624007494828,-18.37856007520194,-263.6928687742175,0.03384418860199679
