Barangay,Population,Barangay Area Sqm,Flood Area 5yr Sqm,Flood PCT 5yr,Flood Area 25yr Sqm,Flood PCT 25yr,Flood Area 100yr Sqm,Flood PCT 100yr,Flag 25yr Less than 5yr,Flag 100yr Less than 25yr,Flag 100yr Less than 5yr,Barangay No,barangay_clean,psgc_10d,city_name,city_code,brgy_code,bgypop2015,bgypop2020,bgyarea_sqkm,urban_rural2015,gida,flood5_summary_mean,flood5_summary_stddev,flood25_summary_mean,flood25_summary_stddev,flood100_summary_mean,flood100_summary_stddev,Population Density per Sqm,Population Density per Hectare,Flood Ratio 5yr,Flood Ratio 25yr,Flood Ratio 100yr,Affected Population 5yr,Affected Population 25yr,Affected Population 100yr,Flood Escalation 5to25,Flood Escalation 25to100,Flood Escalation 5to100,Flood Severity Increase 5to25 Sqm,Flood Severity Increase 25to100 Sqm,Flood Severity Increase 5to100 Sqm,Affected Population Increase 5to25,Affected Population Increase 25to100,Affected Population Increase 5to100,Population Growth 2015to2020,Population Growth Rate 2015to2020,Density 2015 per Hectare,Density 2020 per Hectare,Density Growth 2015to2020 per Hectare,Affected Pop 2015 25yr,Affected Pop 2020 25yr,Affected Pop Growth 25yr,Base Area Sqm,Area Difference Sqm,Area Difference Pct,District Avg Flood PCT 5yr,District Avg Flood PCT 25yr,District Avg Population Density per Hectare,Relative Flood Risk 25yr vs District,Relative Pop Density vs District,100yr Data Quality Note,Primary Hazard Index 5yr25yr,Supplementary Hazard Index 5yr25yr100yr
Barangay 1,3119.0,49547.4905221462,8264.845529826996,16.680654141571235,21069.565046191277,42.52398017367565,24194.31705659861,48.83055993680345,False,False,False,1,BARANGAY 1,1380601001.0,City of Manila - Tondo I / II,133901000,133901001,1976.0,2995.0,0.04952834,U,No,16509.4451112973,5818.73213621494,16509.4495676746,10586.7812535164,16509.4451112973,5818.73213621494,0.0629497067789115,629.4970677891149,0.16680654141571236,0.4252398017367565,0.4883055993680345,520,1326,1523,25.843326032104418,6.3065797631278,32.149905795232215,12804.719516364281,3124.7520104073337,15929.471526771615,806,197,1003,1019.0,51.56882591093117,398.80929975995224,604.4705732697657,205.6612735098135,840,1274,434,49528.34,19.15052214620664,0.03866578638857398,53.29317265767414,74.00979801597794,850.36660689753,-31.485817842302282,-220.8695391084151,OK,30.894483459228667,38.58578057090067
Barangay 2,1666.0,37885.968608624346,5076.648009076795,13.399810524894823,16510.818939359135,43.58030042711015,27996.492076118837,73.8967303840972,False,False,False,2,BARANGAY 2,1380601002.0,City of Manila - Tondo I / II,133901000,133901002,1662.0,1887.0,0.03787134,U,No,12623.7810229645,6596.80097408714,12623.7805249072,8233.4951424004,12623.7810229645,6596.80097408714,0.043974063780983876,439.74063780983874,0.13399810524894823,0.4358030042711015,0.738967303840972,223,726,1231,30.180489902215328,30.316429956987044,60.49691985920237,11434.17093028234,11485.673136759702,22919.844067042042,503,505,1008,225.0,13.537906137184116,438.6848379591549,498.0735795601235,59.388741600968615,724,822,98,37871.340000000004,14.628608624341723,0.03862712178745648,53.29317265767414,74.00979801597794,850.36660689753,-30.429497588867783,-410.62596908769126,OK,29.999079971113257,48.161749934351135
Barangay 3,1232.0,38940.5616643151,27962.08709355034,71.80709753135027,37710.27579040256,96.8406057300402,38350.77546868247,98.48541939195216,False,False,False,3,BARANGAY 3,1380601003.0,City of Manila - Tondo I / II,133901000,133901003,1134.0,1341.0,0.03892557,U,No,19462.7841828014,13716.1108122107,12975.1905578999,9594.26142868977,19462.7841828014,13716.1108122107,0.031637961738209784,316.3796173820979,0.7180709753135026,0.968406057300402,0.9848541939195217,885,1193,1213,25.03350819868993,1.644813661911968,26.678321860601898,9748.188696852216,640.4996782799135,10388.68837513213,308,20,328,207.0,18.253968253968253,291.21305690852193,344.370995868014,53.15793895949207,1098,1299,201,38925.57,14.991664315100934,0.03851366676223607,53.29317265767414,74.00979801597794,850.36660689753,22.83080771406226,-533.9869895154321,OK,85.57552704062974,91.2401541451325
Barangay 4,1717.0,40193.68735214498,9028.712129733309,22.46301029967951,26647.36186006734,66.29738054785679,37927.32290687298,94.36139206284824,False,False,False,4,BARANGAY 4,1380601004.0,City of Manila - Tondo I / II,133901000,133901004,1872.0,1691.0,0.04017817,U,No,13392.722948651,8309.99382987955,13392.722404716,7730.47308393067,13392.722948651,8309.99382987955,0.04271815086177632,427.18150861776314,0.2246301029967951,0.6629738054785679,0.9436139206284824,386,1138,1620,43.83437024817728,28.06401151499145,71.89838176316873,17618.64973033403,11279.961046805638,28898.61077713967,752,482,1234,-181.0,-9.668803418803419,465.74477817848145,420.71283114306203,-45.03194703541942,1241,1121,-120,40178.17,15.517352144983306,0.03862135120883631,53.29317265767414,74.00979801597794,850.36660689753,-7.712417468121146,-423.18509827976686,OK,46.57191393617702,66.56439259180905
Barangay 5,1321.0,24741.847790367072,6958.3624583700985,28.123859290247715,17729.880743596867,71.65948515171034,23759.84483036454,96.03100395603896,False,False,False,5,BARANGAY 5,1380601005.0,City of Manila - Tondo I / II,133901000,133901005,1199.0,1288.0,0.02473228,U,No,8244.09076255551,5107.10821788268,8244.09000601503,3599.12470986671,8244.09076255551,5107.10821788268,0.05339132352573581,533.9132352573581,0.28123859290247716,0.7165948515171034,0.9603100395603896,372,947,1269,43.53562586146263,24.371518804328616,67.90714466579124,10771.518285226768,6029.964086767672,16801.48237199444,575,322,897,89.0,7.422852376980818,484.60406440088747,520.5755087142144,35.97144431332691,859,923,64,24732.28,9.56779036707303,0.03868543606603609,53.29317265767414,74.00979801597794,850.36660689753,-2.3503128642675932,-316.4533716401719,OK,52.068453514052166,70.52418620807613
Barangay 6,506.0,41515.26892462197,32870.693828735224,79.17735975266729,39915.26892458499,96.14599630092232,41041.74202266886,98.85939098018882,False,False,False,6,BARANGAY 6,1380601006.0,City of Manila - Tondo I / II,133901000,133901006,664.0,771.0,0.04149926,U,No,20749.6361034799,17551.7484521926,13833.0907285711,11690.5767361948,20749.6361034799,17551.7484521926,0.012188286698051483,121.88286698051482,0.7917735975266729,0.9614599630092232,0.9885939098018882,401,486,500,16.968636548255034,2.7133946792665,19.682031227521534,7044.5750958497665,1126.4730980838722,8171.048193933639,85,14,99,107.0,16.114457831325304,159.94115350802736,185.71480324501368,25.77364973698633,638,741,103,41499.26,16.00892462196498,0.03857640984915148,53.29317265767414,74.00979801597794,850.36660689753,22.136198284944385,-728.4837399170152,OK,88.51010985420757,92.98919503556516
Barangay 7,1566.0,44040.72270426992,20195.05522847984,45.85541287341737,38556.59148917029,87.54759032469757,42990.22359920356,97.61470965833058,False,False,False,7,BARANGAY 7,1380601007.0,City of Manila - Tondo I / II,133901000,133901007,1010.0,1560.0,0.04402381,U,No,14674.6045179029,13401.6663659714,14674.6052248347,8358.65715195569,14674.6045179029,13401.6663659714,0.03555799959313951,355.57999593139516,0.4585541287341737,0.8754759032469757,0.9761470965833058,718,1371,1529,41.692177451280195,10.067119333633016,51.75929678491321,18361.536260690453,4433.632110033264,22795.168370723717,653,158,811,550.0,54.45544554455446,229.33320299534424,354.21762046805645,124.88441747271222,884,1366,482,44023.81,16.912704269925598,0.03841717531927745,53.29317265767414,74.00979801597794,850.36660689753,13.53779230871963,-494.78661096613484,OK,68.78611047162148,81.15139369533073
Barangay 8,301.0,36398.18589292193,17894.77861035803,49.163929935963885,29467.843619003408,80.95964921354442,30433.45904340485,83.61257105762243,False,False,False,8,BARANGAY 8,1380601008.0,City of Manila - Tondo I / II,133901000,133901008,137.0,147.0,0.03638425,U,No,9096.06375661927,10101.6267369739,9096.06391912256,6146.37907836167,9096.06375661927,10101.6267369739,0.008269642912575297,82.69642912575297,0.49163929935963885,0.8095964921354443,0.8361257105762243,148,244,252,31.795719277580538,2.6529218440780085,34.44864112165855,11573.065008645379,965.6154244014433,12538.680433046822,96,8,104,10.0,7.2992700729927,37.63923850574138,40.38662817769331,2.747389671951929,111,119,8,36384.25,13.935892921930645,0.03830199309297469,53.29317265767414,74.00979801597794,850.36660689753,6.949851197566488,-767.670177771777,OK,66.65157553863318,74.0718881317805
Barangay 9,453.0,12766.720027606732,7660.553113599722,60.00408168295815,12525.634618742017,98.1116104344468,12567.177605342427,98.4370110581824,False,False,False,9,BARANGAY 9,1380601009.0,City of Manila - Tondo I / II,133901000,133901009,437.0,447.0,0.01276183,U,No,4253.94408208701,5191.18108580406,4253.94383150761,2840.24655143494,4253.94408208701,5191.18108580406,0.03548288041254399,354.8288041254399,0.6000408168295815,0.981116104344468,0.9843701105818241,272,444,446,38.10752875148865,0.32540062373560374,38.432929375224255,4865.081505142295,41.542986600410586,4906.624491742706,172,2,174,10.0,2.2883295194508007,342.2962194322676,350.1290848655003,7.832865433232712,429,439,10,12761.83,4.890027606732474,0.03831760497305225,53.29317265767414,74.00979801597794,850.36660689753,24.101812418468867,-495.5378027720901,OK,80.96322249627691,88.71488849606888
Barangay 10,161.0,6057.586255228475,5544.134717214669,91.52382621756922,5999.129221978799,99.034978111963,6033.96419192838,99.61004165182617,False,False,False,10,BARANGAY 10,1380601010.0,City of Manila - Tondo I / II,133901000,133901010,378.0,160.0,0.00605527,U,No,2018.42340017335,2700.41484816209,1513.8177054027,2352.92195635702,2018.42340017335,2700.41484816209,0.026578243085030165,265.78243085030164,0.9152382621756923,0.99034978111963,0.9961004165182616,147,159,160,7.511151894393777,0.5750635398631658,8.086215434256943,454.9945047641304,34.83496994958114,489.82947471371153,12,1,13,-218.0,-57.67195767195767,624.0109246050561,264.13160829843645,-359.8793163066196,374,158,-216,6055.2699999999995,2.316255228475711,0.03825189014652875,53.29317265767414,74.00979801597794,850.36660689753,25.025180095985064,-584.5841760472283,OK,95.6549597594858,97.38721555430982
Barangay 11,2790.0,13361.453866220842,4926.125081338036,36.868181641458925,10852.22198075812,81.2203678537833,7714.5291013213155,57.737198201345855,False,True,False,11,BARANGAY 11,1380601011.0,City of Manila - Tondo I / II,133901000,133901011,2188.0,2758.0,0.01335627,U,No,6678.13520276339,3513.10312231333,4452.08888041096,4624.04880266693,6678.13520276339,3513.10312231333,0.20880961218250454,2088.096121825046,0.36868181641458925,0.812203678537833,0.5773719820134585,1029,2266,1611,44.352186212324376,-23.483169652437446,20.86901655988693,5926.096899420085,-3137.692879436805,2788.40401998328,1237,-655,582,570.0,26.051188299817184,1637.5463493022223,2064.146632255726,426.6002829535039,1777,2240,463,13356.27,5.183866220841082,0.038812229917792034,53.29317265767414,74.00979801597794,850.36660689753,7.210569837805366,1237.729514927516,Review 100yr value: lower than expected return-period progression,61.26188405823734,60.73905343972723
Barangay 12,1723.0,20566.10426082016,3337.611325767159,16.228699822968117,7607.444650650228,36.99020754816912,6379.390914272238,31.01895640209029,False,True,False,12,BARANGAY 12,1380601012.0,City of Manila - Tondo I / II,133901000,133901012,2654.0,2137.0,0.02055812,U,No,6852.70544162703,7807.68078448188,10279.0541071974,2674.56508873193,6852.70544162703,7807.68078448188,0.08377862808380454,837.7862808380454,0.16228699822968118,0.3699020754816912,0.3101895640209029,280,637,534,20.761507725201,-5.971251146078828,14.790256579122172,4269.8333248830695,-1228.0537363779904,3041.7795885050787,357,-103,254,-517.0,-19.480030143180105,1290.472889926972,1039.0883819796302,-251.38450794734172,982,790,-192,20558.12,7.98426082016158,0.03883750469479495,53.29317265767414,74.00979801597794,850.36660689753,-37.01959046780882,-12.580326059484605,Review 100yr value: lower than expected return-period progression,27.647529071828668,29.411330158437337
Barangay 13,2435.0,12419.706000889702,8241.271193490027,66.35641127817078,12299.262540478196,99.03022293440054,9904.001897097609,79.74425398143983,False,True,False,13,BARANGAY 13,1380601013.0,City of Manila - Tondo I / II,133901000,133901013,2280.0,2371.0,0.01241489,U,No,6207.44615352539,2345.18392597152,4138.29754500871,4918.76472711411,6207.44615352539,2345.18392597152,0.19605939140794199,1960.5939140794196,0.6635641127817078,0.9903022293440054,0.7974425398143983,1616,2411,1942,32.67381165622976,-19.285968952960715,13.387842703269044,4057.9913469881685,-2395.2606433805868,1662.7307036075817,795,-469,326,91.0,3.9912280701754383,1835.7922480907914,1909.0629036066957,73.27065551590431,2258,2348,90,12414.89,4.816000889702991,0.03879213500645589,53.29317265767414,74.00979801597794,850.36660689753,25.020424918422606,1110.2273071818895,Review 100yr value: lower than expected return-period progression,84.32700768909716,83.14738243915882
Barangay 14,2479.0,14470.697042811978,9151.683861361726,63.24286822041954,14070.697042993008,97.23579314365053,10514.13511363059,72.65811095708945,False,True,False,14,BARANGAY 14,1380601014.0,City of Manila - Tondo I / II,133901000,133901014,2283.0,2070.0,0.01446509,U,No,7232.54928993754,4783.55159491524,4821.69956037195,5005.16291385512,7232.54928993754,4783.55159491524,0.17131171999979036,1713.1171999979038,0.6324286822041953,0.9723579314365053,0.7265811095708945,1568,2410,1801,33.99292492323099,-24.577682186561077,9.41524273666991,4919.013181631282,-3556.5619293624186,1362.4512522688638,842,-609,233,-213.0,-9.329829172141919,1577.6710639754797,1430.4770488082536,-147.1940151672261,2220,2013,-207,14465.09,5.607042811978317,0.038762585037343825,53.29317265767414,74.00979801597794,850.36660689753,23.22599512767259,862.7505931003737,Review 100yr value: lower than expected return-period progression,81.93897692819658,78.90648903821834
Barangay 15,1104.0,6985.179037679551,729.5933623922025,10.444877052637016,2522.2124877168894,36.10805784807427,1644.1023658839667,23.53701110616245,False,True,False,15,BARANGAY 15,1380601015.0,City of Manila - Tondo I / II,133901000,133901015,1085.0,1119.0,0.00698246,U,No,2327.48797565875,1642.12049484431,3491.22961507307,969.997880553362,2327.48797565875,1642.12049484431,0.15804891958313277,1580.4891958313276,0.10444877052637017,0.36108057848074265,0.2353701110616245,115,399,260,25.66318079543725,-12.571046741911818,13.092134053525433,1792.619125324687,-878.1101218329227,914.5090034917642,284,-139,145,34.0,3.133640552995392,1553.2887477146653,1601.9632338181664,48.67448610350107,392,404,12,6982.46,2.719037679550638,0.0389409703679024,53.29317265767414,74.00979801597794,850.36660689753,-37.90174016790367,730.1225889337976,Review 100yr value: lower than expected return-period progression,24.559626490127506,24.66384395245023
Barangay 16,1371.0,10593.90741533321,4014.876075179071,37.89797208693834,6822.840738351348,64.40343936247955,6356.1681421087615,59.99833576900144,False,True,False,16,BARANGAY 16,1380601016.0,City of Manila - Tondo I / II,133901000,133901016,1792.0,1477.0,0.01058979,U,No,3529.92970322146,2964.82783015981,3529.93139471165,2784.72063525277,3529.92970322146,2964.82783015981,0.12941400620659266,1294.1400620659265,0.37897972086938336,0.6440343936247954,0.5999833576900144,520,883,823,26.505467275541207,-4.405103593478103,22.100363682063104,2807.9646631722767,-466.6725962425862,2341.2920669296905,363,-60,303,-315.0,-17.578125,1691.5382868141066,1394.1975723350645,-297.34071447904216,1154,951,-203,10589.79,4.117415333208555,0.038880991343629615,53.29317265767414,74.00979801597794,850.36660689753,-9.60635865349839,443.7734551683965,Review 100yr value: lower than expected return-period progression,52.475979088486,56.015031106203
Barangay 17,973.0,9083.652321570573,1789.351093227422,19.698586316192717,2663.027472174816,29.31670409545547,2124.323710945048,23.38622875184803,False,True,False,17,BARANGAY 17,1380601017.0,City of Manila - Tondo I / II,133901000,133901017,1211.0,1176.0,0.00908011,U,No,4540.05490377541,1218.01740960047,4540.05457889377,1878.06658003663,4540.05490377541,1218.01740960047,0.10711550437586181,1071.1550437586181,0.19698586316192718,0.2931670409545547,0.2338622875184803,192,285,228,9.618117779262754,-5.930475343607441,3.687642435655313,873.6763789473939,-538.7037612297681,334.9726177176258,93,-57,36,-35.0,-2.8901734104046244,1333.1641911528125,1294.633434183078,-38.53075696973451,355,345,-10,9080.11,3.5423215705723123,0.039011879487939154,53.29317265767414,74.00979801597794,850.36660689753,-44.693093920522465,220.78843686108814,Review 100yr value: lower than expected return-period progression,24.988551094787233,24.539984513196806
Barangay 18,2006.0,23254.75889479212,4419.857837233192,19.00625096664844,6956.854378125607,29.915831033120654,6974.853523750472,29.99323087074656,False,False,False,18,BARANGAY 18,1380601018.0,City of Manila - Tondo I / II,133901000,133901018,2140.0,1982.0,0.02324569,U,No,11622.8444168183,2316.72268416195,11622.8454016307,4668.70455685371,11622.8444168183,2316.72268416195,0.08626191348942523,862.6191348942524,0.1900625096664844,0.29915831033120655,0.2999323087074656,381,600,602,10.909580066472213,0.07739983762590796,10.98697990409812,2536.9965408924145,17.999145624865378,2554.99568651728,219,2,221,-158.0,-7.383177570093458,920.2417490895814,852.2986666801636,-67.9430824094178,640,593,-47,23245.69,9.068894792122592,0.03901323123608115,53.29317265767414,74.00979801597794,850.36660689753,-44.09396698285728,12.252527996722392,OK,25.00652000320816,27.219395951552965
Barangay 19,2260.0,18784.178994947804,1124.5499920944874,5.986686947547437,3271.2600550321263,17.4149748887719,4659.047748925297,24.80304169896589,False,False,False,19,BARANGAY 19,1380601019.0,City of Manila - Tondo I / II,133901000,133901019,2361.0,2272.0,0.01877684,U,No,9388.42594086702,1825.27900259687,9388.4218297342,6118.43750747441,9388.42594086702,1825.27900259687,0.1203140153534445,1203.140153534445,0.059866869475474364,0.174149748887719,0.24803041698965891,135,394,561,11.428287941224465,7.38806681019399,18.816354751418455,2146.710062937639,1387.7876938931709,3534.4977568308095,259,167,426,-89.0,-3.7695891571368065,1256.9088064136392,1209.5285083319732,-47.38029808166607,411,396,-15,18776.84,7.338994947804167,0.039085357002584926,53.29317265767414,74.00979801597794,850.36660689753,-56.594823127206034,352.77354663691506,OK,12.272245315220893,17.513129627543382
Barangay 20,43691.0,1372542.31809553,237854.05251124696,17.329451294535033,324304.43408416584,23.628009847751304,342564.34545608645,24.958381314713225,False,False,False,20,BARANGAY 20,1380601020.0,City of Manila - Tondo I / II,133901000,133901020,38602.0,45772.0,1.37198854,U,No,317666.875966172,343306.522653396,317666.882726628,371078.695000974,317666.875966172,343306.522653396,0.03183216970725057,318.32169707250563,0.17329451294535034,0.23628009847751305,0.24958381314713227,7571,10323,10905,6.298558553216271,1.330371466961921,7.628930020178192,86450.38157291888,18259.911371920607,104710.29294483949,2752,582,3334,7170.0,18.57416714159888,281.2445160420421,333.4833425282719,52.23882648622981,9121,10815,1694,1371988.54,553.7780955298804,0.040363172095437494,53.29317265767414,74.00979801597794,850.36660689753,-50.381788168226635,-532.0449098250244,OK,20.793658498803982,22.585518796232005
Barangay 25,3000.0,22004.219504083187,5591.178495208884,25.409574259933933,12702.56495021588,57.7278596400965,7580.09830028592,34.44838522393093,False,True,False,25,BARANGAY 25,1380601025.0,City of Manila - Tondo I / II,133901000,133901025,2606.0,2545.0,0.02199568,U,No,7331.89228214324,5295.10748744346,10997.8418762215,1699.79377857858,7331.89228214324,5295.10748744346,0.13633748742795937,1363.3748742795938,0.2540957425993393,0.577278596400965,0.3444838522393093,762,1732,1033,32.318285380162564,-23.27947441616557,9.038810963996994,7111.386455006996,-5122.466649929959,1988.9198050770365,970,-699,271,-61.0,-2.340752110514198,1184.3183074575404,1156.596351680522,-27.721955777018366,1504,1469,-35,21995.68,8.53950408318633,0.038823551184534094,53.29317265767414,74.00979801597794,850.36660689753,-16.281938375881438,513.0082673820638,Review 100yr value: lower than expected return-period progression,43.184631219023345,40.33649852858963
Barangay 26,2340.0,19616.637413638004,4401.821645196067,22.439226215884503,8511.918694317912,43.39132398093978,7199.71610636051,36.70209095752097,False,True,False,26,BARANGAY 26,1380601026.0,City of Manila - Tondo I / II,133901000,133901026,2806.0,2555.0,0.01960902,U,No,9804.5076101484,2545.43368228691,9804.50619551738,1295.89533995936,9804.5076101484,2545.43368228691,0.11928649903949239,1192.8649903949238,0.22439226215884503,0.43391323980939783,0.3670209095752097,525,1015,859,20.952097765055278,-6.689233023418808,14.26286474163647,4110.097049121845,-1312.202587957402,2797.894461164443,490,-156,334,-251.0,-8.94511760513186,1430.4184457470753,1302.4658335295003,-127.95261221757505,1218,1109,-109,19609.02,7.6174136380032,0.038846477988207465,53.29317265767414,74.00979801597794,850.36660689753,-30.618474035038155,342.4983834973938,Review 100yr value: lower than expected return-period progression,33.96287998666491,35.47760633030844
Barangay 28,2515.0,22585.773518059108,9168.22454880374,40.5929181104779,12833.931636320236,56.82307770446072,12491.245674815707,55.30581303681262,False,True,False,28,BARANGAY 28,1380601028.0,City of Manila - Tondo I / II,133901000,133901028,2578.0,2787.0,0.02257695,U,No,7525.64827517736,6322.06457380174,7525.64900930669,5000.99197326511,7525.64827517736,6322.06457380174,0.11135328165710415,1113.5328165710414,0.40592918110477905,0.5682307770446072,0.5530581303681262,1021,1429,1391,16.23015959398282,-1.5172646676480994,14.71289492633472,3665.7070875164954,-342.6859615045287,3323.0211260119668,408,-38,370,209.0,8.107059736229635,1141.4264815587057,1233.9626082638142,92.53612670510847,1465,1584,119,22576.949999999997,8.823518059110938,0.03908197546219015,53.29317265767414,74.00979801597794,850.36660689753,-17.186720311517213,263.1662096735114,Review 100yr value: lower than expected return-period progression,49.51950588716846,52.15863193890578
Barangay 29,4422.0,72932.47204782291,8214.861348498875,11.263654059487065,13183.511725282591,18.07632643610101,11815.514689178535,16.20062279176678,False,True,False,29,BARANGAY 29,1380601029.0,City of Manila - Tondo I / II,133901000,133901029,4652.0,4406.0,0.07290377,U,No,33649.5069773415,14914.2094420943,33649.5073779057,20471.1653626828,33649.5069773415,14914.2094420943,0.060631428989551164,606.3142898955116,0.11263654059487065,0.1807632643610101,0.1620062279176678,498,799,716,6.8126723766139445,-1.87570364433423,4.9369687322797144,4968.650376783717,-1367.997036104056,3600.6533406796607,301,-83,218,-246.0,-5.28804815133276,637.8503113057259,604.1204797104532,-33.729831595272685,841,796,-45,72903.77,28.702047822909663,0.03936977171812879,53.29317265767414,74.00979801597794,850.36660689753,-55.93347157987692,-244.0523170020184,Review 100yr value: lower than expected return-period progression,15.010623866624735,15.62287688421383
Barangay 30,170.0,11794.249774279502,1597.801563721443,13.547292912228077,1922.789678819586,16.30277224595277,1143.2338326614838,9.693145851079136,False,True,True,30,BARANGAY 30,1380601030.0,City of Manila - Tondo I / II,133901000,133901030,436.0,166.0,0.01178961,U,No,5851.81469094413,3630.14063307357,5851.81466305555,3929.78026989149,5851.81469094413,3630.14063307357,0.014413803612225528,144.13803612225527,0.13547292912228076,0.1630277224595277,0.09693145851079135,23,28,16,2.7554793337246934,-6.609626394873635,-3.8541470611489412,324.988115098143,-779.5558461581022,-454.5677310599592,5,-12,-7,-270.0,-61.92660550458715,369.67166911354883,140.74655291937867,-228.92511619417016,71,27,-44,11789.61,4.63977427950158,0.03935477322406407,53.29317265767414,74.00979801597794,850.36660689753,-57.70702577002517,-706.2285707752748,Review 100yr value: lower than expected return-period progression,15.06280654577666,12.970051854572143
Barangay 31,3101.0,17506.60214142014,1613.966254962306,9.219186235709936,3377.2531097928486,19.29131125795314,1818.883605271489,10.389700928703125,False,True,False,31,BARANGAY 31,1380601031.0,City of Manila - Tondo I / II,133901000,133901031,2835.0,2881.0,0.01749978,U,No,8749.88804169362,3292.60317285171,8749.88578425338,5373.949786318,8749.88804169362,3292.60317285171,0.17713317381350202,1771.3317381350203,0.09219186235709936,0.1929131125795314,0.10389700928703124,286,598,322,10.072125022243204,-8.901610329250015,1.1705146929931889,1763.2868548305426,-1558.3695045213597,204.9173503091829,312,-276,36,46.0,1.6225749559082892,1619.3890608232127,1645.6648621628485,26.27580133963579,547,556,9,17499.78,6.822141420139815,0.038984155344466136,53.29317265767414,74.00979801597794,850.36660689753,-54.718486758024795,920.9651312374903,Review 100yr value: lower than expected return-period progression,14.758854997943699,13.212635870692331
Barangay 32,2221.0,16070.570231304697,3431.427943272597,21.35224757979241,6912.032917141289,43.010501915339525,6879.003099383598,42.80497207238877,False,True,False,32,BARANGAY 32,1380601032.0,City of Manila - Tondo I / II,133901000,133901032,2221.0,2219.0,0.01606431,U,No,5354.76968342777,5982.19211470458,8032.15750507839,1122.81668865232,5354.76968342777,5982.19211470458,0.1382029366744933,1382.0293667449328,0.2135224757979241,0.4301050191533953,0.4280497207238877,474,955,951,21.658254335547113,-0.20552984295075305,21.45272449259636,3480.6049738686916,-33.02981775769058,3447.575156111001,481,-4,477,-2.0,-0.09004952723998198,1382.0293667449328,1380.7848558338612,-1.2445109110715293,955,954,-1,16064.309999999998,6.2602313046991185,0.038969811368799026,53.29317265767414,74.00979801597794,850.36660689753,-30.99929610063841,531.6627598474028,Review 100yr value: lower than expected return-period progression,33.264287464343326,37.513726394272446
Barangay 33,4343.0,23880.55956218546,1634.7502981419643,6.8455276095396425,5835.2039807117935,24.43495499138873,7832.468892895722,32.79851492801002,False,False,False,33,BARANGAY 33,1380601033.0,City of Manila - Tondo I / II,133901000,133901033,4206.0,4082.0,0.02387124,U,No,11935.6183645386,2528.09546740715,11935.6183378662,6102.69230501373,11935.6183645386,2528.09546740715,0.18186341022247574,1818.6341022247577,0.06845527609539642,0.2443495499138873,0.3279851492801002,297,1061,1424,17.589427381849084,8.363559936621293,25.952987318470377,4200.453682569829,1997.2649121839286,6197.718594753758,764,363,1127,-124.0,-2.948169281978126,1761.2652622512849,1709.340180815441,-51.92508143584382,1028,997,-31,23871.239999999998,9.319562185461109,0.039040963877289614,53.29317265767414,74.00979801597794,850.36660689753,-49.57484302458921,968.2674953272277,OK,16.519712669556643,23.383022120574978
Barangay 34,1930.0,11563.645893573814,689.8254029968609,5.9654663360127005,1588.4887831430678,13.73691997976026,2808.410458027969,24.28654841107395,False,False,False,34,BARANGAY 34,1380601034.0,City of Manila - Tondo I / II,133901000,133901034,1612.0,1854.0,0.01155912,U,No,5779.56066866716,2009.77017275161,5779.55964428915,4191.6924599765,5779.56066866716,2009.77017275161,0.16690237817404507,1669.0237817404509,0.05965466336012701,0.13736919979760262,0.24286548411073952,115,265,469,7.77145364374756,10.54962843131369,18.321082075061252,898.6633801462069,1219.9216748849012,2118.585055031108,150,204,354,242.0,15.012406947890819,1394.024008375962,1603.300565464661,209.27655708869906,221,255,34,11559.12,4.525893573812937,0.03915430909803632,53.29317265767414,74.00979801597794,850.36660689753,-60.272878036217676,818.6571748429209,OK,10.23976584007386,16.013907941348847
Barangay 35,2289.0,15319.708553146847,1557.130231499685,10.164228817393736,2841.9282875490026,18.55079865057379,4011.71216533255,26.186608912403216,False,False,False,35,BARANGAY 35,1380601035.0,City of Manila - Tondo I / II,133901000,133901035,2412.0,2265.0,0.01531375,U,No,7656.87463532871,2718.32565645196,7656.87684397477,4816.05433825587,7656.87463532871,2718.32565645196,0.14941537510710753,1494.1537510710755,0.10164228817393736,0.18550798650573788,0.26186608912403214,233,425,599,8.386569833180053,7.635810261829427,16.02238009500948,1284.7980560493177,1169.7838777835473,2454.5819338328647,192,174,366,-147.0,-6.0945273631840795,1574.4424847459302,1478.487656695494,-95.95482805043616,447,420,-27,15313.75,5.958553146847407,0.03890982383052751,53.29317265767414,74.00979801597794,850.36660689753,-55.458999365404146,643.7871441735455,OK,14.776842225642767,19.508480297010546
Barangay 36,2267.0,11737.514043886178,0.0,0.0,1895.304837301161,16.147412733349487,2505.7869966893118,21.34853246880265,False,False,False,36,BARANGAY 36,1380601036.0,City of Manila - Tondo I / II,133901000,133901036,2024.0,2231.0,0.01173294,U,No,5866.4721083823,2373.36996561691,5866.47132626931,3971.90543113802,5866.4721083823,2373.36996561691,0.19314140894943868,1931.4140894943866,0.0,0.16147412733349487,0.2134853246880265,0,366,484,16.147412733349487,5.201119735453162,21.34853246880265,1895.304837301161,610.4821593881509,2505.7869966893118,366,118,484,207.0,10.227272727272728,1724.3855832098095,1900.7431996744492,176.3576164646397,327,360,33,11732.94,4.574043886177606,0.038984635446679225,53.29317265767414,74.00979801597794,850.36660689753,-57.86238528262845,1081.0474825968568,OK,8.881077003342218,14.191007444193378
Barangay 37,2456.0,9995.890521297011,5769.272731597574,57.71644576644469,7364.786141074862,73.67813928517545,8961.136867336598,89.6482094141008,False,False,False,37,BARANGAY 37,1380601037.0,City of Manila - Tondo I / II,133901000,133901037,1960.0,2057.0,0.00999197,U,No,3330.65721109186,1918.21876329071,3330.65679367373,1545.22027375192,3330.65721109186,1918.21876329071,0.24570097029047125,2457.0097029047124,0.5771644576644469,0.7367813928517545,0.8964820941410081,1418,1810,2202,15.961693518730755,15.970070128925357,31.931763647656112,1595.5134094772875,1596.3507262617359,3191.8641357390234,392,392,784,97.0,4.948979591836735,1960.805788963044,2057.8456672943785,97.03987833133442,1444,1516,72,9991.97,3.9205212970118737,0.03923672005632397,53.29317265767414,74.00979801597794,850.36660689753,-0.33165873080248787,1606.6430960071825,OK,66.4953772017466,76.0757439570629
Barangay 38,3144.0,13942.730749929577,0.0,0.0,175.21898394903764,1.2567049245351216,590.4878188275329,4.235094469069594,False,False,False,38,BARANGAY 38,1380601038.0,City of Manila - Tondo I / II,133901000,133901038,3001.0,2870.0,0.01393727,U,No,6968.63333006007,6003.93617318176,6968.63382723112,6793.48344559219,6968.63333006007,6003.93617318176,0.22549384739541642,2254.9384739541642,0.0,0.012567049245351215,0.04235094469069594,0,40,133,1.2567049245351216,2.9783895445344726,4.235094469069594,175.21898394903764,415.2688348784953,590.4878188275329,40,93,133,-131.0,-4.365211596134621,2152.3760688093025,2058.420299061212,-93.95576974809046,38,36,-2,13937.27,5.460749929576195,0.039180915125962223,53.29317265767414,74.00979801597794,850.36660689753,-72.7530930914428,1404.5718670566343,OK,0.691187708494317,2.1338845112151303
Barangay 39,2498.0,103810.599987294,6866.508867192186,6.614458319316737,8721.404515894186,8.401265879362658,11109.882089463385,10.702069047691843,False,False,False,39,BARANGAY 39,1380601039.0,City of Manila - Tondo I / II,133901000,133901039,2460.0,2324.0,0.10376971,U,No,32584.7902263695,38648.9268563061,32584.7898116547,40061.4987367535,32584.7902263695,38648.9268563061,0.024063053294227615,240.63053294227615,0.06614458319316736,0.08401265879362657,0.10702069047691844,165,210,267,1.7868075600459212,2.3008031683291854,4.087610728375107,1854.8956487020005,2388.4775735691983,4243.373222271199,45,57,102,-136.0,-5.528455284552845,236.97002043154495,223.86923881419125,-13.100781617353704,207,195,-12,103769.71,40.889987293994636,0.03940455003102026,53.29317265767414,74.00979801597794,850.36660689753,-65.60853213661528,-609.7360739552539,OK,7.597202477341994,8.874885256682852
Barangay 41,3957.0,21122.17759594021,15231.969545479717,72.1136325849631,17211.61932836469,81.48600801307933,16507.35511641949,78.15176745598562,False,True,False,41,BARANGAY 41,1380601041.0,City of Manila - Tondo I / II,133901000,133901041,3706.0,3825.0,0.02111391,U,No,7037.97035410863,3266.69971249487,7037.97156470085,4945.01983496472,7037.97035410863,3266.69971249487,0.1873386388324164,1873.3863883241636,0.7211363258496309,0.8148600801307933,0.7815176745598562,2854,3224,3092,9.372375428116229,-3.3342405570937075,6.038134871022521,1979.6497828849733,-704.2642119451993,1275.385570939774,370,-132,238,119.0,3.211009174311927,1754.5539436768638,1810.8928317765797,56.33888809971586,3020,3117,97,21113.91,8.267595940211322,0.03915710515111281,53.29317265767414,74.00979801597794,850.36660689753,7.4762099971013924,1023.0197814266336,Review 100yr value: lower than expected return-period progression,77.26843907042704,77.80921793321279
Barangay 42,2196.0,17600.87702431348,9309.142942682896,52.89022206009078,12946.5274153853,73.55614948903536,12107.457751172064,68.78894576927661,False,True,False,42,BARANGAY 42,1380601042.0,City of Manila - Tondo I / II,133901000,133901042,2238.0,2142.0,0.01759401,U,No,5864.66722819217,4046.94669922309,5864.66770724922,4113.5019393258,5864.66722819217,4046.94669922309,0.12476651004188553,1247.6651004188552,0.5289022206009077,0.7355614948903536,0.6878894576927661,1161,1615,1511,20.665927428944585,-4.767203719758754,15.89872370918583,3637.3844727024043,-839.069664213237,2798.3148084891673,454,-104,350,-96.0,-4.289544235924933,1271.5275476946258,1216.9848110642934,-54.542736630332456,1646,1576,-70,17594.01,6.867024313480215,0.03903046726403029,53.29317265767414,74.00979801597794,850.36660689753,-0.4536485269425725,397.2984935213252,Review 100yr value: lower than expected return-period progression,64.2564821460103,66.48278614389571
Barangay 43,2949.0,12922.987678959606,5105.1442199107205,39.504364986918574,6995.192580999012,54.12984021015623,8312.541414688345,64.32368134361299,False,False,False,43,BARANGAY 43,1380601043.0,City of Manila - Tondo I / II,133901000,133901043,3388.0,3362.0,0.01291792,U,No,4305.9730404955,1705.48515851932,4305.97370845113,2073.50572448614,4305.9730404955,1705.48515851932,0.22819800446001942,2281.980044600194,0.3950436498691857,0.5412984021015623,0.6432368134361299,1165,1596,1897,14.625475223237657,10.193841133456758,24.819316356694415,1890.0483610882911,1317.3488336893333,3207.3971947776245,431,301,732,-26.0,-0.7674144037780402,2621.684771483709,2601.5655849256877,-20.119186558021283,1834,1820,-14,12917.92,5.067678959605473,0.03922983699856845,53.29317265767414,74.00979801597794,850.36660689753,-19.879957805821704,1431.6134377026642,OK,47.54837635969929,54.551007857729516
Barangay 44,841.0,52155.50910858352,6896.3956892647,13.222755960270597,8515.15888451596,16.326480232007885,8147.79252174194,15.622112910026246,False,True,False,44,BARANGAY 44,1380601044.0,City of Manila - Tondo I / II,133901000,133901044,951.0,800.0,0.05213494,U,No,16127.464153131,15460.0020031103,16127.464621031,17066.7335773787,16127.464153131,15460.0020031103,0.016124854581499846,161.24854581499847,0.13222755960270596,0.16326480232007884,0.15622112910026245,111,137,131,3.1037242717372884,-0.7043673219816391,2.3993569497556493,1618.7631952512602,-367.3663627740207,1251.3968324772395,26,-6,20,-151.0,-15.878023133543639,182.33931875156188,153.387439538643,-28.95187921291887,155,131,-24,52134.939999999995,20.56910858352785,0.039453595963720015,53.29317265767414,74.00979801597794,850.36660689753,-57.683317783970054,-689.1180610825315,Review 100yr value: lower than expected return-period progression,14.929804309726105,15.268802235280907
Barangay 45,2312.0,17654.379443777296,825.2576634312843,4.674520937195365,4450.354232061649,25.208216727381384,7461.385508273503,42.26365209853606,False,False,False,45,BARANGAY 45,1380601045.0,City of Manila - Tondo I / II,133901000,133901045,2329.0,2264.0,0.01764752,U,No,8823.75763145245,949.496991137046,8823.75621476375,4375.13230076439,8823.75763145245,949.496991137046,0.13095900693439094,1309.5900693439096,0.04674520937195365,0.25208216727381383,0.42263652098536064,108,583,977,20.53369579018602,17.05543537115468,37.589131161340696,3625.0965686303643,3011.0312762118538,6636.127844842218,475,394,869,-65.0,-2.7908973808501503,1319.2194080890854,1282.4013481810603,-36.818059908025134,587,571,-16,17647.52,6.8594437772953825,0.0388691656238122,53.29317265767414,74.00979801597794,850.36660689753,-48.80158128859655,459.2234624463796,OK,15.968053621797676,26.896966928296752
Barangay 46,2173.0,16348.344193853129,4532.261317122091,27.72306028904256,8426.354872348253,51.54255851498715,8252.035847138246,50.47627912214473,False,True,False,46,BARANGAY 46,1380601046.0,City of Manila - Tondo I / II,133901000,133901046,1914.0,2088.0,0.01634197,U,No,5447.32285689904,3837.70305005558,5447.32231570951,3712.55071190244,5447.32285689904,3837.70305005558,0.1329186597880068,1329.186597880068,0.2772306028904256,0.5154255851498715,0.5047627912214473,602,1120,1097,23.81949822594459,-1.066279392842418,22.75321883310217,3894.0935552261617,-174.31902521000666,3719.774530016155,518,-23,495,174.0,9.090909090909092,1170.760767759986,1277.1935648290757,106.4327970690897,987,1076,89,16341.970000000001,6.374193853127508,0.039005051735669004,53.29317265767414,74.00979801597794,850.36660689753,-22.467239500990786,478.8199909825379,Review 100yr value: lower than expected return-period progression,40.82378431331209,45.16117220136404
Barangay 47,1677.0,33261.71559693498,5210.933581699755,15.666460638548472,16238.175355684867,48.8194161493618,22022.39194166628,66.20942890779696,False,False,False,47,BARANGAY 47,1380601047.0,City of Manila - Tondo I / II,133901000,133901047,1490.0,1123.0,0.0332488,U,No,11082.9340079685,349.782201513359,11082.9360549887,6998.32843647735,11082.9340079685,349.782201513359,0.050418325390123093,504.1832539012309,0.1566646063854847,0.488194161493618,0.6620942890779696,263,819,1110,33.15295551081333,17.390012758435162,50.54296826924849,11027.241773985112,5784.216585981412,16811.458359966524,556,291,847,-367.0,-24.630872483221477,447.9624617250054,337.6253990048195,-110.33706272018594,727,548,-179,33248.8,12.915596934974019,0.03884530249204187,53.29317265767414,74.00979801597794,850.36660689753,-25.190381866616136,-346.1833529962991,OK,33.9005861694958,47.48718237503253
Barangay 48,4191.0,16896.73078354383,12886.115328834008,76.26395599191375,16894.636297598023,99.98760419413296,16494.08669009188,97.61702959815103,False,True,False,48,BARANGAY 48,1380601048.0,City of Manila - Tondo I / II,133901000,133901048,4174.0,4070.0,0.01689029,U,No,5630.096419379,6927.91109189749,4222.57236704566,6014.03378197483,5630.096419379,6927.91109189749,0.24803614697357462,2480.361469735746,0.7626395599191375,0.9998760419413295,0.9761702959815104,3196,4190,4091,23.72364820221921,-2.370574595981921,21.353073606237288,4008.5209687640145,-400.5496075061419,3607.9713612578726,994,-99,895,-104.0,-2.4916147580258743,2470.3003518675746,2408.749983732877,-61.55036813469769,4173,4069,-104,16890.289999999997,6.440783543832367,0.03813305481334168,53.29317265767414,74.00979801597794,850.36660689753,25.97780617815502,1629.9948628382162,Review 100yr value: lower than expected return-period progression,89.31196250313431,93.10846230518538
Barangay 49,2184.0,19847.556908316576,14467.928073654386,72.89525930313367,19847.099350492445,99.9976946390619,19191.82178039756,96.6961418428066,False,True,False,49,BARANGAY 49,1380601049.0,City of Manila - Tondo I / II,133901000,133901049,2052.0,2119.0,0.01983998,U,No,6613.32664078706,7899.86789937892,4959.99487488956,7034.83134688486,6613.32664078706,7899.86789937892,0.11003873222728257,1100.3873222728257,0.7289525930313367,0.9999769463906191,0.9669614184280659,1592,2184,2112,27.102435335928234,-3.301552796255308,23.800882539672926,5379.1712768380585,-655.2775700948841,4723.893706743174,592,-72,520,67.0,3.2651072124756335,1033.8803962013912,1067.6376995861344,33.75730338474318,2052,2119,67,19839.98,7.576908316576009,0.03819010057760144,53.29317265767414,74.00979801597794,850.36660689753,25.98789662308397,250.0207153752957,Review 100yr value: lower than expected return-period progression,87.80159873789421,91.90146468657773
Barangay 50,3806.0,35383.035417441046,30237.408906710705,85.45736268801305,35383.035417441046,100.0,35383.035417441046,100.0,False,False,False,50,BARANGAY 50,1380601050.0,City of Manila - Tondo I / II,133901000,133901050,3869.0,4217.0,0.03536958,U,No,17684.7938710109,17584.8318275113,17684.7940380244,9643.28758277743,17684.7938710109,17584.8318275113,0.10756567250654651,1075.6567250654653,0.8545736268801305,1.0,1.0,3253,3806,3806,14.542637311986951,0.0,14.542637311986951,5145.626510730341,0.0,5145.626510730341,553,0,553,348.0,8.994572240889118,1093.4618679133696,1191.8140855494132,98.35221763604363,3869,4217,348,35369.579999999994,13.455417441051395,0.03804234441305607,53.29317265767414,74.00979801597794,850.36660689753,25.990201984022065,225.29011816793525,OK,93.45581320960588,96.36434067200327
Barangay 51,2614.0,40236.7749354893,33666.22176172492,83.67027878278316,40036.774935436624,99.5029422701662,39494.69657907292,98.15572108449014,False,True,False,51,BARANGAY 51,1380601051.0,City of Manila - Tondo I / II,133901000,133901051,3019.0,2580.0,0.04022146,U,No,13407.1542657988,14968.5040513555,10055.3652114501,13165.1072133417,13407.1542657988,14968.5040513555,0.06496544527216623,649.6544527216623,0.8367027878278316,0.9950294227016621,0.9815572108449014,2187,2601,2566,15.832663487383044,-1.3472211856760623,14.485442301706982,6370.553173711705,-542.0783563637015,5828.474817348004,414,-35,379,-439.0,-14.541238820801588,750.3086429864952,641.2044713167134,-109.10417166978186,3004,2567,-437,40221.46,15.314935489303025,0.038076528025842486,53.29317265767414,74.00979801597794,850.36660689753,25.493144254188266,-200.71215417586768,Review 100yr value: lower than expected return-period progression,92.37824370084384,95.00588792405001
Barangay 52,2249.0,26390.234921752974,23949.429092378425,90.7511023050324,26390.234921752974,100.0,26290.234921711068,99.62107195961536,False,True,False,52,BARANGAY 52,1380601052.0,City of Manila - Tondo I / II,133901000,133901052,2876.0,2732.0,0.02638018,U,No,8793.39243698485,9197.89544257733,8793.39249597172,8558.78498849059,8793.39243698485,9197.89544257733,0.08522091624679672,852.2091624679672,0.907511023050324,1.0,0.9962107195961536,2041,2249,2240,9.248897694967596,-0.37892804038463623,8.86996965458296,2440.805829374549,-100.00000004190588,2340.805829332643,208,-9,199,-144.0,-5.006954102920723,1089.7970436895837,1035.2314058970592,-54.56563779252451,2876,2732,-144,26380.18,10.054921752973314,0.03811544027741021,53.29317265767414,74.00979801597794,850.36660689753,25.990201984022065,1.8425555704371845,Review 100yr value: lower than expected return-period progression,95.83799603726459,97.53620436010425
Barangay 53,3218.0,24537.81810267776,22037.600286624376,89.81075739663855,24537.81810267776,100.0,24537.81810267776,100.0,False,False,False,53,BARANGAY 53,1380601053.0,City of Manila - Tondo I / II,133901000,133901053,2582.0,2916.0,0.0245285,U,No,12264.2520375671,12064.3278854297,12264.2518545254,8059.09672448482,12264.2520375671,12064.3278854297,0.13114450463909938,1311.4450463909936,0.8981075739663855,1.0,1.0,2890,3218,3218,10.18924260336145,0.0,10.18924260336145,2500.217816053384,0.0,2500.217816053384,328,0,328,334.0,12.935708752904725,1052.2532970110458,1188.3697188552321,136.11642184418633,2582,2916,334,24528.5,9.31810267776018,0.037988881006829525,53.29317265767414,74.00979801597794,850.36660689753,25.990201984022065,461.07843949346363,OK,95.41484082848736,97.45268934915964
Barangay 54,1818.0,27060.481479580278,25960.481479634407,95.93503167792517,27060.481479580278,100.0,27060.481479580278,100.0,False,False,False,54,BARANGAY 54,1380601054.0,City of Manila - Tondo I / II,133901000,133901054,1791.0,1648.0,0.02705023,U,No,27050.2211841093,0.0,13525.1106070321,11279.6014748701,27050.2211841093,0.0,0.06718284008996125,671.8284008996126,0.9593503167792516,1.0,1.0,1744,1818,1818,4.064968322074833,0.0,4.064968322074833,1099.9999999458705,0.0,1099.9999999458705,74,0,74,-143.0,-7.984366275823563,661.8507513813015,609.0061631917281,-52.844588189573415,1791,1648,-143,27050.230000000003,10.251479580274463,0.03789793868767275,53.29317265767414,74.00979801597794,850.36660689753,25.990201984022065,-178.53820599791743,OK,98.17076425506633,98.98375791948129
Barangay 55,2427.0,36490.61296607937,29638.04167541377,81.22100251635796,34029.00607615572,93.25413663998496,35292.979490887614,96.71796832707348,False,False,False,55,BARANGAY 55,1380601055.0,City of Manila - Tondo I / II,133901000,133901055,2797.0,2492.0,0.0364767,U,No,9119.17861886338,13355.2640254042,12158.9058262497,11319.1106600254,9119.17861886338,13355.2640254042,0.06651025572675553,665.1025572675554,0.8122100251635795,0.9325413663998496,0.9671796832707348,1971,2263,2347,12.033134123627008,3.463831687088515,15.496965810715523,4390.964400741948,1263.973414731896,5654.937815473844,292,84,376,-305.0,-10.904540579191991,766.4984971888556,682.915357524,-83.5831396648556,2608,2324,-284,36476.700000000004,13.912966079362377,0.0381420635072865,53.29317265767414,74.00979801597794,850.36660689753,19.244338624007028,-185.26404962997458,OK,87.8392262843528,91.63138578391363
Barangay 56,3377.0,53006.19943139554,45993.290745174665,86.76964437848919,52938.63619179994,99.87253709882928,52570.92628042439,99.17882595688737,False,True,False,56,BARANGAY 56,1380601056.0,City of Manila - Tondo I / II,133901000,133901056,3324.0,3457.0,0.05298594,U,No,17661.9776121415,24420.777214069,13246.4829417627,17761.713049446,17661.9776121415,24420.777214069,0.06370952900274916,637.0952900274916,0.8676964437848919,0.9987253709882928,0.9917882595688736,2930,3373,3349,13.102892720340094,-0.6937111419419182,12.409181578398176,6945.345446625273,-367.70991137554665,6577.635535249727,443,-24,419,133.0,4.001203369434416,627.0964595947238,652.1878642656318,25.09140467090799,3320,3453,133,52985.94,20.259431395534193,0.0382354854807411,53.29317265767414,74.00979801597794,850.36660689753,25.86273908285135,-213.2713168700384,Review 100yr value: lower than expected return-period progression,93.97623537467624,96.3193294619675
Barangay 57,815.0,27530.998175311262,14955.10969779868,54.3209861210548,22930.99817548822,83.2915611321781,27195.24990712787,98.78047186649236,False,False,False,57,BARANGAY 57,1380601057.0,City of Manila - Tondo I / II,133901000,133901057,1115.0,882.0,0.02752042,U,No,13760.2091117696,5866.0003972007,9173.47274056273,3596.03616471484,13760.2091117696,5866.0003972007,0.029602994951736277,296.0299495173628,0.543209861210548,0.832915611321781,0.9878047186649236,443,679,805,28.9705750111233,15.48891073431426,44.45948574543756,7975.888477689541,4264.251731639648,12240.140209329189,236,126,362,-233.0,-20.896860986547086,404.99802909430616,320.3661539562135,-84.63187513809265,929,735,-194,27520.420000000002,10.578175311260566,0.038437550412604764,53.29317265767414,74.00979801597794,850.36660689753,9.281763116200167,-554.3366573801673,OK,70.25480237717262,82.24448167312298
Barangay 58,4088.0,29865.975261660675,26780.685036241503,89.66954804459442,29865.975261660667,99.99999999999996,29865.975261660667,99.99999999999996,False,False,False,58,BARANGAY 58,1380601058.0,City of Manila - Tondo I / II,133901000,133901058,3735.0,3719.0,0.02985456,U,No,9951.51925811327,13817.3113914627,14927.2788343322,10984.764839868,9951.51925811327,13817.3113914627,0.1368781686914412,1368.7816869144121,0.8966954804459442,0.9999999999999996,0.9999999999999996,3666,4088,4088,10.330451955405536,0.0,10.330451955405536,3085.290225419165,0.0,3085.290225419165,422,0,422,-16.0,-0.428380187416332,1250.586986454337,1245.2297195779597,-5.357266876377253,3735,3719,-16,29854.559999999998,11.41526166067706,0.03823624150105398,53.29317265767414,74.00979801597794,850.36660689753,25.990201984022022,518.4150800168821,OK,95.35129662006747,97.41738701114858
Barangay 59,1064.0,22568.241141332863,15217.747492994353,67.42992241926925,22368.24114139835,99.1137989058074,22568.241141332863,100.0,False,False,False,59,BARANGAY 59,1380601059.0,City of Manila - Tondo I / II,133901000,133901059,2000.0,1112.0,0.02255959,U,No,11279.7923292025,9980.29106114799,7519.86154649748,5578.7048374434,11279.7923292025,9980.29106114799,0.04714589822648275,471.45898226482745,0.6742992241926925,0.991137989058074,1.0,717,1055,1064,31.683876486538153,0.8862010941926002,32.570077580730754,7150.493648403997,199.99999993451274,7350.49364833851,338,9,347,-888.0,-44.4,886.2010944827584,492.7278085324137,-393.47328595034475,1982,1102,-880,22559.59,8.651141332862608,0.03834795460760859,53.29317265767414,74.00979801597794,850.36660689753,25.104000889829464,-378.90762463270255,OK,84.85605448686523,91.5473102218499
Barangay 60,3800.0,13617.311150872154,13117.311150695496,96.32820316259988,13617.311150872154,100.0,13617.311150872154,100.0,False,False,False,60,BARANGAY 60,1380601060.0,City of Manila - Tondo I / II,133901000,133901060,2141.0,4503.0,0.01361211,U,No,6806.05353114486,6747.01666918245,6806.05350194359,6195.02410203511,6806.05353114486,6747.01666918245,0.2790565595438142,2790.565595438142,0.9632820316259988,1.0,1.0,3660,3800,3800,3.671796837400123,0.0,3.671796837400123,500.00000017665843,0.0,500.00000017665843,140,0,140,2362.0,110.32227930873424,1572.2634052192268,3306.820230594198,1734.5568253749714,2141,4503,2362,13612.11,5.201150872153448,0.03820973289338279,53.29317265767414,74.00979801597794,850.36660689753,25.990201984022065,1940.198988540612,OK,98.34769142316995,99.08205079064997
Barangay 61,1087.0,43634.66342089667,39098.79780588724,89.60490293861828,42961.39934438788,98.4570430393503,43399.06289716342,99.46006109532536,False,False,False,61,BARANGAY 61,1380601061.0,City of Manila - Tondo I / II,133901000,133901061,3521.0,1022.0,0.04361798,U,No,10904.4954615068,18127.4878910877,10904.4957813871,15509.5201387572,10904.4954615068,18127.4878910877,0.024911387295803798,249.11387295803794,0.8960490293861828,0.984570430393503,0.9946006109532536,974,1070,1081,8.852140100732015,1.0030180559750619,9.855158156707077,3862.6015385006394,437.6635527755425,4300.265091276182,96,11,107,-2499.0,-70.9741550695825,806.927273859477,234.21745921169713,-572.7098146477799,3467,1006,-2461,43617.98,16.683420896668395,0.038248953520241866,53.29317265767414,74.00979801597794,850.36660689753,24.44724502337236,-601.252733939492,OK,94.4735799940209,96.64521523655732
Barangay 62,1877.0,20672.299192760875,14677.315529072965,70.99991825879115,20472.29919267473,99.03252174215734,20572.299192737886,99.51626087117582,False,False,False,62,BARANGAY 62,1380601062.0,City of Manila - Tondo I / II,133901000,133901062,1879.0,1967.0,0.02066432,U,No,10332.1605226044,8732.77721405984,6888.10697245342,5051.37625959262,10332.1605226044,8732.77721405984,0.09079783445942466,907.9783445942467,0.7099991825879115,0.9903252174215734,0.9951626087117582,1333,1859,1868,28.032603483366188,0.48373912901847405,28.516342612384662,5794.983663601766,100.00000006315531,5894.983663664922,526,9,535,88.0,4.6833422032996275,908.9458228516726,951.5148661784141,42.56904332674151,1861,1948,87,20664.32,7.9791927608748665,0.03861338171725402,53.29317265767414,74.00979801597794,850.36660689753,25.022723726179407,57.61173769671666,OK,86.41785017464255,92.21786652292317
Barangay 63,1588.0,18663.56848314849,16963.482327945097,90.89088371959298,18563.568483104256,99.46419678458317,18663.56848314849,100.0,False,False,False,63,BARANGAY 63,1380601063.0,City of Manila - Tondo I / II,133901000,133901063,1661.0,1448.0,0.01865639,U,No,9328.1906014297,8928.3447211626,6218.79376649334,5743.5709151788,9328.1906014297,8928.3447211626,0.08508555057055782,850.8555057055781,0.9089088371959297,0.9946419678458317,1.0,1443,1579,1588,8.573313064990188,0.5358032154168342,9.109116280407022,1600.0861551591588,100.00000004423418,1700.086155203393,136,9,145,-213.0,-12.823600240818783,889.9691404137061,775.8430555804013,-114.12608483330484,1652,1440,-212,18656.39,7.178483148491068,0.03847734287550308,53.29317265767414,74.00979801597794,850.36660689753,25.45439876860523,0.488898808048134,OK,95.60620590533759,97.53518980450235
Barangay 64,443.0,15426.746522605235,10899.833519138938,70.65542629592774,15426.746522605235,100.0,15426.746522605235,100.0,False,False,False,64,BARANGAY 64,1380601064.0,City of Manila - Tondo I / II,133901000,133901064,555.0,495.0,0.01542079,U,No,7710.39589742583,7310.55012460661,7710.39597848808,1639.44230371078,7710.39589742583,7310.55012460661,0.028716359561029924,287.16359561029924,0.7065542629592774,1.0,1.0,313,443,443,29.34457370407226,0.0,29.34457370407226,4526.913003466298,0.0,4526.913003466298,130,0,130,-60.0,-10.81081081081081,359.7647755388625,320.8712862914179,-38.89348924744462,555,495,-60,15420.79,5.956522605234568,0.038626572343145635,53.29317265767414,74.00979801597794,850.36660689753,25.990201984022065,-563.2030112872308,OK,86.79494183316748,92.66385657398193
Barangay 65,1721.0,19391.496471148672,14877.790529704427,76.72327172810056,19391.496471148672,100.0,19391.496471148672,100.0,False,False,False,65,BARANGAY 65,1380601065.0,City of Manila - Tondo I / II,133901000,133901065,1758.0,1631.0,0.01938404,U,No,9692.01946166763,9392.13467242796,9692.01944544593,2718.87674931305,9692.01946166763,9392.13467242796,0.08875024176502119,887.5024176502119,0.7672327172810056,1.0,1.0,1320,1721,1721,23.276728271899444,0.0,23.276728271899444,4513.705941444245,0.0,4513.705941444245,401,0,401,-127.0,-7.224118316268487,906.5829460947546,841.0903214337569,-65.49262466099765,1758,1631,-127,19384.04,7.456471148670971,0.03846706439251555,53.29317265767414,74.00979801597794,850.36660689753,25.990201984022065,37.13581075268189,OK,89.52547227764526,94.18081793202514
Barangay 66,3388.0,26446.878899098934,5168.031279588171,19.541176481752064,12505.10535116291,47.28386059796632,18089.883595453997,68.40082591398082,False,False,False,66,BARANGAY 66,1380601066.0,City of Manila - Tondo I / II,133901000,133901066,3721.0,2956.0,0.02643659,U,No,8812.19614577471,1013.01071845469,8812.19560636063,5093.22506610714,8812.19614577471,1013.01071845469,0.12810585373518052,1281.0585373518052,0.19541176481752065,0.47283860597966315,0.6840082591398082,662,1602,2317,27.742684116214253,21.116965316014507,48.859649432228764,7337.07407157474,5584.778244291087,12921.852315865826,940,715,1655,-765.0,-20.558989518946518,1406.9713156688508,1117.712230345908,-289.25908532294284,1759,1398,-361,26436.59,10.288899098934053,0.03891916127962817,53.29317265767414,74.00979801597794,850.36660689753,-26.72593741801162,430.69193045427517,OK,34.7996527456699,48.794975695318556
Barangay 67,3641.0,20074.613026853654,4694.13927794886,23.3834608501272,14188.014455217768,70.6764032573807,19587.56136371498,97.57379301664668,False,False,False,67,BARANGAY 67,1380601067.0,City of Manila - Tondo I / II,133901000,133901067,3983.0,4083.0,0.02006682,U,No,6688.93816713322,4450.88546130666,6688.93910696624,4540.30347820738,6688.93816713322,4450.88546130666,0.18137335923384737,1813.7335923384737,0.233834608501272,0.7067640325738069,0.9757379301664667,851,2573,3553,47.2929424072535,26.897389759265977,74.19033216651948,9493.875177268908,5399.546908497212,14893.42208576612,1722,980,2702,100.0,2.5106703489831785,1984.098022050025,2033.9121827843967,49.814160734371626,2815,2886,71,20066.82,7.793026853654737,0.03883538524616625,53.29317265767414,74.00979801597794,850.36660689753,-3.3333947585972368,963.3669854409437,OK,49.39457917411663,69.61212355927373
Barangay 68,966.0,7307.935481992205,1084.685283702206,14.842567868518064,3473.6879039523765,47.53309484617152,5701.892742365523,78.02330434383006,False,False,False,68,BARANGAY 68,1380601068.0,City of Manila - Tondo I / II,133901000,133901068,1113.0,1115.0,0.0073051,U,No,2435.03218510368,1368.19221870361,2435.03198597068,1615.30235773447,2435.03218510368,1368.19221870361,0.13218507502978943,1321.8507502978944,0.14842567868518064,0.4753309484617152,0.7802330434383006,143,459,754,32.69052697765346,30.49020949765854,63.180736475312,2389.0026202501704,2228.2048384131467,4617.207458663317,316,295,611,2.0,0.17969451931716085,1523.0019514301825,1525.738702465996,2.7367510358135405,529,530,1,7305.1,2.8354819922042225,0.038815101671492824,53.29317265767414,74.00979801597794,850.36660689753,-26.476703169806413,471.48414340036436,OK,32.822357706227464,51.55654690082157
Barangay 69,2143.0,23625.73803716012,3800.0000001717126,16.084153621761242,6176.800567719603,26.144370846761795,11324.333978786077,47.93219141334089,False,False,False,69,BARANGAY 69,1380601069.0,City of Manila - Tondo I / II,133901000,133901069,2199.0,1968.0,0.02361655,U,No,11808.2756969987,750.358697462329,11808.2756649496,5633.87554218466,11808.2756969987,750.358697462329,0.09070616107862316,907.0616107862315,0.16084153621761244,0.26144370846761794,0.47932191413340886,345,560,1027,10.060217225000553,21.787820566579093,31.848037791579646,2376.8005675478908,5147.5334110664735,7524.333978614364,215,467,682,-231.0,-10.504774897680765,930.7645740172296,832.9898506893624,-97.77472332786726,575,515,-60,23616.55,9.188037160121894,0.03890507783788019,53.29317265767414,74.00979801597794,850.36660689753,-47.86542716921614,56.695003888701535,OK,21.61727309551155,32.344444767143294
Barangay 70,2405.0,12732.189966649905,100.00000005878974,0.7854108391464862,99.99999999155987,0.7854108386184558,5739.398482485068,45.07785775674552,True,False,False,70,BARANGAY 70,1380601070.0,City of Manila - Tondo I / II,133901000,133901070,2124.0,2344.0,0.01272724,U,No,6363.62076228864,3580.12168635087,6363.6207748103,6263.65964078852,6363.62076228864,3580.12168635087,0.18889130670368123,1888.9130670368122,0.007854108391464863,0.007854108386184559,0.4507785775674552,19,19,1084,-5.280303971844091e-10,44.29244691812707,44.29244691759904,-6.722986256590957e-08,5639.398482493508,5639.398482426278,0,1065,1065,220.0,10.357815442561206,1668.212621366399,1841.0030058770428,172.7903845106439,17,18,1,12727.240000000002,4.949966649903217,0.03889269511616986,53.29317265767414,74.00979801597794,850.36660689753,-73.22438717735947,1038.5464601392823,OK,0.7854108388560695,18.50238960600129
Barangay 71,3486.0,39840.14977073022,8658.978694701469,21.73430256796638,28759.163241964445,72.18638335314,36621.24476597832,91.92044953827768,False,False,False,71,BARANGAY 71,1380601071.0,City of Manila - Tondo I / II,133901000,133901071,2298.0,3417.0,0.03982471,U,No,13274.90333983,8243.54983211774,13274.9056464273,8738.39062628948,13274.90333983,8243.54983211774,0.0874996710620073,874.9967106200731,0.21734302567966382,0.7218638335314,0.9192044953827768,758,2516,3204,50.45208078517362,19.734066185137678,70.1861469703113,20100.184547262976,7862.081524013876,27962.266071276852,1758,688,2446,1119.0,48.69451697127937,576.8050605292392,857.6774986198479,280.87243809060874,1659,2467,808,39824.71,15.439770730219607,0.038769323694308404,53.29317265767414,74.00979801597794,850.36660689753,-1.8234146628379335,24.63010372254314,OK,49.48294699981188,67.46698963090167
Barangay 72,3743.0,26753.157816064493,6792.8717472678645,25.390915696647003,8862.51865576106,33.1270002468246,5959.0264322712,22.27410488601453,False,True,True,72,BARANGAY 72,1380601072.0,City of Manila - Tondo I / II,133901000,133901072,3342.0,3233.0,0.02674271,U,No,8914.23536532417,6283.42265133381,8914.2341898524,7071.29692661894,8914.23536532417,6283.42265133381,0.13990871753286774,1399.0871753286774,0.25390915696647004,0.331270002468246,0.2227410488601453,950,1240,834,7.736084550177598,-10.85289536081007,-3.1168108106324723,2069.646908493195,-2903.4922234898595,-833.8453149966645,290,-406,-116,-109.0,-3.2615200478755235,1249.1983275309751,1208.4554736408268,-40.74285389014835,1107,1071,-36,26742.71,10.447816064493963,0.039067903232297564,53.29317265767414,74.00979801597794,850.36660689753,-40.882797769153335,548.7205684311474,Review 100yr value: lower than expected return-period progression,29.645762199244686,26.851820964956175
Barangay 73,2394.0,10383.710217434464,1873.3338784682344,18.041083959786047,2107.858256809126,20.299663729733023,2318.751272272907,22.33066239059402,False,False,False,73,BARANGAY 73,1380601073.0,City of Manila - Tondo I / II,133901000,133901073,1745.0,2478.0,0.01037966,U,No,3459.88697438945,3302.15047982699,3459.88709281301,3473.75502190806,3459.88697438945,3302.15047982699,0.23055342934940776,2305.5342934940777,0.18041083959786047,0.20299663729733022,0.22330662390594022,432,486,535,2.2585797699469765,2.0309986608609982,4.289578430807975,234.52437834089164,210.893015463781,445.41739380467266,54,49,103,733.0,42.00573065902579,1680.5168513563765,2386.430233616677,705.9133822603005,354,503,149,10379.66,4.050217434463775,0.03902071391995282,53.29317265767414,74.00979801597794,850.36660689753,-53.71013428624491,1455.1676865965478,OK,19.283302833256883,20.547418251590678
Barangay 74,711.0,20036.548527072737,14231.740199311562,71.02890091116289,20036.548527072737,100.0,20036.548527072737,100.0,False,False,False,74,BARANGAY 74,1380601074.0,City of Manila - Tondo I / II,133901000,133901074,887.0,1039.0,0.02002879,U,No,10014.3973362115,9734.11873538405,10014.3973819762,2381.29408997907,10014.3973362115,9734.11873538405,0.03548515349533977,354.8515349533977,0.710289009111629,1.0,1.0,505,711,711,28.971099088837107,0.0,28.971099088837107,5804.808327761175,0.0,5804.808327761175,206,0,206,152.0,17.13641488162345,442.69101477308544,518.5523837082703,75.86136893518488,887,1039,152,20028.79,7.7585270727358875,0.03873687363408317,53.29317265767414,74.00979801597794,850.36660689753,25.990201984022065,-495.51507194413233,OK,86.96300541002331,92.75722522779073
Barangay 75,1631.0,25624.719819696016,17174.23940616952,67.02215488408511,24871.09883123435,97.0590078886154,25498.22973683115,99.50637476719788,False,False,False,75,BARANGAY 75,1380601075.0,City of Manila - Tondo I / II,133901000,133901075,1564.0,1350.0,0.02561483,U,No,12807.4154741471,10925.0535979538,8538.27710492994,5837.29145320818,12807.4154741471,10925.0535979538,0.06364947642262059,636.4947642262059,0.6702215488408512,0.970590078886154,0.9950637476719788,1093,1583,1623,30.036853004530286,2.4473668785824856,32.48421988311277,7696.859425064831,627.1309055967977,8323.990330661629,490,40,530,-214.0,-13.682864450127877,610.348136879084,526.8350286360379,-83.51310824304608,1518,1310,-208,25614.83,9.889819696014456,0.03860974168485387,53.29317265767414,74.00979801597794,850.36660689753,23.049209872637462,-213.8718426713241,OK,83.54242403657678,90.52874138891582
Barangay 76,1745.0,18288.59367925038,10274.107470776513,56.17767910953791,18223.27374332156,99.64283784158356,18115.08376208517,99.05126703447915,False,True,False,76,BARANGAY 76,1380601076.0,City of Manila - Tondo I / II,133901000,133901076,1699.0,1844.0,0.01828153,U,No,9140.77070453712,8446.6720065505,6093.84702768844,4430.41866234953,9140.77070453712,8446.6720065505,0.09541466285512253,954.1466285512253,0.5617767910953791,0.9964283784158355,0.9905126703447915,980,1739,1728,43.465158732045644,-0.5915708071044037,42.87358792494124,7949.166272545046,-108.18998123638812,7840.976291308658,759,-11,748,145.0,8.53443201883461,928.994339202597,1008.2787295406644,79.2843903380674,1693,1837,144,18281.530000000002,7.063679250379209,0.03863833743882054,53.29317265767414,74.00979801597794,850.36660689753,25.63303982560562,103.78002165369526,Review 100yr value: lower than expected return-period progression,80.08351641216302,88.53991983573039
Barangay 77,1346.0,12815.547273563732,4032.654666652247,31.46689392633992,11662.715051238354,91.00442456559406,12815.547273563729,99.99999999999996,False,False,False,77,BARANGAY 77,1380601077.0,City of Manila - Tondo I / II,133901000,133901077,1429.0,1372.0,0.01281061,U,No,6405.30448170891,2839.99608172564,4270.20346899564,3393.51546351181,6405.30448170891,2839.99608172564,0.10502867893722856,1050.2867893722855,0.3146689392633992,0.9100442456559407,0.9999999999999996,424,1225,1346,59.53753063925414,8.995575434405893,68.53310607366004,7630.060384586107,1152.8322223253745,8782.892606911482,801,121,922,-57.0,-3.9888033589923024,1115.0518737095067,1070.5746471164753,-44.477226593031446,1300,1249,-51,12810.61,4.937273563731651,0.03854050325262927,53.29317265767414,74.00979801597794,850.36660689753,16.99462654961613,199.9201824747555,OK,64.2125357779297,79.71827207954288
Barangay 78,844.0,14718.23840213072,14259.640056586892,96.8841492234734,14718.23840213072,100.0,14718.23840213072,100.0,False,False,False,78,BARANGAY 78,1380601078.0,City of Manila - Tondo I / II,133901000,133901078,1081.0,1221.0,0.01471258,U,No,14712.5848458356,0.0,7356.29239345824,6555.84652165822,14712.5848458356,0.0,0.05734381907265589,573.4381907265589,0.968841492234734,1.0,1.0,818,844,844,3.1158507765265995,0.0,3.1158507765265995,458.59834554382905,0.0,458.59834554382905,26,0,26,140.0,12.950971322849213,734.4628959424291,829.582974972901,95.12007903047186,1081,1221,140,14712.58,5.658402130720788,0.03845961844027892,53.29317265767414,74.00979801597794,850.36660689753,25.990201984022065,-276.9284161709711,OK,98.59786715056305,99.22103730586835
Barangay 79,1601.0,7835.197935929929,4837.864183556692,61.7452708038384,7680.929818519315,98.03108844636604,7835.197935929929,100.0,False,False,False,79,BARANGAY 79,1380601079.0,City of Manila - Tondo I / II,133901000,133901079,1543.0,1520.0,0.00783216,U,No,3916.07795148595,2046.59473595476,2610.71881005207,3545.90000796419,3916.07795148595,2046.59473595476,0.20433434012665866,2043.3434012665864,0.617452708038384,0.9803108844636604,1.0,989,1569,1601,36.28581764252764,1.9689115536339585,38.2547291961616,2843.0656349626224,154.26811741061465,2997.333752373237,580,32,612,-23.0,-1.4906027219701878,1969.3184685536182,1939.9637538570964,-29.354714696521796,1513,1490,-23,7832.16,3.0379359299295174,0.038787970750463696,53.29317265767414,74.00979801597794,850.36660689753,24.021290430388106,1192.9767943690563,OK,81.70247050722861,89.74719865718771
Barangay 80,2566.0,11686.74357949176,5222.761464071178,44.6896214377137,8486.743579555497,72.61854871572851,11586.743579467022,99.1443296471378,False,False,False,80,BARANGAY 80,1380601080.0,City of Manila - Tondo I / II,133901000,133901080,2268.0,2553.0,0.01168221,U,No,5841.10334515979,195.186884347759,3894.06890492104,3095.14668180377,5841.10334515979,195.186884347759,0.2195650124901253,2195.650124901253,0.44689621437713695,0.726185487157285,0.991443296471378,1147,1863,2544,27.92892727801481,26.525780931409287,54.4547082094241,3263.9821154843194,3099.9999999115244,6363.982115395844,716,681,1397,285.0,12.566137566137566,1940.660359811396,2184.526410316796,243.86605050540015,1647,1854,207,11682.210000000001,4.533579491759156,0.03880755004197969,53.29317265767414,74.00979801597794,850.36660689753,-1.3912493002494273,1345.2835180037232,OK,60.05053144062184,76.24662926878852
Barangay 81,1848.0,17715.14639824813,9743.32886169724,54.99999064450728,17086.919545304212,96.4537303908138,17117.599874853528,96.6269173849238,False,False,False,81,BARANGAY 81,1380601081.0,City of Manila - Tondo I / II,133901000,133901081,2042.0,1815.0,0.01770829,U,No,8854.14596077324,5585.72172231238,5902.76367966801,5503.63300160079,8854.14596077324,5585.72172231238,0.1043175121704188,1043.175121704188,0.5499999064450728,0.9645373039081381,0.966269173849238,1016,1782,1786,41.453739746306525,0.17318699410999727,41.62692674041652,7343.590683606972,30.680329549315502,7374.271013156287,766,4,770,-227.0,-11.116552399608228,1152.685929935039,1024.546994530899,-128.13893540414006,1970,1751,-219,17708.29,6.856398248128244,0.0387185789713645,53.29317265767414,74.00979801597794,850.36660689753,22.443932374835867,192.80851480665808,OK,77.79954750497588,86.15957025188118
Barangay 82,2662.0,22510.41550986131,9424.287901594176,41.86634359310519,20910.415509829298,92.89217918109468,22207.962033170486,98.65638430104356,False,False,False,82,BARANGAY 82,1380601082.0,City of Manila - Tondo I / II,133901000,133901082,2652.0,2642.0,0.02250171,U,No,11250.8529395928,5603.42239169767,7500.56856575328,8048.44149198166,11250.8529395928,5603.42239169767,0.11825636887217109,1182.5636887217108,0.41866343593105193,0.9289217918109468,0.9865638430104355,1114,2473,2626,51.025835587989484,5.764205119948883,56.79004070793837,11486.127608235121,1297.5465233411887,12783.67413157631,1359,153,1512,-10.0,-0.3770739064856712,1178.1213007099839,1173.678912698257,-4.442388011726962,2464,2454,-10,22501.710000000003,8.705509861305472,0.038688214634823186,53.29317265767414,74.00979801597794,850.36660689753,18.88238116511674,332.1970818241808,OK,69.93055316649941,82.44140233207686
Barangay 83,1658.0,14027.88793563796,4903.30264514582,34.95396219048016,13334.579634440655,95.05764300101124,14027.887935637958,100.0,False,False,False,83,BARANGAY 83,1380601083.0,City of Manila - Tondo I / II,133901000,133901083,1303.0,1473.0,0.01402249,U,No,7011.23122362033,3936.80470138217,4674.15371357027,3717.60268257629,7011.23122362033,3936.80470138217,0.11819313125448043,1181.9313125448043,0.34953962190480165,0.9505764300101124,1.0,580,1576,1658,60.10368081053108,4.942356998988757,65.04603780951985,8431.276989294834,693.3083011973031,9124.585290492138,996,82,1078,170.0,13.046815042210284,928.8639929106636,1050.051160059407,121.18716714874347,1239,1400,161,14022.49,5.397935637960472,0.03849484391117749,53.29317265767414,74.00979801597794,850.36660689753,21.047844985033308,331.5647056472743,OK,68.01098663627226,82.00866559797397
Barangay 84,1176.0,14568.44705879579,2073.0090169639025,14.229444007295964,12961.755359787305,88.9714278225802,14368.447058842356,98.62717008102328,False,False,False,84,BARANGAY 84,1380601084.0,City of Manila - Tondo I / II,133901000,133901084,838.0,1141.0,0.01456279,U,No,7281.40747460654,2272.51595337938,4854.27208260191,5103.81448261494,7281.40747460654,2272.51595337938,0.0807223992546263,807.2239925462629,0.14229444007295963,0.889714278225802,0.9862717008102329,167,1046,1160,74.74198381528423,9.655742258443084,84.39772607372731,10888.746342823402,1406.6916990550508,12295.438041878453,879,114,993,303.0,36.15751789976134,575.2157361851772,783.1994689585766,207.98373277339942,746,1015,269,14562.79,5.657058795788544,0.03884598209401181,53.29317265767414,74.00979801597794,850.36660689753,14.96162980660226,-43.14261435126707,OK,55.337535105702294,74.14822877213638
Barangay 85,4051.0,25400.76359565445,10351.092761377751,40.75110861292615,16767.207153490333,66.01064212242366,23762.64418952548,93.55090487748475,False,False,False,85,BARANGAY 85,1380601085.0,City of Manila - Tondo I / II,133901000,133901085,3614.0,4032.0,0.0253909,U,No,8463.63277360828,4094.05546876614,8463.63518968711,3524.12977705076,8463.63277360828,4094.05546876614,0.15948339445563137,1594.8339445563138,0.4075110861292615,0.6601064212242366,0.9355090487748475,1651,2674,3790,25.25953350949751,27.540262755061093,52.7997962645586,6416.114392112582,6995.437036035146,13411.551428147728,1023,1116,2139,418.0,11.566131710016602,1422.7918725318484,1587.3538544682935,164.56198193644514,2386,2662,276,25390.9,9.863595654449455,0.03884697137340328,53.29317265767414,74.00979801597794,850.36660689753,-7.999155893554274,744.4673376587838,OK,54.64385204314979,70.71186384707372
Barangay 86,1662.0,20757.431931804997,6351.831619332718,30.600276759671324,19544.79343736581,94.15805144671508,19957.43193185476,96.145958697692,False,False,False,86,BARANGAY 86,1380601086.0,City of Manila - Tondo I / II,133901000,133901086,1440.0,1415.0,0.02074947,U,No,10374.7389748818,6672.34631531659,6916.49267577598,6545.06872972292,10374.7389748818,6672.34631531659,0.08006770806042952,800.6770806042952,0.30600276759671324,0.9415805144671507,0.9614595869769199,509,1565,1598,63.557774687043754,1.9879072509769173,65.54568193802066,13192.96181803309,412.6384944889505,13605.600312522041,1056,33,1089,-25.0,-1.7361111111111112,693.7274344585951,681.6835553881334,-12.043879070461685,1356,1332,-24,20749.469999999998,7.96193180499904,0.0383717357840901,53.29317265767414,74.00979801597794,850.36660689753,20.148253430737142,-49.68952629323485,OK,65.55705283754538,79.0637706753449
Barangay 87,1639.0,20727.230041183444,4613.949443371705,22.260328245521155,19739.86853564108,95.23640397882134,20327.230041143568,98.07017146408322,False,False,False,87,BARANGAY 87,1380601087.0,City of Manila - Tondo I / II,133901000,133901087,1580.0,1633.0,0.02071927,U,No,6906.41870175082,7356.9551303924,6906.41843867457,7888.420616813,6906.41870175082,7356.9551303924,0.0790747242513076,790.7472425130761,0.22260328245521155,0.9523640397882134,0.9807017146408321,365,1561,1607,72.97607573330019,2.8337674852618733,75.80984321856207,15125.919092269374,587.3615055024893,15713.280597771864,1196,46,1242,53.0,3.354430379746835,762.2822716111411,787.8524997094895,25.570228098348366,1505,1555,50,20719.27,7.960041183443536,0.03841854072775506,53.29317265767414,74.00979801597794,850.36660689753,21.226605962843408,-59.61936438445389,OK,62.39716989883627,78.12589203960104
Barangay 88,1052.0,9838.98913824006,7026.0709301038805,71.41049584856705,9141.032904756656,92.90622010374278,9838.989138240058,99.99999999999996,False,False,False,88,BARANGAY 88,1380601088.0,City of Manila - Tondo I / II,133901000,133901088,868.0,1096.0,0.00983522,U,No,4917.60659340629,3930.57628119539,3278.40443928522,2157.07787601163,4917.60659340629,3930.57628119539,0.10692155314119754,1069.2155314119755,0.7141049584856706,0.9290622010374279,0.9999999999999996,751,977,1052,21.49572425517573,7.093779896257175,28.589504151432905,2114.961974652775,697.9562334834027,2812.918208136178,226,75,301,228.0,26.26728110599078,882.2044498722383,1113.9355726497388,231.73112277750045,806,1018,212,9835.220000000001,3.7691382400589646,0.03832286659636453,53.29317265767414,74.00979801597794,850.36660689753,18.896422087764847,218.84892451444546,OK,83.23314418891371,90.36980099845172
Barangay 89,728.0,12413.248142070868,7636.041025124028,61.51525320148904,12413.248142070866,100.0,12413.248142070866,100.0,False,False,False,89,BARANGAY 89,1380601089.0,City of Manila - Tondo I / II,133901000,133901089,747.0,720.0,0.01240847,U,No,6204.23423776031,6144.96576249175,6204.23419465241,648.419877691955,6204.23423776031,6144.96576249175,0.05864701902902182,586.4701902902183,0.6151525320148904,1.0,1.0,448,728,728,38.48474679851096,0.0,38.48474679851096,4777.207116946838,0.0,4777.207116946838,280,0,280,-27.0,-3.614457831325301,601.7764177840564,580.0254629243917,-21.750954859664716,747,720,-27,12408.47,4.778142070868853,0.038507100963042606,53.29317265767414,74.00979801597794,850.36660689753,25.990201984022065,-263.8964166073117,OK,82.68186394067007,90.37881330037226
Barangay 90,645.0,9981.340723264835,5304.067468282911,53.13982976174751,9979.29695679138,99.97952412877066,9981.340723264835,99.99999999999996,False,False,False,90,BARANGAY 90,1380601090.0,City of Manila - Tondo I / II,133901000,133901090,473.0,630.0,0.00997751,U,No,4988.75610109605,4586.86655867749,3325.83745869605,2498.0310341261,4988.75610109605,4586.86655867749,0.06462057732350654,646.2057732350654,0.531398297617475,0.9997952412877066,0.9999999999999996,343,645,645,46.83969436702316,0.020475871229294285,46.86017023825245,4675.229488508469,2.043766473454525,4677.273254981924,302,0,302,157.0,33.192389006342495,473.8842337057146,631.1777319970406,157.293498291326,473,630,157,9977.51,3.8307232648348872,0.03839357980934008,53.29317265767414,74.00979801597794,850.36660689753,25.969726112792728,-204.1608336624646,OK,78.90166166361024,88.27779088550659
Barangay 91,4453.0,56575.08829040277,18283.148910438056,32.316606942952944,47156.50760156624,83.35207071973005,53551.862677606165,94.65626001805204,False,False,False,91,BARANGAY 91,1380601091.0,City of Manila - Tondo I / II,133901000,133901091,5569.0,4552.0,0.05655337,U,No,14138.3381951491,11630.7243614651,14138.3382682542,9627.05324333592,14138.3381951491,11630.7243614651,0.07870955458597832,787.0955458597833,0.32316606942952947,0.8335207071973005,0.9465626001805204,1439,3712,4215,51.03546377677711,11.304189298321987,62.33965307509909,28873.358691128185,6395.355076039923,35268.71376716811,2273,503,2776,-1017.0,-18.261806428443165,984.3555119903735,804.5944138229809,-179.76109816739267,4642,3794,-848,56553.369999999995,21.718290402772254,0.038403176331971475,53.29317265767414,74.00979801597794,850.36660689753,9.342272703752116,-63.27106103774668,OK,60.38611202018036,75.11488049486456
Barangay 92,2519.0,26574.047864391327,9280.42730394582,34.92289677246123,25834.689765604668,97.21774378310884,26232.87400091936,98.71613889907552,False,False,False,92,BARANGAY 92,1380601092.0,City of Manila - Tondo I / II,133901000,133901092,2383.0,2639.0,0.02656377,U,No,13281.8876349205,9548.40785647105,8854.59134644234,6515.11193984121,13281.8876349205,9548.40785647105,0.09479173112258174,947.9173112258173,0.3492289677246123,0.9721774378310885,0.9871613889907551,880,2449,2487,62.294847010647615,1.498395115966673,63.79324212661429,16554.262461658847,398.18423531469307,16952.44669697354,1569,38,1607,256.0,10.742761225346202,896.7395604013985,993.0741501885399,96.33458978714134,2317,2566,249,26563.77,10.277864391326148,0.0386912866333587,53.29317265767414,74.00979801597794,850.36660689753,23.20794576713091,97.55070432828734,OK,69.18506262831743,82.2433900768336
Barangay 93,4586.0,43862.6263018426,22361.99270746916,50.98188273904103,32716.62225790349,74.58883568157229,33084.09446102876,75.42661543647455,False,False,False,93,BARANGAY 93,1380601093.0,City of Manila - Tondo I / II,133901000,133901093,4528.0,3960.0,0.04384564,U,No,10961.4168737211,9772.95426417978,10961.417324192,5984.76692868358,10961.4168737211,9772.95426417978,0.10455370292789215,1045.5370292789214,0.5098188273904103,0.745888356815723,0.7542661543647455,2338,3421,3459,23.606952942531258,0.8377797549022574,24.444732697433516,10354.629550434332,367.47220312527134,10722.101753559604,1083,38,1121,-568.0,-12.54416961130742,1032.3139268589089,902.8187169525793,-129.4952099063296,3377,2954,-423,43845.64,16.986301842604007,0.038741142431959044,53.29317265767414,74.00979801597794,850.36660689753,0.5790376655943561,195.1704223813914,OK,63.96570685743323,69.02220934790037
Barangay 94,2117.0,97929.38065511516,36212.295681549374,36.97796865384127,55976.21300836706,57.15977435362577,76990.55717998673,78.61844593006244,False,False,False,94,BARANGAY 94,1380601094.0,City of Manila - Tondo I / II,133901000,133901094,1841.0,2178.0,0.09789147,U,No,24472.8589170736,12450.700504082,24472.8595786602,12907.756214751,24472.8589170736,12450.700504082,0.021617618592479296,216.17618592479297,0.36977968653841276,0.5715977435362577,0.7861844593006243,783,1210,1664,20.181805699784498,21.458671576436664,41.64047727622116,19763.91732681769,21014.34417161967,40778.26149843736,427,454,881,337.0,18.30526887561108,187.99261137815017,222.40516435720318,34.412552979053004,1052,1245,193,97891.47,37.910655115163536,0.038727230386021924,53.29317265767414,74.00979801597794,850.36660689753,-16.850023662352164,-634.190420972737,OK,48.077961788722746,60.69779155925431
Barangay 95,4994.0,33345.29412767779,9775.483332504617,29.31593074295486,18837.99221671252,56.49370536238969,22312.410960801943,66.91322282349232,False,False,False,95,BARANGAY 95,1380601095.0,City of Manila - Tondo I / II,133901000,133901095,5046.0,5543.0,0.03333233,U,No,11110.7782578394,2513.89890066913,11110.7783519249,6390.36560258024,11110.7782578394,2513.89890066913,0.14976626029682552,1497.6626029682552,0.2931593074295486,0.5649370536238969,0.6691322282349232,1464,2821,3342,27.17777461943483,10.419517461102629,37.59729208053746,9062.508884207902,3474.418744089424,12536.927628297326,1357,521,1878,497.0,9.849385652001585,1513.2570073243523,1662.3035258816658,149.04651855731345,2851,3131,280,33332.33,12.964127677791112,0.038893553729340585,53.29317265767414,74.00979801597794,850.36660689753,-17.516092653588245,647.2959960707252,OK,44.26370678364402,53.86706869197204
Barangay 96,2230.0,88678.51769751924,42825.91437388205,48.293448611715,50700.44264880133,57.17330867182466,49638.39314992648,55.97566855959648,False,True,False,96,BARANGAY 96,1380601096.0,City of Manila - Tondo I / II,133901000,133901096,4375.0,2100.0,0.08864394,U,No,22160.9846232065,19479.8712199202,22160.9849125311,14835.766979087,22160.9846232065,19479.8712199202,0.0251470148340378,251.470148340378,0.48293448611715,0.5717330867182465,0.5597566855959648,1077,1275,1248,8.879860060109657,-1.1976401122281786,7.682219947881478,7874.5282749192775,-1062.049498874847,6812.478776044431,198,-27,171,-2275.0,-52.0,493.35511165432905,236.81045359407793,-256.5446580602511,2501,1201,-1300,88643.94,34.577697519242065,0.03900740143008317,53.29317265767414,74.00979801597794,850.36660689753,-16.83648934415328,-598.8964585571521,Review 100yr value: lower than expected return-period progression,53.17737164477531,54.47428761190597
Barangay 97,3656.0,30420.172889755635,22464.511302755647,73.84741495115186,29995.133507128656,98.60277131176294,29920.17288981704,98.35635385193036,False,True,False,97,BARANGAY 97,1380601097.0,City of Manila - Tondo I / II,133901000,133901097,3558.0,3634.0,0.03040833,U,No,10136.111081328,13012.16800593,10136.1109024518,7273.72678849646,10136.111081328,13012.16800593,0.12018340636161219,1201.834063616122,0.7384741495115186,0.9860277131176294,0.9835635385193037,2700,3605,3596,24.755356360611074,-0.24641745983257124,24.508938900778503,7530.622204373009,-74.96061731161535,7455.661587061393,905,-9,896,76.0,2.1360314783586283,1169.6185991100006,1194.6020205637274,24.983421453726805,3508,3583,75,30408.33,11.842889755633223,0.038946202424247636,53.29317265767414,74.00979801597794,850.36660689753,24.592973295785,351.46745671859196,Review 100yr value: lower than expected return-period progression,87.46286094948796,92.31536523767714
Barangay 98,1877.0,14084.33078017284,12464.992356340555,88.50255330475551,13823.990106085046,98.15155808145116,13756.690003041462,97.6737213699027,False,True,False,98,BARANGAY 98,1380601098.0,City of Manila - Tondo I / II,133901000,133901098,1022.0,1899.0,0.01407881,U,No,4692.9376555625,4045.36483164264,3519.70348020247,3771.34996494268,4692.9376555625,4045.36483164264,0.13326866780510005,1332.6866780510006,0.885025533047555,0.9815155808145115,0.9767372136990269,1661,1842,1833,9.649004776695648,-0.47783671154846274,9.171168065147185,1358.9977497444906,-67.30010304358439,1291.6976467009063,181,-9,172,877.0,85.81213307240705,725.6290809633045,1348.3068735316197,622.6777925683151,1003,1864,861,14078.810000000001,5.520780172839295,0.03921340065559017,53.29317265767414,74.00979801597794,850.36660689753,24.14176006547322,482.3200711534706,Review 100yr value: lower than expected return-period progression,93.80950593193812,95.54817220265787
Barangay 99,3682.0,12936.922957445808,10690.544023633924,82.63591009082275,11303.78026731876,87.37611180418217,10390.547534668567,80.31699322046529,False,True,True,99,BARANGAY 99,1380601099.0,City of Manila - Tondo I / II,133901000,133901099,0.0,6310.0,0.01293186,U,No,3232.96637328471,2550.46267479575,3232.9655897502,2334.2570380483,3232.96637328471,2550.46267479575,0.2846117281606625,2846.117281606625,0.8263591009082275,0.8737611180418218,0.8031699322046529,3043,3217,2957,4.740201713359426,-7.059118583716881,-2.318916870357455,613.2362436848362,-913.2327326501927,-299.99648896535655,174,-260,-86,6310.0,,0.0,4877.512234366595,4877.512234366595,0,5513,5513,12931.86,5.062957445807115,0.039151038178631026,53.29317265767414,74.00979801597794,850.36660689753,13.366313788204238,1995.7506747090952,Review 100yr value: lower than expected return-period progression,85.24302103317044,83.36741394235557
Barangay 100,2340.0,29349.500167627422,8985.70692044154,30.61621788827872,14348.687691315525,48.88903596096728,15223.078875703362,51.86827301575124,False,False,False,100,BARANGAY 100,1380601100.0,City of Manila - Tondo I / II,133901000,133901100,1979.0,2222.0,0.02933795,U,No,9779.31694402003,6523.27699562913,9779.31722434944,6851.21728352838,9779.31694402003,6523.27699562913,0.07972878538425762,797.2878538425763,0.3061621788827872,0.48889035960967275,0.5186827301575124,716,1144,1214,18.27281807268856,2.9792370547839653,21.252055127472524,5362.9807708739845,874.3911843878377,6237.371955261822,428,70,498,243.0,12.278928751894897,674.2874627155805,757.0827398453865,82.79527712980598,968,1086,118,29337.95,11.550167627421615,0.03936937525430923,53.29317265767414,74.00979801597794,850.36660689753,-25.12076205501066,-53.07875305495372,OK,40.66626782825743,45.512526264708725
Barangay 101,13659.0,103997.36954502872,37525.24293193707,36.08287699593152,57378.99725640311,55.17350824105141,61606.83973598299,59.23884421837082,False,False,False,101,BARANGAY 101,1380601101.0,City of Manila - Tondo I / II,133901000,133901101,11853.0,15358.0,0.10395645,U,No,25553.633940251,14450.4697969834,25553.6326835769,16180.1628636724,25553.633940251,14450.4697969834,0.13133986041912277,1313.3986041912276,0.36082876995931523,0.551735082410514,0.5923884421837082,4929,7536,8091,19.090631245119887,4.065335977319414,23.1559672224393,19853.75432446604,4227.842479579878,24081.59680404592,2607,555,3162,3505.0,29.570572850755084,1139.7403657279904,1476.7681208850481,337.02775515705775,6540,8474,1934,103956.45000000001,40.919545028707944,0.0393621992947123,53.29317265767414,74.00979801597794,850.36660689753,-18.836289774926527,463.0319972936976,OK,46.58272418074746,52.0269848206992
Barangay 102,4616.0,23899.67583607758,4506.429582428609,18.855609646495548,14200.178502915202,59.41577869219225,20019.915620312564,83.76647347698184,False,False,False,102,BARANGAY 102,1380601102.0,City of Manila - Tondo I / II,133901000,133901102,3418.0,4157.0,0.02389031,U,No,7963.43804325842,7794.61496692224,7963.44069756126,5922.7577230329,7963.43804325842,7794.61496692224,0.19314069494750014,1931.4069494750015,0.18855609646495547,0.5941577869219224,0.8376647347698184,870,2743,3867,40.560169045696696,24.350694784789596,64.91086383048629,9693.748920486592,5819.737117397362,15513.486037883955,1873,1124,2997,739.0,21.620830895260386,1430.144920560129,1739.3541353915905,309.2092148314614,2031,2470,439,23890.31,9.365836077577114,0.03920349328902435,53.29317265767414,74.00979801597794,850.36660689753,-14.594019323785687,1081.0403425774716,OK,41.16370262162874,59.01601434468391
Barangay 103,5071.0,32949.78615914324,9041.836021933532,27.441258581353534,23223.045637522377,70.4801103271446,25337.286066654,76.8966631354697,False,False,False,103,BARANGAY 103,1380601103.0,City of Manila - Tondo I / II,133901000,133901103,4431.0,4772.0,0.03293689,U,No,10978.9621435789,6455.86722282588,16468.4419332723,6745.51513491577,10978.9621435789,6455.86722282588,0.15390084704974172,1539.0084704974172,0.27441258581353534,0.704801103271446,0.7689666313546969,1392,3574,3899,43.038851745791064,6.416552808325093,49.45540455411616,14181.209615588845,2114.2404291316234,16295.450044720468,2182,325,2507,341.0,7.695779733694426,1344.7735225348167,1448.2643307461396,103.49080821132293,3123,3363,240,32936.89000000001,12.896159143230761,0.03915414947565104,53.29317265767414,74.00979801597794,850.36660689753,-3.5296876888333344,688.6418635998872,OK,51.11262704153863,62.28701851402687
Barangay 104,5801.0,38937.84097004627,4601.985723235111,11.81880044857978,10317.009077338214,26.496099476277543,17829.42449187333,45.78945326113222,False,False,False,104,BARANGAY 104,1380601104.0,City of Manila - Tondo I / II,133901000,133901104,5334.0,5741.0,0.03892261,U,No,12974.2043942787,8271.96865892531,19461.3028986257,9148.33139500303,12974.2043942787,8271.96865892531,0.14898103889382408,1489.8103889382407,0.1181880044857978,0.2649609947627754,0.45789453261132224,686,1537,2656,14.677299027697762,19.29335378485468,33.970652812552444,5715.023354103103,7512.415414535117,13227.43876863822,851,1119,1970,407.0,7.630296212973378,1369.8756446468844,1474.4012140828202,104.52556943593572,1413,1521,108,38922.61,15.230970046271977,0.039131420134137916,53.29317265767414,74.00979801597794,850.36660689753,-47.51369853970039,639.4437820407107,OK,19.891314913813552,30.544116233294975
Barangay 105,26494.0,506875.7310401991,80045.87693228722,15.792012130472068,108942.13109396424,21.492867861397823,130714.63628878655,25.78830042238102,False,False,False,105,BARANGAY 105,1380601105.0,City of Manila - Tondo I / II,133901000,133901105,23206.0,24971.0,0.50613655,U,No,163385.029242349,137486.45852234,163385.031529719,155385.055898374,163385.029242349,137486.45852234,0.05226922177873776,522.6922177873777,0.1579201213047207,0.21492867861397824,0.2578830042238102,4184,5694,6832,5.700855730925754,4.295432560983198,9.996288291908952,28896.254161677018,21772.50519482231,50668.75935649933,1510,1138,2648,1765.0,7.605791605619236,457.8242472248013,492.64540538871466,34.82115816391337,4988,5367,379,506136.55000000005,739.181040199066,0.14604379790376054,53.29317265767414,74.00979801597794,850.36660689753,-52.51693015458011,-327.67438911015233,OK,18.927482782481235,21.78582695305966
Barangay 106,2716.0,74642.56003865766,24856.788366912937,33.301093041341986,41851.647080044975,56.06941543587178,39460.30374519816,52.86568912529464,False,True,False,106,BARANGAY 106,1380601106.0,City of Manila - Tondo I / II,133901000,133901106,2851.0,2513.0,0.07461326,U,No,24871.0883409771,2094.2039837915,24871.0901141151,7025.52789187536,24871.0883409771,2094.2039837915,0.036386747702562366,363.86747702562366,0.33301093041341984,0.5606941543587178,0.5286568912529463,904,1523,1436,22.768322394529797,-3.203726310577146,19.56459608395265,16994.85871313204,-2391.343334846817,14603.515378285221,619,-87,532,-338.0,-11.855489301999299,381.95367341680895,336.6711965262858,-45.28247689052313,1599,1409,-190,74613.26,29.30003865766048,0.03926921120677542,53.29317265767414,74.00979801597794,850.36660689753,-17.940382580106153,-486.49912987190635,Review 100yr value: lower than expected return-period progression,45.82367035833337,49.09584431300848
Barangay 107,7153.0,157325.8228039403,22874.95853795996,14.539862643189078,32646.90160127996,20.751139907886948,38595.5122443804,24.53221699814543,False,False,False,107,BARANGAY 107,1380601107.0,City of Manila - Tondo I / II,133901000,133901107,6377.0,7003.0,0.15780137,U,No,51823.3405909845,46853.4712169652,51823.340298024,51816.2532373905,51823.3405909845,46853.4712169652,0.04546615344204543,454.6615344204543,0.14539862643189078,0.20751139907886948,0.24532216998145429,1040,1484,1755,6.21127726469787,3.7810770902584814,9.992354354956351,9771.943063319999,5948.610643100441,15720.55370642044,444,271,715,626.0,9.81652814803199,405.33714595264047,445.1271809795109,39.79003502687044,1323,1453,130,157801.37,-475.5471960596915,-0.3013580909086477,53.29317265767414,74.00979801597794,850.36660689753,-53.258658108090984,-395.7050724770757,OK,17.956065138772907,20.710751427815875
Barangay 108,5114.0,32049.211174995933,195.94147094099895,0.6113768912161809,2133.6760669920614,6.657499478978463,3444.303410593105,10.746921014019442,False,False,False,108,BARANGAY 108,1380601108.0,City of Manila - Tondo I / II,133901000,133901108,5079.0,5391.0,0.03203667,U,No,16018.3335976505,9782.90220810233,16018.3344005906,13885.4935283664,16018.3335976505,9782.90220810233,0.15956710984480724,1595.6710984480724,0.006113768912161809,0.06657499478978463,0.10746921014019442,31,340,550,6.046122587762282,4.089421535040979,10.13554412280326,1937.7345960510625,1310.6273436010438,3248.3619396521062,309,210,519,312.0,6.1429415239220315,1584.7503928466485,1682.1006827793428,97.3502899326943,338,359,21,32036.670000000002,12.541174995931215,0.03914631263465027,53.29317265767414,74.00979801597794,850.36660689753,-67.35229853699947,745.3044915505424,OK,3.9367443144854364,6.781737446054284
Barangay 109,3495.0,26787.33503916342,80.86410133177827,0.3018743791181689,434.8756599165819,1.623437565852625,5059.952837906554,18.88934763577205,False,False,False,109,BARANGAY 109,1380601109.0,City of Manila - Tondo I / II,133901000,133901109,3646.0,3254.0,0.0267769,U,No,13388.448949765,10330.4646895247,13388.4496031495,12953.7435737313,13388.448949765,10330.4646895247,0.13047210537704726,1304.7210537704727,0.0030187437911816887,0.01623437565852625,0.1888934763577205,11,57,660,1.3215631867344562,17.265910069919425,18.587473256653883,354.01155858480365,4625.077177989972,4979.088736574776,46,603,649,-392.0,-10.75150850246846,1361.090976265277,1214.7531642257848,-146.3378120394923,59,53,-6,26776.899999999998,10.435039163421607,0.03897030337127004,53.29317265767414,74.00979801597794,850.36660689753,-72.38636045012531,454.35444687294273,OK,1.0287341318221197,8.199410797136782
Barangay 110,2431.0,178172.87162647865,57507.54945736374,32.27626570330106,75327.4259644247,42.27771897976759,88720.55901727299,49.79465067121252,False,False,False,110,BARANGAY 110,1380601110.0,City of Manila - Tondo I / II,133901000,133901110,2524.0,2677.0,0.17810232,U,No,58695.7846701565,26440.0125714582,58695.7874485147,33733.7479123684,58695.7846701565,26440.0125714582,0.013644052418352133,136.44052418352132,0.32276265703301055,0.4227771897976759,0.4979465067121252,785,1028,1211,10.001453276466535,7.516931691444931,17.518384967911466,17819.876507060966,13393.13305284828,31213.009559909246,243,183,426,153.0,6.061806656101426,141.6601740185964,150.24733987630052,8.587165857704122,1067,1132,65,178102.32,70.55162647864199,0.03961297442876768,53.29317265767414,74.00979801597794,850.36660689753,-31.732079036210344,-713.9260827140087,OK,37.777065005357656,42.784128337228935
Barangay 111,2676.0,14528.537544348814,1590.8407994677186,10.949765553563996,5220.771535196101,35.93459781660427,5711.810687568425,39.31442287382984,False,False,False,111,BARANGAY 111,1380601111.0,City of Manila - Tondo I / II,133901000,133901111,1978.0,2661.0,0.01452287,U,No,7261.43528104032,1585.85258804,7261.43499742792,2042.70097121385,7261.43528104032,1585.85258804,0.18418922013529762,1841.8922013529761,0.10949765553563996,0.3593459781660427,0.3931442287382984,293,962,1052,24.98483226304027,3.379825057225574,28.364657320265845,3629.930735728382,491.0391523723247,4120.969888100706,669,90,759,683.0,34.52982810920122,1361.4584358281716,1831.5676934978585,470.10925766968694,711,956,245,14522.87,5.667544348812953,0.039024960967170765,53.29317265767414,74.00979801597794,850.36660689753,-38.07520019937367,991.5255944554461,OK,24.691423298236145,31.04031977373443
Barangay 112,5840.0,27445.579878500143,12375.782698850224,45.09207950291827,17431.48944584277,63.5129209257406,18608.35179359309,67.80090592354433,False,False,False,112,BARANGAY 112,1380601112.0,City of Manila - Tondo I / II,133901000,133901112,3752.0,5593.0,0.02743483,U,No,9144.943800667,5603.91798740692,9144.94483286936,3999.39856034503,9144.943800667,5603.91798740692,0.21278471891843107,2127.8471891843105,0.4509207950291827,0.635129209257406,0.6780090592354433,2633,3709,3960,18.420841422822335,4.287984997803733,22.708826420626067,5055.706746992546,1176.8623477503206,6232.569094742867,1076,251,1327,1841.0,49.06716417910448,1367.068947571838,2037.8509125184673,670.7819649466294,2383,3552,1169,27434.83,10.749878500140767,0.03918332462836754,53.29317265767414,74.00979801597794,850.36660689753,-10.496877090237334,1277.4805822867806,OK,55.22354228547056,60.62290456915651
Barangay 116,6182.0,42310.69238089811,21367.254407617034,50.50083845298558,33884.84690900478,80.08577738213208,36424.19683857071,86.08745163200174,False,False,False,116,BARANGAY 116,1380601116.0,City of Manila - Tondo I / II,133901000,133901116,6946.0,5943.0,0.04229412,U,No,14098.0413182084,15730.4520689232,14098.0417625394,13762.1146487545,14098.0413182084,15730.4520689232,0.14610963924549178,1461.0963924549178,0.5050083845298559,0.8008577738213208,0.8608745163200174,3122,4951,5322,29.584938929146496,6.001674249869666,35.58661317901616,12517.592501387746,2539.3499295659276,15056.942430953673,1829,371,2200,-1003.0,-14.439965447739706,1641.6654063396732,1404.6094888967286,-237.05591744294452,5563,4759,-804,42294.119999999995,16.572380898112897,0.0391836522384504,53.29317265767414,74.00979801597794,850.36660689753,6.075979366154144,610.7297855573878,OK,66.77255486401616,75.09021234979332
Barangay 117,4262.0,20995.05204561053,5109.451875023786,24.33645729443204,12030.53153566207,57.3017466664357,18414.52120525213,87.70886190349832,False,False,False,117,BARANGAY 117,1380601117.0,City of Manila - Tondo I / II,133901000,133901117,4396.0,4160.0,0.02098687,U,No,6995.62350535209,6571.42300819594,10493.4361315281,1532.40503990035,6995.62350535209,6571.42300819594,0.2030002112279147,2030.0021122791468,0.2433645729443204,0.5730174666643569,0.8770886190349831,1037,2442,3738,32.96528937200365,30.40711523706262,63.37240460906628,6921.079660638285,6383.989669590061,13305.069330228345,1405,1296,2701,-236.0,-5.368516833484986,2093.8266742325504,1981.4192367623768,-112.40743747017359,2519,2384,-135,20986.870000000003,8.182045610526984,0.038986497798513944,53.29317265767414,74.00979801597794,850.36660689753,-16.708051349542238,1179.635505381617,OK,42.46736644903406,61.22327041825983
Barangay 118,10891.0,141955.9136313497,10291.52627343567,7.24980454154386,20294.239241655134,14.296156266062969,23236.105555098988,16.368536512992087,False,False,False,118,BARANGAY 118,1380601118.0,City of Manila - Tondo I / II,133901000,133901118,10077.0,10840.0,0.14189991,U,No,45338.4992901541,45425.9783137803,68007.7493946683,47721.4935729309,45338.4992901541,45425.9783137803,0.0767210024675916,767.2100246759161,0.0724980454154386,0.14296156266062968,0.16368536512992088,790,1557,1783,7.046351724519109,2.072380246929118,9.118731971448227,10002.712968219465,2941.866313443854,12944.579281663318,767,226,993,763.0,7.571697925970031,709.8682782718948,763.617359974927,53.749081703032175,1441,1550,109,141899.91,56.00363134968211,0.03946699568004103,53.29317265767414,74.00979801597794,850.36660689753,-59.71364174991497,-83.15658222161392,OK,11.12529799002937,13.363520433704839
Barangay 119,1877.0,18636.1581505413,3753.7701365541934,20.142403312053684,7033.634215829445,37.74186803423938,7831.965111715721,42.02564202583908,False,False,False,119,BARANGAY 119,1380601119.0,City of Manila - Tondo I / II,133901000,133901119,3251.0,2345.0,0.01862886,U,No,9314.43168035108,454.619518696152,9314.42816380382,2283.54832635963,9314.43168035108,454.619518696152,0.1007181836963259,1007.181836963259,0.20142403312053683,0.3774186803423938,0.42025642025839083,378,708,789,17.599464722185697,4.283773991599702,21.8832387137854,3279.8640792752512,798.3308958862763,4078.1949751615275,330,81,411,-906.0,-27.868348200553676,1744.458258906529,1258.3065571011414,-486.1517018053876,1227,885,-342,18628.86,7.298150541300856,0.03917658161208392,53.29317265767414,74.00979801597794,850.36660689753,-36.267929981738554,156.815230065729,OK,29.82210890925582,35.05551145033284
Barangay 120,3886.0,16996.94356550251,0.0,0.0,400.0000000200816,2.3533642885767607,962.5258444783758,5.662934872784693,False,False,False,120,BARANGAY 120,1380601120.0,City of Manila - Tondo I / II,133901000,133901120,3525.0,3873.0,0.01699028,U,No,8495.14219410208,7739.03623785449,8495.14219119908,8095.29882488899,8495.14219410208,7739.03623785449,0.22862934062375415,2286.2934062375416,0.0,0.023533642885767606,0.05662934872784693,0,91,220,2.3533642885767607,3.3095705842079326,5.662934872784693,400.0000000200816,562.5258444582942,962.5258444783758,91,129,220,348.0,9.872340425531915,2073.902279204152,2278.644972300051,204.74269309589909,83,91,8,16990.28,6.663565502512938,0.03921986866910339,53.29317265767414,74.00979801597794,850.36660689753,-71.65643372740118,1435.9267993400117,OK,1.2943503587172185,3.088851450115744
Barangay 121,4097.0,28003.33959020228,2182.3142216942915,7.793049877728986,4177.875394493476,14.919204122194117,6415.28642154726,22.90900483809374,False,False,False,121,BARANGAY 121,1380601121.0,City of Manila - Tondo I / II,133901000,133901121,5617.0,4511.0,0.02799242,U,No,13996.2092405701,6791.0811132386,13996.2092591327,9819.96676954606,13996.2092405701,6791.0811132386,0.1463039787380733,1463.0397873807328,0.07793049877728986,0.14919204122194116,0.22909004838093738,319,611,939,7.1261542444651305,7.989800715899623,15.115954960364753,1995.5611727991845,2237.411027053784,4232.9721998529685,292,328,620,-1106.0,-19.690226099341285,2005.832190802435,1610.879297260065,-394.95289354237,838,673,-165,27992.420000000002,10.919590202276595,0.03900909675646691,53.29317265767414,74.00979801597794,850.36660689753,-59.09059389378382,612.6731804832028,OK,11.712434712184809,16.333585847437682
Barangay 122,3830.0,23231.612252530005,8168.861071921702,35.162695482024,15055.354560767557,64.80546591908607,21333.636607601737,91.83020263812482,False,False,False,122,BARANGAY 122,1380601122.0,City of Manila - Tondo I / II,133901000,133901122,4257.0,3824.0,0.02322255,U,No,7740.85178856054,8819.06544715172,11611.2756399231,3438.20868483396,7740.85178856054,8819.06544715172,0.16486156700479965,1648.6156700479964,0.35162695482024,0.6480546591908607,0.9183020263812481,1347,2482,3517,29.642770437062076,27.024736719038742,56.66750715610082,6886.493488845855,6278.28204683418,13164.775535680033,1135,1035,2170,-433.0,-10.17148226450552,1832.416947100345,1646.03298231424,-186.38396478610503,2759,2478,-281,23222.550000000003,9.062252530002297,0.039023503146735805,53.29317265767414,74.00979801597794,850.36660689753,-9.20433209689186,798.2490631504664,OK,51.46621922240815,68.20466799743605
Barangay 123,8879.0,98787.31996444454,6340.766748242467,6.418603876008207,8802.66779782045,8.910726397870395,8670.060317198082,8.77649107225361,False,True,False,123,BARANGAY 123,1380601123.0,City of Manila - Tondo I / II,133901000,133901123,8490.0,8660.0,0.09874841,U,No,31298.9694612977,36242.2407272709,46948.4574420544,38149.2468829747,31298.9694612977,36242.2407272709,0.08987995628584441,898.7995628584441,0.06418603876008207,0.08910726397870394,0.08776491072253609,570,791,779,2.4921225218621874,-0.13423532561678542,2.357887196245402,2461.901049577983,-132.6074806223678,2329.2935689556152,221,-12,209,170.0,2.0023557126030624,859.4220394941086,876.6307257972886,17.208686303180002,757,772,15,98748.40999999999,38.909964444552315,0.03940313008032466,53.29317265767414,74.00979801597794,850.36660689753,-65.09907161810754,48.432955960914114,Review 100yr value: lower than expected return-period progression,7.789271263032411,8.234001637158133
Barangay 124,307.0,30715.56182005786,15995.003150509896,52.07459086769772,30415.561820027888,99.02329639357576,30015.56182007358,97.7210249186223,False,True,False,124,BARANGAY 124,1380601124.0,City of Manila - Tondo I / II,133901000,133901124,2626.0,159.0,0.03070363,U,No,15351.8140161943,13785.962056577,10234.5427764694,7110.46042628073,15351.8140161943,13785.962056577,0.009994933571409494,99.94933571409493,0.5207459086769772,0.9902329639357577,0.977210249186223,160,304,300,46.94870552587804,-1.3022714749534572,45.64643405092458,14420.558669517992,-399.999999954307,14020.558669563685,144,-4,140,-2467.0,-93.94516374714395,854.9412234046035,51.765291135313014,-803.1759322692906,2600,157,-2443,30703.629999999997,11.93182005786366,0.038861268383782836,53.29317265767414,74.00979801597794,850.36660689753,25.013498377597827,-750.4172711834351,Review 100yr value: lower than expected return-period progression,77.89637890693065,86.76521142212486
Barangay 125,3749.0,15408.265303905822,4723.51455398475,30.655719257296223,12229.904786321287,79.37236635730268,13737.76795021576,89.1584333424827,False,False,False,125,BARANGAY 125,1380601125.0,City of Manila - Tondo I / II,133901000,133901125,2098.0,4510.0,0.01540229,U,No,3850.57842524578,4332.62750837789,5134.10554873732,1556.83857054691,3850.57842524578,4332.62750837789,0.2433109714855228,2433.109714855228,0.3065571925729622,0.7937236635730268,0.8915843334248269,1149,2976,3343,48.716647100006455,9.786066985180014,58.50271408518647,7506.390232336537,1507.8631638944735,9014.253396231012,1827,367,2194,2412.0,114.96663489037178,1361.6068769715307,2927.000483861584,1565.3936068900534,1665,3580,1915,15402.29,5.97530390582142,0.03879490586024169,53.29317265767414,74.00979801597794,850.36660689753,5.362568341324746,1582.7431079576982,OK,57.449875162299776,71.10763137637306
Barangay 126,913.0,136570.36503288065,60274.73689708826,44.13456527159207,111882.51119259326,81.92297879972456,108885.45725287237,79.72846614758416,False,True,False,126,BARANGAY 126,1380601126.0,City of Manila - Tondo I / II,133901000,133901126,1054.0,1162.0,0.13651702,U,No,34129.2546848278,38868.4385430121,45505.6737762043,17934.0700260078,34129.2546848278,38868.4385430121,0.0066851985039374125,66.85198503937413,0.44134565271592074,0.8192297879972457,0.7972846614758415,403,748,728,37.78841352813249,-2.1945126521404035,35.593900875992084,51607.774295505,-2997.0539397208922,48610.720355784106,345,-20,325,108.0,10.246679316888045,77.17633322179663,85.08434459556706,7.908011373770435,863,952,89,136517.02,53.3450328806648,0.03907573786819021,53.29317265767414,74.00979801597794,850.36660689753,7.9131807837466255,-783.5146218581559,Review 100yr value: lower than expected return-period progression,64.91819271206495,71.59807035683528
Barangay 127,574.0,45215.569144902365,22599.671355833856,49.98205658632466,44078.550981050335,97.4853392639862,43684.10750721101,96.61297719645312,False,True,False,127,BARANGAY 127,1380601127.0,City of Manila - Tondo I / II,133901000,133901127,597.0,565.0,0.045198,U,No,15065.9994745303,19808.314926113,15065.9987541532,11305.6889656875,15065.9994745303,19808.314926113,0.012694742338872298,126.94742338872298,0.4998205658632466,0.974853392639862,0.9661297719645312,287,560,555,47.503282677661545,-0.8723620675330892,46.630920610128456,21478.87962521648,-394.4434738393247,21084.436151377155,273,-5,268,-32.0,-5.360134003350084,132.0341668346126,124.95695856207053,-7.077208272542066,582,551,-31,45198.0,17.569144902365224,0.038871509585302944,53.29317265767414,74.00979801597794,850.36660689753,23.47554124800827,-723.419183508807,Review 100yr value: lower than expected return-period progression,76.10886205903851,85.26057376755759
Barangay 128,22298.0,1064549.236139954,253493.64125716328,23.812298450030266,329055.20075471903,30.910284802595907,360822.6182112532,33.89440393753818,False,False,False,128,BARANGAY 128,1380601128.0,City of Manila - Tondo I / II,133901000,133901128,18218.0,23702.0,1.06720511,U,No,258507.666821402,249115.025302156,258507.664128735,269395.944198671,258507.666821402,249115.025302156,0.020945954628507693,209.45954628507693,0.23812298450030267,0.30910284802595905,0.3389440393753818,5310,6892,7558,7.097986352565641,2.984119134942272,10.082105487507913,75561.55949755575,31767.417456534167,107328.97695408991,1582,666,2248,5484.0,30.102096827313645,171.13346552253708,222.64822701806858,51.5147614955315,5631,7326,1695,1067205.1099999999,-2655.873860045802,-0.24886255089668774,53.29317265767414,74.00979801597794,850.36660689753,-43.099513213382025,-640.907060612453,OK,27.71619094394137,30.329435868431403
Barangay 129,5207.0,47163.94746636927,25755.550380864694,54.608555399714895,40149.66256679892,85.12786720286304,41045.64176542768,87.02757926421593,False,False,False,129,BARANGAY 129,1380601129.0,City of Manila - Tondo I / II,133901000,133901129,5361.0,5716.0,0.04714554,U,No,11786.3853053777,13646.5361730393,11786.3883008512,8455.75493755809,11786.3853053777,13646.5361730393,0.1104021244980163,1104.021244980163,0.546085553997149,0.8512786720286304,0.8702757926421593,2843,4433,4532,30.51931180314815,1.8997120613528864,32.419023864501035,14394.112185934227,895.9791986287601,15290.091384562988,1590,99,1689,355.0,6.6218988994590555,1136.6733040788656,1211.942661092109,75.26935701324328,4564,4866,302,47145.54,18.40746636926633,0.03904391882936611,53.29317265767414,74.00979801597794,850.36660689753,11.118069186885108,253.6546380826329,OK,71.39417689144638,78.25792407661717
Barangay 130,1398.0,33233.301126325816,30272.12481911849,91.08973166417816,32454.43220989264,97.65636006645096,32454.43256730122,97.6563611419041,False,False,False,130,BARANGAY 130,1380601130.0,City of Manila - Tondo I / II,133901000,133901130,1816.0,1758.0,0.03322034,U,No,8305.08417483707,11311.4024311703,8305.08461931835,10530.6172369363,8305.08417483707,11311.4024311703,0.04206623936291938,420.66239362919384,0.9108973166417816,0.9765636006645095,0.976563611419041,1273,1365,1365,6.566628402272798,1.0754531416523605e-06,6.5666294777259395,2182.307390774149,0.0003574085822037887,2182.3077481827313,92,0,92,-58.0,-3.1938325991189425,546.4398475183233,528.9874735337072,-17.452373984616088,1773,1717,-56,33220.340000000004,12.961126325812074,0.039015634174159784,53.29317265767414,74.00979801597794,850.36660689753,23.646562050473023,-429.70421326833616,OK,94.70137728542821,96.01470339606402
Barangay 131,1258.0,25719.1399280338,24534.011990083058,95.39203899793338,25719.139928033797,99.99999999999996,25719.139928033797,99.99999999999996,False,False,False,131,BARANGAY 131,1380601131.0,City of Manila - Tondo I / II,133901000,133901131,1443.0,1621.0,0.02570916,U,No,25709.1683170646,0.0,12854.5839217772,11669.9158632055,25709.1683170646,0.0,0.048912988673807986,489.1298867380798,0.9539203899793338,0.9999999999999996,0.9999999999999996,1200,1258,1258,4.607961002066574,0.0,4.607961002066574,1185.1279379507396,0.0,1185.1279379507396,58,0,58,178.0,12.335412335412336,561.0607524348562,630.2699096998628,69.20915726500652,1443,1621,178,25709.160000000003,9.979928033797478,0.03881856907731516,53.29317265767414,74.00979801597794,850.36660689753,25.990201984022022,-361.2367201594502,OK,97.92641754907001,98.84800974948331
Barangay 132,1151.0,42084.65974068399,37662.6587560261,89.4926060661884,41735.415997375145,99.1701400333024,41831.489491310494,99.39842628897686,False,False,False,132,BARANGAY 132,1380601132.0,City of Manila - Tondo I / II,133901000,133901132,1036.0,925.0,0.04206839,U,No,10517.0967726336,17130.7002085057,10517.0968012916,15585.2471206248,10517.0967726336,17130.7002085057,0.02734963302762094,273.4963302762094,0.894926060661884,0.991701400333024,0.9939842628897686,1030,1141,1144,9.677533967114002,0.2282862556744618,9.905820222788464,4072.7572413490416,96.07349393534969,4168.830735284391,111,3,114,-111.0,-10.714285714285714,246.17045887589308,219.79505256776167,-26.375406308131403,1027,917,-110,42068.39,16.269740683987038,0.03867450283689734,53.29317265767414,74.00979801597794,850.36660689753,25.160342017324467,-576.8702766213206,OK,94.81524974810111,96.84207104379368
Barangay 133,2317.0,75512.80170072953,61473.83608543483,81.4084959118143,72162.04544397385,95.56266463263368,71565.97195066807,94.77329716131652,False,True,False,133,BARANGAY 133,1380601133.0,City of Manila - Tondo I / II,133901000,133901133,2263.0,2115.0,0.07548345,U,No,18870.8619492242,22328.6427483248,18870.8619791501,17384.9687913957,18870.8619492242,22328.6427483248,0.03068353905318832,306.83539053188326,0.8140849591181429,0.9556266463263369,0.9477329716131652,1886,2214,2196,14.154168720819385,-0.7893674713171634,13.364801249502221,10688.209358539025,-596.0734933057829,10092.135865233242,328,-18,310,-148.0,-6.539991162174105,299.6842851850029,280.0849594194791,-19.599325765523815,2163,2021,-142,75483.45,29.35170072953042,0.03888494859406986,53.29317265767414,74.00979801597794,850.36660689753,21.55286661665575,-543.5312163656467,Review 100yr value: lower than expected return-period progression,89.19328870826496,91.70837546390197
Barangay 134,1104.0,33839.733354730386,33839.73335473037,99.99999999999996,33839.73335473037,99.99999999999996,33839.73335473037,99.99999999999996,False,False,False,134,BARANGAY 134,1380601134.0,City of Manila - Tondo I / II,133901000,133901134,1041.0,1058.0,0.03382662,U,No,16913.3078051446,16210.9523843609,33826.615433313,0.0,16913.3078051446,16210.9523843609,0.032624370541787205,326.24370541787204,0.9999999999999996,0.9999999999999996,0.9999999999999996,1104,1104,1104,0.0,0.0,0.0,0.0,0.0,0.0,0,0,0,17.0,1.633045148895293,307.62653744565654,312.6502176921274,5.02368024647086,1041,1058,17,33826.62,13.113354730383435,0.03876637609782897,53.29317265767414,74.00979801597794,850.36660689753,25.990201984022022,-524.1229014796579,OK,99.99999999999996,99.99999999999996
Barangay 135,1946.0,32412.559003831942,30311.82901665677,93.51877774622236,32012.55900371464,98.76591046060258,32312.559003893337,99.69147761543051,False,False,False,135,BARANGAY 135,1380601135.0,City of Manila - Tondo I / II,133901000,133901135,2057.0,1935.0,0.03240014,U,No,10800.0459176037,14378.358023937,8100.03442693943,12546.0417425649,10800.0459176037,14378.358023937,0.060038456074077214,600.3845607407721,0.9351877774622236,0.9876591046060258,0.9969147761543051,1820,1922,1940,5.247132714380228,0.925567154827931,6.172699869208159,1700.7299870578681,300.0000001786975,2000.7299872365656,102,18,120,-122.0,-5.9309674282936315,634.6305454490073,596.9908145084245,-37.63973094058281,2032,1911,-121,32400.14,12.419003831942973,0.03833009311670559,53.29317265767414,74.00979801597794,850.36660689753,24.756112444624648,-249.98204615675786,OK,96.40470073913148,97.8243541439387
Barangay 136,1302.0,28726.774619473475,25023.84483235705,87.10983103335847,28726.774619473472,100.0,28726.774619473472,100.0,False,False,False,136,BARANGAY 136,1380601136.0,City of Manila - Tondo I / II,133901000,133901136,928.0,1197.0,0.02871575,U,No,14357.871500749,12590.0715231204,9571.91422340414,9916.21342548235,14357.871500749,12590.0715231204,0.04532357068438141,453.2357068438141,0.8710983103335848,1.0,1.0,1134,1302,1302,12.890168966641525,0.0,12.890168966641525,3702.9297871164235,0.0,3702.9297871164235,168,0,168,269.0,28.987068965517242,323.04357599927766,416.6844401628614,93.64086416358373,928,1197,269,28715.75,11.024619473475468,0.038392239358106504,53.29317265767414,74.00979801597794,850.36660689753,25.990201984022065,-397.1309000537159,OK,94.19942396501132,96.77745775833962
Barangay 137,1060.0,30180.53166450219,30080.531664530707,99.6686605753566,30180.531664502185,100.0,30180.531664502185,100.0,False,False,False,137,BARANGAY 137,1380601137.0,City of Manila - Tondo I / II,133901000,133901137,827.0,911.0,0.03016892,U,No,15084.4577186311,9965.57591482643,10056.305113591,11121.5986398862,15084.4577186311,9965.57591482643,0.03512197902221694,351.21979022216937,0.9966866057535659,1.0,1.0,1056,1060,1060,0.33133942464340294,0.0,0.33133942464340294,99.99999997147825,0.0,99.99999997147825,4,0,4,84.0,10.157194679564691,274.0177042582397,301.8502159362229,27.832511677983234,827,911,84,30168.92,11.611664502190251,0.038488830565330985,53.29317265767414,74.00979801597794,850.36660689753,25.990201984022065,-499.14681667536064,OK,99.85089725891048,99.91716514383916
Barangay 138,3217.0,25694.313094065543,21296.43577060776,82.88384940528518,25694.313094065543,100.0,25594.31309409697,99.61080882138212,False,True,False,138,BARANGAY 138,1380601138.0,City of Manila - Tondo I / II,133901000,133901138,2990.0,2939.0,0.02568437,U,No,12842.1874965045,12786.5212647776,12842.1874574001,8850.2854425196,12842.1874965045,12786.5212647776,0.12520280220073332,1252.028022007333,0.8288384940528517,1.0,0.9961080882138212,2666,3217,3204,17.116150594714824,-0.3891911786178781,16.726959416096946,4397.877323457782,-99.9999999685715,4297.8773234892105,551,-13,538,-51.0,-1.705685618729097,1163.6816244333,1143.832874317548,-19.848750115751955,2990,2939,-51,25684.370000000003,9.943094065540208,0.03871262587145492,53.29317265767414,74.00979801597794,850.36660689753,25.990201984022065,401.661415109803,Review 100yr value: lower than expected return-period progression,92.29773223237834,95.56528587987414
Barangay 139,440.0,7163.013212032518,7163.013212032518,100.0,7163.013212032518,100.0,7163.013212032518,100.0,False,False,False,139,BARANGAY 139,1380601139.0,City of Manila - Tondo I / II,133901000,133901139,426.0,371.0,0.00716026,U,No,7160.25767086446,0.0,7160.25767086446,0.0,7160.25767086446,0.0,0.0614266631898546,614.266631898546,1.0,1.0,1.0,440,440,440,0.0,0.0,0.0,0.0,0.0,0.0,0,0,0,-55.0,-12.910798122065728,594.7217845199559,517.9384555326377,-76.78332898731821,426,371,-55,7160.26,2.7532120325176948,0.0384512857426643,53.29317265767414,74.00979801597794,850.36660689753,25.990201984022065,-236.09997499898395,OK,100.0,100.0
Barangay 140,568.0,32470.73934812001,31470.739348385152,96.92030418829144,32470.73934812001,100.0,32470.73934812001,100.0,False,False,False,140,BARANGAY 140,1380601140.0,City of Manila - Tondo I / II,133901000,133901140,671.0,543.0,0.03245821,U,No,32458.2070806324,0.0,16229.1035403162,15229.4894521161,32458.2070806324,0.0,0.01749267221514271,174.9267221514271,0.9692030418829144,1.0,1.0,551,568,568,3.079695811708561,0.0,3.079695811708561,999.9999997348568,0.0,999.9999997348568,17,0,17,-128.0,-19.076005961251862,206.64758902043587,167.22748262011427,-39.4201064003216,671,543,-128,32458.210000000003,12.529348120006034,0.03860147592860491,53.29317265767414,74.00979801597794,850.36660689753,25.990201984022065,-675.439884746103,OK,98.61413688473115,99.23007604707286
Barangay 141,553.0,6964.051060083986,5602.908598636625,80.45473174013537,6964.051060083984,99.99999999999996,6964.051060083984,99.99999999999996,False,False,False,141,BARANGAY 141,1380601141.0,City of Manila - Tondo I / II,133901000,133901141,506.0,529.0,0.00696137,U,No,6961.36868094653,0.0,3480.68459652166,2120.06627488001,6961.36868094653,0.0,0.0794078037666385,794.078037666385,0.8045473174013538,0.9999999999999996,0.9999999999999996,445,553,553,19.545268259864585,0.0,19.545268259864585,1361.142461447359,0.0,1361.142461447359,108,0,108,23.0,4.545454545454546,726.588584193835,759.6153380208276,33.0267538269926,506,529,23,6961.37,2.6810600839862673,0.03851339727648821,53.29317265767414,74.00979801597794,850.36660689753,25.990201984022022,-56.28856923114506,OK,91.2046292830609,95.11368293503381
Barangay 142,1721.0,16766.421302310162,7025.484549158678,41.90211150301151,16707.713144422647,99.64984681686708,15976.62582203822,95.28942124242624,False,True,False,142,BARANGAY 142,1380601142.0,City of Manila - Tondo I / II,133901000,133901142,1729.0,1710.0,0.01675995,U,No,8379.97461896978,7970.11644514983,5586.65032922149,4028.57749179066,8379.97461896978,7970.11644514983,0.10264563731097893,1026.4563731097894,0.41902111503011513,0.9964984681686708,0.9528942124242624,721,1715,1640,57.74773531385557,-4.360425574440839,53.38730973941473,9682.228595263969,-731.0873223844264,8951.141272879542,994,-75,919,-19.0,-1.098901098901099,1031.2278147047216,1019.8956409167577,-11.332173787963939,1723,1704,-19,16759.95,6.4713023101612634,0.03861170415282422,53.29317265767414,74.00979801597794,850.36660689753,25.640048800889147,176.0897662122594,Review 100yr value: lower than expected return-period progression,73.66336592563208,83.46874275862686
Barangay 143,1421.0,10294.622887607902,8476.130363891298,82.3355110374601,10294.622887607902,100.0,10094.622887520884,98.05723820803804,False,True,False,143,BARANGAY 143,1380601143.0,City of Manila - Tondo I / II,133901000,133901143,992.0,1401.0,0.0102907,U,No,5145.34623210796,3688.02739154151,3430.23031177665,3383.95242439426,5145.34623210796,3688.02739154151,0.13803322525884082,1380.3322525884082,0.823355110374601,1.0,0.9805723820803804,1170,1421,1393,17.664488962539906,-1.9427617919619564,15.72172717057795,1818.4925237166044,-200.00000008701863,1618.4925236295858,251,-28,223,409.0,41.229838709677416,963.6098483938782,1360.9046346772413,397.2947862833631,992,1401,409,10290.7,3.92288760790143,0.03812070712295013,53.29317265767414,74.00979801597794,850.36660689753,25.990201984022065,529.9656456908782,Review 100yr value: lower than expected return-period progression,92.05097996685706,94.80677304258025
Barangay 144,893.0,31321.174735792527,28101.62239267101,89.72084422030844,31321.174735792527,100.0,31321.174735792527,100.0,False,False,False,144,BARANGAY 144,1380601144.0,City of Manila - Tondo I / II,133901000,133901144,1775.0,880.0,0.03130918,U,No,10436.3940605487,12505.8236099264,10436.3945685577,10873.7598141148,10436.3940605487,12505.8236099264,0.028511063442953084,285.1106344295308,0.8972084422030844,1.0,1.0,801,893,893,10.279155779691564,0.0,10.279155779691564,3219.552343121515,0.0,3219.552343121515,92,0,92,-895.0,-50.42253521126761,566.7092677630652,280.9600876797168,-285.7491800833484,1775,880,-895,31309.18,11.994735792526626,0.038310603447700084,53.29317265767414,74.00979801597794,850.36660689753,25.990201984022065,-565.2559724679992,OK,95.3743798991388,97.43021105507711
Barangay 145,1109.0,17633.45297367868,17327.72272848961,98.26619184770318,17633.45297367868,100.0,17633.45297367868,100.0,False,False,False,145,BARANGAY 145,1380601145.0,City of Manila - Tondo I / II,133901000,133901145,1117.0,1029.0,0.0176267,U,No,8813.3511201418,7673.30133591023,5875.56738346582,7829.73681610645,8813.3511201418,7673.30133591023,0.06289182281288842,628.9182281288843,0.9826619184770319,1.0,1.0,1090,1109,1109,1.7338081522968167,0.0,1.7338081522968167,305.7302451890682,0.0,305.7302451890682,19,0,19,-88.0,-7.878245299910475,633.4550593507338,583.5499159103895,-49.90514344034432,1117,1029,-88,17626.699999999997,6.752973678681883,0.03831104902609044,53.29317265767414,74.00979801597794,850.36660689753,25.990201984022065,-221.44837876864574,OK,99.21978633146644,99.56654796192579
Barangay 146,2724.0,37439.83878939948,20704.67569884298,55.301188168324046,37267.615802467,99.54000072516006,37053.2408953912,98.967415708751,False,True,False,146,BARANGAY 146,1380601146.0,City of Manila - Tondo I / II,133901000,133901146,2734.0,2895.0,0.03742542,U,No,12475.1416823865,16763.1741461837,12475.1418307421,9010.82329885936,12475.1416823865,16763.1741461837,0.07275672353512534,727.5672353512534,0.5530118816832404,0.9954000072516006,0.98967415708751,1506,2711,2696,44.23881255683601,-0.5725850164090502,43.66622754042696,16562.94010362402,-214.37490707579855,16348.565196548221,1205,-15,1190,161.0,5.888807607900512,730.2381870228807,773.2405089360789,43.002321913198216,2721,2882,161,37425.42,14.418789399482193,0.03852672701998319,53.29317265767414,74.00979801597794,850.36660689753,25.53020270918212,-122.79937154627657,Review 100yr value: lower than expected return-period progression,79.63253507458386,88.25126357938743
Barangay 147,2023.0,130081.0961877349,95939.77764188612,73.75382008114728,114483.5371147284,88.00935760066483,122520.49652293276,94.187779864731,False,False,False,147,BARANGAY 147,1380601147.0,City of Manila - Tondo I / II,133901000,133901147,2140.0,2275.0,0.13003109,U,No,32507.7711436898,30852.9677383324,32507.7696608427,22315.7036271825,32507.7711436898,30852.9677383324,0.015551836963922702,155.51836963922702,0.7375382008114728,0.8800935760066483,0.94187779864731,1492,1780,1905,14.255537519517546,6.178422264066171,20.433959783583717,18543.759472842285,8036.959408204362,26580.718881046647,288,125,413,135.0,6.308411214953271,164.5127587879119,174.89090011331757,10.378141325405664,1883,2002,119,130031.08999999998,50.006187734921696,0.03845710109399352,53.29317265767414,74.00979801597794,850.36660689753,13.999559584686892,-694.848237258303,OK,81.59436571688194,86.91684212641192
Barangay 148,1827.0,104792.20088812402,70872.37924470624,67.63134913100019,89587.80857523438,85.49091231596346,94930.36297044212,90.58914896900544,False,False,False,148,BARANGAY 148,1380601148.0,City of Manila - Tondo I / II,133901000,133901148,2414.0,2333.0,0.10475209,U,No,26188.0155804423,30863.9187568761,26188.0154650856,25102.112586901,26188.0155804423,30863.9187568761,0.017434503565303513,174.3450356530351,0.676313491310002,0.8549091231596345,0.9058914896900544,1236,1562,1655,17.859563184963264,5.09823665304198,22.957799838005243,18715.42933052813,5342.554395207742,24057.983725735874,326,93,419,-81.0,-3.3554266777133392,230.3606546614268,222.63107179996217,-7.729582861464621,2064,1995,-69,104752.09000000001,40.11088812400703,0.03829125330483337,53.29317265767414,74.00979801597794,850.36660689753,11.48111429998552,-676.0215712444949,OK,77.45410888273,83.06531618093943
Barangay 149,1569.0,21491.37172367578,5035.740789786959,23.43145358301806,19238.34109952512,89.51658063934266,21290.992322807684,99.06762861187056,False,False,False,149,BARANGAY 149,1380601149.0,City of Manila - Tondo I / II,133901000,133901149,1739.0,1554.0,0.02148316,U,No,10741.5854757212,350.041012162219,7161.05692916222,8579.06996810412,10741.5854757212,350.041012162219,0.0730060426190258,730.060426190258,0.2343145358301806,0.8951658063934267,0.9906762861187056,368,1405,1554,66.08512705632461,9.551047972527897,75.6361750288525,14202.600309738162,2052.6512232825626,16255.251533020724,1037,149,1186,-185.0,-10.638297872340425,809.1619382695084,723.0808810067947,-86.08105726271367,1557,1391,-166,21483.16,8.211723675780377,0.03822400278069137,53.29317265767414,74.00979801597794,850.36660689753,15.506782623364728,-120.306180707272,OK,59.7782734639966,76.81571806427267
Barangay 150,1922.0,47675.96781819596,12798.257269975573,26.844252682566417,27290.711275728336,57.24207084751113,29017.588434082078,60.86418328147132,False,False,False,150,BARANGAY 150,1380601150.0,City of Manila - Tondo I / II,133901000,133901150,2396.0,2277.0,0.04765764,U,No,11914.4162289485,5481.23570499405,11914.4161229308,6147.42078705707,11914.4162289485,5481.23570499405,0.04031381192573193,403.1381192573193,0.26844252682566416,0.5724207084751113,0.6086418328147132,516,1100,1170,30.397818164944713,3.62211243396019,34.01993059890491,14492.454005752763,1726.8771583537418,16219.331164106505,584,70,654,-119.0,-4.96661101836394,502.55927874117435,477.59911422940485,-24.960164511769506,1372,1303,-69,47657.64,18.3278181959613,0.03845725091708548,53.29317265767414,74.00979801597794,850.36660689753,-16.767727168466806,-447.2284876402107,OK,43.56305267328601,51.09146127985903
Barangay 151,1725.0,52452.97354301263,31390.79834496341,59.84560306999991,43105.535680263776,82.1793937857808,46428.501053310414,88.51452628369675,False,False,False,151,BARANGAY 151,1380601151.0,City of Manila - Tondo I / II,133901000,133901151,1399.0,1639.0,0.05243292,U,No,13108.2285445113,13439.9328455966,13108.2292819895,8287.06638081936,13108.2285445113,13439.9328455966,0.03288660076793284,328.8660076793284,0.5984560306999991,0.8217939378578081,0.8851452628369675,1032,1418,1527,22.333790715780893,6.33513249791595,28.668923213696843,11714.737335300368,3322.965373046638,15037.702708347006,386,109,495,240.0,17.155110793423876,266.71509840195966,312.47036903560536,45.755270633645694,1150,1347,197,52432.92,20.053543012632872,0.03824609236455432,53.29317265767414,74.00979801597794,850.36660689753,8.169595769802868,-521.5005992182016,OK,72.12918796367941,79.12999910600196
Barangay 152,6016.0,25177.07763382673,24508.699532877945,97.34529117846948,25177.07763382673,100.0,25177.07763382673,100.0,False,False,False,152,BARANGAY 152,1380601152.0,City of Manila - Tondo I / II,133901000,133901152,3502.0,6218.0,0.02516757,U,No,8389.18864623864,11429.4310557476,12583.782972468,9421.19909260536,8389.18864623864,11429.4310557476,0.2389475096155396,2389.475096155396,0.9734529117846948,1.0,1.0,5856,6016,6016,2.6547088215305195,0.0,2.6547088215305195,668.3781009487866,0.0,668.3781009487866,160,0,160,2716.0,77.55568246716163,1390.9477704016285,2469.7068064983796,1078.759036096751,3502,6218,2716,25167.57,9.507633826731762,0.03777732147653414,53.29317265767414,74.00979801597794,850.36660689753,25.990201984022065,1539.108489257866,OK,98.80538103031128,99.33632279461737
Barangay 153,1658.0,20940.92375452956,18533.75655635804,88.50496173717815,20691.144241781967,98.80721826947313,20940.92375452956,100.0,False,False,False,153,BARANGAY 153,1380601153.0,City of Manila - Tondo I / II,133901000,133901153,2703.0,2051.0,0.02093298,U,No,10466.4908353315,8417.49065950207,6977.66104395729,4856.77665540824,10466.4908353315,8417.49065950207,0.0791751127808472,791.7511278084721,0.8850496173717814,0.9880721826947313,1.0,1467,1638,1658,10.302256532294976,1.1927817305268746,11.49503826282185,2157.387685423928,249.77951274759107,2407.167198171519,171,20,191,-652.0,-24.121346651868294,1290.7740039000603,979.4219319271268,-311.35207197293346,2671,2027,-644,20932.98,7.943754529558646,0.03794851248870751,53.29317265767414,74.00979801597794,850.36660689753,24.79742025349519,-58.615479089057885,OK,94.1712028299404,96.70876682861012
Barangay 154,774.0,24219.238995162686,17304.925977729552,71.45115493177084,22996.99878907685,94.9534326560386,23861.904655364247,98.5245847738246,False,False,False,154,BARANGAY 154,1380601154.0,City of Manila - Tondo I / II,133901000,133901154,1112.0,948.0,0.02421003,U,No,6052.50738252696,8921.99146598349,6052.50773591357,5802.75298601243,6052.50738252696,8921.99146598349,0.031958064419554684,319.5806441955468,0.7145115493177084,0.949534326560386,0.985245847738246,553,735,763,23.502277724267756,3.5711521177859993,27.073429842053756,5692.072811347298,864.9058662873977,6556.9786776346955,182,28,210,-164.0,-14.748201438848922,459.1391167253851,391.4243549061737,-67.71476181921145,1056,900,-156,24210.03,9.208995162687643,0.03803793371048133,53.29317265767414,74.00979801597794,850.36660689753,20.943634640060665,-530.7859627019832,OK,84.37740768011811,90.50632407208607
Barangay 155,3292.0,18077.414388859,16200.745802189447,89.61871124763213,17377.473879383437,96.12809390536,18077.414388859,100.0,False,False,False,155,BARANGAY 155,1380601155.0,City of Manila - Tondo I / II,133901000,133901155,2916.0,3257.0,0.01807058,U,No,6023.52777140405,6836.81504064229,6023.52776401896,5935.63702049975,6023.52777140405,6836.81504064229,0.18210568885497472,1821.056888549747,0.8961871124763213,0.9612809390536,1.0,2950,3165,3292,6.509382657727869,3.8719060946399964,10.381288752367865,1176.7280771939895,699.9405094755639,1876.6685866695534,215,127,342,341.0,11.694101508916324,1613.0625416193993,1801.6957126386774,188.63317101927805,2803,3131,328,18070.579999999998,6.834388859002502,0.03782052849992918,53.29317265767414,74.00979801597794,850.36660689753,22.11829588938207,970.6902816522171,OK,93.19887170938247,96.04951067878403
Barangay 156,1627.0,43379.90327877888,22996.842105582764,53.01266339344893,39005.440480920464,89.91592311825562,41799.55764920815,96.35696368566175,False,False,False,156,BARANGAY 156,1380601156.0,City of Manila - Tondo I / II,133901000,133901156,1581.0,1615.0,0.04336345,U,No,10840.8587189687,13624.4273058134,10840.8591250982,8633.59739212753,10840.8587189687,13624.4273058134,0.03750584664848518,375.05846648485175,0.5301266339344893,0.8991592311825563,0.9635696368566176,863,1463,1568,36.90325972480669,6.441040567406134,43.34430029221282,16008.5983753377,2794.1171682876884,18802.71554362539,600,105,705,34.0,2.1505376344086025,364.45447788110056,372.292208588221,7.837730707120443,1422,1452,30,43363.45,16.45327877888485,0.0379427346737514,53.29317265767414,74.00979801597794,850.36660689753,15.906125102277684,-475.30814041267826,OK,73.30945624209261,83.2665244140164
Barangay 157,1409.0,18031.153594448944,11663.760045719198,64.68671005780791,15900.724062749634,88.18472972048122,15755.182487933058,87.3775624249767,False,True,False,157,BARANGAY 157,1380601157.0,City of Manila - Tondo I / II,133901000,133901157,2075.0,1505.0,0.01802433,U,No,4506.08117770847,6163.95952477295,6008.10930577769,3445.25776469515,4506.08117770847,6163.95952477295,0.07814253218018029,781.4253218018029,0.6468671005780792,0.8818472972048121,0.8737756242497671,911,1243,1231,23.4980196626733,-0.807167295504513,22.690852367168787,4236.964017030436,-145.54157481657603,4091.4224422138595,332,-12,320,-570.0,-27.469879518072286,1150.7860487854798,834.6665076733238,-316.11954111215596,1830,1327,-503,18024.33,6.823594448942458,0.03785768707598262,53.29317265767414,74.00979801597794,850.36660689753,14.17493170450328,-68.94128509572715,Review 100yr value: lower than expected return-period progression,77.61062087227823,81.98735788661108
Barangay 158,2037.0,24130.901419763228,18010.307829898557,74.63586841040302,23039.78254793232,95.4783335572484,23038.54456508928,95.47320327710878,False,True,False,158,BARANGAY 158,1380601158.0,City of Manila - Tondo I / II,133901000,133901158,2213.0,1934.0,0.02412174,U,No,8040.57890644873,7910.83996877991,8040.578365915,5120.59693075787,8040.57890644873,7910.83996877991,0.08441458379717616,844.1458379717616,0.7463586841040302,0.9547833355724841,0.9547320327710878,1520,1945,1945,20.842465146845385,-0.005130280139624688,20.83733486670576,5029.474718033762,-1.2379828430384805,5028.236735190723,425,0,425,-279.0,-12.607320379575238,917.0813644730036,801.461978712512,-115.6193857604917,2113,1847,-266,24121.739999999998,9.161419763229787,0.03797992915614623,53.29317265767414,74.00979801597794,850.36660689753,21.46853554127047,-6.220768925768425,Review 100yr value: lower than expected return-period progression,86.09922424116799,90.2656651584812
Barangay 159,1595.0,13711.23330341226,3292.3974916642533,24.01240952442176,8967.06558609541,65.39940928482204,12501.69558046147,91.17849068581032,False,False,False,159,BARANGAY 159,1380601159.0,City of Manila - Tondo I / II,133901000,133901159,1701.0,1558.0,0.01370605,U,No,4568.68359700852,2566.42116713522,4568.68361753847,2487.32547610469,4568.68359700852,2566.42116713522,0.11632797463982023,1163.2797463982024,0.2401240952442176,0.6539940928482204,0.9117849068581032,383,1043,1454,41.386999760400286,25.779081400988275,67.16608116138856,5674.668094431157,3534.6299943660597,9209.298088797217,660,411,1071,-143.0,-8.406819517930629,1240.5886198265468,1136.2945735977426,-104.29404622880429,1112,1019,-93,13706.05,5.1833034122610115,0.03781763098967982,53.29317265767414,74.00979801597794,850.36660689753,-8.610388731155894,312.9131395006724,OK,46.775259392641914,65.36429190511728
Barangay 160,1399.0,14943.093048399976,11601.997916533524,77.64120774029311,13054.986544097654,87.36468749684664,12324.27670271759,82.47473707618522,False,True,False,160,BARANGAY 160,1380601160.0,City of Manila - Tondo I / II,133901000,133901160,2375.0,1256.0,0.01493744,U,No,4979.14675914058,4744.20966678977,4979.14425170683,3395.65885202104,4979.14675914058,4744.20966678977,0.09362184893507018,936.2184893507019,0.7764120774029312,0.8736468749684664,0.8247473707618522,1086,1222,1154,9.72347975655353,-4.889950420661421,4.833529335892109,1452.9886275641293,-730.7098413800632,722.2787861840661,136,-68,68,-1119.0,-47.11578947368421,1589.3630537583394,840.5221033770418,-748.8409503812976,2075,1097,-978,14937.44,5.653048399975887,0.03784482749370633,53.29317265767414,74.00979801597794,850.36660689753,13.354889480868707,85.85188245317192,Review 100yr value: lower than expected return-period progression,82.98912160639756,82.97783738944369
Barangay 161,876.0,30063.30898537677,13815.077352324906,45.95328265110391,22429.09501561017,74.60620860637798,25235.02246112959,83.93960383204745,False,False,False,161,BARANGAY 161,1380601161.0,City of Manila - Tondo I / II,133901000,133901161,1157.0,1004.0,0.03005197,U,No,10017.3238097014,4836.27435814319,10017.3265247532,2323.80080152215,10017.3238097014,4836.27435814319,0.029138509018621306,291.38509018621306,0.4595328265110391,0.7460620860637798,0.8393960383204745,403,654,735,28.652925955274064,9.333395225669477,37.98632118094354,8614.017663285265,2805.9274455194172,11419.945108804683,251,81,332,-153.0,-13.223854796888505,384.85450838521524,333.96190701707525,-50.89260136813999,863,749,-114,30051.97,11.338985376769415,0.03773125481214514,53.29317265767414,74.00979801597794,850.36660689753,0.5964105904000405,-558.981516711317,OK,61.71239192650465,71.17633520782725
Barangay 162,586.0,23446.46766249722,20660.27711705652,88.11680042577488,21904.371674272254,93.42290697932482,22007.815409836905,93.86409810906636,False,False,False,162,BARANGAY 162,1380601162.0,City of Manila - Tondo I / II,133901000,133901162,716.0,556.0,0.02343762,U,No,7812.53962114682,7620.3801104263,7812.54004699321,5202.01899044515,7812.53962114682,7620.3801104263,0.024993103798629374,249.93103798629372,0.8811680042577489,0.9342290697932483,0.9386409810906636,516,547,550,5.306106553549938,0.44119112974154007,5.747297683291478,1244.0945572157325,103.44373556465143,1347.538292780384,31,3,34,-160.0,-22.3463687150838,305.376490099294,237.13593365252441,-68.2405564467696,669,519,-150,23437.62,8.847662497220881,0.037749833375662206,53.29317265767414,74.00979801597794,850.36660689753,19.413108963346886,-600.4355689112363,OK,91.03515903022735,92.27285679283395
Barangay 163,3850.0,45351.6543397573,12194.442646146716,26.888639066594138,31909.889772882023,70.36102703955471,40195.79125532476,88.63136712542659,False,False,False,163,BARANGAY 163,1380601163.0,City of Manila - Tondo I / II,133901000,133901163,5390.0,3840.0,0.0453345,U,No,15111.5024364918,11690.00311988,15111.5030745373,10649.7861508576,15111.5024364918,11690.00311988,0.08489216228270899,848.92162282709,0.2688863906659414,0.7036102703955471,0.886313671254266,1035,2709,3412,43.472387972960576,18.27034008587188,61.742728058832455,19715.447126735307,8285.901482442736,28001.348609178043,1674,703,2377,-1550.0,-28.7569573283859,1188.490271957926,846.7166315989678,-341.77364035895835,3792,2702,-1090,45334.5,17.15433975729684,0.03783948153679171,53.29317265767414,74.00979801597794,850.36660689753,-3.648770976423222,-1.4449840704400003,OK,50.798452451722454,66.80106608066333
Barangay 164,1824.0,26613.361445754243,6638.582036378849,24.94454543034786,16275.837844616331,61.15664072646823,21697.71080424354,81.52938834303127,False,False,False,164,BARANGAY 164,1380601164.0,City of Manila - Tondo I / II,133901000,133901164,2083.0,1807.0,0.02660331,U,No,8867.76939452773,5201.51709229037,8867.76921878606,5655.50831619531,8867.76939452773,5201.51709229037,0.06853700175071238,685.3700175071237,0.2494454543034786,0.6115664072646824,0.8152938834303127,455,1115,1487,36.212095296120374,20.37274761656304,56.58484291268341,9637.255808237482,5421.872959627208,15059.128767864691,660,372,1032,-276.0,-13.250120019203074,782.6895539842867,678.9822487036034,-103.70730528068327,1274,1105,-169,26603.31,10.051445754241286,0.03778268852350059,53.29317265767414,74.00979801597794,850.36660689753,-12.853157289509703,-164.99658939040626,OK,44.86119784321407,60.25271594906335
Barangay 165,903.0,22703.25255158761,19282.08651495517,84.93094313751443,21350.960295142,94.04361884548102,21683.706262747623,95.50925011064685,False,False,False,165,BARANGAY 165,1380601165.0,City of Manila - Tondo I / II,133901000,133901165,989.0,1014.0,0.02269469,U,No,7564.89502416058,7236.05536506297,7564.89463446718,4984.5407013537,7564.89502416058,7236.05536506297,0.039774036691357435,397.7403669135744,0.8493094313751444,0.9404361884548103,0.9550925011064685,767,849,862,9.112675707966588,1.4656312651658254,10.578306973132413,2068.87378018683,332.7459676056242,2401.6197477924543,82,13,95,25.0,2.5278058645096055,435.62040185772435,446.6320399228842,11.011638065159843,930,954,24,22694.69,8.562551587612688,0.03772931724386933,53.29317265767414,74.00979801597794,850.36660689753,20.033820829503085,-452.6262399839556,OK,89.94291477689606,92.3517024245557
Barangay 166,860.0,33590.150872628066,28114.384396808862,83.69829746647164,33590.150872628066,100.0,33590.150872628066,100.0,False,False,False,166,BARANGAY 166,1380601166.0,City of Manila - Tondo I / II,133901000,133901166,1139.0,882.0,0.03357738,U,No,16788.6922573373,16488.8060209892,16788.6922713304,10297.1345969771,16788.6922573373,16488.8060209892,0.02560274299633458,256.02742996334575,0.8369829746647164,1.0,1.0,720,860,860,16.301702533528356,0.0,16.301702533528356,5475.766475819204,0.0,5475.766475819204,140,0,140,-257.0,-22.56365232660228,339.0874915444777,262.57696886938487,-76.51052267509283,1139,882,-257,33577.38,12.7708726280689,0.03803415462453861,53.29317265767414,74.00979801597794,850.36660689753,25.990201984022065,-594.3391769341843,OK,92.66423385991226,95.92457436661792
Barangay 167,955.0,28767.113255129327,18699.25416273148,65.00219190188403,26911.375784048218,93.54910082696524,28767.113255129327,100.0,False,False,False,167,BARANGAY 167,1380601167.0,City of Manila - Tondo I / II,133901000,133901167,1256.0,926.0,0.02875617,U,No,14378.0851365714,10008.1406768454,9585.3891257289,7254.42684305933,14378.0851365714,10008.1406768454,0.033197630625301566,331.97630625301565,0.6500219190188403,0.9354910082696525,1.0,621,893,955,28.546908925081212,6.450899173034756,34.99780809811597,8212.121621316739,1855.737471081109,10067.859092397848,272,62,334,-330.0,-26.273885350318473,436.60967607726457,321.89535035632724,-114.71432572093732,1175,866,-309,28756.170000000002,10.943255129324825,0.03805532909745917,53.29317265767414,74.00979801597794,850.36660689753,19.53930281098731,-518.3903006445144,OK,80.7029918106787,88.99273326490885
Barangay 168,1154.0,30099.75805121969,29899.75805113646,99.33554283146432,30099.75805121969,100.0,30099.75805121969,100.0,False,False,False,168,BARANGAY 168,1380601168.0,City of Manila - Tondo I / II,133901000,133901168,1342.0,1387.0,0.03008825,U,No,30088.2526966128,0.0,15044.1263483064,14944.1646076989,30088.2526966128,0.0,0.038339178608554896,383.391786085549,0.9933554283146432,1.0,1.0,1146,1154,1154,0.6644571685356766,0.0,0.6644571685356766,200.00000008322968,0.0,200.00000008322968,8,0,8,45.0,3.3532041728763042,445.8507599019122,460.8010461877439,14.95028628583168,1342,1387,45,30088.25,11.50805121969097,0.038247658869129876,53.29317265767414,74.00979801597794,850.36660689753,25.990201984022065,-466.97482081198103,OK,99.70099427415894,99.83388570786607
Barangay 169,1100.0,27424.258915965307,27424.258915965307,100.0,27424.258915965307,100.0,27424.258915965307,100.0,False,False,False,169,BARANGAY 169,1380601169.0,City of Manila - Tondo I / II,133901000,133901169,1707.0,914.0,0.02741377,U,No,27413.7659123298,0.0,27413.7659123298,0.0,27413.7659123298,0.0,0.04011047311690979,401.1047311690979,1.0,1.0,1.0,1100,1100,1100,0.0,0.0,0.0,0.0,0.0,0.0,0,0,0,-793.0,-46.45577035735208,622.4416146415001,333.28156753505044,-289.16004710644967,1707,914,-793,27413.77,10.48891596530666,0.03826148671017032,53.29317265767414,74.00979801597794,850.36660689753,25.990201984022065,-449.26187572843213,OK,100.0,100.0
Barangay 170,1245.0,19400.05662741392,19400.056627413916,99.99999999999996,19400.056627413916,99.99999999999996,19400.056627413916,99.99999999999996,False,False,False,170,BARANGAY 170,1380601170.0,City of Manila - Tondo I / II,133901000,133901170,882.0,1378.0,0.01939262,U,No,9696.30816810114,8202.11338430211,19392.616400253,0.0,9696.30816810114,8202.11338430211,0.06417507040885179,641.7507040885179,0.9999999999999996,0.9999999999999996,0.9999999999999996,1245,1245,1245,0.0,0.0,0.0,0.0,0.0,0.0,0,0,0,496.0,56.235827664399096,454.6378481976488,710.3072050072109,255.6693568095621,882,1378,496,19392.62,7.436627413921087,0.03834771894628517,53.29317265767414,74.00979801597794,850.36660689753,25.990201984022022,-208.61590280901214,OK,99.99999999999996,99.99999999999996
Barangay 171,1026.0,27048.240575300777,27048.240575300777,100.0,27048.240575300777,100.0,27048.240575300777,100.0,False,False,False,171,BARANGAY 171,1380601171.0,City of Manila - Tondo I / II,133901000,133901171,1383.0,1124.0,0.02703784,U,No,13518.9200687758,13406.1807435233,27037.8400980383,0.0,13518.9200687758,13406.1807435233,0.037932226946284134,379.32226946284135,1.0,1.0,1.0,1026,1026,1026,0.0,0.0,0.0,0.0,0.0,0.0,0,0,0,-259.0,-18.727404193781634,511.3086731648242,415.5538312633857,-95.75484190143851,1383,1124,-259,27037.84,10.400575300776836,0.03846673883999918,53.29317265767414,74.00979801597794,850.36660689753,25.990201984022065,-471.04433743468866,OK,100.0,100.0
Barangay 172,1038.0,45274.9571093465,45274.9571093465,100.0,45274.9571093465,100.0,45274.9571093465,100.0,False,False,False,172,BARANGAY 172,1380601172.0,City of Manila - Tondo I / II,133901000,133901172,1464.0,1210.0,0.04525752,U,No,22628.7640313969,12882.7531972142,22628.764084834,14266.0417475525,22628.7640313969,12882.7531972142,0.022926581630835313,229.2658163083531,1.0,1.0,1.0,1038,1038,1038,0.0,0.0,0.0,0.0,0.0,0.0,0,0,0,-254.0,-17.349726775956285,323.35756751004715,267.2559130376756,-56.101654472371536,1464,1210,-254,45257.520000000004,17.437109346494253,0.03852864528700259,53.29317265767414,74.00979801597794,850.36660689753,25.990201984022065,-621.1007905891769,OK,100.0,100.0
Barangay 173,1704.0,30457.955673690984,14229.711586803229,46.719194614543966,20424.249851599023,67.05719211890873,27589.404007065303,90.58192973501671,False,False,False,173,BARANGAY 173,1380601173.0,City of Manila - Tondo I / II,133901000,133901173,2037.0,1616.0,0.03044639,U,No,10148.8000410147,6210.50464414593,10148.798543022,3526.08476676505,10148.8000410147,6210.50464414593,0.05594597412431996,559.4597412431996,0.4671919461454397,0.6705719211890873,0.9058192973501672,796,1143,1544,20.337997504364765,23.524737616107984,43.86273512047275,6194.538264795794,7165.15415546628,13359.692420262074,347,401,748,-421.0,-20.667648502700047,668.7907822255854,530.5674541367432,-138.2233280888422,1366,1084,-282,30446.39,11.565673690984113,0.03798701156683638,53.29317265767414,74.00979801597794,850.36660689753,-6.952605897069205,-290.90686565433043,OK,57.90509324194459,71.38258778926074
Barangay 174,751.0,25600.759390259827,13260.020861113717,51.79542004585488,22315.577065185054,87.16763719780647,24640.643490522747,96.2496585155893,False,False,False,174,BARANGAY 174,1380601174.0,City of Manila - Tondo I / II,133901000,133901174,635.0,715.0,0.02559104,U,No,8530.34596506144,8443.45692435076,8530.34626006702,4091.62102840364,8530.34596506144,8443.45692435076,0.029335067313891034,293.35067313891034,0.5179542004585488,0.8716763719780647,0.962496585155893,389,655,723,35.37221715195159,9.082021317782832,44.45423846973442,9055.556204071338,2325.0664253376926,11380.62262940903,266,68,334,80.0,12.598425196850393,248.03951723463126,279.2885902720651,31.249073037433845,554,623,69,25591.039999999997,9.719390259830107,0.0379796610838407,53.29317265767414,74.00979801597794,850.36660689753,13.157839181828535,-557.0159337586197,OK,71.25013947942827,81.95739143693172
Barangay 175,996.0,36800.853366133495,36005.48683797168,97.83872803098158,36800.853366133495,100.0,36800.853366133495,100.0,False,False,False,175,BARANGAY 175,1380601175.0,City of Manila - Tondo I / II,133901000,133901175,1108.0,988.0,0.0367868,U,No,18393.4034459428,13537.6965879674,12262.2691335312,13984.1023983764,18393.4034459428,13537.6965879674,0.027064589782490833,270.64589782490833,0.9783872803098158,1.0,1.0,974,996,996,2.161271969018415,0.0,2.161271969018415,795.366528161816,0.0,795.366528161816,22,0,22,-120.0,-10.830324909747292,301.07997468875345,268.4720351917765,-32.60793949697694,1108,988,-120,36786.8,14.05336613349209,0.03820219789025436,53.29317265767414,74.00979801597794,850.36660689753,25.990201984022065,-579.7207090726217,OK,99.02742761394171,99.4596820077454
Barangay 176,1312.0,44296.579748201904,44296.5797482019,100.0,44296.5797482019,100.0,44296.5797482019,100.0,False,False,False,176,BARANGAY 176,1380601176.0,City of Manila - Tondo I / II,133901000,133901176,1396.0,1278.0,0.04427964,U,No,22139.8184208581,18288.8553343016,22139.8184177973,18836.0058152431,22139.8184208581,18288.8553343016,0.029618539568018385,296.18539568018383,1.0,1.0,1.0,1312,1312,1312,0.0,0.0,0.0,0.0,0.0,0.0,0,0,0,-118.0,-8.45272206303725,315.1484850377566,288.5098595116425,-26.638625526114083,1396,1278,-118,44279.64,16.939748201904877,0.038256291609202055,53.29317265767414,74.00979801597794,850.36660689753,25.990201984022065,-554.1812112173461,OK,100.0,100.0
Barangay 177,3440.0,137195.75782410734,101697.39397712208,74.12575694031578,115775.60008406694,84.38715738754675,118077.25523097496,86.0648004746303,False,False,False,177,BARANGAY 177,1380601177.0,City of Manila - Tondo I / II,133901000,133901177,3239.0,3308.0,0.13714351,U,No,34285.9034110756,34794.9941467687,34285.9049192882,33018.4150427569,34285.9034110756,34794.9941467687,0.025073661566199976,250.73661566199976,0.7412575694031578,0.8438715738754675,0.860648004746303,2550,2903,2961,10.261400447230969,1.6776430870835526,11.939043534314521,14078.206106944868,2301.655146908015,16379.861253852883,353,58,411,69.0,2.1302871256560665,236.08601689802828,241.11532692148117,5.029310023452894,2733,2792,59,137143.51,52.24782410732587,0.03809719038642504,53.29317265767414,74.00979801597794,850.36660689753,10.377359371568815,-599.6299912355303,OK,79.76952718629282,82.49286451057243
Barangay 178,1324.0,22836.098089464635,22712.870304574262,99.46038160981968,22836.09808946463,100.0,22836.09808946463,100.0,False,False,False,178,BARANGAY 178,1380601178.0,City of Manila - Tondo I / II,133901000,133901178,1250.0,1519.0,0.02282747,U,No,7609.15639066345,9157.94263848305,7609.15637911346,9243.96767113609,7609.15639066345,9157.94263848305,0.0579783811933626,579.783811933626,0.9946038160981968,1.0,1.0,1317,1324,1324,0.5396183901803226,0.0,0.5396183901803226,123.22778489036864,0.0,123.22778489036864,7,0,7,269.0,21.52,547.3789765234385,665.1749322712824,117.79595574784389,1250,1519,269,22827.469999999998,8.628089464637014,0.037796958947430515,53.29317265767414,74.00979801597794,850.36660689753,25.990201984022065,-270.582794963904,OK,99.75717172441887,99.86509540245493
Barangay 179,1034.0,32292.58303187344,4628.450400453668,14.332859021792382,11113.809257530784,34.41598105224728,28210.701463139027,87.35969320043084,False,False,False,179,BARANGAY 179,1380601179.0,City of Manila - Tondo I / II,133901000,133901179,3076.0,1021.0,0.03228037,U,No,10760.1179606003,4281.89197183315,10760.1190349629,7603.13507728673,10760.1179606003,4281.89197183315,0.03201973651285253,320.1973651285253,0.14332859021792382,0.3441598105224728,0.8735969320043084,148,356,903,20.083122030454902,52.94371214818356,73.02683417863845,6485.358857077115,17096.892205608245,23582.25106268536,208,547,755,-2055.0,-66.8075422626788,952.5407109626149,316.1716729170448,-636.36903804557,1059,351,-708,32280.370000000003,12.213031873438013,0.0378342375674071,53.29317265767414,74.00979801597794,850.36660689753,-39.59381696373065,-530.1692417690047,OK,25.37857613854258,50.57268540390698
Barangay 180,2160.0,35218.183254043885,12907.808470947675,36.65097764367375,19235.110742258075,54.61698749054419,19208.989583063576,54.542817965653946,False,True,False,180,BARANGAY 180,1380601180.0,City of Manila - Tondo I / II,133901000,133901180,3267.0,2145.0,0.03520479,U,No,8801.19498365109,6867.59389132218,8801.19580930582,5490.2382310182,8801.19498365109,6867.59389132218,0.06133195413343704,613.3195413343705,0.3665097764367375,0.5461698749054419,0.5454281796565394,792,1180,1178,17.966009846870442,-0.07416952489024453,17.891840321980197,6327.3022713104,-26.12115919449934,6301.181112115901,388,-2,386,-1122.0,-34.34343434343434,927.6458062682352,609.0603778528817,-318.5854284153535,1784,1172,-612,35204.79,13.393254043883644,0.03804384018164472,53.29317265767414,74.00979801597794,850.36660689753,-19.392810525433745,-237.04706556315955,Review 100yr value: lower than expected return-period progression,46.532283059452496,50.09581721887048
Barangay 181,2334.0,18478.77093146224,2022.9481270525075,10.94741709043108,9548.068669533091,51.67047475693529,16065.228462601175,86.93883658273111,False,False,False,181,BARANGAY 181,1380601181.0,City of Manila - Tondo I / II,133901000,133901181,2498.0,2773.0,0.01847177,U,No,6157.25819651356,3182.27641433826,6157.25752786906,3598.68268280876,6157.25819651356,3182.27641433826,0.1263071017361926,1263.0710173619261,0.10947417090431079,0.5167047475693529,0.8693883658273112,256,1206,2029,40.72305766650421,35.26836182579582,75.99141949230004,7525.120542480584,6517.159793068084,14042.280335548669,950,823,1773,275.0,11.008807045636509,1351.8215087275457,1500.6409302247735,148.81942149722772,1291,1433,142,18471.769999999997,7.000931462243898,0.037900707199385326,53.29317265767414,74.00979801597794,850.36660689753,-22.339323259042644,412.7044104643961,OK,33.3450988070084,55.59705507062757
Barangay 182,4072.0,52708.31583141249,12980.382170267318,24.62682020003269,14780.382169910035,28.041841096166078,11758.979600258972,22.30953392225633,False,True,True,182,BARANGAY 182,1380601182.0,City of Manila - Tondo I / II,133901000,133901182,6002.0,3936.0,0.05268824,U,No,13172.0597342488,13367.968183025,13172.0563589912,14428.4437287463,13172.0597342488,13367.968183025,0.07725536162119634,772.5536162119635,0.2462682020003269,0.28041841096166076,0.22309533922256328,1003,1142,908,3.415020896133388,-5.732307173909749,-2.317286277776361,1799.9999996427177,-3021.4025696510635,-1221.4025700083457,139,-234,-95,-2066.0,-34.4218593802066,1138.7197457033901,746.751236102723,-391.96850960066706,1683,1104,-579,52688.24,20.075831412490516,0.038103059454046136,53.29317265767414,74.00979801597794,850.36660689753,-45.967956919811854,-77.81299068556655,Review 100yr value: lower than expected return-period progression,26.505081692906053,24.89516300256883
Barangay 183,8512.0,41175.74110818435,26133.36817678959,63.467875679826335,28738.949136723604,69.79582725958822,30129.695048098805,73.1734128814746,False,False,False,183,BARANGAY 183,1380601183.0,City of Manila - Tondo I / II,133901000,133901183,2874.0,8424.0,0.04116015,U,No,10290.0382260399,10701.7201601245,10290.0389597068,9348.15094927724,10290.0382260399,10701.7201601245,0.20672366230484435,2067.2366230484436,0.6346787567982634,0.6979582725958822,0.7317341288147461,5402,5941,6229,6.327951579761887,3.3775856218863822,9.70553720164827,2605.5809599340137,1390.745911375201,3996.3268713092148,539,288,827,5550.0,193.1106471816284,697.983794013302,2045.8648158552735,1347.8810218419715,2006,5880,3874,41160.15,15.59110818435147,0.037879133541426524,53.29317265767414,74.00979801597794,850.36660689753,-4.213970756389713,1216.8700161509137,OK,66.94824904869537,69.5648736134023
Barangay 184,2126.0,45059.85737715362,34268.00831347953,76.04997065715125,43750.73143914128,97.09469577976051,43694.28198768484,96.96941919269996,False,True,False,184,BARANGAY 184,1380601184.0,City of Manila - Tondo I / II,133901000,133901184,3562.0,3311.0,0.04504292,U,No,11260.7294095451,14735.7361243212,11260.7293193547,10499.9427337736,11260.7294095451,14735.7361243212,0.04718168506849138,471.81685068491385,0.7604997065715124,0.9709469577976051,0.9696941919269996,1617,2064,2062,21.044725122609265,-0.12527658706055433,20.91944853554871,9482.723125661752,-56.44945145644306,9426.27367420531,447,-2,445,-251.0,-7.046603032004492,790.5040555689855,734.8003728211428,-55.70368274784266,3459,3215,-244,45042.92,16.93737715361931,0.03760275122842682,53.29317265767414,74.00979801597794,850.36660689753,23.08489776378258,-378.54975621261616,Review 100yr value: lower than expected return-period progression,87.62456947458635,91.78340386428397
Barangay 185,3399.0,34307.67771909733,1160.5017544895366,3.382629870757893,9475.973060721608,27.620561025169067,23904.080575456377,69.67560081208936,False,False,False,185,BARANGAY 185,1380601185.0,City of Manila - Tondo I / II,133901000,133901185,3497.0,3532.0,0.03429475,U,No,11431.584093657,8187.15430429248,11431.5845540116,10188.5033301208,11431.584093657,8187.15430429248,0.09907403316045349,990.7403316045348,0.03382629870757893,0.27620561025169066,0.6967560081208936,115,939,2368,24.237931154411175,42.05503978692029,66.29297094133146,8315.471306232072,14428.10751473477,22743.57882096684,824,1429,2253,35.0,1.0008578781812982,1019.305366172715,1029.5071642327794,10.201798060064334,966,976,10,34294.75,12.927719097329827,0.03769591292349362,53.29317265767414,74.00979801597794,850.36660689753,-46.38923699080887,140.37372470700484,OK,16.71349200568404,38.38309415133439
Barangay 186,1492.0,46218.827589428,15055.281798932783,32.57391540233811,34303.00453296719,74.21868169761534,43202.63707321976,93.47410855376576,False,False,False,186,BARANGAY 186,1380601186.0,City of Manila - Tondo I / II,133901000,133901186,1884.0,1678.0,0.04620143,U,No,15400.4779778329,8619.77759159914,15400.4774199554,6646.63332504501,15400.4779778329,8619.77759159914,0.032281216937256905,322.81216937256903,0.3257391540233811,0.7421868169761534,0.9347410855376576,486,1107,1395,41.64476629527723,19.25542685615042,60.90019315142765,19247.72273403441,8899.632540252569,28147.35527428698,621,288,909,-206.0,-10.934182590233545,407.6260905482038,363.05550952223246,-44.570581025971364,1398,1245,-153,46201.43,17.397589428001083,0.037655954432581594,53.29317265767414,74.00979801597794,850.36660689753,0.20888368163740267,-527.554437524961,OK,55.47853686474059,71.5096608662562
Barangay 187,717.0,11007.71986614989,5937.412056295309,53.93861879201334,6655.035434952324,60.45789242345626,8174.473860369657,74.26128171654497,False,False,False,187,BARANGAY 187,1380601187.0,City of Manila - Tondo I / II,133901000,133901187,871.0,886.0,0.01100366,U,No,2750.91438198209,1452.15944133604,2750.9156395119,1334.61069943933,2750.91438198209,1452.15944133604,0.06513610527143449,651.3610527143449,0.5393861879201334,0.6045789242345626,0.7426128171654497,387,433,532,6.519273631442921,13.803389293088713,20.322662924531635,717.6233786570147,1519.4384254173328,2237.0618040743475,46,99,145,15.0,1.7221584385763489,791.2628687785138,804.8896690445043,13.626800265990482,527,536,9,11003.66,4.0598661498897854,0.03689559791823616,53.29317265767414,74.00979801597794,850.36660689753,-13.551905592521678,-199.00555418318515,OK,57.52421928930695,64.34942973283101
Barangay 188,872.0,13971.383923794783,0.0,0.0,0.0,0.0,0.0,0.0,False,False,False,188,BARANGAY 188,1380601188.0,City of Manila - Tondo I / II,133901000,133901188,1292.0,865.0,0.01396621,U,No,13966.207943155,0.0,13966.207943155,0.0,13966.207943155,0.0,0.0624132873848588,624.132873848588,0.0,0.0,0.0,0,0,0,0.0,0.0,0.0,0.0,0.0,0.0,0,0,0,-427.0,-33.04953560371517,924.7473314362107,619.1226328887943,-305.6246985474164,0,0,0,13966.21,5.173923794784059,0.037046011729625,53.29317265767414,74.00979801597794,850.36660689753,-74.00979801597794,-226.23373304894199,OK,0.0,0.0
Barangay 189,1618.0,24231.381599060715,1918.2843342462804,7.9165289292486705,2627.900479152369,10.84502948545961,3766.797444476933,15.545120401318538,False,False,False,189,BARANGAY 189,1380601189.0,City of Manila - Tondo I / II,133901000,133901189,1546.0,1481.0,0.02422242,U,No,6055.60475854851,8796.18744781904,6055.60577445231,8979.99844428489,6055.60475854851,8796.18744781904,0.06677291566662955,667.7291566662955,0.0791652892924867,0.1084502948545961,0.15545120401318538,128,175,252,2.92850055621094,4.700090915858928,7.628591472069868,709.6161449060885,1138.896965324564,1848.5131102306525,47,77,124,-65.0,-4.204398447606727,638.0156218826285,611.1909029807068,-26.824718901921642,168,161,-7,24222.420000000002,8.961599060712615,0.03699712522824975,53.29317265767414,74.00979801597794,850.36660689753,-63.16476853051832,-182.63745023123454,OK,9.527204235164689,11.992940712750446
Barangay 190,1282.0,15567.254954659404,132.56675229437008,0.8515743634987604,137.74081343270933,0.8848111875464748,122.97320594275956,0.7899479150365728,False,True,True,190,BARANGAY 190,1380601190.0,City of Manila - Tondo I / II,133901000,133901190,1171.0,1232.0,0.01556148,U,No,7780.74093709701,7466.61854711332,7780.74035820736,7643.05076003185,7780.74093709701,7466.61854711332,0.08235234816503645,823.5234816503645,0.008515743634987603,0.008848111875464748,0.007899479150365728,11,11,10,0.03323682404771444,-0.09486327250990201,-0.061626448462187566,5.174061138339255,-14.767607489949768,-9.593546351610513,0,-1,-1,61.0,5.209222886421862,752.2199664684687,791.404781117979,39.18481464951037,10,11,1,15561.480000000001,5.774954659402283,0.03711057469727997,53.29317265767414,74.00979801597794,850.36660689753,-73.12498682843146,-26.843125247165517,Review 100yr value: lower than expected return-period progression,0.8698546167250034,0.8385566725305854
Barangay 191,754.0,10480.285034597526,166.5896430756266,1.5895525982898435,305.86569889159466,2.9184864522469622,352.4250933663187,3.362743400612605,False,False,False,191,BARANGAY 191,1380601191.0,City of Manila - Tondo I / II,133901000,133901191,712.0,703.0,0.01047641,U,No,3492.13861260465,4606.62173517767,5238.20841282202,4932.45544945618,3492.13861260465,4606.62173517767,0.07194460813908157,719.4460813908158,0.015895525982898437,0.02918486452246962,0.03362743400612605,12,22,25,1.3289338539571187,0.44425694836564267,1.7731908023227614,139.27605581596805,46.55939447472406,185.8354502906921,10,3,13,-9.0,-1.2640449438202246,679.3708354777996,670.7832827821532,-8.587552695646423,21,21,0,10476.41,3.8750345975258824,0.03698819154200611,53.29317265767414,74.00979801597794,850.36660689753,-71.09131156373097,-130.92052550671417,OK,2.320466217966259,2.7639557681039397
Barangay 192,1771.0,34078.49826185175,6281.8906886825525,18.433590120121707,7676.515008188646,22.525977961833814,5860.097205661324,17.195878646510813,False,True,True,192,BARANGAY 192,1380601192.0,City of Manila - Tondo I / II,133901000,133901192,1638.0,1878.0,0.03406587,U,No,11355.2900123534,10115.2192130631,17032.9343201074,9359.26834661618,11355.2900123534,10115.2192130631,0.051968252426853496,519.682524268535,0.18433590120121707,0.22525977961833812,0.17195878646510812,326,399,305,4.092387841712107,-5.330099315323,-1.2377114736108936,1394.6243195060933,-1816.4178025273222,-421.7934830212289,73,-94,-21,240.0,14.652014652014653,480.65498292030503,551.0806214434266,70.42563852312156,369,423,54,34065.869999999995,12.628261851757998,0.03707012869995101,53.29317265767414,74.00979801597794,850.36660689753,-51.48382005414412,-330.68408262899504,Review 100yr value: lower than expected return-period progression,20.684403433063366,19.370841275276586
Barangay 193,928.0,11325.535319622206,174.41821683423012,1.540043908847642,274.41821693467114,2.4230043807220683,800.1798764587337,7.0652720059278025,False,False,False,193,BARANGAY 193,1380601193.0,City of Manila - Tondo I / II,133901000,133901193,1183.0,979.0,0.01132133,U,No,2830.33323953088,4718.30839948227,2830.33374111005,4744.27720600549,2830.33323953088,4718.30839948227,0.08193873170764664,819.3873170764664,0.01540043908847642,0.024230043807220682,0.07065272005927803,14,22,66,0.8829604718744262,4.642267625205735,5.52522809708016,100.00000010044101,525.7616595240626,625.7616596245036,8,44,52,-204.0,-17.24429416737109,1044.5422371782972,864.4183010968326,-180.12393608146465,29,24,-5,11321.33,4.205319622205934,0.03714510240586516,53.29317265767414,74.00979801597794,850.36660689753,-71.58679363525587,-30.979289821063617,OK,2.0256721683785766,4.059171312835756
Barangay 194,746.0,16996.97253876985,1422.8452168139106,8.371168533504548,1522.8452167489138,8.959508602342718,1063.0286783809668,6.254223662221102,False,True,True,194,BARANGAY 194,1380601194.0,City of Manila - Tondo I / II,133901000,133901194,888.0,775.0,0.01699064,U,No,4247.66094230036,6483.62760579616,4247.66108201357,6485.31086581499,4247.66094230036,6483.62760579616,0.04389016916385461,438.9016916385461,0.08371168533504549,0.08959508602342718,0.06254223662221102,62,67,47,0.5883400688381695,-2.705284940121616,-2.1169448712834464,99.99999993500319,-459.81653836794703,-359.81653843294384,5,-20,-15,-113.0,-12.725225225225225,522.4459814678671,455.9635536459426,-66.48242782192449,80,69,-11,16990.640000000003,6.332538769845996,0.03727074889377913,53.29317265767414,74.00979801597794,850.36660689753,-65.05028941363521,-411.4649152589839,Review 100yr value: lower than expected return-period progression,8.694755571365542,7.730309609084529
Barangay 195,1261.0,10564.470362836,2146.488282023241,20.317992367835306,2346.488282309565,22.21113034273928,2100.489774699968,19.88258476344571,False,True,True,195,BARANGAY 195,1380601195.0,City of Manila - Tondo I / II,133901000,133901195,1225.0,1401.0,0.01056054,U,No,2640.13457702622,3261.38493364606,2640.13509234544,3277.33035942261,2640.13457702622,3261.38493364606,0.11936234914681405,1193.6234914681404,0.20317992367835305,0.22211130342739283,0.1988258476344571,256,280,251,1.8931379749039756,-2.3285455792935714,-0.4354076043895958,200.00000028632394,-245.9985076095968,-45.99850732327286,24,-29,-5,176.0,14.36734693877551,1159.5470079686536,1326.143149521701,166.59614155304735,272,311,39,10560.54,3.9303628359994036,0.03721744187323189,53.29317265767414,74.00979801597794,850.36660689753,-51.798667673238654,343.2568845706104,Review 100yr value: lower than expected return-period progression,21.35921825403249,20.80642761729586
Barangay 196,1468.0,20158.04659089752,10511.252726783332,52.144202958285405,12479.174382659949,61.90666504508919,12864.670612937807,63.8190340265754,False,False,False,196,BARANGAY 196,1380601196.0,City of Manila - Tondo I / II,133901000,133901196,1029.0,1631.0,0.0201506,U,No,5037.649097653,1968.60994468129,5037.65072563787,2032.23503155067,5037.649097653,1968.60994468129,0.07282451667032477,728.2451667032478,0.521442029582854,0.6190666504508919,0.638190340265754,765,909,937,9.762462086803787,1.9123689814862104,11.674831068289997,1967.9216558766166,385.49623027785856,2353.417886154475,144,28,172,602.0,58.50340136054422,510.46612843163626,809.1061763576275,298.64004792599127,637,1010,373,20150.600000000002,7.4465908975180355,0.03695468570423727,53.29317265767414,74.00979801597794,850.36660689753,-12.103132970888744,-122.12144019428217,OK,57.51355710602749,60.230997115982724
Barangay 197,305.0,14540.094879264909,10048.305299929416,69.1075634881787,11502.811010176809,79.11097627416821,13961.964651196691,96.02388957658958,False,False,False,197,BARANGAY 197,1380601197.0,City of Manila - Tondo I / II,133901000,133901197,873.0,523.0,0.01453471,U,No,3633.67805706218,2516.13462658354,3633.67892242525,2281.02742895566,3633.67805706218,2516.13462658354,0.020976479351242007,209.76479351242006,0.691075634881787,0.7911097627416821,0.9602388957658958,211,241,293,10.00341278598951,16.912913302421373,26.916326088410884,1454.505710247393,2459.1536410198823,3913.6593512672753,30,52,82,-350.0,-40.09163802978236,600.4087368404679,359.695039367199,-240.7136974732689,691,414,-277,14534.71,5.384879264909614,0.037048412145200105,53.29317265767414,74.00979801597794,850.36660689753,5.101178258190274,-640.60181338511,OK,74.60944052047293,83.37528839863938
Barangay 198,3840.0,43310.44115129361,34284.865546967485,79.16073961750318,42510.44115136727,98.1528703502886,42240.255649456885,97.52903578585516,False,True,False,198,BARANGAY 198,1380601198.0,City of Manila - Tondo I / II,133901000,133901198,5397.0,5032.0,0.04329422,U,No,21647.108610106,10411.9504199825,14431.405817827,9930.90382004086,21647.108610106,10411.9504199825,0.08866222319430947,886.6222319430947,0.7916073961750318,0.9815287035028859,0.9752903578585516,3040,3769,3745,18.992130732785412,-0.6238345644334373,18.368296168351975,8225.575604399783,-270.1855019103823,7955.3901024894,729,-24,705,-365.0,-6.76301649064295,1246.1198400512712,1161.8445497754303,-84.27529027584092,5297,4939,-358,43294.22,16.22115129361191,0.03746724457355257,53.29317265767414,74.00979801597794,850.36660689753,24.14307233431066,36.25562504556467,Review 100yr value: lower than expected return-period progression,89.60641152053518,93.15530384131887
Barangay 199,2240.0,35797.29836637045,35520.3565828059,99.22636121661984,35797.29836636952,99.9999999999974,35497.29836627924,99.16194792964308,False,True,True,199,BARANGAY 199,1380601199.0,City of Manila - Tondo I / II,133901000,133901199,3355.0,3471.0,0.03578391,U,No,11927.9701561265,14630.003679371,11927.9705280427,14528.5145887241,11927.9701561265,14630.003679371,0.06257455456762497,625.7455456762498,0.9922636121661984,0.999999999999974,0.9916194792964308,2223,2240,2221,0.7736387833775638,-0.8380520703543226,-0.06441328697675885,276.94178356361954,-300.0000000902801,-23.058216526660544,17,-19,-2,116.0,3.4575260804769004,937.2215650642044,969.6262451081531,32.4046800439487,3355,3471,116,35783.91,13.38836637044733,0.03741448704305183,53.29317265767414,74.00979801597794,850.36660689753,25.990201984019464,-224.62106122128023,Review 100yr value: lower than expected return-period progression,99.65186254747749,99.47136947601129
Barangay 200,757.0,15201.717297433668,14980.872164654014,98.54723562832643,15110.843235384498,99.40221186678356,14982.686689982189,98.55917194639282,False,True,False,200,BARANGAY 200,1380601200.0,City of Manila - Tondo I / II,133901000,133901200,1852.0,1666.0,0.01519602,U,No,7598.01115093171,7312.78308445576,5065.34087323006,6679.02423385184,7598.01115093171,7312.78308445576,0.049797005508568144,497.97005508568145,0.9854723562832644,0.9940221186678356,0.9855917194639282,746,752,746,0.8549762384571267,-0.843039920390737,0.011936318066389617,129.97107073048392,-128.15654540230935,1.8145253281745681,6,-6,0,-186.0,-10.043196544276457,1218.2834108569116,1095.9288134382368,-122.35459741867476,1841,1656,-185,15196.019999999999,5.697297433669519,0.03749203695223828,53.29317265767414,74.00979801597794,850.36660689753,25.392413850805625,-352.39655181184855,Review 100yr value: lower than expected return-period progression,99.01747255947785,98.85125183901297
Barangay 201,1166.0,52254.558649249295,45595.32144366203,87.25616027055865,48196.35234834744,92.2337755675214,49577.63876626499,94.87715531011808,False,False,False,201,BARANGAY 201,1380601201.0,City of Manila - Tondo I / II,133901000,133901201,1711.0,1152.0,0.05223512,U,No,17411.7031539518,19879.0471069597,17411.7018718016,16756.7708483221,17411.7031539518,19879.0471069597,0.022313842660629784,223.13842660629786,0.8725616027055865,0.922337755675214,0.9487715531011809,1017,1075,1106,4.977615296962753,2.6433797425966787,7.620995039559432,2601.030904685409,1381.286417917545,3982.317322602954,58,31,89,-559.0,-32.67095265926359,327.43554710409575,220.4592345201159,-106.97631258397985,1578,1063,-515,52235.12,19.43864924929221,0.037213754365438834,53.29317265767414,74.00979801597794,850.36660689753,18.22397755154347,-627.2281802912321,OK,89.99384868388817,92.04672364031939
Barangay 202,1289.0,32693.32741449316,32116.852783679788,98.23672083448496,32639.911000132844,99.83661371116165,32693.32741449316,100.0,False,False,False,202,BARANGAY 202,1380601202.0,City of Manila - Tondo I / II,133901000,133901202,1115.0,1420.0,0.03268116,U,No,8170.2899213414,13354.2091735686,8170.28992858443,13086.3711208931,8170.2899213414,13354.2091735686,0.03942700550659087,394.27005506590865,0.9823672083448496,0.9983661371116165,1.0,1266,1287,1289,1.599892876676691,0.16338628883835327,1.7632791655150442,523.058216453057,53.416414360315684,576.4746308133726,21,2,23,305.0,27.3542600896861,341.0481857241956,434.3393934783478,93.2912077541522,1113,1418,305,32681.16,12.167414493160322,0.037230668963893335,53.29317265767414,74.00979801597794,850.36660689753,25.82681569518371,-456.09655183162135,OK,99.11666191665714,99.50199500752781
Barangay 202-A,1037.0,19509.656006210684,11901.593793142589,61.00360656976138,12810.285720078477,65.66125879410926,13888.171116315509,71.18614040090897,False,False,False,202,BARANGAY 202-A,1380601203.0,City of Manila - Tondo I / II,133901000,133901203,578.0,1213.0,0.01950243,U,No,4875.60653113293,3853.4673584606,4875.60485825481,3970.16210784169,4875.60653113293,3853.4673584606,0.05315316680467777,531.5316680467778,0.6100360656976138,0.6566125879410926,0.7118614040090897,633,681,738,4.657652224347878,5.52488160679971,10.182533831147587,908.6919269358878,1077.8853962370322,1986.57732317292,48,57,105,635.0,109.86159169550174,296.26355268181055,621.7434072716889,325.4798545898783,380,796,416,19502.43,7.226006210683408,0.0370518248786608,53.29317265767414,74.00979801597794,850.36660689753,-8.348539221868677,-318.8349388507522,OK,63.56531529315272,66.70679838074217
Barangay 203,2014.0,60626.158468484406,50768.553263112655,83.74034335278544,56909.729001274165,93.86992420253353,54406.45017207267,89.74088338510686,False,True,False,203,BARANGAY 203,1380601204.0,City of Manila - Tondo I / II,133901000,133901204,2816.0,2462.0,0.06060352,U,No,20201.1708059289,20945.6495413626,20201.1707961675,12846.4915359477,20201.1708059289,20945.6495413626,0.033219983764053725,332.1998376405372,0.8374034335278544,0.9386992420253353,0.8974088338510685,1687,1891,1807,10.12958084974808,-4.12904081742667,6.00054003232141,6141.17573816151,-2503.2788292014957,3637.896908960014,204,-84,120,-354.0,-12.571022727272727,464.4859696106022,406.0953328058603,-58.39063680474186,2643,2311,-332,60603.520000000004,22.63846848440153,0.03735503892249415,53.29317265767414,74.00979801597794,850.36660689753,19.86012618655559,-518.1667692569928,Review 100yr value: lower than expected return-period progression,89.3116128201469,89.68591266312583
Barangay 204,1932.0,51658.44156297033,48054.53432450398,93.02358505323224,50374.87103025234,97.51527437939964,49070.31357070012,94.98992243287992,False,True,False,204,BARANGAY 204,1380601205.0,City of Manila - Tondo I / II,133901000,133901205,2219.0,2684.0,0.05163907,U,No,17213.0258756488,21657.0381062099,17213.0258907412,18380.925459495,17213.0258756488,21657.0381062099,0.037399502221625115,373.99502221625113,0.9302358505323224,0.9751527437939964,0.9498992243287993,1797,1884,1835,4.491689326167403,-2.52535194651972,1.9663373796476833,2320.336705748363,-1304.5574595522194,1015.7792461961435,87,-49,38,465.0,20.95538530869761,429.55225377736093,519.5665836586015,90.0143298812406,2164,2617,453,51639.07,19.37156297032925,0.037513384672360005,53.29317265767414,74.00979801597794,850.36660689753,23.505476363421707,-476.3715846812789,Review 100yr value: lower than expected return-period progression,95.49401418262431,95.3822112692499
Barangay 205,1832.0,46420.66338839728,42972.776085429934,92.57251609241514,45320.66338823547,97.63036561765992,44928.49967735576,96.78556142432362,False,True,False,205,BARANGAY 205,1380601206.0,City of Manila - Tondo I / II,133901000,133901206,1496.0,1760.0,0.04640336,U,No,15467.7878557608,19467.6505209376,15467.787840254,15766.1785389804,15467.7878557608,19467.6505209376,0.03946518352553108,394.65183525531074,0.9257251609241515,0.9763036561765992,0.9678556142432362,1696,1789,1773,5.057849525244777,-0.8448041933363015,4.213045331908475,2347.8873028055386,-392.1637108797149,1955.7235919258237,93,-16,77,264.0,17.647058823529413,322.27027595084326,379.14150111863916,56.8712251677959,1461,1718,257,46403.36,17.303388397282106,0.03728908509487698,53.29317265767414,74.00979801597794,850.36660689753,23.620567601681984,-455.71477164221926,Review 100yr value: lower than expected return-period progression,95.35433333129978,96.02798155901421
Barangay 206,2487.0,41468.85937303222,17761.69581739852,42.83140671322443,24203.548176963148,58.3655990130827,27323.047890453385,65.88811050882664,False,False,False,206,BARANGAY 206,1380601207.0,City of Manila - Tondo I / II,133901000,133901207,2065.0,2433.0,0.0414535,U,No,13817.8343193778,2118.74011946832,13817.8341537463,3572.69942933573,13817.8343193778,2118.74011946832,0.059972712961025666,599.7271296102566,0.4283140671322443,0.583655990130827,0.6588811050882665,1065,1452,1639,15.534192299858269,7.522511495743942,23.05670379560221,6441.852359564629,3119.499713490237,9561.352073054866,387,187,574,368.0,17.82082324455206,497.9640219723281,586.705310149479,88.74128817715092,1205,1420,215,41453.5,15.359373032217263,0.037052053583454383,53.29317265767414,74.00979801597794,850.36660689753,-15.644199002895235,-250.6394772872734,OK,51.37521247814648,57.491055536415715
Barangay 207,1139.0,49573.15188656466,20265.969945068668,40.8809389232343,25112.022908109662,50.656498431998095,27926.44368209801,56.333806948568565,False,False,False,207,BARANGAY 207,1380601208.0,City of Manila - Tondo I / II,133901000,133901208,1101.0,1541.0,0.04955477,U,No,16518.2647829423,2944.5000392235,16518.2660220107,5937.95875267958,16518.2647829423,2944.5000392235,0.022976146495714195,229.76146495714192,0.40880938923234295,0.506564984319981,0.5633380694856857,466,577,642,9.775559508763799,5.67730851657047,15.452868025334269,4846.052963040995,2814.4207739883495,7660.473737029344,111,65,176,440.0,39.96366939146231,222.0960253887737,310.85374670672144,88.75772131794773,558,781,223,49554.77,18.381886564660817,0.037094081083739905,53.29317265767414,74.00979801597794,850.36660689753,-23.35329958397984,-620.6051419403881,OK,46.25749665305439,50.48353196143533
Barangay 208,454.0,30034.31653771272,8835.270645522,29.417252210244083,12496.043012131124,41.60588437709383,13452.103455388537,44.78911127708648,False,False,False,208,BARANGAY 208,1380601209.0,City of Manila - Tondo I / II,133901000,133901209,1075.0,635.0,0.03002324,U,No,10007.7451502896,5519.58631175422,10007.7444389228,6763.32376698083,10007.7451502896,5519.58631175422,0.015116042325449056,151.16042325449055,0.2941725221024408,0.41605884377093827,0.44789111277086474,134,189,203,12.188632166849747,3.183226899992647,15.371859066842394,3660.772366609124,956.0604432574128,4616.832809866537,55,14,69,-440.0,-40.93023255813954,357.9239096884964,211.4248210718095,-146.4990886166869,447,264,-183,30023.239999999998,11.076537712720892,0.036893212433837565,53.29317265767414,74.00979801597794,850.36660689753,-32.403913638884106,-699.2061836430395,OK,36.12099990201145,39.832017095378454
Barangay 209,4704.0,62757.17294077655,26213.61395399695,41.76990888154655,42405.06610534973,67.57007066804466,40333.56405587859,64.26924949908285,False,True,False,209,BARANGAY 209,1380601210.0,City of Manila - Tondo I / II,133901000,133901210,3195.0,5075.0,0.06273401,U,No,20911.335825477,5542.84849981315,20911.3395822002,5900.69101890658,20911.335825477,5542.84849981315,0.07495557526848967,749.5557526848967,0.41769908881546547,0.6757007066804467,0.6426924949908285,1965,3178,3023,25.800161786498116,-3.300821168961818,22.499340617536298,16191.45215135278,-2071.5020494711425,14119.950101881637,1213,-155,1058,1880.0,58.84194053208138,509.1051508988616,808.6725010365329,299.5673501376713,2159,3429,1270,62734.01000000001,23.16294077654311,0.03692246163850056,53.29317265767414,74.00979801597794,850.36660689753,-6.439727347933271,-100.81085421263333,Review 100yr value: lower than expected return-period progression,55.95999786412052,59.79970175383541
Barangay 210,3106.0,36300.43789533796,15150.272327911807,41.73578393625259,29695.117573291536,81.80374478927502,25622.95726115588,70.5858076286364,False,True,False,210,BARANGAY 210,1380601211.0,City of Manila - Tondo I / II,133901000,133901211,3154.0,3212.0,0.03628708,U,No,12095.6914402756,7328.57229039737,12095.6924919753,9091.63439435779,12095.6914402756,7328.57229039737,0.08556370611713479,855.6370611713479,0.4173578393625259,0.8180374478927501,0.705858076286364,1296,2541,2192,40.06796085302243,-11.217937160638613,28.850023692383814,14544.845245379729,-4072.1603121356566,10472.684933244072,1245,-349,896,58.0,1.8389346861128724,868.8600421553224,884.8378108442915,15.97776868896915,2580,2628,48,36287.08,13.357895337954687,0.03681171187638875,53.29317265767414,74.00979801597794,850.36660689753,7.79394677329708,5.270454273817904,Review 100yr value: lower than expected return-period progression,63.77316240541492,67.29957971176397
Barangay 211,2102.0,31201.746501331243,4097.712640271151,13.13295920821714,11319.96846718139,36.2799193522658,10394.775041177698,33.31472179204519,False,True,False,211,BARANGAY 211,1380601212.0,City of Manila - Tondo I / II,133901000,133901212,2688.0,2007.0,0.03119022,U,No,10396.7387400583,4549.8377828444,10396.7371963889,7534.35360056171,10396.7387400583,4549.8377828444,0.0673680237710513,673.6802377105131,0.1313295920821714,0.362799193522658,0.33314721792045193,276,763,700,23.146960144048663,-2.9651975602206093,20.181762583828053,7222.255826910239,-925.1934260036924,6297.062400906547,487,-63,424,-681.0,-25.33482142857143,861.490237376717,643.2332241127496,-218.25701326396745,975,728,-247,31190.22,11.526501331241889,0.03695549865067283,53.29317265767414,74.00979801597794,850.36660689753,-37.729878663712135,-176.6863691870169,Review 100yr value: lower than expected return-period progression,25.863787287443905,29.30710029216539
Barangay 212,2131.0,29140.310321943267,6848.678982380677,23.502422955405105,12349.196683389702,42.37839798874927,12980.246989740108,44.54395593709828,False,False,False,212,BARANGAY 212,1380601213.0,City of Manila - Tondo I / II,133901000,133901213,2649.0,2675.0,0.02912948,U,No,9709.8271323549,2650.41729061906,9709.82529380803,5045.92271723652,9709.8271323549,2650.41729061906,0.07312893982447785,731.2893982447785,0.23502422955405106,0.4237839798874927,0.44543955937098284,501,903,949,18.875975033344165,2.1655579483490115,21.041532981693177,5500.517701009026,631.0503063504057,6131.568007359431,402,46,448,26.0,0.9815024537561344,909.0500309481081,917.9723793077346,8.92234835962654,1123,1134,11,29129.48,10.830321943267336,0.037179935732691884,53.29317265767414,74.00979801597794,850.36660689753,-31.631400027228665,-119.07720865275155,OK,33.8842092237444,38.525627409752836
Barangay 213,3037.0,31877.40952802858,29087.286833538907,91.24733554012153,31640.234123597744,99.25597654281697,30808.1935669076,96.64585053506038,False,True,False,213,BARANGAY 213,1380601214.0,City of Manila - Tondo I / II,133901000,133901214,2913.0,3231.0,0.03186546,U,No,10621.821746985,12628.0370502977,10621.8212205767,8723.72589024745,10621.821746985,12628.0370502977,0.09527122953104714,952.7122953104714,0.9124733554012152,0.9925597654281697,0.9664585053506037,2771,3014,2935,8.008641002695441,-2.610126007756591,5.39851499493885,2552.947290058837,-832.0405566901427,1720.9067333686944,243,-79,164,318.0,10.916580844490216,913.8132750212062,1013.5704399565799,99.75716493537368,2891,3207,316,31865.46,11.949528028580971,0.03749993889490681,53.29317265767414,74.00979801597794,850.36660689753,25.24617852683903,102.3456884129414,Review 100yr value: lower than expected return-period progression,95.65208809160401,96.20976588904047
Barangay 214,1323.0,15968.28194869886,15468.28194861824,96.86879276250905,15968.281948698856,99.99999999999996,15968.281948698856,99.99999999999996,False,False,False,214,BARANGAY 214,1380601215.0,City of Manila - Tondo I / II,133901000,133901215,1373.0,1577.0,0.01596229,U,No,7981.14357044868,7481.33128016209,7981.14388370263,6997.9794980023,7981.14357044868,7481.33128016209,0.0828517434906516,828.5174349065159,0.9686879276250905,0.9999999999999996,0.9999999999999996,1282,1323,1323,3.131207237490912,0.0,3.131207237490912,500.0000000806158,0.0,500.0000000806158,41,0,41,204.0,14.857975236707938,859.8295072763767,987.5827625454086,127.75325526903191,1373,1577,204,15962.29,5.991948698858323,0.03753815210009543,53.29317265767414,74.00979801597794,850.36660689753,25.990201984022022,-21.849171991014146,OK,98.59095674312906,99.21719819062723
Barangay 215,3147.0,17807.55858502445,16177.126529858751,90.84415728646351,17807.55858502445,100.0,17449.197448954514,97.98758973972262,False,True,False,215,BARANGAY 215,1380601216.0,City of Manila - Tondo I / II,133901000,133901216,2896.0,3106.0,0.01780091,U,No,8900.45454361502,6970.74449023005,8900.45453416219,3941.34837576571,8900.45454361502,6970.74449023005,0.17672270934694662,1767.2270934694664,0.9084415728646351,1.0,0.9798758973972262,2859,3147,3084,9.155842713536487,-2.0124102602773775,7.143432453259109,1630.4320551656983,-358.36113606993604,1272.0709190957623,288,-63,225,210.0,7.251381215469613,1626.2757110542022,1744.2031624773315,117.92745142312924,2896,3106,210,17800.91,6.648585024449858,0.03734969181041788,53.29317265767414,74.00979801597794,850.36660689753,25.990201984022065,916.8604865719363,Review 100yr value: lower than expected return-period progression,95.87987077890858,96.90607521750493
Barangay 216,2237.0,31772.309197836865,25892.92516089438,81.49525739431377,29909.484602127355,94.13695559831598,30299.886294910288,95.36570384683648,False,False,False,216,BARANGAY 216,1380601217.0,City of Manila - Tondo I / II,133901000,133901217,2787.0,2431.0,0.03176044,U,No,10586.8137986972,10902.943810783,10586.8141933872,6549.46883646891,10586.8137986972,10902.943810783,0.0704072211456478,704.072211456478,0.8149525739431377,0.9413695559831597,0.9536570384683648,1823,2106,2133,12.64169820400221,1.2287482485205032,13.870446452522714,4016.5594412329738,390.4016927829325,4406.961134015906,283,27,310,-356.0,-12.773591675636887,877.1789241525277,765.1316701165392,-112.04725403598843,2624,2288,-336,31760.440000000002,11.86919783686244,0.03737101197862007,53.29317265767414,74.00979801597794,850.36660689753,20.127157582338043,-146.29439544105196,OK,88.448191406515,91.46803034672362
Barangay 217,1025.0,28037.51959888959,27146.00427508296,96.82027748331224,27911.23273143036,99.5495790310059,28037.519598889587,100.0,False,False,False,217,BARANGAY 217,1380601218.0,City of Manila - Tondo I / II,133901000,133901218,1053.0,1263.0,0.02802702,U,No,14013.4909098258,12716.0158021544,9342.32764663345,10732.2356091335,14013.4909098258,12716.0158021544,0.036558155452545614,365.5815545254561,0.9682027748331223,0.9954957903100591,1.0,992,1020,1025,2.729301547693666,0.450420968994095,3.179722516687761,765.2284563473986,126.28686745922823,891.5153238066268,28,5,33,210.0,19.943019943019944,375.5681726002979,450.46780816161083,74.89963556131295,1048,1257,209,28027.02,10.499598889589834,0.037462416231157765,53.29317265767414,74.00979801597794,850.36660689753,25.53978101502797,-484.7850523720739,OK,98.32139333454376,99.04742203168013
Barangay 218,339.0,22509.645629960607,16004.56297821582,71.10091043331911,22177.42221942629,98.5240842259546,22200.705644530237,98.6275217721812,False,False,False,218,BARANGAY 218,1380601219.0,City of Manila - Tondo I / II,133901000,133901219,682.0,321.0,0.02250114,U,No,11250.5905558341,3827.16643346818,7500.39393156898,5070.85831816292,11250.5905558341,3827.16643346818,0.015060210434800757,150.60210434800757,0.7110091043331912,0.985240842259546,0.9862752177218119,241,334,334,27.42317379263548,0.10343754622660128,27.526611338862082,6172.859241210472,23.283425103945774,6196.1426663144175,93,0,93,-361.0,-52.93255131964809,302.98122467652263,142.605532435724,-160.37569224079863,672,316,-356,22501.14,8.50562996060762,0.037800884580104034,53.29317265767414,74.00979801597794,850.36660689753,24.51428620997666,-699.7645025495224,OK,86.18365601926864,91.70966579628637
Barangay 219,1117.0,36886.776026492094,32128.24171248066,87.09961990011311,36486.77602661725,98.91560054045505,35386.77602633174,95.93350202499929,False,True,False,219,BARANGAY 219,1380601220.0,City of Manila - Tondo I / II,133901000,133901220,817.0,1080.0,0.03687306,U,No,18436.5224896882,13679.7573233211,12291.0151590209,11128.8925958694,18436.5224896882,13679.7573233211,0.03028185491726819,302.8185491726819,0.8709961990011311,0.9891560054045505,0.9593350202499928,973,1105,1072,11.815980640341934,-2.9820985154557604,8.833882124886173,4358.534314136588,-1100.0000002855086,3258.53431385108,132,-33,99,263.0,32.19094247246022,221.4885896813618,292.7878541687524,71.29926448739062,808,1068,260,36873.06,13.716026492096717,0.0371979610373989,53.29317265767414,74.00979801597794,850.36660689753,24.90580252447711,-547.5480577248481,Review 100yr value: lower than expected return-period progression,93.59840925230118,94.76876597418726
Barangay 220,1290.0,53597.29662310177,39926.56365230618,74.49361473036838,48860.66689742932,91.16255851674644,46229.54600446581,86.2535032868425,False,True,False,220,BARANGAY 220,1380601221.0,City of Manila - Tondo I / II,133901000,133901221,1536.0,1270.0,0.05357745,U,No,17859.1492624527,16283.6202871868,17859.1490695416,9415.8359065363,17859.1492624527,16283.6202871868,0.024068378095099256,240.68378095099257,0.7449361473036837,0.9116255851674644,0.862535032868425,961,1176,1113,16.668943786378065,-4.909055229903942,11.759888556474124,8934.103245123144,-2631.1208929635104,6302.982352159634,215,-63,152,-266.0,-17.317708333333336,286.5816182486237,236.95224946338027,-49.62936878524346,1400,1158,-242,53577.45,19.84662310177373,0.03704286617181992,53.29317265767414,74.00979801597794,850.36660689753,17.152760500768508,-609.6828259465374,Review 100yr value: lower than expected return-period progression,83.66153381287631,85.03170047819034
Barangay 221,3395.0,25073.155308215377,21138.285498834,84.30644344115679,25073.09581763677,99.99976273198216,24673.15530828785,98.40466827963824,False,True,False,221,BARANGAY 221,1380601222.0,City of Manila - Tondo I / II,133901000,133901222,2914.0,3353.0,0.02506373,U,No,12531.8658729301,7569.29702088414,8354.57727160148,7384.60327767657,12531.8658729301,7569.29702088414,0.13540377979023674,1354.0377979023674,0.8430644344115679,0.9999976273198216,0.9840466827963824,2862,3395,3341,15.693319290825372,-1.5950944523439148,14.098224838481457,3934.810318802771,-399.9405093489222,3534.8698094538486,533,-54,479,439.0,15.065202470830474,1162.1991584941086,1337.286814835534,175.08765634142537,2914,3353,439,25063.73,9.4253082153773,0.03760536925420637,53.29317265767414,74.00979801597794,850.36660689753,25.989964716004224,503.6711910048374,Review 100yr value: lower than expected return-period progression,92.93776905111075,95.43839512833824
Barangay 222,1760.0,17339.25502335236,5249.214259210597,30.27358587287055,9489.985366336588,54.73121742286826,13131.77870794413,75.73438818598815,False,False,False,222,BARANGAY 222,1380601223.0,City of Manila - Tondo I / II,133901000,133901223,1966.0,2040.0,0.01733275,U,No,5777.58160930862,2044.67827589866,5777.58169776071,3242.14987897167,5777.58160930862,2044.67827589866,0.10150378419543671,1015.0378419543671,0.3027358587287055,0.5473121742286826,0.7573438818598816,533,963,1333,24.45763154999771,21.00317076311989,45.4608023131176,4240.771107125991,3641.793341607541,7882.564448733532,430,370,800,74.0,3.7639877924720246,1133.8434075467533,1176.5211349925619,42.677727445808614,1076,1117,41,17332.75,6.505023352361604,0.037530243916064125,53.29317265767414,74.00979801597794,850.36660689753,-19.278580593109673,164.67123505683708,OK,43.725283225369296,57.0180778406168
Barangay 223,1583.0,18880.347455341704,15078.252252026672,79.86215448466587,18880.347455341704,100.0,18880.347455341704,100.0,False,False,False,223,BARANGAY 223,1380601224.0,City of Manila - Tondo I / II,133901000,133901224,1489.0,1629.0,0.01887331,U,No,9436.65285636767,5236.12456768425,9436.65282225058,1121.96781799488,9436.65285636767,5236.12456768425,0.08384379597591204,838.4379597591204,0.7986215448466587,1.0,1.0,1264,1583,1583,20.137845515334135,0.0,20.137845515334135,3802.0952033150315,0.0,3802.0952033150315,319,0,319,140.0,9.402283411685696,788.6507404177703,862.8019181602067,74.1511777424364,1489,1629,140,18873.31,7.037455341702298,0.03728787023422122,53.29317265767414,74.00979801597794,850.36660689753,25.990201984022065,-11.928647138409588,OK,90.93796951809965,94.96553862116647
Barangay 224,1078.0,37855.22520355479,32855.22520392413,86.79178376896529,37755.22520348815,99.73583567518376,37455.22520356353,98.94334270146226,False,True,False,224,BARANGAY 224,1380601225.0,City of Manila - Tondo I / II,133901000,133901225,1039.0,1069.0,0.03784111,U,No,18920.5617075427,13622.535492266,12613.7077919738,10118.9265936775,18920.5617075427,13622.535492266,0.02847691419621433,284.7691419621433,0.8679178376896529,0.9973583567518376,0.9894334270146226,936,1075,1067,12.944051906218476,-0.7924929737215081,12.151558932496968,4899.999999564025,-299.9999999246211,4599.9999996394035,139,-8,131,30.0,2.8873917228103942,274.4667333011752,282.39166304038145,7.92492973920622,1036,1066,30,37841.11,14.11520355479297,0.037301240779651995,53.29317265767414,74.00979801597794,850.36660689753,25.72603765920583,-565.5974649353867,Review 100yr value: lower than expected return-period progression,93.91101231738546,96.18282550914054
Barangay 225,2275.0,15659.480833135018,11050.541338524765,70.56773756599983,15359.480833164414,98.0842276754424,15459.480833195848,98.72281845055822,False,False,False,225,BARANGAY 225,1380601226.0,City of Manila - Tondo I / II,133901000,133901226,2444.0,2419.0,0.01565364,U,No,5217.88055270465,4449.06515722458,5217.88055554022,3557.79408391278,5217.88055270465,4449.06515722458,0.14527940129318748,1452.7940129318747,0.7056773756599983,0.980842276754424,0.9872281845055823,1605,2231,2246,27.51649010944257,0.6385907751158157,28.155080884558387,4308.93949463965,100.00000003143396,4408.939494671084,626,15,641,-25.0,-1.0229132569558101,1560.7158538925282,1544.7510845196505,-15.964769372877754,2397,2373,-24,15653.64,5.840833135018329,0.03731293893955865,53.29317265767414,74.00979801597794,850.36660689753,24.07442965946447,602.4274060343447,OK,85.70180712619324,91.46054145812809
Barangay 226,1201.0,24461.273819921094,17355.37693769584,70.95042173789714,23361.27381989112,95.50309600338906,22861.273820194383,93.45904873349774,False,True,False,226,BARANGAY 226,1380601227.0,City of Manila - Tondo I / II,133901000,133901227,1513.0,1562.0,0.02445214,U,No,8150.71230239368,6992.40126351549,8150.71197561156,5068.59349402534,8150.71230239368,6992.40126351549,0.0490980154525687,490.98015452568694,0.7095042173789714,0.9550309600338907,0.9345904873349774,852,1147,1122,24.552674265491916,-2.0440472698913226,22.508626995600594,6005.89688219528,-499.9999996967381,5505.896882498542,295,-25,270,49.0,3.238598810310641,618.5287042442667,638.5603675013514,20.031663257084688,1445,1492,47,24452.14,9.133819921094982,0.03735386727335514,53.29317265767414,74.00979801597794,850.36660689753,21.493297987411125,-359.38645237184306,Review 100yr value: lower than expected return-period progression,84.45439258391771,88.54730852905955
Barangay 227,1726.0,46387.35166295341,44184.53818153987,95.25126267733714,46387.35166295341,100.0,46187.35166304335,99.56884798821186,False,True,False,227,BARANGAY 227,1380601228.0,City of Manila - Tondo I / II,133901000,133901228,2939.0,1836.0,0.04636999,U,No,23184.9929012531,20035.4808361052,23184.9929331978,6883.33325198275,23184.9929012531,20035.4808361052,0.03720841863404858,372.08418634048576,0.9525126267733713,1.0,0.9956884798821186,1644,1726,1719,4.748737322662862,-0.4311520117881429,4.317585310874719,2202.813481413541,-199.9999999100619,2002.8134815034791,82,-7,75,-1103.0,-37.52977203130317,633.5778816075826,395.797546999497,-237.78033460808564,2939,1836,-1103,46369.99,17.36166295341536,0.03744159305062469,53.29317265767414,74.00979801597794,850.36660689753,25.990201984022065,-478.28242055704425,Review 100yr value: lower than expected return-period progression,97.86306820480172,98.64035486461903
Barangay 228,2697.0,15176.955077078144,14579.76855833739,96.06517568439872,15176.955077078144,100.0,14776.95507699869,97.3644252220027,False,True,False,228,BARANGAY 228,1380601229.0,City of Manila - Tondo I / II,133901000,133901229,2015.0,3010.0,0.01517125,U,No,7585.62398973707,6822.18568369967,7585.62397773826,4158.43523048563,7585.62398973707,6822.18568369967,0.17770362937117057,1777.0362937117056,0.9606517568439873,1.0,0.9736442522200269,2591,2697,2626,3.9348243156012757,-2.6355747779973058,1.2992495376039699,597.1865187407548,-400.00000007945346,197.1865186613013,106,-71,35,995.0,49.37965260545906,1327.6707941524237,1983.27002004903,655.5992258966064,2015,3010,995,15171.25,5.705077078144313,0.037604528816968366,53.29317265767414,74.00979801597794,850.36660689753,25.990201984022065,926.6696868141756,Review 100yr value: lower than expected return-period progression,98.22932905797944,97.96206400990076
Barangay 229,1825.0,18801.208095440343,7838.306505841328,41.69044066770512,14894.95159759628,79.22337501922865,17464.163638071877,92.8885183835994,False,False,False,229,BARANGAY 229,1380601230.0,City of Manila - Tondo I / II,133901000,133901230,1281.0,1545.0,0.01879417,U,No,6264.72385073302,4496.75702945904,6264.7250707076,3049.63386597342,6264.72385073302,4496.75702945904,0.09706823044220216,970.6823044220216,0.4169044066770512,0.7922337501922866,0.928885183835994,761,1446,1695,37.53293435152354,13.66514336437075,51.198077715894286,7056.645091754953,2569.212040475597,9625.85713223055,685,249,934,264.0,20.60889929742389,681.3391955970465,821.7557042915197,140.41650869447324,1015,1224,209,18794.17,7.0380954403444775,0.03744829082819022,53.29317265767414,74.00979801597794,850.36660689753,5.21357700325072,120.31569752449161,OK,62.333554561043066,75.30619877709607
Barangay 230,2376.0,10918.05074294834,1101.3940563114456,10.087826868022251,5526.871527297197,50.6214127175297,9279.061415957378,84.98826058259952,False,False,False,230,BARANGAY 230,1380601231.0,City of Manila - Tondo I / II,133901000,133901231,1345.0,2364.0,0.01091396,U,No,3637.98569747232,3362.24159773585,3637.98685242626,2367.8260163664,3637.98569747232,3362.24159773585,0.21762126371638188,2176.212637163819,0.10087826868022251,0.506214127175297,0.8498826058259952,240,1203,2019,40.533585849507446,34.36684786506982,74.90043371457728,4425.477470985751,3752.189888660181,8177.667359645932,963,816,1779,1019.0,75.76208178438661,1231.9048808860844,2165.22166424885,933.3167833627658,681,1197,516,10913.960000000001,4.090742948339539,0.03748174767306769,53.29317265767414,74.00979801597794,850.36660689753,-23.388385298448235,1325.8460302662893,OK,32.38129908525136,54.23475540118076
Barangay 231,1389.0,24298.73228045957,17502.683287125197,72.03126107611965,23325.79754621207,95.99594446731729,22803.05745524699,93.84463844471684,False,True,False,231,BARANGAY 231,1380601232.0,City of Manila - Tondo I / II,133901000,133901232,2432.0,1888.0,0.02428962,U,No,12144.8105974034,4208.9134924169,8096.53975604425,5826.59547994321,12144.8105974034,4208.9134924169,0.05716347601874682,571.6347601874683,0.7203126107611965,0.9599594446731728,0.9384463844471683,1001,1333,1304,23.96468339119764,-2.1513060226004512,21.813377368597187,5823.114259086873,-522.7400909650787,5300.374168121794,332,-29,303,-544.0,-22.36842105263158,1000.8752604578278,776.9952679869979,-223.87999247082996,2335,1812,-523,24289.620000000003,9.112280459568865,0.03751512151926981,53.29317265767414,74.00979801597794,850.36660689753,21.98614645133935,-278.73184671006175,Review 100yr value: lower than expected return-period progression,85.21183694127836,89.1442512104777
Barangay 232,1871.0,37408.55000308982,6855.053401920959,18.32483055706451,17110.312897511325,45.73904333661174,26693.63249476081,71.35703600528758,False,False,False,232,BARANGAY 232,1380601233.0,City of Manila - Tondo I / II,133901000,133901233,2339.0,1778.0,0.03739445,U,No,12464.8169228101,3534.72384646971,12464.816582061,6647.99525325567,12464.8169228101,3534.72384646971,0.050015303983860955,500.1530398386096,0.1832483055706451,0.45739043336611745,0.7135703600528758,343,856,1335,27.414212779547235,25.61799266867584,53.032205448223074,10255.259495590366,9583.319597249483,19838.57909283985,513,479,992,-561.0,-23.984608807182557,625.2581294401431,475.2924130588176,-149.96571638132548,1070,813,-257,37394.450000000004,14.100003089813981,0.03770613845052937,53.29317265767414,74.00979801597794,850.36660689753,-28.270754679366192,-350.21356705892043,OK,33.40264758581549,49.13268720919527
Barangay 233,724.0,21361.12844612899,10904.113112241448,51.04652190889973,17163.04766159293,80.34710200295234,19959.55605512161,93.438678136588,False,False,False,233,BARANGAY 233,1380601234.0,City of Manila - Tondo I / II,133901000,133901234,1648.0,735.0,0.0213531,U,No,7117.70084518329,4380.45933387438,7117.69995590874,4557.70994022107,7117.70084518329,4380.45933387438,0.0338933405052017,338.933405052017,0.5104652190889972,0.8034710200295234,0.9343867813658799,370,582,676,29.300580094052613,13.091576133635655,42.39215622768827,6258.934549351481,2796.508393528682,9055.442942880163,212,94,306,-913.0,-55.4004854368932,771.4948225493426,344.082945736509,-427.41187681283367,1324,591,-733,21353.1,8.028446128992073,0.037598503865912083,53.29317265767414,74.00979801597794,850.36660689753,6.337303986974405,-511.433201845513,OK,67.16184096062867,78.25858743289345
Barangay 234,2013.0,41295.8363022513,27379.263213251368,66.3002996545653,36472.35866774257,88.31969983800577,38895.836302241405,94.18827607111795,False,False,False,234,BARANGAY 234,1380601235.0,City of Manila - Tondo I / II,133901000,133901235,1650.0,1945.0,0.04128036,U,No,13760.0939739454,12789.4159919165,13760.093723926,6407.19738208305,13760.0939739454,12789.4159919165,0.04874583445329714,487.45834453297135,0.663002996545653,0.8831969983800577,0.9418827607111795,1335,1778,1896,22.01940018344048,5.868576233112179,27.88797641655266,9093.095454491202,2423.477634498835,11516.573088990037,443,118,561,295.0,17.87878787878788,399.5560201089929,470.9917934012068,71.43577329221387,1457,1718,261,41280.36,15.476302251299785,0.03749071532152284,53.29317265767414,74.00979801597794,850.36660689753,14.30990182202784,-362.90826236455865,OK,78.41096975545756,85.16228028539052
Barangay 235,1264.0,24268.065924229515,17906.750383866653,73.78729907762592,22056.4150029804,90.8865793913928,22268.065924277536,91.75871696493476,False,False,False,235,BARANGAY 235,1380601236.0,City of Manila - Tondo I / II,133901000,133901236,1721.0,1557.0,0.02425897,U,No,8086.3209877741,8159.44311615327,8086.32109686369,4897.23293721932,8086.3209877741,8159.44311615327,0.052084908782862996,520.8490878286299,0.7378729907762591,0.908865793913928,0.9175871696493476,933,1149,1160,17.099280313766883,0.8721375735419628,17.971417887308846,4149.664619113748,211.65092129713594,4361.315540410884,216,11,227,-164.0,-9.529343404997094,709.1624051843925,641.5838842952348,-67.57852088915763,1564,1415,-149,24258.97,9.095924229513912,0.037495096574643984,53.29317265767414,74.00979801597794,850.36660689753,16.876781375414865,-329.5175190689001,OK,83.1919032501977,86.96061434236786
Barangay 236,603.0,28623.27724409041,21461.237324199134,74.97826730735399,28208.57035854776,98.55115512452971,28099.51408790532,98.17014958937578,False,True,False,236,BARANGAY 236,1380601237.0,City of Manila - Tondo I / II,133901000,133901237,620.0,801.0,0.02861248,U,No,14306.2408705507,10424.7277078987,9537.4943848697,6879.04316605952,14306.2408705507,10424.7277078987,0.021066770057733206,210.66770057733206,0.7497826730735399,0.9855115512452971,0.9817014958937578,452,594,592,23.572887817175726,-0.3810055351539319,23.191882282021794,6747.333034348627,-109.0562706424389,6638.276763706188,142,-2,140,181.0,29.193548387096772,216.60692264999315,279.8421694236202,63.23524677362704,611,789,178,28612.48,10.79724409040864,0.037736135037608205,53.29317265767414,74.00979801597794,850.36660689753,24.54135710855178,-639.6989063201979,Review 100yr value: lower than expected return-period progression,87.94335560680065,92.5055309561742
Barangay 237,223.0,22232.77370094189,9055.160456932788,40.72888330864973,18654.87945054744,83.90711704026891,18692.16449033824,84.07482009114476,False,False,False,237,BARANGAY 237,1380601238.0,City of Manila - Tondo I / II,133901000,133901238,605.0,452.0,0.02222434,U,No,7408.12824028439,6245.3976524473,7408.12807147081,2776.07117929087,7408.12824028439,6245.3976524473,0.010030237477321718,100.30237477321717,0.40728883308649727,0.8390711704026892,0.8407482009114475,91,187,187,43.17823373161919,0.16770305087584347,43.34593678249503,9599.718993614651,37.28503979080051,9637.004033405452,96,0,96,-153.0,-25.28925619834711,272.12079254617214,203.30346815019803,-68.81732439597411,508,379,-129,22224.34,8.433700941888674,0.0379480377904976,53.29317265767414,74.00979801597794,850.36660689753,9.89731902429098,-750.0642321243129,OK,64.47691186104029,73.17963982771445
Barangay 238,390.0,16558.981202868432,15869.41333574608,95.83568663630766,16558.981202868432,100.0,16358.981202853587,98.7921962253318,False,True,False,238,BARANGAY 238,1380601239.0,City of Manila - Tondo I / II,133901000,133901239,464.0,364.0,0.01655275,U,No,8276.37316919677,7477.07802191802,8276.37316986732,8076.44848363567,8276.37316919677,7477.07802191802,0.02355217360428202,235.52173604282018,0.9583568663630766,1.0,0.987921962253318,374,390,385,4.164313363692344,-1.207803774668207,2.9565095890241366,689.5678671223523,-200.00000001484477,489.5678671075075,16,-5,11,-100.0,-21.551724137931032,280.2104757022271,219.82028697329883,-60.39018872892825,464,364,-100,16552.75,6.231202868431865,0.037644517487619066,53.29317265767414,74.00979801597794,850.36660689753,25.990201984022065,-614.8448708547098,Review 100yr value: lower than expected return-period progression,98.12605898633845,98.47580014920963
Barangay 239,1631.0,22655.27067944348,8681.40864656013,38.31959798404574,22655.27067944348,100.0,21855.27067943562,96.4688128809966,False,True,False,239,BARANGAY 239,1380601240.0,City of Manila - Tondo I / II,133901000,133901240,1744.0,1785.0,0.02264675,U,No,22646.7502941382,0.0,11323.3752471732,10611.7948212144,22646.7502941382,0.0,0.0719920773879743,719.9207738797429,0.38319597984045745,1.0,0.9646881288099659,625,1631,1573,61.68040201595426,-3.5311871190034054,58.14921489695085,13973.862032883351,-800.0000000078617,13173.86203287549,1006,-58,948,41.0,2.3509174311926606,769.7987919351758,787.8961259198903,18.09733398471451,1744,1785,41,22646.75,8.52067944348164,0.037624292419361015,53.29317265767414,74.00979801597794,850.36660689753,25.990201984022065,-130.4458330177871,Review 100yr value: lower than expected return-period progression,72.24381909282059,83.16742464841008
Barangay 240,91.0,13508.93070794296,10243.691396108054,75.82903204977566,13508.930707942956,99.99999999999996,13508.930707942956,99.99999999999996,False,False,False,240,BARANGAY 240,1380601241.0,City of Manila - Tondo I / II,133901000,133901241,103.0,56.0,0.01350383,U,No,6751.92096857633,5941.69735573465,13503.8417081367,0.0,6751.92096857633,5941.69735573465,0.006736284460064182,67.36284460064182,0.7582903204977566,0.9999999999999996,0.9999999999999996,69,91,91,24.170967950224295,0.0,24.170967950224295,3265.2393118349028,0.0,3265.2393118349028,22,0,22,-47.0,-45.63106796116505,76.24585707545174,41.45405821577958,-34.791798859672156,103,56,-47,13503.83,5.100707942960071,0.037772305656692,53.29317265767414,74.00979801597794,850.36660689753,25.990201984022022,-783.0037622968882,OK,89.12306442239903,93.95725801244389
Barangay 241,303.0,86329.17437717624,18431.81431775779,21.35062040235474,63507.63705976991,73.56451340806532,62325.41969898204,72.19508369983863,False,True,False,241,BARANGAY 241,1380601242.0,City of Manila - Tondo I / II,133901000,133901242,634.0,447.0,0.08629651,U,No,28765.5012225483,17423.9601699079,28765.5025194952,5544.94257945236,28765.5012225483,17423.9601699079,0.0035098215891209462,35.09821589120946,0.2135062040235474,0.7356451340806532,0.7219508369983864,65,223,219,52.21389300571059,-1.36942970822669,50.8444632974839,45075.822742012126,-1182.2173607878722,43893.605381224246,158,-4,154,-187.0,-29.49526813880126,73.4398312707155,51.77855611673475,-21.661275153980753,466,329,-137,86296.51000000001,32.66437717623194,0.03785133046079376,53.29317265767414,74.00979801597794,850.36660689753,-0.4452846079126118,-815.2683910063206,Review 100yr value: lower than expected return-period progression,50.06826155549557,59.963268273347
Barangay 242,454.0,23838.292178348,20772.69191892725,87.14001726094627,23838.292178347994,100.0,23453.8080270628,98.38711536712174,False,True,False,242,BARANGAY 242,1380601243.0,City of Manila - Tondo I / II,133901000,133901243,712.0,448.0,0.0238293,U,No,11914.6458771088,10844.0423558811,23829.2918067332,0.0,11914.6458771088,10844.0423558811,0.019044988483376424,190.44988483376426,0.8714001726094627,1.0,0.9838711536712174,396,454,447,12.859982739053734,-1.612884632878263,11.247098106175471,3065.6002594207457,-384.48415128519264,2681.116108135553,58,-7,51,-264.0,-37.07865168539326,298.67911454105763,187.9329260033621,-110.74618853769553,712,448,-264,23829.300000000003,8.99217834799856,0.03773580570137838,53.29317265767414,74.00979801597794,850.36660689753,25.990201984022065,-659.9167220637657,Review 100yr value: lower than expected return-period progression,94.21300776742584,96.13985046208526
Barangay 243,338.0,14843.792263644931,6388.675656801878,43.039376618392,14843.792263644931,100.0,14121.790853065138,95.13600434608544,False,True,False,243,BARANGAY 243,1380601244.0,City of Manila - Tondo I / II,133901000,133901244,338.0,436.0,0.01483818,U,No,14838.1927959323,0.0,7419.09249419172,7285.62030703044,14838.1927959323,0.0,0.02277046148293396,227.70461482933962,0.43039376618392,1.0,0.9513600434608545,145,338,322,56.960623381608,-4.863995653914557,52.096627727693445,8455.116606843054,-722.0014105797927,7733.11519626326,193,-16,177,98.0,28.994082840236686,227.70461482933962,293.72547948400023,66.02086465466061,338,436,98,14838.18,5.612263644930863,0.037823126858758035,53.29317265767414,74.00979801597794,850.36660689753,25.990201984022065,-622.6619920681903,Review 100yr value: lower than expected return-period progression,74.3677194782764,83.81424589303218
Barangay 244,659.0,13238.876529082792,10747.1653085734,81.17883179108385,13238.876529082792,100.0,13238.876529082792,100.0,False,False,False,244,BARANGAY 244,1380601245.0,City of Manila - Tondo I / II,133901000,133901245,1029.0,640.0,0.01323388,U,No,13233.8955479488,0.0,13233.8955479488,0.0,13233.8955479488,0.0,0.04977763774383176,497.7763774383176,0.8117883179108385,1.0,1.0,535,659,659,18.82116820891615,0.0,18.82116820891615,2491.7112205093927,0.0,2491.7112205093927,124,0,124,-389.0,-37.80369290573372,777.2562858634732,483.4247064651339,-293.8315793983393,1029,640,-389,13233.88,4.996529082793131,0.03775558704471502,53.29317265767414,74.00979801597794,850.36660689753,25.990201984022065,-352.5902294592124,OK,91.53047430598774,95.29470794777096
Barangay 245,318.0,10047.074635318211,4975.708395789026,49.523951761023575,9894.945225163565,98.48583378071196,9808.331771675634,97.62375743877396,False,True,False,245,BARANGAY 245,1380601246.0,City of Manila - Tondo I / II,133901000,133901246,350.0,281.0,0.01004328,U,No,5021.63787010498,4869.56631842758,3347.75910037063,4369.04431578611,5021.63787010498,4869.56631842758,0.031651004052676505,316.510040526765,0.49523951761023577,0.9848583378071196,0.9762375743877396,157,313,310,48.96188201968838,-0.8620763419379927,48.09980567775039,4919.2368293745385,-86.61345348793111,4832.623375886607,156,-3,153,-69.0,-19.714285714285715,348.3601074980118,279.6834005912609,-68.6767069067509,345,277,-68,10043.28,3.7946353182105668,0.03778282909777051,53.29317265767414,74.00979801597794,850.36660689753,24.47603576473402,-533.856566370765,Review 100yr value: lower than expected return-period progression,76.45298687185219,85.90053273901466
Barangay 246,1258.0,18581.84967928659,10579.718081563538,56.935764007158426,18511.84967931581,99.62328830994252,17781.849679414063,95.69472354108916,False,True,False,246,BARANGAY 246,1380601247.0,City of Manila - Tondo I / II,133901000,133901247,1260.0,1254.0,0.01857486,U,No,9287.43231706368,9031.36987258843,6191.62156841261,8338.94671997035,9287.43231706368,9031.36987258843,0.0677004723271606,677.0047232716059,0.5693576400715843,0.9962328830994253,0.9569472354108917,716,1253,1204,42.6875243027841,-3.928564768853363,38.758959533930735,7932.13159775227,-729.9999999017455,7202.1315978505245,537,-49,488,-6.0,-0.4761904761904762,678.0810423865051,674.8520850418075,-3.228957344697619,1255,1249,-6,18574.859999999997,6.989679286594765,0.03762978179428952,53.29317265767414,74.00979801597794,850.36660689753,25.61349029396459,-173.36188362592407,Review 100yr value: lower than expected return-period progression,80.4139023736897,87.37998132670515
Barangay 247,876.0,14110.448651101557,6321.768176034495,44.802035231820746,14110.448651101557,100.0,14110.448651101557,100.0,False,False,False,247,BARANGAY 247,1380601248.0,City of Manila - Tondo I / II,133901000,133901248,542.0,737.0,0.01410511,U,No,7052.55600375964,6749.65294749785,14105.1119537875,0.0,7052.55600375964,6749.65294749785,0.0620816546419035,620.816546419035,0.44802035231820747,1.0,1.0,392,876,876,55.197964768179254,0.0,55.197964768179254,7788.680475067062,0.0,7788.680475067062,484,0,484,195.0,35.97785977859779,384.1125207295856,522.3079848297133,138.1954641001277,542,737,195,14105.11,5.3386511015560245,0.03784905684220843,53.29317265767414,74.00979801597794,850.36660689753,25.990201984022065,-229.55006047849497,OK,75.16091585431934,86.20050880795519
Barangay 248,173.0,8639.426521710833,5804.392554284368,67.18492876463455,8437.769532598906,97.66585214186192,8306.284577477398,96.14393451467814,False,True,False,248,BARANGAY 248,1380601249.0,City of Manila - Tondo I / II,133901000,133901249,485.0,503.0,0.00863616,U,No,2878.72080300055,3929.36078191422,2878.7214469987,3841.62709399319,2878.72080300055,3929.36078191422,0.02002447726886176,200.2447726886176,0.6718492876463454,0.9766585214186192,0.9614393451467813,116,169,166,30.48092337722737,-1.5219176271837824,28.959005750043588,2633.376978314538,-131.4849551215084,2501.8920231930297,53,-3,50,18.0,3.711340206185567,561.3798540692459,582.2145703027436,20.834716233497716,474,491,17,8636.16,3.266521710833331,0.03782377481233941,53.29317265767414,74.00979801597794,850.36660689753,23.656054125883983,-650.1218342089124,Review 100yr value: lower than expected return-period progression,83.94943662210962,89.43685424668156
Barangay 249,1750.0,14759.89037864313,9896.826445254435,67.05216767446105,13592.392156430637,92.09006169922638,13759.89037855058,93.22488193042744,False,False,False,249,BARANGAY 249,1380601250.0,City of Manila - Tondo I / II,133901000,133901250,784.0,1610.0,0.01475437,U,No,4918.12401532803,3880.08141476205,4918.12324279541,2676.18048929313,4918.12401532803,3880.08141476205,0.11856456620654636,1185.6456620654635,0.6705216767446105,0.9209006169922638,0.9322488193042744,1173,1612,1631,25.037894024765336,1.1348202312010613,26.172714255966397,3695.565711176201,167.49822211994433,3863.0639332961455,439,19,458,826.0,105.35714285714286,531.1692566053276,1090.7940091002265,559.6247524948989,722,1483,761,14754.369999999999,5.520378643130243,0.037415210836723244,53.29317265767414,74.00979801597794,850.36660689753,18.080263683248447,335.2790551679335,OK,80.82300938808199,86.28451628551547
Barangay 250,1232.0,35091.83318875691,32812.02043215634,93.50329535553875,35091.83318875691,100.0,34889.02240345251,99.42205702331512,False,True,False,250,BARANGAY 250,1380601251.0,City of Manila - Tondo I / II,133901000,133901251,1284.0,1182.0,0.03507869,U,No,17539.3382959868,14230.7874483566,17539.3383225536,17285.2892301204,17539.3382959868,14230.7874483566,0.03510788374529038,351.07883745290377,0.9350329535553875,1.0,0.9942205702331512,1152,1232,1225,6.496704644461246,-0.5779429766848807,5.918761667776366,2279.812756600564,-202.81078530439845,2077.0019712961657,80,-7,73,-102.0,-7.943925233644859,365.89710007266916,336.83050801082163,-29.06659206184753,1284,1182,-102,35078.69,13.143188756905147,0.037467729715405976,53.29317265767414,74.00979801597794,850.36660689753,25.990201984022065,-499.28776944462624,Review 100yr value: lower than expected return-period progression,97.07648290999245,98.14464664821074
Barangay 251,1339.0,9615.931004686634,3024.1278862856184,31.449142935943613,8645.79379382662,89.91114630099585,9615.931004686634,100.0,False,False,False,251,BARANGAY 251,1380601252.0,City of Manila - Tondo I / II,133901000,133901252,723.0,1181.0,0.00961234,U,No,4806.16726295161,1393.87767366305,4806.16817870026,3836.3932812746,4806.16726295161,1393.87767366305,0.13924808729881644,1392.4808729881643,0.31449142935943614,0.8991114630099585,1.0,421,1204,1339,58.46200336505224,10.088853699004147,68.55085706405639,5621.6659075410025,970.1372108600135,6591.803118401016,783,135,918,458.0,63.347164591977865,751.8772749592553,1228.1702098573726,476.2929348981173,650,1062,412,9612.34,3.5910046866338234,0.03735827786609528,53.29317265767414,74.00979801597794,850.36660689753,15.901348285017917,542.1142660906343,OK,63.60324478672234,79.33118693933446
Barangay 252,925.0,8881.93743015527,8377.531756780025,94.32099497050356,8881.93743015527,100.0,8881.93743015527,100.0,False,False,False,252,BARANGAY 252,1380601253.0,City of Manila - Tondo I / II,133901000,133901253,253.0,910.0,0.00887861,U,No,4439.30529526563,3965.36761010592,4439.30477949558,88.7314618376076,4439.30529526563,3965.36761010592,0.10414394463751919,1041.439446375192,0.9432099497050356,1.0,1.0,872,925,925,5.679005029496437,0.0,5.679005029496437,504.4056733752459,0.0,504.4056733752459,53,0,53,657.0,259.6837944664032,284.84776208964706,1024.5512391366753,739.7034770470283,253,910,657,8878.61,3.3274301552701218,0.03747692662781811,53.29317265767414,74.00979801597794,850.36660689753,25.990201984022065,191.0728394776619,OK,97.4444477367266,98.58024874262588
Barangay 253,1339.0,23746.600665610127,11822.68027902286,49.78683242079566,19383.08990806629,81.62469307085672,21549.314890229554,90.74694603104736,False,False,False,253,BARANGAY 253,1380601254.0,City of Manila - Tondo I / II,133901000,133901254,1491.0,1329.0,0.02373773,U,No,7912.57674705092,4596.87248117639,7912.57465162466,5376.62016979366,7912.57674705092,4596.87248117639,0.056387018034928356,563.8701803492836,0.4978683242079566,0.8162469307085672,0.9074694603104736,667,1093,1215,31.83786065006106,9.122252960190636,40.960113610251696,7560.40962904343,2166.224982163265,9726.634611206695,426,122,548,-162.0,-10.865191146881289,627.8793419722045,559.6590512951441,-68.22029067706046,1217,1085,-132,23737.73,8.870665610127617,0.037369477242043016,53.29317265767414,74.00979801597794,850.36660689753,7.614895054878787,-286.4964265482464,OK,67.29765577832926,77.31412909241772
Barangay 254,3513.0,48516.64073354252,12145.570737730384,25.03382458904128,36484.63232066833,75.20024422351294,35059.7960376914,72.26344509349433,False,True,False,254,BARANGAY 254,1380601255.0,City of Manila - Tondo I / II,133901000,133901255,2853.0,3713.0,0.04849847,U,No,16166.1550497471,11514.4918485833,16166.1556516118,5175.78124562473,16166.1550497471,11514.4918485833,0.07240814588325874,724.0814588325874,0.2503382458904128,0.7520024422351294,0.7226344509349433,879,2642,2539,50.16641963447166,-2.9367991300186134,47.229620504453045,24339.061582937946,-1424.8362829769321,22914.225299961014,1763,-103,1660,860.0,30.14370837714686,588.045659564296,765.3044283078272,177.25876874353116,2145,2792,647,48498.47,18.170733542516246,0.037466611920986874,53.29317265767414,74.00979801597794,850.36660689753,1.190446207535004,-126.28514806494263,Review 100yr value: lower than expected return-period progression,52.6253553880007,61.48391966288758
Barangay 255,957.0,22534.75484750994,5181.527111747779,22.993492260335508,11076.687247505091,49.15379520416239,15541.801027577154,68.96813891585114,False,False,False,255,BARANGAY 255,1380601256.0,City of Manila - Tondo I / II,133901000,133901256,2000.0,1086.0,0.02252636,U,No,7508.78693887663,689.499121583889,7508.78995717685,4221.03328782207,7508.78693887663,689.499121583889,0.04246773512629303,424.6773512629303,0.22993492260335507,0.4915379520416239,0.6896813891585114,220,470,660,26.160302943826885,19.81434371168875,45.974646655515635,5895.160135757313,4465.113780072063,10360.273915829375,250,190,440,-914.0,-45.7,887.5179754711187,481.9222606808175,-405.5957147903012,983,534,-449,22526.359999999997,8.394847509942338,0.037266773282245064,53.29317265767414,74.00979801597794,850.36660689753,-24.856002811815543,-425.6892556345997,OK,37.381658879440295,50.539456952881174
Barangay 256,1044.0,21409.96509178264,4946.797238196949,23.10511585138259,7553.135964347573,35.27860009097606,7268.014227580396,33.94687565543922,False,True,False,256,BARANGAY 256,1380601257.0,City of Manila - Tondo I / II,133901000,133901257,2086.0,1030.0,0.02140198,U,No,7133.99502791927,3857.46070854946,7133.99322579674,4768.13522609021,7133.99502791927,3857.46070854946,0.048762340131077456,487.62340131077457,0.23105115851382588,0.35278600090976064,0.33946875655439224,241,368,354,12.173484239593474,-1.3317244355368416,10.841759804056633,2606.338726150623,-285.1217367671761,2321.216989383447,127,-14,113,-1056.0,-50.62320230105465,974.3126581745936,481.084390182086,-493.2282679925076,736,363,-373,21401.98,7.985091782640666,0.03731006095062543,53.29317265767414,74.00979801597794,850.36660689753,-38.73119792500187,-362.74320558675544,Review 100yr value: lower than expected return-period progression,29.800532183159,31.702539256862956
Barangay 257,1341.0,11517.423402899636,7986.039931749891,69.33877181018907,11460.787827458353,99.50826175733869,11279.419362985382,97.93353051643189,False,True,False,257,BARANGAY 257,1380601258.0,City of Manila - Tondo I / II,133901000,133901258,796.0,1308.0,0.01151312,U,No,2878.2820008373,4693.74589993762,2878.28206359832,4825.9498566306,2878.2820008373,4693.74589993762,0.11643229158896674,1164.3229158896675,0.6933877181018907,0.9950826175733869,0.9793353051643189,930,1334,1313,30.169489947149614,-1.5747312409068002,28.594758706242814,3474.7478957084613,-181.36846447297103,3293.3794312354903,404,-21,383,512.0,64.321608040201,691.1268016764916,1135.670674111622,444.5438724351304,792,1302,510,11513.12,4.30340289963533,0.03737825107039039,53.29317265767414,74.00979801597794,850.36660689753,25.49846374136075,313.95630899213745,Review 100yr value: lower than expected return-period progression,85.93199128112137,91.33599677418857
Barangay 258,708.0,21976.220377241705,9388.982816054742,42.72337396915556,13875.461538360543,63.13852564351692,17736.662827548334,80.7084317643456,False,False,False,258,BARANGAY 258,1380601259.0,City of Manila - Tondo I / II,133901000,133901259,908.0,1181.0,0.02196802,U,No,7322.67549843566,3298.31041082666,7322.67615558991,1004.63610822699,7322.67549843566,3298.31041082666,0.03221664088940407,322.16640889404067,0.4272337396915556,0.6313852564351692,0.807084317643456,302,447,571,20.41515167436136,17.569906120828684,37.985057795190045,4486.478722305801,3861.201289187791,8347.680011493592,145,124,269,273.0,30.066079295154186,413.1738690336002,537.399052124099,124.22518309049872,573,746,173,21968.02,8.2003772417047,0.03732870436982805,53.29317265767414,74.00979801597794,850.36660689753,-10.871272372461014,-528.2001980034893,OK,53.95170739005431,65.06270017325805
Barangay 259,2014.0,67605.40643691423,59153.82618740695,87.49866217076315,67605.40643691423,100.0,66106.34995844598,97.7826381683437,False,True,False,259,BARANGAY 259,1380601260.0,City of Manila - Tondo I / II,133901000,133901260,3362.0,2090.0,0.06758,U,No,33790.0061025617,14677.3329903498,22526.6707881382,30827.3019115605,33790.0061025617,14677.3329903498,0.02979051685576889,297.9051685576889,0.8749866217076315,1.0,0.9778263816834369,1762,2014,1969,12.501337829236846,-2.217361831656305,10.28397599758054,8451.580249507278,-1499.0564784682501,6952.523771039028,252,-45,207,-1272.0,-37.83462224866151,497.2975058048412,309.146873031564,-188.1506327732772,3362,2090,-1272,67580.0,25.406436914228834,0.03759460922496129,53.29317265767414,74.00979801597794,850.36660689753,25.990201984022065,-552.4614383398412,Review 100yr value: lower than expected return-period progression,94.37439797684343,95.98772081002826
Barangay 260,1935.0,39570.36195229444,39564.23453597671,99.98451513704848,39570.36195229443,99.99999999999996,39570.36195229443,99.99999999999996,False,False,False,260,BARANGAY 260,1380601261.0,City of Manila - Tondo I / II,133901000,133901261,1341.0,1645.0,0.03955557,U,No,19777.7919318984,4583.34771008212,19777.793144452,12708.9412203329,19777.7919318984,4583.34771008212,0.04890023503785012,489.0023503785012,0.9998451513704848,0.9999999999999996,0.9999999999999996,1935,1935,1935,0.01548486295148166,0.0,0.01548486295148166,6.12741631771496,0.0,6.12741631771496,0,0,0,304.0,22.669649515287098,338.89000095998455,415.71517641996616,76.82517545998161,1341,1645,304,39555.57,14.791952294443035,0.03739537135842824,53.29317265767414,74.00979801597794,850.36660689753,25.990201984022022,-361.3642565190288,OK,99.99303181167178,99.99612878426208
Barangay 261,800.0,15450.942330358364,9668.58326231467,62.57601028849624,15450.942330358364,100.0,14441.08904471622,93.46413141638642,False,True,False,261,BARANGAY 261,1380601262.0,City of Manila - Tondo I / II,133901000,133901262,800.0,735.0,0.01544519,U,No,7722.60552427429,7299.09687714249,5148.40368845981,6948.53344306137,7722.60552427429,7299.09687714249,0.05177677729261482,517.7677729261482,0.6257601028849624,1.0,0.9346413141638642,501,800,748,37.42398971150376,-6.535868583613578,30.88812112789018,5782.359068043694,-1009.8532856421443,4772.505782401549,299,-52,247,-65.0,-8.125,517.7677729261482,475.69914137589865,-42.068631550249506,800,735,-65,15445.189999999999,5.752330358365725,0.03724350660863172,53.29317265767414,74.00979801597794,850.36660689753,25.990201984022065,-332.59883397138185,Review 100yr value: lower than expected return-period progression,83.15920462982332,88.02965513867863
Barangay 262,3638.0,44795.94789126891,38951.10890419407,86.95230425470237,44795.94789126891,100.0,43795.895698764776,97.76753871816372,False,True,False,262,BARANGAY 262,1380601263.0,City of Manila - Tondo I / II,133901000,133901263,2226.0,1736.0,0.04477923,U,No,22389.6176141801,7087.10875629979,14926.4117866931,18308.9491019305,22389.6176141801,7087.10875629979,0.08121270273888044,812.1270273888044,0.8695230425470237,1.0,0.9776753871816372,3163,3638,3557,13.04769574529763,-2.2324612818362795,10.815234463461351,5844.838987074836,-1000.0521925041321,4844.786794570704,475,-81,394,-490.0,-22.0125786163522,496.91994584042845,387.53505210196937,-109.38489373845908,2226,1736,-490,44779.23,16.717891268905078,0.03733403023880731,53.29317265767414,74.00979801597794,850.36660689753,25.990201984022065,-38.23957950872557,Review 100yr value: lower than expected return-period progression,94.12853691461608,95.84509155094108
Barangay 263,1317.0,15118.287780034443,15118.28778003444,99.99999999999996,15118.28778003444,99.99999999999996,15118.28778003444,99.99999999999996,False,False,False,263,BARANGAY 263,1380601264.0,City of Manila - Tondo I / II,133901000,133901264,1786.0,1306.0,0.01511266,U,No,7556.32881918496,3210.32886262165,15112.657732971,0.0,7556.32881918496,3210.32886262165,0.08711303946332205,871.1303946332206,0.9999999999999996,0.9999999999999996,0.9999999999999996,1317,1317,1317,0.0,0.0,0.0,0.0,0.0,0.0,0,0,0,-480.0,-26.875699888017916,1181.3507098063264,863.8544384138087,-317.49627139251777,1786,1306,-480,15112.66,5.627780034443276,0.0372388450110257,53.29317265767414,74.00979801597794,850.36660689753,25.990201984022022,20.763787735690585,OK,99.99999999999996,99.99999999999996
Barangay 264,2758.0,25867.89736833405,20061.08648098209,77.55205688089549,25767.8973683681,99.61342045492894,24227.447919483864,93.6583579813552,False,True,False,264,BARANGAY 264,1380601265.0,City of Manila - Tondo I / II,133901000,133901265,1823.0,2443.0,0.02585829,U,No,8619.42161359145,8737.18609222609,6464.56619883432,9634.53998850706,8619.42161359145,8737.18609222609,0.10661863856689724,1066.1863856689722,0.7755205688089549,0.9961342045492895,0.936583579813552,2139,2747,2583,22.06136357403345,-5.955062473573747,16.106301100459703,5706.810887386011,-1540.4494488842356,4166.361438501775,608,-164,444,620.0,34.009873834339,704.7345109044729,944.4138289301303,239.67931802565738,1816,2434,618,25858.289999999997,9.607368334050989,0.03715391982242828,53.29317265767414,74.00979801597794,850.36660689753,25.603622438951007,215.8197787714422,Review 100yr value: lower than expected return-period progression,89.6858068466139,91.71605457199108
Barangay 265,146.0,14799.196492412537,6139.2776431003,41.48385789896008,14799.196492412531,100.0,13349.499226825148,90.20421638208104,False,True,False,265,BARANGAY 265,1380601266.0,City of Manila - Tondo I / II,133901000,133901266,593.0,125.0,0.0147937,U,No,4931.233229664,6435.2326344858,4931.23323912205,5996.47965956402,4931.233229664,6435.2326344858,0.009865400467846572,98.65400467846572,0.4148385789896008,1.0,0.9020421638208105,61,146,132,58.51614210103992,-9.795783617918957,48.72035848312096,8659.918849312231,-1449.6972655873833,7210.221583724848,85,-14,71,-468.0,-78.92074198988196,400.6974299611656,84.46404510142614,-316.23338485973943,593,125,-468,14793.7,5.496492412536099,0.037154277919223044,53.29317265767414,74.00979801597794,850.36660689753,25.990201984022065,-751.7126022190643,Review 100yr value: lower than expected return-period progression,73.66773605453204,81.45265102757244
Barangay 266,2072.0,27203.904670673648,25984.15221573892,95.51625963367808,27203.904670673648,100.0,26868.66743451676,98.7676870647239,False,True,False,266,BARANGAY 266,1380601267.0,City of Manila - Tondo I / II,133901000,133901267,1482.0,1665.0,0.02719373,U,No,13596.8574995967,1254.63161261206,9064.57082295752,8185.02530845255,13596.8574995967,1254.63161261206,0.07616553671553104,761.6553671553104,0.9551625963367808,1.0,0.987676870647239,1979,2072,2046,4.483740366321925,-1.2323129352760986,3.251427431045826,1219.752454934729,-335.2372361568887,884.5152187778403,93,-26,67,183.0,12.348178137651821,544.774736546414,612.0444914640887,67.26975491767462,1482,1665,183,27193.73,10.174670673648507,0.03741550230015708,53.29317265767414,74.00979801597794,850.36660689753,25.990201984022065,-88.71123974221962,Review 100yr value: lower than expected return-period progression,97.98231683515513,98.38613973430908
Barangay 267,1780.0,13004.436302366255,12284.496300185408,94.463889203334,13004.436302366255,100.0,13004.436302366255,100.0,False,False,False,267,BARANGAY 267,1380601268.0,City of Manila - Tondo I / II,133901000,133901268,2195.0,1952.0,0.0129996,U,No,6499.80191977543,6412.51539620121,6499.80194646198,5873.75810321399,6499.80191977543,6412.51539620121,0.13687636731137015,1368.7636731137015,0.9446388920333401,1.0,1.0,1681,1780,1780,5.536110796665994,0.0,5.536110796665994,719.9400021808469,0.0,719.9400021808469,99,0,99,-243.0,-11.070615034168565,1687.8855407216713,1501.0262302909807,-186.85931043069058,2195,1952,-243,12999.6,4.83630236625504,0.03720347061644235,53.29317265767414,74.00979801597794,850.36660689753,25.990201984022065,518.3970662161715,OK,97.50875014150031,98.6159723008335
Barangay 268,609.0,43751.508814060944,42048.9485136258,96.1085678035223,43751.50881406093,99.99999999999996,42802.04575617355,97.8298735663666,False,True,False,268,BARANGAY 268,1380604001.0,City of Manila - San Nicolas,133904000,133904001,885.0,489.0,0.04373485,U,No,21867.4051142441,6144.37394337356,14578.2712666477,18382.9078750385,21867.4051142441,6144.37394337356,0.013919519955030178,139.19519955030177,0.961085678035223,0.9999999999999996,0.978298735663666,585,609,596,3.891432196477652,-2.1701264336333566,1.7213057628442954,1702.5603004351287,-949.4630578873766,753.0972425477521,24,-13,11,-396.0,-44.74576271186441,202.27873826275382,111.76757402314871,-90.51116423960511,885,489,-396,43734.85,16.658814060945588,0.038090479471052464,36.80690487025489,71.64709853826244,531.8829231401985,28.352901461737517,-392.68772358989673,Review 100yr value: lower than expected return-period progression,98.24885551158502,98.1590913774272
Barangay 269,1095.0,42187.59914671229,39238.475225449,93.0095004671696,42187.59914671229,100.0,40765.53012674844,96.62917765237496,False,True,False,269,BARANGAY 269,1380604002.0,City of Manila - San Nicolas,133904000,133904002,1050.0,904.0,0.04217141,U,No,21085.7166324416,11600.6549974696,21085.7155150116,20716.824358633,21085.7166324416,11600.6549974696,0.025955494556398197,259.55494556398196,0.930095004671696,1.0,0.9662917765237496,1018,1095,1058,6.990499532830398,-3.3708223476250367,3.6196771852053615,2949.1239212632863,-1422.0690199638484,1527.054901299438,77,-37,40,-146.0,-13.904761904761905,248.88830396546214,214.28097789026455,-34.60732607519759,1050,904,-146,42171.409999999996,16.189146712291404,0.03838891493618877,36.80690487025489,71.64709853826244,531.8829231401985,28.35290146173756,-272.32797757621654,Review 100yr value: lower than expected return-period progression,96.85427521022632,96.90404617774239
Barangay 270,954.0,37066.27802482805,12957.16271904859,34.95674076142609,37048.41807812503,99.95181618534492,25292.18224943678,68.23502006998208,False,True,False,270,BARANGAY 270,1380604003.0,City of Manila - San Nicolas,133904000,133904003,1179.0,918.0,0.037052,U,No,18526.0068672705,15731.4697515509,12350.6713351586,9658.31895468418,18526.0068672705,15731.4697515509,0.02573767993001573,257.3767993001573,0.3495674076142609,0.9995181618534492,0.6823502006998209,333,954,651,64.99507542391883,-31.71679611536284,33.278279308555994,24091.255359076444,-11756.235828688252,12335.01953038819,621,-303,318,-261.0,-22.137404580152673,318.0788746067982,247.66446725109478,-70.41440735570342,1178,918,-260,37052.0,14.27802482804691,0.038535098855788916,36.80690487025489,71.64709853826244,531.8829231401985,28.304717647082484,-274.5061238400412,Review 100yr value: lower than expected return-period progression,70.70403224458146,71.01632888322008
Barangay 271,1315.0,61411.34021817036,33300.19542405422,54.224830960783,61411.34021817036,100.0,51196.2016709458,83.36603873008765,False,True,False,271,BARANGAY 271,1380604004.0,City of Manila - San Nicolas,133904000,133904004,572.0,633.0,0.0613878,U,No,20462.6038423891,27697.26394029,20462.6032894057,22385.4787080036,20462.6038423891,27697.26394029,0.02141298325892778,214.12983258927778,0.54224830960783,1.0,0.8336603873008765,713,1315,1096,45.775169039217,-16.633961269912348,29.14120776930465,28111.14479411614,-10215.13854722456,17896.00624689158,602,-219,383,61.0,10.664335664335663,93.14240626697102,103.07542511712003,9.933018850149011,572,633,61,61387.8,23.54021817035391,0.038346736925502965,36.80690487025489,71.64709853826244,531.8829231401985,28.35290146173756,-317.7530905509207,Review 100yr value: lower than expected return-period progression,79.40117393235235,81.90262323223081
Barangay 272,1103.0,19704.603459747395,3163.474647809549,16.054495358264383,15707.779432619014,79.71629302110493,6959.228573319708,35.31778037318048,False,True,False,272,BARANGAY 272,1380604005.0,City of Manila - San Nicolas,133904000,133904005,1255.0,1064.0,0.019697,U,No,6565.66618118593,4677.25926940413,6565.66546669045,6584.40381399839,6565.66618118593,4677.25926940413,0.05597676716779461,559.767671677946,0.16054495358264384,0.7971629302110493,0.35317780373180485,177,879,390,63.66179766284055,-44.39851264792445,19.2632850149161,12544.304784809465,-8748.550859299306,3795.7539255101588,702,-489,213,-191.0,-15.219123505976096,636.9070063062759,539.9753423983087,-96.93166390796716,1000,848,-152,19697.0,7.603459747395391,0.038602120868129114,36.80690487025489,71.64709853826244,531.8829231401985,8.06919448284249,27.884748537747555,Review 100yr value: lower than expected return-period progression,51.06848407282669,46.04143854622502
Barangay 273,454.0,20416.098155768865,5347.020712133329,26.190218480226356,13715.84878666436,67.18153822545541,6875.438844426274,33.67655656809976,False,True,False,273,BARANGAY 273,1380604006.0,City of Manila - San Nicolas,133904000,133904006,988.0,825.0,0.02040823,U,No,6802.74311263829,5605.54494013107,6802.74480339247,5344.88368487959,6802.74311263829,5605.54494013107,0.02223735390259748,222.37353902597482,0.26190218480226357,0.6718153822545542,0.33676556568099764,119,305,153,40.991319745229056,-33.50498165735565,7.486338087873406,8368.828074531033,-6840.409942238087,1528.4181322929453,186,-152,34,-163.0,-16.497975708502025,483.93184263802453,404.092884793897,-79.83895784412755,664,554,-110,20408.23,7.868155768865108,0.0385538371963914,36.80690487025489,71.64709853826244,531.8829231401985,-4.465560312807028,-309.5093841142237,Review 100yr value: lower than expected return-period progression,48.73544434010234,43.53171562620589
Barangay 274,2062.0,12106.971612360212,100.00000000058208,0.8259703846872027,6114.800679533089,50.50644269530116,1207.4256655697675,9.97297841466058,False,True,False,274,BARANGAY 274,1380604007.0,City of Manila - San Nicolas,133904000,133904007,1857.0,1944.0,0.01210229,U,No,6051.14488974884,4494.5066798969,6051.14591931831,61.2913667556213,6051.14488974884,4494.5066798969,0.17031509332150985,1703.1509332150986,0.008259703846872028,0.5050644269530116,0.09972978414660581,17,1041,206,49.68047231061396,-40.53346428064058,9.147008029973378,6014.800679532507,-4907.375013963322,1107.4256655691854,1024,-835,189,87.0,4.68497576736672,1533.8270043552075,1605.686427822576,71.85942346736852,938,982,44,12102.289999999999,4.6816123602129665,0.0386836901133006,36.80690487025489,71.64709853826244,531.8829231401985,-21.14065584296128,1171.2680100749,Review 100yr value: lower than expected return-period progression,28.15023015552488,21.872938905391436
Barangay 275,20995.0,269671.8394674775,53439.27201181109,19.816408015511712,78961.31150756132,29.280518004210844,85571.18078785356,31.73159680181344,False,False,False,275,BARANGAY 275,1380604008.0,City of Manila - San Nicolas,133904000,133904008,19031.0,19809.0,0.26956627,U,No,67391.5679148727,66618.435054546,67391.5725287907,75663.6798918262,67391.5679148727,66618.435054546,0.07785388359963333,778.5388359963333,0.1981640801551171,0.2928051800421084,0.3173159680181344,4160,6147,6662,9.464109988699132,2.4510787976025945,11.915188786301727,25522.03949575023,6609.869280292245,32131.908776042474,1987,515,2502,778.0,4.088066838316431,705.7095778921752,734.5594571208081,28.84987922863297,5572,5800,228,269566.27,105.56946747750044,0.03916271404337806,36.80690487025489,71.64709853826244,531.8829231401985,-42.36658053405159,246.65591285613482,OK,25.021668509296234,27.894922026077097
Barangay 276,3077.0,20811.333337316933,3295.510075955506,15.83517030139682,20096.87721365865,96.56698534361956,8656.28494197009,41.594091073676914,False,True,False,276,BARANGAY 276,1380604009.0,City of Manila - San Nicolas,133904000,133904009,2524.0,2543.0,0.0208033,U,No,10401.6507507087,6309.68584443931,6934.43379699701,5158.53957336743,10401.6507507087,6309.68584443931,0.1478521318229338,1478.521318229338,0.1583517030139682,0.9656698534361956,0.41594091073676914,487,2971,1280,80.73181504222275,-54.97289426994265,25.758920772280092,16801.367137703142,-11440.592271688558,5360.774866014584,2484,-1691,793,19.0,0.7527733755942948,1212.8007173255928,1221.9303582246366,9.129640899043807,2437,2456,19,20803.3,8.033337316934194,0.03861568749637891,36.80690487025489,71.64709853826244,531.8829231401985,24.919886805357123,946.6383950891395,Review 100yr value: lower than expected return-period progression,60.237668574619335,54.394873875086816
Barangay 281,3436.0,92878.37468013098,32970.22860909572,35.498283343828675,71276.10674833368,76.74133725294553,49474.90770773498,53.26848997748333,False,True,False,281,BARANGAY 281,1380604014.0,City of Manila - San Nicolas,133904000,133904014,2181.0,2288.0,0.09284299,U,No,23210.7439330511,24158.0204276132,23210.7425978394,16158.6590264221,23210.7439330511,24158.0204276132,0.03699461808880089,369.9461808880089,0.35498283343828674,0.7674133725294553,0.5326848997748332,1220,2637,1830,41.24305390911685,-23.4728472754622,17.770206633654652,38305.87813923796,-21801.1990405987,16504.67909863926,1417,-807,610,107.0,4.90600641907382,234.8232306509742,246.3436734201875,11.520442769213304,1674,1756,82,92842.99,35.38468013097008,0.03811238751678515,36.80690487025489,71.64709853826244,531.8829231401985,5.094238714683087,-161.93674225218962,Review 100yr value: lower than expected return-period progression,58.181962993842944,57.041434865481435
Barangay 282,2503.0,111311.34084454684,37279.719255889424,33.49139357502921,88963.66576284998,79.92327204744862,66264.56639580514,59.53083117410984,False,True,False,282,BARANGAY 282,1380604015.0,City of Manila - San Nicolas,133904000,133904015,2548.0,2458.0,0.11126913,U,No,27817.2811913765,20203.9193948163,27817.2811703092,7129.54328332211,27817.2811913765,20203.9193948163,0.02248647784681342,224.86477846813418,0.33491393575029205,0.7992327204744862,0.5953083117410984,838,2000,1490,46.43187847241941,-20.392440873338778,26.039437599080635,51683.94650696056,-22699.099367044837,28984.84713991572,1162,-510,652,-90.0,-3.5321821036106753,228.90749322285492,220.8220637134134,-8.085429509441525,2036,1965,-71,111269.12999999999,42.21084454684751,0.03793580892278704,36.80690487025489,71.64709853826244,531.8829231401985,8.27617350918618,-307.0181446720643,Review 100yr value: lower than expected return-period progression,59.02892673485989,60.15832608000825
Barangay 283,1364.0,50364.598060501,23500.114198235635,46.65998559147812,32918.75398251914,65.36089882614598,31984.309155086885,63.50553838762975,False,True,False,283,BARANGAY 283,1380604016.0,City of Manila - San Nicolas,133904000,133904016,1982.0,1345.0,0.05034523,U,No,12586.3074970485,4515.66163883677,12586.3088723869,6851.46354017656,12586.3074970485,4515.66163883677,0.02708251534860818,270.82515348608183,0.4665998559147812,0.6536089882614599,0.6350553838762975,636,892,866,18.700913234667865,-1.8553604385162359,16.84555279615163,9418.639784283507,-934.4448274322567,8484.19495685125,256,-26,230,-637.0,-32.13925327951564,393.5303916491306,267.05266234514664,-126.47772930398395,1295,879,-416,50345.229999999996,19.36806050100131,0.038470497604244355,36.80690487025489,71.64709853826244,531.8829231401985,-6.286199712116456,-261.05776965411667,Review 100yr value: lower than expected return-period progression,56.94548787054545,59.94352634207252
Barangay 284,1076.0,53255.57540958085,10097.02291882796,18.959560273592448,17464.989419701524,32.79466851194611,13491.627804760932,25.333737737314443,False,True,False,284,BARANGAY 284,1380604017.0,City of Manila - San Nicolas,133904000,133904017,1032.0,961.0,0.05323516,U,No,13308.7891107758,7957.56086599257,13308.7892563477,13530.1331544743,13308.7891107758,7957.56086599257,0.02020445731220893,202.0445731220893,0.1895956027359245,0.32794668511946107,0.25333737737314443,204,353,273,13.835108238353659,-7.460930774631663,6.3741774637219955,7367.966500873563,-3973.3616149405916,3394.6048859329712,149,-80,69,-71.0,-6.87984496124031,193.78252738103734,180.4505899352489,-13.33193744578844,338,315,-23,53235.159999999996,20.41540958085534,0.03834948477820925,36.80690487025489,71.64709853826244,531.8829231401985,-38.852430026316334,-329.83835001810917,Review 100yr value: lower than expected return-period progression,26.568869804686962,26.351519142505026
Barangay 285,2091.0,54907.65245305477,13869.738401184244,25.260119093677638,24567.65537142717,44.74359087275158,18554.235218724767,33.79171097250673,False,True,False,285,BARANGAY 285,1380604018.0,City of Manila - San Nicolas,133904000,133904018,2306.0,2066.0,0.05488668,U,No,13721.6717686985,3431.8304366494,13721.6717482699,10603.5496728283,13721.6717686985,3431.8304366494,0.038082123466993495,380.82123466993494,0.25260119093677635,0.4474359087275158,0.3379171097250673,528,936,707,19.483471779073945,-10.951879900244855,8.53159187882909,10697.916970242924,-6013.4201527024015,4684.496817540523,408,-229,179,-240.0,-10.407632263660018,419.97788959773794,376.2681352597253,-43.70975433801266,1032,924,-108,54886.68,20.972453054768266,0.038210460269719845,36.80690487025489,71.64709853826244,531.8829231401985,-26.90350766551086,-151.06168847026356,Review 100yr value: lower than expected return-period progression,35.97602857216831,35.49197096788515
Barangay 286,4216.0,45969.34886729423,16186.878198304474,35.21232864322978,23876.073932619707,51.93911708766185,25607.80293404524,55.70625550509896,False,False,False,286,BARANGAY 286,1380604019.0,City of Manila - San Nicolas,133904000,133904019,3679.0,4710.0,0.0459516,U,No,11487.901690938,4158.90345451436,15317.2017576314,4785.46268583583,11487.901690938,4158.90345451436,0.09171328513203182,917.1328513203182,0.35212328643229784,0.5193911708766185,0.5570625550509896,1485,2190,2349,16.726788444432067,3.76713841743711,20.493926861869177,7689.1957343152335,1731.729001425534,9420.924735740768,705,159,864,1031.0,28.023919543354168,800.3158823547084,1024.595761318477,224.2798789637685,1911,2446,535,45951.6,17.748867294234515,0.038625134476785394,36.80690487025489,71.64709853826244,531.8829231401985,-19.70798145060059,385.2499281801197,OK,44.41206228766742,49.26427534352868
Barangay 287,3117.0,127750.68758081389,105112.57720111942,82.27946102804825,127695.1041814162,99.95649072388552,119062.25040573644,93.19891161479563,False,True,False,287,BARANGAY 287,1380602001.0,City of Manila - Binondo,133902000,133902001,2049.0,2546.0,0.12770226,U,No,42567.4574649921,33829.5661868396,31925.5905207988,36705.5536072376,42567.4574649921,33829.5661868396,0.02439908589946504,243.9908589946504,0.8227946102804825,0.9995649072388553,0.9319891161479563,2565,3116,2905,17.677029695837277,-6.757579109089889,10.919450586747388,22582.52698029678,-8632.85377567976,13949.673204617022,551,-211,340,497.0,24.255734504636408,160.39052617261427,199.29442637163297,38.90390019901869,2048,2545,497,127702.26000000001,48.427580813877285,0.03792225823871659,92.9645749052094,99.8492817284804,428.04755458288565,0.10720899540511653,-184.05669558823524,Review 100yr value: lower than expected return-period progression,92.00182736075875,92.83420165629025
Barangay 288,2800.0,37195.22307226944,32205.047197908727,86.58382592661181,36650.80647155353,98.53632656091852,36261.83338418598,97.4905656936916,False,True,False,288,BARANGAY 288,1380602002.0,City of Manila - Binondo,133902000,133902002,1549.0,2538.0,0.03718119,U,No,9295.29550425216,9022.53409594426,9295.29559723793,10999.0871488786,9295.29550425216,9022.53409594426,0.07527848386766403,752.7848386766403,0.8658382592661181,0.9853632656091853,0.9749056569369159,2424,2759,2730,11.952500634306716,-1.0457608672269316,10.906739767079785,4445.759273644802,-388.97308736755076,4056.7861862772515,335,-29,306,989.0,63.84764364105875,416.4513268250414,682.3456859147547,265.89435908971325,1526,2501,975,37181.19,14.033072269434342,0.03774239681256663,92.9645749052094,99.8492817284804,428.04755458288565,-1.3129551675618814,324.7372840937547,Review 100yr value: lower than expected return-period progression,93.1577012754805,95.12989705545107
Barangay 289,1352.0,44510.85913949485,42823.71755283384,96.20959554751887,44510.85913949485,100.0,44332.68600283793,99.59970861021009,False,True,False,289,BARANGAY 289,1380602003.0,City of Manila - Binondo,133902000,133902003,571.0,1017.0,0.0444942,U,No,22247.0540795391,18827.6630287183,44494.1162556317,0.0,22247.0540795391,18827.6630287183,0.03037461028920826,303.74610289208266,0.9620959554751888,1.0,0.9959970861021009,1301,1352,1347,3.790404452481127,-0.4002913897899134,3.3901130626912135,1687.1415866610114,-178.173136656922,1508.9684500040894,51,-5,46,446.0,78.10858143607706,128.28330233090176,228.48357000092312,100.20026767002136,571,1017,446,44494.2,16.65913949485548,0.03744114849768168,92.9645749052094,99.8492817284804,428.04755458288565,0.15071827151959383,-124.30145169080299,Review 100yr value: lower than expected return-period progression,98.2943179963835,98.89228233096375
Barangay 290,1713.0,57549.525879198976,57048.2787843915,99.12901611759646,57549.525879198976,100.0,57029.246820594126,99.09594553446549,False,True,True,290,BARANGAY 290,1380602004.0,City of Manila - Binondo,133902000,133902004,1413.0,1093.0,0.05752798,U,No,28763.9863691168,7003.15837366268,28763.9863542232,19214.8518188419,28763.9863691168,7003.15837366268,0.029765666594642727,297.65666594642727,0.9912901611759647,1.0,0.9909594553446549,1698,1713,1698,0.8709838824035359,-0.9040544655345144,-0.03307058313097855,501.24709480747697,-520.2790586048504,-19.031963797373464,15,-15,0,-320.0,-22.646850672328377,245.52765264582703,189.92337179185347,-55.60428085397356,1413,1093,-320,57527.979999999996,21.5458791989804,0.03745286936718516,92.9645749052094,99.8492817284804,428.04755458288565,0.15071827151959383,-130.39088863645839,Review 100yr value: lower than expected return-period progression,99.60805725291841,99.42063224318531
Barangay 291,2537.0,106409.8429997348,97788.9634073822,91.89841902842193,106409.8429997348,100.0,104341.90604980991,98.05663001501652,False,True,False,291,BARANGAY 291,1380602005.0,City of Manila - Binondo,133902000,133902005,1383.0,2279.0,0.10637012,U,No,53185.0520254384,2073.88317750919,53185.0529081165,26022.9621455593,53185.0520254384,2073.88317750919,0.02384177937379649,238.4177937379649,0.9189841902842193,1.0,0.9805663001501652,2331,2537,2488,8.101580971578073,-1.9433699849834767,6.158210986594597,8620.879592352605,-2067.936949924886,6552.942642427719,206,-49,157,896.0,64.78669558929863,129.96917963721145,214.17191640868032,84.20273677146886,1383,2279,896,106370.12,39.722999734804034,0.0373441336108336,92.9645749052094,99.8492817284804,428.04755458288565,0.15071827151959383,-189.62976084492075,Review 100yr value: lower than expected return-period progression,96.35428856278988,97.1972567631121
Barangay 292,3113.0,53607.78839995793,49954.93348279632,93.18596228982938,53607.78839995792,100.0,52463.5300648651,97.86549982895076,False,True,False,292,BARANGAY 292,1380602006.0,City of Manila - Binondo,133902000,133902006,3144.0,2846.0,0.05358756,U,No,26793.784568895,3479.6902209896,17862.5231402779,21799.3042016118,26793.784568895,3479.6902209896,0.0580699203028947,580.6992030289471,0.9318596228982937,1.0,0.9786549982895076,2901,3113,3047,6.8140377101706235,-2.1345001710492397,4.679537539121384,3652.854917161603,-1144.258335092818,2508.596582068785,212,-66,146,-298.0,-9.478371501272264,586.4819448515932,530.8930073306724,-55.58893752092081,3144,2846,-298,53587.56,20.228399957930378,0.03774831314941449,92.9645749052094,99.8492817284804,428.04755458288565,0.15071827151959383,152.65164844606142,Review 100yr value: lower than expected return-period progression,96.93368303042323,97.44269050403764
Barangay 293,3708.0,127396.05916308632,112213.85320480214,88.08267221292249,127396.05916308632,100.0,123924.8285491168,97.27524490414116,False,True,False,293,BARANGAY 293,1380602007.0,City of Manila - Binondo,133902000,133902007,2937.0,3565.0,0.12734773,U,No,63673.8702110552,35175.7095912156,42449.2466985433,52676.2714069071,63673.8702110552,35175.7095912156,0.029106080865917497,291.06080865917494,0.8808267221292249,1.0,0.9727524490414116,3266,3708,3607,11.917327787077511,-2.724755095858839,9.192572691218672,15182.205958284176,-3471.230613969514,11710.975344314662,442,-101,341,628.0,21.382362955396665,230.5408832340876,279.83597164777746,49.295088413689854,2937,3565,628,127347.73,48.329163086324115,0.03795054932374854,92.9645749052094,99.8492817284804,428.04755458288565,0.15071827151959383,-136.9867459237107,Review 100yr value: lower than expected return-period progression,94.63720249581513,95.9307660148871
Barangay 294,1905.0,50693.6150085747,47488.12059103412,93.67672947175224,50693.6150085747,100.0,49714.45389460863,98.06847250131904,False,True,False,294,BARANGAY 294,1380602008.0,City of Manila - Binondo,133902000,133902008,2415.0,1881.0,0.05067459,U,No,25337.294217387,251.926511652709,16891.529519654,17521.0760845236,25337.294217387,251.926511652709,0.03757869703468127,375.7869703468127,0.9367672947175224,1.0,0.9806847250131904,1785,1905,1868,6.323270528247761,-1.931527498680964,4.391743029566797,3205.4944175405763,-979.1611139660672,2226.333303574509,120,-37,83,-534.0,-22.111801242236027,476.3913561089515,371.05264631094735,-105.33870979800417,2415,1881,-534,50674.59,19.02500857470295,0.037543487919099006,92.9645749052094,99.8492817284804,428.04755458288565,0.15071827151959383,-52.26058423607293,Review 100yr value: lower than expected return-period progression,97.15452826228852,97.64657136846569
Barangay 295,1417.0,25878.994447232984,25585.52221222889,98.86598285106297,25878.994447232984,100.0,25589.25921823467,98.880423157132,False,True,False,295,BARANGAY 295,1380602009.0,City of Manila - Binondo,133902000,133902009,1154.0,1531.0,0.02586929,U,No,12934.6470736857,11016.2197157158,8623.09794140529,6490.31829558681,12934.6470736857,11016.2197157158,0.05475483225939281,547.5483225939281,0.9886598285106296,1.0,0.98880423157132,1401,1417,1401,1.1340171489370334,-1.1195768428679997,0.014440306069033682,293.4722350040938,-289.7352289983137,3.737006005780131,16,-16,0,377.0,32.668977469670715,445.9214991343635,591.5994932189866,145.6779940846231,1154,1531,377,25869.29,9.704447232983512,0.03751338839598424,92.9645749052094,99.8492817284804,428.04755458288565,0.15071827151959383,119.50076801104245,Review 100yr value: lower than expected return-period progression,99.48969228297835,99.26866497561855
Barangay 296,2273.0,35034.773772679924,34941.61090627105,99.73408457832966,35034.77377267992,99.99999999999996,34958.59005144782,99.78254827125068,False,True,False,296,BARANGAY 296,1380602010.0,City of Manila - Binondo,133902000,133902010,1425.0,1195.0,0.0350216,U,No,17510.799944563,14411.1885287746,17510.8000597863,2802.82641009831,17510.799944563,14411.1885287746,0.06487839809522283,648.7839809522283,0.9973408457832966,0.9999999999999996,0.9978254827125067,2267,2273,2268,0.26591542167030013,-0.21745172874928187,0.048463692921018264,93.16286640886392,-76.18372123209701,16.979145176766906,6,-5,1,-230.0,-16.140350877192983,406.73874740735823,341.08968642231093,-65.6490609850473,1425,1195,-230,35021.6,13.173772679925605,0.037616135984437055,92.9645749052094,99.8492817284804,428.04755458288565,0.1507182715195512,220.7364263693426,Review 100yr value: lower than expected return-period progression,99.88033806024833,99.84654045308267
Barangay 297,2015.0,32735.431416426563,31235.43141638407,95.41780897596544,32735.431416426563,100.0,31524.1691708956,96.2998433406222,False,True,False,297,BARANGAY 297,1380605001.0,City of Manila - Santa Cruz,133905000,133905001,1076.0,2005.0,0.03272317,U,No,16361.5868904715,1986.00990647273,16361.5868005479,4987.75538052116,16361.5868904715,1986.00990647273,0.061554099421120737,615.5409942112074,0.9541780897596545,1.0,0.962998433406222,1923,2015,1940,4.582191024034557,-3.7001566593777966,0.8820343646567608,1500.0000000424916,-1211.2622455309647,288.7377545115269,92,-75,17,929.0,86.33828996282527,328.69583611476884,612.4862001952708,283.790364080502,1076,2005,929,32723.170000000002,12.261416426561482,0.037470136379090045,67.56798551195735,90.68638799718337,541.0012294109715,9.313612002816626,74.53976480023584,Review 100yr value: lower than expected return-period progression,97.93801403918445,97.37438958024025
Barangay 298,1079.0,34516.16647146725,31650.45404692637,91.69747768220488,34516.16647146725,100.0,33118.7761719847,95.9514904395953,False,True,False,298,BARANGAY 298,1380605002.0,City of Manila - Santa Cruz,133905000,133905002,698.0,1020.0,0.03450331,U,No,17251.6561356232,5210.17370202965,11501.1041251763,13923.6078703794,17251.6561356232,5210.17370202965,0.031260713755450045,312.60713755450047,0.9169747768220488,1.0,0.959514904395953,989,1079,1035,8.302522317795123,-4.048509560404696,4.254012757390427,2865.7124245408813,-1397.3902994825548,1468.3221250583265,90,-44,46,322.0,46.13180515759313,202.2240797155156,295.513698151613,93.28961843609744,698,1020,322,34503.310000000005,12.856471467246593,0.03726155973802685,67.56798551195735,90.68638799718337,541.0012294109715,9.313612002816626,-228.39409185647105,Review 100yr value: lower than expected return-period progression,96.2638649569922,96.30496559638934
Barangay 299,1447.0,32163.520951059563,30103.424391465305,93.59492835772262,32163.520951059563,100.0,31756.164115339656,98.73348183384604,False,True,False,299,BARANGAY 299,1380605003.0,City of Manila - Santa Cruz,133905000,133905003,1684.0,1300.0,0.03215153,U,No,16075.7617880318,4776.61230772793,10717.174460859,12787.9868145011,16075.7617880318,4776.61230772793,0.04498885561073286,449.8885561073286,0.9359492835772262,1.0,0.9873348183384604,1354,1447,1429,6.4050716422773775,-1.2665181661539577,5.13855347612342,2060.096559594258,-407.3568357199074,1652.7397238743506,93,-18,75,-384.0,-22.802850356294538,523.5745186487501,404.18460465758614,-119.38991399116395,1684,1300,-384,32151.53,11.990951059564395,0.03729511802257745,67.56798551195735,90.68638799718337,541.0012294109715,9.313612002816626,-91.11267330364291,Review 100yr value: lower than expected return-period progression,97.11771776097518,97.89212482296907
Barangay 300,1341.0,12909.890517581343,10803.362752380192,83.68283788051977,11809.890517468137,91.47940101726525,10223.3723265892,79.19023257917247,False,True,True,300,BARANGAY 300,1380605004.0,City of Manila - Santa Cruz,133905000,133905004,615.0,981.0,0.01290507,U,No,3226.26685383142,2805.00721955229,3226.26683846692,2495.33715259407,3226.26685383142,2805.00721955229,0.1038738475879217,1038.7384758792168,0.8368283788051977,0.9147940101726525,0.7919023257917247,1122,1227,1062,7.796563136745476,-12.289168438092773,-4.492605301347297,1006.5277650879452,-1586.5181908789364,-579.9904257909911,105,-165,-60,366.0,59.512195121951216,476.3789430765984,759.8825092002326,283.5035661236342,563,897,334,12905.07,4.820517581343665,0.03735367248177395,67.56798551195735,90.68638799718337,541.0012294109715,0.7930130200818724,497.7372464682453,Review 100yr value: lower than expected return-period progression,87.97094760572979,84.61459285784177
Barangay 301,505.0,17677.97361518692,13561.919462630744,76.71648209147611,17677.97361518692,100.0,16470.2357175432,93.16812026121497,False,True,False,301,BARANGAY 301,1380605005.0,City of Manila - Santa Cruz,133905000,133905005,271.0,448.0,0.0176714,U,No,8835.70025200606,5041.60178789805,8835.7002922446,8816.81820562412,8835.70025200606,5041.60178789805,0.028566622566183777,285.66622566183776,0.7671648209147611,1.0,0.9316812026121497,387,505,470,23.28351790852389,-6.831879738785034,16.451638169738857,4116.054152556175,-1207.7378976437176,2908.316254912457,118,-35,83,177.0,65.31365313653137,153.2981131769466,253.42271108218478,100.12459790523818,271,448,177,17671.4,6.573615186916868,0.03719917599577208,67.56798551195735,90.68638799718337,541.0012294109715,9.313612002816626,-255.33500374913376,Review 100yr value: lower than expected return-period progression,89.52241694116427,91.44636862735501
Barangay 302,766.0,10311.12280214426,8820.483827427382,85.54338840376442,10311.12280214426,100.0,9818.86069987753,95.22591174877326,False,True,False,302,BARANGAY 302,1380605006.0,City of Manila - Santa Cruz,133905000,133905006,682.0,654.0,0.01030728,U,No,5153.64090432529,904.068660180681,5153.64091927088,5072.56022615391,5153.64090432529,904.068660180681,0.07428870887278209,742.8870887278208,0.8554338840376442,1.0,0.9522591174877326,655,766,729,14.456611596235575,-4.774088251226743,9.682523345008832,1490.6389747168778,-492.2621022667299,998.3768724501479,111,-37,74,-28.0,-4.105571847507331,661.4216638542739,634.2665222297583,-27.155141624515636,682,654,-28,10307.28,3.842802144259622,0.03728240762121163,67.56798551195735,90.68638799718337,541.0012294109715,9.313612002816626,201.8858593168493,Review 100yr value: lower than expected return-period progression,93.494524781694,94.47621180045041
Barangay 303,738.0,65014.69623203946,48702.53534384352,74.91004060070152,65014.69623203944,99.99999999999996,62933.48616482263,96.79886212220552,False,True,False,303,BARANGAY 303,1380605007.0,City of Manila - Santa Cruz,133905000,133905007,393.0,641.0,0.06499061,U,No,32495.3012634166,22332.3562153854,21663.5341770935,24538.5494044357,32495.3012634166,22332.3562153854,0.011351279676306648,113.51279676306649,0.7491004060070152,0.9999999999999996,0.9679886212220552,553,738,714,25.089959399298436,-3.2011378777944373,21.888821521504,16312.160888195918,-2081.210067216809,14230.95082097911,185,-24,161,248.0,63.104325699745544,60.44787144699882,98.59309312347645,38.14522167647763,393,641,248,64990.61,24.08623203945899,0.037061095502040974,67.56798551195735,90.68638799718337,541.0012294109715,9.313612002816583,-427.48843264790503,Review 100yr value: lower than expected return-period progression,88.70951827031567,92.44705499905757
Barangay 304,307.0,27933.23828633768,22618.282734945773,80.97264808000624,27433.23828622417,98.21001777528222,25133.238285888605,89.9760995422483,False,True,False,304,BARANGAY 304,1380605008.0,City of Manila - Santa Cruz,133905000,133905008,250.0,298.0,0.0279229,U,No,6980.7272429712,8388.48254990409,6980.72739028605,10845.3950376634,6980.7272429712,8388.48254990409,0.010990490857272198,109.90490857272198,0.8097264808000624,0.9821001777528222,0.8997609954224831,249,302,276,17.237369695275987,-8.233918233033918,9.003451462242069,4814.955551278395,-2300.0000003355635,2514.955550942832,53,-26,27,48.0,19.2,89.49911121557165,106.6829405689614,17.183829353389754,246,293,47,27922.9,10.338286337679165,0.03702440053747699,67.56798551195735,90.68638799718337,541.0012294109715,7.523629778098851,-431.09632083824954,Review 100yr value: lower than expected return-period progression,90.45320141240805,90.60710805824966
Barangay 305,899.0,37413.37608528855,31720.069212404524,84.78269680900912,37413.37608528855,100.0,35613.37608517767,95.18888646668093,False,True,False,305,BARANGAY 305,1380605009.0,City of Manila - Santa Cruz,133905000,133905009,533.0,645.0,0.03739949,U,No,18699.7451930625,13904.9153782879,12466.4966151445,17119.7546448799,18699.7451930625,13904.9153782879,0.02402883925659676,240.2883925659676,0.8478269680900913,1.0,0.9518888646668092,762,899,856,15.217303190990876,-4.811113533319073,10.406189657671803,5693.30687288403,-1800.0000001108856,3893.3068727731443,137,-43,94,112.0,21.013133208255162,142.46241739450582,172.3982349333138,29.93581753880798,533,645,112,37399.49,13.886085288555478,0.03712907659584524,67.56798551195735,90.68638799718337,541.0012294109715,9.313612002816626,-300.71283684500395,Review 100yr value: lower than expected return-period progression,93.15221356405411,94.27122878892465
Barangay 306,1273.0,101297.52267291331,95801.18882683889,94.57406884093116,101238.10437936388,99.94134279695928,95461.88465330038,94.2391108236121,False,True,True,306,BARANGAY 306,1380603015.0,City of Manila - Quiapo,133903000,133903015,1310.0,1248.0,0.10126016,U,No,25315.0392207581,28307.9464795519,25315.0388102978,33857.8338751646,25315.0392207581,28307.9464795519,0.01256694109006475,125.66941090064749,0.9457406884093116,0.9994134279695928,0.9423911082361209,1204,1272,1200,5.367273956028114,-5.702231973347182,-0.3349580173190674,5436.915552524995,-5776.2197260635,-339.304173538505,68,-72,-4,-62.0,-4.732824427480916,129.32201750184464,123.20143346740619,-6.120584034438451,1309,1247,-62,101260.16,37.362672913310234,0.03689770282143563,91.40861219607015,99.07765480399782,437.98271060941113,0.8636879929614594,-312.3132997087636,Review 100yr value: lower than expected return-period progression,97.52606951674663,96.31863151861339
Barangay 307,1399.0,72489.86814904973,63859.23438218734,88.0940137053132,72489.86814904973,100.0,70195.0926540469,96.83435002215144,False,True,False,307,BARANGAY 307,1380603016.0,City of Manila - Quiapo,133903000,133903016,1142.0,1378.0,0.0724632,U,No,36231.6004650469,36123.9709886241,36231.6003392604,34796.6491099103,36231.6004650469,36123.9709886241,0.019299248787754065,192.99248787754067,0.880940137053132,1.0,0.9683435002215144,1232,1399,1355,11.905986294686798,-3.1656499778485596,8.740336316838238,8630.63376686239,-2294.775495002832,6335.858271859557,167,-44,123,236.0,20.665499124343256,157.53925743827838,190.09553130468265,32.55627386640427,1142,1378,236,72463.20000000001,26.668149049713975,0.03680233421890555,91.40861219607015,99.07765480399782,437.98271060941113,0.9223451960021833,-244.99022273187046,Review 100yr value: lower than expected return-period progression,94.64230616739096,95.75724343518888
Barangay 308,965.0,40037.08250227186,32918.220781114585,82.21932949097047,39837.08250227624,99.50046310196484,35737.08250237781,89.25995669227383,False,True,False,308,BARANGAY 308,1380603017.0,City of Manila - Quiapo,133903000,133903017,925.0,1033.0,0.04002242,U,No,13340.8041227753,18138.6821844399,10005.6031078249,15993.7132098834,13340.8041227753,18138.6821844399,0.02410265533072351,241.02655330723513,0.8221932949097046,0.9950046310196484,0.8925995669227383,793,960,861,17.281133610994374,-10.240506409691008,7.040627201303366,6918.861721161651,-4099.999999898428,2818.8617212632234,167,-99,68,108.0,11.675675675675675,231.03581534631348,258.010807840802,26.974992494488504,920,1028,108,40022.420000000006,14.662502271858102,0.03663572135782419,91.40861219607015,99.07765480399782,437.98271060941113,0.42280829796702335,-196.956157302176,Review 100yr value: lower than expected return-period progression,91.72395297701738,91.08397713533984
Barangay 309,1162.0,60631.181470314514,52031.18147016698,85.81587923639891,60131.18147046704,99.17534181633542,56731.18147081163,93.56766616627394,False,True,False,309,BARANGAY 309,1380603018.0,City of Manila - Quiapo,133903000,133903018,1283.0,1151.0,0.06060886,U,No,15152.2155629391,25392.3348283682,20202.9540948835,27652.6620715058,15152.2155629391,25392.3348283682,0.01916505619421129,191.65056194211292,0.8581587923639892,0.9917534181633542,0.9356766616627393,997,1152,1087,13.359462579936505,-5.607675650061481,7.751786929875024,8100.0000003000605,-3399.9999996554106,4700.00000064465,155,-65,90,-132.0,-10.288386593920498,211.6072899928837,189.83631393749738,-21.770976055386313,1272,1142,-130,60608.86,22.321470314513135,0.036828724900143536,91.40861219607015,99.07765480399782,437.98271060941113,0.09768701233760169,-246.3321486672982,Review 100yr value: lower than expected return-period progression,93.163583655364,93.5924059113267
Barangay 310,13761.0,86520.68909354566,37446.69554342976,43.28062563503465,85620.68909373568,98.95978637105291,67171.5395673908,77.63638994456613,False,True,False,310,BARANGAY 310,1380605012.0,City of Manila - Santa Cruz,133905000,133905012,20483.0,13602.0,0.08648895,U,No,28829.6501944954,37023.1108801942,21622.2380345945,27839.1964828165,28829.6501944954,37023.1108801942,0.1590486638995869,1590.4866389958693,0.43280625635034653,0.9895978637105292,0.7763638994456613,5956,13618,10684,55.67916073601826,-21.32339642648678,34.35576430953148,48173.99355030592,-18449.149526344874,29724.844023961043,7662,-2934,4728,-6881.0,-33.59371185861446,2367.410640691257,1572.1095315472576,-795.3011091439994,20270,13461,-6809,86488.95,31.73909354566422,0.03669728161304331,67.56798551195735,90.68638799718337,541.0012294109715,8.27339837386954,1049.4854095848978,Review 100yr value: lower than expected return-period progression,73.9041640398447,76.51063761645364
Barangay 311,1805.0,45778.56443644829,37253.61841763432,81.377865112724,45778.56443644829,100.0,43149.00890082652,94.25592399413874,False,True,False,311,BARANGAY 311,1380605013.0,City of Manila - Santa Cruz,133905000,133905013,1891.0,2401.0,0.04576182,U,No,22880.9083280796,19981.9670349242,22880.9083200349,21414.42105521,22880.9083280796,19981.9670349242,0.03942893409219453,394.28934092194527,0.8137786511272399,1.0,0.9425592399413874,1469,1805,1701,18.622134887276005,-5.74407600586126,12.878058881414745,8524.946018813964,-2629.5555356217665,5895.390483192197,336,-104,232,510.0,26.96985721840296,413.0754258633787,524.4812784230419,111.40585255966317,1891,2401,510,45761.82,16.74443644828716,0.036590407567459425,67.56798551195735,90.68638799718337,541.0012294109715,9.313612002816626,-146.71188848902625,Review 100yr value: lower than expected return-period progression,91.62003930072581,93.0468358758365
Barangay 312,2945.0,36270.11596536346,24908.105753047097,68.67390712738101,36170.11596532999,99.72429092829763,30271.163950629954,83.46034509384455,False,True,False,312,BARANGAY 312,1380605014.0,City of Manila - Santa Cruz,133905000,133905014,2887.0,3328.0,0.03625677,U,No,18128.383940096,17828.4944618245,12085.5892555465,14835.0686383174,18128.383940096,17828.4944618245,0.08119632158916612,811.9632158916612,0.6867390712738102,0.9972429092829763,0.8346034509384456,2022,2937,2458,31.05038380091662,-16.263945834453082,14.786437966463538,11262.010212282894,-5898.952014700037,5363.058197582857,915,-479,436,441.0,15.275372358850017,795.9720897382771,917.5597903183187,121.58770058004166,2879,3319,440,36256.770000000004,13.345965363456344,0.03680958166835144,67.56798551195735,90.68638799718337,541.0012294109715,9.03790293111426,270.9619864806897,Review 100yr value: lower than expected return-period progression,85.75161821788515,85.45611664428725
Barangay 313,3587.0,54360.43277085621,40918.34386510536,75.27229232627182,54260.43277084367,99.81604267126778,47560.432770652165,87.4909016474025,False,True,False,313,BARANGAY 313,1380605015.0,City of Manila - Santa Cruz,133905000,133905015,1534.0,2848.0,0.05434027,U,No,18113.4234379274,15554.8660539591,13585.0672293425,18638.8766450774,18113.4234379274,15554.8660539591,0.0659854938079718,659.8549380797181,0.7527229232627183,0.9981604267126778,0.874909016474025,2700,3580,3138,24.543750344995956,-12.325141023865285,12.218609321130671,13342.08890573831,-6700.000000191503,6642.088905546807,880,-442,438,1314.0,85.65840938722295,282.1905422398348,523.9104721636568,241.71992992382195,1531,2843,1312,54340.270000000004,20.162770856208226,0.03710465711011046,67.56798551195735,90.68638799718337,541.0012294109715,9.129654674084406,118.85370866874655,Review 100yr value: lower than expected return-period progression,88.77135501601961,88.75004867547267
Barangay 314,1630.0,52814.50352338998,45786.609644087686,86.69325012931372,50914.50352328288,96.40250334026967,49014.50352322002,92.80500668062314,False,True,False,314,BARANGAY 314,1380605016.0,City of Manila - Santa Cruz,133905000,133905016,2189.0,2064.0,0.05279493,U,No,13198.7309527092,12795.7134423339,13198.7309774928,19411.8223197961,13198.7309527092,12795.7134423339,0.03086273450015716,308.6273450015716,0.8669325012931373,0.9640250334026967,0.9280500668062314,1413,1571,1513,9.70925321095595,-3.597496659646538,6.111756551309412,5127.893879195195,-1900.0000000628643,3227.8938791323308,158,-58,100,-125.0,-5.710370031978072,414.4694835634603,390.80174238235816,-23.667741181102144,2110,1990,-120,52794.93,19.573523389983166,0.037074627033283625,67.56798551195735,90.68638799718337,541.0012294109715,5.716115343086301,-232.37388440939992,Review 100yr value: lower than expected return-period progression,92.03333939533951,92.53619137367207
Barangay 315,2150.0,68072.46582835661,63685.24234128952,93.55506894942016,68072.4658283566,99.99999999999996,64072.46582868401,94.12390905633046,False,True,False,315,BARANGAY 315,1380605017.0,City of Manila - Santa Cruz,133905000,133905017,1716.0,1786.0,0.06804756,U,No,34023.7798312942,33623.925788971,34023.7798312942,32224.4360166435,34023.7798312942,33623.925788971,0.03158398882480889,315.83988824808887,0.9355506894942016,0.9999999999999996,0.9412390905633046,2011,2150,2024,6.444931050579797,-5.876090943669496,0.5688401069103008,4387.223487067073,-3999.999999672582,387.2234873944908,139,-126,13,70.0,4.0792540792540795,252.08430150405604,262.3674606563194,10.283159152263352,1716,1786,70,68047.56000000001,24.90582835659734,0.036600619267755284,67.56798551195735,90.68638799718337,541.0012294109715,9.313612002816583,-225.16134116288265,Review 100yr value: lower than expected return-period progression,97.09978102723906,96.03833085988721
Barangay 316,856.0,19348.085821318426,19348.08582131842,99.99999999999996,19348.08582131842,99.99999999999996,19348.08582131842,99.99999999999996,False,False,False,316,BARANGAY 316,1380605018.0,City of Manila - Santa Cruz,133905000,133905018,1217.0,829.0,0.01934096,U,No,19340.9646319784,0.0,19340.9646319784,0.0,19340.9646319784,0.0,0.04424210270231632,442.4210270231632,0.9999999999999996,0.9999999999999996,0.9999999999999996,856,856,856,0.0,0.0,0.0,0.0,0.0,0.0,0,0,0,-388.0,-31.88167625308135,629.002791924287,428.4661581801429,-200.53663374414407,1217,829,-388,19340.96,7.1258213184264605,0.03684316248224732,67.56798551195735,90.68638799718337,541.0012294109715,9.313612002816583,-98.5802023878083,OK,99.99999999999996,99.99999999999996
Barangay 317,1573.0,24806.02059418766,21866.11040853027,88.14840060905922,24806.02059418766,100.0,23706.02059397084,95.56559265102536,False,True,False,317,BARANGAY 317,1380605019.0,City of Manila - Santa Cruz,133905000,133905019,1619.0,1542.0,0.02479696,U,No,24796.9657281727,0.0,12398.4828640863,12198.5558526352,24796.9657281727,0.0,0.06341202507783825,634.1202507783825,0.8814840060905922,1.0,0.9556559265102536,1387,1573,1503,11.851599390940777,-4.434407348974645,7.417192041966132,2939.9101856573907,-1100.00000021682,1839.9101854405708,186,-70,116,-77.0,-4.756022235948116,652.6641360522576,621.6232846155535,-31.040851436704088,1619,1542,-77,24796.96,9.060594187660172,0.03653913297299416,67.56798551195735,90.68638799718337,541.0012294109715,9.313612002816626,93.11902136741094,Review 100yr value: lower than expected return-period progression,94.66678027407666,95.26333721267494
Barangay 318,781.0,12686.845444905846,11814.63170067895,93.12505423026876,12686.845444905844,100.0,12386.845444944553,97.6353459868012,False,True,False,318,BARANGAY 318,1380605020.0,City of Manila - Santa Cruz,133905000,133905020,1057.0,740.0,0.0126822,U,No,12682.2045337707,0.0,12682.2045337707,0.0,12682.2045337707,0.0,0.06155982615155095,615.5982615155095,0.9312505423026876,1.0,0.976353459868012,727,781,763,6.874945769731241,-2.364654013198802,4.510291756532439,872.213744226894,-299.9999999612919,572.2137442656021,54,-18,36,-317.0,-29.990539262062445,833.1464307578664,583.2813233309565,-249.86510742690984,1057,740,-317,12682.199999999999,4.645444905847398,0.03662964553348314,67.56798551195735,90.68638799718337,541.0012294109715,9.313612002816626,74.59703210453802,Review 100yr value: lower than expected return-period progression,96.90627440362096,97.33540195228767
Barangay 319,1358.0,17054.639202198225,14407.595817757188,84.47904201866756,17054.639202198225,100.0,14854.808330970183,87.10127581623364,False,True,False,319,BARANGAY 319,1380605021.0,City of Manila - Santa Cruz,133905000,133905021,1036.0,1209.0,0.01704842,U,No,17048.4208341009,0.0,8524.21041705046,7724.50188274044,17048.4208341009,0.0,0.07962642797069334,796.2642797069335,0.8447904201866756,1.0,0.8710127581623364,1147,1358,1183,15.520957981332444,-12.898724183766362,2.622233797566082,2647.0433844410363,-2199.8308712280414,447.21251321299496,211,-175,36,173.0,16.698841698841697,607.4593474052895,708.8980222133156,101.43867480802612,1036,1209,173,17048.420000000002,6.219202198222774,0.036479639745048364,67.56798551195735,90.68638799718337,541.0012294109715,9.313612002816626,255.263050295962,Review 100yr value: lower than expected return-period progression,93.01556890840041,90.96027083116034
Barangay 320,1416.0,24299.36933732314,16358.916132152406,67.32238975036104,24299.36933732314,100.0,21699.3693375196,89.30013382771207,False,True,False,320,BARANGAY 320,1380605022.0,City of Manila - Santa Cruz,133905000,133905022,1126.0,1300.0,0.02429044,U,No,24290.4462566357,0.0,12145.2231283179,11145.5900913036,24290.4462566357,0.0,0.05827311731194045,582.7311731194045,0.6732238975036104,1.0,0.8930013382771207,953,1416,1264,32.67761024963896,-10.699866172287926,21.977744077351034,7940.453205170734,-2599.9999998035382,5340.453205367196,463,-152,311,174.0,15.452930728241562,463.38651195794455,534.9933086548206,71.60679669687602,1126,1300,174,24290.44,8.929337323141226,0.03676070636489593,67.56798551195735,90.68638799718337,541.0012294109715,9.313612002816626,41.729943708432984,Review 100yr value: lower than expected return-period progression,85.29507538766248,87.55065096867509
Barangay 321,384.0,13005.25975136049,12005.259751467884,92.31080332872249,13005.25975136049,100.0,13005.25975136049,100.0,False,False,False,321,BARANGAY 321,1380605023.0,City of Manila - Santa Cruz,133905000,133905023,499.0,240.0,0.01300048,U,No,13000.4751469102,0.0,13000.4751469102,0.0,13000.4751469102,0.0,0.02952651522087665,295.26515220876655,0.9231080332872249,1.0,1.0,354,384,384,7.689196671277514,0.0,7.689196671277514,999.9999998926069,0.0,999.9999998926069,30,0,30,-259.0,-51.903807615230455,383.6909139379544,184.5407201304791,-199.15019380747532,499,240,-259,13000.48,4.779751360490991,0.03676596064522995,67.56798551195735,90.68638799718337,541.0012294109715,9.313612002816626,-245.73607720220497,OK,96.53986149792513,98.07770083218062
Barangay 322,867.0,15196.719016340345,13168.932760538097,86.65642068118873,14996.719016285628,98.68392644596727,13596.719016160772,89.47141156943704,False,True,False,322,BARANGAY 322,1380605024.0,City of Manila - Santa Cruz,133905000,133905024,767.0,799.0,0.01519114,U,No,7595.57207754813,7395.6454864415,5063.71471862526,6667.50508770922,7595.57207754813,7395.6454864415,0.05705178855171002,570.5178855171001,0.8665642068118874,0.9868392644596727,0.8947141156943704,751,856,776,12.027505764778539,-9.212514876530236,2.8149908882483032,1827.786255747531,-1400.0000001248554,427.7862556226755,105,-80,25,32.0,4.172099087353325,504.7142078334669,525.7713846922295,21.057176858762602,757,788,31,15191.140000000001,5.5790163403435145,0.03672546194915927,67.56798551195735,90.68638799718337,541.0012294109715,7.997538448783899,29.516656106128607,Review 100yr value: lower than expected return-period progression,93.27154885181693,91.99204405416054
Barangay 323,1076.0,23787.260350167915,20229.993117686947,85.04549418421841,23687.260350189164,99.5796069050968,22387.26035020488,94.11449667026008,False,True,False,323,BARANGAY 323,1380605025.0,City of Manila - Santa Cruz,133905000,133905025,1270.0,1060.0,0.02377858,U,No,11889.2892967556,11789.325764194,7926.19286467418,10577.02386659,11889.2892967556,11789.325764194,0.0452342970211954,452.342970211954,0.8504549418421842,0.995796069050968,0.9411449667026008,915,1071,1013,14.534112720878383,-5.465110234836715,9.069002486041668,3457.2672325022177,-1299.999999984284,2157.2672325179337,156,-58,98,-210.0,-16.535433070866144,533.8992306405033,445.61668069207366,-88.28254994842968,1265,1056,-209,23778.58,8.680350167913275,0.036504913951603817,67.56798551195735,90.68638799718337,541.0012294109715,8.893218907913422,-88.6582591990175,Review 100yr value: lower than expected return-period progression,93.03925618070153,93.76003463094251
Barangay 324,643.0,12466.906664568882,4979.90274841441,39.94497498378937,12066.906664712656,96.791505618687,9166.90666477028,73.5299213462691,False,True,False,324,BARANGAY 324,1380605026.0,City of Manila - Santa Cruz,133905000,133905026,868.0,605.0,0.01246234,U,No,6231.16799903917,5831.3147488703,4154.11199905747,4422.35951136395,6231.16799903917,5831.3147488703,0.05157654719814457,515.7654719814457,0.3994497498378937,0.96791505618687,0.735299213462691,257,622,473,56.846530634897626,-23.261584272417892,33.584946362479734,7087.003916298247,-2899.9999999423762,4187.00391635587,365,-149,216,-263.0,-30.29953917050691,696.2432809951708,485.2847753480165,-210.9585056471543,840,586,-254,12462.34,4.566664568881606,0.03664371674084968,67.56798551195735,90.68638799718337,541.0012294109715,6.105117621503624,-25.235757429525847,Review 100yr value: lower than expected return-period progression,71.21056683298308,73.27523925099544
Barangay 325,526.0,9857.436806787313,3829.735483651382,38.85123038287628,9757.436806789055,98.98553749865889,8357.436806712514,84.78306247885882,False,True,False,325,BARANGAY 325,1380605027.0,City of Manila - Santa Cruz,133905000,133905027,863.0,522.0,0.00985381,U,No,4926.90619065356,4826.94295912707,3284.60412808936,4086.99583115944,4926.90619065356,4826.94295912707,0.05336072757147416,533.6072757147416,0.3885123038287628,0.9898553749865888,0.8478306247885883,204,521,446,60.134307115782605,-14.202475019800062,45.93183209598254,5927.701323137673,-1400.0000000765413,4527.701323061132,317,-75,242,-341.0,-39.51332560834299,875.4811386726655,529.5494257093063,-345.93171296335913,854,517,-337,9853.81,3.6268067873133987,0.036806136786820515,67.56798551195735,90.68638799718337,541.0012294109715,8.299149501475512,-7.393953696229914,Review 100yr value: lower than expected return-period progression,71.92509929655672,78.27097071179321
Barangay 326,841.0,12262.543487259463,7914.309102712581,64.54051813096841,12262.543487259463,100.0,12248.337767121917,99.88415355955875,False,True,False,326,BARANGAY 326,1380605028.0,City of Manila - Santa Cruz,133905000,133905028,927.0,825.0,0.01225801,U,No,6129.00195090729,5660.31081330757,12258.0038948506,0.0,6129.00195090729,5660.31081330757,0.06858283527180002,685.8283527180002,0.645405181309684,1.0,0.9988415355955875,543,841,840,35.45948186903159,-0.11584644044124559,35.343635428590346,4348.234384546882,-14.20572013754645,4334.028664409336,298,-1,297,-102.0,-11.003236245954692,755.960621842552,672.7804886948278,-83.18013314772418,927,825,-102,12258.01,4.533487259463072,0.03698387633443824,67.56798551195735,90.68638799718337,541.0012294109715,9.313612002816626,144.82712330702873,Review 100yr value: lower than expected return-period progression,84.04323315893579,91.0887909565656
Barangay 327,1242.0,30533.255752468165,5917.915502149422,19.38186857676009,27644.19568617706,90.53798884169905,22001.09536523702,72.05617227196139,False,True,False,327,BARANGAY 327,1380605029.0,City of Manila - Santa Cruz,133905000,133905029,1310.0,1239.0,0.03052194,U,No,7630.48683597459,10757.1033213952,10173.9821200135,8834.45890466071,7630.48683597459,10757.1033213952,0.04067695924957503,406.7695924957503,0.19381868576760092,0.9053798884169905,0.7205617227196138,241,1124,895,71.15612026493895,-18.48181656973766,52.674303695201296,21726.280184027637,-5643.100320940041,16083.179863087596,883,-229,654,-71.0,-5.419847328244274,429.0403914407673,405.78705724817604,-23.25333419259124,1186,1122,-64,30521.940000000002,11.315752468162827,0.03707415868114159,67.56798551195735,90.68638799718337,541.0012294109715,-0.14839915548432714,-134.2316369152212,Review 100yr value: lower than expected return-period progression,58.51773472247652,65.35623214756924
Barangay 328,659.0,11520.112833682042,11169.11929918062,96.9532109661704,11520.112833682042,100.0,11520.112833682042,100.0,False,False,False,328,BARANGAY 328,1380605030.0,City of Manila - Santa Cruz,133905000,133905030,752.0,679.0,0.01151585,U,No,5757.92308621155,3200.9996853054,5757.92307842872,4728.86056517647,5757.92308621155,3200.9996853054,0.05720430081841233,572.0430081841233,0.969532109661704,1.0,1.0,639,659,659,3.0467890338295973,0.0,3.0467890338295973,350.9935345014219,0.0,350.9935345014219,20,0,20,-73.0,-9.707446808510637,652.7713841494093,589.4039492519267,-63.36743489748255,752,679,-73,11515.849999999999,4.2628336820434924,0.037017099754195246,67.56798551195735,90.68638799718337,541.0012294109715,9.313612002816626,31.041778773151805,OK,98.62894493477668,99.2383027415426
Barangay 329,459.0,16297.347200879984,15537.30000091815,95.33637474495976,16297.347200879984,100.0,15897.34720095711,97.54561282279565,False,True,False,329,BARANGAY 329,1380605031.0,City of Manila - Santa Cruz,133905000,133905031,728.0,439.0,0.01629131,U,No,8145.65590748979,3513.30774244055,16291.3128990186,0.0,8145.65590748979,3513.30774244055,0.02816409286385063,281.6409286385063,0.9533637474495975,1.0,0.9754561282279565,438,459,448,4.663625255040245,-2.454387177204353,2.2092380778358915,760.047199961833,-399.99999992287303,360.04720003896,21,-11,10,-289.0,-39.6978021978022,446.6984663373259,269.36899275011825,-177.32947358720764,728,439,-289,16291.31,6.037200879984084,0.037057798789563785,67.56798551195735,90.68638799718337,541.0012294109715,9.313612002816626,-259.3603007724652,Review 100yr value: lower than expected return-period progression,97.9013686352319,97.8523388153582
Barangay 330,2949.0,27297.373486378576,26794.865918290645,98.15913582917167,27297.37348637857,100.0,26997.37348638352,98.90099316644968,False,True,False,330,BARANGAY 330,1380605032.0,City of Manila - Santa Cruz,133905000,133905032,2393.0,2244.0,0.02728724,U,No,13643.6189346581,1944.12645923663,13643.6183569942,11296.2245143394,13643.6189346581,1944.12645923663,0.10803237173977763,1080.3237173977761,0.9815913582917167,1.0,0.9890099316644968,2895,2949,2917,1.8408641708283255,-1.0990068335503196,0.741857337278006,502.5075680879236,-299.9999999950487,202.50756809287486,54,-32,22,-149.0,-6.226493940660259,876.6411175764254,822.0571115091929,-54.58400606723251,2393,2244,-149,27287.24,10.133486378574162,0.03713635522894276,67.56798551195735,90.68638799718337,541.0012294109715,9.313612002816626,539.3224879868046,Review 100yr value: lower than expected return-period progression,99.17161112312726,99.1001812238728
Barangay 331,860.0,138382.64922620554,45387.52937007778,32.79856949109682,116852.81691040617,84.44181229642027,97225.53675779232,70.25847337180528,False,True,False,331,BARANGAY 331,1380605033.0,City of Manila - Santa Cruz,133905000,133905033,1134.0,924.0,0.13833146,U,No,46110.4859258627,37322.4598361429,46110.4850106069,17678.5783786353,46110.4859258627,37322.4598361429,0.006214651943786763,62.146519437867624,0.3279856949109682,0.8444181229642027,0.7025847337180529,282,726,604,51.643242805323446,-14.183338924614986,37.45990388070846,71465.2875403284,-19627.28015261385,51838.00738771454,444,-122,322,-210.0,-18.51851851851852,81.94668958435103,66.7713766983601,-15.175312885990934,958,780,-178,138331.46,51.18922620554804,0.03700476103234076,67.56798551195735,90.68638799718337,541.0012294109715,-6.244575700763107,-478.8547099731039,Review 100yr value: lower than expected return-period progression,61.202353034024725,65.8576660252434
Barangay 332,640.0,12479.561829548818,11162.550309956496,89.44665255414711,12479.561829548818,100.0,12479.561829548818,100.0,False,False,False,332,BARANGAY 332,1380605034.0,City of Manila - Santa Cruz,133905000,133905034,482.0,582.0,0.01247496,U,No,12474.9554224573,0.0,12474.9554224573,0.0,12474.9554224573,0.0,0.05128385184843772,512.8385184843772,0.8944665255414711,1.0,1.0,572,640,640,10.553347445852893,0.0,10.553347445852893,1317.0115195923227,0.0,1317.0115195923227,68,0,68,100.0,20.74688796680498,386.2315092335466,466.36252774673056,80.13101851318396,482,582,100,12474.960000000001,4.601829548817477,0.03688853149683428,67.56798551195735,90.68638799718337,541.0012294109715,9.313612002816626,-28.162710926594286,OK,95.25099364936621,97.36166313853678
Barangay 333,1024.0,16532.436328157855,12545.059929527437,75.88149550687116,16532.43632815785,99.99999999999996,16532.43632815785,99.99999999999996,False,False,False,333,BARANGAY 333,1380605035.0,City of Manila - Santa Cruz,133905000,133905035,967.0,877.0,0.01652633,U,No,16526.3357163873,0.0,16526.3357163873,0.0,16526.3357163873,0.0,0.06193884432241454,619.3884432241454,0.7588149550687117,0.9999999999999996,0.9999999999999996,777,1024,1024,24.118504493128796,0.0,24.118504493128796,3987.3763986304148,0.0,3987.3763986304148,247,0,247,-90.0,-9.307135470527404,584.9107662087388,530.4723288159917,-54.43843739274712,967,877,-90,16526.329999999998,6.106328157857206,0.036949087655016005,67.56798551195735,90.68638799718337,541.0012294109715,9.313612002816583,78.38721381317384,OK,89.146672978092,93.97037387671776
Barangay 334,1467.0,30364.29297170313,10153.684582791268,33.43955544182641,29431.94839639248,96.92947049292565,25310.659079576275,83.35665547412417,False,True,False,334,BARANGAY 334,1380605036.0,City of Manila - Santa Cruz,133905000,133905036,1751.0,1461.0,0.03035309,U,No,15176.5455984871,14244.5457010415,10117.6975381052,10969.6018155479,15176.5455984871,14244.5457010415,0.04831332649066178,483.1332649066178,0.3343955544182641,0.9692947049292564,0.8335665547412416,491,1422,1223,63.48991505109924,-13.572815018801478,49.91710003229776,19278.26381360121,-4121.2893168162045,15156.974496785007,931,-199,732,-290.0,-16.56196459166191,576.6641764495486,481.1572597331756,-95.50691671637298,1697,1416,-281,30353.09,11.202971703129151,0.03690883433327266,67.56798551195735,90.68638799718337,541.0012294109715,6.2430824957422715,-57.86796450435372,Review 100yr value: lower than expected return-period progression,68.35900871993098,75.62786572263025
Barangay 335,1078.0,28794.980457571517,22755.58186948676,79.02621049879296,28794.980457571517,100.0,26994.98045758723,93.74891049974308,False,True,False,335,BARANGAY 335,1380605037.0,City of Manila - Santa Cruz,133905000,133905037,1753.0,1350.0,0.02878435,U,No,28784.347319603,0.0,14392.1736598015,13992.3214745875,28784.347319603,0.0,0.03743708045186551,374.37080451865506,0.7902621049879296,1.0,0.9374891049974308,852,1078,1011,20.973789501207037,-6.251089500256924,14.722700000950113,6039.398588084758,-1799.9999999842876,4239.39858810047,226,-67,159,-403.0,-22.989161437535653,608.7866607803362,468.8317125233621,-139.9549482569741,1753,1350,-403,28784.35,10.630457571518491,0.03693137962649319,67.56798551195735,90.68638799718337,541.0012294109715,9.313612002816626,-166.63042489231646,Review 100yr value: lower than expected return-period progression,90.56179472445683,92.25611682459547
Barangay 336,1986.0,32667.35470094674,13107.699608646724,40.12476592806839,29932.62502585907,91.62855486732016,21687.21444604488,66.38803369474039,False,True,False,336,BARANGAY 336,1380605038.0,City of Manila - Santa Cruz,133905000,133905038,2108.0,2134.0,0.03265537,U,No,16327.685554813,13194.1086419644,10885.1247769234,6200.17163922431,16327.685554813,13194.1086419644,0.06079463789403319,607.9463789403319,0.4012476592806839,0.9162855486732017,0.6638803369474039,797,1820,1318,51.50378893925177,-25.240521172579776,26.263267766671994,16824.925417212347,-8245.41057981419,8579.514837398156,1023,-502,521,26.0,1.2333965844402277,645.2925311209565,653.2515471594503,7.9590160384938144,1932,1955,23,32655.370000000003,11.984700946737576,0.03670055169100082,67.56798551195735,90.68638799718337,541.0012294109715,0.9421668701367878,66.94514952936038,Review 100yr value: lower than expected return-period progression,68.45184984465686,68.65639916347531
Barangay 337,1203.0,28851.733819924026,11347.017369940875,39.32871917078693,27466.41377645265,95.19848598313796,20566.86804348245,71.28468663910822,False,True,False,337,BARANGAY 337,1380605039.0,City of Manila - Santa Cruz,133905000,133905039,1662.0,1386.0,0.02884115,U,No,9613.71563271859,12282.4864249571,9613.71603078454,7372.79296421181,9613.71563271859,12282.4864249571,0.041695934376368364,416.95934376368365,0.3932871917078693,0.9519848598313796,0.7128468663910822,473,1145,858,55.869766812351024,-23.91379934402974,31.955967468321283,16119.396406511774,-6899.5457329702,9219.850673541574,672,-287,385,-276.0,-16.60649819494585,576.0485696884807,480.38707436115175,-95.66149532732896,1582,1319,-263,28841.149999999998,10.583819924027921,0.03669694143273733,67.56798551195735,90.68638799718337,541.0012294109715,4.512097985954583,-124.04188564728787,Review 100yr value: lower than expected return-period progression,70.05709091758,71.6655245424383
Barangay 338,1426.0,28662.8034661973,8292.297885726457,28.93051928959341,27562.80346609689,96.1622735145302,19489.01463827461,67.99409786017075,False,True,False,338,BARANGAY 338,1380605040.0,City of Manila - Santa Cruz,133905000,133905040,1281.0,1378.0,0.02865235,U,No,14326.1757033966,13126.612964855,9550.78391815614,7176.31761421315,14326.1757033966,13126.612964855,0.049750890616185345,497.5089061618534,0.2893051928959341,0.9616227351453019,0.6799409786017075,413,1371,970,67.2317542249368,-28.168175654359445,39.06357857057735,19270.505580370434,-8073.788827822282,11196.716752548153,958,-401,557,97.0,7.572209211553474,446.92069340346023,480.7624633176957,33.84176991423544,1232,1325,93,28652.35,10.453466197301168,0.036483800446738816,67.56798551195735,90.68638799718337,541.0012294109715,5.475885517346825,-43.4923232491181,Review 100yr value: lower than expected return-period progression,65.90798411330866,68.08706469655223
Barangay 339,1551.0,27489.42634521432,9797.858110017232,35.64227927849414,27489.426345214317,99.99999999999996,25471.30205195533,92.6585434417029,False,True,False,339,BARANGAY 339,1380605041.0,City of Manila - Santa Cruz,133905000,133905041,1705.0,1265.0,0.02747934,U,No,27479.3364992235,0.0,13739.6682475915,13124.564369176,27479.3364992235,0.0,0.0564216939459712,564.2169394597121,0.3564227927849414,0.9999999999999996,0.926585434417029,553,1551,1437,64.35772072150581,-7.341456558297054,57.01626416320877,17691.568235197083,-2018.1242932589885,15673.443941938096,998,-114,884,-440.0,-25.806451612903224,620.2384795479104,460.1769364387722,-160.0615431091382,1705,1265,-440,27479.34,10.086345214320318,0.03670519457279657,67.56798551195735,90.68638799718337,541.0012294109715,9.313612002816583,23.21571004874056,Review 100yr value: lower than expected return-period progression,71.03902567532234,80.97398719630468
Barangay 340,1785.0,28622.202881454014,14496.310033415592,50.64708014772893,28522.202881510184,99.65062088212426,23716.752740163454,82.86138155889783,False,True,False,340,BARANGAY 340,1380605042.0,City of Manila - Santa Cruz,133905000,133905042,2096.0,2009.0,0.02861176,U,No,14305.8810655821,14205.9175140016,9537.25404353764,10022.0223631549,14305.8810655821,14205.9175140016,0.06236417257585038,623.6417257585038,0.5064708014772893,0.9965062088212426,0.8286138155889783,904,1779,1479,49.00354073439533,-16.789239323226425,32.214301411168904,14025.892848094592,-4805.45014134673,9220.442706747863,875,-300,575,-87.0,-4.150763358778626,732.2986314788928,701.9026482066297,-30.39598327226315,2089,2002,-87,28611.76,10.44288145401515,0.0364985637165108,67.56798551195735,90.68638799718337,541.0012294109715,8.964232884940884,82.64049634753223,Review 100yr value: lower than expected return-period progression,77.59902755164637,80.68403996923485
Barangay 341,1615.0,33208.56173300765,11248.15504443441,33.87125023621335,32608.561733104267,98.19323701903352,24029.314409031263,72.35879289872203,False,True,False,341,BARANGAY 341,1380605043.0,City of Manila - Santa Cruz,133905000,133905043,1819.0,1463.0,0.03319645,U,No,16598.2268855581,15836.8296471766,11065.4840624805,7737.46861667185,16598.2268855581,15836.8296471766,0.04863203691217891,486.3203691217891,0.3387125023621335,0.9819323701903352,0.7235879289872202,547,1586,1169,64.32198678282018,-25.83444412031149,38.48754266250868,21360.406688669857,-8579.247324073003,12781.159364596853,1039,-417,622,-356.0,-19.571192963166574,547.7503104845414,440.5490402632678,-107.2012702212736,1786,1437,-349,33196.450000000004,12.111733007644943,0.03648502477718232,67.56798551195735,90.68638799718337,541.0012294109715,7.506849021850144,-54.68086028918242,Review 100yr value: lower than expected return-period progression,69.24834296676444,71.77896267520387
Barangay 342,1765.0,57158.0360820556,32942.86497939796,57.63470412472789,56858.03608207712,99.47513941950734,45120.28323368874,78.939526839086,False,True,False,342,BARANGAY 342,1380605044.0,City of Manila - Santa Cruz,133905000,133905044,1877.0,1634.0,0.05713728,U,No,28568.6491154109,28068.8307040028,19045.7660882471,19129.9746225998,28568.6491154109,28068.8307040028,0.03087929748786646,308.7929748786646,0.5763470412472789,0.9947513941950734,0.78939526839086,1017,1756,1393,41.840435294779454,-20.535612580421343,21.30482271435811,23915.17110267916,-11737.75284838838,12177.41825429078,739,-363,376,-243.0,-12.94619072988812,328.38776988512944,285.87406286217447,-42.513707022954975,1867,1625,-242,57137.28,20.756082055602747,0.036326689082159226,67.56798551195735,90.68638799718337,541.0012294109715,8.788751422323969,-232.2082545323069,Review 100yr value: lower than expected return-period progression,80.6469435368566,80.80078556364394
Barangay 343,3037.0,41569.41900059251,13885.675152987023,33.40358245754915,35429.59503843543,85.22995002150603,28711.751114033552,69.06940680028342,False,True,False,343,BARANGAY 343,1380605045.0,City of Manila - Santa Cruz,133905000,133905045,1880.0,2209.0,0.0415544,U,No,13851.4595516587,15029.5148241574,13851.4598808534,6397.32169605901,13851.4595516587,15029.5148241574,0.07305851448048171,730.5851448048172,0.33403582457549147,0.8522995002150603,0.6906940680028342,1014,2588,2098,51.82636756395688,-16.16054322122261,35.66582434273427,21543.919885448406,-6717.843924401877,14826.075961046528,1574,-490,1084,329.0,17.5,452.2555390955076,531.4002584372214,79.14471934171382,1602,1883,281,41554.4,15.019000592510565,0.03614298508102767,67.56798551195735,90.68638799718337,541.0012294109715,-5.456437975677346,189.5839153938457,Review 100yr value: lower than expected return-period progression,61.908084617725436,65.80914084202776
Barangay 344,644.0,34990.96167766068,14112.350217293948,40.33141571614396,27253.715715047638,77.88787277729283,14876.37302058666,42.51490186988545,False,True,False,344,BARANGAY 344,1380605046.0,City of Manila - Santa Cruz,133905000,133905046,633.0,536.0,0.03497814,U,No,11659.3795553372,10973.4423075437,11659.3801195721,6050.85548910251,11659.3795553372,10973.4423075437,0.01840475280252585,184.0475280252585,0.4033141571614396,0.7788787277729283,0.42514901869885446,260,502,274,37.55645706114887,-35.37297090740738,2.183486153741491,13141.36549775369,-12377.342694460978,764.0228032927116,242,-228,14,-97.0,-15.323854660347552,180.90385906830534,153.18241462971827,-27.72144443858707,493,417,-76,34978.14,12.821677660678688,0.036656259196968986,67.56798551195735,90.68638799718337,541.0012294109715,-12.798515219890547,-356.95370138571303,Review 100yr value: lower than expected return-period progression,60.98746709977584,54.34957014904266
Barangay 345,1332.0,29544.067886475324,13741.622107313444,46.51228855862493,26733.491673423057,90.48683402755483,14435.885868688983,48.86221465561091,False,True,False,345,BARANGAY 345,1380605047.0,City of Manila - Santa Cruz,133905000,133905047,1324.0,1149.0,0.02953323,U,No,9844.4114444587,9327.33001607201,9844.41190317007,11451.3002427917,9844.4114444587,9327.33001607201,0.04508519290973342,450.85192909733416,0.4651228855862493,0.9048683402755483,0.48862214655610914,620,1205,651,43.974545468929904,-41.62461937194392,2.349926096985982,12991.869566109614,-12297.605804734074,694.2637613755396,585,-554,31,-175.0,-13.217522658610273,448.1441097033562,388.9105604600878,-59.233549243268385,1198,1040,-158,29533.23,10.837886475324922,0.03669726093395447,67.56798551195735,90.68638799718337,541.0012294109715,-0.1995539696285391,-90.14930031363735,Review 100yr value: lower than expected return-period progression,70.69828856653638,62.84334991154479
Barangay 346,1501.0,29448.616630938923,18382.636264451685,62.42274975028457,26588.99323603597,90.28944744420149,17821.65402438038,60.51779697405828,False,True,True,346,BARANGAY 346,1380605048.0,City of Manila - Santa Cruz,133905000,133905048,1548.0,1511.0,0.02943782,U,No,9812.60592878968,11432.4199802695,9812.60582265259,7224.79598937364,9812.60592878968,11432.4199802695,0.05097013618028627,509.7013618028627,0.6242274975028457,0.9028944744420149,0.6051779697405828,937,1355,908,27.86669769391692,-29.771650470143207,-1.9049527762262883,8206.356971584286,-8767.339211655591,-560.9822400713056,418,-447,-29,-37.0,-2.3901808785529712,525.6613644709071,513.0971070513827,-12.564257419524324,1398,1364,-34,29437.82,10.796630938923045,0.03667605460908126,67.56798551195735,90.68638799718337,541.0012294109715,-0.3969405529818886,-31.299867608108798,Review 100yr value: lower than expected return-period progression,77.74943348193888,71.41411283266497
Barangay 347,1283.0,29638.60558302441,16162.635183541872,54.5323737929124,25693.47055733908,86.6892016406301,18856.99976705588,63.62310033187348,False,True,False,347,BARANGAY 347,1380605049.0,City of Manila - Santa Cruz,133905000,133905049,1320.0,1266.0,0.02962774,U,No,9875.91341265075,7044.96840020973,9875.91350667724,8483.17344908413,9875.91341265075,7044.96840020973,0.043288136360060125,432.8813636006012,0.545323737929124,0.866892016406301,0.6362310033187348,700,1112,816,32.1568278477177,-23.066101308756622,9.090726538961079,9530.835373797207,-6836.470790283198,2694.3645835140087,412,-296,116,-54.0,-4.090909090909091,445.3650818026451,427.145601183446,-18.21948061919909,1144,1097,-47,29627.739999999998,10.865583024413354,0.036673681571437286,67.56798551195735,90.68638799718337,541.0012294109715,-3.9971863565532715,-108.1198658103703,Review 100yr value: lower than expected return-period progression,72.21862910915715,69.42355415519802
Barangay 348,955.0,22692.653243125977,18755.511478309083,82.65014794596782,21692.653243014214,95.5932874424251,18140.932498003545,79.9418750361365,False,True,True,348,BARANGAY 348,1380605050.0,City of Manila - Santa Cruz,133905000,133905050,1049.0,1249.0,0.02268433,U,No,7561.44496931742,6174.07845192467,7561.4449160299,4679.59771767369,7561.44496931742,6174.07845192467,0.042084104920136964,420.8410492013697,0.8265014794596781,0.9559328744242509,0.7994187503613649,789,913,763,12.943139496457277,-15.6514124062886,-2.7082729098313223,2937.141764705131,-3551.720745010669,-614.5789803055377,124,-150,-26,200.0,19.065776930409914,462.2641472379443,550.3983983795924,88.13425114164812,1003,1194,191,22684.329999999998,8.323243125978479,0.03669159779450608,67.56798551195735,90.68638799718337,541.0012294109715,4.90689944524172,-120.16018020960183,Review 100yr value: lower than expected return-period progression,89.76887466901933,86.09693760579533
Barangay 349,548.0,13958.054994122243,12848.070938730938,92.0477168498138,13221.908513054435,94.72600959533544,10770.113752164669,77.16056253324678,False,True,True,349,BARANGAY 349,1380605051.0,City of Manila - Santa Cruz,133905000,133905051,704.0,788.0,0.013953,U,No,4650.98958913106,5619.42856323894,4650.98650290965,4963.05748775331,4650.98958913106,5619.42856323894,0.03926048437484761,392.60484374847607,0.920477168498138,0.9472600959533544,0.7716056253324678,504,519,423,2.678292745521645,-17.565447062088666,-14.88715431656702,373.8375743234974,-2451.7947608897666,-2077.9571865662692,15,-96,-81,84.0,11.931818181818182,504.36826642139994,564.5485709375897,60.18030451618978,667,746,79,13953.0,5.054994122243443,0.036228725881483854,67.56798551195735,90.68638799718337,541.0012294109715,4.039621598152067,-148.39638566249545,Review 100yr value: lower than expected return-period progression,93.52077785985071,87.03025758411955
Barangay 350,8026.0,155563.53150970422,9723.614030147355,6.250574241779017,22615.2270678138,14.53761485634764,18078.162731561973,11.621080182558236,False,True,False,350,BARANGAY 350,1380605052.0,City of Manila - Santa Cruz,133905000,133905052,4232.0,6776.0,0.15550682,U,No,38876.7222074279,47938.5810130704,38876.7245446474,54978.4695667033,38876.7222074279,47938.5810130704,0.05159306890316597,515.9306890316597,0.06250574241779017,0.1453761485634764,0.11621080182558235,502,1167,933,8.287040614568623,-2.9165346737894033,5.3705059407792195,12891.613037666446,-4537.064336251828,8354.548701414618,665,-234,431,2544.0,60.113421550094515,272.04319411686816,435.57766619468305,163.53447207781488,615,985,370,155506.81999999998,56.7115097042406,0.03646882477838632,67.56798551195735,90.68638799718337,541.0012294109715,-76.14877314083573,-25.070540379311865,Review 100yr value: lower than expected return-period progression,10.80844657979176,11.299240833189723
Barangay 351,3415.0,50998.369150637525,21865.109099386904,42.87413394495492,41115.086435834935,80.62039457456055,41917.66222503341,82.194122916398,False,False,False,351,BARANGAY 351,1380605053.0,City of Manila - Santa Cruz,133905000,133905053,3805.0,3401.0,0.05098001,U,No,16993.3222635932,17081.3422860195,16993.3208890987,11345.8040611697,16993.3222635932,17081.3422860195,0.06696292561655982,669.6292561655982,0.4287413394495492,0.8062039457456055,0.82194122916398,1464,2753,2807,37.74626062960563,1.5737283418374517,39.31998897144308,19249.97733644803,802.5757891984758,20052.553125646507,1289,54,1343,-404.0,-10.61760840998686,746.1022898126212,666.8840703423718,-79.21821947024932,3068,2742,-326,50980.01,18.35915063752327,0.03601245005154623,67.56798551195735,90.68638799718337,541.0012294109715,-10.065993422622824,128.62802675462672,OK,63.634577291238024,71.81332075389412
Barangay 352,1401.0,35704.2170534145,10920.498133627125,30.58601766085434,27727.340020037467,77.65844571960953,22753.276458239383,63.72714019803277,False,True,False,352,BARANGAY 352,1380605054.0,City of Manila - Santa Cruz,133905000,133905054,1640.0,1342.0,0.0356913,U,No,11897.0965293789,10559.4556739486,11897.0990838319,3012.14460547258,11897.0965293789,10559.4556739486,0.03923906237473476,392.3906237473476,0.30586017660854337,0.7765844571960954,0.6372714019803277,429,1088,893,47.07242805875519,-13.93130552157676,33.14112253717843,16806.841886410344,-4974.063561798084,11832.778324612258,659,-195,464,-298.0,-18.170731707317074,459.32949532166316,375.8659650741902,-83.46353024747293,1274,1042,-232,35691.3,12.917053414494148,0.036191042115289014,67.56798551195735,90.68638799718337,541.0012294109715,-13.027942277573842,-148.61060566362391,Review 100yr value: lower than expected return-period progression,56.4758530931697,60.31781649629003
Barangay 353,3010.0,49078.60404133908,27602.713309947587,56.24184682738272,44612.78221300835,90.90067471240798,43579.7807968751,88.79588498517134,False,True,False,353,BARANGAY 353,1380605055.0,City of Manila - Santa Cruz,133905000,133905055,2246.0,2232.0,0.04906047,U,No,16353.4899445329,11359.0696448228,16353.4889961118,12814.3792437387,16353.4899445329,11359.0696448228,0.06133018774259892,613.3018774259892,0.5624184682738272,0.9090067471240798,0.8879588498517134,1693,2736,2673,34.658827885025254,-2.1047897272366356,32.55403815778862,17010.068903060765,-1033.001416133251,15977.067486927514,1043,-63,980,-14.0,-0.6233303650934996,457.63322813912686,454.78066126737804,-2.85256687174882,2042,2029,-13,49060.47,18.134041339078976,0.036962632724633446,67.56798551195735,90.68638799718337,541.0012294109715,0.21428671522460263,72.30064801501771,Review 100yr value: lower than expected return-period progression,75.30420216414662,81.39405185025701
Barangay 354,2200.0,41631.26786678052,22591.03786378183,54.26459250790256,38649.51258795296,92.83770244910836,35903.269834441846,86.24111557046933,False,True,False,354,BARANGAY 354,1380605056.0,City of Manila - Santa Cruz,133905000,133905056,1824.0,1810.0,0.04161589,U,No,13871.9628415313,9641.76084326977,13871.9610748857,12934.0138695881,13871.9628415313,9641.76084326977,0.052844895501140375,528.4489550114038,0.5426459250790256,0.9283770244910836,0.8624111557046933,1194,2042,1897,38.5731099412058,-6.59658687863903,31.97652306256677,16058.47472417113,-2746.242753511113,13312.231970660017,848,-145,703,-14.0,-0.7675438596491228,438.1322245185456,434.7693675321094,-3.3628569864362134,1693,1680,-13,41615.89,15.377866780523618,0.036951911350504865,67.56798551195735,90.68638799718337,541.0012294109715,2.151314451924989,-12.55227439956775,Review 100yr value: lower than expected return-period progression,75.47980297556576,80.5557902123513
Barangay 355,1118.0,45357.4501097347,42827.531771992086,94.42226507084963,44560.12318797404,98.24212578125169,43070.437894291725,94.95780250011865,False,True,False,355,BARANGAY 355,1380605057.0,City of Manila - Santa Cruz,133905000,133905057,1075.0,970.0,0.04534058,U,No,15113.5277481541,19460.1632589444,15113.5276287773,14197.9250619277,15113.5277481541,19460.1632589444,0.024648651925872983,246.4865192587298,0.9442226507084963,0.9824212578125169,0.9495780250011865,1056,1098,1062,3.819860710402054,-3.284323281133041,0.5355374292690129,1732.5914159819513,-1489.6852936823125,242.9061222996388,42,-36,6,-105.0,-9.767441860465116,237.00626851800945,213.85681903485502,-23.149449483154427,1056,953,-103,45340.58,16.870109734700236,0.037207529622912267,67.56798551195735,90.68638799718337,541.0012294109715,7.555737784068313,-294.5147101522417,Review 100yr value: lower than expected return-period progression,96.52318846157077,95.97343129119795
Barangay 356,443.0,20785.555089855072,20652.800670711295,99.3613140540636,20785.55508985507,99.99999999999996,20585.55508983149,99.03779331772,False,True,True,356,BARANGAY 356,1380605058.0,City of Manila - Santa Cruz,133905000,133905058,386.0,505.0,0.02077789,U,No,10388.9447091863,10156.2759003732,10388.9447282957,6267.95092507718,10388.9447091863,10156.2759003732,0.02131287800998962,213.1287800998962,0.993613140540636,0.9999999999999996,0.9903779331772,440,443,439,0.6386859459363592,-0.9622066822799553,-0.3235207363435961,132.7544191437737,-200.00000002357774,-67.24558087980404,3,-4,-1,119.0,30.82901554404145,185.70588965814883,242.95718724706,57.25129758891117,386,505,119,20777.89,7.665089855072438,0.03689060754038277,67.56798551195735,90.68638799718337,541.0012294109715,9.313612002816583,-327.87244931107534,Review 100yr value: lower than expected return-period progression,99.7125913243286,99.45544584060389
Barangay 357,553.0,20634.75207762973,15985.321321500767,77.46795920475611,20534.752077635843,99.515380656779,18935.116269954324,91.76323611119128,False,True,False,357,BARANGAY 357,1380605059.0,City of Manila - Santa Cruz,133905000,133905059,884.0,736.0,0.02062715,U,No,10313.573644313,4782.52863901827,6875.7155288129,5614.61853309314,10313.573644313,4782.52863901827,0.026799449681758517,267.9944968175852,0.7746795920475611,0.9951538065677901,0.9176323611119127,428,550,507,22.04742145202289,-7.752144545587726,14.295276906435163,4549.430756135076,-1599.6358076815195,2949.7949484535566,122,-43,79,-148.0,-16.7420814479638,428.40349943353584,356.6798366324461,-71.72366280108974,880,732,-148,20627.15,7.602077629730047,0.03685471637977154,67.56798551195735,90.68638799718337,541.0012294109715,8.828992659595627,-273.00673259338635,Review 100yr value: lower than expected return-period progression,89.59404100336872,90.90266747553818
Barangay 358,1167.0,20239.93653038612,10350.628995792627,51.13963168932512,17740.5057434631,87.650994936814,16412.520187726466,81.08978090463096,False,True,False,358,BARANGAY 358,1380605060.0,City of Manila - Santa Cruz,133905000,133905060,831.0,1029.0,0.02023248,U,No,6744.15889891731,4546.51366791167,6744.158661487,5750.53049610878,6744.15889891731,4546.51366791167,0.05765828357455511,576.5828357455512,0.5113963168932512,0.87650994936814,0.8108978090463096,597,1023,946,36.51136324748888,-6.561214032183045,29.950149215305835,7389.876747670474,-1327.9855557366354,6061.891191933839,426,-77,349,198.0,23.826714801444044,410.5744100296084,508.4008037550746,97.82639372546623,728,902,174,20232.48,7.456530386119994,0.03685425803519882,67.56798551195735,90.68638799718337,541.0012294109715,-3.0353930603693726,35.58160633457965,Review 100yr value: lower than expected return-period progression,71.220881475444,75.89866851206855
Barangay 359,459.0,19217.537823436,18250.2922425523,94.9668600120868,18917.537823552702,98.43892592984812,18317.537823477327,95.3167777879375,False,True,False,359,BARANGAY 359,1380605061.0,City of Manila - Santa Cruz,133905000,133905061,363.0,410.0,0.01921041,U,No,6403.47102742033,7599.53432700677,4802.60329580497,6667.14308174878,6403.47102742033,7599.53432700677,0.023884433282615657,238.84433282615655,0.949668600120868,0.9843892592984812,0.953167777879375,436,452,438,3.472065917761327,-3.1221481419106283,0.34991777585069883,667.245581000403,-600.0000000753753,67.24558092502775,16,-14,2,47.0,12.947658402203857,188.88996256186238,213.34678967042305,24.456827108560674,357,404,47,19210.41,7.127823435999744,0.037103963090843683,67.56798551195735,90.68638799718337,541.0012294109715,7.752537932664751,-302.15689658481494,Review 100yr value: lower than expected return-period progression,96.87649626685553,96.32205019364353
Barangay 360,796.0,31447.59590860428,24803.621224191986,78.87286931655572,29747.59590877222,94.59418136517417,29147.59590858333,92.68624537562296,False,True,False,360,BARANGAY 360,1380605062.0,City of Manila - Santa Cruz,133905000,133905062,893.0,741.0,0.03143594,U,No,10478.6471599864,10219.9038407349,10478.6471830503,6534.49356175014,10478.6471599864,10219.9038407349,0.02531195078674389,253.1195078674389,0.7887286931655573,0.9459418136517417,0.9268624537562296,628,753,738,15.721312048618444,-1.9079359895512056,13.813376059067238,4943.974684580233,-600.0000001888875,4343.974684391345,125,-15,110,-152.0,-17.02127659574468,283.9644730221394,235.63009463539225,-48.33437838674712,845,701,-144,31435.940000000002,11.655908604276192,0.03707828874936201,67.56798551195735,90.68638799718337,541.0012294109715,3.9077933679907915,-287.88172154353265,Review 100yr value: lower than expected return-period progression,87.51959094329587,89.90067895719906
Barangay 361,726.0,20551.74365814537,15261.66065248752,74.25968767588631,20551.74365814536,99.99999999999996,20051.74365817534,97.56711640488052,False,True,False,361,BARANGAY 361,1380605063.0,City of Manila - Santa Cruz,133905000,133905063,781.0,715.0,0.02054413,U,No,10272.0676119137,5083.90707511832,10272.0671425347,5412.17732687232,10272.0676119137,5083.90707511832,0.035325469803252484,353.25469803252486,0.7425968767588631,0.9999999999999996,0.9756711640488053,539,726,708,25.740312324113646,-2.432883595119435,23.30742872899421,5290.083005657838,-499.9999999700194,4790.0830056878185,187,-18,169,-66.0,-8.450704225352112,380.0164175804434,347.9023541229411,-32.114063457502255,781,715,-66,20544.13,7.61365814536839,0.03706001736441694,67.56798551195735,90.68638799718337,541.0012294109715,9.313612002816583,-187.74653137844666,Review 100yr value: lower than expected return-period progression,88.41685945414882,92.59176848092378
Barangay 362,290.0,17222.96480822057,14956.121696589942,86.83825266513546,16922.964808187393,98.25813962129222,17022.964808249384,98.83875974782389,False,False,False,362,BARANGAY 362,1380605064.0,City of Manila - Santa Cruz,133905000,133905064,575.0,252.0,0.01721656,U,No,8608.28214727869,6182.68517392192,5738.85471836733,4488.45798332808,8608.28214727869,6182.68517392192,0.016837983658979677,168.37983658979675,0.8683825266513545,0.9825813962129222,0.9883875974782389,252,285,287,11.419886956156759,0.5806201265316702,12.00050708268843,1966.8431115974508,100.00000006199116,2066.843111659442,33,2,35,-323.0,-56.173913043478265,333.85657254873496,146.31627179527166,-187.5403007534633,565,248,-317,17216.559999999998,6.404808220573614,0.03720143989608618,67.56798551195735,90.68638799718337,541.0012294109715,7.571751624108842,-372.62139282117477,OK,93.11919049102168,95.6354159328657
Barangay 363,616.0,23829.543205610436,16286.25104194468,68.34478907724191,23829.543205610436,100.0,22029.54320565904,92.44635121865196,False,True,False,363,BARANGAY 363,1380605065.0,City of Manila - Santa Cruz,133905000,133905065,562.0,559.0,0.02382081,U,No,11910.4046560036,2752.82274838924,11910.4046714936,5226.01026052362,11910.4046560036,2752.82274838924,0.025850264719089064,258.5026471908906,0.6834478907724191,1.0,0.9244635121865196,421,616,569,31.655210922758087,-7.553648781348045,24.101562141410042,7543.292163665756,-1799.9999999513966,5743.292163714359,195,-47,148,-3.0,-0.5338078291814947,235.84170084623463,234.58275938264265,-1.258941463591981,562,559,-3,23820.81,8.733205610435107,0.036662085002294655,67.56798551195735,90.68638799718337,541.0012294109715,9.313612002816626,-282.4985822200809,Review 100yr value: lower than expected return-period progression,85.75515508475887,89.06473775677125
Barangay 364,2057.0,22424.1097791372,21713.486552304345,96.8309857834624,22324.10977919337,99.55405141640507,20724.40975378146,92.4202118073062,False,True,True,364,BARANGAY 364,1380605066.0,City of Manila - Santa Cruz,133905000,133905066,2039.0,1985.0,0.02241594,U,No,11207.9721115195,9797.55969288471,7471.9814018264,8265.92703637479,11207.9721115195,9797.55969288471,0.0917316236969986,917.3162369699859,0.968309857834624,0.9955405141640508,0.9242021180730621,1992,2048,1901,2.723065632942678,-7.133839609098871,-4.410773976156193,610.6232268890271,-1599.700025411912,-989.0767985228849,56,-147,-91,-54.0,-2.64835703776361,909.2891624607687,885.2079389331171,-24.08122352765156,2030,1976,-54,22415.94,8.169779137202568,0.03644629284876105,67.56798551195735,90.68638799718337,541.0012294109715,8.8676634192217,376.31500755901436,Review 100yr value: lower than expected return-period progression,98.32867188158087,96.01974916452986
Barangay 365,1387.0,19236.37407583265,11927.431231106277,62.00457104902706,18336.374075665884,95.32136359680452,15033.523922839198,78.1515469785252,False,True,False,365,BARANGAY 365,1380605067.0,City of Manila - Santa Cruz,133905000,133905067,1328.0,1278.0,0.01922934,U,No,9614.66865602546,942.365538992457,6409.77910262224,6551.90116649876,9614.66865602546,942.365538992457,0.07210298544477454,721.0298544477455,0.6200457104902706,0.9532136359680452,0.781515469785252,860,1322,1084,33.31679254777746,-17.169816618279313,16.146975929498147,6408.942844559608,-3302.850152826686,3106.0926917329216,462,-238,224,-50.0,-3.7650602409638556,690.3587935880361,664.3663691306551,-25.992424457380935,1266,1218,-48,19229.34,7.0340758326492505,0.036579912948906466,67.56798551195735,90.68638799718337,541.0012294109715,4.634975599621143,180.02862503677397,Review 100yr value: lower than expected return-period progression,80.32880695030467,80.12423881254841
Barangay 366,1256.0,22403.28297736365,18652.73677524957,83.25894376327057,22370.323232795887,99.85287984532864,21893.32159735023,97.72372031131025,False,True,False,366,BARANGAY 366,1380605069.0,City of Manila - Santa Cruz,133905000,133905069,1062.0,1193.0,0.02239507,U,No,11197.5337562734,5144.29760668525,7465.0227794759,6392.93834892446,11197.5337562734,5144.29760668525,0.056063211863594566,560.6321186359456,0.8325894376327057,0.9985287984532865,0.9772372031131025,1046,1254,1227,16.59393608205808,-2.129159534018399,14.46477654803968,3717.5864575463165,-477.0016354456566,3240.58482210066,208,-27,181,131.0,12.335216572504708,474.0376671905846,532.5112400737924,58.47357288320774,1060,1191,131,22395.07,8.21297736365159,0.03667314888344439,67.56798551195735,90.68638799718337,541.0012294109715,9.16649184814527,19.630889224974112,Review 100yr value: lower than expected return-period progression,92.38560860840252,94.85273201120677
Barangay 367,2063.0,31133.97112094033,26428.789242193387,84.88730570067787,30233.97112073837,97.109266926773,27633.9711210847,88.7582602737703,False,True,False,367,BARANGAY 367,1380605070.0,City of Manila - Santa Cruz,133905000,133905070,1653.0,1708.0,0.03112262,U,No,10374.2064488411,9976.64086847274,10374.2064515215,6877.91419185328,10374.2064488411,9976.64086847274,0.06626202587476711,662.6202587476711,0.8488730570067787,0.9710926692677301,0.8875826027377031,1751,2003,1831,12.221961226095132,-8.351006653002699,3.8709545730924333,3805.181878544983,-2599.999999653668,1205.1818788913151,252,-172,80,55.0,3.327283726557774,530.9313076635484,548.5968986626381,17.66559099908966,1605,1659,54,31122.62,11.351120940329565,0.0364722537509039,67.56798551195735,90.68638799718337,541.0012294109715,6.422878929589629,121.61902933669955,Review 100yr value: lower than expected return-period progression,91.6093843750302,90.71337395904814
Barangay 368,658.0,26173.27621326825,26173.27621326825,100.0,26173.27621326825,100.0,25627.657194952164,97.915358345397,False,True,True,368,BARANGAY 368,1380605071.0,City of Manila - Santa Cruz,133905000,133905071,1293.0,1337.0,0.02616382,U,No,26163.8175280215,0.0,13081.9087640108,12881.9809340077,26163.8175280215,0.0,0.02514014656164574,251.4014656164574,1.0,1.0,0.97915358345397,658,658,644,0.0,-2.084641654603004,-2.084641654603004,0.0,-545.619018316087,-545.619018316087,0,-14,-14,44.0,3.402938901778809,494.0153420092392,510.82638226322723,16.81104025398804,1293,1337,44,26163.82,9.456213268251304,0.036142326572539116,67.56798551195735,90.68638799718337,541.0012294109715,9.313612002816626,-289.59976379451416,Review 100yr value: lower than expected return-period progression,100.0,99.1661433381588
Barangay 369,1785.0,22415.225788016367,22315.225788078067,99.55387467035123,22415.225788016367,100.0,21115.22578806992,94.20037071122675,False,True,True,369,BARANGAY 369,1380605072.0,City of Manila - Santa Cruz,133905000,133905072,1186.0,1396.0,0.02240709,U,No,11203.5450331352,11103.5813423611,11203.5450331352,10703.726562284,11203.5450331352,11103.5813423611,0.07963337139143595,796.3337139143596,0.9955387467035124,1.0,0.9420037071122676,1777,1785,1681,0.4461253296487655,-5.799629288773247,-5.353503959124481,99.99999993829988,-1299.9999999464453,-1200.0000000081454,8,-104,-96,210.0,17.706576728499158,529.104641289877,622.7909605739193,93.68631928404227,1186,1396,210,22407.09,8.13578801636686,0.036308989772285735,67.56798551195735,90.68638799718337,541.0012294109715,9.313612002816626,255.33248450338806,Review 100yr value: lower than expected return-period progression,99.79924360165806,97.56861695207851
Barangay 370,628.0,20060.156352453825,17605.307153229747,87.76256198559592,19460.156352437814,97.0089963932778,15908.692853239729,79.30492950167721,False,True,True,370,BARANGAY 370,1380605073.0,City of Manila - Santa Cruz,133905000,133905073,744.0,772.0,0.02005288,U,No,6684.29437836171,7622.70426241429,6684.29436130314,5280.30716668851,6684.29437836171,7622.70426241429,0.03130583774952387,313.0583774952387,0.8776256198559592,0.970089963932778,0.7930492950167721,551,609,498,9.246434407681875,-17.70406689160059,-8.457632483918715,1854.8491992080671,-3551.4634991980856,-1696.6142999900185,58,-111,-53,28.0,3.763440860215054,370.8844472236585,384.84246405465643,13.958016830997906,722,749,27,20052.879999999997,7.2763524538277125,0.036285822554304986,67.56798551195735,90.68638799718337,541.0012294109715,6.322608396094424,-227.94285191573283,Review 100yr value: lower than expected return-period progression,92.84810090982096,87.6157610347171
Barangay 371,858.0,24873.72431423136,24873.72431423136,100.0,24873.72431423136,100.0,24573.72431427472,98.79390799637916,False,True,True,371,BARANGAY 371,1380605074.0,City of Manila - Santa Cruz,133905000,133905074,839.0,842.0,0.02486473,U,No,24864.736099591,0.0,12432.3680497955,11932.5484431865,24864.736099591,0.0,0.03449423130854193,344.9423130854193,1.0,1.0,0.9879390799637916,858,858,848,0.0,-1.2060920036208387,-1.2060920036208387,0.0,-299.99999995663893,-299.99999995663893,0,-10,-10,3.0,0.3575685339690107,337.3037303947165,338.5098223985117,1.2060920037951632,839,842,3,24864.730000000003,8.994314231356839,0.03617298169478147,67.56798551195735,90.68638799718337,541.0012294109715,9.313612002816626,-196.05891632555222,Review 100yr value: lower than expected return-period progression,100.0,99.51756319855167
Barangay 372,4332.0,544472.9352608747,156036.4992501225,28.658265479322736,202443.1764471417,37.1814948616582,187475.3747267634,34.43245064824716,False,True,False,372,BARANGAY 372,1380605075.0,City of Manila - Santa Cruz,133905000,133905075,3638.0,4136.0,0.54427689,U,No,136069.239814565,112407.818213943,136069.246093137,127145.704211679,136069.239814565,112407.818213943,0.007956318339174009,79.56318339174008,0.28658265479322736,0.37181494861658204,0.3443245064824716,1241,1611,1492,8.523229382335465,-2.7490442134110396,5.774185168924426,46406.67719701922,-14967.80172037831,31438.87547664091,370,-119,251,498.0,13.688840021990103,66.81691162953611,75.96337177013781,9.146460140601704,1353,1538,185,544276.89,196.04526087467093,0.03601939830196923,67.56798551195735,90.68638799718337,541.0012294109715,-53.50489313552517,-461.4380460192314,Review 100yr value: lower than expected return-period progression,33.34604163960724,33.95106983070992
Barangay 373,3977.0,19632.61004023856,1181.4772962294128,6.01793288721104,3312.59421275056,16.872918098822012,2808.39896004906,14.30476617369279,False,True,False,373,BARANGAY 373,1380605076.0,City of Manila - Santa Cruz,133905000,133905076,4004.0,3788.0,0.0196254,U,No,9812.70099885844,5332.47018711924,9812.70123790546,6501.32349349097,9812.70099885844,5332.47018711924,0.20257112996432106,2025.7112996432106,0.060179328872110395,0.16872918098822012,0.1430476617369279,239,671,569,10.854985211610973,-2.5681519251292215,8.286833286481752,2131.1169165211472,-504.19525270150007,1626.9216638196472,432,-102,330,-216.0,-5.394605394605394,2039.4639285319124,1929.4428974222988,-110.02103110961366,676,639,-37,19625.4,7.210040238558577,0.036738309734112816,67.56798551195735,90.68638799718337,541.0012294109715,-73.81346989836136,1484.710070232239,Review 100yr value: lower than expected return-period progression,11.988174753597075,13.13191102586758
Barangay 374,4221.0,26577.48250120183,2740.098096613222,10.309848182533146,4978.569982181756,18.73228580606393,2915.211536676,10.968727141647726,False,True,False,374,BARANGAY 374,1380605077.0,City of Manila - Santa Cruz,133905000,133905077,3615.0,3277.0,0.0265677,U,No,13283.8473625997,6539.66576253636,13283.8488397668,8307.11194871474,13283.8473625997,6539.66576253636,0.15881865409220483,1588.1865409220482,0.10309848182533146,0.1873228580606393,0.10968727141647726,435,791,463,8.422437623530785,-7.763558664416205,0.6588789591145794,2238.471885568534,-2063.358445505756,175.11344006277795,356,-328,28,-338.0,-9.349930843706778,1360.1739742793661,1232.9986483301473,-127.17532594921886,677,614,-63,26567.7,9.782501201829291,0.03682103156023777,67.56798551195735,90.68638799718337,541.0012294109715,-71.95410219111945,1047.1853115110766,Review 100yr value: lower than expected return-period progression,14.942188875475079,13.521252934414754
Barangay 375,4466.0,17373.97872549675,892.3358202950058,5.136047616919667,2626.1287711778737,15.115298646728306,1550.8892051439934,8.926505722422837,False,True,False,375,BARANGAY 375,1380605078.0,City of Manila - Santa Cruz,133905000,133905078,3711.0,3909.0,0.0173676,U,No,5789.20194446723,5313.33343761216,8683.80346787895,6058.63895053929,5789.20194446723,5313.33343761216,0.25705108027132745,2570.5108027132746,0.05136047616919667,0.15115298646728306,0.08926505722422837,229,675,399,9.979251029808639,-6.188792924305469,3.79045810550317,1733.792950882868,-1075.2395660338802,658.5533848489877,446,-276,170,198.0,5.335489086499596,2135.952885998424,2249.916419123643,113.96353312521933,561,591,30,17367.600000000002,6.378725496746483,0.03672773150433268,67.56798551195735,90.68638799718337,541.0012294109715,-75.57108935045507,2029.5095733023031,Review 100yr value: lower than expected return-period progression,10.624635683314418,10.144968719553958
Barangay 376,962.0,43447.21972929773,5024.1151296800135,11.563720672998796,13727.895302142386,31.596717552182668,9272.481836287998,21.34194522471433,False,True,False,376,BARANGAY 376,1380605079.0,City of Manila - Santa Cruz,133905000,133905079,1006.0,930.0,0.04343146,U,No,14477.1568079088,10157.113339752,14477.1586841899,11679.2567682151,14477.1568079088,10157.113339752,0.022141808060304843,221.41808060304842,0.11563720672998797,0.3159671755218267,0.2134194522471433,111,304,205,20.03299687918387,-10.254772327468338,9.778224551715534,8703.780172462371,-4455.413465854388,4248.366706607984,193,-99,94,-76.0,-7.5546719681908545,231.54531090090094,214.0528222046102,-17.492488696290735,318,294,-24,43431.46,15.759729297729791,0.03628643683111227,67.56798551195735,90.68638799718337,541.0012294109715,-59.089670445000706,-319.58314880792307,Review 100yr value: lower than expected return-period progression,22.581868956549926,22.486559401399365
Barangay 377,663.0,15180.6714732023,11274.021319575204,74.26563007754093,13461.40625610284,88.67464314648798,11444.238814793496,75.38690785183945,False,True,False,377,BARANGAY 377,1380605080.0,City of Manila - Santa Cruz,133905000,133905080,516.0,578.0,0.01517512,U,No,5058.37823699052,4414.8084424635,5058.37830940514,2364.3671103405,5058.37823699052,4414.8084424635,0.0436739574511155,436.73957451115496,0.7426563007754093,0.8867464314648799,0.7538690785183946,492,588,500,14.409013068947047,-13.287735294648527,1.1212777742985196,2187.3849365276365,-2017.1674413093442,170.21749521829224,96,-88,8,62.0,12.015503875968992,339.90591319420207,380.7473213686992,40.84140817449713,458,513,55,15175.12,5.551473202298439,0.03658273016818608,67.56798551195735,90.68638799718337,541.0012294109715,-2.0117448506953934,-104.26165489981656,Review 100yr value: lower than expected return-period progression,82.1905872654618,79.7572957613918
Barangay 378,683.0,24617.44359703278,7659.837924351258,31.115488877466237,14540.844452311248,59.067239841524014,12922.141213191451,52.49180794202775,False,True,False,378,BARANGAY 378,1380605081.0,City of Manila - Santa Cruz,133905000,133905081,1136.0,602.0,0.02460844,U,No,8202.81308308079,1967.5007683453,8202.81526148356,2349.56361848779,8202.81308308079,1967.5007683453,0.02774455427542136,277.44554275421365,0.31115488877466235,0.5906723984152401,0.5249180794202775,213,403,359,27.951750964057776,-6.575431899496266,21.37631906456151,6881.00652795999,-1618.7032391197972,5262.303288840193,190,-44,146,-534.0,-47.00704225352113,461.4614005399512,244.54204500444598,-216.91935553550525,671,356,-315,24608.44,9.003597032780817,0.036587435175821054,67.56798551195735,90.68638799718337,541.0012294109715,-31.61914815565936,-263.55568665675787,Review 100yr value: lower than expected return-period progression,46.488951907698016,49.44912934071107
Barangay 379,729.0,9463.090643781348,8966.223858295252,94.74942379620327,9463.090643781348,100.0,8827.17654338016,93.28005908070764,False,True,True,379,BARANGAY 379,1380605082.0,City of Manila - Santa Cruz,133905000,133905082,680.0,654.0,0.00945965,U,No,4729.82414894784,3717.00170387208,4729.82414813705,658.35949711574,4729.82414894784,3717.00170387208,0.07703614257135548,770.3614257135548,0.9474942379620327,1.0,0.9328005908070764,691,729,680,5.250576203796726,-6.719940919292355,-1.4693647154956295,496.866785486096,-635.914100401189,-139.047314915093,38,-49,-11,-26.0,-3.823529411764706,718.5813024488576,691.1061350022837,-27.47516744657389,680,654,-26,9459.65,3.4406437813486264,0.036371787342540436,67.56798551195735,90.68638799718337,541.0012294109715,9.313612002816626,229.3601963025833,Review 100yr value: lower than expected return-period progression,97.63724070829147,95.99937958133387
Barangay 380,957.0,14549.991805607684,13549.991805332942,93.1271438937214,14549.991805607682,100.0,13949.99180559604,95.87628633728578,False,True,False,380,BARANGAY 380,1380605083.0,City of Manila - Santa Cruz,133905000,133905083,897.0,921.0,0.01454468,U,No,7272.342077115,5917.47641943776,7272.34207814114,1790.73135916802,7272.342077115,5917.47641943776,0.06577323291901542,657.7323291901542,0.931271438937214,1.0,0.9587628633728578,891,957,918,6.872856106278604,-4.1237136627142235,2.7491424435643808,1000.0000002747402,-600.0000000116415,400.0000002630986,66,-39,27,24.0,2.6755852842809364,616.4951925638122,632.990047214349,16.49485465053681,897,921,24,14544.68,5.311805607683709,0.03652060827521615,67.56798551195735,90.68638799718337,541.0012294109715,9.313612002816626,116.73109977918273,Review 100yr value: lower than expected return-period progression,96.90721475217464,96.63230050834466
Barangay 381,1473.0,29787.28349506362,29287.28349523272,98.32143135874152,29787.28349506362,100.0,29287.28349501065,98.32143135799602,False,True,True,381,BARANGAY 381,1380605084.0,City of Manila - Santa Cruz,133905000,133905084,1376.0,1591.0,0.02977637,U,No,14888.1851182455,14288.3767147353,14888.1851209638,5340.66282445577,14888.1851182455,14288.3767147353,0.04945063218819894,494.5063218819894,0.9832143135874152,1.0,0.9832143135799601,1448,1473,1448,1.6785686412584795,-1.678568642003981,-7.455014383594971e-10,499.99999983089947,-500.00000005296897,-2.2206950234249234e-07,25,-25,0,215.0,15.625,461.9420902305617,534.120541829087,72.17845159852527,1376,1591,215,29776.37,10.913495063621667,0.036651529597535454,67.56798551195735,90.68638799718337,541.0012294109715,9.313612002816626,-46.49490752898214,Review 100yr value: lower than expected return-period progression,99.2446441114337,98.9089303828838
Barangay 382,804.0,33156.8793058607,27196.11091706931,82.02252891834189,31561.79275739128,95.18927419629784,28694.92346689206,86.54289567540829,False,True,False,382,BARANGAY 382,1380605085.0,City of Manila - Santa Cruz,133905000,133905085,946.0,896.0,0.03314472,U,No,11048.2417031416,11224.7709120826,11048.2418710491,7467.43857068261,11048.2417031416,11224.7709120826,0.024248361632087847,242.48361632087847,0.8202252891834189,0.9518927419629785,0.8654289567540829,659,765,696,13.166745277955954,-8.646378520889556,4.520366757066398,4365.6818403219695,-2866.8692904992167,1498.8125498227528,106,-69,37,-50.0,-5.2854122621564485,285.3103246760585,270.23049779043174,-15.079826885626744,900,853,-47,33144.72,12.159305860695895,0.03668549880854596,67.56798551195735,90.68638799718337,541.0012294109715,4.502886199114471,-298.51761309009305,Review 100yr value: lower than expected return-period progression,89.26423882121767,88.43903646845303
Barangay 383,2529.0,20496.604525315208,19087.38226508792,93.12460628058284,20496.604525315208,100.0,19384.54885613503,94.5744395477471,False,True,False,383,BARANGAY 383,1380603003.0,City of Manila - Quiapo,133903000,133903003,1821.0,2267.0,0.0204891,U,No,10244.5511151665,7260.77651460758,6829.70070606781,8198.77686684008,10244.5511151665,7260.77651460758,0.1233862904890637,1233.862904890637,0.9312460628058283,1.0,0.945744395477471,2355,2529,2392,6.875393719417161,-5.4255604522528955,1.4498332671642657,1409.2222602272886,-1112.0556691801794,297.16659104710925,174,-137,37,446.0,24.492037342119716,888.4398378038157,1106.036854640994,217.59701683717833,1821,2267,446,20489.1,7.504525315209321,0.0366269153608959,91.40861219607015,99.07765480399782,437.98271060941113,0.9223451960021833,795.880194281226,Review 100yr value: lower than expected return-period progression,96.90607282626229,96.11092738924455
Barangay 384,3830.0,58084.60391613594,50085.89841437981,86.22921572590066,53544.02220947648,92.18281368808977,50972.39488223704,87.75543163870465,False,True,False,384,BARANGAY 384,1380603004.0,City of Manila - Quiapo,133903000,133903004,3195.0,3511.0,0.05806332,U,No,14515.8278766561,14160.6453796626,14515.8283294059,15204.0564274497,14515.8278766561,14160.6453796626,0.06593829933883777,659.3829933883777,0.8622921572590065,0.9218281368808977,0.8775543163870465,3303,3531,3361,5.953597962189107,-4.427382049385116,1.5262159128039912,3458.123795096675,-2571.6273272394465,886.4964678572287,228,-170,58,316.0,9.890453834115807,550.0597033618451,604.4631043829228,54.403401021077684,2945,3237,292,58063.32,21.283916135937034,0.03665638846682731,91.40861219607015,99.07765480399782,437.98271060941113,-6.894841115908051,221.40028277896658,Review 100yr value: lower than expected return-period progression,89.50369460510467,88.92346137778844
Barangay 385,3549.0,74356.46348765372,69346.17684987001,93.26180078667188,74356.46348765369,99.99999999999996,69523.45256678622,93.50021411162194,False,True,False,385,BARANGAY 385,1380603005.0,City of Manila - Quiapo,133903000,133903005,2920.0,3406.0,0.07432947,U,No,24776.4977439096,24634.1878656543,24776.4976817335,27303.7224989079,24776.4977439096,24634.1878656543,0.0477295427127096,477.29542712709605,0.9326180078667189,0.9999999999999996,0.9350021411162195,3310,3549,3318,6.738199213328073,-6.499785888378014,0.2384133249500593,5010.286637783676,-4833.010920867469,177.27571691620687,239,-231,8,486.0,16.643835616438356,392.7029155286335,458.0637432501801,65.36082772154657,2920,3406,486,74329.47,26.99348765371542,0.03631599640588776,91.40861219607015,99.07765480399782,437.98271060941113,0.9223451960021407,39.31271651768492,Review 100yr value: lower than expected return-period progression,96.96781035400232,95.71553584131672
Barangay 386,1245.0,73997.70974776396,72089.33457311844,97.42103481154945,73597.70974784227,99.45944272966668,72038.81191684546,97.3527588386238,False,True,True,386,BARANGAY 386,1380603006.0,City of Manila - Quiapo,133903000,133903006,1341.0,1213.0,0.07397106,U,No,24657.0228862072,17687.6469592754,18492.7671906361,24979.5551014847,24657.0228862072,17687.6469592754,0.01682484504241864,168.24845042418642,0.9742103481154945,0.9945944272966668,0.973527588386238,1213,1238,1212,2.0384079181172297,-2.106683891042877,-0.06827597292564747,1508.3751747238275,-1558.897830996808,-50.522656272980385,25,-26,-1,-128.0,-9.54511558538404,181.22182491472608,163.9239922606732,-17.297832654052883,1334,1206,-128,73971.06000000001,26.649747763949563,0.036027262234649006,91.40861219607015,99.07765480399782,437.98271060941113,0.3817879256688599,-269.7342601852247,Review 100yr value: lower than expected return-period progression,98.54215916651393,98.10716719372022
Barangay 387,2678.0,36236.4543662541,34604.574274041704,95.49657900930804,36136.45436622616,99.72403481031226,34210.46555227756,94.40897612801962,False,True,True,387,BARANGAY 387,1380603007.0,City of Manila - Quiapo,133903000,133903007,2994.0,2654.0,0.03622335,U,No,12074.4404241033,10192.8288564549,9055.83036571819,13253.7060961833,12074.4404241033,10192.8288564549,0.07390347777772484,739.0347777772485,0.9549657900930804,0.9972403481031226,0.9440897612801962,2557,2671,2528,4.227455801004226,-5.315058682292644,-1.0876028812884186,1531.8800921844522,-1925.9888139485993,-394.10872176414705,114,-143,-29,-340.0,-11.356045424181696,826.2397776942053,732.4116132265934,-93.82816446761183,2986,2647,-339,36223.35,13.10436625409784,0.036176571891053264,91.40861219607015,99.07765480399782,437.98271060941113,0.6463800063144447,301.0520671678373,Review 100yr value: lower than expected return-period progression,97.82167969986037,96.54114738714415
Barangay 388,1553.0,25231.09287663005,23408.66574703526,92.77705829665908,25208.957116969228,99.9122679315991,23570.68579345169,93.41920268259057,False,True,False,388,BARANGAY 388,1380603008.0,City of Manila - Quiapo,133903000,133903008,989.0,1260.0,0.02522197,U,No,8407.32330182606,7520.32631702719,6305.49252338613,9089.37491865531,8407.32330182606,7520.32631702719,0.06155103972679855,615.5103972679855,0.9277705829665908,0.9991226793159911,0.9341920268259056,1441,1552,1451,7.135209634940026,-6.493065249008538,0.6421443859314877,1800.2913699339697,-1638.2713235175397,162.02004641642998,111,-101,10,271.0,27.401415571284126,391.9766792646733,499.3838380925059,107.40715882783263,988,1259,271,25221.97,9.122876630048268,0.03617035715310211,91.40861219607015,99.07765480399782,437.98271060941113,0.8346131276012869,177.52768665857434,Review 100yr value: lower than expected return-period progression,96.7014235958761,95.53123942326069
Barangay 389,1788.0,41049.43788259075,40370.96696529821,98.34718585128232,41049.43788259073,99.99999999999996,39520.718924370965,96.27590769307923,False,True,True,389,BARANGAY 389,1380603009.0,City of Manila - Quiapo,133903000,133903009,1056.0,1174.0,0.04103469,U,No,20517.3451940091,16607.7430824928,13678.2301116095,18380.3983521761,20517.3451940091,16607.7430824928,0.043557234696222205,435.5723469622221,0.9834718585128231,0.9999999999999996,0.9627590769307923,1758,1788,1721,1.6528141487176384,-3.724092306920724,-2.0712781582030857,678.4709172925213,-1528.718958219768,-850.2480409272466,30,-67,-37,118.0,11.174242424242424,257.2507820984936,285.9966081284389,28.745826029945306,1056,1174,118,41034.689999999995,14.747882590752852,0.03594003656601976,91.40861219607015,99.07765480399782,437.98271060941113,0.9223451960021407,-2.4103636471890013,Review 100yr value: lower than expected return-period progression,99.25623363307702,98.09715954005226
Barangay 390,900.0,65533.27638633324,54684.358600733816,83.4451771926637,63733.27638627037,97.25330381857997,55833.11265492267,85.1981096226199,False,True,False,390,BARANGAY 390,1380603010.0,City of Manila - Quiapo,133903000,133903010,762.0,792.0,0.06550964,U,No,21836.5501164934,28496.7184921736,21836.5503083486,26315.0740177744,21836.5501164934,28496.7184921736,0.013733480906620629,137.33480906620628,0.8344517719266371,0.9725330381857996,0.851981096226199,751,875,767,13.808126625916259,-12.05519419596007,1.7529324299561893,9048.917785536556,-7900.163731347704,1148.754054188852,124,-108,16,30.0,3.937007874015748,116.27680500938799,120.85463197826154,4.577826968873552,741,770,29,65509.63999999999,23.636386333244445,0.03608077579611863,91.40861219607015,99.07765480399782,437.98271060941113,-1.8243509854178512,-300.64790154320485,Review 100yr value: lower than expected return-period progression,91.03964683691765,88.97919448371687
Barangay 391,2633.0,63790.458946779625,62567.233496596455,98.0824319649374,63790.458946779625,100.0,60177.644775860674,94.33643489862156,False,True,True,391,BARANGAY 391,1380603011.0,City of Manila - Quiapo,133903000,133903011,2639.0,2558.0,0.06376722,U,No,31883.615443252,24280.6060218326,21255.7435976871,26972.7117006455,31883.615443252,24280.6060218326,0.041275765113975925,412.7576511397593,0.980824319649374,1.0,0.9433643489862156,2583,2633,2484,1.917568035062601,-5.663565101378438,-3.7459970663158373,1223.2254501831703,-3612.8141709189513,-2389.588720735781,50,-149,-99,-81.0,-3.0693444486547934,413.69823067141084,401.00040699411477,-12.697823677296071,2639,2558,-81,63767.22,23.238946779623802,0.03644340584335306,91.40861219607015,99.07765480399782,437.98271060941113,0.9223451960021833,-25.225059469651853,Review 100yr value: lower than expected return-period progression,99.13709438422184,97.25518195068298
Barangay 392,1115.0,29635.14528119428,26535.14528105195,89.53944726530662,29635.14528119427,99.99999999999996,28783.080988616424,97.1248182369514,False,True,False,392,BARANGAY 392,1380603012.0,City of Manila - Quiapo,133903000,133903012,677.0,695.0,0.02962438,U,No,14812.1905152617,12766.201962324,14812.1903836967,14612.2631152502,14812.1905152617,12766.201962324,0.03762424612466979,376.24246124669787,0.8953944726530662,0.9999999999999996,0.9712481823695139,998,1115,1083,10.460552734693337,-2.875181763048559,7.585370971644778,3100.0000001423177,-852.0642925778448,2247.935707564473,117,-32,85,18.0,2.658788774002954,228.44497422781564,234.51884355735874,6.0738693295431005,677,695,18,29624.379999999997,10.76528119428258,0.03633926243952643,91.40861219607015,99.07765480399782,437.98271060941113,0.9223451960021407,-61.74024936271326,Review 100yr value: lower than expected return-period progression,95.29275126938796,96.2347891111072
Barangay 393,4130.0,93251.12478137296,80227.44277784678,86.03375344366069,91473.2605409876,98.09346617045792,79351.20555724394,85.0941001980219,False,True,True,393,BARANGAY 393,1380603013.0,City of Manila - Quiapo,133903000,133903013,3876.0,4073.0,0.09321721,U,No,23304.3013140147,30346.7378709725,23304.3011045798,30326.3774065031,23304.3013140147,30346.7378709725,0.044289010021946386,442.8901002194639,0.8603375344366069,0.9809346617045791,0.850941001980219,3553,4051,3514,12.05971272679723,-12.99936597243601,-0.9396532456387803,11245.817763140818,-12122.054983743656,-876.2372206028376,498,-537,-39,197.0,5.082559339525284,415.65182286940484,436.77757341256086,21.125750543156016,3802,3995,193,93217.20999999999,33.91478137296508,0.036382532123590786,91.40861219607015,99.07765480399782,437.98271060941113,-0.984188633539901,4.907389610052746,Review 100yr value: lower than expected return-period progression,92.66659544339916,89.8787915997842
Barangay 394,1487.0,26636.71430715943,26124.28072268369,98.07621323498591,26636.714307159426,100.0,26186.820047868998,98.31099941943847,False,True,False,394,BARANGAY 394,1380603014.0,City of Manila - Quiapo,133903000,133903014,1548.0,1433.0,0.02662698,U,No,13313.4911203954,7715.27462274877,13313.4912503294,10784.2056318045,13313.4911203954,7715.27462274877,0.05582520362131614,558.2520362131614,0.9807621323498591,1.0,0.9831099941943847,1458,1487,1462,1.9237867650140856,-1.689000580561526,0.2347861844525596,512.433584475737,-449.8942592904277,62.53932518530928,29,-25,4,-115.0,-7.428940568475452,581.1527586132978,537.9792655638603,-43.173493049437525,1548,1433,-115,26626.980000000003,9.734307159425953,0.03655805937971919,91.40861219607015,99.07765480399782,437.98271060941113,0.9223451960021833,120.2693256037503,Review 100yr value: lower than expected return-period progression,99.13429595574367,98.84345307652187
Barangay 395,1228.0,97270.12040059923,87799.01179662115,90.26308534936312,97068.735994722,99.79296375387648,89261.5923757978,91.7667131573201,False,True,False,395,BARANGAY 395,1380606001.0,City of Manila - Sampaloc,133906000,133906001,632.0,1222.0,0.09723479,U,No,32411.5948848236,39155.1002912097,24308.6962509015,36567.6123211391,32411.5948848236,39155.1002912097,0.012624637400905643,126.24637400905642,0.9026308534936313,0.9979296375387647,0.917667131573201,1108,1225,1127,9.529878404513354,-8.02625059655638,1.503627807956974,9269.724198100841,-7807.143618924194,1462.580579176647,117,-98,19,590.0,93.35443037974683,64.97370388739712,125.62953504810012,60.655831160703,631,1219,588,97234.79000000001,35.33040059922496,0.03633514362423671,64.03159510712949,77.15641724721995,600.646559479169,22.63654650665653,-474.4001854701126,Review 100yr value: lower than expected return-period progression,95.50451847184547,94.1999939141256
Barangay 396,4237.0,45091.80229524715,40591.80229527597,90.02035897676792,45091.80229524715,100.0,41791.80229546776,92.68159658340552,False,True,False,396,BARANGAY 396,1380606002.0,City of Manila - Sampaloc,133906000,133906002,1709.0,1666.0,0.04507552,U,No,22537.7601279114,17798.3528263928,22537.7601895799,21838.0131024106,22537.7601279114,17798.3528263928,0.09396386447934453,939.6386447934452,0.9002035897676792,1.0,0.9268159658340552,3814,4237,3927,9.979641023232077,-7.318403416594478,2.6612376066375987,4499.99999997118,-3299.999999779393,1200.000000191787,423,-310,113,-43.0,-2.516091281451141,379.0045890847293,369.4684876624687,-9.536101422260572,1709,1666,-43,45075.520000000004,16.282295247146976,0.03612225715232342,64.03159510712949,77.15641724721995,600.646559479169,22.84358275278005,338.9920853142762,Review 100yr value: lower than expected return-period progression,95.50916153954557,94.5777283775542
Barangay 397,8835.0,41208.70735533412,36708.70735537865,89.07997777956754,41108.70735522381,99.75733283927588,37408.70735527882,90.77864790252048,False,True,False,397,BARANGAY 397,1380606003.0,City of Manila - Sampaloc,133906000,133906003,2111.0,4175.0,0.0411939,U,No,13731.3003564172,17398.39597145,13731.3000715547,18366.3751228495,13731.3003564172,17398.39597145,0.2143964362632788,2143.964362632788,0.8907997777956754,0.9975733283927588,0.9077864790252047,7870,8814,8020,10.677355059708333,-8.9786849367554,1.698670122952933,4399.99999984516,-3699.9999999449865,699.9999999001739,944,-794,150,2064.0,97.77356702984368,512.2703757235785,1013.1353949057035,500.865019182125,2106,4165,2059,41193.9,14.807355334116437,0.03594550487843209,64.03159510712949,77.15641724721995,600.646559479169,22.600915592055927,1543.317803153619,Review 100yr value: lower than expected return-period progression,94.95252306240712,93.49652009964663
Barangay 398,2413.0,20182.78923511468,18178.85415605508,90.07106968360404,20182.78923511468,100.0,18292.22574926073,90.63279379361164,False,True,False,398,BARANGAY 398,1380606004.0,City of Manila - Sampaloc,133906000,133906004,2228.0,3068.0,0.02017556,U,No,10087.7826955248,10046.4037469679,10087.782957104,9567.30876771253,10087.7826955248,10046.4037469679,0.11955731053276736,1195.5731053276734,0.9007106968360403,1.0,0.9063279379361164,2173,2413,2187,9.928930316395963,-9.36720620638836,0.5617241100076029,2003.9350790596,-1890.5634858539488,113.37159320565115,240,-226,14,840.0,37.70197486535009,1103.9108490136994,1520.107039844717,416.1961908310177,2228,3068,840,20175.559999999998,7.229235114682524,0.03583164539017764,64.03159510712949,77.15641724721995,600.646559479169,22.84358275278005,594.9265458485044,Review 100yr value: lower than expected return-period progression,95.53198135762182,93.77088493834566
Barangay 399,1647.0,15692.065971729504,13203.652718369354,84.14222029245083,15692.065971729504,100.0,12543.41893978079,79.9347833636358,False,True,True,399,BARANGAY 399,1380606005.0,City of Manila - Sampaloc,133906000,133906005,909.0,1068.0,0.01568643,U,No,7843.21478374129,7695.94217760453,7843.214776258,6570.32136952308,7843.21478374129,7695.94217760453,0.10495749909331255,1049.5749909331255,0.8414222029245083,1.0,0.799347833636358,1386,1647,1317,15.85777970754917,-20.065216636364198,-4.207436928815028,2488.4132533601496,-3148.6470319487144,-660.2337785885647,261,-330,-69,159.0,17.491749174917494,579.2736288756594,680.5987190750321,101.32509019937277,909,1068,159,15686.430000000002,5.635971729501762,0.03592896362972174,64.03159510712949,77.15641724721995,600.646559479169,22.84358275278005,448.9284314539565,Review 100yr value: lower than expected return-period progression,92.86399913160288,88.00946841856702
Barangay 400,1458.0,21405.47947454036,18593.892727985563,86.86510736702304,21405.47947454036,100.0,19254.12650643259,89.94952217413964,False,True,False,400,BARANGAY 400,1380606006.0,City of Manila - Sampaloc,133906000,133906006,1327.0,1504.0,0.02139781,U,No,10698.8992245392,10666.2532856745,10698.8992113099,9572.65431994513,10698.8992245392,10666.2532856745,0.0681134006708022,681.134006708022,0.8686510736702304,1.0,0.8994952217413964,1266,1458,1311,13.134892632976957,-10.050477825860355,3.0844148071166018,2811.5867465547963,-2151.3529681077707,660.2337784470255,192,-147,45,177.0,13.33835719668425,619.934723526437,702.6238313366702,82.68910781023317,1327,1504,177,21397.81,7.669474540358351,0.035842334053617406,64.03159510712949,77.15641724721995,600.646559479169,22.84358275278005,80.48744722885294,Review 100yr value: lower than expected return-period progression,94.08929831516038,92.69608571141163
Barangay 401,2112.0,36900.36246358744,26911.95453923729,72.9314097274613,36700.362463497215,99.45799990369312,33100.36246356415,89.70199817475219,False,True,False,401,BARANGAY 401,1380606007.0,City of Manila - Sampaloc,133906000,133906007,2058.0,2333.0,0.03688718,U,No,12295.7268073731,17130.6894507671,12295.7268163928,14968.352235966,12295.7268073731,17130.6894507671,0.057235210144184374,572.3521014418437,0.729314097274613,0.9945799990369312,0.897019981747522,1540,2101,1895,26.52659017623182,-9.75600172894093,16.77058844729089,9788.407924259925,-3599.999999933061,6188.407924326864,561,-206,355,275.0,13.362487852283772,557.7180988481603,632.2431120567336,74.52501320857334,2047,2320,273,36887.18,13.18246358743636,0.03573724960117949,64.03159510712949,77.15641724721995,600.646559479169,22.301582656473173,-28.294458037325285,Review 100yr value: lower than expected return-period progression,87.52103432438881,88.92395166805879
Barangay 402,2778.0,29522.008660449337,25360.038092538303,85.90214298837047,29522.008660449337,100.0,27954.725660124364,94.6911369807141,False,True,False,402,BARANGAY 402,1380606008.0,City of Manila - Sampaloc,133906000,133906008,3649.0,2758.0,0.02951147,U,No,14755.7329618713,14292.3876383864,14755.7329873392,13856.054085996,14755.7329618713,14292.3876383864,0.09409928815994452,940.9928815994451,0.8590214298837047,1.0,0.9469113698071411,2386,2778,2631,14.097857011629529,-5.308863019285894,8.788993992343634,4161.970567911034,-1567.2830003249728,2594.687567586061,392,-147,245,-891.0,-24.41764867086873,1236.0270068237492,934.2182748204715,-301.80873200327767,3649,2758,-891,29511.47,10.538660449336021,0.03571038802654026,64.03159510712949,77.15641724721995,600.646559479169,22.84358275278005,340.3463221202761,Review 100yr value: lower than expected return-period progression,93.65596434476672,94.35199053937826
Barangay 403,755.0,22846.547652639038,21108.51822053197,92.39259489647094,22846.54765263903,100.0,22304.81018413737,97.62879942852508,False,True,False,403,BARANGAY 403,1380606009.0,City of Manila - Sampaloc,133906000,133906009,1406.0,630.0,0.02283841,U,No,11419.1837640226,10629.7341194019,11419.1837324825,11019.3271606913,11419.1837640226,10629.7341194019,0.03304656841283365,330.46568412833653,0.9239259489647094,1.0,0.9762879942852508,698,755,737,7.607405103529061,-2.3712005714749154,5.2362045320541455,1738.0294321070614,-541.7374685016621,1196.2919636053994,57,-18,39,-776.0,-55.19203413940256,615.4102673966108,275.75282251768476,-339.65744487892607,1406,630,-776,22838.41,8.137652639037697,0.035631432481673185,64.03159510712949,77.15641724721995,600.646559479169,22.84358275278005,-270.1808753508325,Review 100yr value: lower than expected return-period progression,96.57666770341193,97.14966849552778
Barangay 404,1268.0,70634.45903223092,56134.45903267796,79.47177596003598,69134.4590320403,97.87639061622008,62643.479500953385,88.68685392262832,False,True,False,404,BARANGAY 404,1380606010.0,City of Manila - Sampaloc,133906000,133906010,903.0,723.0,0.07060897,U,No,17652.2553852285,29105.0624730534,23536.3405185687,29277.09711581,17652.2553852285,29105.0624730534,0.017951577988604743,179.5157798860474,0.7947177596003598,0.9787639061622008,0.8868685392262832,1008,1241,1125,18.404614656184094,-9.189536693591762,9.215077962592332,12999.999999362335,-6490.9795310869085,6509.0204682754265,233,-116,117,-180.0,-19.93355481727575,127.84128488730347,102.35797228518318,-25.483312602120293,884,708,-176,70608.96999999999,25.489032230936573,0.03609885858827366,64.03159510712949,77.15641724721995,600.646559479169,20.71997336900013,-421.1307795931216,Review 100yr value: lower than expected return-period progression,89.59431402093725,89.59942227473735
Barangay 405,1153.0,16247.941534460737,13232.066008682112,81.43841471005932,16247.941534460737,100.0,16047.941534370222,98.76907484147252,False,True,False,405,BARANGAY 405,1380606011.0,City of Manila - Sampaloc,133906000,133906011,1005.0,999.0,0.01624215,U,No,16242.1635623691,0.0,8121.08178118454,7921.15286424969,16242.1635623691,0.0,0.0709628353569939,709.6283535699389,0.8143841471005931,1.0,0.9876907484147252,939,1153,1139,18.56158528994068,-1.2309251585274836,17.330660131413197,3015.875525778625,-200.00000009051473,2815.8755256881104,214,-14,200,-6.0,-0.5970149253731344,618.539891880129,614.8471164062177,-3.692775473911297,1005,999,-6,16242.15,5.791534460737239,0.035657437351195746,64.03159510712949,77.15641724721995,600.646559479169,22.84358275278005,108.98179409076988,Review 100yr value: lower than expected return-period progression,91.64728661952671,94.86723361410384
Barangay 406,651.0,9585.225895311343,9091.335934115748,94.84738318543762,9585.225895311343,99.99999999999996,9485.225895288931,98.95672776922945,False,True,False,406,BARANGAY 406,1380606012.0,City of Manila - Sampaloc,133906000,133906012,622.0,449.0,0.00958182,U,No,9581.82330208272,0.0,9581.82330208272,0.0,9581.82330208272,0.0,0.06791702220794187,679.1702220794187,0.9484738318543762,0.9999999999999996,0.9895672776922945,617,651,644,5.152616814562336,-1.043272230770512,4.109344583791824,493.8899611955949,-100.00000002241177,393.8899611731831,34,-7,27,-173.0,-27.813504823151124,648.9153273938532,468.42923151099694,-180.48609588285626,622,449,-173,9581.82,3.4058953113435564,0.03554539024260064,64.03159510712949,77.15641724721995,600.646559479169,22.84358275278001,78.52366260024974,Review 100yr value: lower than expected return-period progression,97.68132243344691,98.29453690405117
Barangay 407,2637.0,28986.234260105208,21298.839314479148,73.47915263278439,28986.234260105208,100.0,27179.636163616316,93.7673928932004,False,True,False,407,BARANGAY 407,1380606013.0,City of Manila - Sampaloc,133906000,133906013,1155.0,1571.0,0.02897595,U,No,28975.9586415149,0.0,14487.9793462035,12695.2714000635,28975.9586415149,0.0,0.09097421818705845,909.7421818705845,0.734791526327844,1.0,0.937673928932004,1938,2637,2473,26.52084736721561,-6.232607106799605,20.288240260416003,7687.39494562606,-1806.5980964888913,5880.7968491371685,699,-164,535,416.0,36.01731601731602,398.4650057112344,541.981406036666,143.51640032543162,1155,1571,416,28975.95,10.284260105207068,0.03549240009458557,64.03159510712949,77.15641724721995,600.646559479169,22.84358275278005,309.09562239141553,Review 100yr value: lower than expected return-period progression,88.06561868475299,90.87674531547626
Barangay 408,1774.0,24622.60451963948,18509.48773926936,75.17274512737198,24622.60451963947,99.99999999999996,21422.60451957661,87.00381189361796,False,True,False,408,BARANGAY 408,1380606014.0,City of Manila - Sampaloc,133906000,133906014,1199.0,1768.0,0.0246139,U,No,24613.9019529037,0.0,12306.9508110182,9995.9125071282,24613.9019529037,0.0,0.07204761781333986,720.4761781333985,0.7517274512737199,0.9999999999999996,0.8700381189361797,1334,1774,1543,24.827254872627975,-12.996188106381993,11.831066766245982,6113.11678037011,-3200.0000000628606,2913.1167803072494,440,-231,209,569.0,47.456213511259385,486.95092310143457,718.0393928634999,231.0884697620653,1199,1768,569,24613.9,8.704519639479258,0.0353642439413472,64.03159510712949,77.15641724721995,600.646559479169,22.84358275278001,119.82961865422953,Review 100yr value: lower than expected return-period progression,88.82773530731737,88.59471103929016
Barangay 409,1673.0,29415.90580333068,29412.596595014053,99.98875027565444,29415.90580333068,100.0,28884.018656692395,98.19183828574111,False,True,True,409,BARANGAY 409,1380606015.0,City of Manila - Sampaloc,133906000,133906015,2379.0,1921.0,0.02940556,U,No,14702.7858453571,6336.90277356537,14702.7859880482,14699.477938514,14702.7858453571,6336.90277356537,0.0568739922946915,568.7399229469149,0.9998875027565444,1.0,0.9819183828574112,1673,1673,1643,0.011249724345560708,-1.8081617142588868,-1.7969119899133261,3.3092083166266093,-531.8871466382843,-528.5779383216577,0,-30,-30,-458.0,-19.25178646490122,808.7461307176992,653.0480525887768,-155.69807812892236,2379,1921,-458,29405.56,10.345803330677882,0.03518315356238032,64.03159510712949,77.15641724721995,600.646559479169,22.84358275278005,-31.906636532254083,Review 100yr value: lower than expected return-period progression,99.9949376240445,99.27392288321005
Barangay 410,2565.0,43844.58268237779,38861.944157021135,88.63568034972015,43844.58268237779,100.0,42233.45811447921,96.32537369651796,False,True,False,410,BARANGAY 410,1380606016.0,City of Manila - Sampaloc,133906000,133906016,1821.0,2424.0,0.04382918,U,No,21914.5864963459,19524.2554848545,14609.72435673,18161.1125019373,21914.5864963459,19524.2554848545,0.058502096338367844,585.0209633836785,0.8863568034972015,1.0,0.9632537369651796,2274,2565,2471,11.364319650279853,-3.674626303482043,7.68969334679781,4982.638525356655,-1611.1245678985797,3371.5139574580753,291,-94,197,603.0,33.113673805601316,415.330672250167,552.8619162736985,137.53124402353149,1821,2424,603,43829.18,15.40268237778946,0.03514252919582219,64.03159510712949,77.15641724721995,600.646559479169,22.84358275278005,-15.62559609549055,Review 100yr value: lower than expected return-period progression,94.88605615737407,95.68906956603722
Barangay 411,2182.0,31538.38349461864,28438.383494507165,90.1707073837807,31538.383494618636,99.99999999999996,29579.709738184403,93.78955564806154,False,True,False,411,BARANGAY 411,1380606017.0,City of Manila - Sampaloc,133906000,133906017,1263.0,1903.0,0.0315273,U,No,15763.6479890719,14055.6632200356,15763.6478373467,15163.858660743,15763.6479890719,14055.6632200356,0.06918553705748147,691.8553705748147,0.9017070738378069,0.9999999999999996,0.9378955564806154,1968,2182,2046,9.829292616219263,-6.2104443519384205,3.6188482642808424,3100.0000001114713,-1958.673756434233,1141.3262436772384,214,-136,78,640.0,50.67300079176563,400.46440560769526,603.3917370320222,202.92733142432695,1263,1903,640,31527.300000000003,11.083494618636905,0.035155229336596865,64.03159510712949,77.15641724721995,600.646559479169,22.84358275278001,91.20881109564573,Review 100yr value: lower than expected return-period progression,95.57681832270129,95.05849910516977
Barangay 412,2015.0,34625.388580060884,34504.244709286,99.65012993140924,34625.388580060884,100.0,34007.64137943855,98.21591258335202,False,True,True,412,BARANGAY 412,1380606018.0,City of Manila - Sampaloc,133906000,133906018,1646.0,1890.0,0.03461305,U,No,17306.5575566454,14479.557029489,11537.7049755813,15605.4957860964,17306.5575566454,14479.557029489,0.05819429276124695,581.9429276124696,0.9965012993140924,1.0,0.9821591258335203,2008,2015,1979,0.34987006859076075,-1.7840874166479779,-1.4342173480572171,121.14387077488209,-617.7472006223325,-496.60332984745037,7,-36,-29,244.0,14.823815309842042,475.37372647648874,545.8422497208771,70.4685232443884,1646,1890,244,34613.05,12.338580060881213,0.03564719104754193,64.03159510712949,77.15641724721995,600.646559479169,22.84358275278005,-18.703631866699425,Review 100yr value: lower than expected return-period progression,99.84255846913416,99.19889751619313
Barangay 413,1907.0,17206.286317655336,16567.800125956415,96.28922720503743,17206.286317655336,100.0,16802.252760149582,97.65182590800448,False,True,False,413,BARANGAY 413,1380606019.0,City of Manila - Sampaloc,133906000,133906019,2283.0,1702.0,0.01720021,U,No,17200.2013784345,0.0,8600.10038466638,8434.95503051716,17200.2013784345,0.0,0.11083158589795353,1108.3158589795353,0.9628922720503743,1.0,0.9765182590800449,1836,1907,1862,3.7107727949625655,-2.348174091995517,1.3625987029670483,638.4861916989212,-404.0335575057543,234.4526341931669,71,-45,26,-581.0,-25.448970652650022,1326.8406429209645,989.1733570965753,-337.6672858243892,2283,1702,-581,17200.21,6.076317655337334,0.035326996910719895,64.03159510712949,77.15641724721995,600.646559479169,22.84358275278005,507.66929950036626,Review 100yr value: lower than expected return-period progression,98.33015224226685,98.13303716446116
Barangay 414,1603.0,16300.604640869098,15256.383839403052,93.59397504281552,16300.604640869098,100.0,15026.606610358467,92.18435108034924,False,True,True,414,BARANGAY 414,1380606020.0,City of Manila - Sampaloc,133906000,133906020,1220.0,1716.0,0.01629489,U,No,16294.8355002236,0.0,8147.41805466264,7512.84672615027,16294.8355002236,0.0,0.09833991040927013,983.3991040927012,0.9359397504281551,1.0,0.9218435108034925,1500,1603,1478,6.406024957184485,-7.815648919650755,-1.40962396246627,1044.2208014660464,-1273.998030510631,-229.7772290445846,103,-125,-22,496.0,40.65573770491803,748.4384946931351,1052.721685978213,304.2831912850778,1220,1716,496,16294.89,5.71464086909873,0.03507014081775778,64.03159510712949,77.15641724721995,600.646559479169,22.84358275278005,382.7525446135322,Review 100yr value: lower than expected return-period progression,97.11728876926699,95.27223419284357
Barangay 415,795.0,23617.937408575486,12015.61472869298,50.87495373042273,19717.937409096736,83.48712704242035,14824.535504840876,62.76812089212416,False,True,False,415,BARANGAY 415,1380606021.0,City of Manila - Sampaloc,133906000,133906021,840.0,884.0,0.02360955,U,No,7869.84898829493,8095.21000149041,7869.84908337855,4997.03908917575,7869.84898829493,8095.21000149041,0.03366085641802666,336.60856418026657,0.5087495373042273,0.8348712704242035,0.6276812089212416,404,664,499,32.61217331199762,-20.719006150296195,11.893167161701427,7702.322680403755,-4893.401904255859,2808.9207761478956,260,-165,95,44.0,5.238095238095238,355.66187913386653,374.29178708849764,18.629907954631108,701,738,37,23609.55,8.387408575486916,0.03552549106394199,64.03159510712949,77.15641724721995,600.646559479169,6.330709795200406,-264.03799529890244,Review 100yr value: lower than expected return-period progression,68.81164905202144,67.04648125430248
Barangay 416,1099.0,28514.610564851424,22938.92355606672,80.44621021176567,28514.610564851424,100.0,23087.86522299488,80.96854477631959,False,True,False,416,BARANGAY 416,1380606022.0,City of Manila - Sampaloc,133906000,133906022,1078.0,821.0,0.02850444,U,No,14252.2205115526,11155.761987371,9501.48038049357,10104.2169798847,14252.2205115526,11155.761987371,0.038541645080528784,385.41645080528787,0.8044621021176568,1.0,0.8096854477631958,884,1099,890,19.553789788234326,-19.03145522368041,0.5223345645539155,5575.6870087847055,-5426.745341856546,148.94166692815998,215,-209,6,-257.0,-23.840445269016698,378.0518052484989,287.9225715297009,-90.12923371879799,1078,821,-257,28504.44,10.170564851425297,0.03568063379398191,64.03159510712949,77.15641724721995,600.646559479169,22.84358275278005,-215.23010867388115,Review 100yr value: lower than expected return-period progression,91.20079459529455,87.49897046346925
Barangay 417,1818.0,23981.491685979254,21856.088015542085,91.1373166512416,23981.491685979254,100.0,23481.491686007488,97.91505880235094,False,True,False,417,BARANGAY 417,1380606023.0,City of Manila - Sampaloc,133906000,133906023,1748.0,2011.0,0.02397314,U,No,11986.5699188725,11883.7696566169,11986.569645701,11686.6742808337,11986.5699188725,11883.7696566169,0.07580846195080064,758.0846195080063,0.9113731665124161,1.0,0.9791505880235094,1657,1818,1780,8.862683348758395,-2.0849411976490586,6.7777421511093365,2125.4036704371683,-499.99999997176565,1625.4036704654027,161,-38,123,263.0,15.045766590389015,728.8954427392712,838.5633497418046,109.66790700253341,1748,2011,263,23973.14,8.351685979254398,0.034837680751267454,64.03159510712949,77.15641724721995,600.646559479169,22.84358275278005,157.4380600288373,Review 100yr value: lower than expected return-period progression,96.01179249305872,96.95035268375078
Barangay 418,2977.0,37173.84196228936,35497.4373358141,95.49036489643478,37173.84196228935,99.99999999999996,36216.41662563939,97.4244649298794,False,True,False,418,BARANGAY 418,1380606024.0,City of Manila - Sampaloc,133906000,133906024,2977.0,2835.0,0.03716092,U,No,18580.4617784761,18535.1768921093,18580.4617416579,18404.1183129605,18580.4617784761,18535.1768921093,0.08008319406479396,800.8319406479395,0.9549036489643479,0.9999999999999996,0.9742446492987941,2843,2977,2900,4.509635103565174,-2.5755350701205515,1.9341000334446221,1676.404626475247,-957.4253366499615,718.9792898252854,134,-77,57,-142.0,-4.769902586496473,800.8319406479395,762.6330371974836,-38.19890345045587,2977,2835,-142,37160.92,12.921962289365183,0.03477298809977036,64.03159510712949,77.15641724721995,600.646559479169,22.84358275278001,200.1853811687705,Review 100yr value: lower than expected return-period progression,97.97066420339564,97.84237719606045
Barangay 419,1567.0,21947.90958154107,21564.75174453428,98.25423995126609,21947.90958154107,100.0,21716.919570415484,98.94755347762204,False,True,False,419,BARANGAY 419,1380606025.0,City of Manila - Sampaloc,133906000,133906025,2016.0,1696.0,0.02194024,U,No,10970.1191672129,4429.03611330579,7313.41273575276,9922.31611526992,10970.1191672129,4429.03611330579,0.07139632110193764,713.9632110193764,0.9825423995126609,1.0,0.9894755347762204,1540,1567,1551,1.7457600487339135,-1.0524465223779629,0.6933135263559507,383.15783700679094,-230.99001112558472,152.16782588120623,27,-16,11,-320.0,-15.873015873015872,918.5385024984447,772.7387401971042,-145.79976230134048,2016,1696,-320,21940.239999999998,7.6695815410712385,0.03495668935741469,64.03159510712949,77.15641724721995,600.646559479169,22.84358275278005,113.31665154020743,Review 100yr value: lower than expected return-period progression,99.21440797806974,99.14258137886534
Barangay 420,2890.0,38180.857711192686,36828.845208344894,96.45892579712412,37880.85771115807,99.21426594891116,35802.3810341199,93.7704996177298,False,True,True,420,BARANGAY 420,1380606026.0,City of Manila - Sampaloc,133906000,133906026,2811.0,3134.0,0.03816753,U,No,12722.5094756699,14937.6768407745,9541.88215112233,15478.605849405,12722.5094756699,14937.6768407745,0.07569238024615667,756.9238024615668,0.9645892579712413,0.9921426594891116,0.937704996177298,2788,2867,2710,2.7553401517870384,-5.443766331181365,-2.6884261793943267,1052.0125028131733,-2078.4766770381684,-1026.464174224995,79,-157,-78,323.0,11.490572749911063,736.2328057852817,820.830171942751,84.59736615746931,2789,3109,320,38167.53,13.327711192687275,0.034918977446765025,64.03159510712949,77.15641724721995,600.646559479169,22.057848701691213,156.27724298239775,Review 100yr value: lower than expected return-period progression,97.974362880607,96.34792437849185
Barangay 421,1264.0,29674.664534270225,27680.58699200797,93.28020190435728,29674.66453427022,100.0,27378.15860288597,92.26105512083514,False,True,True,421,BARANGAY 421,1380606027.0,City of Manila - Sampaloc,133906000,133906027,1351.0,1474.0,0.02966444,U,No,14832.2179692162,11350.2793946331,9888.14533076847,12148.8416852111,14832.2179692162,11350.2793946331,0.042595258272936865,425.95258272936866,0.9328020190435728,1.0,0.9226105512083513,1179,1264,1166,6.719798095642716,-7.738944879164862,-1.019146783522146,1994.07754226225,-2296.5059313842503,-302.4283891220002,85,-98,-13,123.0,9.104367135455218,455.27052157229195,496.72002131573527,41.44949974344331,1351,1474,123,29664.44,10.224534270226286,0.0344673092437487,64.03159510712949,77.15641724721995,600.646559479169,22.84358275278005,-174.69397674980036,Review 100yr value: lower than expected return-period progression,96.97609085696078,95.22447252442338
Barangay 422,2650.0,28016.218612916764,23585.89820549972,84.18658681734279,28016.21861291676,100.0,27363.893128894026,97.671614813421,False,True,False,422,BARANGAY 422,1380606028.0,City of Manila - Sampaloc,133906000,133906028,2283.0,2304.0,0.02800655,U,No,14003.270458373,13652.5335960267,9335.51359333258,12402.9329067218,14003.270458373,13652.5335960267,0.09458806831191088,945.8806831191088,0.8418658681734279,1.0,0.97671614813421,2231,2650,2588,15.813413182657214,-2.3283851865789984,13.485027996078216,4430.320407417039,-652.3254840227346,3777.9949233943044,419,-62,357,21.0,0.9198423127463863,814.8851319097831,822.3807901533685,7.495658243585353,2283,2304,21,28006.550000000003,9.668612916761049,0.0345226845747193,64.03159510712949,77.15641724721995,600.646559479169,22.84358275278005,345.23412363993975,Review 100yr value: lower than expected return-period progression,92.88396406780427,95.1152926297041
Barangay 423,1369.0,28622.035249073928,28012.844980890724,97.8716039482101,28622.035249073928,100.0,27905.359370474565,97.49606947108155,False,True,True,423,BARANGAY 423,1380606029.0,City of Manila - Sampaloc,133906000,133906029,1397.0,1307.0,0.02861212,U,No,14306.0572718301,13422.8955776309,9537.3716897732,13323.4480801404,14306.0572718301,13422.8955776309,0.04783028139287524,478.3028139287524,0.978716039482101,1.0,0.9749606947108156,1340,1369,1335,2.128396051789906,-2.5039305289184455,-0.3755344771285394,609.1902681832034,-716.6758785993625,-107.48561041615903,29,-34,-5,-90.0,-6.442376521116679,488.08548652919444,456.6411817420595,-31.444304787134968,1397,1307,-90,28612.120000000003,9.915249073925224,0.03465401750700481,64.03159510712949,77.15641724721995,600.646559479169,22.84358275278005,-122.3437455504166,Review 100yr value: lower than expected return-period progression,99.04222177669456,98.46632877548515
Barangay 424,2079.0,33156.13641856494,27109.306109616216,81.76256053294871,30967.513221734476,93.39904031880806,27391.11831024177,82.61251541631614,False,True,False,424,BARANGAY 424,1380606030.0,City of Manila - Sampaloc,133906000,133906030,2274.0,1900.0,0.03314465,U,No,8286.16344366983,12056.4628582146,8286.16226865831,11686.2614031909,8286.16344366983,12056.4628582146,0.06270332507245677,627.0332507245676,0.8176256053294871,0.9339904031880806,0.8261251541631615,1700,1942,1718,11.63647978585935,-10.78652490249192,0.8499548833674311,3858.20711211826,-3576.3949114927054,281.8122006255544,242,-224,18,-374.0,-16.44678979771328,685.8458932889209,573.0462608834432,-112.79963240547772,2124,1775,-349,33144.649999999994,11.486418564949417,0.03465542271512723,64.03159510712949,77.15641724721995,600.646559479169,16.242623071588113,26.386691245398538,Review 100yr value: lower than expected return-period progression,88.16262441517136,86.17531041134646
Barangay 425,1792.0,48720.81467542035,32589.54167522336,66.89038738850314,43152.18414087841,88.5703254930355,33315.952500487976,68.38135347785116,False,True,False,425,BARANGAY 425,1380606031.0,City of Manila - Sampaloc,133906000,133906031,1578.0,2087.0,0.048704,U,No,12176.0086880003,15966.7116406147,12176.00933689,13183.262838663,12176.0086880003,15966.7116406147,0.036780994159033714,367.80994159033713,0.6689038738850315,0.885703254930355,0.6838135347785116,1199,1587,1225,21.679938104532354,-20.188972015184333,1.4909660893480208,10562.642465655048,-9836.231640390433,726.4108252646147,388,-362,26,509.0,32.25602027883397,323.88620972631253,428.35901121597857,104.47280148966604,1398,1848,450,48704.0,16.814675420348067,0.0345242185864571,64.03159510712949,77.15641724721995,600.646559479169,11.413908245815549,-232.83661788883188,Review 100yr value: lower than expected return-period progression,78.81435334599594,75.07475216082867
Barangay 426,1529.0,31297.33589721379,7699.086483605013,24.59981421067349,25328.859602006087,80.92976247304475,13429.677452235615,42.9099700253758,False,True,False,426,BARANGAY 426,1380606032.0,City of Manila - Sampaloc,133906000,133906032,1342.0,1786.0,0.03128667,U,No,7821.66906002107,10307.8484364678,10428.8966464534,3167.95068680595,7821.66906002107,10307.8484364678,0.048853998468799946,488.53998468799944,0.2459981421067349,0.8092976247304474,0.429099700253758,376,1237,656,56.32994826237126,-38.01979244766895,18.31015581470231,17629.773118401074,-11899.182149770471,5730.590968630602,861,-581,280,444.0,33.084947839046194,428.7904901578124,570.6556001653151,141.86511000750272,1086,1445,359,31286.670000000002,10.665897213788412,0.03409086749656774,64.03159510712949,77.15641724721995,600.646559479169,3.773345225824798,-112.10657479116958,Review 100yr value: lower than expected return-period progression,55.581285754977685,51.639358428384355
Barangay 427,395.0,19222.95623013861,11156.09173311484,58.03525534550101,19222.95623013861,100.0,13565.736754937832,70.57050222935462,False,True,False,427,BARANGAY 427,1380606033.0,City of Manila - Sampaloc,133906000,133906033,677.0,495.0,0.0192164,U,No,9608.18624125991,8979.50015376991,9608.18335992392,4914.70765079495,9608.18624125991,8979.50015376991,0.020548348301428338,205.48348301428337,0.58035255345501,1.0,0.7057050222935461,229,395,279,41.96474465449899,-29.429497770645384,12.53524688385361,8066.864497023771,-5657.219475200778,2409.645021822993,166,-116,50,-182.0,-26.88330871491876,352.18308354599964,257.5046179546083,-94.67846559139133,677,495,-182,19216.4,6.556230138608953,0.03411788960788156,64.03159510712949,77.15641724721995,600.646559479169,22.84358275278005,-395.16307646488565,Review 100yr value: lower than expected return-period progression,81.11586490547546,77.7370147281171
Barangay 428,924.0,28552.15058740853,9059.817858302444,31.730772190231487,17339.968424048948,60.73086638768238,10884.993647829882,38.1232006132321,False,True,False,428,BARANGAY 428,1380606034.0,City of Manila - Sampaloc,133906000,133906034,1351.0,1304.0,0.0285424,U,No,7135.59202993062,6481.73025520906,7135.59634618436,4133.18025704142,7135.59202993062,6481.73025520906,0.03236183548315562,323.61835483155625,0.3173077219023149,0.6073086638768238,0.381232006132321,293,561,352,29.000094197450895,-22.607665774450282,6.392428423000613,8280.150565746504,-6454.9747762190655,1825.1757895274386,268,-209,59,-47.0,-3.4789045151739453,473.1692612309875,456.7081544376075,-16.461106793379997,820,792,-28,28542.399999999998,9.750587408532738,0.03416176428237548,64.03159510712949,77.15641724721995,600.646559479169,-16.425550859537566,-277.02820464761277,Review 100yr value: lower than expected return-period progression,47.68082399882948,44.437776528539544
Barangay 429,3113.0,22949.372873175605,22784.13418924748,99.27998605957,22949.372873175605,100.0,22752.10557752849,99.14042402492971,False,True,True,429,BARANGAY 429,1380606035.0,City of Manila - Sampaloc,133906000,133906035,2428.0,2814.0,0.02294129,U,No,11470.6385337818,7855.3176866813,11470.6385083711,10494.3170975843,11470.6385337818,7855.3176866813,0.13564640816998677,1356.4640816998676,0.9927998605957,1.0,0.9914042402492972,3091,3113,3086,0.7200139404299932,-0.8595759750702854,-0.13956203464029215,165.23868392812437,-197.26729564711422,-32.02861171898985,22,-27,-5,386.0,15.897858319604612,1057.9809798802694,1226.1772971099992,168.19631722972986,2428,2814,386,22941.29,8.082873175604618,0.03523286256180284,64.03159510712949,77.15641724721995,600.646559479169,22.84358275278005,755.8175222206986,Review 100yr value: lower than expected return-period progression,99.67599372680651,99.47616612486439
Barangay 430,463.0,12513.370401982676,11613.370401935528,92.80769312235378,12513.370401982676,100.0,12113.370402086575,96.80341916648835,False,True,False,430,BARANGAY 430,1380606036.0,City of Manila - Sampaloc,133906000,133906036,595.0,508.0,0.01250894,U,No,12508.9351481237,0.0,12508.9351481237,0.0,12508.9351481237,0.0,0.0370004231575084,370.00423157508396,0.9280769312235378,1.0,0.9680341916648836,430,463,448,7.192306877646217,-3.1965808335116463,3.995726044134571,900.0000000471482,-399.99999989610114,500.00000015104706,33,-15,18,-87.0,-14.6218487394958,475.49139910836925,405.9657659614312,-69.52563314693805,595,508,-87,12508.94,4.430401982675903,0.035417884990062334,64.03159510712949,77.15641724721995,600.646559479169,22.84358275278005,-230.64232790408505,Review 100yr value: lower than expected return-period progression,96.76346190505922,96.92329094718379
Barangay 431,656.0,14301.73978057281,13301.73978060948,93.00784369380214,14301.73978057281,100.0,13101.739780441843,91.60941243133914,False,True,True,431,BARANGAY 431,1380606037.0,City of Manila - Sampaloc,133906000,133906037,787.0,700.0,0.01429668,U,No,14296.6803320125,0.0,7148.34016600624,6848.44633606568,14296.6803320125,0.0,0.04586854537033997,458.68545370339973,0.9300784369380214,1.0,0.9160941243133913,610,656,601,6.992156306197856,-8.390587568660862,-1.3984312624630064,999.999999963331,-1200.0000001309672,-200.00000016763624,46,-55,-9,-87.0,-11.054637865311308,550.2827013179506,489.4509414517985,-60.83175986615208,787,700,-87,14296.68,5.0597805728102685,0.035391297649596046,64.03159510712949,77.15641724721995,600.646559479169,22.84358275278005,-141.96110577576928,Review 100yr value: lower than expected return-period progression,96.85352966221097,94.8957258959862
Barangay 432,3132.0,56157.08095796342,52002.750248331125,92.60230297094316,56157.08095796342,100.0,54527.4861722089,97.0981490527003,False,True,False,432,BARANGAY 432,1380606038.0,City of Manila - Sampaloc,133906000,133906038,3544.0,3436.0,0.05613735,U,No,28068.6829524199,14053.4761731813,18712.4553163871,23534.9597412882,28068.6829524199,14053.4761731813,0.05577212965083547,557.7212965083547,0.9260230297094316,1.0,0.9709814905270029,2900,3132,3041,7.397697029056843,-2.9018509472997067,4.495846081757136,4154.330709632297,-1629.5947857545252,2524.7359238777717,232,-91,141,-108.0,-3.0474040632054176,631.0869332137961,611.8551643686803,-19.231768845115766,3544,3436,-108,56137.350000000006,19.730957963416586,0.03514764762393768,64.03159510712949,77.15641724721995,600.646559479169,22.84358275278005,-42.92526297081429,Review 100yr value: lower than expected return-period progression,96.67103633692443,96.9898353638159
Barangay 433,523.0,12352.144865751046,11939.23247522054,96.65716039588077,12352.144865751045,99.99999999999996,12152.144865790331,98.38084800547269,False,True,False,433,BARANGAY 433,1380606039.0,City of Manila - Sampaloc,133906000,133906039,456.0,464.0,0.01234779,U,No,12347.7861513207,0.0,12347.7861513207,0.0,12347.7861513207,0.0,0.04234082466520685,423.40824665206844,0.9665716039588077,0.9999999999999996,0.9838084800547269,506,523,515,3.3428396041191917,-1.6191519945272717,1.72368760959192,412.9123905305041,-199.99999996071347,212.91239056979066,17,-8,9,8.0,1.7543859649122806,369.166654824748,375.64326280412956,6.476607979381583,456,464,8,12347.79,4.354865751045509,0.035268382042823114,64.03159510712949,77.15641724721995,600.646559479169,22.84358275278001,-177.23831282710057,Review 100yr value: lower than expected return-period progression,98.49572217814632,98.51662930115926
Barangay 434,1582.0,20242.566998531816,16207.805682340657,80.06793646041137,20242.566998531816,100.0,20239.83429422079,99.98650020863845,False,True,False,434,BARANGAY 434,1380606040.0,City of Manila - Sampaloc,133906000,133906040,1134.0,1173.0,0.02023543,U,No,10117.7135329036,9668.71852170239,6745.14235381157,9094.80515553385,10117.7135329036,9668.71852170239,0.07815214345664469,781.5214345664469,0.8006793646041137,1.0,0.9998650020863845,1267,1582,1582,19.932063539588626,-0.013499791361553548,19.918563748227072,4034.7613161911595,-2.7327043110271916,4032.0286118801323,315,0,315,39.0,3.439153439153439,560.2056300874531,579.471961280937,19.266331193483893,1134,1173,39,20235.43,7.136998531816062,0.03526981404307228,64.03159510712949,77.15641724721995,600.646559479169,22.84358275278005,180.87487508727793,Review 100yr value: lower than expected return-period progression,91.03057140718514,95.01158419855823
Barangay 435,471.0,25651.13457469745,25459.35385086577,99.25234993690744,25651.13457469745,100.0,25551.13457469076,99.61015369626055,False,True,False,435,BARANGAY 435,1380606041.0,City of Manila - Sampaloc,133906000,133906041,847.0,592.0,0.02564212,U,No,12821.0568246883,12186.1833041745,25642.1136638829,0.0,12821.0568246883,12186.1833041745,0.018361760904899674,183.61760904899677,0.9925234993690744,1.0,0.9961015369626055,467,471,469,0.7476500630925642,-0.3898463037394464,0.3578037593531178,191.78072383168183,-100.00000000669024,91.78072382499158,4,-2,2,-255.0,-30.10625737898465,330.19981924522347,230.7890117983144,-99.41080744690908,847,592,-255,25642.120000000003,9.014574697448552,0.03515534089010016,64.03159510712949,77.15641724721995,600.646559479169,22.84358275278005,-417.02895043017224,Review 100yr value: lower than expected return-period progression,99.66355747160836,99.65714896273107
Barangay 436,967.0,20853.18766365963,20665.058379230755,99.09783920106985,20853.18766365963,100.0,20853.18766365963,100.0,False,False,False,436,BARANGAY 436,1380606042.0,City of Manila - Sampaloc,133906000,133906042,1186.0,964.0,0.0208459,U,No,10422.9529265538,8558.01982029875,20845.9059587792,0.0,10422.9529265538,8558.01982029875,0.04637180730335864,463.7180730335864,0.9909783920106985,1.0,1.0,958,967,967,0.9021607989301543,0.0,0.9021607989301543,188.12928442887642,0.0,188.12928442887642,9,0,9,-222.0,-18.718381112984822,568.7379882294038,462.27944405830124,-106.45854417110252,1186,964,-222,20845.9,7.287663659630198,0.03495969787646586,64.03159510712949,77.15641724721995,600.646559479169,22.84358275278005,-136.92848644558262,OK,99.59402764048144,99.77445980026746
Barangay 437,983.0,17798.35923713883,16598.359236862343,93.2578054848308,17798.35923713883,100.0,16698.359237118748,93.8196550290727,False,True,False,437,BARANGAY 437,1380606043.0,City of Manila - Sampaloc,133906000,133906043,1048.0,899.0,0.01779217,U,No,17792.1751229279,0.0,8896.08756146394,8496.22651634531,17792.1751229279,0.0,0.05522981005736919,552.298100573692,0.932578054848308,1.0,0.938196550290727,917,983,922,6.742194515169203,-6.180344970927294,0.5618495442419089,1200.0000002764864,-1100.0000000200816,100.00000025640475,66,-61,5,-149.0,-14.217557251908397,588.8183208557773,505.1027389783815,-83.71558187739578,1048,899,-149,17792.17,6.189237138831231,0.03478629722417913,64.03159510712949,77.15641724721995,600.646559479169,22.84358275278005,-48.34845890547706,Review 100yr value: lower than expected return-period progression,96.96601246817386,95.84231338283678
Barangay 438,648.0,12682.022952610949,12382.022952753265,97.63444679938922,12682.022952610949,100.0,12482.022952557689,98.42296453175804,False,True,False,438,BARANGAY 438,1380606044.0,City of Manila - Sampaloc,133906000,133906044,722.0,712.0,0.0126776,U,No,12677.5996695161,0.0,12677.5996695161,0.0,12677.5996695161,0.0,0.051095949157432416,510.95949157432415,0.9763444679938922,1.0,0.9842296453175804,633,648,638,2.3655532006107762,-1.5770354682419594,0.7885177323688168,299.9999998576841,-200.00000005326,99.99999980442408,15,-10,5,-10.0,-1.3850415512465373,569.3098038837377,561.4246265446278,-7.885177339109873,722,712,-10,12677.6,4.422952610948414,0.03488793313362477,64.03159510712949,77.15641724721995,600.646559479169,22.84358275278005,-89.68706790484487,Review 100yr value: lower than expected return-period progression,98.93550105972517,98.77779751255053
Barangay 439,821.0,17907.458138041657,15201.977974167,84.89188056161204,17907.458138041657,100.0,17433.5185614766,97.35339559131376,False,True,False,439,BARANGAY 439,1380606045.0,City of Manila - Sampaloc,133906000,133906045,1786.0,1052.0,0.01790119,U,No,17901.1993817948,0.0,8950.59933704324,7601.54905123747,17901.1993817948,0.0,0.04584681944646912,458.46819446469124,0.8489188056161204,1.0,0.9735339559131375,697,821,799,15.10811943838796,-2.646604408686244,12.461515029701715,2705.480163874656,-473.9395765650552,2231.5405873096006,124,-22,102,-734.0,-41.097424412094064,997.3498115882321,587.4647266465959,-409.88508494163625,1786,1052,-734,17901.190000000002,6.268138041654311,0.03501520313260911,64.03159510712949,77.15641724721995,600.646559479169,22.84358275278005,-142.17836501447778,Review 100yr value: lower than expected return-period progression,93.20134625272543,95.16432837692851
Barangay 440,918.0,12476.320572817276,11076.320572870243,88.77874296531563,12476.320572817274,100.0,11276.320572802431,90.38177968407336,False,True,False,440,BARANGAY 440,1380606046.0,City of Manila - Sampaloc,133906000,133906046,1017.0,1004.0,0.01247196,U,No,12471.9624554217,0.0,6235.98122771084,5636.19047500685,12471.9624554217,0.0,0.07357938541592848,735.7938541592848,0.8877874296531563,1.0,0.9038177968407336,815,918,830,11.22125703468437,-9.618220315926635,1.6030367187577355,1399.999999947031,-1200.000000014843,199.99999993218808,103,-88,15,-13.0,-1.27826941986234,815.1441717646978,804.7244330892396,-10.419738675458234,1017,1004,-13,12471.960000000001,4.36057281727517,0.03496301156574563,64.03159510712949,77.15641724721995,600.646559479169,22.84358275278005,135.1472946801158,Review 100yr value: lower than expected return-period progression,94.95043433439204,93.34739761495825
Barangay 441,666.0,12779.059241612398,12079.059241581255,94.52228848152036,12779.059241612398,100.0,12679.059241647905,99.217469783387,False,True,False,441,BARANGAY 441,1380606047.0,City of Manila - Sampaloc,133906000,133906047,944.0,856.0,0.01277458,U,No,12774.5805893615,0.0,12774.5805893615,0.0,12774.5805893615,0.0,0.05211651244493076,521.1651244493077,0.9452228848152037,1.0,0.99217469783387,630,666,661,5.477711518479637,-0.7825302166129973,4.69518130186664,700.0000000311429,-99.99999996449333,600.0000000666496,36,-5,31,-88.0,-9.322033898305085,738.7085247449645,669.8458656585696,-68.86265908639496,944,856,-88,12774.58,4.479241612398255,0.0350637094323121,64.03159510712949,77.15641724721995,600.646559479169,22.84358275278005,-79.48143502986136,Review 100yr value: lower than expected return-period progression,97.53502981668417,98.3175600337349
Barangay 442,688.0,16263.948976999984,14030.211543852378,86.26571298086033,16263.948976999984,100.0,15374.39206439872,94.53049862699856,False,True,False,442,BARANGAY 442,1380606048.0,City of Manila - Sampaloc,133906000,133906048,874.0,670.0,0.01625826,U,No,16258.2606708109,0.0,8129.13085281244,7637.8285360697,16258.2606708109,0.0,0.04230214943326188,423.0214943326188,0.8626571298086033,1.0,0.9453049862699856,594,688,650,13.734287019139671,-5.469501373001435,8.264785646138236,2233.7374331476058,-889.5569126012633,1344.1805205463424,94,-38,56,-204.0,-23.340961098398168,537.3848634399837,411.954071515777,-125.43079192420674,874,670,-204,16258.26,5.688976999983424,0.03499130288224831,64.03159510712949,77.15641724721995,600.646559479169,22.84358275278005,-177.62506514655024,Review 100yr value: lower than expected return-period progression,93.81957084138716,94.3786276960145
Barangay 443,1084.0,16085.793921151324,14131.690200914709,87.85199083231353,16085.793921151322,100.0,14348.96797164496,89.20273405204702,False,True,False,443,BARANGAY 443,1380606049.0,City of Manila - Sampaloc,133906000,133906049,1471.0,1382.0,0.01608019,U,No,8040.09359049518,8014.95749299607,8040.09342655074,7035.83359688072,8040.09359049518,8014.95749299607,0.06738865394605364,673.8865394605365,0.8785199083231353,1.0,0.8920273405204702,952,1084,967,12.148009167686467,-10.79726594795298,1.3507432197334879,1954.1037202366133,-1736.825949506363,217.27777073025027,132,-117,15,-89.0,-6.0503059143439835,914.4714940465399,859.1431711572523,-55.32832288928762,1471,1382,-89,16080.19,5.603921151323448,0.03484984413320644,64.03159510712949,77.15641724721995,600.646559479169,22.84358275278005,73.23997998136747,Review 100yr value: lower than expected return-period progression,94.5333958745411,92.64409132889719
Barangay 444,582.0,16174.835178700105,13295.41386918402,82.19814126262095,16166.556564590404,99.94881793837008,14764.15117426035,91.27852624861724,False,True,False,444,BARANGAY 444,1380606050.0,City of Manila - Sampaloc,133906000,133906050,1016.0,941.0,0.01616921,U,No,8084.6078146596,8076.33220573954,5389.73885682115,7229.48643454959,8084.6078146596,8076.33220573954,0.035981819509753585,359.8181950975358,0.8219814126262095,0.9994881793837008,0.9127852624861724,478,582,531,17.750676675749133,-8.670291689752844,9.08038498599629,2871.1426954063845,-1402.4053903300537,1468.7373050763308,104,-51,53,-75.0,-7.381889763779527,628.1362306170041,581.767906506497,-46.36832411050716,1015,941,-74,16169.21,5.625178700105607,0.03478944673305379,64.03159510712949,77.15641724721995,600.646559479169,22.792400691150135,-240.8283643816332,Review 100yr value: lower than expected return-period progression,91.96101343428299,92.04303209353166
Barangay 445,941.0,12782.791879772843,12782.791879772843,100.0,12782.791879772843,100.0,12682.791879725111,99.2176982854116,False,True,True,445,BARANGAY 445,1380606051.0,City of Manila - Sampaloc,133906000,133906051,891.0,931.0,0.01277834,U,No,12778.3413526565,0.0,12778.3413526565,0.0,12778.3413526565,0.0,0.0736145913076324,736.1459130763241,1.0,1.0,0.992176982854116,941,941,934,0.0,-0.7823017145883995,-0.7823017145883995,0.0,-100.0000000477321,-100.0000000477321,0,-7,-7,40.0,4.489337822671156,697.0308273655735,728.3228959341739,31.29206856860037,891,931,40,12778.339999999998,4.451879772845132,0.034839265294593295,64.03159510712949,77.15641724721995,600.646559479169,22.84358275278005,135.49935359715505,Review 100yr value: lower than expected return-period progression,100.0,99.68707931416463
Barangay 446,769.0,14107.570908765529,12592.052798289526,89.25741277306388,14107.330539100449,99.9982961654658,12858.402597680237,91.14540469678492,False,True,False,446,BARANGAY 446,1380606052.0,City of Manila - Sampaloc,133906000,133906052,798.0,1002.0,0.01410268,U,No,7051.34200523875,7051.10175637508,4700.89492565652,6277.39933710403,7051.34200523875,7051.10175637508,0.05450973842153034,545.0973842153035,0.8925741277306387,0.999982961654658,0.9114540469678493,686,769,701,10.740883392401926,-8.85289146868088,1.8879919237210459,1515.2777408109232,-1248.927941420212,266.34979939071127,83,-68,15,204.0,25.563909774436087,565.6537225017063,710.2569297577816,144.60320725607528,798,1002,204,14102.68,4.890908765528366,0.034680704415957574,64.03159510712949,77.15641724721995,600.646559479169,22.841878918245854,-55.54917526386555,Review 100yr value: lower than expected return-period progression,95.16489863888495,93.77191872989297
Barangay 447,1259.0,13032.740683813754,12675.800461920431,97.2612036826864,13032.740683813754,100.0,12832.740683729062,98.46540336421268,False,True,False,447,BARANGAY 447,1380606053.0,City of Manila - Sampaloc,133906000,133906053,1591.0,1454.0,0.01302817,U,No,13028.1649162099,0.0,13028.1649162099,0.0,13028.1649162099,0.0,0.09660285818190471,966.0285818190471,0.972612036826864,1.0,0.9846540336421268,1225,1259,1240,2.7387963173136,-1.5345966357873237,1.2041996815262763,356.9402218933228,-200.00000008469215,156.94022180863067,34,-19,15,-137.0,-8.610936517913261,1220.7716232518696,1115.651753744952,-105.11986950691767,1591,1454,-137,13028.17,4.570683813753931,0.0350830839154995,64.03159510712949,77.15641724721995,600.646559479169,22.84358275278005,365.38202233987806,Review 100yr value: lower than expected return-period progression,98.76754165720888,98.70146226635669
Barangay 448,1167.0,18348.684982136325,15907.818170583398,86.6973201952659,18348.684982136325,100.0,17352.219344394256,94.56928036689172,False,True,False,448,BARANGAY 448,1380606054.0,City of Manila - Sampaloc,133906000,133906054,1229.0,1375.0,0.01834225,U,No,18342.2607096341,0.0,9171.13037528936,8151.80955899699,18342.2607096341,0.0,0.0636012881106277,636.012881106277,0.866973201952659,1.0,0.9456928036689172,1012,1167,1104,13.302679804734098,-5.430719633108282,7.871960171625815,2440.866811552927,-996.4656377420688,1444.4011738108584,155,-63,92,146.0,11.879576891781937,669.802768534374,749.3725034456991,79.5697349113251,1229,1375,146,18342.25,6.434982136324834,0.035082839544357064,64.03159510712949,77.15641724721995,600.646559479169,22.84358275278005,35.366321627107936,Review 100yr value: lower than expected return-period progression,94.01379408786966,94.50204219557315
Barangay 449,1360.0,16571.54894257104,16056.523998097984,96.89211342730916,16571.54894257104,100.0,16271.548942565803,98.1896683222257,False,True,False,449,BARANGAY 449,1380606055.0,City of Manila - Sampaloc,133906000,133906055,1562.0,1402.0,0.01656571,U,No,8282.85866647057,8184.59086697079,16565.7178255226,0.0,8282.85866647057,8184.59086697079,0.08206836939100268,820.6836939100268,0.9689211342730916,1.0,0.981896683222257,1318,1360,1335,3.1078865726908447,-1.8103316777743004,1.2975548949165443,515.0249444730562,-300.00000000523687,215.0249444678193,42,-25,17,-160.0,-10.243277848911651,942.579360211369,846.0283373984247,-96.55102281294432,1562,1402,-160,16565.71,5.838942571041116,0.035247161582818466,64.03159510712949,77.15641724721995,600.646559479169,22.84358275278005,220.0371344308578,Review 100yr value: lower than expected return-period progression,98.60145104228913,98.49889568571757
Barangay 450,1603.0,33803.94996073418,30636.17162186189,90.62896986135672,33803.94996073418,100.0,33803.94996073418,100.0,False,False,False,450,BARANGAY 450,1380606056.0,City of Manila - Sampaloc,133906000,133906056,2020.0,1835.0,0.03379196,U,No,16896.0302329057,15621.4167422776,16896.0305229612,16796.0656857604,16896.0302329057,15621.4167422776,0.04742049381394792,474.20493813947917,0.9062896986135672,1.0,1.0,1453,1603,1603,9.371030138643277,0.0,9.371030138643277,3167.778338872289,0.0,3167.778338872289,150,0,150,-185.0,-9.158415841584159,597.5633032075782,542.8359709831218,-54.727332224456404,2020,1835,-185,33791.96000000001,11.9899607341722,0.035481696634856924,64.03159510712949,77.15641724721995,600.646559479169,22.84358275278005,-126.44162133968985,OK,95.78303643761053,97.65724246533918
Barangay 451,1030.0,19550.159454218323,19550.159454218323,100.0,19550.159454218323,100.0,19550.159454218323,100.0,False,False,False,451,BARANGAY 451,1380606057.0,City of Manila - Sampaloc,133906000,133906057,1598.0,1027.0,0.01954327,U,No,9771.63499497873,8707.39000827854,19543.2710060105,0.0,9771.63499497873,8707.39000827854,0.05268499228418097,526.8499228418096,1.0,1.0,1.0,1030,1030,1030,0.0,0.0,0.0,0.0,0.0,0.0,0,0,0,-571.0,-35.732165206508135,817.3846375739921,525.3154085034355,-292.0692290705566,1598,1027,-571,19543.27,6.8894542183224985,0.03525231047988642,64.03159510712949,77.15641724721995,600.646559479169,22.84358275278005,-73.79663663735937,OK,100.0,100.0
Barangay 452,693.0,21503.950216968256,21403.95021693479,99.53496916136572,21503.950216968256,100.0,21503.950216968256,100.0,False,False,False,452,BARANGAY 452,1380606058.0,City of Manila - Sampaloc,133906000,133906058,977.0,1039.0,0.02149635,U,No,10748.1748399767,9018.29208299831,21496.3492188901,0.0,10748.1748399767,9018.29208299831,0.03222663710657078,322.2663710657078,0.9953496916136573,1.0,1.0,690,693,693,0.4650308386342772,0.0,0.4650308386342772,100.00000003346577,0.0,100.00000003346577,3,0,3,62.0,6.345957011258956,454.33512919364574,483.1670411793224,28.83191198567664,977,1039,62,21496.350000000002,7.600216968254244,0.03535584863595096,64.03159510712949,77.15641724721995,600.646559479169,22.84358275278005,-278.3801884134612,OK,99.79073612261459,99.88374229034143
Barangay 453,1066.0,20013.23685764156,18473.953935622307,92.30867583805409,20013.236857641557,99.99999999999996,20013.236857641557,99.99999999999996,False,False,False,453,BARANGAY 453,1380606059.0,City of Manila - Sampaloc,133906000,133906059,1464.0,1492.0,0.02000619,U,No,10003.0935941292,9991.30891558627,20006.1868933029,0.0,10003.0935941292,9991.30891558627,0.053264747106262035,532.6474710626203,0.9230867583805409,0.9999999999999996,0.9999999999999996,984,1066,1066,7.691324161945872,0.0,7.691324161945872,1539.2829220192507,0.0,1539.2829220192507,82,0,82,28.0,1.912568306010929,731.5158514405967,745.5065917686956,13.99074032809881,1464,1492,28,20006.19,7.046857641562383,0.0352233865696686,64.03159510712949,77.15641724721995,600.646559479169,22.84358275278001,-67.99908841654872,OK,96.53890412712431,98.0771689595135
Barangay 454,936.0,19797.096088198567,19306.35018964536,97.52112180308228,19797.096088198567,100.0,19207.99659688245,97.0243136231112,False,True,True,454,BARANGAY 454,1380606060.0,City of Manila - Sampaloc,133906000,133906060,1268.0,1153.0,0.01979008,U,No,9895.04020241578,6367.61135535813,9895.03914377606,9701.05024352338,9895.04020241578,6367.61135535813,0.04727966141246179,472.79661412461786,0.9752112180308228,1.0,0.970243136231112,913,936,908,2.4788781969177194,-2.9756863768888024,-0.49680817997108306,490.74589855320664,-589.0994913161157,-98.3535927629091,23,-28,-5,-115.0,-9.069400630914828,640.49797725429,582.4086496641928,-58.08932759009724,1268,1153,-115,19790.08,7.01608819856483,0.035452550967781986,64.03159510712949,77.15641724721995,600.646559479169,22.84358275278005,-127.84994535455115,Review 100yr value: lower than expected return-period progression,98.88450481138703,98.19000590001505
Barangay 455,1287.0,18707.506052253422,18619.431825941043,99.52920380692984,18707.506052253422,100.0,18607.506052201912,99.46545520406517,False,True,True,455,BARANGAY 455,1380606061.0,City of Manila - Sampaloc,133906000,133906061,1416.0,1274.0,0.0187009,U,No,9350.44927037362,5019.94604635073,9350.44931187481,8086.74650980799,9350.44927037362,5019.94604635073,0.06879591520137307,687.9591520137308,0.9952920380692984,1.0,0.9946545520406517,1281,1287,1280,0.4707961930701572,-0.5345447959348348,-0.06374860286467765,88.07422631237932,-100.00000005151014,-11.925773739130818,6,-7,-1,-142.0,-10.028248587570623,756.9154306538016,681.0100696701577,-75.90536098364396,1416,1274,-142,18700.899999999998,6.606052253424423,0.03532478251541061,64.03159510712949,77.15641724721995,600.646559479169,22.84358275278005,87.31259253456176,Review 100yr value: lower than expected return-period progression,99.78814171311843,99.66848303335853
Barangay 456,1589.0,24638.84043840814,23054.16563853173,93.56838726303796,24638.840438408137,100.0,24227.93992960955,98.33230581680272,False,True,False,456,BARANGAY 456,1380606062.0,City of Manila - Sampaloc,133906000,133906062,2094.0,1530.0,0.02463009,U,No,12315.0530750719,12194.5557496489,12315.0538951503,12309.113771868,12315.0530750719,12194.5557496489,0.06449167135004433,644.9167135004434,0.9356838726303797,1.0,0.9833230581680271,1487,1589,1563,6.4316127369620375,-1.667694183197284,4.7639185537647535,1584.6747998764076,-410.9005087985861,1173.7742910778215,102,-26,76,-564.0,-26.93409742120344,849.8776576903263,620.9707814069719,-228.90687628335434,2094,1530,-564,24630.09,8.750438408140326,0.035527431723312124,64.03159510712949,77.15641724721995,600.646559479169,22.84358275278005,44.27015402127438,Review 100yr value: lower than expected return-period progression,97.1057742683671,97.72501914248058
Barangay 457,2895.0,24566.977466892506,22630.15236947392,92.11614412058329,24566.9774668925,99.99999999999996,23025.12361879997,93.7238764916425,False,True,False,457,BARANGAY 457,1380606063.0,City of Manila - Sampaloc,133906000,133906063,806.0,2445.0,0.02455824,U,No,12279.1107074943,11676.278226645,12279.1110326573,11520.8491721554,12279.1107074943,11676.278226645,0.11784111431296032,1178.4111431296033,0.9211614412058329,0.9999999999999996,0.937238764916425,2667,2895,2713,7.8838558794166715,-6.276123508357458,1.607732371059214,1936.8250974185794,-1541.8538480925272,394.9712493260522,228,-182,46,1639.0,203.3498759305211,328.08268786268053,995.2384265809602,667.1557387182797,806,2445,1639,24558.239999999998,8.737466892507655,0.035578554865933615,64.03159510712949,77.15641724721995,600.646559479169,22.84358275278001,577.7645836504342,Review 100yr value: lower than expected return-period progression,96.45226485426247,95.5185866268028
Barangay 458,1649.0,34093.54154088504,27113.599474341325,79.52708415999155,34093.54154088504,100.0,31203.12734624851,91.52210634624058,False,True,False,458,BARANGAY 458,1380606064.0,City of Manila - Sampaloc,133906000,133906064,2555.0,1462.0,0.03408137,U,No,17040.6915891124,16987.8261992955,17040.6913401506,15961.7369946596,17040.6915891124,16987.8261992955,0.04836693184316203,483.6693184316203,0.7952708415999155,1.0,0.9152210634624057,1311,1649,1509,20.472915840008454,-8.477893653759423,11.995022186249031,6979.942066543714,-2890.414194636527,4089.5278719071866,338,-140,198,-1093.0,-42.77886497064579,749.4087984189144,428.8202204651479,-320.58857795376656,2555,1462,-1093,34081.37,12.171540885035938,0.0357131796199388,64.03159510712949,77.15641724721995,600.646559479169,22.84358275278005,-116.97724104754872,Review 100yr value: lower than expected return-period progression,90.7871878719962,91.49061357849412
Barangay 459,1049.0,20512.083549209547,19765.744537362625,96.36146659574383,20512.083549209543,99.99999999999996,19561.08157069804,95.3636987864738,False,True,True,459,BARANGAY 459,1380606065.0,City of Manila - Sampaloc,133906000,133906065,615.0,752.0,0.02050474,U,No,10252.3706950076,9125.41519453395,10252.3711928232,10231.5553009308,10252.3706950076,9125.41519453395,0.05114058732665528,511.40587326655276,0.9636146659574384,0.9999999999999996,0.953636987864738,1011,1049,1000,3.6385334042561226,-4.636301213526153,-0.9977678092700302,746.3390118469179,-951.0019785115037,-204.66296666458584,38,-49,-11,137.0,22.276422764227643,299.82327174349854,366.6131713026193,66.78989955912078,615,752,137,20504.74,7.343549209545017,0.035813910391182806,64.03159510712949,77.15641724721995,600.646559479169,22.84358275278001,-89.24068621261625,Review 100yr value: lower than expected return-period progression,98.3626599680847,97.23584616352547
Barangay 460,861.0,34069.16446042203,29751.26445768898,87.32607602470225,34069.16446042202,99.99999999999996,31518.66556426759,92.51376153026196,False,True,False,460,BARANGAY 460,1380606066.0,City of Manila - Sampaloc,133906000,133906066,925.0,789.0,0.03405703,U,No,17028.517477878,16084.3588851236,17028.5172863806,16288.9674029911,17028.517477878,16084.3588851236,0.025272119631821886,252.72119631821886,0.8732607602470225,0.9999999999999996,0.9251376153026196,752,861,797,12.673923975297711,-7.486238469737998,5.187685505559713,4317.90000273304,-2550.4988961544295,1767.4011065786108,109,-64,45,-136.0,-14.702702702702702,271.5065117239866,231.5877164867302,-39.918795237256404,925,789,-136,34057.03,12.134460422028496,0.03562982568365033,64.03159510712949,77.15641724721995,600.646559479169,22.84358275278001,-347.92536316095016,Review 100yr value: lower than expected return-period progression,94.29673421111599,93.83702361828034
Barangay 461,733.0,22146.78140838561,20595.551289758077,92.9956859643714,22146.78140838561,100.0,21371.113811369614,96.49760575718558,False,True,False,461,BARANGAY 461,1380606067.0,City of Manila - Sampaloc,133906000,133906067,912.0,863.0,0.02213892,U,No,11069.4591048216,10193.6685779273,11069.4589888991,10688.7630923717,11069.4591048216,10193.6685779273,0.03309736013028324,330.97360130283244,0.929956859643714,1.0,0.9649760575718558,682,733,707,7.004314035628596,-3.502394242814418,3.501919792814178,1551.2301186275326,-775.6675970159959,775.5625216115368,51,-26,25,-49.0,-5.37280701754386,411.7979868870166,389.67287574944663,-22.125111137569945,912,863,-49,22138.92,7.861408385611867,0.03550944845372705,64.03159510712949,77.15641724721995,600.646559479169,22.84358275278005,-269.6729581763366,Review 100yr value: lower than expected return-period progression,96.84805868396714,96.8479637939671
Barangay 462,1594.0,24547.50781736807,21852.042864953262,89.01939466739802,24547.507817368067,100.0,23144.653591163173,94.28514602524196,False,True,False,462,BARANGAY 462,1380606068.0,City of Manila - Sampaloc,133906000,133906068,734.0,1528.0,0.02453858,U,No,12269.3007387376,11680.2876873237,12269.3005207844,10931.7209382058,12269.3007387376,11680.2876873237,0.06493530878406316,649.3530878406316,0.8901939466739802,1.0,0.9428514602524196,1419,1594,1503,10.980605332601982,-5.714853974758043,5.265751357843939,2695.4649524148044,-1402.854226204894,1292.6107262099104,175,-91,84,794.0,108.17438692098094,299.01202413740504,622.4664480680584,323.4544239306534,734,1528,794,24538.58,8.927817368068645,0.03638277915049952,64.03159510712949,77.15641724721995,600.646559479169,22.84358275278005,48.706528361462574,Review 100yr value: lower than expected return-period progression,95.05872760032912,94.9689070769463
Barangay 463,856.0,13295.550965953964,13295.550965953964,100.0,13295.550965953964,100.0,13295.550965953964,100.0,False,False,False,463,BARANGAY 463,1380606069.0,City of Manila - Sampaloc,133906000,133906069,422.0,830.0,0.0132907,U,No,13290.7147841929,0.0,13290.7147841929,0.0,13290.7147841929,0.0,0.0643824390724361,643.824390724361,1.0,1.0,1.0,856,856,856,0.0,0.0,0.0,0.0,0.0,0.0,0,0,0,408.0,96.6824644549763,317.39940757672935,624.2689769874061,306.8695694106767,422,830,408,13290.7,4.850965953963168,0.036498950047500645,64.03159510712949,77.15641724721995,600.646559479169,22.84358275278005,43.17783124519201,OK,100.0,100.0
Barangay 464,3138.0,24099.38364396448,12086.364347208,50.15217204625458,23100.76804974866,95.85626085310314,12288.422971214804,50.99061101627947,False,True,False,464,BARANGAY 464,1380606070.0,City of Manila - Sampaloc,133906000,133906070,4242.0,2954.0,0.0240906,U,No,8030.20203207954,8751.06995559409,6022.65147074116,5078.09448800026,8030.20203207954,8751.06995559409,0.1302107990129403,1302.107990129403,0.5015217204625457,0.9585626085310314,0.5099061101627947,1574,3008,1600,45.70408880684856,-44.865649836823664,0.838438970024896,11014.403702540661,-10812.345078533857,202.05862400680417,1434,-1408,26,-1288.0,-30.363036303630363,1760.2109923929024,1225.757489752153,-534.4535026407493,4066,2832,-1234,24090.6,8.783643964481598,0.03646087670909649,64.03159510712949,77.15641724721995,600.646559479169,18.69984360588319,701.4614306502341,Review 100yr value: lower than expected return-period progression,75.28942089002129,66.48397871666154
Barangay 465,1292.0,12963.1013141839,12963.1013141839,100.0,12963.1013141839,100.0,12963.1013141839,100.0,False,False,False,465,BARANGAY 465,1380606071.0,City of Manila - Sampaloc,133906000,133906071,497.0,762.0,0.01295842,U,No,6479.20219166379,6478.71679915044,12958.4042503089,0.0,6479.20219166379,6478.71679915044,0.09966750769635088,996.6750769635088,1.0,1.0,1.0,1292,1292,1292,0.0,0.0,0.0,0.0,0.0,0.0,0,0,0,265.0,53.31991951710262,383.3959080889039,587.8222977137722,204.42638962486825,497,762,265,12958.42,4.681314183899303,0.03612565562699236,64.03159510712949,77.15641724721995,600.646559479169,22.84358275278005,396.0285174843398,OK,100.0,100.0
Barangay 466,1448.0,18753.670917025556,16397.903638821666,87.43836719420517,18453.670917068044,98.40031319049568,16465.188671828848,87.79715046018482,False,True,False,466,BARANGAY 466,1380606072.0,City of Manila - Sampaloc,133906000,133906072,530.0,1237.0,0.01874684,U,No,9373.42486610543,8973.57032900877,6248.94991076527,8342.65479736157,9373.42486610543,8973.57032900877,0.07721155001634536,772.1155001634536,0.8743836719420517,0.9840031319049568,0.8779715046018483,1266,1425,1271,10.96194599629051,-10.603162730310856,0.35878326597965327,2055.767278246378,-1988.4822452391963,67.28503300718148,159,-154,5,707.0,133.39622641509433,282.61133638579446,659.6041945457127,376.9928581599183,522,1217,695,18746.84,6.8309170255561185,0.036437698436409115,64.03159510712949,77.15641724721995,600.646559479169,21.24389594327573,171.46894068428458,Review 100yr value: lower than expected return-period progression,93.46743749216495,91.41856159929871
Barangay 467,1417.0,12414.969408785251,12159.157881390174,97.93949127885844,12414.96940878525,100.0,12404.146171829423,99.91282107430594,False,True,False,467,BARANGAY 467,1380606073.0,City of Manila - Sampaloc,133906000,133906073,820.0,1160.0,0.01241046,U,No,12410.4623192176,0.0,12410.4623192176,0.0,12410.4623192176,0.0,0.11413640689257623,1141.3640689257625,0.9793949127885844,1.0,0.9991282107430594,1388,1417,1416,2.0605087211415594,-0.0871789256940616,1.9733297954474978,255.81152739507525,-10.82323695582636,244.98829043924889,29,-1,28,340.0,41.46341463414634,660.4929686091215,934.3559068129036,273.86293820378216,820,1160,340,12410.46,4.5094087852521625,0.036335549087239016,64.03159510712949,77.15641724721995,600.646559479169,22.84358275278005,540.7175094465935,Review 100yr value: lower than expected return-period progression,99.07277107548632,99.45000124943698
Barangay 468,1364.0,13387.128700927113,12887.128700867155,96.26506914790976,13387.128700927113,100.0,12887.128700907611,96.26506914821196,False,True,False,468,BARANGAY 468,1380606074.0,City of Manila - Sampaloc,133906000,133906074,453.0,1300.0,0.01338228,U,No,6691.14252159523,6210.36826342987,6691.14232887328,6591.17849593898,6691.14252159523,6210.36826342987,0.10188891363280443,1018.8891363280443,0.9626506914790975,1.0,0.9626506914821197,1313,1364,1313,3.734930852090244,-3.734930851788036,3.022080363734858e-10,500.00000005995753,-500.0000000195014,4.0456143324263394e-08,51,-51,0,847.0,186.9757174392936,338.38473515880065,971.0820214270217,632.697286268221,453,1300,847,13382.28,4.848700927112077,0.036232248369575865,64.03159510712949,77.15641724721995,600.646559479169,22.84358275278005,418.2425768488753,Review 100yr value: lower than expected return-period progression,98.3192811165594,97.57229494626222
Barangay 469,2424.0,14146.71146760511,14146.711467605108,100.0,14146.711467605108,100.0,14146.711467605108,100.0,False,False,False,469,BARANGAY 469,1380606075.0,City of Manila - Sampaloc,133906000,133906075,513.0,1956.0,0.0141416,U,No,7070.80073173996,6196.18287714522,14141.6017406434,0.0,7070.80073173996,6196.18287714522,0.17134724247050456,1713.4724247050456,1.0,1.0,1.0,2424,2424,2424,0.0,0.0,0.0,0.0,0.0,0.0,0,0,0,1443.0,281.2865497076023,362.62844631752824,1382.6534912223883,1020.0250449048601,513,1956,1443,14141.6,5.111467605109283,0.036144903017404556,64.03159510712949,77.15641724721995,600.646559479169,22.84358275278005,1112.8258652258764,OK,100.0,100.0
Barangay 470,1487.0,273485.5560933386,250498.24313786265,91.594688478674,271985.55609346926,99.451524964866,258329.32514307392,94.4581237975537,False,True,False,470,BARANGAY 470,1380606076.0,City of Manila - Sampaloc,133906000,133906076,590.0,2260.0,0.27338703,U,No,68346.7580270117,110113.788648009,68346.7580558616,112571.071954676,68346.7580270117,110113.788648009,0.00543721584876862,54.3721584876862,0.91594688478674,0.99451524964866,0.944581237975537,1362,1479,1405,7.856836486191995,-4.9934011673122995,2.863435318879695,21487.312955606612,-13656.230950395344,7831.082005211269,117,-74,43,1670.0,283.0508474576271,21.573351383816316,82.63690530072012,61.0635539169038,587,2248,1661,273387.02999999997,98.52609333861619,0.03603905179357492,64.03159510712949,77.15641724721995,600.646559479169,22.295107717646047,-546.2744009914828,Review 100yr value: lower than expected return-period progression,95.9159485460796,95.48995537639308
Barangay 471,1773.0,35941.28976583042,33361.52894135251,92.82229201766012,35841.28976579114,99.72176847105148,31997.946038501304,89.02837446006716,False,True,True,471,BARANGAY 471,1380606077.0,City of Manila - Sampaloc,133906000,133906077,1016.0,1415.0,0.03592823,U,No,11976.079833988,16724.7292545021,11976.0798668723,16327.0595354694,11976.079833988,16724.7292545021,0.049330450063191686,493.3045006319169,0.9282229201766011,0.9972176847105148,0.8902837446006715,1646,1768,1578,6.899476453391358,-10.69339401098432,-3.7939175575929625,2479.7608244386283,-3843.3437272898336,-1363.5829028512053,122,-190,-68,399.0,39.27165354330709,282.68323330063595,393.6976133074802,111.01438000684425,1013,1411,398,35928.229999999996,13.059765830425022,0.03634959426174076,64.03159510712949,77.15641724721995,600.646559479169,22.565351223831527,-107.34205884725213,Review 100yr value: lower than expected return-period progression,96.61700406702536,93.7195417533099
Barangay 472,1126.0,16417.36056820439,14416.542820368,87.81279280841655,16417.36056820439,100.0,14517.360568071968,88.42688511201877,False,True,False,472,BARANGAY 472,1380606078.0,City of Manila - Sampaloc,133906000,133906078,1179.0,1122.0,0.01641154,U,No,5470.51333872655,5878.33004028303,5470.5132897608,5744.09472159717,5470.51333872655,5878.33004028303,0.06858593348925598,685.8593348925598,0.8781279280841655,1.0,0.8842688511201877,989,1126,996,12.187207191583454,-11.573114887981234,0.6140923036022201,2000.8177478363887,-1900.0000001324206,100.81774770396805,137,-130,7,-57.0,-4.8346055979643765,718.1422343146785,683.4228896531546,-34.719344661523905,1179,1122,-57,16411.539999999997,5.820568204391748,0.03546631336481372,64.03159510712949,77.15641724721995,600.646559479169,22.84358275278005,85.21277541339077,Review 100yr value: lower than expected return-period progression,94.51575676378745,92.32395224691163
Barangay 473,1395.0,17460.527703135715,17460.527703135715,100.0,17460.527703135715,100.0,17460.527703135715,100.0,False,False,False,473,BARANGAY 473,1380606079.0,City of Manila - Sampaloc,133906000,133906079,1498.0,1383.0,0.01745436,U,No,17454.3579164743,0.0,17454.3579164743,0.0,17454.3579164743,0.0,0.07989449252152177,798.9449252152176,1.0,1.0,1.0,1395,1395,1395,0.0,0.0,0.0,0.0,0.0,0.0,0,0,0,-115.0,-7.676902536715621,857.9351239945491,792.0722806972373,-65.86284329731188,1498,1383,-115,17454.359999999997,6.167703135717602,0.03533617466190455,64.03159510712949,77.15641724721995,600.646559479169,22.84358275278005,198.2983657360486,OK,100.0,100.0
Barangay 474,1614.0,25274.622478688834,24779.276239864084,98.04014386666935,25274.62247868883,100.0,25186.60456291721,99.6517537864479,False,True,False,474,BARANGAY 474,1380606080.0,City of Manila - Sampaloc,133906000,133906080,1652.0,1655.0,0.02526563,U,No,25265.6265590228,0.0,12632.8127935622,12515.1349294667,25265.6265590228,0.0,0.06385852059158943,638.5852059158942,0.9804014386666935,1.0,0.9965175378644789,1582,1614,1608,1.9598561333306463,-0.34824621355210184,1.6116099197785445,495.34623882474625,-88.0179157716193,407.32832305312695,32,-6,26,3.0,0.18159806295399517,653.6200496735175,654.8070110228036,1.1869613492860935,1652,1655,3,25265.63,8.992478688833216,0.035591745342717425,64.03159510712949,77.15641724721995,600.646559479169,22.84358275278005,37.93864643672521,Review 100yr value: lower than expected return-period progression,99.11806474000122,99.3707374812465
Barangay 475,1701.0,25935.623745367797,24635.623745242065,94.9875892213392,25935.623745367797,100.0,24835.623745435605,95.7587293418048,False,True,False,475,BARANGAY 475,1380606081.0,City of Manila - Sampaloc,133906000,133906081,1892.0,1664.0,0.02592654,U,No,12963.2177804314,10264.841308848,8642.14521100807,10823.2175041184,12963.2177804314,10264.841308848,0.06558546718213419,655.854671821342,0.9498758922133921,1.0,0.9575872934180479,1616,1701,1629,5.012410778660794,-4.241270658195205,0.7711401204655886,1300.0000001257322,-1099.9999999321917,200.00000019354047,85,-72,13,-228.0,-12.050739957716702,729.4985532545438,641.5885796065332,-87.90997364801058,1892,1664,-228,25926.54,9.083745367795927,0.035036473697592996,64.03159510712949,77.15641724721995,600.646559479169,22.84358275278005,55.20811234217297,Review 100yr value: lower than expected return-period progression,97.74441514960264,97.05038904205671
Barangay 476,1213.0,33359.81364620379,31496.270424057795,94.41380805687427,33359.81364620379,100.0,32871.3545987078,98.53578604282288,False,True,False,476,BARANGAY 476,1380606082.0,City of Manila - Sampaloc,133906000,133906082,1145.0,1268.0,0.03334796,U,No,16673.9795684335,16362.2165293264,16673.9775679121,16465.6936097289,16673.9795684335,16362.2165293264,0.03636111438943948,363.6111438943948,0.9441380805687427,1.0,0.9853578604282288,1145,1213,1195,5.586191943125726,-1.4642139571771224,4.121977985948604,1863.5432221459923,-488.4590474959841,1375.0841746500082,68,-18,50,123.0,10.74235807860262,343.22733698193076,380.09804654418184,36.87070956225108,1145,1268,123,33347.96000000001,11.853646203780954,0.03554534131557358,64.03159510712949,77.15641724721995,600.646559479169,22.84358275278005,-237.03541558477423,Review 100yr value: lower than expected return-period progression,97.48621362559342,98.01776643134772
Barangay 477,1082.0,22820.343388023502,16009.133887111748,70.15290530428044,22820.3433880235,100.0,21304.700289313238,93.35836857080028,False,True,False,477,BARANGAY 477,1380606083.0,City of Manila - Sampaloc,133906000,133906083,827.0,1045.0,0.02281219,U,No,22812.1941528842,0.0,11406.0971781707,10019.5583768256,22812.1941528842,0.0,0.04741383517339409,474.13835173394097,0.7015290530428043,1.0,0.9335836857080028,759,1082,1010,29.847094695719562,-6.64163142919972,23.205463266519843,6811.209500911751,-1515.6430987102613,5295.56640220149,323,-72,251,218.0,26.360338573155985,362.39594906096966,457.92474820884314,95.52879914787349,827,1045,218,22812.19,8.153388023503794,0.035741364698013624,64.03159510712949,77.15641724721995,600.646559479169,22.84358275278005,-126.50820774522805,Review 100yr value: lower than expected return-period progression,86.56880738692621,89.88157375439022
Barangay 478,935.0,25786.305237824872,23015.210918177665,89.25362011311957,25586.30523786068,99.22439450662044,23757.41334289484,92.13190150268626,False,True,False,478,BARANGAY 478,1380606084.0,City of Manila - Sampaloc,133906000,133906084,1079.0,1129.0,0.02577702,U,No,8592.37005331119,11825.463201377,8592.3712182014,11301.2530209721,8592.37005331119,11825.463201377,0.03625955682198654,362.59556821986536,0.8925362011311957,0.9922439450662044,0.9213190150268626,835,928,861,9.970774393500875,-7.09249300393418,2.8782813895666948,2571.094319683016,-1828.89189496584,742.2024247171757,93,-67,26,50.0,4.633920296570899,418.43916375319225,437.82930109115296,19.39013733796071,1071,1120,49,25777.02,9.285237824871729,0.03602137805251239,64.03159510712949,77.15641724721995,600.646559479169,22.067977259400493,-238.05099125930366,Review 100yr value: lower than expected return-period progression,94.73754602954506,93.89470370667155
Barangay 479,3179.0,50318.7554898333,34981.76478939826,69.52032984294728,49518.75548989063,98.41013556047842,42535.29052765256,84.53168229934987,False,True,False,479,BARANGAY 479,1380606085.0,City of Manila - Sampaloc,133906000,133906085,974.0,2307.0,0.05030078,U,No,16766.9321817905,22935.4824379954,16766.9322923342,18636.0809457518,16766.9321817905,22935.4824379954,0.06317723817001604,631.7723817001604,0.6952032984294728,0.9841013556047842,0.8453168229934986,2210,3128,2687,28.889805717531146,-13.878453261128556,15.01135245640259,14536.990700492373,-6983.4649622380675,7553.525738254306,918,-441,477,1333.0,136.85831622176593,193.5659955256232,458.4771577798899,264.91116225426674,959,2270,1311,50300.780000000006,17.97548983329034,0.03573600614799678,64.03159510712949,77.15641724721995,600.646559479169,21.253718313258474,31.12582222099138,Review 100yr value: lower than expected return-period progression,85.40972298758942,85.6363028266442
Barangay 480,1073.0,15720.289071621277,12133.95255524827,77.18657398707022,15720.289071621271,100.0,14013.373388508842,89.1419574071713,False,True,False,480,BARANGAY 480,1380606086.0,City of Manila - Sampaloc,133906000,133906086,820.0,810.0,0.01571466,U,No,15714.6602550149,0.0,7857.32990660099,6408.23763755715,15714.6602550149,0.0,0.06825574231564296,682.5574231564296,0.7718657398707022,1.0,0.891419574071713,828,1073,956,22.81342601292978,-10.858042592828696,11.955383420101086,3586.3365163730014,-1706.9156831124292,1879.4208332605722,245,-117,128,-10.0,-1.2195121951219512,521.6189067924253,515.2577006120298,-6.36120618039547,820,810,-10,15714.659999999998,5.629071621278854,0.03582051168322353,64.03159510712949,77.15641724721995,600.646559479169,22.84358275278005,81.91086367726064,Review 100yr value: lower than expected return-period progression,89.7339582941816,89.95342645963609
Barangay 481,1943.0,18759.28979874354,13223.810297121452,70.4920625407,18059.289798835794,96.2685154533162,15870.682400730277,84.60172304493778,False,True,False,481,BARANGAY 481,1380606087.0,City of Manila - Sampaloc,133906000,133906087,306.0,1004.0,0.01875256,U,No,9376.27856736071,8676.52971422006,6250.8527822843,6795.33953624894,9376.27856736071,8676.52971422006,0.10357534964517358,1035.7534964517358,0.7049206254070001,0.962685154533162,0.8460172304493778,1370,1870,1644,25.776452912616193,-11.666792408378413,14.10966050423778,4835.479501714342,-2188.607398105518,2646.8721036088245,500,-226,274,698.0,228.1045751633987,163.11918163367534,535.2014979091831,372.08231627550776,295,967,672,18752.56,6.729798743537685,0.03588736014462924,64.03159510712949,77.15641724721995,600.646559479169,19.11209820609625,435.1069369725668,Review 100yr value: lower than expected return-period progression,84.66911164263891,85.15768526181078
Barangay 482,864.0,16362.654707949025,15134.280306228764,92.49281718862214,16362.654707949025,100.0,16119.757203668403,98.51553730970916,False,True,False,482,BARANGAY 482,1380606088.0,City of Manila - Sampaloc,133906000,133906088,874.0,701.0,0.01635675,U,No,16356.759522737,0.0,8178.38022642626,7996.26576820267,16356.759522737,0.0,0.05280316766571297,528.0316766571297,0.9249281718862215,1.0,0.9851553730970916,799,864,851,7.507182811377859,-1.4844626902908402,6.022720121087019,1228.3744017202607,-242.89750428062143,985.4768974396393,65,-13,52,-173.0,-19.794050343249427,534.1431543962168,428.41458951000914,-105.72856488620766,874,701,-173,16356.75,5.904707949024669,0.03609951823574163,64.03159510712949,77.15641724721995,600.646559479169,22.84358275278005,-72.61488282203936,Review 100yr value: lower than expected return-period progression,96.62176773487997,97.5294192210392
Barangay 483,1397.0,23013.48954204529,14955.43744323251,64.98552692719267,23013.48954204529,100.0,22413.48954199552,97.39283345555408,False,True,False,483,BARANGAY 483,1380606089.0,City of Manila - Sampaloc,133906000,133906089,1571.0,1369.0,0.02300522,U,No,23005.2204549052,0.0,11502.6103628289,8649.64082631628,23005.2204549052,0.0,0.060703527704814284,607.0352770481429,0.6498552692719266,1.0,0.9739283345555408,908,1397,1361,35.014473072807334,-2.607166544445917,32.40730652836142,8058.052098812779,-600.0000000497676,7458.052098763012,489,-36,453,-202.0,-12.858052196053467,682.6431068308035,594.8684998417377,-87.77460698906577,1571,1369,-202,23005.22,8.26954204528738,0.03594637236804247,64.03159510712949,77.15641724721995,600.646559479169,22.84358275278005,6.388717568973902,Review 100yr value: lower than expected return-period progression,84.24348711723671,90.20351511401981
Barangay 484,2285.0,17182.9300787439,9162.327078953043,53.32226248355207,16856.957745470976,98.1029292921574,16919.601359235596,98.46749816066554,False,False,False,484,BARANGAY 484,1380606090.0,City of Manila - Sampaloc,133906000,133906090,1640.0,1777.0,0.01717673,U,No,8588.36967784269,8262.51492155137,5725.5802940797,5668.56653800681,8588.36967784269,8262.51492155137,0.13298081232528866,1329.8081232528866,0.5332226248355207,0.981029292921574,0.9846749816066555,1218,2242,2250,44.780666808605325,0.36456886850814385,45.14523567711347,7694.630666517933,62.64361376461966,7757.274280282552,1024,8,1032,137.0,8.353658536585366,954.4355895556823,1034.1658796588094,79.73029010312712,1609,1743,134,17176.73,6.200078743899212,0.03609580370593944,64.03159510712949,77.15641724721995,600.646559479169,20.94651204493745,729.1615637737176,OK,77.95162922828501,87.05359013740932
Barangay 485,1800.0,22512.5361960772,16546.842774263412,73.50057154887193,22512.536196077195,100.0,22412.536196129,99.5558030464572,False,True,False,485,BARANGAY 485,1380606091.0,City of Manila - Sampaloc,133906000,133906091,1688.0,1337.0,0.02250447,U,No,22504.473191265,0.0,11252.2365956325,9452.88101276656,22504.473191265,0.0,0.07995545167912486,799.5545167912486,0.7350057154887193,1.0,0.995558030464572,1323,1800,1792,26.499428451128068,-0.4441969535428001,26.055231497585268,5965.693421813783,-99.99999994819518,5865.693421865588,477,-8,469,-351.0,-20.79383886255924,749.8044579686821,593.8913271943886,-155.91313077429345,1688,1337,-351,22504.469999999998,8.066196077201312,0.035842639605382004,64.03159510712949,77.15641724721995,600.646559479169,22.84358275278005,198.9079573120796,Review 100yr value: lower than expected return-period progression,88.07525719699237,93.19746410580086
Barangay 486,687.0,19264.47323802337,17564.47323827628,91.17546595360989,19264.47323802337,100.0,19164.473238045488,99.48090976201463,False,True,False,486,BARANGAY 486,1380606092.0,City of Manila - Sampaloc,133906000,133906092,1074.0,969.0,0.01925755,U,No,9628.77637420408,9586.19858377674,19257.5535594299,0.0,9628.77637420408,9586.19858377674,0.03566149935748202,356.61499357482023,0.9117546595360989,1.0,0.9948090976201464,626,687,683,8.824534046390113,-0.5190902379853668,8.305443808404746,1699.9999997470877,-99.99999997788109,1599.9999997692066,61,-4,57,-105.0,-9.776536312849162,557.5029157195879,502.99844071906955,-54.50447500051837,1074,969,-105,19257.55,6.923238023369777,0.03595077267549495,64.03159510712949,77.15641724721995,600.646559479169,22.84358275278005,-244.03156590434878,Review 100yr value: lower than expected return-period progression,96.02895967912445,97.58623039320833
Barangay 487,1464.0,22735.51568327792,22275.116561347582,97.97497831875016,22735.51568327792,100.0,22635.515683258414,99.56015952568409,False,True,False,487,BARANGAY 487,1380606093.0,City of Manila - Sampaloc,133906000,133906093,1474.0,1457.0,0.0227274,U,No,22727.3988566138,0.0,11363.6994283069,11263.7351989801,22727.3988566138,0.0,0.06439264542729413,643.9264542729412,0.9797497831875016,1.0,0.9956015952568409,1434,1464,1458,2.0250216812498394,-0.4398404743159148,1.5851812069339246,460.3991219303389,-100.00000001950684,360.39912191083204,30,-6,24,-17.0,-1.1533242876526457,648.3248590152427,640.8475709533302,-7.477288061912532,1474,1457,-17,22727.399999999998,8.115683277923381,0.03570880645354674,64.03159510712949,77.15641724721995,600.646559479169,22.84358275278005,43.2798947937722,Review 100yr value: lower than expected return-period progression,99.08874024343757,99.31780838996119
Barangay 488,818.0,22234.90513633607,18905.43953542556,85.0259509519133,22234.905136336067,100.0,21679.538497464724,97.50227565413007,False,True,False,488,BARANGAY 488,1380606094.0,City of Manila - Sampaloc,133906000,133906094,915.0,783.0,0.02222694,U,No,22226.9422853291,0.0,11113.4705110127,9879.31845026824,22226.9422853291,0.0,0.03678900337034639,367.8900337034639,0.850259509519133,1.0,0.9750227565413008,696,818,798,14.974049048086698,-2.4977243458699263,12.476324702216772,3329.4656009105056,-555.3666388713427,2774.098962039163,122,-20,102,-132.0,-14.426229508196723,411.51513549959594,352.1490175914575,-59.36611790813845,915,783,-132,22226.940000000002,7.965136336068099,0.035835505634460245,64.03159510712949,77.15641724721995,600.646559479169,22.84358275278005,-232.7565257757051,Review 100yr value: lower than expected return-period progression,93.261677928361,95.25739799963036
Barangay 489,1224.0,22616.191958164654,16207.942384940128,71.66521408609158,22616.191958164654,100.0,21571.55859714365,95.3810377849933,False,True,False,489,BARANGAY 489,1380606095.0,City of Manila - Sampaloc,133906000,133906095,921.0,1142.0,0.02260807,U,No,11304.0338116549,11204.0696798034,11304.0344433067,9639.22674392696,11304.0338116549,11204.0696798034,0.05412051694043588,541.2051694043589,0.7166521408609158,1.0,0.9538103778499329,877,1224,1167,28.33478591390842,-4.618962215006704,23.715823698901715,6408.249573224526,-1044.6333610210058,5363.61621220352,347,-57,290,221.0,23.995656894679694,407.2303603116132,504.94796034295575,97.71760003134256,921,1142,221,22608.07,8.121958164654643,0.03592503988467235,64.03159510712949,77.15641724721995,600.646559479169,22.84358275278005,-59.4413900748101,Review 100yr value: lower than expected return-period progression,87.24934633874122,91.06871863552021
Barangay 490,1048.0,21847.271561770554,16208.252766966492,74.1889105975526,21547.271561765025,98.62683081886306,19047.27156180839,87.1837543097979,False,True,False,490,BARANGAY 490,1380606096.0,City of Manila - Sampaloc,133906000,133906096,357.0,471.0,0.0218394,U,No,7279.79973445922,9028.7625880569,5459.84980079875,7170.80014400989,7279.79973445922,9028.7625880569,0.04796937672683314,479.69376726833144,0.741889105975526,0.9862683081886305,0.871837543097979,777,1034,914,24.43792022131045,-11.44307650906515,12.994843712245299,5339.018794798532,-2499.9999999566353,2839.018794841897,257,-120,137,114.0,31.932773109243694,163.40713255228465,215.58756143452683,52.18042888224218,352,465,113,21839.399999999998,7.871561770556582,0.036042939689536264,64.03159510712949,77.15641724721995,600.646559479169,21.470413571643107,-120.95279221083757,Review 100yr value: lower than expected return-period progression,87.62976671927336,87.94012015990938
Barangay 491,926.0,21939.909970844947,20900.536471223117,95.26263553039637,21939.909970844947,100.0,21839.909970854264,99.54420961561117,False,True,False,491,BARANGAY 491,1380606097.0,City of Manila - Sampaloc,133906000,133906097,905.0,813.0,0.021932,U,No,10966.0036885479,10908.6174758446,21932.0065660741,0.0,10966.0036885479,10908.6174758446,0.04220618959834036,422.0618959834036,0.9526263553039637,1.0,0.9954420961561117,882,926,922,4.737364469603634,-0.455790384388834,4.2815740852148,1039.37349962183,-99.99999999068314,939.3734996311468,44,-4,40,-92.0,-10.165745856353592,412.4902979103458,370.55758254266425,-41.93271536768157,905,813,-92,21932.0,7.909970844946656,0.03606588931673653,64.03159510712949,77.15641724721995,600.646559479169,22.84358275278005,-178.58466349576543,Review 100yr value: lower than expected return-period progression,97.86818598867836,98.63334272884356
Barangay 492,1165.0,30190.60779398772,18819.343143031027,62.335091997647,25614.62611468313,84.84302896274959,20886.72368180568,69.18285257564489,False,True,False,492,BARANGAY 492,1380606098.0,City of Manila - Sampaloc,133906000,133906098,1110.0,1107.0,0.03017976,U,No,10059.9213701915,7715.91546297869,10059.9228683847,3956.93621428553,10059.9213701915,7715.91546297869,0.038588159865797826,385.88159865797826,0.62335091997647,0.8484302896274959,0.6918285257564488,726,988,806,22.507936965102587,-15.660176387104698,6.847760577997889,6795.282971652105,-4727.90243287745,2067.3805387746543,262,-182,80,-3.0,-0.2702702702702703,367.66401245524105,366.67032593509174,-0.9936865201493106,942,939,-3,30179.76,10.84779398772298,0.0359439372205842,64.03159510712949,77.15641724721995,600.646559479169,7.6866117155296365,-214.76496082119075,Review 100yr value: lower than expected return-period progression,74.71445732845342,72.95197416663206
Barangay 493,858.0,19730.9217166832,16667.69076340774,84.47497285093687,18130.173037736608,91.88710643156064,17865.23500493815,90.54435095058156,False,True,False,493,BARANGAY 493,1380606099.0,City of Manila - Sampaloc,133906000,133906099,1077.0,1170.0,0.01972382,U,No,6574.60797102401,7270.25889314518,6574.60775579223,3706.43644217112,6574.60797102401,7270.25889314518,0.04348504405014847,434.85044050148474,0.8447497285093687,0.9188710643156064,0.9054435095058156,725,788,777,7.412133580623774,-1.3427554809790792,6.069378099644695,1462.4822743288678,-264.93803279845815,1197.5442415304096,63,-11,52,93.0,8.635097493036211,545.8437347553602,592.9778734111155,47.13413865575535,990,1075,85,19723.82,7.101716683198902,0.03600578733327977,64.03159510712949,77.15641724721995,600.646559479169,14.73068918434069,-165.79611897768427,Review 100yr value: lower than expected return-period progression,88.55164632027994,89.49697084401306
Barangay 494,1663.0,43790.25458987799,34316.55681035739,78.3657394362114,37049.10820807594,84.60582966475776,33035.71779953188,75.44079866383787,False,True,True,494,BARANGAY 494,1380606100.0,City of Manila - Sampaloc,133906000,133906100,1967.0,2318.0,0.04377463,U,No,14591.542527795,14740.5037256868,14591.5410321893,8245.00552767995,14591.542527795,14740.5037256868,0.03797648621993621,379.7648621993621,0.783657394362114,0.8460582966475776,0.7544079866383787,1303,1407,1255,6.240090228546364,-9.165031000919896,-2.9249407723735317,2732.5513977185474,-4013.390408544059,-1280.8390108255117,104,-152,-48,351.0,17.84443314692425,449.18670111012943,529.3415216946009,80.15482058447151,1664,1961,297,43774.630000000005,15.62458987798891,0.03569325401034551,64.03159510712949,77.15641724721995,600.646559479169,7.449412417537815,-220.88169727980693,Review 100yr value: lower than expected return-period progression,81.79778906191191,79.37979470725321
Barangay 495,1443.0,37514.816359308905,30838.652562498268,82.20392782182974,36707.2207202721,97.84726218222202,28407.537836345706,75.72351564849569,False,True,True,495,BARANGAY 495,1380606101.0,City of Manila - Sampaloc,133906000,133906101,1908.0,1906.0,0.03750139,U,No,18750.6923971744,14750.7445368522,12500.4615794258,9321.42988323383,18750.6923971744,14750.7445368522,0.03846480244443299,384.6480244443299,0.8220392782182974,0.9784726218222203,0.7572351564849569,1186,1412,1093,15.643334360392288,-22.123746533726333,-6.480412173334045,5868.568157773829,-8299.68288392639,-2431.114726152562,226,-319,-93,-2.0,-0.10482180293501049,508.5990510324196,508.06592833741706,-0.5331226950025325,1867,1865,-2,37501.39,13.426359308905376,0.035802297751910996,64.03159510712949,77.15641724721995,600.646559479169,20.690844935002076,-215.9985350348391,Review 100yr value: lower than expected return-period progression,90.8077617200455,85.08692997863342
Barangay 496,1085.0,25399.614905041293,5915.383400319412,23.289264118509656,7341.800099180027,28.90516303742397,16139.452264941792,63.542114025273854,False,False,False,496,BARANGAY 496,1380606102.0,City of Manila - Sampaloc,133906000,133906102,989.0,1177.0,0.0253906,U,No,8463.53025332181,2080.27496078276,8463.53124615386,6817.18310577394,8463.53025332181,2080.27496078276,0.042717183077632025,427.17183077632023,0.23289264118509656,0.2890516303742397,0.6354211402527385,253,314,689,5.615898918914315,34.636950987849886,40.2528499067642,1426.4166988606148,8797.652165761765,10224.068864622379,61,375,436,188.0,19.009100101112235,389.3759821546366,463.3928523721004,74.0168702174638,286,340,54,25390.6,9.014905041294696,0.03550489173668482,64.03159510712949,77.15641724721995,600.646559479169,-48.251254209795974,-173.47472870284878,OK,26.37800852391253,41.35596870283535
Barangay 497,1601.0,37822.6187143179,37222.61871423495,98.41364765191202,37722.61871440666,99.73560794225658,33382.74492734254,88.26132632298507,False,True,True,497,BARANGAY 497,1380606103.0,City of Manila - Sampaloc,133906000,133906103,1289.0,1489.0,0.03780899,U,No,18904.5026941388,18504.6464557109,12603.0017962732,16910.3871644114,18904.5026941388,18504.6464557109,0.04232916848229589,423.2916848229589,0.9841364765191202,0.9973560794225658,0.8826132632298507,1576,1597,1413,1.3219602903445633,-11.474281619271508,-10.152321328926945,500.0000001717053,-4339.87378706412,-3839.8737868924145,21,-184,-163,200.0,15.51590380139643,340.80136273378764,393.67977432941024,52.878411595622595,1286,1485,199,37808.99,13.628714317899721,0.036046226883870006,64.03159510712949,77.15641724721995,600.646559479169,22.57919069503663,-177.3548746562101,Review 100yr value: lower than expected return-period progression,99.14072581160153,94.81540522196184
Barangay 498,1029.0,21805.962381514662,7677.07105218201,35.206293204880566,14238.947259573044,65.29841247292838,17571.911006246788,80.58305659163585,False,False,False,498,BARANGAY 498,1380606104.0,City of Manila - Sampaloc,133906000,133906104,1291.0,1033.0,0.02179819,U,No,7266.06510226939,4938.51127587286,7266.06530455129,4498.63244874362,7266.06510226939,4938.51127587286,0.047188928513987684,471.88928513987685,0.3520629320488057,0.6529841247292838,0.8058305659163585,362,672,829,30.09211926804781,15.284644118707476,45.376763386755286,6561.876207391034,3332.963746673744,9894.839954064777,310,157,467,-258.0,-19.984508133230054,592.0399097333149,473.7236458206927,-118.31626391262216,843,675,-168,21798.19,7.772381514663721,0.035656086650605955,64.03159510712949,77.15641724721995,600.646559479169,-11.858004774291572,-128.75727433929217,OK,51.75695880230687,63.88924030339941
Barangay 499,1435.0,21424.41966561278,4810.767385386092,22.454598353054127,20924.41966562704,97.66621449827058,19830.86878495216,92.56198811668,False,True,False,499,BARANGAY 499,1380606105.0,City of Manila - Sampaloc,133906000,133906105,1551.0,1498.0,0.02141674,U,No,10708.3728146302,9915.78709480983,7138.91490266134,4702.38299008267,10708.3728146302,9915.78709480983,0.06697964390154491,669.7964390154492,0.22454598353054128,0.9766621449827058,0.9256198811667999,322,1402,1328,75.21161614521645,-5.104226381590578,70.10738976362587,16113.652280240947,-1093.5508806748803,15020.101399566067,1080,-74,1006,-53.0,-3.4171502256608637,723.9402626571161,699.2021363380786,-24.73812631903752,1515,1463,-52,21416.74,7.679665612777171,0.03585823805479812,64.03159510712949,77.15641724721995,600.646559479169,20.509797251050628,69.1498795362802,Review 100yr value: lower than expected return-period progression,63.82098723292318,76.82161990933022
Barangay 500,1404.0,40075.70416857062,37097.418204719776,92.568350261986,39954.70346851688,99.69806968445326,35978.03750418191,89.77518486723858,False,True,True,500,BARANGAY 500,1380606106.0,City of Manila - Sampaloc,133906000,133906106,2717.0,2562.0,0.04006132,U,No,20030.6603796594,19779.7502215058,13353.7734681539,16634.8795801483,20030.6603796594,19779.7502215058,0.03503369508104832,350.33695081048313,0.92568350261986,0.9969806968445326,0.8977518486723858,1300,1400,1260,7.129719422467261,-9.92288481721468,-2.793165394747419,2857.285263797101,-3976.665964334963,-1119.3807005378621,100,-140,-40,-155.0,-5.704821494295179,677.966877031398,639.290076906309,-38.67680012508902,2709,2554,-155,40061.32,14.384168570621114,0.035905378481340885,64.03159510712949,77.15641724721995,600.646559479169,22.54165243723331,-250.30960866868588,Review 100yr value: lower than expected return-period progression,96.489695944343,93.94648590195058
Barangay 501,941.0,18864.14685889535,5879.810703234802,31.16923732208005,16430.32082155127,87.0981388368676,16757.973447036773,88.83504550927827,False,False,False,501,BARANGAY 501,1380606107.0,City of Manila - Sampaloc,133906000,133906107,1402.0,845.0,0.01885741,U,No,6285.80250235948,6820.85145436002,6285.80258067494,3842.16900128155,6285.80250235948,6820.85145436002,0.04988298739607582,498.8298739607582,0.3116923732208005,0.870981388368676,0.8883504550927828,293,820,836,55.928901514787555,1.7369066724106688,57.66580818719822,10550.51011831647,327.65262548550163,10878.162743801971,527,16,543,-557.0,-39.72895863052781,743.2088026492912,447.9396849063132,-295.26911774297804,1221,736,-485,18857.41,6.736858895350451,0.035725260761421906,64.03159510712949,77.15641724721995,600.646559479169,9.941721589647656,-101.8166855184108,OK,61.930133155213205,73.81067612713498
Barangay 502,920.0,17473.44828619557,16914.77173656254,96.80271151702551,17473.448286195562,99.99999999999996,17473.448286195562,99.99999999999996,False,False,False,502,BARANGAY 502,1380606108.0,City of Manila - Sampaloc,133906000,133906108,957.0,815.0,0.01746731,U,No,17467.309011966,0.0,8733.65376518667,6853.10359014953,17467.309011966,0.0,0.05265131329153968,526.5131329153968,0.9680271151702552,0.9999999999999996,0.9999999999999996,891,920,920,3.197288482974443,0.0,3.197288482974443,558.6765496330227,0.0,558.6765496330227,29,0,29,-142.0,-14.8380355276907,547.6881176087334,466.4219601370091,-81.26615747172428,957,815,-142,17467.31,6.138286195568071,0.03514156556200165,64.03159510712949,77.15641724721995,600.646559479169,22.84358275278001,-74.13342656377222,OK,98.56122018266146,99.20067787925635
Barangay 503,1038.0,26217.08149895228,25375.758048557465,96.79093399305933,26217.081498952277,100.0,26217.081498952277,100.0,False,False,False,503,BARANGAY 503,1380606109.0,City of Manila - Sampaloc,133906000,133906109,1438.0,1183.0,0.02620784,U,No,13103.9221819075,13058.9718952344,13103.9229312893,12385.3870591934,13103.9221819075,13058.9718952344,0.03959250765732569,395.92507657325694,0.9679093399305932,1.0,1.0,1005,1038,1038,3.209066006940674,0.0,3.209066006940674,841.3234503948115,0.0,841.3234503948115,33,0,33,-255.0,-17.732962447844226,548.4973604165159,451.23252946643834,-97.26483095007757,1438,1183,-255,26207.84,9.24149895228038,0.035262344978755904,64.03159510712949,77.15641724721995,600.646559479169,22.84358275278005,-204.72148290591207,OK,98.5559202968767,99.19773349826482
Barangay 504,1361.0,21976.132936003185,21576.132935953417,98.1798435547573,21976.132936003185,100.0,21976.132936003185,100.0,False,False,False,504,BARANGAY 504,1380606110.0,City of Manila - Sampaloc,133906000,133906110,1299.0,1312.0,0.02196838,U,No,21968.3819445968,0.0,10984.1909722984,10584.3321544664,21968.3819445968,0.0,0.06193082304167778,619.3082304167779,0.981798435547573,1.0,1.0,1336,1361,1361,1.8201564452427021,0.0,1.8201564452427021,400.00000004976755,0.0,400.00000004976755,25,0,25,13.0,1.0007698229407236,591.095805519026,597.0113139653288,5.915508446302738,1299,1312,13,21968.379999999997,7.752936003187642,0.035291341478923995,64.03159510712949,77.15641724721995,600.646559479169,22.84358275278005,18.661670937608847,OK,99.18092959964079,99.54496088868933
Barangay 505,788.0,18456.93339381765,16591.69187114245,89.89408758824487,18356.933393832784,99.45819818573784,17156.93339362411,92.95657641247712,False,True,False,505,BARANGAY 505,1380606111.0,City of Manila - Sampaloc,133906000,133906111,1380.0,1200.0,0.0184504,U,No,6150.13459836536,8372.04656964494,4612.60096753218,7160.51557567211,6150.13459836536,8372.04656964494,0.042693982970321016,426.93982970321014,0.8989408758824488,0.9945819818573784,0.9295657641247712,708,784,732,9.56411059749297,-6.501621773260723,3.062488824232247,1765.2415226903322,-1200.0000002086745,565.2415224816577,76,-52,24,-180.0,-13.043478260869565,747.6865037949619,650.1621772130104,-97.52432658195153,1373,1193,-180,18450.399999999998,6.533393817651813,0.035410580896087965,64.03159510712949,77.15641724721995,600.646559479169,22.301780938517894,-173.70672977595888,Review 100yr value: lower than expected return-period progression,95.15434841686601,94.46652182706032
Barangay 506,816.0,16170.592845731016,14371.672610626683,88.87536002998654,16170.592845731013,100.0,15793.089575654005,97.66549517585146,False,True,False,506,BARANGAY 506,1380606112.0,City of Manila - Sampaloc,133906000,133906112,610.0,668.0,0.01616487,U,No,8082.43671371974,7982.47212188985,8082.43633706565,6284.15230591496,8082.43671371974,7982.47212188985,0.05046197178945244,504.6197178945244,0.8887536002998654,1.0,0.9766549517585146,725,816,797,11.124639970013462,-2.3345048241485387,8.790135145864923,1798.9202351043295,-377.503270077008,1421.4169650273216,91,-19,72,58.0,9.508196721311474,377.2279753868381,413.09555337443913,35.86757798760101,610,668,58,16164.87,5.7228457310156955,0.0354029802343953,64.03159510712949,77.15641724721995,600.646559479169,22.84358275278005,-96.02684158464461,Review 100yr value: lower than expected return-period progression,94.99391201349394,96.28503807783723
Barangay 507,1526.0,24606.58026076341,24071.55976659479,97.82570154609522,24606.580260763407,100.0,24184.083530762484,98.2829929005835,False,True,False,507,BARANGAY 507,1380606113.0,City of Manila - Sampaloc,133906000,133906113,1448.0,1532.0,0.02459785,U,No,24597.8523631655,0.0,12298.9265582368,11897.989213315,24597.8523631655,0.0,0.06201593166659138,620.1593166659138,0.9782570154609522,1.0,0.982829929005835,1493,1526,1500,2.1742984539047825,-1.7170070994165059,0.4572913544882766,535.020494168617,-422.496730000923,112.52376416769403,33,-26,7,84.0,5.801104972375691,588.4604787236194,622.597688815321,34.137210091701604,1448,1532,84,24597.850000000002,8.730260763408296,0.035491966832094254,64.03159510712949,77.15641724721995,600.646559479169,22.84358275278005,19.512757186744807,Review 100yr value: lower than expected return-period progression,99.02156569574285,98.7696225467572
Barangay 508,1020.0,18858.805390892336,17267.66032761584,91.56285337116356,18758.805390893216,99.46974371957084,18658.80539094473,98.93948743941016,False,True,False,508,BARANGAY 508,1380606114.0,City of Manila - Sampaloc,133906000,133906114,1217.0,1006.0,0.01885211,U,No,9426.05603018031,9326.09150105828,6284.03769086482,7918.56727045978,9426.05603018031,9326.09150105828,0.05408614060425049,540.8614060425049,0.9156285337116356,0.9946974371957085,0.9893948743941016,934,1015,1009,7.906890348407288,-0.5302562801606854,7.376634068246602,1491.1450632773776,-99.99999994848622,1391.1450633288914,81,-6,75,-211.0,-17.33771569433032,645.3218932879691,533.4378181164313,-111.8840751715378,1211,1001,-210,18852.109999999997,6.695390892338764,0.0355153396216061,64.03159510712949,77.15641724721995,600.646559479169,22.313326472350894,-59.78515343666413,Review 100yr value: lower than expected return-period progression,95.91164306278756,97.28091862040475
Barangay 509,814.0,21931.011057443804,18730.35834318374,85.40581323005762,21931.011057443804,100.0,21231.01105735125,96.8081726909031,False,True,False,509,BARANGAY 509,1380606115.0,City of Manila - Sampaloc,133906000,133906115,1599.0,1260.0,0.0219232,U,No,21923.2053789496,0.0,10961.6026758449,9661.41315709428,21923.2053789496,0.0,0.0371163918465908,371.16391846590807,0.8540581323005761,1.0,0.968081726909031,695,814,788,14.594186769942382,-3.191827309096894,11.402359460845489,3200.6527142600644,-700.0000000925538,2500.6527141675106,119,-26,93,-339.0,-21.200750469043154,729.1045523673059,574.5289155614793,-154.57563680582666,1599,1260,-339,21923.2,7.811057443803293,0.03562918480788978,64.03159510712949,77.15641724721995,600.646559479169,22.84358275278005,-229.48264101326095,Review 100yr value: lower than expected return-period progression,93.43261595352594,95.07472238387565
Barangay 510,1010.0,18613.82731388303,8675.1539250461,46.60596544041095,17966.6516511214,96.52314566022145,17413.55160643818,93.5516984916389,False,True,False,510,BARANGAY 510,1380606116.0,City of Manila - Sampaloc,133906000,133906116,876.0,1134.0,0.0186072,U,No,6202.39975973955,8249.01042837668,6202.40005762346,4014.05227911424,6202.39975973955,8249.01042837668,0.05426073762093498,542.6073762093498,0.46605965440410946,0.9652314566022144,0.935516984916389,471,975,945,49.9171802198105,-2.971447168582543,46.945733051227954,9291.4977260753,-553.1000446832186,8738.397681392082,504,-30,474,258.0,29.45205479452055,470.61788273206975,609.2245194271313,138.60663669506158,846,1095,249,18607.2,6.627313883029274,0.03561693260151594,64.03159510712949,77.15641724721995,600.646559479169,19.366728413001496,-58.039183269819205,Review 100yr value: lower than expected return-period progression,74.06041456130673,82.8552717378358
Barangay 511,1129.0,21674.527291597587,10561.437990429182,48.72742020317767,21074.527291667146,97.23177353831824,20274.527291563827,93.54080492183796,False,True,False,511,BARANGAY 511,1380606117.0,City of Manila - Sampaloc,133906000,133906117,1323.0,1338.0,0.02166679,U,No,10833.3939515576,9833.75084024706,7222.2629761642,6669.89824213132,10833.3939515576,9833.75084024706,0.052088794593350675,520.8879459335067,0.48727420203177674,0.9723177353831823,0.9354080492183796,550,1098,1056,48.504353335140564,-3.6909686164802764,44.81338471866029,10513.089301237964,-800.0000001033186,9713.089301134645,548,-42,506,15.0,1.1337868480725624,610.3939348715938,617.3145010266005,6.920566155006668,1286,1301,15,21666.789999999997,7.737291597590229,0.0357103733298298,64.03159510712949,77.15641724721995,600.646559479169,20.075356291098288,-79.75861354566234,Review 100yr value: lower than expected return-period progression,75.40481453750499,83.62929775794098
Barangay 512,2560.0,55266.7479758036,12918.423463648944,23.374676341196658,15284.476953385069,27.655828347412047,13456.503024093434,24.348280868606277,False,True,False,512,BARANGAY 512,1380606118.0,City of Manila - Sampaloc,133906000,133906118,2197.0,2473.0,0.05524745,U,No,18415.8218705334,13691.1090548278,18415.822568749,15253.1898989462,18415.8218705334,13691.1090548278,0.04632080036843848,463.20800368438483,0.23374676341196657,0.2765582834741205,0.24348280868606278,598,708,623,4.28115200621539,-3.3075474788057697,0.9736045274096199,2366.053489736125,-1827.9739292916347,538.0795604444902,110,-85,25,276.0,12.562585343650431,397.52655628695055,447.4661691841733,49.93961289722273,608,684,76,55247.45,19.29797580360173,0.034930075150258935,64.03159510712949,77.15641724721995,600.646559479169,-49.5005888998079,-137.43855579478418,Review 100yr value: lower than expected return-period progression,25.729309944615125,25.262521354335895
Barangay 513,1929.0,34684.35820876043,28109.59683241367,81.0440160467316,32990.73600396747,95.1170432660184,29884.692861918884,86.16187355131954,False,True,False,513,BARANGAY 513,1380606119.0,City of Manila - Sampaloc,133906000,133906119,1778.0,2033.0,0.03467224,U,No,17336.1042351577,2322.51037075266,11557.4028525228,7167.49082103702,17336.1042351577,2322.51037075266,0.055615848169644995,556.1584816964499,0.810440160467316,0.951170432660184,0.8616187355131955,1563,1835,1662,14.0730272192868,-8.955169714698854,5.1178575045879455,4881.1391715537975,-3106.043142048584,1775.0960295052137,272,-173,99,255.0,14.341957255343083,512.6230069757843,586.1431795173057,73.52017254152145,1691,1934,243,34672.24,12.118208760432026,0.03495075241874199,64.03159510712949,77.15641724721995,600.646559479169,17.96062601879845,-44.488077782719074,Review 100yr value: lower than expected return-period progression,88.78418101733934,88.01671857531716
Barangay 514,2196.0,34098.563039690365,11773.969088749513,34.52922363632959,26591.82517562312,77.98517827472823,29296.073203785163,85.91585859405525,False,False,False,514,BARANGAY 514,1380606120.0,City of Manila - Sampaloc,133906000,133906120,2394.0,2283.0,0.03408651,U,No,11362.1685444732,9694.5665294861,11362.1697547968,5047.34013455046,11362.1685444732,9694.5665294861,0.06440154083454717,644.0154083454717,0.3452922363632959,0.7798517827472823,0.8591585859405525,758,1713,1887,43.45595463839864,7.930680319327024,51.38663495772566,14817.856086873606,2704.2480281620446,17522.10411503565,955,174,1129,-111.0,-4.636591478696742,702.0823713930142,669.5296799875737,-32.552691405440555,1867,1780,-87,34086.51,12.05303969036322,0.035360145964967435,64.03159510712949,77.15641724721995,600.646559479169,0.8287610275082784,43.36884886630264,OK,58.429998687448844,70.29346174285936
Barangay 515,2289.0,42925.088768270536,11351.489192630894,26.44488227831392,15413.11812873576,35.907015153638696,14272.767000736145,33.250407652706635,False,True,False,515,BARANGAY 515,1380606121.0,City of Manila - Sampaloc,133906000,133906121,2489.0,2166.0,0.04291001,U,No,14303.3300851621,5460.56945126212,14303.3351575105,9401.5539100523,14303.3300851621,5460.56945126212,0.053325457574638455,533.2545757463846,0.2644488227831392,0.35907015153638694,0.3325040765270664,605,822,761,9.462132875324777,-2.6566075009320613,6.805525374392715,4061.6289361048657,-1140.3511279996146,2921.277808105251,217,-61,156,-323.0,-12.977099236641221,579.8473739767371,504.60000483471777,-75.24736914201935,894,778,-116,42910.01,15.078768270534056,0.03514044455019716,64.03159510712949,77.15641724721995,600.646559479169,-41.24940209358125,-67.39198373278441,Review 100yr value: lower than expected return-period progression,31.649055359742547,32.47883893443468
Barangay 516,1192.0,17129.478976208426,5806.865520805134,33.89983740235438,6206.865520626296,36.23499307391177,7357.490202788506,42.95221245787752,False,False,False,516,BARANGAY 516,1380606122.0,City of Manila - Sampaloc,133906000,133906122,895.0,1087.0,0.01712342,U,No,5707.8070046257,3606.53349221882,5707.80664455049,4001.85660865175,5707.8070046257,3606.53349221882,0.06958763904352254,695.8763904352254,0.33899837402354377,0.36234993073911764,0.4295221245787752,404,432,512,2.335155671557388,6.717219383965755,9.052375055523143,399.9999998211615,1150.6246821622108,1550.6246819833723,28,80,108,192.0,21.452513966480446,522.4910817445694,634.578554029438,112.08747228486857,324,394,70,17123.420000000002,6.058976208423701,0.03538414760850169,64.03159510712949,77.15641724721995,600.646559479169,-40.92142417330818,95.22983095605639,OK,35.18417302171095,38.33809190960872
Barangay 517,1355.0,24024.87170242941,23814.08670843215,99.12263841985076,24018.49390697177,99.9734533630954,23871.837396685216,99.36301717803256,False,True,False,517,BARANGAY 517,1380606123.0,City of Manila - Sampaloc,133906000,133906123,883.0,1029.0,0.02401645,U,No,12008.2272364366,11713.2472623949,8005.48485292115,8225.32336643808,12008.2272364366,11713.2472623949,0.056399884951851026,563.9988495185103,0.9912263841985076,0.999734533630954,0.9936301717803256,1343,1355,1346,0.850814943244643,-0.6104361850628379,0.2403787581818051,204.40719853961855,-146.65651028655338,57.750688253065164,12,-9,3,146.0,16.534541336353342,367.5357816419517,428.3061373834296,60.770355741477886,883,1029,146,24016.45,8.42170242940847,0.03506639169989099,64.03159510712949,77.15641724721995,600.646559479169,22.817036115875453,-36.647709960658744,Review 100yr value: lower than expected return-period progression,99.59058663863532,99.51657515325911
Barangay 518,2019.0,34653.467258969475,8018.594957687284,23.1393727437528,19551.98738018871,56.4214461833628,25914.376576555875,74.781482565351,False,False,False,518,BARANGAY 518,1380606124.0,City of Manila - Sampaloc,133906000,133906124,1965.0,1908.0,0.03464117,U,No,11547.0569307179,7241.5712751047,11547.0584671728,5941.27221943058,11547.0569307179,7241.5712751047,0.05826256821321149,582.6256821321149,0.231393727437528,0.564214461833628,0.74781482565351,467,1139,1510,33.282073439609995,18.360036381988202,51.6421098215982,11533.392422501427,6362.389196367163,17895.78161886859,672,371,1043,-57.0,-2.900763358778626,567.0428258492352,550.5942553284177,-16.448570520817498,1109,1077,-32,34641.17,12.297258969476388,0.03549897122261283,64.03159510712949,77.15641724721995,600.646559479169,-20.734971063857152,-18.020877347054125,OK,41.4445131355383,55.44494237625558
Barangay 519,1385.0,21837.43585572469,20212.666471691377,92.55970620924629,21762.54186040131,99.6570385102986,21126.220567108845,96.7431373659678,False,True,False,519,BARANGAY 519,1380606125.0,City of Manila - Sampaloc,133906000,133906125,1408.0,1311.0,0.02182976,U,No,7276.58623051689,9807.42879240484,7276.58646762816,5144.34283629834,7276.58623051689,9807.42879240484,0.06342319717160941,634.2319717160941,0.9255970620924628,0.996570385102986,0.967431373659678,1282,1380,1340,7.097332301052319,-2.913901144330808,4.183431156721511,1549.8753887099338,-636.3212932924653,913.5540954174685,98,-40,58,-97.0,-6.889204545454546,644.7643438095744,600.345209328375,-44.41913448119942,1403,1307,-96,21829.76,7.6758557246903365,0.0351623459199292,64.03159510712949,77.15641724721995,600.646559479169,22.500621263078656,33.585412236925094,Review 100yr value: lower than expected return-period progression,96.46323897482506,96.7171449773032
Barangay 520,695.0,37371.596674746885,20423.301258847365,54.64926060450611,29646.49066973392,79.32893776991591,26433.27842692061,70.73093145303683,False,True,False,520,BARANGAY 520,1380606126.0,City of Manila - Sampaloc,133906000,133906126,614.0,631.0,0.03735843,U,No,12452.8096039813,7080.18198993917,12452.8093635984,3384.21589643757,12452.8096039813,7080.18198993917,0.018597011148566538,185.97011148566537,0.5464926060450611,0.7932893776991591,0.7073093145303683,380,551,492,24.6796771654098,-8.59800631687908,16.08167084853072,9223.189410886556,-3213.2122428133116,6009.977168073245,171,-59,112,17.0,2.768729641693811,164.29589705352308,168.84480625533072,4.548909201807646,487,501,14,37358.43,13.166674746884382,0.03524418651127572,64.03159510712949,77.15641724721995,600.646559479169,2.1725205226959616,-414.67644799350364,Review 100yr value: lower than expected return-period progression,68.2230830454815,69.71981595181182
Barangay 521,1582.0,44361.866370053714,31858.515231255104,71.81509219089361,44361.866370053714,100.0,43761.86636997194,98.6474870216759,False,True,False,521,BARANGAY 521,1380606127.0,City of Manila - Sampaloc,133906000,133906127,2872.0,2244.0,0.04434643,U,No,22173.1629812486,21918.2188087298,22173.1641825647,18919.7922254307,22173.1629812486,21918.2188087298,0.03566125885695202,356.6125885695202,0.718150921908936,1.0,0.986474870216759,1136,1582,1561,28.18490780910639,-1.3525129783241,26.83239483078229,12503.351138798611,-600.0000000817745,11903.351138716836,446,-21,425,-628.0,-21.866295264623954,647.4028788695715,505.8398538242752,-141.56302504529629,2872,2244,-628,44346.43,15.4363700537142,0.03480859688979293,64.03159510712949,77.15641724721995,600.646559479169,22.84358275278005,-244.03397090964881,Review 100yr value: lower than expected return-period progression,87.31679148590213,92.41276785639377
Barangay 522,1082.0,19987.33519933416,12306.265003800476,61.57031380656706,19277.38126199736,96.44798103270688,17819.107303643872,89.15199112804935,False,True,False,522,BARANGAY 522,1380606128.0,City of Manila - Sampaloc,133906000,133906128,839.0,1091.0,0.01998034,U,No,6660.11300629843,8780.2271156186,6660.11343466193,5408.28957036354,6660.11300629843,8780.2271156186,0.05413427999326517,541.3427999326517,0.6157031380656706,0.9644798103270688,0.8915199112804935,666,1044,965,34.87766722613982,-7.295989904657532,27.58167732148229,6971.116258196886,-1458.2739583534894,5512.842299843396,378,-79,299,252.0,30.0357568533969,419.7658125170932,545.8456513184132,126.07983880131997,809,1052,243,19980.34,6.995199334160134,0.035010411905703975,64.03159510712949,77.15641724721995,600.646559479169,19.29156378548693,-59.30375954651731,Review 100yr value: lower than expected return-period progression,80.75303078094396,84.81016826430891
Barangay 523,1299.0,24929.345685655226,4222.73874562035,16.938827030868232,6832.90336042832,27.40907622120259,5544.251122933356,22.239858168935477,False,True,False,523,BARANGAY 523,1380606129.0,City of Manila - Sampaloc,133906000,133906129,1367.0,1115.0,0.02492064,U,No,8306.87724689786,4934.86514238145,8306.87881832881,6954.4535410567,8306.87724689786,4934.86514238145,0.05210726412075335,521.0726412075336,0.1693882703086823,0.2740907622120259,0.22239858168935478,220,356,289,10.470249190334357,-5.169218052267112,5.301031138067245,2610.164614807971,-1288.6522374949645,1321.5123773130063,136,-67,69,-252.0,-18.434528163862474,548.3497309705145,447.2640453782909,-101.08568559222363,375,306,-69,24920.64,8.705685655226262,0.03493363595488022,64.03159510712949,77.15641724721995,600.646559479169,-49.74734102601736,-79.57391827163542,Review 100yr value: lower than expected return-period progression,22.69746408555213,22.723826702712152
Barangay 524,796.0,24928.944204562456,5954.784393143226,23.887030049404945,7371.7797417362035,29.571167078897115,6833.807635447045,27.41314505488096,False,True,False,524,BARANGAY 524,1380606130.0,City of Manila - Sampaloc,133906000,133906130,916.0,865.0,0.02492024,U,No,8306.74828347428,6133.26950309866,8306.74615481872,6571.62070023822,8306.74828347428,6133.26950309866,0.0319307546067,319.30754606700003,0.23887030049404945,0.29571167078897115,0.2741314505488096,190,235,218,5.68413702949217,-2.158022024016155,3.526115005476015,1416.9953485929773,-537.9721062891585,879.0232423038187,45,-17,28,-51.0,-5.567685589519651,367.44436205700003,346.98621526125004,-20.458146795749997,271,256,-15,24920.239999999998,8.704204562458472,0.03492825334931956,64.03159510712949,77.15641724721995,600.646559479169,-47.58525016832283,-281.339013412169,Review 100yr value: lower than expected return-period progression,27.013305415625638,27.286924011917613
Barangay 525,1673.0,26415.445481686274,2922.6255418992773,11.064078188367189,3208.044565632001,12.144578700579272,2830.1638902019627,10.714049445670351,False,True,True,525,BARANGAY 525,1380606131.0,City of Manila - Sampaloc,133906000,133906131,1783.0,1784.0,0.0264063,U,No,8802.0918330481,10237.1296601358,8802.08896776438,10200.272155505,8802.0918330481,10237.1296601358,0.06333415808413621,633.3415808413621,0.1106407818836719,0.12144578700579273,0.10714049445670351,185,203,179,1.0805005122120832,-1.4305292549089206,-0.35002874269683737,285.4190237327239,-377.88067543003854,-92.46165169731466,18,-24,-6,1.0,0.056085249579360626,674.9838844232806,675.3624508194799,0.37856639619928956,217,217,0,26406.3,9.145481686275161,0.034633711221470485,64.03159510712949,77.15641724721995,600.646559479169,-65.01183854664067,32.695021362193074,Review 100yr value: lower than expected return-period progression,11.658353470083835,11.302241870562682
Barangay 526,805.0,12719.04293423494,10362.273576323732,81.47054483503896,10953.159813617984,86.11622643505784,10456.802323166772,82.21375128014502,False,True,False,526,BARANGAY 526,1380606132.0,City of Manila - Sampaloc,133906000,133906132,930.0,790.0,0.01271463,U,No,4238.20405817369,3889.29770421502,4238.20170214826,3308.53396593216,4238.20405817369,3889.29770421502,0.06329092559576467,632.9092559576467,0.8147054483503896,0.8611622643505784,0.8221375128014502,656,693,662,4.645681600018875,-3.902475154912821,0.743206445106054,590.8862372942513,-496.35749045121156,94.5287468430397,37,-31,6,-140.0,-15.053763440860216,731.1870907336788,621.1159157845228,-110.07117494915599,801,680,-121,12714.63,4.4129342349406215,0.034707531677607775,64.03159510712949,77.15641724721995,600.646559479169,8.959809187837891,32.262696478477665,Review 100yr value: lower than expected return-period progression,84.02566971504936,83.39381597308798
Barangay 527,2424.0,20573.93682096901,5253.922189635361,25.536785863367427,6028.300266938593,29.30066481391414,5690.092367793529,27.656799072087026,False,True,False,527,BARANGAY 527,1380606133.0,City of Manila - Sampaloc,133906000,133906133,2017.0,2134.0,0.02056682,U,No,6855.61290590481,5309.19859654148,6855.60968486606,5434.67033684117,6855.61290590481,5309.19859654148,0.11781896780831234,1178.1896780831235,0.2553678586336743,0.2930066481391414,0.27656799072087024,619,710,670,3.7638789505467116,-1.6438657418271134,2.120013208719598,774.3780773032322,-338.2078991450644,436.1701781581678,91,-40,51,117.0,5.8006941001487355,980.3665761937542,1037.2346423388556,56.86806614510135,591,625,34,20566.82,7.1168209690113144,0.03460340961320863,64.03159510712949,77.15641724721995,600.646559479169,-47.85575243330581,577.5431186039544,Review 100yr value: lower than expected return-period progression,27.60691928616812,27.70214877954662
Barangay 528,1510.0,22671.596080548945,19846.32773158848,87.53829091289961,21770.108957891327,96.0237156684745,21156.84821510551,93.31874182981316,False,True,False,528,BARANGAY 528,1380606134.0,City of Manila - Sampaloc,133906000,133906134,1238.0,1433.0,0.0226637,U,No,7554.57068114154,7309.70114597302,7554.57153286939,5625.39902684181,7554.57068114154,7309.70114597302,0.06660316259319307,666.0316259319306,0.8753829091289961,0.960237156684745,0.9331874182981317,1322,1450,1409,8.485424755574883,-2.7049738386613313,5.780450916913551,1923.7812263028463,-613.2607427858165,1310.5204835170298,128,-41,87,195.0,15.751211631663974,546.0577171547882,632.068423814872,86.01070666008377,1189,1376,187,22663.699999999997,7.896080548947793,0.03484020944924171,64.03159510712949,77.15641724721995,600.646559479169,18.867298421254546,65.38506645276163,Review 100yr value: lower than expected return-period progression,92.2052745284658,92.82036994411624
Barangay 529,944.0,15238.523522696643,6417.289922893835,42.11228150375435,8085.594259283519,53.06022100658656,7422.61035503675,48.7095114167808,False,True,False,529,BARANGAY 529,1380606135.0,City of Manila - Sampaloc,133906000,133906135,1026.0,935.0,0.01523325,U,No,5077.74983622891,1548.31363155967,5077.74826143718,2235.1011897323,5077.74983622891,1548.31363155967,0.06194825887127335,619.4825887127336,0.4211228150375435,0.5306022100658656,0.487095114167808,398,501,460,10.947939502832206,-4.35070958980576,6.597229913026446,1668.304336389684,-662.9839042467693,1005.3204321429148,103,-41,62,-91.0,-8.869395711500974,673.2935762915939,613.5765047101756,-59.71707158141828,544,496,-48,15233.25,5.27352269664334,0.03461850029798855,64.03159510712949,77.15641724721995,600.646559479169,-24.09619624063339,18.836029233564545,Review 100yr value: lower than expected return-period progression,48.13364823031207,48.58295229495621
Barangay 530,503.0,25149.09275348552,9243.461946143896,36.75465368373101,11172.3559097222,44.42448886421072,11809.396104826545,46.9575432425483,False,False,False,530,BARANGAY 530,1380606136.0,City of Manila - Sampaloc,133906000,133906136,760.0,483.0,0.02514037,U,No,8380.12158726313,3510.06817080084,8380.12604603813,4204.71372518258,8380.12158726313,3510.06817080084,0.02000072149442795,200.0072149442795,0.3675465368373101,0.4442448886421072,0.469575432425483,185,223,236,7.669835180479716,2.5330543783375745,10.20288955881729,1928.8939635783045,637.0401951043441,2565.9341586826486,38,13,51,-277.0,-36.44736842105264,302.1977800350943,192.05464178546123,-110.14313824963307,338,215,-123,25140.37,8.722753485519206,0.03469620170872269,64.03159510712949,77.15641724721995,600.646559479169,-32.731928383009226,-400.6393445348895,OK,40.97306303299486,43.52025182042583
Barangay 531,1310.0,24904.563058479293,22850.023545355885,91.75034908944568,23325.61274233478,93.65999591144433,23355.590929838967,93.78036817990692,False,False,False,531,BARANGAY 531,1380606137.0,City of Manila - Sampaloc,133906000,133906137,1431.0,956.0,0.02489591,U,No,8298.65493550454,10009.8762587172,8298.65743378271,9082.20255499206,8298.65493550454,10009.8762587172,0.05260080238805805,526.0080238805806,0.9175034908944568,0.9365999591144433,0.9378036817990691,1202,1227,1229,1.909646821998649,0.12037226846258875,2.030019090461238,475.5891969788936,29.9781875041881,505.5673844830817,25,2,27,-475.0,-33.193570929419984,574.5934978420693,383.86539758002675,-190.72810026204252,1340,895,-445,24895.91,8.653058479292667,0.03475694794563713,64.03159510712949,77.15641724721995,600.646559479169,16.503578664224378,-74.63853559858842,OK,92.80065484154494,93.2307331133297
Barangay 532,1085.0,13746.754357506728,698.2465179144691,5.079355459153715,897.4459632457593,6.528420745044365,899.577189325811,6.54392423062813,False,False,False,532,BARANGAY 532,1380606138.0,City of Manila - Sampaloc,133906000,133906138,943.0,987.0,0.01374199,U,No,4580.66386508302,5714.07342222828,6870.99726927559,5973.86195528659,4580.66386508302,5714.07342222828,0.07892772153941276,789.2772153941277,0.05079355459153714,0.06528420745044365,0.0654392423062813,55,71,71,1.4490652858906508,0.015503485583764132,1.4645687714744149,199.19944533129024,2.131226080051647,201.33067141134188,16,0,16,44.0,4.665959703075292,685.9801051766474,717.9876604553032,32.007555278655786,62,64,2,13741.990000000002,4.76435750672681,0.034670069667688666,64.03159510712949,77.15641724721995,600.646559479169,-70.62799650217558,188.63065591495865,OK,5.876341366393573,6.172355817805208
Barangay 533,948.0,12618.758075037347,1326.769117216766,10.514260669133552,2050.0301759000977,16.24589491065293,1177.3755858375016,9.330360237007849,False,True,True,533,BARANGAY 533,1380606139.0,City of Manila - Sampaloc,133906000,133906139,975.0,913.0,0.01261441,U,No,6307.20241401762,3037.35530451663,6307.20449274969,4257.8811870558,6307.20241401762,3037.35530451663,0.07512625207351828,751.2625207351829,0.10514260669133552,0.16245894910652928,0.09330360237007848,100,154,88,5.731634241519377,-6.91553467364508,-1.1839004321257036,723.2610586833316,-872.6545900625961,-149.39353137926446,54,-66,-12,-62.0,-6.3589743589743595,772.6592380978938,723.5260352650021,-49.1332028328917,158,148,-10,12614.41,4.348075037347371,0.03446911141581232,64.03159510712949,77.15641724721995,600.646559479169,-60.91052233656702,150.61596125601386,Review 100yr value: lower than expected return-period progression,13.66665950196921,12.046772480815052
Barangay 534,1128.0,17471.200158412816,1716.5566500516516,9.825064302895568,2164.8175400015216,12.390777510262271,1621.637201766005,9.281773358798976,False,True,True,534,BARANGAY 534,1380606140.0,City of Manila - Sampaloc,133906000,133906140,984.0,1096.0,0.01746519,U,No,5821.72808952092,6623.92789453478,8732.58879931259,6568.51685935844,5821.72808952092,6623.92789453478,0.06456339517447747,645.6339517447747,0.09825064302895567,0.12390777510262271,0.09281773358798975,111,140,105,2.565713207366704,-3.109004151463296,-0.5432909440965918,448.26088994987003,-543.1803382355165,-94.91944828564647,29,-35,-6,112.0,11.38211382113821,563.2125962028886,627.3180949576889,64.10549875480035,122,136,14,17465.19,6.010158412816963,0.03441221316697364,64.03159510712949,77.15641724721995,600.646559479169,-64.76563973695768,44.98739226560565,Review 100yr value: lower than expected return-period progression,11.236206566947256,10.505747547835277
Barangay 535,1037.0,13124.14776592389,101.7534820390941,0.7753149679043639,302.5540368834269,2.30532330387952,100.42281059247716,0.7651758604335386,False,True,True,535,BARANGAY 535,1380606141.0,City of Manila - Sampaloc,133906000,133906141,1047.0,1035.0,0.01311961,U,No,4373.20349598862,5902.36798496375,6559.8037714574,6257.35442644917,4373.20349598862,5902.36798496375,0.07901465439855165,790.1465439855166,0.007753149679043639,0.0230532330387952,0.007651758604335385,8,24,8,1.5300083359751557,-1.5401474434459812,-0.01013910747082536,200.8005548443328,-202.1312262909497,-1.3306714466169325,16,-16,0,-12.0,-1.146131805157593,797.7660863576044,788.622635511099,-9.143450846505402,24,24,0,13119.61,4.53776592388931,0.03458765865669262,64.03159510712949,77.15641724721995,600.646559479169,-74.85109394334043,189.49998450634757,Review 100yr value: lower than expected return-period progression,1.6168195526906999,1.3067622425073382
Barangay 536,1045.0,15640.893197287844,7349.058269956095,46.98618024724083,9146.642639629388,58.479030092830186,7463.232499198712,47.71615281212232,False,True,False,536,BARANGAY 536,1380606142.0,City of Manila - Sampaloc,133906000,133906142,1146.0,944.0,0.01563552,U,No,5211.84180118874,938.478861414462,5211.83804065081,1428.45104650638,5211.84180118874,938.478861414462,0.06681204115511796,668.1204115511796,0.46986180247240833,0.5847903009283019,0.47716152812122314,491,611,499,11.492849845589355,-10.762877280707869,0.7299725648814857,1797.5843696732936,-1683.4101404306766,114.174229242617,120,-112,8,-202.0,-17.62652705061082,732.6947288398583,603.546094262501,-129.14863457735726,670,552,-118,15635.52,5.373197287843141,0.034365325156075016,64.03159510712949,77.15641724721995,600.646559479169,-18.677387154389763,67.47385207201057,Review 100yr value: lower than expected return-period progression,53.30724766231498,51.3006667191497
Barangay 537,1474.0,16732.43143276942,10369.158896165296,61.97042514609053,13421.258093249047,80.21104492300117,13129.428619527758,78.46695008003795,False,True,False,537,BARANGAY 537,1380606143.0,City of Manila - Sampaloc,133906000,133906143,1148.0,1085.0,0.01672668,U,No,5575.55996432398,2227.47289012016,5575.55967893772,1788.80955019699,5575.55996432398,2227.47289012016,0.08809239744519516,880.9239744519516,0.6197042514609052,0.8021104492300117,0.7846695008003794,913,1182,1157,18.24061977691064,-1.7440948429632215,16.49652493394742,3052.0991970837513,-291.8294737212891,2760.269723362462,269,-25,244,-63.0,-5.487804878048781,686.0927562217371,648.4413244778613,-37.65143174387583,921,870,-51,16726.68,5.751432769418898,0.03438478388669418,64.03159510712949,77.15641724721995,600.646559479169,3.0546276757812194,280.2774149727826,Review 100yr value: lower than expected return-period progression,72.00276602339139,74.95325204158823
Barangay 538,971.0,12251.83435351457,7137.200324524712,58.25413663446511,10472.497939118366,85.47697950318938,9775.288096998096,79.78632272475957,False,True,False,538,BARANGAY 538,1380606144.0,City of Manila - Sampaloc,133906000,133906144,1020.0,821.0,0.01224763,U,No,4082.54456459635,2438.62553606664,4082.54572392785,2055.42339071047,4082.54456459635,2438.62553606664,0.07925343846339697,792.5343846339697,0.5825413663446511,0.8547697950318939,0.7978632272475957,566,830,775,27.22284286872427,-5.690656778429812,21.53218609029446,3335.2976145936536,-697.20984212027,2638.0877724733837,264,-55,209,-199.0,-19.50980392156863,832.5283958049939,670.1037381920588,-162.4246576129351,872,702,-170,12247.630000000001,4.204353514569448,0.034327894576905466,64.03159510712949,77.15641724721995,600.646559479169,8.320562255969435,191.88782515480068,Review 100yr value: lower than expected return-period progression,73.22670021226347,76.3950060746364
Barangay 539,2015.0,54196.72716735554,399.9999999950524,0.7380519468636575,700.0000000468572,1.291590907113834,2099.9999998346902,3.874772720777112,False,False,False,539,BARANGAY 539,1380606145.0,City of Manila - Sampaloc,133906000,133906145,1576.0,1846.0,0.0541781,U,No,27089.049478558,25998.3385906935,27089.0491339934,26389.290784007,27089.049478558,25998.3385906935,0.03717936682371663,371.79366823716623,0.007380519468636575,0.012915909071138341,0.038747727207771115,15,26,78,0.5535389602501766,2.583181813663278,3.1367207739134546,300.00000005180476,1399.999999787833,1699.999999839638,11,52,63,270.0,17.131979695431472,290.7924670678779,340.610973481791,49.8185064139131,20,24,4,54178.1,18.627167355538404,0.034381359544794675,64.03159510712949,77.15641724721995,600.646559479169,-75.86482634010612,-228.85289124200278,OK,1.0424983750012546,2.186478892516601
Barangay 540,2024.0,22185.346220487685,3047.2664731624027,13.735492080571266,4970.3355965934925,22.40368731322072,5039.764857584788,22.71663830484049,False,False,False,540,BARANGAY 540,1380606146.0,City of Manila - Sampaloc,133906000,133906146,1906.0,1951.0,0.02217776,U,No,11088.878529443,5372.69383485468,11088.8760734844,6120.23992163626,11088.878529443,5372.69383485468,0.09123139120230993,912.3139120230993,0.13735492080571265,0.2240368731322072,0.2271663830484049,278,453,460,8.668195232649452,0.3129509916197719,8.981146224269224,1923.0691234310898,69.42926099129545,1992.4983844223852,175,7,182,45.0,2.36096537250787,859.1256503537684,879.4093094649539,20.283659111185557,427,437,10,22177.760000000002,7.586220487683022,0.034206432424568674,64.03159510712949,77.15641724721995,600.646559479169,-54.752729933999234,311.6673525439303,OK,18.502999458528468,20.361818901706265
Barangay 541,812.0,13771.44029046482,166.95506869834384,1.2123283053693483,670.6749963352053,4.870042509639115,637.8166540349565,4.63144479141062,False,True,False,541,BARANGAY 541,1380606147.0,City of Manila - Sampaloc,133906000,133906147,805.0,485.0,0.01376674,U,No,6883.37256989864,6095.19707652868,6883.37126943246,6212.9250481672,6883.37256989864,6095.19707652868,0.05896260542640693,589.6260542640692,0.012123283053693484,0.048700425096391144,0.046314447914106195,10,40,38,3.6577142042697663,-0.23859771822849485,3.4191164860412715,503.7199276368614,-32.85834230024875,470.8615853366127,30,-2,28,-320.0,-39.75155279503105,584.5430710376548,352.1781235444256,-232.36494749322924,39,24,-15,13766.74,4.700290464819773,0.034142363877139925,64.03159510712949,77.15641724721995,600.646559479169,-72.28637473758083,-11.020505215099774,Review 100yr value: lower than expected return-period progression,3.22407111771772,3.8601748712802753
Barangay 542,336.0,12160.803449727817,3167.2272122181485,26.044555569961435,9834.525911763772,80.87069207572702,6024.090832569272,49.53694759949519,False,True,False,542,BARANGAY 542,1380606148.0,City of Manila - Sampaloc,133906000,133906148,900.0,802.0,0.01215657,U,No,6078.28775892174,3175.41097261394,4052.19122117593,2947.791385065,6078.28775892174,3175.41097261394,0.027629753362021517,276.2975336202152,0.26044555569961436,0.8087069207572702,0.4953694759949519,88,272,166,54.82613650576559,-31.33374447623183,23.492392029533757,6667.298699545624,-3810.4350791945008,2856.8636203511232,184,-106,78,-98.0,-10.888888888888888,740.082679339862,659.4958987006326,-80.58678063922946,728,649,-79,12156.57,4.23344972781706,0.03482437667711419,64.03159510712949,77.15641724721995,600.646559479169,3.7142748285070724,-324.34902585895384,Review 100yr value: lower than expected return-period progression,56.19893064813251,54.63066015879289
Barangay 543,830.0,12149.142722029184,5518.87302700379,45.42602843076991,12149.142722029184,100.0,10314.298586350966,84.8973365639106,False,True,False,543,BARANGAY 543,1380606149.0,City of Manila - Sampaloc,133906000,133906149,561.0,822.0,0.0121449,U,No,12144.9038752913,0.0,6072.45234704204,2045.77833356115,12144.9038752913,0.0,0.06831757754355947,683.1757754355947,0.4542602843076991,1.0,0.848973365639106,377,830,705,54.57397156923009,-15.1026634360894,39.47130813314069,6630.269695025394,-1834.8441356782187,4795.425559347175,453,-125,328,261.0,46.524064171122994,461.76097592695015,676.5909486844082,214.82997275745805,561,822,261,12144.9,4.242722029184733,0.034934186606598104,64.03159510712949,77.15641724721995,600.646559479169,22.84358275278005,82.52921595642567,Review 100yr value: lower than expected return-period progression,75.44171279384646,80.31544173325672
Barangay 544,45.0,13552.77259090722,2697.9587072595277,19.90706100292447,13061.291574624527,96.37357586437749,7089.633756485172,52.31131644045828,False,True,False,544,BARANGAY 544,1380606150.0,City of Manila - Sampaloc,133906000,133906150,90.0,164.0,0.01354806,U,No,6774.0303665445,6107.92513307214,4516.01993271257,3599.84966091872,6774.0303665445,6107.92513307214,0.003320353802010317,33.20353802010317,0.19907061002924467,0.9637357586437748,0.5231131644045828,9,43,24,76.46651486145302,-44.06225942391921,32.404255437533806,10363.332867365,-5971.657818139355,4391.675049225644,34,-19,15,74.0,82.22222222222221,66.40707604020633,121.00844967326488,54.60137363305854,87,158,71,13548.060000000001,4.712590907218328,0.0347842488682389,64.03159510712949,77.15641724721995,600.646559479169,19.217158617157537,-567.4430214590659,Review 100yr value: lower than expected return-period progression,61.96364417672363,59.63204337944655
Barangay 545,934.0,10823.05746230658,1821.5749829903,16.83050274226384,3272.655347058152,30.23780810973069,2055.2734428391204,18.98976744784931,False,True,False,545,BARANGAY 545,1380606151.0,City of Manila - Sampaloc,133906000,133906151,774.0,883.0,0.01081932,U,No,3606.43851781071,2703.36712231642,3606.43851845818,2992.79519721342,3606.43851781071,2703.36712231642,0.08629724116801912,862.9724116801913,0.1683050274226384,0.3023780810973069,0.1898976744784931,157,282,177,13.40730536746685,-11.24804066188138,2.1592647055854712,1451.080364067852,-1217.3819042190316,233.69845984882045,125,-105,20,109.0,14.082687338501293,715.1398786300514,815.8507917704592,100.7109131404078,234,267,33,10819.32,3.73746230658071,0.034544336488621374,64.03159510712949,77.15641724721995,600.646559479169,-46.918609137489256,262.32585220102226,Review 100yr value: lower than expected return-period progression,24.204520694370608,22.386765503111423
Barangay 546,768.0,15943.440644058215,0.0,0.0,0.0,0.0,0.0,0.0,False,False,False,546,BARANGAY 546,1380606152.0,City of Manila - Sampaloc,133906000,133906152,977.0,892.0,0.01593795,U,No,15937.9437309187,0.0,15937.9437309187,0.0,15937.9437309187,0.0,0.048170280000773696,481.702800007737,0.0,0.0,0.0,0,0,0,0.0,0.0,0.0,0.0,0.0,0.0,0,0,0,-85.0,-8.700102354145343,612.7911921973425,559.4777312589862,-53.31346093835634,0,0,0,15937.949999999999,5.490644058216276,0.03445012726364605,64.03159510712949,77.15641724721995,600.646559479169,-77.15641724721995,-118.94375947143203,OK,0.0,0.0
Barangay 547,1170.0,27923.841611995875,0.0,0.0,0.0,0.0,0.0,0.0,False,False,False,547,BARANGAY 547,1380606153.0,City of Manila - Sampaloc,133906000,133906153,1321.0,1059.0,0.02791415,U,No,27914.1542025956,0.0,27914.1542025956,0.0,27914.1542025956,0.0,0.04189967900037711,418.996790003771,0.0,0.0,0.0,0,0,0,0.0,0.0,0.0,0.0,0.0,0.0,0,0,0,-262.0,-19.8334595003785,473.07244409827484,379.24581249059275,-93.82663160768209,0,0,0,27914.149999999998,9.691611995876883,0.034719351998455564,64.03159510712949,77.15641724721995,600.646559479169,-77.15641724721995,-181.649769475398,OK,0.0,0.0
Barangay 548,771.0,14527.43789172312,847.3310976716942,5.832625849011227,7256.862347928159,49.95280242817416,4919.563372756773,33.86394359021594,False,True,False,548,BARANGAY 548,1380606154.0,City of Manila - Sampaloc,133906000,133906154,779.0,749.0,0.01452239,U,No,4840.79115390687,1868.04446255265,4840.79225220522,1791.98250497336,4840.79115390687,1868.04446255265,0.053071987348799504,530.7198734879951,0.05832625849011227,0.4995280242817416,0.3386394359021594,45,385,261,44.12017657916293,-16.08885883795822,28.031317741204713,6409.531250256465,-2337.298975171386,4072.2322750850785,340,-124,216,-30.0,-3.8510911424903727,536.2266944839794,515.576115749038,-20.650578734941405,389,374,-15,14522.39,5.047891723121211,0.03475937309989066,64.03159510712949,77.15641724721995,600.646559479169,-27.20361481904579,-69.92668599117394,Review 100yr value: lower than expected return-period progression,30.09872296755084,32.48721474820013
Barangay 549,770.0,13935.58631612677,0.0,0.0,0.0,0.0,0.0,0.0,False,False,False,549,BARANGAY 549,1380606155.0,City of Manila - Sampaloc,133906000,133906155,869.0,867.0,0.0139308,U,No,13930.7945089075,0.0,13930.7945089075,0.0,13930.7945089075,0.0,0.055254223434354384,552.5422343435438,0.0,0.0,0.0,0,0,0,0.0,0.0,0.0,0.0,0.0,0.0,0,0,0,-2.0,-0.23014959723820483,623.5833787591423,622.1482041244838,-1.4351746346585514,0,0,0,13930.8,4.786316126770544,0.03435779802143842,64.03159510712949,77.15641724721995,600.646559479169,-77.15641724721995,-48.10432513562523,OK,0.0,0.0
Barangay 550,657.0,12127.900508841924,1012.0319155902451,8.34465878782908,4795.700323554337,39.542708320026215,3253.615595831416,26.82752545223592,False,True,False,550,BARANGAY 550,1380606156.0,City of Manila - Sampaloc,133906000,133906156,660.0,992.0,0.01212371,U,No,4041.23223314125,3168.90359790324,6061.84923518179,1267.81024157201,4041.23223314125,3168.90359790324,0.05417260798940508,541.7260798940508,0.08344658787829079,0.39542708320026215,0.26827525452235923,55,260,176,31.198049532197135,-12.715182867790293,18.482866664406842,3783.668407964092,-1542.084727722921,2241.583680241171,205,-84,121,332.0,50.303030303030305,544.1997149620602,817.9486624884298,273.74894752636965,261,392,131,12123.71,4.190508841924384,0.03456457505107252,64.03159510712949,77.15641724721995,600.646559479169,-37.613708927193734,-58.92047958511819,Review 100yr value: lower than expected return-period progression,25.503586030537505,26.657122789860814
Barangay 551,591.0,12296.181354310596,377.0237232837472,3.0661854474972947,2253.819654767558,18.329427566367592,1178.61846910415,9.585239800411443,False,True,False,551,BARANGAY 551,1380606157.0,City of Manila - Sampaloc,133906000,133906157,931.0,959.0,0.01229193,U,No,4097.30919620026,1971.71064359506,4097.31188727932,4282.22341751057,4097.30919620026,1971.71064359506,0.048063702296714805,480.6370229671481,0.03066185447497295,0.18329427566367593,0.09585239800411444,18,108,57,15.263242118870297,-8.744187765956148,6.519054352914148,1876.7959314838108,-1075.2011856634078,801.594745820403,90,-51,39,28.0,3.007518796992481,757.1456317807358,779.9169289771489,22.771297196413116,171,176,5,12291.93,4.251354310596071,0.034586548333712205,64.03159510712949,77.15641724721995,600.646559479169,-58.82698968085236,-120.00953651202093,Review 100yr value: lower than expected return-period progression,11.46096861287596,11.015941930267557
Barangay 552,942.0,16887.91332474397,0.0,0.0,143.24287894093513,0.8481976203126135,70.79907714990387,0.4192292782920072,False,True,False,552,BARANGAY 552,1380606158.0,City of Manila - Sampaloc,133906000,133906158,864.0,937.0,0.0168821,U,No,8441.04725600449,8197.88805848354,8441.04764391639,8297.85421442984,8441.04725600449,8197.88805848354,0.05577953782009248,557.7953782009248,0.0,0.008481976203126134,0.004192292782920072,0,8,4,0.8481976203126135,-0.4289683420206063,0.4192292782920072,143.24287894093513,-72.44380179103126,70.79907714990387,8,-4,4,73.0,8.449074074074074,511.6084997511667,554.8346808644018,43.2261811132351,7,8,1,16882.100000000002,5.813324743969133,0.03443484367447848,64.03159510712949,77.15641724721995,600.646559479169,-76.30821962690733,-42.85118127824421,Review 100yr value: lower than expected return-period progression,0.46650869117193744,0.46456087842621757
Barangay 553,1454.0,10528.258417219586,206.4953574069824,1.9613439300582431,516.7218849850016,4.907952146576043,588.5714043908051,5.590396636049149,False,False,False,553,BARANGAY 553,1380606159.0,City of Manila - Sampaloc,133906000,133906159,1204.0,1430.0,0.01052462,U,No,5262.30674068308,4090.54268171791,5262.30884909524,4745.76560486265,5262.30674068308,4090.54268171791,0.13810451286244052,1381.0451286244054,0.01961343930058243,0.049079521465760424,0.05590396636049148,29,71,81,2.9466082165177996,0.6824444894731059,3.6290527059909055,310.22652757801916,71.84951940580356,382.0760469838227,42,10,52,226.0,18.77076411960133,1143.5889510755048,1358.249335579711,214.66038450420615,59,70,11,10524.62,3.6384172195848805,0.034570532898906374,64.03159510712949,77.15641724721995,600.646559479169,-72.24846510064391,780.3985691452364,OK,3.5819784491430333,4.444277888235835
Barangay 554,1581.0,27784.046615814863,0.0,0.0,929.2132944611916,3.3444130990345995,686.2401170880166,2.46990701742274,False,True,False,554,BARANGAY 554,1380606160.0,City of Manila - Sampaloc,133906000,133906160,1357.0,1551.0,0.02777442,U,No,9258.13478833327,11375.2099268743,13887.2051690642,12958.3148667167,9258.13478833327,11375.2099268743,0.05690315819942817,569.0315819942817,0.0,0.033444130990345995,0.024699070174227403,0,53,39,3.3444130990345995,-0.8745060816118593,2.46990701742274,929.2132944611916,-242.97317737317496,686.2401170880166,53,-14,39,194.0,14.296241709653648,488.40977657573706,558.2340187685838,69.82424219284678,45,52,7,27774.420000000002,9.626615814860997,0.03466000663510164,64.03159510712949,77.15641724721995,600.646559479169,-73.81200414818535,-31.614977484887277,Review 100yr value: lower than expected return-period progression,1.8394272044690299,2.158507391631206
Barangay 555,1151.0,17328.796176752723,3468.4873583576687,20.01574329214388,4706.378581992146,27.15929331724694,3154.6772329809346,18.204826237226225,False,True,True,555,BARANGAY 555,1380606161.0,City of Manila - Sampaloc,133906000,133906161,1343.0,1138.0,0.01732292,U,No,5774.30728506235,5039.32484001652,5774.30725252729,5191.40976101149,5774.30728506235,5039.32484001652,0.06642123251147201,664.2123251147202,0.2001574329214388,0.2715929331724694,0.18204826237226224,230,313,210,7.14355002510306,-8.954467080020716,-1.810917054917656,1237.8912236344772,-1551.7013490112113,-313.81012537673405,83,-103,-20,-205.0,-15.26433358153388,775.0105583223885,656.7103614079509,-118.3001969144376,365,309,-56,17322.92,5.876176752724859,0.033921398659838294,64.03159510712949,77.15641724721995,600.646559479169,-49.99712392997301,63.5657656355512,Review 100yr value: lower than expected return-period progression,23.944695805950566,21.791618978962887
Barangay 556,909.0,13693.73626321284,2007.852626114405,14.662562411898833,2593.609272757558,18.940114099649254,2939.07367208671,21.46290548900305,False,False,False,556,BARANGAY 556,1380606162.0,City of Manila - Sampaloc,133906000,133906162,702.0,822.0,0.01368909,U,No,4563.03015690097,4343.81722119883,4563.02961663966,4649.90049954934,4563.03015690097,4343.81722119883,0.06638071469522587,663.8071469522587,0.14662562411898833,0.18940114099649252,0.21462905489003048,133,172,195,4.277551687750421,2.522791389353795,6.800343077104216,585.7566466431529,345.464399329152,931.2210459723049,39,23,62,120.0,17.094017094017094,512.6431431908533,600.2744497192042,87.63130652835093,133,156,23,13689.09,4.646263212840495,0.03394135923454733,64.03159510712949,77.15641724721995,600.646559479169,-58.2163031475707,63.16058747308966,OK,17.015215840161567,18.879842733453167
Barangay 557,1352.0,12254.4627925884,2257.012885328507,18.41788516991187,3075.847552649393,25.099815509739777,2731.6031855200754,22.29068080546273,False,True,False,557,BARANGAY 557,1380606163.0,City of Manila - Sampaloc,133906000,133906163,1270.0,1262.0,0.01225043,U,No,4083.43317411165,3530.41230174061,6125.1509680578,3050.3480250915,4083.43317411165,3530.41230174061,0.11032715369764726,1103.2715369764726,0.18417885169911868,0.25099815509739776,0.22290680805462731,249,339,301,6.6819303398279075,-2.809134704277046,3.8727956355508617,818.8346673208862,-344.24436712931765,474.59030019156853,90,-38,52,-8.0,-0.6299212598425197,1036.3571390237576,1029.8289050771514,-6.5282339466061785,319,317,-2,12250.43,4.0327925883993885,0.03291960027851584,64.03159510712949,77.15641724721995,600.646559479169,-52.05660173748017,502.6249774973036,Review 100yr value: lower than expected return-period progression,22.09294685681722,22.305679043071983
Barangay 558,1198.0,14136.5422434855,4225.4313300896565,29.89013336720901,6444.506352903658,45.58757185388429,6108.964809458354,43.21399606946692,False,True,False,558,BARANGAY 558,1380606164.0,City of Manila - Sampaloc,133906000,133906164,1235.0,1260.0,0.01413162,U,No,4710.57654248762,3149.06371966789,4710.58009391897,3363.96300862926,4710.57654248762,3149.06371966789,0.08474490999042363,847.4490999042362,0.2989013336720901,0.4558757185388429,0.4321399606946692,358,546,518,15.697438486675281,-2.373575784417369,13.323862702257912,2219.0750228140014,-335.54154344530434,1883.533479368697,188,-28,160,25.0,2.0242914979757085,873.6224026558696,891.3070666772434,17.684664021373806,563,574,11,14131.619999999999,4.922243485501895,0.034831416960701564,64.03159510712949,77.15641724721995,600.646559479169,-31.568845393335657,246.80254042506715,Review 100yr value: lower than expected return-period progression,38.523724534880415,40.71378191844852
Barangay 559,1535.0,14136.474485650571,8600.201685315014,60.83696252587426,10253.320021145182,72.53095551902251,8507.242562474956,60.179379031952784,False,True,True,559,BARANGAY 559,1380606165.0,City of Manila - Sampaloc,133906000,133906165,1188.0,1285.0,0.01413167,U,No,4710.55505545875,2091.57434787059,4710.55515664807,3099.48233752935,4710.55505545875,2091.57434787059,0.10858435754672238,1085.8435754672237,0.6083696252587426,0.7253095551902251,0.6017937903195278,934,1113,924,11.69399299314825,-12.351576487069728,-0.6575834939214786,1653.1183358301678,-1746.0774586702264,-92.95912284005863,179,-189,-10,97.0,8.164983164983166,840.3792623160012,908.9960876061124,68.61682529011114,862,932,70,14131.67,4.804485650571223,0.033998003424727745,64.03159510712949,77.15641724721995,600.646559479169,-4.625461728197436,485.19701598805466,Review 100yr value: lower than expected return-period progression,67.2686586721058,64.66682667590756
Barangay 560,1133.0,15181.09205209775,2003.693746295276,13.19861403526897,2990.537456014031,19.69909309390422,2366.8125891379395,15.590529199188206,False,True,False,560,BARANGAY 560,1380606166.0,City of Manila - Sampaloc,133906000,133906166,1183.0,1103.0,0.01517597,U,No,5058.65755175728,4850.20880456252,7587.98874524696,4598.45877328825,5058.65755175728,4850.20880456252,0.0746323120966413,746.323120966413,0.13198614035268968,0.1969909309390422,0.15590529199188205,150,223,177,6.500479058635252,-4.108563894716015,2.3919151639192364,986.8437097187548,-623.7248668760913,363.1188428426635,73,-46,27,-80.0,-6.76246830092984,779.2588279817004,726.5616967572405,-52.697131224459895,233,217,-16,15175.970000000001,5.122052097749474,0.03375106894484817,64.03159510712949,77.15641724721995,600.646559479169,-57.457324153315724,145.67656148724393,Review 100yr value: lower than expected return-period progression,16.773877517518358,16.430547771359002
Barangay 561,2387.0,21582.329867447286,9605.347344326628,44.505609001993854,11340.585782490092,52.54569757825425,9538.15302500632,44.19426949540214,False,True,True,561,BARANGAY 561,1380606167.0,City of Manila - Sampaloc,133906000,133906167,2419.0,2332.0,0.02157498,U,No,7191.66059949299,2235.72804329534,7191.66053511091,3067.51519236751,7191.66059949299,2235.72804329534,0.11059973666700006,1105.9973666700005,0.4450560900199385,0.5254569757825425,0.4419426949540214,1062,1254,1055,8.040088576260395,-8.35142808285211,-0.3113395065917146,1735.2384381634638,-1802.4327574837716,-67.19431932030784,192,-199,-7,-87.0,-3.596527490698636,1120.824310839854,1080.513556378065,-40.310754461788974,1271,1225,-46,21574.98,7.34986744728667,0.03406662461465396,64.03159510712949,77.15641724721995,600.646559479169,-24.6107196689657,505.35080719083146,Review 100yr value: lower than expected return-period progression,48.92765771893707,47.19510420104831
Barangay 562,2261.0,21662.256464835416,7826.647292726984,36.13034175563413,9413.739257711555,43.45687289314936,8685.065296415481,40.0930776095004,False,True,False,562,BARANGAY 562,1380606168.0,City of Manila - Sampaloc,133906000,133906168,2404.0,2583.0,0.02165487,U,No,7218.28992575221,3386.6286649112,7218.29089327573,3953.96285818094,7218.28992575221,3386.6286649112,0.10437509147167132,1043.7509147167132,0.36130341755634127,0.4345687289314936,0.400930776095004,817,983,907,7.326531137515232,-3.3637952836489617,3.9627358538662705,1587.091964984571,-728.6739612960737,858.4180036884973,166,-76,90,179.0,7.445923460898503,1109.7643516050325,1192.3965558218797,82.63220421684719,1045,1122,77,21654.87,7.386464835417428,0.034109947718076475,64.03159510712949,77.15641724721995,600.646559479169,-33.69954435407059,443.10435523754415,Review 100yr value: lower than expected return-period progression,40.159933881267506,40.279721995310965
Barangay 563,1549.0,13482.137341455636,4075.0094320995486,30.22524788832613,5475.404628525188,40.61228935629594,4968.084106983169,36.84938063720077,False,True,False,563,BARANGAY 563,1380606169.0,City of Manila - Sampaloc,133906000,133906169,1455.0,1526.0,0.01347752,U,No,4492.51221832154,2244.75854347838,4492.51219446229,2907.86050935434,4492.51221832154,2244.75854347838,0.11489276223563213,1148.9276223563215,0.3022524788832613,0.4061228935629594,0.3684938063720077,468,629,571,10.387041467969809,-3.762908719095172,6.624132748874636,1400.3951964256394,-507.3205215420194,893.07467488362,161,-58,103,71.0,4.879725085910653,1079.205739527726,1131.8680127280481,52.66227320032203,591,620,29,13477.52,4.617341455636051,0.034259577842481785,64.03159510712949,77.15641724721995,600.646559479169,-36.54412789092401,548.2810628771525,Review 100yr value: lower than expected return-period progression,35.93812069570953,36.51036550166542
Barangay 564,1451.0,16101.64199974342,4458.366346280765,27.688892513892743,5738.806005957223,35.641122849760734,6128.602632151548,38.06197301026322,False,False,False,564,BARANGAY 564,1380606170.0,City of Manila - Sampaloc,133906000,133906170,1362.0,1430.0,0.01609616,U,No,5365.38013038596,3011.36461398281,5365.38149561973,3781.61705563058,5365.38013038596,3011.36461398281,0.09011503298999703,901.1503298999702,0.27688892513892743,0.3564112284976073,0.3806197301026322,402,517,552,7.952230335867991,2.4208501605024892,10.37308049637048,1280.4396596764573,389.79662619432565,1670.236285870783,115,35,150,68.0,4.992657856093979,845.8764640411849,888.1081817759872,42.23171773480226,485,510,25,16096.160000000002,5.481999743418783,0.03405781095254261,64.03159510712949,77.15641724721995,600.646559479169,-41.515294397459215,300.5037704208012,OK,32.06261919862014,34.62140532999473
Barangay 565,2658.0,32309.28268881881,19965.414080467795,61.79466833962605,24311.470251739054,75.246084804453,22908.759897490327,70.9045759948682,False,True,False,565,BARANGAY 565,1380606171.0,City of Manila - Sampaloc,133906000,133906171,2239.0,2464.0,0.03229825,U,No,10766.0860108989,3397.00219728513,10766.0881641845,2727.19319058524,10766.0860108989,3397.00219728513,0.0822673788706503,822.6737887065029,0.6179466833962605,0.7524608480445301,0.7090457599486819,1643,2000,1885,13.451416464826956,-4.341508809584809,9.109907655242147,4346.056171271259,-1402.7103542487275,2943.3458170225313,357,-115,242,225.0,10.049129075480124,692.989696355854,762.6291254224316,69.63942906657758,1685,1854,169,32298.25,11.03268881881013,0.034158782035590564,64.03159510712949,77.15641724721995,600.646559479169,-1.9103324427669435,222.02722922733392,Review 100yr value: lower than expected return-period progression,69.19294739528088,70.14662716441234
Barangay 566,2177.0,28451.26670546022,25547.71258147184,89.79464023852707,27648.80767376418,97.1795314422959,25266.61658100306,88.80664907673169,False,True,True,566,BARANGAY 566,1380606172.0,City of Manila - Sampaloc,133906000,133906172,2078.0,2160.0,0.02844162,U,No,9480.54091617484,8017.81001218517,9480.54023012079,6161.06055165717,9480.54091617484,8017.81001218517,0.07651680406841785,765.1680406841785,0.8979464023852707,0.971795314422959,0.8880664907673169,1955,2116,1933,7.384891203768831,-8.372882365564209,-0.987991161795378,2101.0950922923403,-2382.191092761117,-281.09600046877677,161,-183,-22,82.0,3.946102021174206,730.3716989167309,759.1929112897684,28.821212373037497,2019,2099,80,28441.62,9.64670546022171,0.033917566791982,64.03159510712949,77.15641724721995,600.646559479169,20.023114195075948,164.52148120500954,Review 100yr value: lower than expected return-period progression,93.85633040059993,91.98415569512801
Barangay 567,2437.0,35239.7488018431,23243.49462729145,65.95817341943075,26035.97799888047,73.88241654412344,24491.17398236809,69.49871896103629,False,True,False,567,BARANGAY 567,1380606173.0,City of Manila - Sampaloc,133906000,133906173,2317.0,2318.0,0.0352277,U,No,11742.5702761445,5874.96318207853,11742.569665046,3183.84500292554,11742.5702761445,5874.96318207853,0.06915486298450971,691.5486298450971,0.6595817341943075,0.7388241654412344,0.6949871896103629,1607,1801,1694,7.924243124692694,-4.383697583087155,3.540545541605539,2792.48337158902,-1544.8040165123784,1247.6793550766415,194,-107,87,1.0,0.04315925766076824,657.4961737181329,657.7799441858576,0.2837704677247075,1712,1713,1,35227.7,12.048801843106048,0.03420263554846342,64.03159510712949,77.15641724721995,600.646559479169,-3.2740007030965046,90.90207036592813,Review 100yr value: lower than expected return-period progression,70.31650713801173,70.1478767297154
Barangay 568,1881.0,20966.65744014339,13420.517938057235,64.00885776080793,15663.258487828416,74.7055582538353,15874.823453532646,75.71461258835771,False,False,False,568,BARANGAY 568,1380606174.0,City of Manila - Sampaloc,133906000,133906174,2017.0,1847.0,0.02095957,U,No,6986.52326181812,2316.66714738746,6986.52581686262,2760.42336239298,6986.52326181812,2316.66714738746,0.08971387095773221,897.1387095773222,0.6400885776080792,0.747055582538353,0.7571461258835771,1204,1405,1424,10.696700493027379,1.0090543345224035,11.705754827549782,2242.7405497711807,211.56496570423042,2454.305515475411,201,19,220,-170.0,-8.42835894893406,962.0036029864215,880.9224862250474,-81.08111676137412,1507,1380,-127,20959.57,7.087440143390268,0.033814816541514296,64.03159510712949,77.15641724721995,600.646559479169,-2.4508589933846423,296.49215009815316,OK,69.89204303197299,72.43500486438742
Barangay 569,2107.0,20682.721188777454,5161.376229578562,24.955015263558018,7716.739334856306,37.310077646085794,6434.151966137334,31.10882706105682,False,True,False,569,BARANGAY 569,1380606175.0,City of Manila - Sampaloc,133906000,133906175,2093.0,2086.0,0.02067571,U,No,6891.90465256317,4791.12237602937,6891.90313338969,5228.98076759595,6891.90465256317,4791.12237602937,0.10187247513365255,1018.7247513365256,0.24955015263558017,0.37310077646085793,0.3110882706105682,526,786,655,12.355062382527777,-6.201250585028973,6.153811797498804,2555.3631052777446,-1282.5873687189724,1272.7757365587722,260,-131,129,-7.0,-0.33444816053511706,1011.9558161116981,1008.5713484992845,-3.3844676124136868,781,778,-3,20675.71,7.011188777454663,0.03391026851051143,64.03159510712949,77.15641724721995,600.646559479169,-39.846339601134154,418.0781918573566,Review 100yr value: lower than expected return-period progression,31.750299573948297,31.74081181644226
Barangay 570,1897.0,38664.26939689025,2112.286962590619,5.46314981645692,3144.8765278795954,8.133805647786367,3131.5651276037647,8.099377478100322,False,True,False,570,BARANGAY 570,1380606176.0,City of Manila - Sampaloc,133906000,133906176,2033.0,2002.0,0.0386511,U,No,12883.702829172,15609.1927232494,12883.7009431785,16035.2080891958,12883.702829172,15609.1927232494,0.049063386676914025,490.63386676914024,0.054631498164569206,0.08133805647786367,0.08099377478100322,104,154,154,2.670655831329447,-0.034428169686044896,2.636227661643402,1032.5895652889762,-13.311400275830692,1019.2781650131456,50,0,50,-31.0,-1.5248401377274963,525.8084613292895,517.7907228633732,-8.017738465916295,165,163,-2,38651.1,13.169396890254575,0.0340725021804155,64.03159510712949,77.15641724721995,600.646559479169,-69.02261159943359,-110.01269271002877,Review 100yr value: lower than expected return-period progression,6.932010523688117,7.452370422079587
Barangay 571,2452.0,22037.51723197179,8336.50917022646,37.82871310989581,8936.509170116195,40.55134285794775,7972.467972123394,36.17679745047244,False,True,True,571,BARANGAY 571,1380606177.0,City of Manila - Sampaloc,133906000,133906177,2006.0,2097.0,0.02202999,U,No,7343.32911674254,4743.43476530892,7343.32511215235,4507.96184590683,7343.32911674254,4743.43476530892,0.1112648023908367,1112.6480239083671,0.37828713109895806,0.40551342857947753,0.3617679745047244,928,994,887,2.7226297480519435,-4.37454540747531,-1.6519156594233664,599.9999998897347,-964.0411979928003,-364.04119810306565,66,-107,-41,91.0,4.536390827517447,910.2658792659805,951.5590971190236,41.293217853043075,813,850,37,22029.989999999998,7.52723197179148,0.03416811342988118,64.03159510712949,77.15641724721995,600.646559479169,-36.6050743892722,512.0014644291981,Review 100yr value: lower than expected return-period progression,39.32615947132438,38.12086725794464
Barangay 572,1617.0,15356.096676451862,14242.583763468954,92.74872425952849,14950.559407641334,97.35911229686116,14400.51547584617,93.77718686760387,False,True,False,572,BARANGAY 572,1380606178.0,City of Manila - Sampaloc,133906000,133906178,1667.0,1856.0,0.01535086,U,No,5116.95398441008,6451.16296557106,5116.95306169082,5226.53629742146,5116.95398441008,6451.16296557106,0.10530019666258181,1053.001966625818,0.9274872425952849,0.9735911229686116,0.9377718686760388,1500,1574,1516,4.610388037332669,-3.581925429257282,1.0284626080753867,707.9756441723803,-550.0439317951641,157.93171237721617,74,-58,16,189.0,11.337732453509298,1085.5623242827699,1208.6404762260472,123.07815194327736,1623,1807,184,15350.859999999999,5.236676451862877,0.03411324480754093,64.03159510712949,77.15641724721995,600.646559479169,20.202695049641207,452.3554071466491,Review 100yr value: lower than expected return-period progression,95.28443768006146,94.77374511582508
Barangay 573,716.0,15713.889464561677,0.0,0.0,0.0,0.0,2.345495188800005,0.0149262548530051,False,False,False,573,BARANGAY 573,1380606179.0,City of Manila - Sampaloc,133906000,133906179,950.0,947.0,0.01570848,U,No,15708.4875686271,0.0,15708.4875686271,0.0,15708.4875686271,0.0,0.04556478532032057,455.6478532032057,0.0,0.0,0.000149262548530051,0,0,0,0.0,0.0149262548530051,0.0149262548530051,0.0,2.345495188800005,2.345495188800005,0,0,0,-3.0,-0.3157894736842105,604.5606990824657,602.6515600327316,-1.909139049734108,0,0,0,15708.48,5.409464561676941,0.0344365881465103,64.03159510712949,77.15641724721995,600.646559479169,-77.15641724721995,-144.9987062759633,OK,0.0,0.00597050194120204
Barangay 574,1043.0,17404.66089082192,13518.935602863055,77.67422581609769,14018.926304059403,80.5469660799428,14621.672739858845,84.01009839593806,False,False,False,574,BARANGAY 574,1380606180.0,City of Manila - Sampaloc,133906000,133906180,1343.0,1479.0,0.01739869,U,No,4349.67412938853,5160.21352901596,4349.67542514556,4289.20674962641,4349.67412938853,5160.21352901596,0.0599264763928845,599.264763928845,0.7767422581609769,0.805469660799428,0.8401009839593806,810,840,876,2.8727402638451167,3.463132315995253,6.33587257984037,499.9907011963478,602.7464357994413,1102.7371369957891,30,36,66,136.0,10.126582278481013,771.6323853848886,849.7723737782951,78.1399883934065,1082,1191,109,17398.690000000002,5.970890821918147,0.03431804820890622,64.03159510712949,77.15641724721995,600.646559479169,3.390548832722857,-1.381795550324,OK,79.25423296121251,81.21403394037964
Barangay 575,1078.0,14891.697824181309,13719.006192121138,92.12519857772068,14255.8309854016,95.73005814187836,14649.311942145565,98.37234219430538,False,False,False,575,BARANGAY 575,1380606181.0,City of Manila - Sampaloc,133906000,133906181,909.0,1007.0,0.0148866,U,No,4962.20169265666,6134.58560339342,4962.20189093106,5404.14330142901,4962.20169265666,6134.58560339342,0.07238932811606823,723.8932811606822,0.9212519857772068,0.9573005814187836,0.9837234219430537,993,1032,1060,3.604859564157678,2.6422840524270157,6.247143616584694,536.8247932804625,393.48095674396427,930.3057500244267,39,28,67,98.0,10.78107810781078,610.407228733822,676.2157088393386,65.80848010551665,870,964,94,14886.6,5.0978241813081695,0.0342443820705075,64.03159510712949,77.15641724721995,600.646559479169,18.57364089465841,123.24672168151324,OK,94.10787133800741,95.88575687180975
Barangay 576,2112.0,36723.588101991634,17012.18157677625,46.32494387402637,20561.19088067078,55.98905756040675,19827.038136671395,53.989926261034704,False,True,False,576,BARANGAY 576,1380606182.0,City of Manila - Sampaloc,133906000,133906182,2746.0,3603.0,0.03671097,U,No,12236.9889362774,6139.75759194503,12236.9913640473,3118.6732730815,12236.9889362774,6139.75759194503,0.05751072019799339,575.107201979934,0.4632494387402637,0.5598905756040675,0.539899262610347,978,1182,1140,9.664113686380382,-1.9991312993720456,7.664982387008337,3549.0093038945306,-734.1527439993843,2814.8565598951463,204,-42,162,857.0,31.209031318281138,747.7482843924709,981.113280650427,233.36499625795614,1537,2017,480,36710.97,12.618101991633011,0.034371475315506536,64.03159510712949,77.15641724721995,600.646559479169,-21.1673596868132,-25.539357499235052,Review 100yr value: lower than expected return-period progression,51.64020640153558,52.77337661906284
Barangay 577,801.0,11961.26634920285,638.491719915435,5.337994333334003,901.6762257864464,7.538300707153287,1837.3869699894483,15.361140838669645,False,False,False,577,BARANGAY 577,1380606183.0,City of Manila - Sampaloc,133906000,133906183,720.0,985.0,0.01195715,U,No,3985.72090179511,4723.43899421568,3985.72094217321,5000.30588599618,3985.72090179511,4723.43899421568,0.06696615363417453,669.6615363417453,0.053379943333340035,0.07538300707153286,0.15361140838669646,43,60,123,2.2003063738192834,7.822840131516358,10.023146505335642,263.1845058710113,935.7107442030019,1198.8952500740133,17,63,80,265.0,36.80555555555556,601.942954015052,823.4914023678142,221.5484483527622,54,74,20,11957.15,4.11634920284996,0.03442583895702538,64.03159510712949,77.15641724721995,600.646559479169,-69.61811654006667,69.0149768625763,OK,6.548162838934609,10.117360166305009
Barangay 578,1186.0,25298.36524840066,563.8517582470539,2.2288070897494063,1186.3804728579014,4.689553894921741,1478.4716997664757,5.844139276390372,False,False,False,578,BARANGAY 578,1380606184.0,City of Manila - Sampaloc,133906000,133906184,1124.0,1100.0,0.02528985,U,No,12644.9103060307,10420.8189821163,12644.9096964356,11458.9296879036,12644.9103060307,10420.8189821163,0.04688049952456821,468.80499524568205,0.022288070897494062,0.046895538949217414,0.05844139276390372,26,56,69,2.460746805172335,1.1545853814686309,3.615332186640966,622.5287146108475,292.0912269085743,914.6199415194218,30,13,43,-24.0,-2.135231316725979,444.29748284666664,434.8107038534994,-9.486778993167263,53,52,-1,25289.85,8.515248400661221,0.033670616475231056,64.03159510712949,77.15641724721995,600.646559479169,-72.4668633522982,-131.84156423348696,OK,3.582217832594191,4.53620134621611
Barangay 579,1468.0,30014.83161683685,6271.433385908937,20.8944480048023,9921.480067256474,33.055258126755604,8563.4362877594,28.53068242087265,False,True,False,579,BARANGAY 579,1380606185.0,City of Manila - Sampaloc,133906000,133906185,1615.0,1703.0,0.03000468,U,No,10001.5670745744,6885.30597390336,10001.5681056993,7970.09725987348,10001.5670745744,6885.30597390336,0.04890915327262819,489.09153272628186,0.208944480048023,0.33055258126755604,0.2853068242087265,307,485,419,12.160810121953304,-4.5245757058829525,7.6362344160703515,3650.046681347537,-1358.0437794970749,2292.002901850462,178,-66,112,88.0,5.448916408668731,538.0673197227147,567.3861581967698,29.318838474055042,534,563,29,30004.68,10.151616836850735,0.033833444772118,64.03159510712949,77.15641724721995,600.646559479169,-44.101159120464345,-111.55502675288716,Review 100yr value: lower than expected return-period progression,27.582893571876618,28.205225313914095
Barangay 580,1889.0,22721.378855280243,1400.0000000113505,6.161597889496055,1604.5770594586902,7.061970445010211,2001.6952920893575,8.809743919322845,False,False,False,580,BARANGAY 580,1380606186.0,City of Manila - Sampaloc,133906000,133906186,1876.0,2008.0,0.02271365,U,No,7571.21984330873,9502.49290740592,7571.21974906844,9573.09975735329,7571.21984330873,9502.49290740592,0.08313756009402631,831.3756009402631,0.06161597889496055,0.07061970445010211,0.08809743919322845,116,133,166,0.9003725555141564,1.7477734743126332,2.6481460298267896,204.5770594473397,397.1182326306673,601.695292078007,17,33,50,132.0,7.036247334754798,825.6541171857774,883.7491830005549,58.09506581477751,132,142,10,22713.649999999998,7.728855280245625,0.03402735923220453,64.03159510712949,77.15641724721995,600.646559479169,-70.09444680220973,230.72904146109408,OK,6.656802795028842,7.535986695856725
Barangay 581,2212.0,180631.2619296216,10942.179692193144,6.057744144231516,16097.905995968616,8.912026536270758,13218.136957883968,7.317746007351751,False,True,False,581,BARANGAY 581,1380606187.0,City of Manila - Sampaloc,133906000,133906187,2136.0,2461.0,0.18057018,U,No,60190.1745175108,72202.3816707317,60190.1697296083,73849.4881679118,60190.1745175108,72202.3816707317,0.012245942238181616,122.45942238181617,0.06057744144231516,0.08912026536270759,0.07317746007351751,134,197,162,2.8542823920392424,-1.5942805289190076,1.2600018631202348,5155.726303775473,-2879.769038084649,2275.957265690824,63,-35,28,325.0,15.215355805243448,118.25195579003586,136.244411610149,17.992455820113136,190,219,29,180570.18,61.08192962160683,0.033827251887109396,64.03159510712949,77.15641724721995,600.646559479169,-68.24439071094919,-478.18713709735283,Review 100yr value: lower than expected return-period progression,7.6275994598531,7.560743726693345
Barangay 582,1269.0,13370.236477353666,2214.97971584332,16.56649618422998,5678.352167149078,42.4700952504991,5507.141590585087,41.18956010922479,False,True,False,582,BARANGAY 582,1380606188.0,City of Manila - Sampaloc,133906000,133906188,1582.0,1563.0,0.01336574,U,No,4455.24831916318,3139.06935249607,6682.87206858311,1006.42768059758,4455.24831916318,3139.06935249607,0.09491230780767533,949.1230780767534,0.16566496184229978,0.424700952504991,0.41189560109224793,210,539,523,25.90359906626912,-1.2805351412743065,24.623063924994813,3463.372451305758,-171.2105765639908,3292.1618747417674,329,-16,313,-19.0,-1.2010113780025284,1183.2251454038012,1169.0144767801146,-14.210668623686615,672,664,-8,13365.74,4.496477353666705,0.03364181372424351,64.03159510712949,77.15641724721995,600.646559479169,-34.68632199672085,348.47651859758435,Review 100yr value: lower than expected return-period progression,30.813475670677995,35.4819814274221
Barangay 583,1228.0,10916.898013456916,8776.560058879335,80.39426628389076,10061.344053793726,92.16303057325828,9313.419407522248,85.31195762790756,False,True,False,583,BARANGAY 583,1380606189.0,City of Manila - Sampaloc,133906000,133906189,1327.0,1278.0,0.01091322,U,No,3637.74009866307,2144.79891608958,3637.74094479372,2196.73533254165,3637.74009866307,2144.79891608958,0.11248616580335212,1124.8616580335213,0.8039426628389076,0.9216303057325829,0.8531195762790756,987,1132,1048,11.768764289367525,-6.851072945350722,4.917691344016802,1284.7839949143909,-747.9246462714782,536.8593486429127,145,-84,61,-49.0,-3.6925395629238884,1215.5467591290576,1170.662214142378,-44.88454498667966,1223,1178,-45,10913.22,3.678013456916233,0.03370236700915251,64.03159510712949,77.15641724721995,600.646559479169,15.006613326038334,524.2150985543523,Review 100yr value: lower than expected return-period progression,86.8670866430429,86.48041032277612
Barangay 584,3486.0,100337.29393540153,37890.00682154085,37.762635741337554,48393.19823810642,48.23051962041413,46954.94437204464,46.79710058981145,False,True,False,584,BARANGAY 584,1380606190.0,City of Manila - Sampaloc,133906000,133906190,3941.0,3411.0,0.1003037,U,No,33434.5700709868,12114.1861740063,33434.5707969959,16955.3311950779,33434.5700709868,12114.1861740063,0.0347428145933887,347.42814593388704,0.3776263574133755,0.4823051962041413,0.4679710058981145,1316,1681,1631,10.467883879076574,-1.4334190306026784,9.034464848473895,10503.191416565576,-1438.2538660617793,9064.937550503797,365,-50,315,-530.0,-13.448363359553413,392.77519309393256,339.9533579404729,-52.82183515345963,1901,1645,-256,100303.7,33.59393540152814,0.033492219530813064,64.03159510712949,77.15641724721995,600.646559479169,-28.92589762680582,-253.21841354528198,Review 100yr value: lower than expected return-period progression,43.51997187482967,45.040181038403915
Barangay 585,1138.0,68188.50887253725,11546.026443303015,16.932510527375896,15180.125674848325,22.26199975016917,12249.637957413688,17.964372824622945,False,True,False,585,BARANGAY 585,1380606191.0,City of Manila - Sampaloc,133906000,133906191,907.0,1090.0,0.06816614,U,No,22721.9362915593,20347.034957272,22721.9340048558,22069.1578605932,22721.9362915593,20347.034957272,0.016689028970075143,166.89028970075142,0.16932510527375896,0.2226199975016917,0.17964372824622946,193,253,204,5.329489222793274,-4.297626925546226,1.0318622972470486,3634.0992315453095,-2930.4877174346366,703.6115141106729,60,-49,11,183.0,20.17640573318633,133.01361402335812,159.85098046908527,26.837366445727156,202,243,41,68166.14,22.368872537248535,0.032815225473011286,64.03159510712949,77.15641724721995,600.646559479169,-54.89441749705078,-433.7562697784176,Review 100yr value: lower than expected return-period progression,19.863729599912197,19.210576674252362
Barangay 586,6859.0,110249.53885674808,8200.830144804882,7.438425801907952,15545.40217479034,14.10019700398851,10450.482966058542,9.478935761933029,False,True,False,586,BARANGAY 586,1380606192.0,City of Manila - Sampaloc,133906000,133906192,2340.0,5105.0,0.11021305,U,No,27553.2679276471,35751.1278968219,36737.6947651812,40968.4252632656,27553.2679276471,35751.1278968219,0.06221341214780218,622.1341214780218,0.07438425801907952,0.1410019700398851,0.09478935761933029,510,967,650,6.661771202080558,-4.621261242055482,2.0405099600250765,7344.572029985458,-5094.919208731799,2249.6528212536596,457,-317,140,2765.0,118.16239316239316,212.24578572074225,463.04048551469623,250.79469979395398,330,720,390,110213.05,36.48885674808116,0.033107564619689916,64.03159510712949,77.15641724721995,600.646559479169,-63.05622024323144,21.48756199885281,Review 100yr value: lower than expected return-period progression,11.10239996305226,10.586249706646178
Barangay 587,2685.0,73356.3395966651,1768.5485007673296,2.4109006944612195,3153.6911969977973,4.299139262315603,1453.5828653941971,1.9815368015721972,False,True,True,587,BARANGAY 587,1380606193.0,City of Manila - Sampaloc,133906000,133906193,1699.0,2920.0,0.07333198,U,No,18332.9936134089,28770.3001672661,24443.9924831278,32343.9243708362,18332.9936134089,28770.3001672661,0.036602153471164536,366.02153471164536,0.024109006944612196,0.04299139262315603,0.019815368015721972,65,115,53,1.8882385678543838,-2.317602460743406,-0.4293638928890222,1385.1426962304677,-1700.1083316036002,-314.9656353731325,50,-62,-12,1221.0,71.86580341377281,231.60915734640054,398.05693905326046,166.44778170685993,73,126,53,73331.98000000001,24.359596665090066,0.0332182448436413,64.03159510712949,77.15641724721995,600.646559479169,-72.85727798490434,-234.62502476752366,Review 100yr value: lower than expected return-period progression,3.4494319067811308,2.900038636054645
Barangay 587-A,1227.0,21945.73023824851,863.400701708294,3.934253690057215,6533.243890080929,29.769999991589923,1359.4949862643766,6.19480405302238,False,True,False,587,BARANGAY 587-A,1380606194.0,City of Manila - Sampaloc,133906000,133906194,1332.0,1277.0,0.02193849,U,No,5484.61919502542,3787.54470558516,7312.82614572263,5724.55052164043,5484.61919502542,3787.54470558516,0.05591064807046161,559.106480704616,0.03934253690057215,0.29769999991589924,0.0619480405302238,48,365,76,25.83574630153271,-23.575195938567543,2.260550362965165,5669.843188372635,-5173.748903816553,496.0942845560826,317,-289,28,-55.0,-4.129129129129129,606.9517785644242,581.8899558759533,-25.061822688470897,397,380,-17,21938.49,7.240238248508831,0.03300244569479864,64.03159510712949,77.15641724721995,600.646559479169,-47.38641725563002,-41.54007877455297,Review 100yr value: lower than expected return-period progression,18.143914155900205,13.88098504077973
Barangay 588,1037.0,19477.095081953747,9887.955253843817,50.76709443702091,18325.645151825844,94.0881844788304,6236.593082056709,32.02013984023287,False,True,True,588,BARANGAY 588,1380606195.0,City of Manila - Sampaloc,133906000,133906195,1359.0,989.0,0.01947066,U,No,4867.66759174504,4633.18600278964,4867.66818412365,5576.40645764198,4867.66759174504,4633.18600278964,0.0532420258584053,532.4202585840529,0.5076709443702091,0.940881844788304,0.3202013984023287,526,976,332,43.32109004180949,-62.06804463859753,-18.746954596788036,8437.689897982027,-12089.052069769135,-3651.3621717871074,450,-644,-194,-370.0,-27.225901398086826,697.7426532456393,507.7759264605867,-189.96672678505263,1279,931,-348,19470.66,6.435081953746703,0.03305014803682414,64.03159510712949,77.15641724721995,600.646559479169,16.93176723161045,-68.22630089511608,Review 100yr value: lower than expected return-period progression,74.59369396001614,58.430694112939015
Barangay 589,559.0,32840.44143965425,800.0683010555343,2.436228826356354,3348.359155860605,10.195840887258964,1076.3992198242531,3.277663675143295,False,True,False,589,BARANGAY 589,1380606196.0,City of Manila - Sampaloc,133906000,133906196,832.0,660.0,0.03282968,U,No,8207.41001146566,10886.6807840542,10943.2123296311,13109.63170731,8207.41001146566,10886.6807840542,0.017021695674438085,170.21695674438084,0.02436228826356354,0.10195840887258964,0.03277663675143295,14,57,18,7.75961206090261,-6.918177212115669,0.8414348487869412,2548.2908548050705,-2271.959936036352,276.3309187687188,43,-39,4,-172.0,-20.673076923076923,253.34616817768313,200.97171994864286,-52.37444822904027,85,67,-18,32829.68,10.761439654248534,0.032779605692923396,64.03159510712949,77.15641724721995,600.646559479169,-66.96057635996098,-430.4296027347882,Review 100yr value: lower than expected return-period progression,6.70401545985279,5.4886669871870435
Barangay 590,2854.0,36206.989122375904,4217.375882600776,11.647960752401916,6207.502000383252,17.144485500858778,6936.794116386214,19.15871571905789,False,False,False,590,BARANGAY 590,1380606197.0,City of Manila - Sampaloc,133906000,133906197,3368.0,3209.0,0.03619497,U,No,12064.9909758301,11601.182163829,18097.488644498,11892.0501526107,12064.9909758301,11601.182163829,0.07882456037296483,788.2456037296482,0.11647960752401916,0.17144485500858778,0.19158715719057892,332,489,547,5.496524748456862,2.0142302181991134,7.510754966655975,1990.1261177824763,729.2921160029618,2719.418233785438,157,58,215,-159.0,-4.720902612826603,930.2071455365996,886.2929720982625,-43.914173438337116,577,550,-27,36194.97,12.019122375902953,0.033206609581118464,64.03159510712949,77.15641724721995,600.646559479169,-60.01193174636117,187.5990442504792,OK,14.671049364053191,16.576046401024207
Barangay 591,2085.0,66693.28662268333,2366.9721672152605,3.549041121044737,2812.25728228352,4.21670219701998,4148.050532905942,6.219592320248815,False,False,False,591,BARANGAY 591,1380606198.0,City of Manila - Sampaloc,133906000,133906198,2419.0,2498.0,0.06667112,U,No,33335.5769905538,29320.3479771639,33335.5780695233,30524.2573651211,33335.5769905538,29320.3479771639,0.031262516897628226,312.6251689762822,0.03549041121044737,0.042167021970199794,0.062195923202488144,74,88,130,0.6676610759752428,2.002890123228835,2.670551199204078,445.28511506825953,1335.7932506224224,1781.078365690682,14,42,56,79.0,3.2658123191401405,362.7051720640896,374.55044225551705,11.84527019142746,102,105,3,66671.12,22.166622683333117,0.03324771307776608,64.03159510712949,77.15641724721995,600.646559479169,-72.93971505019996,-288.0213905028868,OK,3.9162547128311207,4.850942977317703
Barangay 592,2119.0,32291.55211284227,8844.84596069779,27.390587884378025,13267.026182141406,41.08513005438702,11903.248526057974,36.8618036211523,False,True,False,592,BARANGAY 592,1380606199.0,City of Manila - Sampaloc,133906000,133906199,2132.0,2371.0,0.03228074,U,No,10760.2521293692,7597.5775865464,10760.25143837,7954.31917208197,10760.2521293692,7597.5775865464,0.0656208779496009,656.2087794960091,0.27390587884378026,0.4108513005438702,0.368618036211523,580,871,781,13.694542170008997,-4.223326433234725,9.471215736774273,4422.180221443616,-1363.7776560834318,3058.402565360184,291,-90,201,239.0,11.21013133208255,660.2346002291134,734.2477660146473,74.01316578553383,876,974,98,32280.74,10.812112842268107,0.03349400553478051,64.03159510712949,77.15641724721995,600.646559479169,-36.071287192832926,55.562220016840115,Review 100yr value: lower than expected return-period progression,34.922586077882976,35.97216393859088
Barangay 593,1628.0,43847.89525486537,6270.468118712206,14.300499675674704,9165.684120912014,20.903361649713364,9048.02089298696,20.63501757700215,False,True,False,593,BARANGAY 593,1380606200.0,City of Manila - Sampaloc,133906000,133906200,1927.0,1775.0,0.04383315,U,No,21916.5795027921,9900.30369242205,21916.5827233062,12753.9848213626,21916.5795027921,9900.30369242205,0.037128349959268725,371.2834995926873,0.14300499675674705,0.20903361649713365,0.2063501757700215,233,340,336,6.60286197403866,-0.26834407271121563,6.334517901327445,2895.216002199808,-117.66322792505343,2777.5527742747545,107,-4,103,-152.0,-7.887908666320706,439.47377378077914,404.8084838925184,-34.66528988826076,403,371,-32,43833.15,14.745254865367315,0.03363950540941574,64.03159510712949,77.15641724721995,600.646559479169,-56.25305559750659,-229.36305988648172,Review 100yr value: lower than expected return-period progression,17.93207376139597,19.145308527119212
Barangay 594,686.0,30363.384555800345,20452.033034668995,67.35755362543081,28663.384555861987,94.40115117333453,12634.17323391605,41.60989764068489,False,True,True,594,BARANGAY 594,1380606201.0,City of Manila - Sampaloc,133906000,133906201,1099.0,636.0,0.03035342,U,No,10117.8017565852,8554.99676206666,7588.35140814404,7365.14749762444,10117.8017565852,8554.99676206666,0.022593001736657608,225.9300173665761,0.6735755362543081,0.9440115117333453,0.4160989764068489,462,648,285,27.043597547903715,-52.791253532649634,-25.74765598474592,8211.351521192992,-16029.211321945937,-7817.859800752945,186,-363,-177,-463.0,-42.12920837124659,361.9491094546168,209.4628149346099,-152.4862945200069,1037,600,-437,30353.42,9.964555800346716,0.03282844503303653,64.03159510712949,77.15641724721995,600.646559479169,17.244733926114577,-374.71654211259295,Review 100yr value: lower than expected return-period progression,82.23153227677786,66.52375037329874
Barangay 595,4229.0,48687.07614140798,27227.687805973288,55.92385077077231,46285.94198552127,95.06823094302726,18807.14226647964,38.628613087907965,False,True,True,595,BARANGAY 595,1380606202.0,City of Manila - Sampaloc,133906000,133906202,4108.0,4198.0,0.04867119,U,No,24335.5733575698,2779.12063195385,12167.7864390209,7225.79106619461,24335.5733575698,2779.12063195385,0.08686083320586319,868.6083320586318,0.5592385077077231,0.9506823094302725,0.38628613087907965,2365,4020,1634,39.14438017225495,-56.439617855119295,-17.295237682864347,19058.25417954798,-27478.799719041628,-8420.545539493647,1655,-2386,-731,90.0,2.190847127555988,843.7557408599811,862.2411392722007,18.485398412219638,3905,3991,86,48671.19,15.886141407980176,0.03263972261204252,64.03159510712949,77.15641724721995,600.646559479169,17.91181369580731,267.96177257946283,Review 100yr value: lower than expected return-period progression,77.45325986551254,62.7062887579158
Barangay 596,2467.0,22264.08697826196,18991.19818738045,85.29969455259018,21354.67711129079,95.91535072666989,14548.221247595588,65.34389333728382,False,True,True,596,BARANGAY 596,1380606203.0,City of Manila - Sampaloc,133906000,133906203,2006.0,2375.0,0.0222567,U,No,11128.386322699,7894.36111304991,5564.19352143827,5771.5367304929,11128.386322699,7894.36111304991,0.11080625055088542,1108.062505508854,0.8529969455259018,0.9591535072666989,0.6534389333728382,2104,2366,1612,10.615656174079703,-30.57145738938607,-19.955801215306366,2363.478923910341,-6806.455863695204,-4442.976939784863,262,-754,-492,369.0,18.39481555333998,901.0025885896883,1066.7403528915802,165.73776430189184,1924,2278,354,22256.7,7.386978261958575,0.033189908036494964,64.03159510712949,77.15641724721995,600.646559479169,18.758933479449936,507.41594602968496,Review 100yr value: lower than expected return-period progression,91.13830544833402,81.03285372739553
Barangay 597,1544.0,30435.10301370636,29953.294416621968,98.41693127548342,30435.10301370636,100.0,26385.817668762596,86.6953453611766,False,True,True,597,BARANGAY 597,1380606204.0,City of Manila - Sampaloc,133906000,133906204,2017.0,1672.0,0.03042515,U,No,15212.5736371727,14730.921770083,10141.7157718646,10245.7670859425,15212.5736371727,14730.921770083,0.050730894497208176,507.3089449720818,0.9841693127548342,1.0,0.866953453611766,1520,1544,1339,1.583068724516579,-13.304654638823393,-11.721585914306814,481.8085970843931,-4049.2853449437644,-3567.4767478593712,24,-205,-181,-345.0,-17.10461080813089,662.7215945652131,549.3656450733943,-113.35594949181882,2017,1672,-345,30425.15,9.953013706359343,0.03271311302116618,64.03159510712949,77.15641724721995,600.646559479169,22.84358275278005,-93.33761450708721,Review 100yr value: lower than expected return-period progression,99.28761907396755,94.28237096334149
Barangay 598,10510.0,76818.9070097899,76811.436500059,99.99027516789592,76818.9070097899,100.0,70135.902114362,91.30031244186252,False,True,True,598,BARANGAY 598,1380606205.0,City of Manila - Sampaloc,133906000,133906205,12130.0,12027.0,0.07679389,U,No,38396.9721356029,37889.6665166426,38396.9720890589,27215.291784359,38396.9721356029,37889.6665166426,0.1368152764613091,1368.152764613091,0.9999027516789591,1.0,0.9130031244186252,10509,10510,9596,0.009724832104083703,-8.699687558137484,-8.6899627260334,7.470509730890626,-6683.00489542789,-6675.534385696999,1,-914,-913,-103.0,-0.8491343775762572,1579.0383477408939,1565.6301902951136,-13.408157445780262,12130,12027,-103,76793.89,25.017009789895383,0.03257682322108619,64.03159510712949,77.15641724721995,600.646559479169,22.84358275278005,767.506205133922,Review 100yr value: lower than expected return-period progression,99.99562382555317,96.51769376871898
Barangay 599,4577.0,35968.97760508178,20336.63454207913,56.53937336046472,24795.3256507584,68.93530842882578,12221.58067649351,33.97811528222814,False,True,True,599,BARANGAY 599,1380606206.0,City of Manila - Sampaloc,133906000,133906206,4088.0,4272.0,0.03595719,U,No,8989.29759397748,6863.15248043339,8989.29642735775,4980.43341011069,8989.29759397748,6863.15248043339,0.12724854318220463,1272.4854318220462,0.5653937336046472,0.6893530842882578,0.3397811528222814,2588,3155,1555,12.395935068361055,-34.95719314659764,-22.561258078236584,4458.691108679272,-12573.744974264891,-8115.05386558562,567,-1600,-1033,184.0,4.500978473581213,1136.5349454421073,1187.6901386811846,51.155193239077335,2818,2945,127,35957.19,11.787605081779475,0.032782331104792874,64.03159510712949,77.15641724721995,600.646559479169,-8.221108818394171,671.8388723428772,Review 100yr value: lower than expected return-period progression,63.35713764806331,51.85344740309645
Barangay 600,6276.0,63689.86887015487,14345.722164417184,22.524339300594168,20257.775377322712,31.80690388705687,7028.412684835281,11.035370003923498,False,True,True,600,BARANGAY 600,1380606207.0,City of Manila - Sampaloc,133906000,133906207,5021.0,5892.0,0.06366911,U,No,15917.2727131785,12902.2101221264,15917.2693077947,16574.5169035716,15917.2727131785,12902.2101221264,0.09854000504844719,985.4000504844719,0.22524339300594168,0.3180690388705687,0.11035370003923499,1414,1996,693,9.282564586462701,-20.771533883133372,-11.48896929667067,5912.053212905528,-13229.362692487432,-7317.309479581903,582,-1303,-721,871.0,17.347142003584942,788.3514425561717,925.1078867837011,136.7564442275294,1597,1874,277,63669.11,20.7588701548666,0.03260430396288969,64.03159510712949,77.15641724721995,600.646559479169,-45.34951336016308,384.75349100530286,Review 100yr value: lower than expected return-period progression,27.629749823148657,21.177649187187846
Barangay 601,7765.0,116321.0327256694,66110.69306356621,56.83468545149625,75679.29362814756,65.06071331624867,64208.59921226712,55.19947485653448,False,True,True,601,BARANGAY 601,1380606208.0,City of Manila - Sampaloc,133906000,133906208,8521.0,7759.0,0.11628338,U,No,29070.8494959576,16414.6753151077,29070.8493220502,17155.1740752605,29070.8494959576,16414.6753151077,0.06675490939212098,667.5490939212098,0.5683468545149625,0.6506071331624866,0.5519947485653448,4413,5052,4286,8.226027864752417,-9.861238459714187,-1.6352105949617695,9568.600564581342,-11470.694415880433,-1902.0938512990906,639,-766,-127,-762.0,-8.942612369440205,732.5416393177886,667.033280068856,-65.5083592489326,5544,5048,-496,116283.38,37.652725669395295,0.03238014380850926,64.03159510712949,77.15641724721995,600.646559479169,-12.095703930971283,66.90253444204075,Review 100yr value: lower than expected return-period progression,61.35900077711008,59.05971096617489
Barangay 602,2027.0,135307.36328575047,82957.06430445396,61.31008859381887,113953.66032055837,84.21837330456582,111533.27656088203,82.42956913241976,False,True,False,602,BARANGAY 602,1380606209.0,City of Manila - Sampaloc,133906000,133906209,2434.0,2000.0,0.13526395,U,No,33815.9777734534,27145.8408933699,33815.9780024275,26800.2366391953,33815.9777734534,27145.8408933699,0.014980707263648732,149.80707263648733,0.6131008859381887,0.8421837330456582,0.8242956913241976,1243,1707,1671,22.908284710746948,-1.7888041721460581,21.11948053860089,30996.596016104406,-2420.3837596763333,28576.212256428073,464,-36,428,-434.0,-17.830731306491373,179.8867364564431,147.81161582287848,-32.07512063356461,2050,1684,-366,135263.94999999998,43.413285750488285,0.03209523731229814,64.03159510712949,77.15641724721995,600.646559479169,7.061956057345867,-450.8394868426817,Review 100yr value: lower than expected return-period progression,73.9096451847297,77.77578045802065
Barangay 603,739.0,47605.140627737,1700.000000187429,3.5710429121113205,2303.635291217829,4.839047339932912,3599.458073683758,7.5610701412077,False,False,False,603,BARANGAY 603,1380606210.0,City of Manila - Sampaloc,133906000,133906210,705.0,712.0,0.04758963,U,No,15863.1704995427,20130.8906590592,23794.7582193165,21491.8784834265,15863.1704995427,20130.8906590592,0.01552353359858418,155.2353359858418,0.035710429121113205,0.04839047339932912,0.075610701412077,26,36,56,1.2680044278215914,2.722022801274788,3.990027229096379,603.6352910304001,1295.8227824659289,1899.458073496329,10,20,30,7.0,0.9929078014184398,148.09325016240658,149.56367959664323,1.4704294342366495,34,34,0,47589.63,15.510627736999595,0.03259245288731935,64.03159510712949,77.15641724721995,600.646559479169,-72.31736990728703,-445.4112234933272,OK,4.268445347413196,5.610855353487429
Barangay 604,1581.0,20002.275834466505,15348.653414408029,76.73453531702785,18432.529228768257,92.1521599907478,13499.109187317128,67.48786637596717,False,True,True,604,BARANGAY 604,1380606211.0,City of Manila - Sampaloc,133906000,133906211,1785.0,1477.0,0.01999582,U,No,4998.95421560585,6093.85014582005,4998.95462451076,4407.32040851611,4998.95421560585,6093.85014582005,0.07904100578773805,790.4100578773804,0.7673453531702785,0.9215215999074781,0.6748786637596718,1213,1457,1067,15.417624673719956,-24.664293614780632,-9.246668941060676,3083.875814360228,-4933.420041451129,-1849.5442270909007,244,-390,-146,-308.0,-17.254901960784313,892.3984524422037,738.415974373745,-153.9824780684587,1645,1361,-284,19995.82,6.455834466505621,0.03228592008982688,64.03159510712949,77.15641724721995,600.646559479169,14.995742743527856,189.76349839821137,Review 100yr value: lower than expected return-period progression,85.21422888757382,78.43203637640556
Barangay 605,2242.0,38460.96610323738,1548.9958172708612,4.027449058645663,5342.8285675358375,13.89156100029977,2969.2746382582623,7.720228946636702,False,True,False,605,BARANGAY 605,1380606212.0,City of Manila - Sampaloc,133906000,133906212,879.0,1751.0,0.03844848,U,No,9612.11425617965,12868.7039915934,12816.1551798896,14391.500066728,9612.11425617965,12868.7039915934,0.05829286747457142,582.9286747457143,0.04027449058645663,0.1389156100029977,0.07720228946636702,90,311,173,9.864111941654107,-6.171332053663068,3.6927798879910387,3793.8327502649763,-2373.553929277575,1420.278820987401,221,-138,83,872.0,99.20364050056882,228.54340102653114,455.26677496866444,226.7233739421333,122,243,121,38448.48,12.486103237373754,0.032474894293282215,64.03159510712949,77.15641724721995,600.646559479169,-63.264856246920175,-17.717884733454753,Review 100yr value: lower than expected return-period progression,9.452710626555422,8.957000193421017
Barangay 606,443.0,30727.976951704728,15568.31526127638,50.6649535885332,22681.616792874465,73.81422092487001,19687.045890249497,64.06879932639788,False,True,False,606,BARANGAY 606,1380606213.0,City of Manila - Sampaloc,133906000,133906213,482.0,532.0,0.03071804,U,No,7679.51645722014,4123.13399578619,7679.51946737363,3764.54922339083,7679.51645722014,4123.13399578619,0.014416829350538264,144.16829350538265,0.506649535885332,0.7381422092487001,0.6406879932639788,224,327,284,23.149267336336813,-9.745421598472134,13.403845737864678,7113.301531598085,-2994.570902624968,4118.730628973117,103,-43,60,50.0,10.37344398340249,156.86031031511158,173.132126737841,16.271816422729415,356,393,37,30718.039999999997,9.936951704730745,0.03234891192514479,64.03159510712949,77.15641724721995,600.646559479169,-3.3421963223499347,-456.4782659737864,Review 100yr value: lower than expected return-period progression,63.39705062351845,64.12873545139696
Barangay 607,1443.0,47003.534975691386,13322.835740921892,28.344327182651277,35519.982729890406,75.56874764474655,41961.71149456439,89.27352276007655,False,False,False,607,BARANGAY 607,1380606214.0,City of Manila - Sampaloc,133906000,133906214,1599.0,1782.0,0.04698849,U,No,11747.1223621449,8473.15888635414,11747.1233338521,5250.94926075649,11747.1223621449,8473.15888635414,0.030699818657176955,306.99818657176957,0.28344327182651274,0.7556874764474655,0.8927352276007654,409,1090,1288,47.224420462095274,13.704775115329994,60.92919557742527,22197.146988968514,6441.728764673986,28638.8757536425,681,198,879,183.0,11.44465290806754,340.18717971466356,379.1204216707508,38.933241956087215,1208,1347,139,46988.49,15.044975691387663,0.032018427685987914,64.03159510712949,77.15641724721995,600.646559479169,-1.5876696024733974,-293.64837290739945,OK,54.31775843680368,69.24455257535473
Barangay 608,821.0,25801.783870493826,25641.69748458945,99.37955303126368,25801.783870493826,100.0,23151.383242709795,89.72783959013411,False,True,True,608,BARANGAY 608,1380606215.0,City of Manila - Sampaloc,133906000,133906215,737.0,756.0,0.0257935,U,No,12896.7276761164,12736.6934104516,8597.81912635874,8391.53357026869,12896.7276761164,12736.6934104516,0.03181950535361518,318.19505353615176,0.9937955303126368,1.0,0.8972783959013411,816,821,737,0.6204469687363172,-10.27216040986589,-9.651713441129573,160.08638590437477,-2650.400627784031,-2490.314241879656,5,-84,-79,19.0,2.578018995929444,285.639164989213,293.00299692244914,7.363831933236156,737,756,19,25793.5,8.283870493825816,0.03211611643951312,64.03159510712949,77.15641724721995,600.646559479169,22.84358275278005,-282.45150594301725,Review 100yr value: lower than expected return-period progression,99.72079886406866,95.73602409386956
Barangay 609,859.0,28675.87853292737,26818.87605305948,93.52416534427856,28675.87853292737,100.0,18147.410150304517,63.28458299705295,False,True,True,609,BARANGAY 609,1380606216.0,City of Manila - Sampaloc,133906000,133906216,972.0,1046.0,0.02866657,U,No,14333.2849959088,11373.1601117206,14333.2849525234,7730.41022553272,14333.2849959088,11373.1601117206,0.029955490256859767,299.55490256859764,0.9352416534427855,1.0,0.6328458299705295,803,859,544,6.475834655721442,-36.71541700294705,-30.239582347225607,1857.0024798678896,-10528.468382622854,-8671.465902754964,56,-315,-259,74.0,7.613168724279835,338.9608443500313,364.7665053396428,25.805660989611454,972,1046,74,28666.57,9.308532927370834,0.032471735988542874,64.03159510712949,77.15641724721995,600.646559479169,22.84358275278005,-301.0916569105714,Review 100yr value: lower than expected return-period progression,97.08587440492536,83.69487453489083
Barangay 610,991.0,29232.07285088511,24728.22990142373,84.59280334844607,29232.07285088511,100.0,19780.153890665933,67.66592978734663,False,True,True,610,BARANGAY 610,1380606217.0,City of Manila - Sampaloc,133906000,133906217,1190.0,968.0,0.02922252,U,No,14611.2534244513,6341.59994083417,14611.2538502606,12695.0924809888,14611.2534244513,6341.59994083417,0.033901119672736235,339.01119672736235,0.8459280334844607,1.0,0.6766592978734662,838,991,671,15.407196651553932,-32.33407021265337,-16.92687356109944,4503.842949461381,-9451.918960219176,-4948.076010757795,153,-320,-167,-222.0,-18.65546218487395,407.08710807826554,331.1431265712278,-75.94398150703773,1190,968,-222,29222.519999999997,9.552850885113003,0.03269003113048773,64.03159510712949,77.15641724721995,600.646559479169,22.84358275278005,-261.63536275180667,Review 100yr value: lower than expected return-period progression,93.06676150680073,83.21457275205017
Barangay 611,774.0,31773.457984707027,19612.05927898145,61.72466115718657,30852.770435558534,97.10233758758132,15857.569857156002,49.90822800838503,False,True,True,611,BARANGAY 611,1380606218.0,City of Manila - Sampaloc,133906000,133906218,937.0,808.0,0.03176304,U,No,7940.74713852362,8078.44045823483,7940.74843227971,10714.2679827125,7940.74713852362,8078.44045823483,0.024359954789073827,243.59954789073828,0.6172466115718657,0.9710233758758132,0.4990822800838503,478,752,386,35.37767643039475,-47.19410957919629,-11.816433148801536,11240.711156577083,-14995.200578402531,-3754.4894218254485,274,-366,-92,-129.0,-13.767342582710778,294.9002278728963,254.30030322443994,-40.59992464845638,910,785,-125,31763.04,10.417984707026335,0.032799079392357704,64.03159510712949,77.15641724721995,600.646559479169,19.94592034036137,-357.04701158843073,Review 100yr value: lower than expected return-period progression,81.18238319390369,69.38027464830412
Barangay 612,718.0,21915.36210317012,18673.458439412418,85.20716359375714,21805.62079046335,99.49924937498116,14693.507453766751,67.04661043059514,False,True,True,612,BARANGAY 612,1380606219.0,City of Manila - Sampaloc,133906000,133906219,648.0,703.0,0.02190825,U,No,7302.74300672654,6844.39360985648,5477.05835513091,8999.35848405126,7302.74300672654,6844.39360985648,0.03276240641701007,327.62406417010067,0.8520716359375714,0.9949924937498116,0.6704661043059513,612,714,481,14.292085781224017,-32.452638944386024,-18.160553163162007,3132.1623510509307,-7112.113336696597,-3979.950985645666,102,-233,-131,55.0,8.487654320987655,295.68299941814104,320.77955029468075,25.09655087653971,645,699,54,21908.25,7.112103170118644,0.032463127680753344,64.03159510712949,77.15641724721995,600.646559479169,22.342832127761213,-273.02249530906835,Review 100yr value: lower than expected return-period progression,93.06781077343035,82.94517235192075
Barangay 613,579.0,26124.98065114718,23356.78435791033,89.40402547966941,26124.980651147176,100.0,18063.497619517337,69.14262582898468,False,True,True,613,BARANGAY 613,1380606220.0,City of Manila - Sampaloc,133906000,133906220,672.0,568.0,0.02611647,U,No,13058.2352417699,9667.70940691948,8705.49016580638,11474.2975657565,13058.2352417699,9667.70940691948,0.022162695840104878,221.62695840104877,0.8940402547966941,1.0,0.6914262582898467,518,579,400,10.595974520330586,-30.857374171015323,-20.261399650684737,2768.196293236848,-8061.483031629839,-5293.2867383929915,61,-179,-118,-104.0,-15.476190476190476,257.2250708903364,217.41642896683194,-39.80864192350444,672,568,-104,26116.469999999998,8.510651147182216,0.03258729509455993,64.03159510712949,77.15641724721995,600.646559479169,22.84358275278005,-379.0196010781202,Review 100yr value: lower than expected return-period progression,95.23181146585125,85.00805670151124
Barangay 614,406.0,16544.32297667943,16261.629225849238,98.29129453511835,16544.32297667943,100.0,11987.83340697467,72.4588937478584,False,True,True,614,BARANGAY 614,1380606221.0,City of Manila - Sampaloc,133906000,133906221,568.0,404.0,0.01653892,U,No,8269.45944799663,6136.51028124828,8269.45938470907,7301.92482478844,8269.45944799663,6136.51028124828,0.024540139875913334,245.40139875913331,0.9829129453511836,1.0,0.724588937478584,399,406,294,1.7087054648816462,-27.541106252141603,-25.832400787259957,282.69375083019077,-4556.489569704758,-4273.795818874567,7,-112,-105,-164.0,-28.87323943661972,343.320183485684,244.19252487362036,-99.12765861206367,568,404,-164,16538.92,5.4029766794301395,0.03266825572304685,64.03159510712949,77.15641724721995,600.646559479169,22.84358275278005,-355.2451607200357,Review 100yr value: lower than expected return-period progression,99.23108254080327,88.55638113292295
Barangay 615,1875.0,20347.296607662047,1926.7132579840452,9.469136343441887,11183.738913313107,54.96424969350336,1582.7920180767956,7.778881138837747,False,True,True,615,BARANGAY 615,1380606222.0,City of Manila - Sampaloc,133906000,133906222,2076.0,1828.0,0.02034054,U,No,5085.1566473237,3904.02141913496,6780.21866269373,2021.45021150407,5085.1566473237,3904.02141913496,0.0921498337668083,921.4983376680829,0.09469136343441888,0.5496424969350336,0.07778881138837747,178,1031,146,45.49511335006147,-47.185368554665615,-1.6902552046041404,9257.025655329062,-9600.946895236311,-343.9212399072496,853,-885,-32,-248.0,-11.946050096339114,1020.2829594661014,898.3994460038696,-121.8835134622318,1141,1005,-136,20340.54,6.756607662046008,0.033217444876320924,64.03159510712949,77.15641724721995,600.646559479169,-22.192167553716587,320.85177818891384,Review 100yr value: lower than expected return-period progression,34.491448685975705,24.716323934121746
Barangay 616,1117.0,31402.00376681808,27896.80422605548,88.83765645405569,31402.003766818078,99.99999999999996,20519.78766473177,65.34547227337974,False,True,True,616,BARANGAY 616,1380606223.0,City of Manila - Sampaloc,133906000,133906223,1014.0,910.0,0.03139172,U,No,15695.8909519985,7810.08545465646,15695.889317523,15396.5338402118,15695.8909519985,7810.08545465646,0.03557097847304615,355.7097847304615,0.8883765645405569,0.9999999999999996,0.6534547227337975,992,1117,730,11.162343545944267,-34.654527726620216,-23.49218418067595,3505.199540762598,-10882.216102086306,-7377.016561323708,125,-387,-262,-104.0,-10.256410256410255,322.9093300955129,289.7904244446911,-33.11890565082183,1014,910,-104,31391.719999999998,10.283766818083677,0.03275948822837257,64.03159510712949,77.15641724721995,600.646559479169,22.84358275278001,-244.93677474870753,Review 100yr value: lower than expected return-period progression,94.97694540432505,83.3476030228658
Barangay 617,1300.0,31265.047535972168,28043.957497856703,89.6974727628051,31265.047535972168,100.0,20733.55314708051,66.31543778471921,False,True,True,617,BARANGAY 617,1380606224.0,City of Manila - Sampaloc,133906000,133906224,740.0,921.0,0.03125496,U,No,15627.4788167549,12107.5298274048,15627.479176115,13645.5902885649,15627.4788167549,12107.5298274048,0.04157997836095653,415.7997836095653,0.8969747276280511,1.0,0.6631543778471921,1166,1300,862,10.302527237194894,-33.68456221528079,-23.382034978085898,3221.0900381154643,-10531.494388891657,-7310.404350776193,134,-438,-304,181.0,24.45945945945946,236.68603067006023,294.5781543880074,57.892123717947186,740,921,181,31254.96,10.087535972168553,0.03227499242414181,64.03159510712949,77.15641724721995,600.646559479169,22.84358275278005,-184.84677586960373,Review 100yr value: lower than expected return-period progression,95.3638627432623,83.95054330458896
Barangay 618,749.0,40174.96729979213,39694.5950461838,98.80429957783484,39786.48973092336,99.03303575589774,39398.94921628891,98.06840394489322,False,True,True,618,BARANGAY 618,1380606225.0,City of Manila - Sampaloc,133906000,133906225,865.0,740.0,0.040162,U,No,10040.5086502121,17043.9470740843,10040.5082792085,16218.6320311204,10040.5086502121,17043.9470740843,0.018643450146725457,186.4345014672546,0.9880429957783484,0.9903303575589775,0.9806840394489322,740,742,735,0.2287361780629027,-0.9646318110045229,-0.7358956329416202,91.8946847395564,-387.5405146344492,-295.6458298948928,2,-7,-5,-125.0,-14.450867052023122,215.30820262907238,184.19430051504457,-31.11390211402781,857,733,-124,40162.0,12.96729979212978,0.032287485165404556,64.03159510712949,77.15641724721995,600.646559479169,21.876618508677794,-414.21205801191445,Review 100yr value: lower than expected return-period progression,98.93010447576944,98.58999898698022
Barangay 619,1288.0,201031.66164263585,158256.60435144827,78.72222865708252,200962.76470495324,99.96572831507254,133922.82764434905,66.61777878671525,False,True,True,619,BARANGAY 619,1380606226.0,City of Manila - Sampaloc,133906000,133906226,1527.0,1283.0,0.2009653,U,No,66988.4587523357,65717.9904474038,50241.3440417324,49933.3980842804,66988.4587523357,65717.9904474038,0.006406950972178773,64.06950972178774,0.7872222865708253,0.9996572831507254,0.6661777878671525,1014,1288,858,21.243499657990014,-33.34794952835729,-12.104449870367276,42706.160353504965,-67039.93706060419,-24333.776707099227,274,-430,-156,-244.0,-15.979043876882775,75.95818427420022,63.82079268094229,-12.13739159325793,1526,1283,-243,200965.30000000002,66.36164263583487,0.03302144332172512,64.03159510712949,77.15641724721995,600.646559479169,22.80931106785259,-536.5770497573812,Review 100yr value: lower than expected return-period progression,90.40615346897704,81.31567358923212
Barangay 620,736.0,22443.222289261168,21643.22228891745,96.43544946428436,22443.222289261168,100.0,16859.17507886638,75.11922691659704,False,True,True,620,BARANGAY 620,1380606227.0,City of Manila - Sampaloc,133906000,133906227,753.0,725.0,0.02243593,U,No,11217.9658540979,10318.2580987975,11217.9658370403,2879.40886637007,11217.9658540979,10318.2580987975,0.032793864914494375,327.9386491449438,0.9643544946428436,1.0,0.7511922691659705,710,736,553,3.5645505357156395,-24.880773083402957,-21.316222547687318,800.0000003437162,-5584.047210394787,-4784.047210051071,26,-183,-157,-28.0,-3.718459495351926,335.51331903008514,323.03739216044056,-12.475926869644582,753,725,-28,22435.93,7.292289261167753,0.03250272781724561,64.03159510712949,77.15641724721995,600.646559479169,22.84358275278005,-272.70791033422523,Review 100yr value: lower than expected return-period progression,98.39595225892796,89.15655313270992
Barangay 621,2070.0,79332.80300311567,24195.228314711097,30.49839082801709,48995.10432968381,61.75894771770463,28049.341701770507,35.35654942214624,False,True,False,621,BARANGAY 621,1380606228.0,City of Manila - Sampaloc,133906000,133906228,1874.0,1787.0,0.07930644,U,No,19826.61273277,13025.9356362435,19826.6163763878,8618.32527168431,19826.61273277,13025.9356362435,0.0260926113995834,260.926113995834,0.3049839082801709,0.6175894771770463,0.3535654942214624,631,1278,732,31.26055688968754,-26.402398295558392,4.858158594129147,24799.876014972713,-20945.762627913304,3854.1133870594094,647,-546,101,-87.0,-4.64247598719317,236.2200664870497,225.2536066234567,-10.966459863593002,1157,1104,-53,79306.44,26.36300311566447,0.03324194493620501,64.03159510712949,77.15641724721995,600.646559479169,-15.39746952951532,-339.720445483335,Review 100yr value: lower than expected return-period progression,47.69169711734524,43.382849177059384
Barangay 622,1229.0,24813.58365675417,24015.748960095672,96.78468572820869,24813.58365675417,100.0,18317.809323993944,73.82170015175498,False,True,True,622,BARANGAY 622,1380606229.0,City of Manila - Sampaloc,133906000,133906229,1264.0,1197.0,0.02480546,U,No,12402.7350196594,12002.8652635758,12402.7347336301,1612.65819047622,12402.7350196594,12002.8652635758,0.04952932301116733,495.2932301116734,0.9678468572820869,1.0,0.7382170015175498,1189,1229,907,3.215314271791314,-26.178299848245018,-22.962985576453704,797.8346966584977,-6495.774332760226,-5697.939636101728,40,-322,-282,-67.0,-5.3006329113924044,509.3984075355209,482.39706789558426,-27.001339639936646,1264,1197,-67,24805.460000000003,8.123656754167314,0.0327494702947146,64.03159510712949,77.15641724721995,600.646559479169,22.84358275278005,-105.35332936749563,Review 100yr value: lower than expected return-period progression,98.55310857769392,88.72485149275417
Barangay 623,980.0,25296.11803308164,25296.11803308164,100.0,25296.11803308164,100.0,23696.11803294601,93.67491882334204,False,True,True,623,BARANGAY 623,1380606230.0,City of Manila - Sampaloc,133906000,133906230,1081.0,954.0,0.02528787,U,No,25287.8644412891,0.0,12643.9322406879,10754.2352338943,25287.8644412891,0.0,0.03874112220374605,387.4112220374605,1.0,1.0,0.9367491882334203,980,980,918,0.0,-6.32508117665796,-6.32508117665796,0.0,-1600.0000001356275,-1600.0000001356275,0,-62,-62,-127.0,-11.748381128584644,427.3382969617294,377.13296512626255,-50.205331835466836,1081,954,-127,25287.87,8.248033081639733,0.03261655917101652,64.03159510712949,77.15641724721995,600.646559479169,22.84358275278005,-213.2353374417085,Review 100yr value: lower than expected return-period progression,100.0,97.46996752933683
Barangay 624,1510.0,24221.69901456377,24121.69901453293,99.58714704542106,24221.69901456377,100.0,22490.24503885975,92.8516411063363,False,True,True,624,BARANGAY 624,1380606231.0,City of Manila - Sampaloc,133906000,133906231,1144.0,1429.0,0.02421376,U,No,24213.7774441531,0.0,12106.888407432,9144.35094551367,24213.7774441531,0.0,0.062340796122191226,623.4079612219123,0.9958714704542106,1.0,0.928516411063363,1504,1510,1402,0.41285295457893767,-7.148358893663698,-6.73550593908476,100.00000003083915,-1731.4539757040184,-1631.4539756731792,6,-108,-102,285.0,24.91258741258741,472.3037798926276,589.9668719113329,117.6630920187053,1144,1429,285,24213.760000000002,7.93901456376625,0.03278720266396565,64.03159510712949,77.15641724721995,600.646559479169,22.84358275278005,22.76140174274326,Review 100yr value: lower than expected return-period progression,99.8142161704395,97.03744320388978
Barangay 625,794.0,32069.647733247493,31902.28907961472,99.4781400312693,32069.647733247493,100.0,31653.28052149452,98.70167824973856,False,True,True,625,BARANGAY 625,1380606232.0,City of Manila - Sampaloc,133906000,133906232,1137.0,1027.0,0.03205912,U,No,16029.5605287466,15678.1350590208,10686.3736838998,14590.4215329028,16029.5605287466,15678.1350590208,0.02475861308500867,247.5861308500867,0.994781400312693,1.0,0.9870167824973857,790,794,784,0.5218599687306948,-1.2983217502614366,-0.7764617815307417,167.3586536327748,-416.367211752975,-249.00855812020018,4,-10,-6,-110.0,-9.674582233948989,354.54084480673623,320.2404992229711,-34.300345583765136,1137,1027,-110,32059.120000000003,10.527733247490687,0.0328384972746934,64.03159510712949,77.15641724721995,600.646559479169,22.84358275278005,-353.0604286290823,Review 100yr value: lower than expected return-period progression,99.76516301407119,99.35020630771275
Barangay 626,1502.0,32832.06651469305,27591.008793687062,84.03677173759228,32832.06651469305,100.0,29063.50480624833,88.52170421024759,False,True,False,626,BARANGAY 626,1380606233.0,City of Manila - Sampaloc,133906000,133906233,1404.0,1285.0,0.03282084,U,No,16410.4178658209,12135.5684979701,16410.4178996978,15509.5132091996,16410.4178658209,12135.5684979701,0.04574795800099342,457.47958000993424,0.8403677173759228,1.0,0.8852170421024759,1262,1502,1330,15.963228262407725,-11.478295789752408,4.484932472655316,5241.0577210059855,-3768.5617084447185,1472.496012561267,240,-172,68,-119.0,-8.475783475783476,427.63071260582404,391.38565932940446,-36.24505327641958,1404,1285,-119,32820.84,11.226514693051286,0.03420544596985113,64.03159510712949,77.15641724721995,600.646559479169,22.84358275278005,-143.16697946923478,Review 100yr value: lower than expected return-period progression,92.81654728191654,91.41787461849711
Barangay 627,1618.0,40282.96966278611,26014.651091742013,64.57977480189267,38911.38701217888,96.5951302446445,28189.62139869188,69.97900510977915,False,True,False,627,BARANGAY 627,1380606234.0,City of Manila - Sampaloc,133906000,133906234,1148.0,1605.0,0.04026926,U,No,13423.0900435629,17923.7362534396,13423.0896723311,11775.7576450342,13423.0900435629,17923.7362534396,0.040165857024556155,401.6585702455616,0.6457977480189266,0.9659513024464449,0.6997900510977915,1045,1563,1132,32.015355442751826,-26.616125134865342,5.399230307886484,12896.735920436866,-10721.765613486998,2174.9703069498682,518,-431,87,457.0,39.80836236933798,284.98395466125135,398.4314000272721,113.44744536602076,1109,1550,441,40269.26,13.70966278611013,0.0340449831611262,64.03159510712949,77.15641724721995,600.646559479169,19.438712997424545,-198.98798923360744,Review 100yr value: lower than expected return-period progression,82.18822029540618,77.9448413300104
Barangay 628,16279.0,183964.3846259364,90814.17680168655,49.36508606616621,157565.39731130208,85.6499466631475,94020.14940389898,51.10779980324705,False,True,False,628,BARANGAY 628,1380606235.0,City of Manila - Sampaloc,133906000,133906235,11922.0,15202.0,0.18390167,U,No,45975.4170706484,44906.3865900715,45975.418447349,15746.9817532202,45975.4170706484,44906.3865900715,0.08848995436318216,884.8995436318215,0.4936508606616621,0.856499466631475,0.5110779980324704,8036,13943,8320,36.2848605969813,-34.542146859900456,1.742713737080841,66751.22050961552,-63545.2479074031,3205.972602212423,5907,-5623,284,3280.0,27.51216238886093,648.0602223219225,826.3556030647429,178.29538074282038,10211,13021,2810,183901.66999999998,62.71462593640899,0.03410226015696812,64.03159510712949,77.15641724721995,600.646559479169,8.493529415927554,284.2529841526525,Review 100yr value: lower than expected return-period progression,69.32175939450593,62.761872769942
Barangay 629,1640.0,39382.95783317992,20586.302853210575,52.272109526183776,31787.530653581063,80.71392399785738,22059.83674303485,56.01366163627651,False,True,False,629,BARANGAY 629,1380606236.0,City of Manila - Sampaloc,133906000,133906236,1682.0,1633.0,0.03936968,U,No,13123.2178523405,13300.9676971825,13123.2204265029,3914.80975125371,13123.2178523405,13300.9676971825,0.041642377572217525,416.42377572217526,0.5227210952618377,0.8071392399785737,0.5601366163627651,857,1324,919,28.441814471673602,-24.70026236158087,3.7415521100927336,11201.227800370489,-9727.693910546212,1473.5338898242771,467,-405,62,-49.0,-2.9131985731272296,427.0882870516456,414.64635716726355,-12.441929884382034,1358,1318,-40,39369.68,13.27783317991998,0.03372603785430814,64.03159510712949,77.15641724721995,600.646559479169,3.5575067506374296,-184.22278375699375,Review 100yr value: lower than expected return-period progression,67.91510748560427,63.72336543530663
Barangay 630,6552.0,255175.1827238871,139558.12039233328,54.69110236450481,195375.15908987532,76.56510989992373,142419.35935359338,55.81238654689182,False,True,False,630,BARANGAY 630,1380606237.0,City of Manila - Sampaloc,133906000,133906237,2138.0,4660.0,0.25508952,U,No,63772.3639971014,39604.9155068154,63772.3674235862,19084.2301449398,63772.3639971014,39604.9155068154,0.025676478135766075,256.76478135766075,0.5469110236450481,0.7656510989992372,0.5581238654689182,3583,5017,3657,21.87400753541892,-20.752723353031904,1.121284182387015,55817.03869754204,-52955.799736281944,2861.2389612600964,1434,-1360,74,2522.0,117.96071094480823,83.78557731115365,182.61963997660243,98.83406266544878,1637,3568,1931,255089.52000000002,85.66272388707148,0.033581435994340915,64.03159510712949,77.15641724721995,600.646559479169,-0.5913073472962225,-343.88177812150826,Review 100yr value: lower than expected return-period progression,66.72180650898522,62.79551867485624
Barangay 631,1045.0,48916.436566114025,31756.052381251637,64.91898145182977,46472.86953684759,95.00460949160968,36898.4523358576,75.43160321170724,False,True,False,631,BARANGAY 631,1380606238.0,City of Manila - Sampaloc,133906000,133906238,2529.0,1254.0,0.04889962,U,No,12224.9048124189,18653.7773570015,16299.8716813829,16976.0001500592,12224.9048124189,18653.7773570015,0.02136296250009153,213.6296250009153,0.6491898145182976,0.9500460949160968,0.7543160321170724,678,993,788,30.08562803977992,-19.573006279902444,10.512621759877476,14716.817155595952,-9574.417200989992,5142.39995460596,315,-205,110,-1275.0,-50.41518386714117,517.0041355285309,256.3555500010983,-260.6485855274326,2403,1191,-1212,48899.619999999995,16.816566114030138,0.034389972997806814,64.03159510712949,77.15641724721995,600.646559479169,17.848192244389736,-387.0169344782537,Review 100yr value: lower than expected return-period progression,81.46607687370873,79.65399996970372
Barangay 632,576.0,14673.729069859515,9501.741733502842,64.75342217555207,13056.292625733213,88.97733196227134,9464.410862864426,64.49901601566805,False,True,True,632,BARANGAY 632,1380606239.0,City of Manila - Sampaloc,133906000,133906239,1426.0,254.0,0.01466867,U,No,4889.55660604993,5942.36600078656,4889.55569156491,3557.58234297098,4889.55660604993,5942.36600078656,0.039253825476656054,392.53825476656056,0.6475342217555208,0.8897733196227133,0.6449901601566804,373,513,372,24.22390978671926,-24.47831594660329,-0.25440615988402726,3554.5508922303707,-3591.8817628687866,-37.330870638415945,140,-141,-1,-1172.0,-82.18793828892007,971.8047765574919,173.098466511643,-798.7063100458489,1269,226,-1043,14668.67,5.059069859515148,0.034488947256398485,64.03159510712949,77.15641724721995,600.646559479169,11.820914715051387,-208.10830471260846,Review 100yr value: lower than expected return-period progression,78.07657255824768,73.1300281369502
Barangay 633,548.0,15540.672966200653,13667.883145221918,87.94910731953593,14609.735773391902,94.00967258732332,13099.228666519912,84.28997055024176,False,True,True,633,BARANGAY 633,1380606240.0,City of Manila - Sampaloc,133906000,133906240,1698.0,447.0,0.01553529,U,No,3883.82555681351,4743.12533040256,3883.82636469564,5209.60040015324,3883.82555681351,4743.12533040256,0.03526230821482718,352.6230821482718,0.8794910731953592,0.9400967258732332,0.8428997055024177,482,515,462,6.060565267787396,-9.71970203708156,-3.6591367692941645,941.8526281699833,-1510.50710687199,-568.6544787020066,33,-53,-20,-1251.0,-73.67491166077738,1092.6167764375284,287.6323316063458,-804.9844448311826,1596,420,-1176,15535.29,5.382966200651936,0.03464992414465346,64.03159510712949,77.15641724721995,600.646559479169,16.853255340103374,-248.0234773308972,Review 100yr value: lower than expected return-period progression,91.282418216819,88.60665045554384
Barangay 634,960.0,59264.14316412115,53013.69284668154,89.45323431044952,58030.99137675545,97.91922784751868,55648.65795270181,93.89937149448542,False,True,False,634,BARANGAY 634,1380606241.0,City of Manila - Sampaloc,133906000,133906241,1707.0,1319.0,0.05924356,U,No,14810.8893322316,20112.5686315285,14810.890077847,23424.9501441573,14810.8893322316,20112.5686315285,0.016198664972535862,161.98664972535863,0.8945323431044951,0.9791922784751869,0.9389937149448542,859,940,901,8.465993537069167,-4.019856353033262,4.446137184035905,5017.2985300739165,-2382.3334240536424,2634.965106020274,81,-39,42,-388.0,-22.729935559461044,288.0325115429033,222.5629072789042,-65.46960426399912,1671,1292,-379,59243.56,20.583164121155278,0.034743293821565206,64.03159510712949,77.15641724721995,600.646559479169,20.762810600298735,-438.6599097538104,Review 100yr value: lower than expected return-period progression,94.10953075583757,94.19478692203808
Barangay 635,723.0,53185.58358770191,50757.21557614275,95.43416119980176,53014.79259597999,99.67887728177264,51020.86246769288,95.92987239401172,False,True,False,635,BARANGAY 635,1380606242.0,City of Manila - Sampaloc,133906000,133906242,716.0,660.0,0.05316714,U,No,13291.7763075649,14888.3560712232,13291.7756561989,18880.2308885771,13291.7763075649,14888.3560712232,0.013593909312056117,135.93909312056115,0.9543416119980176,0.9967887728177264,0.9592987239401173,690,721,694,4.2447160819708785,-3.7490048877609183,0.4957111942099601,2257.577019837241,-1993.9301282871093,263.64689155013184,31,-27,4,-56.0,-7.82122905027933,134.62294699076318,124.09377795237948,-10.5291690383837,714,658,-56,53167.14,18.443587701913202,0.03468982477130273,64.03159510712949,77.15641724721995,600.646559479169,22.522460034552694,-464.70746635860786,Review 100yr value: lower than expected return-period progression,97.76875504488575,97.11809630617556
Barangay 636,2025.0,85151.67928572315,72480.04729662399,85.11875268298587,82822.47027729175,97.26463526266367,72330.26522029261,84.94285236300652,False,True,True,636,BARANGAY 636,1380606243.0,City of Manila - Sampaloc,133906000,133906243,2562.0,2135.0,0.08512212,U,No,21280.5405468863,21298.8260843052,21280.5412164543,17246.7229420085,21280.5405468863,21298.8260843052,0.02378109295067677,237.81092950676774,0.8511875268298588,0.9726463526266368,0.8494285236300653,1724,1970,1720,12.145882579677803,-12.321782899657151,-0.1759003199793483,10342.422980667761,-10492.20505699914,-149.78207633137936,246,-250,-4,-427.0,-16.666666666666664,300.87486488708095,250.72905407256746,-50.14581081451348,2492,2077,-415,85122.12,29.559285723153153,0.0347257395881977,64.03159510712949,77.15641724721995,600.646559479169,20.108218015443725,-362.8356299724013,Review 100yr value: lower than expected return-period progression,91.79898810180867,89.29945145788136
Barangay 637,1320.0,31249.022303800888,29443.300271303484,94.2215087085212,31161.198652267754,99.7189555222582,30381.697785846947,97.22447470669044,False,True,False,637,BARANGAY 637,1380607001.0,City of Manila - San Miguel,133907000,133907001,1395.0,1295.0,0.03123804,U,No,10412.6811258029,11062.7327099764,7809.51077141348,12069.5776000544,10412.6811258029,11062.7327099764,0.04224132157374554,422.4132157374554,0.942215087085212,0.997189555222582,0.9722447470669044,1244,1316,1283,5.497446813737,-2.494480815567755,3.0029659981692447,1717.8983809642705,-779.5008664208071,938.3975145434633,72,-33,39,-100.0,-7.168458781362006,446.41396663162897,414.4129654393975,-32.001001192231456,1391,1291,-100,31238.04,10.982303800887166,0.035156827383815266,93.37400565383761,99.65595300660594,356.86574946640707,0.06300251565225778,65.54746627104834,Review 100yr value: lower than expected return-period progression,97.24510445607655,97.34680149259685
Barangay 638,828.0,125406.40777463868,123589.43788085182,98.551134725865,125094.23142612928,99.7510682635369,122743.20567596232,97.87634288714952,False,True,True,638,BARANGAY 638,1380607002.0,City of Manila - San Miguel,133907000,133907002,649.0,545.0,0.12536196,U,No,31340.4690167041,31837.3480276134,31340.4700726082,47020.9737305792,31340.4690167041,31837.3480276134,0.006602533432645289,66.02533432645289,0.98551134725865,0.9975106826353689,0.9787634288714951,816,826,810,1.199933537671896,-1.8747253763873744,-0.6747918387154783,1504.7935452774545,-2351.025750166955,-846.2322048895003,10,-16,-6,-104.0,-16.024653312788907,51.75174151916416,43.458704357387475,-8.293037161776688,647,544,-103,125361.95999999999,44.44777463868377,0.035455551778772264,93.37400565383761,99.65595300660594,356.86574946640707,0.0951152569309528,-290.8404151399542,Review 100yr value: lower than expected return-period progression,99.21109817158455,98.70119472856396
Barangay 639,475.0,30284.171248924584,29674.585650907928,97.98711480989164,30284.171248924584,100.0,29761.25920685209,98.27331566125964,False,True,False,639,BARANGAY 639,1380607003.0,City of Manila - San Miguel,133907000,133907003,479.0,490.0,0.0302735,U,No,15136.7454480715,2430.54111069398,15136.7454102116,7039.60676794097,15136.7454480715,2430.54111069398,0.01568476139220312,156.8476139220312,0.9798711480989164,1.0,0.9827331566125964,465,475,467,2.0128851901083635,-1.7266843387403554,0.2862008513680081,609.5855980166561,-522.9120420724939,86.67355594416222,10,-8,2,11.0,2.2964509394572024,158.1684359340062,161.80069646693744,3.632260532931241,479,490,11,30273.5,10.671248924583779,0.03524947206165055,93.37400565383761,99.65595300660594,356.86574946640707,0.3440469933940591,-200.01813554437587,Review 100yr value: lower than expected return-period progression,99.09420166445125,98.80610496697676
Barangay 640,2179.0,105555.4590194778,104687.67800827732,99.1778909217378,105555.4590194778,100.0,103857.40153885185,98.39131249449387,False,True,True,640,BARANGAY 640,1380607004.0,City of Manila - San Miguel,133907000,133907004,2242.0,2145.0,0.10551844,U,No,52759.2234504229,14421.0542697309,35172.815765141,28860.5422564121,52759.2234504229,14421.0542697309,0.020643176774001962,206.43176774001964,0.991778909217378,1.0,0.9839131249449388,2161,2179,2144,0.8221090782622014,-1.6086875055061256,-0.7865784272439242,867.7810112004809,-1698.0574806259538,-830.2764694254729,18,-35,-17,-97.0,-4.326494201605709,212.4001942510895,203.21071216261686,-9.18948208847263,2242,2145,-97,105518.44,37.019019477796974,0.03508298594804564,93.37400565383761,99.65595300660594,356.86574946640707,0.3440469933940591,-150.43398172638743,Review 100yr value: lower than expected return-period progression,99.63005091478202,99.150997728232
Barangay 641,805.0,88016.67049319038,82192.02724044066,93.38234084507847,87816.67049309055,99.77277031841906,81608.6647806035,92.71955451543391,False,True,True,641,BARANGAY 641,1380607005.0,City of Manila - San Miguel,133907000,133907005,705.0,763.0,0.08798516,U,No,29328.4092685928,22585.8183006467,21996.3058416713,32424.3052542709,29328.4092685928,22585.8183006467,0.009145994679067992,91.45994679067992,0.9338234084507847,0.9977277031841907,0.9271955451543391,752,803,746,6.390429473340589,-7.05321580298515,-0.6627863296445611,5624.6432526498975,-6208.005712487051,-583.3624598371534,51,-57,-6,58.0,8.226950354609928,80.09846271730353,86.68812347986184,6.58966076255831,703,761,58,87985.16,31.51049319037702,0.03581341807002115,93.37400565383761,99.65595300660594,356.86574946640707,0.11681731181312216,-265.40580267572716,Review 100yr value: lower than expected return-period progression,96.8970770554158,95.35387662888985
Barangay 642,1355.0,56035.09502271855,55591.75741620637,99.20882153169823,55935.095022752605,99.82154041154853,55670.25832596524,99.3489139322323,False,True,False,642,BARANGAY 642,1380607006.0,City of Manila - San Miguel,133907000,133907006,1214.0,1279.0,0.05601513,U,No,18671.7042651201,13243.2261728674,14003.7781130079,22675.3313639588,18671.7042651201,13243.2261728674,0.024181274243411856,241.81274243411858,0.9920882153169823,0.9982154041154853,0.9934891393223231,1344,1353,1346,0.6127188798502914,-0.4726264793162187,0.14009240053407268,343.3376065462362,-264.83669678736624,78.50090975886997,9,-7,2,65.0,5.354200988467875,216.64994045388926,228.24981370718646,11.599873253297204,1212,1277,65,56015.130000000005,19.965022718548425,0.03564219652538238,93.37400565383761,99.65595300660594,356.86574946640707,0.16558740494258473,-115.05300703228849,Review 100yr value: lower than expected return-period progression,99.54581691561589,99.47931009985948
Barangay 643,659.0,131924.97164585063,127569.732927995,96.6987002812878,131524.9716457121,99.69679735750688,128490.82931591338,97.39689742806532,False,True,False,643,BARANGAY 643,1380607007.0,City of Manila - San Miguel,133907000,133907007,665.0,657.0,0.1318782,U,No,43959.3701813395,31631.2592147865,32969.5286003704,42162.2648910501,43959.3701813395,31631.2592147865,0.004995263533344312,49.95263533344312,0.966987002812878,0.9969679735750688,0.9739689742806532,637,657,642,2.998097076219082,-2.2998999294415654,0.6981971467775168,3955.2387177170895,-3034.1423297987203,921.0963879183691,20,-15,5,-8.0,-1.2030075187969926,50.407439297025306,49.80103401224906,-0.606405284776244,663,655,-8,131878.2,46.77164585061837,0.03546579029029693,93.37400565383761,99.65595300660594,356.86574946640707,0.040844350900940185,-306.9131141329639,Review 100yr value: lower than expected return-period progression,98.3476536732083,98.02731311667549
Barangay 644,735.0,25008.320585068235,22673.144901147298,90.662405034446,25008.320585068235,100.0,22765.3749572684,91.03120251449816,False,True,False,644,BARANGAY 644,1380607008.0,City of Manila - San Miguel,133907000,133907008,734.0,729.0,0.02499926,U,No,8333.12765281958,5989.95121682881,8333.12652283259,6951.83258734592,8333.12765281958,5989.95121682881,0.029390218247555888,293.9021824755589,0.9066240503444599,1.0,0.9103120251449817,666,735,669,9.337594965554004,-8.968797485501838,0.36879748005216584,2335.1756839209374,-2242.945627799836,92.23005612110137,69,-66,3,-5.0,-0.6811989100817438,293.5023155606262,291.5029809859625,-1.999334574663692,734,729,-5,24999.26,9.060585068236833,0.03624341307797444,93.37400565383761,99.65595300660594,356.86574946640707,0.3440469933940591,-62.963566990848165,Review 100yr value: lower than expected return-period progression,95.79808226550071,94.07808226441077
Barangay 645,1716.0,84163.10633015978,82794.84765236509,98.37427735565367,84163.10633015978,100.0,81197.01742667773,96.47578489813992,False,True,True,645,BARANGAY 645,1380607009.0,City of Manila - San Miguel,133907000,133907009,1988.0,1704.0,0.08413293,U,No,42066.4680725609,3598.59191346958,28044.3120432892,25933.789440349,42066.4680725609,3598.59191346958,0.020388981286745506,203.8898128674551,0.9837427735565367,1.0,0.9647578489813992,1688,1716,1656,1.6257226443463253,-3.5242151018600794,-1.898492457513754,1368.2586777946854,-2966.088903482043,-1597.8302256873576,28,-60,-32,-284.0,-14.285714285714285,236.20801164364843,202.46400998027008,-33.744001663378356,1988,1704,-284,84132.93,30.176330159782083,0.03586744234366031,93.37400565383761,99.65595300660594,356.86574946640707,0.3440469933940591,-152.97593659895196,Review 100yr value: lower than expected return-period progression,99.26842481004417,98.18388329816939
Barangay 646,970.0,69558.88211436573,64282.73997093781,92.41485489264603,69358.88211433167,99.71247381505468,65176.196529847264,93.69931567141542,False,True,False,646,BARANGAY 646,1380607010.0,City of Manila - San Miguel,133907000,133907010,867.0,918.0,0.06953371,U,No,23177.9086016638,19760.2219033552,17383.4314404039,23103.2517981631,23177.9086016638,19760.2219033552,0.013945019967473998,139.45019967473996,0.9241485489264604,0.9971247381505468,0.9369931567141542,896,967,909,7.297618922408645,-6.013158143639259,1.284460778769386,5076.142143393867,-4182.68558448441,893.4565589094564,71,-58,13,51.0,5.88235294117647,124.64260115257686,131.9745188674343,7.331917714857454,865,915,50,69533.70999999999,25.17211436573416,0.03620131065311223,93.37400565383761,99.65595300660594,356.86574946640707,0.05652080844873808,-217.4155497916671,Review 100yr value: lower than expected return-period progression,96.42854529997079,95.48280582699681
Barangay 647,3019.0,115754.12238717856,112550.97949905715,97.23280448068417,115754.12238717856,100.0,111017.52085988224,95.90804938121067,False,True,True,647,BARANGAY 647,1380607011.0,City of Manila - San Miguel,133907000,133907011,1153.0,2440.0,0.11571183,U,No,38570.607511594,28509.5337687986,38570.6074558682,29863.0884662406,38570.607511594,28509.5337687986,0.026081144565218508,260.81144565218506,0.9723280448068417,1.0,0.9590804938121067,2935,3019,2895,2.767195519315834,-4.091950618789326,-1.3247550994734922,3203.1428881214088,-4736.601527296327,-1533.458639174918,84,-124,-40,1287.0,111.6218560277537,99.6076836160879,210.79162881461795,111.18394519853005,1153,2440,1287,115711.83,42.2923871785606,0.036549752241028945,93.37400565383761,99.65595300660594,356.86574946640707,0.3440469933940591,-96.05430381422201,Review 100yr value: lower than expected return-period progression,98.7547620163079,97.67142087265532
Barangay 648,9086.0,42272.417462555706,26452.478523633912,62.57621425854136,41172.41746233306,97.39783039094698,26357.79347781508,62.35222648707619,False,True,True,648,BARANGAY 648,1380607012.0,City of Manila - San Miguel,133907000,133907012,5373.0,5634.0,0.04225707,U,No,10564.2649672575,14617.4816013528,10564.2650106672,10813.6084765241,10564.2649672575,14617.4816013528,0.21493920966427452,2149.392096642745,0.6257621425854136,0.9739783039094698,0.6235222648707619,5686,8850,5665,34.821616132405616,-35.04560390387079,-0.22398777146517546,14719.93893869915,-14814.62398451798,-94.68504581883099,3164,-3185,-21,261.0,4.857621440536013,1271.041573328359,1332.7839613124836,61.74238798412466,5233,5487,254,42257.07,15.347462555706443,0.03631927759238027,93.37400565383761,99.65595300660594,356.86574946640707,-2.258122615658962,1792.5263471763378,Review 100yr value: lower than expected return-period progression,81.72810313136446,74.67418479629725
Barangay 649,69769.0,1102552.6892421786,119427.31256772352,10.831891639556012,192386.0768133166,17.449150384418363,225264.5184196282,20.431179445443107,False,False,False,649,BARANGAY 649,1380613001.0,City of Manila - Port Area,133913000,133913001,59847.0,64750.0,1.10212004,U,No,271110.760410071,337623.28874564,271110.741408808,365621.544268024,271110.760410071,337623.28874564,0.06327951551046015,632.7951551046016,0.10831891639556013,0.17449150384418363,0.20431179445443107,7557,12174,14255,6.617258744862351,2.9820290610247433,9.599287805887094,72958.76424559309,32878.44160631159,105837.20585190468,4617,2081,6698,4903.0,8.192557688773038,542.8039909923475,587.2735210913579,44.4695300990104,10443,11298,855,1102120.04,432.64924217853695,0.03925609066853888,24.025990657517404,36.70137413299868,243.38902954869096,-19.252223748580317,389.40612555591065,OK,14.471383949230308,16.987647322612673
Barangay 650,4889.0,105888.43355045258,31884.99823242047,30.111880177383348,49198.31814939151,46.46241001001306,43960.15711884148,41.51554201422369,False,True,False,650,BARANGAY 650,1380613002.0,City of Manila - Port Area,133913000,133913002,3857.0,5202.0,0.10584765,U,No,35282.5622284066,16271.2365341098,35282.5629656952,18740.5619655426,35282.5622284066,16271.2365341098,0.04617123736815449,461.71237368154493,0.3011188017738335,0.4646241001001306,0.4151554201422369,1472,2272,2030,16.35052983262971,-4.946867995789368,11.403661836840342,17313.319916971042,-5238.161030550029,12075.158886421013,800,-242,558,1345.0,34.8716619134042,364.2513040068969,491.27178725534804,127.02048324845117,1792,2417,625,105847.65000000001,40.783550452571944,0.03853042599677172,24.025990657517404,36.70137413299868,243.38902954869096,9.761035877014379,218.32334413285398,Review 100yr value: lower than expected return-period progression,39.10467158532969,40.396030353539885
Barangay 651,2033.0,173902.31353337836,57519.693020702885,33.075864174551484,80417.74279886566,46.24305517558884,72238.24770706751,41.53955530511231,False,True,False,651,BARANGAY 651,1380613003.0,City of Manila - Port Area,133913000,133913003,2967.0,2556.0,0.1738357,U,No,57945.2285065036,23263.5393723146,57945.2354877854,30851.0811942999,57945.2285065036,23263.5393723146,0.01169047126914612,116.9047126914612,0.33075864174551484,0.46243055175588843,0.4153955530511231,672,940,844,13.16719100103736,-4.703499870476534,8.463691130560825,22898.04977816277,-8179.495091798148,14718.554686364623,268,-96,172,-411.0,-13.852376137512639,170.6130263431212,146.97906819447851,-23.633958148642677,1372,1182,-190,173835.7,66.61353337834589,0.03831982347604427,24.025990657517404,36.70137413299868,243.38902954869096,9.541681042590163,-126.48431685722976,Review 100yr value: lower than expected return-period progression,40.31781922512204,41.06985747713889
Barangay 652,34.0,95163.70266287444,28793.502587284187,30.2568119793401,44902.84709220186,47.18484657041355,44125.50584406735,46.36800020317172,False,True,False,652,BARANGAY 652,1380613004.0,City of Manila - Port Area,133913000,133913004,51.0,39.0,0.09512737,U,No,31709.1336011189,14923.0036137347,31709.1341322436,19201.8572956184,31709.1336011189,14923.0036137347,0.0003572790785626313,3.572790785626313,0.302568119793401,0.47184846570413547,0.46368000203171716,10,16,16,16.928034591073448,-0.8168463672418298,16.11118822383162,16109.344504917673,-777.3412481345076,15332.003256783166,6,0,6,-12.0,-23.52941176470588,5.359186178439469,4.098201195277241,-1.2609849831622277,24,18,-6,95127.37000000001,36.332662874425296,0.038193700587354926,24.025990657517404,36.70137413299868,243.38902954869096,10.483472437414868,-239.81623876306463,Review 100yr value: lower than expected return-period progression,39.5672310044305,42.62609937574845
Barangay 653,58.0,295900.9333137346,46910.6701952238,15.853505316756088,77429.60604818958,26.167408524559598,71517.28208413286,24.169333054554887,False,True,False,653,BARANGAY 653,1380613005.0,City of Manila - Port Area,133913000,133913005,20.0,58.0,0.29578784,U,No,98468.5682344378,72620.678790182,98468.5583106308,87331.4477509859,98468.5682344378,72620.678790182,0.00019601154802206857,1.9601154802206857,0.1585350531675609,0.261674085245596,0.24169333054554887,9,15,14,10.31390320780351,-1.9980754700047108,8.315827737798799,30518.935852965784,-5912.323964056719,24606.611888909065,6,-1,5,38.0,190.0,0.675901889731271,1.9601154802206857,1.2842135904894147,5,15,10,295787.84,113.09331373457098,0.038234605497836215,24.025990657517404,36.70137413299868,243.38902954869096,-10.533965608439082,-241.42891406847028,Review 100yr value: lower than expected return-period progression,21.526152081048018,22.789702534606835
Barangay 654,1492.0,86809.64346500242,27868.228021783867,32.10268687835244,51966.26386558758,59.86231689401874,37693.1580525657,43.42047328850258,False,True,False,654,BARANGAY 654,1380609001.0,City of Manila - Intramuros,133909000,133909001,1137.0,1042.0,0.0867771,U,No,21694.2706730255,14189.0162286133,28925.6908692123,5626.29959543871,21694.2706730255,14189.0162286133,0.017187030616034087,171.87030616034087,0.32102686878352443,0.5986231689401874,0.43420473288502576,479,893,648,27.759630015666296,-16.441843605516162,11.317786410150134,24098.03584380371,-14273.10581302188,9824.93003078183,414,-245,169,-95.0,-8.355321020228672,130.9762319733965,120.03274733181983,-10.94348464157666,681,624,-57,86777.09999999999,32.543465002425364,0.037502365258144564,31.32375927248695,48.66888308099067,82.85368057504408,11.193433813028072,89.0166255852968,Review 100yr value: lower than expected return-period progression,47.370483386968914,46.3456719478957
Barangay 655,1714.0,200210.2062002184,30194.976155716045,15.08163681002348,48842.52983229693,24.395624358656526,46422.99431734549,23.187126769611638,False,True,False,655,BARANGAY 655,1380609002.0,City of Manila - Intramuros,133909000,133909002,1671.0,1607.0,0.20013439,U,No,50033.5964126002,54092.0401609584,50033.5940035707,59929.9491596521,50033.5964126002,54092.0401609584,0.008561002121370025,85.61002121370025,0.1508163681002348,0.24395624358656526,0.23187126769611638,258,418,397,9.313987548633046,-1.2084975890448888,8.105489959588157,18647.553676580887,-2419.5355149514435,16228.018161629443,160,-21,139,-64.0,-3.8300418910831837,83.46227855781396,80.26563832579716,-3.1966402320168044,408,392,-16,200134.38999999998,75.81620021842537,0.037882644865994984,31.32375927248695,48.66888308099067,82.85368057504408,-24.27325872233414,2.7563406386561695,Review 100yr value: lower than expected return-period progression,20.204329961771656,21.58372843588031
Barangay 656,519.0,321117.8630645477,123203.61685565722,38.36710162426938,162805.0024714202,50.69945375125234,143468.82217446083,44.67793252149983,False,True,False,656,BARANGAY 656,1380609003.0,City of Manila - Intramuros,133909000,133909003,369.0,364.0,0.32099576,U,No,80248.9417537558,34962.6890800625,80248.9316681158,46321.3588290395,80248.9417537558,34962.6890800625,0.0016162289915826829,16.16228991582683,0.3836710162426938,0.5069945375125234,0.44677932521499825,199,263,232,12.332352126982961,-6.021521229752516,6.310830897230446,39601.38561576296,-19336.180296959355,20265.205318803608,64,-31,33,-5.0,-1.3550135501355014,11.49110785922948,11.335401790676237,-0.15570606855324343,187,185,-2,320995.76,122.10306454770034,0.03803884030982227,31.32375927248695,48.66888308099067,82.85368057504408,2.0305706702616746,-66.69139065921725,Review 100yr value: lower than expected return-period progression,45.14989529411001,45.2077572276056
Barangay 657,919.0,326559.3517973943,130400.79992800875,39.931730391513256,207056.15375438036,63.40536647158805,165039.8383589389,50.53900231322538,False,True,False,657,BARANGAY 657,1380609004.0,City of Manila - Intramuros,133909000,133909004,677.0,982.0,0.32643725,U,No,81609.2958352544,41214.4968322675,81609.2965213451,45908.0209676336,81609.2958352544,41214.4968322675,0.0028141898094229774,28.14189809422977,0.39931730391513254,0.6340536647158805,0.5053900231322538,367,583,464,23.473636080074797,-12.866364158362671,10.607271921712126,76655.3538263716,-42016.31539544146,34639.038430930144,216,-119,97,305.0,45.05169867060561,20.731300337098535,30.071103295466415,9.33980295836788,429,623,194,326437.25,122.10179739427986,0.03740437017965317,31.32375927248695,48.66888308099067,82.85368057504408,14.736483390597385,-54.71178248081431,Review 100yr value: lower than expected return-period progression,52.842230235554396,52.390411788224284
Barangay 658,2793.0,248302.2290832922,77310.48979386363,31.1356406582762,111690.44938532606,44.98165392943768,95686.27340076976,38.53621200020404,False,True,False,658,BARANGAY 658,1380609005.0,City of Manila - Intramuros,133909000,133909005,2081.0,2108.0,0.24820911,U,No,62052.2813066148,43091.1808011287,62052.2820501129,48918.3840726132,62052.2813066148,43091.1808011287,0.011248388749112265,112.48388749112264,0.311356406582762,0.44981653929437676,0.3853621200020404,870,1256,1076,13.846013271161478,-6.445441929233638,7.40057134192784,34379.95959146244,-16004.175984556307,18375.78360690613,386,-180,206,27.0,1.2974531475252282,83.80915498353964,84.89653950278787,1.087384519248232,936,948,12,248209.11000000002,93.11908329217113,0.03751638418596768,31.32375927248695,48.66888308099067,82.85368057504408,-3.687229151552991,29.630206916078563,Review 100yr value: lower than expected return-period progression,38.75094795741501,38.94197383995385
Barangay 659,439.0,140367.790036698,125167.79003784907,89.17130490201848,139367.79003664214,99.28758584872328,132192.1582506539,94.1755642203196,False,True,False,659,BARANGAY 659,1380608001.0,City of Manila - Ermita,133908000,133908001,413.0,361.0,0.14031621,U,No,35079.0342542231,53154.9401991484,35079.0323659235,55808.7152708916,35079.0342542231,53154.9401991484,0.0031274981239301915,31.274981239301916,0.8917130490201848,0.9928758584872328,0.941755642203196,391,436,413,10.116280946704805,-5.1120216284036815,5.0042593183011235,14199.999998793064,-7175.631785988226,7024.368212804839,45,-23,22,-52.0,-12.590799031477,29.422704446085856,25.71815085965374,-3.704553586432116,410,358,-52,140316.21,51.58003669799655,0.036759855969596494,64.11941995587456,81.94071351547835,108.73278095946941,17.34687233324493,-77.45779972016749,Review 100yr value: lower than expected return-period progression,94.73525942270612,94.71370696068561
Barangay 659-A,3547.0,355383.8398068068,286789.6663728091,80.6985670841739,334956.5927661384,94.25206079945193,294831.6080346579,82.96145604001966,False,True,False,659,BARANGAY 659-A,1380608002.0,City of Manila - Ermita,133908000,133908002,1401.0,2607.0,0.35525251,U,No,88813.1229198159,92989.0933038831,88813.1228283174,86300.1810447658,88813.1229198159,92989.0933038831,0.009980757712360287,99.80757712360287,0.806985670841739,0.9425206079945192,0.8296145604001965,2862,3343,2943,13.553493715278023,-11.29060475943227,2.262888955845753,48166.92639332928,-40124.98473148048,8041.941661848803,481,-400,81,1206.0,86.0813704496788,39.42216395550257,73.35730294931848,33.93513899381591,1320,2457,1137,355252.51,131.32980680681067,0.036968016582574086,64.11941995587456,81.94071351547835,108.73278095946941,12.311347283973575,-8.92520383586654,Review 100yr value: lower than expected return-period progression,88.15298862757682,86.34744546685951
Barangay 660-A,3099.0,115960.3868064146,68595.17321017859,59.15397067853184,99685.40863831616,85.96505357017473,85353.1903285886,73.60547224724081,False,True,False,660,BARANGAY 660-A,1380608004.0,City of Manila - Ermita,133908000,133908004,553.0,2457.0,0.11591798,U,No,28979.494745036,34329.0835596787,28979.4948219216,29020.8835324293,28979.494745036,34329.0835596787,0.02672464352135614,267.2464352135614,0.5915397067853184,0.8596505357017473,0.7360547224724081,1833,2664,2281,26.81108289164289,-12.35958132293392,14.45150156870897,31090.235428137574,-14332.21830972757,16758.017118410004,831,-383,448,1904.0,344.30379746835445,47.68869915233929,211.88270129710241,164.19400214476312,475,2112,1637,115917.98000000001,42.406806414583116,0.03658345876505363,64.11941995587456,81.94071351547835,108.73278095946941,4.024340054696381,158.51365425409202,Review 100yr value: lower than expected return-period progression,73.90006626893543,74.31845031809044
Barangay 660,387.0,56305.225044240346,52501.17217245958,93.24387236035052,56305.225044240346,100.0,55690.12043199899,98.90755323016992,False,True,False,660,BARANGAY 660,1380608003.0,City of Manila - Ermita,133908000,133908003,490.0,332.0,0.05628451,U,No,28142.3016428653,21143.9947433504,18761.5357488301,24953.8752154533,28142.3016428653,21143.9947433504,0.006873251988530815,68.73251988530815,0.9324387236035052,1.0,0.9890755323016992,361,387,383,6.756127639649478,-1.092446769830076,5.663680869819402,3804.0528717807683,-615.1046122413536,3188.9482595394147,26,-4,22,-158.0,-32.244897959183675,87.02567117261239,58.964332304708805,-28.061338867903586,490,332,-158,56284.51,20.71504424034356,0.036804165551665206,64.11941995587456,81.94071351547835,108.73278095946941,18.05928648452165,-40.00026107416126,Review 100yr value: lower than expected return-period progression,96.95974256215774,97.8739893821556
Barangay 661,486.0,122258.58998545204,110610.35914134188,90.47246426979387,121863.39902710276,99.67675812521944,112193.66866299271,91.76751398518748,False,True,False,661,BARANGAY 661,1380608005.0,City of Manila - Ermita,133908000,133908005,331.0,441.0,0.12221436,U,No,40738.112663057,31592.2934625461,30553.5852480468,31621.695708677,40738.112663057,31592.2934625461,0.003975180803719646,39.75180803719647,0.9047246426979387,0.9967675812521943,0.9176751398518748,440,484,446,9.204293855425561,-7.909244140031959,1.2950497153936027,11253.039885760882,-9669.730364110044,1583.3095216508373,44,-38,6,110.0,33.23262839879154,27.073762264016523,36.07108507078939,8.997322806772864,330,440,110,122214.36,44.22998545203882,0.03619049795133634,64.11941995587456,81.94071351547835,108.73278095946941,17.736044609741086,-68.98097292227294,Review 100yr value: lower than expected return-period progression,95.53482589027794,94.21198700535027
Barangay 662,1753.0,132465.38425192857,118140.10501860136,89.18564324240154,132465.38425192857,100.0,124066.08626388032,93.65925065217483,False,True,False,662,BARANGAY 662,1380611001.0,City of Manila - Paco,133911000,133911001,2891.0,1601.0,0.13241819,U,No,44139.3882035661,31141.6685445708,44139.3881059857,29131.7548819235,44139.3882035661,31141.6685445708,0.013233645981549916,132.33645981549915,0.8918564324240154,1.0,0.9365925065217483,1563,1753,1642,10.81435675759846,-6.340749347825167,4.473607409773294,14325.279233327208,-8399.297988048245,5925.981245278963,190,-111,79,-1290.0,-44.62123832583881,218.24569613611413,120.86176392733266,-97.38393220878147,2891,1601,-1290,132418.19,47.19425192856579,0.03564030887944156,82.69434684161475,95.64784631971983,591.1896702928062,4.352153680280168,-458.8532104773071,Review 100yr value: lower than expected return-period progression,95.13353945908071,94.76011107147032
Barangay 663-A,185.0,75280.62534393289,74280.6253440225,98.67163696456862,74980.62534396342,99.60149108937544,73680.62534398845,97.87461914319314,False,True,True,663,BARANGAY 663-A,1380608014.0,City of Manila - Ermita,133908000,133908014,370.0,403.0,0.07525342,U,No,25084.4734397574,25675.9182739206,18813.3550799584,18612.6463775286,25084.4734397574,25675.9182739206,0.002457471615768263,24.57471615768263,0.9867163696456862,0.9960149108937544,0.9787461914319314,183,184,181,0.9298541248068233,-1.7268719461822997,-0.7970178213754764,699.9999999409192,-1299.9999999749707,-600.0000000340515,1,-3,-2,33.0,8.91891891891892,49.14943231536526,53.53303033268162,4.383598017316359,369,401,32,75253.42,27.205343932888354,0.03615163793604112,64.11941995587456,81.94071351547835,108.73278095946941,17.660777573897093,-84.15806480178678,Review 100yr value: lower than expected return-period progression,99.18305673321238,98.67827877970082
Barangay 663,704.0,51748.44961496365,48489.95381103396,93.70320110423664,51748.44961496365,100.0,50862.70043149486,98.28835609557532,False,True,False,663,BARANGAY 663,1380608013.0,City of Manila - Ermita,133908000,133908013,436.0,604.0,0.05172962,U,No,17243.2072030747,14425.5912959374,17243.2072613882,16251.8439236586,17243.2072030747,14425.5912959374,0.013604272306477573,136.04272306477574,0.9370320110423664,1.0,0.9828835609557532,660,704,692,6.296798895763359,-1.711643904424676,4.585154991338683,3258.4958039296835,-885.7491834687899,2372.7466204608936,44,-12,32,168.0,38.53211009174312,84.25373189807134,116.71847262943828,32.464740731366945,436,604,168,51729.619999999995,18.829614963651693,0.036400064341573925,64.11941995587456,81.94071351547835,108.73278095946941,18.05928648452165,27.309942105306334,Review 100yr value: lower than expected return-period progression,97.16644049690649,97.7411427142893
Barangay 664-A,689.0,158518.59499857214,156318.59499869426,98.61215020237992,158518.59499857214,100.0,157118.59499874947,99.1168228561228,False,True,False,664,BARANGAY 664-A,1380611004.0,City of Manila - Paco,133911000,133911004,540.0,640.0,0.15846173,U,No,79230.8664499263,32418.9403897374,52820.5777055203,50945.081526241,79230.8664499263,32418.9403897374,0.004346493230060525,43.46493230060525,0.9861215020237992,1.0,0.991168228561228,679,689,683,1.3878497976200777,-0.8831771438772051,0.5046726537428725,2199.9999998778803,-1399.9999998226704,800.00000005521,10,-6,4,100.0,18.51851851851852,34.065404125292936,40.37381229664348,6.308408171350543,540,640,100,158461.72999999998,56.864998572156765,0.03588563533425817,82.69434684161475,95.64784631971983,591.1896702928062,4.352153680280168,-547.724737992201,Review 100yr value: lower than expected return-period progression,99.37546759107097,99.29976669304409
Barangay 664,555.0,142936.12419067285,103646.80295989792,72.51267203918022,136219.26499796638,95.30079661055706,118940.96464228904,83.21266951636737,False,True,False,664,BARANGAY 664,1380608015.0,City of Manila - Ermita,133908000,133908015,202.0,456.0,0.14288437,U,No,35721.0808661908,44549.6159651836,35721.0807172452,42019.8946006087,35721.0808661908,44549.6159651836,0.003882853289485066,38.82853289485066,0.7251267203918021,0.9530079661055706,0.8321266951636737,402,529,462,22.78812457137684,-12.088127094189687,10.699997477187154,32572.462038068465,-17278.300355677347,15294.161682391117,127,-67,60,254.0,125.74257425742574,14.132186747315014,31.902362162255677,17.770175414940663,193,435,242,142884.37000000002,51.75419067282928,0.03622103010485281,64.11941995587456,81.94071351547835,108.73278095946941,13.360083095078707,-69.90424806461874,Review 100yr value: lower than expected return-period progression,85.04614055343748,84.76851463003698
Barangay 666,904.0,691250.8976017075,292827.794655053,42.36201293495864,433711.0584165657,62.7429287862518,383306.67135968537,55.45116435863831,False,True,False,666,BARANGAY 666,1380608008.0,City of Manila - Ermita,133908000,133908008,524.0,810.0,0.690993,U,No,167151.447640114,112114.602678094,167151.444682334,100270.16748193,167151.447640114,112114.602678094,0.001307774070364935,13.07774070364935,0.4236201293495864,0.6274292878625181,0.554511643586383,383,567,501,20.38091585129316,-7.291764427613494,13.089151423679667,140883.2637615127,-50404.38705688034,90478.87670463236,184,-66,118,286.0,54.58015267175572,7.580460319371969,11.717887134907052,4.137426815535083,329,508,179,690993.0,257.89760170748923,0.037322751707685786,64.11941995587456,81.94071351547835,108.73278095946941,-19.197784729226548,-95.65504025582005,Review 100yr value: lower than expected return-period progression,53.57151665316988,54.730994052383124
Barangay 667,3010.0,199162.76603208185,47013.07350926704,23.6053527704541,93878.78396738932,47.13671427533146,73831.04415463758,37.07070635017422,False,True,False,667,BARANGAY 667,1380608009.0,City of Manila - Ermita,133908000,133908009,1238.0,2371.0,0.19908857,U,No,66362.8681251785,20283.7546276554,66362.8634692663,33933.8308503058,66362.8681251785,20283.7546276554,0.015113266701242432,151.13266701242432,0.236053527704541,0.4713671427533146,0.3707070635017422,711,1419,1116,23.531361504877356,-10.066007925157237,13.46535357972012,46865.71045812228,-20047.739812751737,26817.970645370544,708,-303,405,1133.0,91.51857835218094,62.16021320976123,119.04835664001929,56.88814343025806,584,1118,534,199088.57,74.19603208184708,0.03726785122915247,64.11941995587456,81.94071351547835,108.73278095946941,-34.803999240146894,42.39988605295491,Review 100yr value: lower than expected return-period progression,36.54760159813665,37.22747072904922
Barangay 668,2905.0,155964.07683898258,38114.330425200045,24.43789056921698,64537.33766877169,41.37961700975544,86586.72005407664,55.51709201822727,False,False,False,668,BARANGAY 668,1380608010.0,City of Manila - Ermita,133908000,133908010,1223.0,2645.0,0.15590633,U,No,51395.4408296642,16865.2881229176,51395.4399602447,31353.4746116148,51395.4408296642,16865.2881229176,0.018626084024458554,186.26084024458555,0.2443789056921698,0.4137961700975544,0.5551709201822727,710,1202,1613,16.941726440538464,14.137475008471824,31.079201449010288,26423.007243571643,22049.382385304947,48472.38962887659,492,411,903,1422.0,116.27146361406378,78.41549315632638,169.59033474937308,91.17484159304671,506,1094,588,155906.33000000002,57.74683898256626,0.03703944476312556,64.11941995587456,81.94071351547835,108.73278095946941,-40.56109650572291,77.52805928511614,OK,33.75584011151314,42.799175403009556
Barangay 669,3738.0,245563.91187520756,70160.97201364327,28.57136925286408,139068.5559467223,56.632326340115966,119387.6985531674,48.61777027474571,False,True,False,669,BARANGAY 669,1380608011.0,City of Manila - Ermita,133908000,133908011,1904.0,2928.0,0.2454741,U,No,61368.5305229066,39636.8322002319,61368.5280477146,38585.8778324456,61368.5305229066,39636.8322002319,0.015222106422134226,152.22106422134226,0.2857136925286408,0.5663232634011597,0.4861777027474571,1068,2117,1817,28.060957087251886,-8.014556065370257,20.04640102188163,68907.58393307903,-19680.857393554907,49226.72653952413,1049,-300,749,1024.0,53.78151260504202,77.53582297416685,119.23576138044145,41.6999384062746,1078,1658,580,245474.1,89.81187520755338,0.036587108459732974,64.11941995587456,81.94071351547835,108.73278095946941,-25.308387175362384,43.48828326187285,Review 100yr value: lower than expected return-period progression,44.00489565085262,46.41126464215489
Barangay 670,2904.0,141953.14359493714,52449.05261210208,36.94814449602137,118181.58960481382,83.25394324626204,100894.7648501697,71.07610461806509,False,True,False,670,BARANGAY 670,1380608012.0,City of Manila - Ermita,133908000,133908012,1438.0,2774.0,0.14190087,U,No,35475.2498533003,43567.062957509,47300.3344544456,24688.6295613942,35475.2498533003,43567.062957509,0.020457454667482076,204.57454667482074,0.36948144496021373,0.8325394324626204,0.7107610461806508,1073,2418,2064,46.30579875024067,-12.177838628196952,34.12796012204372,65732.53699271174,-17286.824754644127,48445.712238067616,1345,-354,991,1336.0,92.90681502086231,101.30103240991468,195.41659520521787,94.11556279530319,1197,2309,1112,141900.87000000002,52.27359493711265,0.03683810743169696,64.11941995587456,81.94071351547835,108.73278095946941,1.3132297307836893,95.84176571535133,Review 100yr value: lower than expected return-period progression,62.41633380865375,66.8063581074231
Barangay 671,1239.0,33986.28832159685,31986.288321805518,94.11527383965486,33886.288321595384,99.70576369194777,32244.26320500693,94.87432961167774,False,True,False,671,BARANGAY 671,1380611005.0,City of Manila - Paco,133911000,133911005,1169.0,1227.0,0.03397417,U,No,11324.7259762845,14565.5160164444,8493.54449747985,13672.3573521504,11324.7259762845,14565.5160164444,0.03645587856714168,364.5587856714168,0.9411527383965486,0.9970576369194777,0.9487432961167773,1166,1235,1175,5.5904898522929045,-4.831434080270029,0.7590557720228759,1899.9999997898667,-1642.0251165884547,257.974883201412,69,-60,9,58.0,4.961505560307955,343.9622441080599,361.0279499748413,17.0657058667814,1166,1223,57,33974.17,12.118321596848546,0.035669220460274806,82.69434684161475,95.64784631971983,591.1896702928062,4.057917372227934,-226.63088462138944,Review 100yr value: lower than expected return-period progression,97.19004325841597,96.37556759676653
Barangay 672,3268.0,91373.80656884024,87042.94993914787,95.2602865171984,91273.80656892055,99.89055944621906,89873.80656881143,98.35839169193557,False,True,False,672,BARANGAY 672,1380611006.0,City of Manila - Paco,133911000,133911006,3237.0,3133.0,0.09134111,U,No,30447.0362106197,36575.9335400351,22835.2771342705,36201.5949668948,30447.0362106197,36575.9335400351,0.03576517300434361,357.6517300434361,0.952602865171984,0.9989055944621906,0.9835839169193556,3113,3264,3214,4.630272929020663,-1.532167754283492,3.098105174737171,4230.856629772679,-1400.0000001091248,2830.8566296635545,151,-50,101,-104.0,-3.2128514056224895,354.2590728735014,342.8772552711399,-11.38181760236148,3233,3130,-103,91341.11,32.696568840241525,0.03579611506827706,82.69434684161475,95.64784631971983,591.1896702928062,4.2427131264992255,-233.53794024937014,Review 100yr value: lower than expected return-period progression,97.80693662815976,98.1201241122505
Barangay 673,2539.0,84920.75106222497,61699.56724324522,72.65546579779468,83416.58565438192,98.22874222256831,76470.5850729367,90.04935085525034,False,True,False,673,BARANGAY 673,1380611007.0,City of Manila - Paco,133911000,133911007,2605.0,2764.0,0.08489048,U,No,21222.6031767973,35062.634068852,21222.6029419563,28492.9412244388,21222.6031767973,35062.634068852,0.029898463782304152,298.9846378230415,0.7265546579779467,0.9822874222256831,0.9004935085525034,1845,2494,2286,25.57327642477364,-8.179391367317976,17.393885057455662,21717.018411136705,-6946.000581445231,14771.017829691475,649,-208,441,159.0,6.1036468330134355,306.75658981056444,325.479928689597,18.723338879032553,2559,2715,156,84890.48000000001,30.27106222495786,0.03565895990334588,82.69434684161475,95.64784631971983,591.1896702928062,2.580895902848482,-292.2050324697647,Review 100yr value: lower than expected return-period progression,86.72076783142018,88.56366656944772
Barangay 674,1629.0,176842.26090107177,92397.35867843564,52.24846041191709,155129.28922000484,87.72184229582231,120717.5430631211,68.26283629717464,False,True,False,674,BARANGAY 674,1380611008.0,City of Manila - Paco,133911000,133911008,1616.0,1398.0,0.17677842,U,No,58926.1254607387,64525.5641157953,58926.1254268172,35773.5771800964,58926.1254607387,64525.5641157953,0.009211599035771699,92.115990357717,0.5224846041191709,0.8772184229582232,0.6826283629717464,851,1429,1112,35.473381883905226,-19.45900599864767,16.014375885257557,62731.93054156919,-34411.74615688373,28320.18438468546,578,-317,261,-218.0,-13.490099009900991,91.38087195707223,79.05350185395234,-12.32737010311989,1418,1226,-192,176778.41999999998,63.84090107178781,0.036113514914200395,82.69434684161475,95.64784631971983,591.1896702928062,-7.926004023897519,-499.0736799350892,Review 100yr value: lower than expected return-period progression,71.75882044806497,71.06989442538693
Barangay 675,2044.0,85987.57643354392,26410.93890148485,30.714831138306035,85187.57643351394,99.06963304094486,73738.45493730821,85.7547776035966,False,True,False,675,BARANGAY 675,1380611009.0,City of Manila - Paco,133911000,133911009,2532.0,1988.0,0.0859566,U,No,42978.3199697435,41778.7514134888,28652.2131967467,21639.3374578141,42978.3199697435,41778.7514134888,0.02377087580296811,237.70875802968112,0.30714831138306037,0.9906963304094486,0.857547776035966,628,2025,1753,68.35480190263883,-13.314855437348271,55.039946465290555,58776.63753202909,-11449.121496205727,47327.51603582336,1397,-272,1125,-544.0,-21.484992101105846,294.4611425299181,231.19618931653918,-63.26495321337893,2508,1970,-538,85956.59999999999,30.97643354392494,0.03603729503484892,82.69434684161475,95.64784631971983,591.1896702928062,3.4217867212250326,-353.4809122631251,Review 100yr value: lower than expected return-period progression,68.3099721847574,76.65499039034584
Barangay 676,2564.0,147587.93680944518,48609.38379390852,32.9358786664722,123787.93681039658,83.8740207949533,95851.64318336724,64.94544558009773,False,True,False,676,BARANGAY 676,1380611010.0,City of Manila - Paco,133911000,133911010,1570.0,1431.0,0.14753439,U,No,49178.1476053093,48763.6543790858,49178.1479819065,21670.9429380197,49178.1476053093,48763.6543790858,0.01737269356445067,173.72693564450668,0.329358786664722,0.838740207949533,0.6494544558009773,844,2151,1665,50.9381421284811,-18.92857521485557,32.00956691362553,75178.55301648806,-27936.293627029343,47242.25938945872,1307,-486,821,-139.0,-8.853503184713375,106.37725778544285,96.95914387959792,-9.418113905844933,1317,1200,-117,147534.38999999998,53.5468094451935,0.03629445951224898,82.69434684161475,95.64784631971983,591.1896702928062,-11.773825524766536,-417.46273464829954,Review 100yr value: lower than expected return-period progression,60.9518568371368,63.568055176890795
Barangay 677,2235.0,64847.5358695601,62934.27170033102,97.0495961896261,64747.53586958336,99.84579213591417,62841.29706976673,96.90622199765788,False,True,True,677,BARANGAY 677,1380611011.0,City of Manila - Paco,133911000,133911011,2757.0,1591.0,0.06482448,U,No,21608.16427506,20577.6817555647,16206.1231256576,23203.8148679295,21608.16427506,20577.6817555647,0.03446545763119929,344.6545763119929,0.970495961896261,0.9984579213591417,0.9690622199765788,2169,2232,2166,2.7961959462880657,-2.939570138256286,-0.14337419196822054,1813.2641692523393,-1906.2387998166232,-92.97463056428387,63,-66,-3,-1166.0,-42.29234675371781,425.1510813835188,245.34471181762,-179.80636956589876,2753,1589,-1164,64824.48,23.05586956009938,0.03556660934279671,82.69434684161475,95.64784631971983,591.1896702928062,4.197945816194334,-246.53509398081331,Review 100yr value: lower than expected return-period progression,98.58750396008455,97.97091509403964
Barangay 678,1335.0,61187.94819847008,58987.94819869914,96.40452071928448,61187.94819847008,100.0,60387.94819861008,98.6925529889234,False,True,False,678,BARANGAY 678,1380611012.0,City of Manila - Paco,133911000,133911012,456.0,1294.0,0.06116629,U,No,30583.1674331431,27784.3308763959,30583.1667929455,30083.3433644359,30583.1674331431,27784.3308763959,0.02181802200115904,218.18022001159042,0.9640452071928448,1.0,0.986925529889234,1287,1335,1318,3.595479280715523,-1.3074470110766043,2.2880322696389186,2199.9999997709456,-799.9999998600033,1399.9999999109423,48,-17,31,838.0,183.7719298245614,74.52447964440842,211.47955407865018,136.95507443424177,456,1294,838,61166.29,21.658198470082425,0.035408716909399646,82.69434684161475,95.64784631971983,591.1896702928062,4.352153680280168,-373.0094502812158,Review 100yr value: lower than expected return-period progression,98.38203432367803,98.57815137539049
Barangay 679,860.0,45076.18967143507,31547.751771235933,69.98761874326712,43544.00411896956,96.60089824886758,40184.64060010219,89.1482640680415,False,True,False,679,BARANGAY 679,1380611013.0,City of Manila - Paco,133911000,133911013,949.0,931.0,0.04506019,U,No,11265.0481990969,15869.3935078248,11265.047929537,12420.1243772931,11265.0481990969,15869.3935078248,0.019078808707404672,190.7880870740467,0.6998761874326712,0.9660089824886758,0.8914826406804149,602,831,767,26.61327950560046,-7.452634180826081,19.16064532477438,11996.252347733629,-3359.3635188673725,8636.888828866257,229,-64,165,-18.0,-1.8967334035827188,210.53243562008177,206.5391965882994,-3.993239031782366,917,899,-18,45060.19,15.999671435070923,0.03550733238157878,82.69434684161475,95.64784631971983,591.1896702928062,0.9530519291477475,-400.4015832187595,Review 100yr value: lower than expected return-period progression,84.62492247134738,86.96652470013703
Barangay 680,1085.0,38134.34702956572,37934.34702961607,99.47553841738896,38134.34702956572,100.0,38134.34702956572,100.0,False,False,False,680,BARANGAY 680,1380611014.0,City of Manila - Paco,133911000,133911014,1123.0,968.0,0.03812089,U,No,19060.4472270607,18574.1498880246,38120.8945055007,0.0,19060.4472270607,18574.1498880246,0.02845204086381222,284.5204086381222,0.9947553841738896,1.0,1.0,1079,1085,1085,0.524461582611039,0.0,0.524461582611039,199.99999994965037,0.0,199.99999994965037,6,0,6,-155.0,-13.802315227070347,294.4851787102408,253.8394060476519,-40.64577266258891,1123,968,-155,38120.89,13.457029565717676,0.03530093228599247,82.69434684161475,95.64784631971983,591.1896702928062,4.352153680280168,-306.669261654684,OK,99.76399228782503,99.86888460434724
Barangay 681,1453.0,35046.449637184895,34946.449637192454,99.71466439246292,35046.44963718489,99.99999999999996,35046.44963718489,99.99999999999996,False,False,False,681,BARANGAY 681,1380611015.0,City of Manila - Paco,133911000,133911015,1499.0,1094.0,0.03503409,U,No,17517.0441093557,17355.1350317783,35034.0882350458,0.0,17517.0441093557,17355.1350317783,0.041459263778272755,414.59263778272754,0.9971466439246293,0.9999999999999996,0.9999999999999996,1449,1453,1453,0.2853356075370357,0.0,0.2853356075370357,99.999999992433,0.0,99.999999992433,4,0,4,-405.0,-27.01801200800534,427.71807573042577,312.15715466917,-115.56092106125578,1499,1094,-405,35034.09,12.35963718489802,0.03527888746331936,82.69434684161475,95.64784631971983,591.1896702928062,4.352153680280125,-176.5970325100787,OK,99.8715989766083,99.9286660981157
Barangay 682,747.0,67953.34183248121,52436.98583145797,77.16616198321165,60753.34183257871,89.4044946050601,54283.87721815549,79.88404360152923,False,True,False,682,BARANGAY 682,1380611016.0,City of Manila - Paco,133911000,133911016,1204.0,822.0,0.06792953,U,No,16982.3809142827,24830.5179472243,22643.1746450652,23168.7572327439,16982.3809142827,24830.5179472243,0.010992836847399011,109.92836847399009,0.7716616198321166,0.8940449460506009,0.7988404360152923,576,668,597,12.238332621848443,-9.520451003530866,2.717881618317577,8316.356001120745,-6469.464614423225,1846.89138669752,92,-71,21,-382.0,-31.727574750830566,177.1803957733388,120.96535326053528,-56.21504251280352,1076,735,-341,67929.53,23.81183248120942,0.035053727710480875,82.69434684161475,95.64784631971983,591.1896702928062,-6.243351714659738,-481.26130181881615,Review 100yr value: lower than expected return-period progression,83.8972449252283,82.53673104818563
Barangay 683,869.0,19491.393437182705,18294.348573661475,93.85859780944295,18979.25721236831,97.37250070670976,18390.35852815114,94.35117395490474,False,True,False,683,BARANGAY 683,1380611017.0,City of Manila - Paco,133911000,133911017,918.0,784.0,0.01948451,U,No,4871.12606985518,7958.42146967599,4871.12574868556,7892.89291159687,4871.12606985518,7958.42146967599,0.04458378015920886,445.83780159208857,0.9385859780944296,0.9737250070670975,0.9435117395490473,816,846,820,3.513902897266803,-3.02132675180502,0.49257614546178274,684.9086387068346,-588.8986842171689,96.00995448966569,30,-26,4,-134.0,-14.596949891067537,470.9771022572351,402.22881064234457,-68.74829161489055,894,763,-131,19484.51,6.8834371827069845,0.03532774076795867,82.69434684161475,95.64784631971983,591.1896702928062,1.7246543869899256,-145.35186870071766,Review 100yr value: lower than expected return-period progression,95.7912444029397,95.28549428167105
Barangay 684,2685.0,29850.09495453525,28368.565085925868,95.03676664725556,29270.89408190505,98.05963473981446,28573.8346901596,95.7244348256864,False,True,False,684,BARANGAY 684,1380611018.0,City of Manila - Paco,133911000,133911018,2747.0,2730.0,0.02983952,U,No,9946.5042056101,10139.4448990982,7459.87830973421,11406.113618434,9946.5042056101,10139.4448990982,0.08994946260939973,899.4946260939975,0.9503676664725557,0.9805963473981446,0.957244348256864,2552,2633,2570,3.0228680925588947,-2.3351999141280544,0.6876681784308403,902.3289959791837,-697.0593917454498,205.26960423373384,81,-63,18,-17.0,-0.6188569348380051,920.2650792849947,914.569955022947,-5.6951242620476705,2694,2677,-17,29839.52,10.574954535248253,0.03543942575231858,82.69434684161475,95.64784631971983,591.1896702928062,2.4117884200946236,308.3049558011912,Review 100yr value: lower than expected return-period progression,96.69934409816295,96.36983775102351
Barangay 685,869.0,45482.93278028072,36932.168200499895,81.20005888563098,42436.35305285471,93.30170782490336,37681.564450832135,82.84770164858215,False,True,False,685,BARANGAY 685,1380611019.0,City of Manila - Paco,133911000,133911019,1098.0,1044.0,0.04546692,U,No,11366.7287585045,16861.650292697,15155.6343863157,16860.2886058876,11366.7287585045,16861.650292697,0.0191060678562214,191.06067856221398,0.8120005888563098,0.9330170782490336,0.8284770164858215,706,811,720,12.10164893927238,-10.454006176321215,1.6476427629511647,5504.184852354818,-4754.788602022578,749.39625033224,105,-91,14,-54.0,-4.918032786885246,241.40923482314264,229.5366495039717,-11.872585319170952,1024,974,-50,45466.92,16.01278028071829,0.03521852872532005,82.69434684161475,95.64784631971983,591.1896702928062,-2.346138494816472,-400.12899173059225,Review 100yr value: lower than expected return-period progression,87.8559658022308,86.09469311955678
Barangay 686,3306.0,43161.83052741338,22645.7909734301,52.4671699432374,40844.84057209438,94.631854286515,33874.35101117748,78.48219270881678,False,True,False,686,BARANGAY 686,1380611048.0,City of Manila - Paco,133911000,133911048,2995.0,3250.0,0.04314654,U,No,10786.6314648726,15391.7051162982,10786.630581396,9795.68722314216,10786.6314648726,15391.7051162982,0.0765954538906838,765.954538906838,0.524671699432374,0.9463185428651499,0.7848219270881678,1735,3129,2595,42.16468434327759,-16.14966157769821,26.01502276557938,18199.049598664278,-6970.489560916896,11228.560037747382,1394,-534,860,255.0,8.514190317195327,693.9001343091288,752.980112355482,59.079978046353176,2834,3076,242,43146.53999999999,15.29052741338819,0.035438594643714634,82.69434684161475,95.64784631971983,591.1896702928062,-1.0159920332048387,174.7648686140318,Review 100yr value: lower than expected return-period progression,75.65774633204009,77.63081856961631
Barangay 687,2106.0,34396.63126757257,15696.925854631005,45.63506737774429,29869.473500124837,86.83836875701337,23740.10396876024,69.01868902243699,False,True,False,687,BARANGAY 687,1380611049.0,City of Manila - Paco,133911000,133911049,1243.0,1434.0,0.03438437,U,No,11461.4583172927,12804.0504716827,11461.4579347116,6925.09421235347,11461.4583172927,12804.0504716827,0.061226926079398704,612.2692607939871,0.45635067377744293,0.8683836875701337,0.6901868902243699,961,1829,1454,41.20330137926908,-17.819679734576383,23.383621644692695,14172.547645493833,-6129.3695313645985,8043.178114129234,868,-375,493,191.0,15.366049879324214,361.37259789502656,416.90129153778605,55.52869364275949,1079,1245,166,34384.369999999995,12.261267572575889,0.03565942191924962,82.69434684161475,95.64784631971983,591.1896702928062,-8.809477562706462,21.07959050118086,Review 100yr value: lower than expected return-period progression,68.29688313634229,69.40967151836554
Barangay 688,756.0,46912.85536757808,12878.742301587576,27.45248013722098,32466.169215965227,69.2052721190851,34737.28296085122,74.04640516692677,False,False,False,688,BARANGAY 688,1380610059.0,City of Manila - Malate,133910000,133910059,1237.0,1212.0,0.04689617,U,No,11388.3088994985,9735.59340506056,15184.4114414908,1572.14484753584,11388.3088994985,9735.59340506056,0.016114985840799595,161.14985840799596,0.2745248013722098,0.6920527211908509,0.7404640516692678,208,523,560,41.752791981864114,4.84113304784168,46.593925029705794,19587.42691437765,2271.1137448859918,21858.540659263643,315,37,352,-25.0,-2.021018593371059,263.68039001414155,258.3513603048824,-5.329029709259146,856,839,-17,46896.17,16.68536757808033,0.03557938223543699,38.030881329644494,66.56663111506354,787.4402573445532,2.638641004021551,-626.2903989365573,OK,50.41651572724625,60.703527342755734
Barangay 689,736.0,24625.528504908973,983.4113646640624,3.9934629807763287,9221.075610813989,37.44518867473571,22847.729719768497,92.78066748989336,False,False,False,689,BARANGAY 689,1380610004.0,City of Manila - Malate,133910000,133910004,733.0,733.0,0.02461675,U,No,7990.09713593855,2129.63657053066,7990.0956927847,4810.6339993107,7990.09713593855,2129.63657053066,0.029887683419800803,298.87683419800805,0.039934629807763286,0.37445188674735713,0.9278066748989336,29,276,683,33.45172569395938,55.33547881515765,88.78720450911703,8237.664246149927,13626.654108954508,21864.318355104435,247,407,654,0.0,0.0,297.658586232527,297.658586232527,0.0,274,274,0,24616.75,8.778504908972536,0.03566069813835107,38.030881329644494,66.56663111506354,787.4402573445532,-29.121442440327833,-488.5634231465451,OK,22.39191211245399,51.216448777308926
Barangay 690,544.0,12881.934153516482,1276.1752664012793,9.906705399925611,6115.613146948166,47.4743394436521,12681.934153652686,98.4474381138705,False,False,False,690,BARANGAY 690,1380610005.0,City of Manila - Malate,133910000,133910005,887.0,496.0,0.01287732,U,No,4082.50254214586,944.423503637187,4082.50283443897,1459.14798648366,4082.50254214586,944.423503637187,0.042229683331481714,422.2968333148172,0.09906705399925611,0.47474339443652097,0.984474381138705,54,258,536,37.567634043726486,50.973098670218405,88.54073271394489,4839.437880546887,6566.32100670452,11405.758887251406,204,278,482,-391.0,-44.081172491544535,688.5611969673581,385.0353480223333,-303.5258489450248,421,235,-186,12877.32,4.6141535164824745,0.035831628914110035,38.030881329644494,66.56663111506354,787.4402573445532,-19.092291671411445,-365.14342402973597,OK,30.56890412397518,58.47167040080784
Barangay 691,434.0,14671.467159387392,1164.8079201043026,7.939273608086372,6838.143051135183,46.60844738189572,13909.853915382522,94.80888151313783,False,False,False,691,BARANGAY 691,1380610006.0,City of Manila - Malate,133910000,133910006,416.0,409.0,0.01466624,U,No,4888.74212720448,5002.32261526594,7333.11297765584,497.412934214182,4888.74212720448,5002.32261526594,0.02958122696831376,295.8122696831376,0.07939273608086372,0.46608447381895723,0.9480888151313783,34,202,411,38.66917377380935,48.20043413124211,86.86960790505147,5673.33513103088,7071.7108642473395,12745.04599527822,168,209,377,-7.0,-1.6826923076923077,283.54355803729317,278.7723923972426,-4.771165640050583,194,191,-3,14666.24,5.227159387392021,0.035640759917961395,38.030881329644494,66.56663111506354,787.4402573445532,-19.95818373316782,-491.6279876614156,OK,29.207319183681516,56.22132759094023
Barangay 692,2508.0,39947.62855286812,16157.498675163724,40.44670299710111,25915.616651190103,64.87398023362626,34809.24179674065,87.13719201296982,False,False,False,692,BARANGAY 692,1380610007.0,City of Manila - Malate,133910000,133910007,942.0,1329.0,0.03993336,U,No,13311.1066659445,4183.79429233646,13311.1062122473,4767.32147185966,13311.1066659445,4183.79429233646,0.06278219986652833,627.8219986652833,0.40446702997101114,0.6487398023362626,0.8713719201296982,1014,1627,2185,24.427277236525143,22.263211779343564,46.69048901586871,9758.117976026379,8893.625145550548,18651.743121576925,613,558,1171,387.0,41.082802547770704,235.8087411254772,332.6855806324408,96.87683950696359,611,862,251,39933.36,14.268552868117695,0.035730909866131214,38.030881329644494,66.56663111506354,787.4402573445532,-1.692650881437288,-159.61825867926984,OK,53.88170547718994,67.6724456362324
Barangay 693,557.0,27851.295405197,11093.101055887517,39.82974900987033,17655.085011140167,63.39053445911087,27551.29540525229,98.92285082047304,False,False,False,693,BARANGAY 693,1380610008.0,City of Manila - Malate,133910000,133910008,606.0,511.0,0.02784129,U,No,9080.7676804631,4490.48041444424,9080.76983740495,4862.68904552846,9080.7676804631,4490.48041444424,0.019999069770236425,199.99069770236426,0.39829749009870336,0.6339053445911087,0.9892285082047304,222,353,551,23.560785449240534,35.53231636136218,59.09310181060271,6561.98395525265,9896.210394112124,16458.194349364774,131,198,329,-95.0,-15.676567656765677,217.58413430454712,183.4744102799069,-34.10972402464023,384,324,-60,27841.29,10.005405197000073,0.035937290251278134,38.030881329644494,66.56663111506354,787.4402573445532,-3.1760966559526764,-587.4495596421889,OK,52.78818100695263,71.7132646413456
Barangay 694,1478.0,71487.55016126024,26111.619217554973,36.5261072153863,67447.12370954675,94.34806977914452,63610.31305964031,88.98096649857126,False,True,False,694,BARANGAY 694,1380610009.0,City of Manila - Malate,133910000,133910009,990.0,1281.0,0.07146182,U,No,23696.5827875995,30183.693546457,23696.5819371872,20214.4884293117,23696.5827875995,30183.693546457,0.020674928664724923,206.74928664724922,0.36526107215386294,0.9434806977914453,0.8898096649857127,540,1394,1315,57.82196256375823,-5.367103280573261,52.454859283184966,41335.50449199178,-3836.810649906438,37498.69384208534,854,-79,775,291.0,29.393939393939394,138.4856520844227,179.19204072741965,40.706388642996956,934,1209,275,71461.81999999999,25.73016126024595,0.03600546594005856,38.030881329644494,66.56663111506354,787.4402573445532,27.78143866408098,-580.690970697304,Review 100yr value: lower than expected return-period progression,68.32818662545333,77.74573782597567
Barangay 695,722.0,47651.66907115284,10903.81248635991,22.882330669422057,39351.66907130055,82.58193225622622,32624.042746447263,68.46358875222917,False,True,False,695,BARANGAY 695,1380610010.0,City of Manila - Malate,133910000,133910010,756.0,654.0,0.04763462,U,No,15878.2054095138,16423.1482001877,15878.2050560821,5756.19752240625,15878.2054095138,16423.1482001877,0.015151620374974046,151.51620374974047,0.22882330669422057,0.8258193225622622,0.6846358875222918,165,596,494,59.699601586804164,-14.118343503997053,45.58125808280711,28447.856584940644,-6727.626324853289,21720.23026008735,431,-102,329,-102.0,-13.492063492063492,158.6513158376784,137.24597957386464,-21.40533626381375,624,540,-84,47634.62,17.049071152840042,0.03579134493534333,38.030881329644494,66.56663111506354,787.4402573445532,16.01530114116268,-635.9240535948127,Review 100yr value: lower than expected return-period progression,55.71711154216435,62.00969445792636
Barangay 696,4121.0,83466.77302042914,19238.381281477825,23.04914948223658,48312.31632044324,57.8820943618108,68245.24637691291,81.76336991033469,False,False,False,696,BARANGAY 696,1380610011.0,City of Manila - Malate,133910000,133910011,1104.0,2420.0,0.0834366,U,No,27812.1969722543,3492.07434519937,27812.196384887,6868.68210963269,27812.1969722543,3492.07434519937,0.04937294028357072,493.7294028357072,0.2304914948223658,0.578820943618108,0.8176336991033469,950,2385,3369,34.83294487957422,23.881275548523888,58.71422042809811,29073.935038965417,19932.930056469668,49006.86509543509,1435,984,2419,1316.0,119.20289855072464,132.26820207003658,289.93573279844975,157.66753072841317,639,1401,762,83436.6,30.173020429137978,0.036162811558881805,38.030881329644494,66.56663111506354,787.4402573445532,-8.684536753252743,-293.71085450884596,OK,42.207269166002405,58.7263683613268
Barangay 697,3568.0,85657.3741076043,39260.39242865587,45.834223658708325,61116.83883506474,71.35035304524827,78032.99701185775,91.09898339147232,False,False,False,697,BARANGAY 697,1380610012.0,City of Manila - Malate,133910000,133910012,679.0,1967.0,0.08562626,U,No,28542.084835556,12855.3123298226,28542.084834833,9584.47464051785,28542.084835556,12855.3123298226,0.04165432383577176,416.5432383577176,0.45834223658708323,0.7135035304524827,0.9109898339147232,1635,2546,3250,25.516129386539944,19.748630346224047,45.26475973276399,21856.446406408868,16916.15817679301,38772.60458320188,911,704,1615,1288.0,189.69072164948452,79.26929900361274,229.6358043300534,150.36650532644063,484,1403,919,85626.26,31.114107604298624,0.03633710920493156,38.030881329644494,66.56663111506354,787.4402573445532,4.783721930184726,-370.8970189868356,OK,59.8680948213053,72.8707728371029
Barangay 698,1759.0,84606.7402583604,55175.66711131942,65.2142689138378,67241.18339385871,79.47497231133931,79913.99840570407,94.45346571877576,False,False,False,698,BARANGAY 698,1380610013.0,City of Manila - Malate,133910000,133910013,1400.0,1736.0,0.08457586,U,No,21143.9637584326,18601.4233910797,28191.9544465181,7740.61678583688,21143.9637584326,18601.4233910797,0.0207903057679401,207.903057679401,0.652142689138378,0.7947497231133931,0.9445346571877576,1147,1398,1661,14.260703397501516,14.978493407436446,29.23919680493796,12065.51628253929,12672.815011845363,24738.331294384654,251,263,514,336.0,24.0,165.47145011436123,205.18459814180792,39.71314802744669,1113,1380,267,84575.86,30.88025836039742,0.036511905832701454,38.030881329644494,66.56663111506354,787.4402573445532,12.90834119627577,-579.5371996651522,OK,73.05765578246364,81.90119382493852
Barangay 699,2733.0,195534.04550171472,29101.432027491024,14.883051160129462,45205.27003141563,23.118874217236613,70185.42675401838,35.8942232151602,False,False,False,699,BARANGAY 699,1380610014.0,City of Manila - Malate,133910000,133910014,1064.0,3193.0,0.19546211,U,No,63931.0702659207,52806.7133980364,63931.0693678837,61017.2047039905,63931.0702659207,52806.7133980364,0.013977105587865685,139.77105587865685,0.14883051160129462,0.23118874217236612,0.35894223215160204,407,632,981,8.235823057107151,12.77534899792359,21.01117205503074,16103.838003924608,24980.156722602747,41083.99472652735,225,349,574,2129.0,200.093984962406,54.4150762732861,163.29637080883694,108.88129453555084,246,738,492,195462.11,71.9355017147318,0.03680278582623087,38.030881329644494,66.56663111506354,787.4402573445532,-43.447756897826935,-647.6692014658963,OK,19.412753841538397,26.17005805212926
Barangay 700,140.0,39516.969961375005,6683.739206862484,16.91359234626379,14860.965572687446,37.60654115741407,20498.303233020142,51.87215328770339,False,False,False,700,BARANGAY 700,1380610015.0,City of Manila - Malate,133910000,133910015,162.0,138.0,0.03950249,U,No,13094.1130696315,6692.34759567191,13094.1145725846,9093.49826684131,13094.1130696315,6692.34759567191,0.0035427817501402542,35.427817501402544,0.1691359234626379,0.3760654115741407,0.5187215328770339,24,53,73,20.69294881115028,14.26561213028932,34.9585609414396,8177.226365824962,5637.337660332696,13814.56402615766,29,20,49,-24.0,-14.814814814814813,40.99504596590866,34.92170582281108,-6.073340143097582,61,52,-9,39502.49,14.479961375007406,0.0366558193546974,38.030881329644494,66.56663111506354,787.4402573445532,-28.960089957649473,-752.0124398431507,OK,28.294714192396448,38.139548806742226
Barangay 701,3328.0,191438.41712660543,33032.65989803737,17.25497963984503,61645.64850199023,32.20129450883499,89397.76261250545,46.697921950213015,False,False,False,701,BARANGAY 701,1380610016.0,City of Manila - Malate,133910000,133910016,1608.0,2695.0,0.19136854,U,No,63039.4571569258,39994.6228358824,63039.4610236608,51013.1406598031,63039.4571569258,39994.6228358824,0.017384180510639453,173.84180510639453,0.17254979639845028,0.32201294508834993,0.46697921950213017,574,1072,1554,14.946314868989962,14.496627441378024,29.442942310367986,28612.988603952865,27752.11411051522,56365.102714468085,498,482,980,1087.0,67.59950248756219,83.99567987111851,140.77634157504005,56.78066170392154,518,868,350,191368.54,69.87712660542456,0.03651442740035774,38.030881329644494,66.56663111506354,787.4402573445532,-34.36533660622855,-613.5984522381586,OK,25.47545281778951,34.26336676813871
Barangay 702,3572.0,43462.73012632189,29607.25070549276,68.12100993067166,38261.79818464961,88.03358204476324,42664.83605833908,98.1641878785254,False,False,False,702,BARANGAY 702,1380610017.0,City of Manila - Malate,133910000,133910017,3445.0,3342.0,0.04344695,U,No,14482.3203654934,12126.1519144597,14482.3200881588,7058.06083896417,14482.3203654934,12126.1519144597,0.08218535719266117,821.8535719266117,0.6812100993067166,0.8803358204476324,0.981641878785254,2433,3145,3506,19.912572114091574,10.13060583376216,30.043177947853735,8654.547479156852,4403.037873689471,13057.585352846323,712,361,1073,-103.0,-2.9898403483309144,792.6331341789411,768.9346689190191,-23.69846525992193,3033,2942,-91,43446.95,15.780126321893476,0.03632044671005324,38.030881329644494,66.56663111506354,787.4402573445532,21.466950929699692,34.41331458205855,OK,79.07292459342203,87.1076813497452
Barangay 703,848.0,58588.2117081863,10361.005731717163,17.68445465330607,22797.41834302281,38.911271872524864,43985.56433346297,75.07579263989899,False,False,False,703,BARANGAY 703,1380610018.0,City of Manila - Malate,133910000,133910018,407.0,114.0,0.05856706,U,No,19522.369843413,9791.78485086809,19522.3688475531,14036.2657421738,19522.369843413,9791.78485086809,0.014473901409103979,144.7390140910398,0.1768445465330607,0.38911271872524866,0.75075792639899,150,330,637,21.226817219218795,36.16452076737413,57.39133798659292,12436.412611305648,21188.14599044016,33624.55860174581,180,307,487,-293.0,-71.99017199017199,69.46789945171368,19.457839158465255,-50.01006029324842,158,44,-114,58567.06,21.15170818630577,0.03611536619100526,38.030881329644494,66.56663111506354,787.4402573445532,-27.65535924253868,-642.7012432535134,OK,29.359204123876406,48.07037587466982
Barangay 704,5339.0,35854.64591554001,13072.184151869356,36.45882930391358,24634.159440786618,68.70562743476923,32969.188189389475,91.95234633484436,False,False,False,704,BARANGAY 704,1380610019.0,City of Manila - Malate,133910000,133910019,5848.0,5299.0,0.03584166,U,No,11947.2176462141,6522.14751360315,11947.2174501736,4573.09532458895,11947.2176462141,6522.14751360315,0.14890678358884551,1489.0678358884552,0.3645882930391358,0.6870562743476922,0.9195234633484436,1947,3668,4909,32.246798130855645,23.246718900075138,55.49351703093078,11561.975288917261,8335.028748602857,19897.00403752012,1721,1241,2962,-549.0,-9.38782489740082,1631.0299127693736,1477.9116805343556,-153.118232235018,4018,3641,-377,35841.659999999996,12.985915540011774,0.03623134514420307,38.030881329644494,66.56663111506354,787.4402573445532,2.138996319705683,701.627578543902,OK,54.19456827588419,69.94261546208537
Barangay 705,2696.0,22879.774677369714,12562.323001403114,54.905798586506414,21979.741803174224,96.0662511458834,22479.77467747536,98.2517310352274,False,False,False,705,BARANGAY 705,1380610020.0,City of Manila - Malate,133910000,133910020,2450.0,2683.0,0.0228715,U,No,11435.7515270922,4513.76584955196,7623.83440732741,6999.2454334196,11435.7515270922,4513.76584955196,0.1178333282567945,1178.333282567945,0.5490579858650642,0.960662511458834,0.982517310352274,1480,2590,2649,41.160452559376985,2.185479889343995,43.34593244872098,9417.41880177111,500.0328743011378,9917.451676072247,1110,59,1169,233.0,9.510204081632653,1070.814741206033,1172.6514084309333,101.83666722490034,2354,2577,223,22871.5,8.274677369714482,0.036178988565308275,38.030881329644494,66.56663111506354,787.4402573445532,29.499620030819855,390.89302522339176,OK,77.54404749416376,86.65032996177675
Barangay 706,301.0,40139.59835580821,14193.748662520857,35.360963347723725,28473.905563069675,70.93719600946005,35839.26297719315,89.28655104992401,False,False,False,706,BARANGAY 706,1380610021.0,City of Manila - Malate,133910000,133910021,477.0,296.0,0.04012515,U,No,13375.0471440262,7358.77841184607,13375.0487640625,6756.51838455482,13375.0471440262,7358.77841184607,0.007498829393653991,74.98829393653992,0.35360963347723723,0.7093719600946006,0.8928655104992401,106,214,269,35.57623266173633,18.349355040463962,53.92558770220029,14280.156900548818,7365.3574141234785,21645.5143146723,108,55,163,-181.0,-37.9454926624738,118.8352697931214,73.74264121334159,-45.09262857977981,338,210,-128,40125.15,14.448355808206543,0.036008228774737396,38.030881329644494,66.56663111506354,787.4402573445532,4.370564894396509,-712.4519634080133,OK,54.927891311678714,69.38287986021155
Barangay 707,1081.0,4394.683400720885,1832.933563909616,41.70797749865097,4391.525162596556,99.9281350250666,4294.683400749115,97.7245232283316,False,True,False,707,BARANGAY 707,1380610022.0,City of Manila - Malate,133910000,133910022,964.0,1052.0,0.0043931,U,No,2196.5514599154,241.552789847732,1464.36761745273,1552.13221344785,2196.5514599154,241.552789847732,0.2459790390867923,2459.790390867923,0.41707977498650967,0.999281350250666,0.9772452322833161,451,1080,1056,58.220157526415626,-2.2036117967349895,56.01654572968064,2558.5915986869395,-96.84176184744047,2461.749836839499,629,-24,605,88.0,9.12863070539419,2193.5596085075654,2393.801564470911,200.24195596334584,963,1051,88,4393.099999999999,1.5834007208859475,0.036042901843480635,38.030881329644494,66.56663111506354,787.4402573445532,33.36150391000305,1672.35013352337,Review 100yr value: lower than expected return-period progression,73.72906413817957,84.49165092476869
Barangay 708,788.0,20168.772655314264,2507.2137905646696,12.431166900500733,9567.881274791598,47.439085353914976,12489.121202964976,61.923060051322565,False,False,False,708,BARANGAY 708,1380610023.0,City of Manila - Malate,133910000,133910023,725.0,753.0,0.02016155,U,No,6720.51850078209,2449.43627167154,6720.51921926444,4405.06081363307,6720.51850078209,2449.43627167154,0.03907030008553198,390.7030008553199,0.12431166900500733,0.4743908535391498,0.6192306005132256,98,374,488,35.00791845341424,14.48397469740759,49.49189315082183,7060.6674842269285,2921.239928173378,9981.907412400305,276,114,390,28.0,3.8620689655172415,359.4665934265316,373.34944117265974,13.882847746128164,344,357,13,20161.55,7.222655314264557,0.03582390894680497,38.030881329644494,66.56663111506354,787.4402573445532,-19.127545761148568,-396.7372564892333,OK,31.68552204987857,44.480695619524454
Barangay 709,5339.0,43862.82890374867,11566.934591965946,26.370699020229853,22520.255501385294,51.34246026585084,30962.13713715406,70.58855507267094,False,False,False,709,BARANGAY 709,1380610024.0,City of Manila - Malate,133910000,133910024,741.0,4154.0,0.04384691,U,No,14615.7126257192,4510.82920153003,14615.7169588605,6741.36740199691,14615.7126257192,4510.82920153003,0.12172037539383855,1217.2037539383855,0.26370699020229854,0.5134246026585084,0.7058855507267094,1408,2741,3769,24.971761245620986,19.246094806820103,44.21785605244109,10953.320909419348,8441.881635768765,19395.202545188113,1333,1028,2361,3413.0,460.59379217273954,168.9357523259681,947.0433402996916,778.1075879737235,380,2133,1753,43846.91,15.918903748664889,0.03630564559433011,38.030881329644494,66.56663111506354,787.4402573445532,-15.224170849212705,429.7634965938323,OK,40.1051677053214,52.79795787717363
Barangay 710,747.0,10387.080444231877,4227.930860489146,40.70374618920938,8899.281178098463,85.67644417388126,9687.080444203064,93.26085897007243,False,False,False,710,BARANGAY 710,1380610025.0,City of Manila - Malate,133910000,133910025,663.0,559.0,0.01038334,U,No,3461.11384410185,2384.40314091849,3461.11383474742,1697.05383246783,3461.11384410185,2384.40314091849,0.07191626213069544,719.1626213069543,0.40703746189209383,0.8567644417388126,0.9326085897007244,304,640,697,44.97269798467188,7.584414796191169,52.55711278086305,4671.350317609317,787.799266104601,5459.149583713918,336,57,393,-104.0,-15.686274509803921,638.2929289511521,538.1685479392067,-100.12438101194539,568,479,-89,10383.34,3.7404442318766087,0.03602351682480405,38.030881329644494,66.56663111506354,787.4402573445532,19.10981305881772,-68.27763603759888,OK,65.43873008077892,77.46703559618976
Barangay 711,1308.0,8760.84846119149,1852.722477088089,21.147751673770134,5464.46352809608,62.3736793565415,6812.868007012281,77.764933809684,False,False,False,711,BARANGAY 711,1380610026.0,City of Manila - Malate,133910000,133910026,1254.0,1294.0,0.0087577,U,No,2919.23380270021,1866.53126684443,2919.23223027135,1324.27493253875,2919.23380270021,1866.53126684443,0.14930060778863305,1493.0060778863303,0.21147751673770135,0.623736793565415,0.77764933809684,277,816,1017,41.22592768277137,15.391254453142494,56.617182135913865,3611.7410510079912,1348.4044789162008,4960.145529924192,539,201,740,40.0,3.1897926634768736,1431.3682122855187,1477.0258905083422,45.657678222823506,782,807,25,8757.7,3.148461191489332,0.03595077693331961,38.030881329644494,66.56663111506354,787.4402573445532,-4.192951758522042,705.5658205417772,OK,43.82201189929439,58.22369921710566
Barangay 712,1225.0,13130.243645006654,5068.924738638785,38.604955670921335,12013.500379413264,91.49487781197357,12893.13944783817,98.19421327144488,False,False,False,712,BARANGAY 712,1380610027.0,City of Manila - Malate,133910000,133910027,1634.0,1068.0,0.01312553,U,No,6562.76722975395,394.533318589485,4375.17931198211,4606.8211668577,6562.76722975395,394.533318589485,0.09329606008231686,932.9606008231686,0.38604955670921337,0.9149487781197356,0.9819421327144489,473,1121,1203,52.88992214105223,6.699335459471314,59.589257600523545,6944.575640774479,879.6390684249054,7824.214709199385,648,82,730,-566.0,-34.63892288861689,1244.4552014245369,813.3893238197095,-431.0658776048274,1495,977,-518,13125.53,4.713645006653678,0.03591203560278083,38.030881329644494,66.56663111506354,787.4402573445532,24.928246696910023,145.52034347861547,OK,67.69441284850006,80.95213146049903
Barangay 713,2091.0,5250.643746777423,2307.012965047261,43.93771652215383,4470.508479079544,85.14210246740342,4086.745607069928,77.83322967927815,False,True,False,713,BARANGAY 713,1380610028.0,City of Manila - Malate,133910000,133910028,1442.0,1964.0,0.00524876,U,No,1749.58713587964,1404.70603875237,1749.58734695399,1084.0018762616,1749.58713587964,1404.70603875237,0.39823688310282884,3982.3688310282882,0.4393771652215383,0.8514210246740341,0.7783322967927815,919,1780,1627,41.20438594524959,-7.308872788125271,33.89551315712432,2163.4955140322827,-383.7628720096154,1779.7326420226673,861,-153,708,522.0,36.1997226074896,2746.3299159936832,3740.4937274698987,994.1638114762154,1228,1672,444,5248.76,1.8837467774228571,0.03588936772538385,38.030881329644494,66.56663111506354,787.4402573445532,18.575471352339875,3194.928573683735,Review 100yr value: lower than expected return-period progression,66.6001287920411,71.91745686584092
Barangay 714,1617.0,15467.434752732166,4740.946731060127,30.65115067139809,8514.008404771756,55.04473457221367,11091.680226587465,71.70988857495087,False,False,False,714,BARANGAY 714,1380610029.0,City of Manila - Malate,133910000,133910029,1006.0,1371.0,0.01546188,U,No,5153.96051992021,1871.61105170043,5153.95980236449,3241.07720718948,5153.96051992021,1871.61105170043,0.10454222214930457,1045.4222214930458,0.30651150671398086,0.5504473457221367,0.7170988857495086,496,890,1160,24.39358390081558,16.665154002737196,41.05873790355278,3773.061673711629,2577.6718218157093,6350.733495527338,394,270,664,365.0,36.28230616302187,650.3987352022289,886.3783955887235,235.97966038649463,554,755,201,15461.880000000001,5.5547527321650705,0.03592546787431457,38.030881329644494,66.56663111506354,787.4402573445532,-11.521896542849873,257.9819641484926,OK,44.06762181684666,55.61240019810465
Barangay 715,217.0,5368.558044404742,2097.9744869270157,39.07891969452732,3970.435216853061,73.95720012734438,3715.512674984372,69.20876414583579,False,True,False,715,BARANGAY 715,1380610030.0,City of Manila - Malate,133910000,133910030,333.0,180.0,0.00536663,U,No,1788.87575298522,1090.31829506687,1788.87681488394,706.276286182128,1788.87575298522,1090.31829506687,0.04042053717313597,404.20537173135966,0.3907891969452732,0.7395720012734438,0.6920876414583579,85,160,150,34.87828043281706,-4.748435981508592,30.129844451308465,1872.4607299260451,-254.92254186868877,1617.5381880573564,75,-10,65,-153.0,-45.94594594594595,620.2782893389068,335.28556180481445,-284.99272753409235,246,133,-113,5366.63,1.9280444047417404,0.035926538716880806,38.030881329644494,66.56663111506354,787.4402573445532,7.390569012280835,-383.2348856131935,Review 100yr value: lower than expected return-period progression,58.26197393257671,63.33825562653668
Barangay 716,836.0,4890.522249480537,2942.2056860168263,60.16138023560455,4866.645216168419,99.51176925297388,4881.093795461805,99.80720966927952,False,False,False,716,BARANGAY 716,1380610031.0,City of Manila - Malate,133910000,133910031,872.0,920.0,0.00488877,U,No,2444.38414613029,2171.47406838605,1629.58961984732,1563.32336088671,2444.38414613029,2171.47406838605,0.170942888581848,1709.42888581848,0.6016138023560454,0.9951176925297388,0.9980720966927952,503,832,834,39.35038901736933,0.2954404163056381,39.64582943367497,1924.4395301515929,14.448579293385592,1938.8881094449785,329,2,331,48.0,5.5045871559633035,1783.0406560211895,1881.1896829581358,98.14902693694626,868,916,48,4888.7699999999995,1.7522494805371025,0.03584233826784861,38.030881329644494,66.56663111506354,787.4402573445532,32.945138137910334,921.9886284739268,OK,81.80409419515769,89.79234816515381
Barangay 717,491.0,2741.014755732132,2407.486678080636,87.83194884471138,2741.014755732131,100.0,2741.014755732131,100.0,False,False,False,717,BARANGAY 717,1380610032.0,City of Manila - Malate,133910000,133910032,759.0,479.0,0.00274003,U,No,2740.03348029219,0.0,1370.01674336108,594.109745197573,2740.03348029219,0.0,0.17913073943626132,1791.3073943626132,0.8783194884471137,1.0,1.0,431,491,491,12.168051155288623,0.0,12.168051155288623,333.5280776514951,0.0,333.5280776514951,60,0,60,-280.0,-36.89064558629776,2769.0474792692944,1747.527987575747,-1021.5194916935475,759,479,-280,2740.03,0.9847557321318163,0.035939596724554705,38.030881329644494,66.56663111506354,787.4402573445532,33.433368884936456,1003.86713701806,OK,94.52437698012014,96.95798721117785
Barangay 718,1196.0,8380.38770268474,5366.855562299636,64.0406596055253,8249.175916087559,98.43429932776084,7642.1931352486035,91.19140314714022,False,True,False,718,BARANGAY 718,1380610033.0,City of Manila - Malate,133910000,133910033,1189.0,1155.0,0.00837739,U,No,4188.69268876013,3114.28571992122,2792.46159280503,1903.15916028159,4188.69268876013,3114.28571992122,0.14271416101869006,1427.1416101869004,0.6404065960552531,0.9843429932776084,0.9119140314714023,766,1177,1091,34.393639722235534,-7.242896180620619,27.150743541614915,2882.3203537879226,-606.9827808389555,2275.337572948967,411,-86,325,-34.0,-2.859545836837679,1418.788774675773,1378.2178593360118,-40.570915339761314,1170,1137,-33,8377.39,2.9977026847409434,0.035783253313274706,38.030881329644494,66.56663111506354,787.4402573445532,31.867668212697296,639.7013528423472,Review 100yr value: lower than expected return-period progression,82.95716145275486,86.93873092495372
Barangay 719,8846.0,497873.59688529273,191763.6044366619,38.516524201391455,257649.1772995918,51.74991783284959,281707.3176422841,56.58209621973344,False,False,False,719,BARANGAY 719,1380610034.0,City of Manila - Malate,133910000,133910034,3461.0,6690.0,0.49769468,U,No,122994.533317123,74388.8710867992,122994.529264963,82009.3174497921,122994.533317123,74388.8710867992,0.017767561998348082,177.67561998348086,0.38516524201391455,0.5174991783284959,0.5658209621973344,3407,4578,5005,13.233393631458135,4.832178386883847,18.06557201834198,65885.5728629299,24058.14034269229,89943.71320562219,1171,427,1598,3229.0,93.29673504767409,69.51563653208537,134.3714557641292,64.85581923204383,1791,3462,1671,497694.68,178.9168852927396,0.035949125534703245,38.030881329644494,66.56663111506354,787.4402573445532,-14.816713282213954,-609.7646373610723,OK,45.794890698693436,50.37444077973859
Barangay 720,1604.0,53193.78911033912,28155.98066350992,52.93095516302921,32587.019751029144,61.26094849801799,31636.8804021164,59.47476374824976,False,True,False,720,BARANGAY 720,1380610035.0,City of Manila - Malate,133910000,133910035,606.0,1238.0,0.05317472,U,No,13293.6514899094,8080.39127909039,13293.6469952863,8398.37595463746,13293.6514899094,8080.39127909039,0.030153896288020496,301.53896288020496,0.5293095516302921,0.6126094849801799,0.5947476374824976,849,983,954,8.329993334988778,-1.786184749768232,6.543808585220546,4431.039087519224,-950.139348912744,3480.8997386064802,134,-29,105,632.0,104.2904290429043,113.92307450461608,232.7339376843477,118.81086317973161,371,758,387,53174.72,19.069110339121835,0.03586123319337053,38.030881329644494,66.56663111506354,787.4402573445532,-5.305682617045555,-485.9012944643482,Review 100yr value: lower than expected return-period progression,57.51245149727305,58.4639762643635
Barangay 721,583.0,133679.0023515306,71869.54723619865,53.76277947317861,108830.01646734984,81.41145172610108,114800.84822766476,85.87799595165838,False,False,False,721,BARANGAY 721,1380610036.0,City of Manila - Malate,133910000,133910036,716.0,577.0,0.13363053,U,No,32916.2211336398,28583.9236229223,32916.2222975676,22677.9911526592,32916.2211336398,28583.9236229223,0.00436119352886033,43.61193528860329,0.5376277947317861,0.8141145172610108,0.8587799595165838,313,475,501,27.648672252922466,4.4665442255573,32.115216478479766,36960.46923115119,5970.831760314919,42931.30099146611,162,26,188,-139.0,-19.41340782122905,53.56114179526579,43.163098904844084,-10.398042890421706,583,470,-113,133630.53,48.472351530595915,0.03627341112139263,38.030881329644494,66.56663111506354,787.4402573445532,14.844820611037534,-743.8283220559499,OK,68.96954921228597,76.28590135309338
Barangay 722,682.0,26061.438332239017,2051.909796562545,7.873355915372686,10208.592348369444,39.17125454945062,17665.536940600337,67.78419792259653,False,False,False,722,BARANGAY 722,1380610037.0,City of Manila - Malate,133910000,133910037,806.0,641.0,0.02605218,U,No,8684.05909288304,7474.65150003908,8684.05971998053,6549.33982730869,8684.05909288304,7474.65150003908,0.026168931710739057,261.68931710739054,0.07873355915372686,0.39171254549450624,0.6778419792259653,54,267,462,31.29789863407794,28.61294337314591,59.91084200722385,8156.682551806899,7456.944592230893,15613.627144037793,213,195,408,-165.0,-20.471464019851116,309.2691929450979,245.95726138685828,-63.31193155823965,316,251,-65,26052.18,9.258332239016454,0.035537648822541734,38.030881329644494,66.56663111506354,787.4402573445532,-27.39537656561292,-525.7509402371627,OK,25.087200164115554,42.791957240189504
Barangay 723,588.0,22350.88934293965,7772.668684328186,34.77565731308794,14218.516881832957,63.6149938540338,18950.88934299524,84.78807734324705,False,False,False,723,BARANGAY 723,1380610038.0,City of Manila - Malate,133910000,133910038,480.0,540.0,0.0223429,U,No,7447.63838989873,4391.16872342549,7447.63980448569,3872.79226147174,7447.63838989873,4391.16872342549,0.02630767800681459,263.07678006814587,0.3477565731308794,0.636149938540338,0.8478807734324705,204,374,499,28.839336540945858,21.173083489213255,50.01242003015911,6445.848197504771,4732.372461162284,11178.220658667055,170,125,295,60.0,12.5,214.7565551576701,241.60112455237888,26.84456939470877,305,344,39,22342.899999999998,7.989342939650669,0.03575786016878145,38.030881329644494,66.56663111506354,787.4402573445532,-2.951637261029745,-524.3634772764074,OK,50.63729241060817,64.87439311448264
Barangay 724,2459.0,83218.33294981207,18835.987495187423,22.634420598820657,38538.50923145684,46.31011925545172,44263.178423804144,53.18921547070489,False,False,False,724,BARANGAY 724,1380610039.0,City of Manila - Malate,133910000,133910039,2012.0,2338.0,0.08318879,U,No,27729.5918270655,12737.9765720052,27729.5905812572,16719.1345993104,27729.5918270655,12737.9765720052,0.029548777448870453,295.48777448870453,0.22634420598820656,0.46310119255451715,0.5318921547070489,557,1139,1308,23.67569865663106,6.8790962152531705,30.55479487188423,19702.521736269417,5724.6691923473045,25427.19092861672,582,169,751,326.0,16.202783300198806,241.7736487479762,280.94770913159465,39.17406038361844,932,1083,151,83188.79,29.542949812079314,0.035513138022658236,38.030881329644494,66.56663111506354,787.4402573445532,-20.256511859611827,-491.95248285584864,OK,35.65605485996774,43.142833077395224
Barangay 725,1990.0,52903.98157401984,17903.874968058266,33.84220702369692,31708.741855267333,59.93639970349397,36903.98157436677,69.75652961532411,False,False,False,725,BARANGAY 725,1380610040.0,City of Manila - Malate,133910000,133910040,547.0,1409.0,0.05288537,U,No,17628.3797702653,4462.35631711301,17628.373622219,5950.1800160418,17628.3797702653,4462.35631711301,0.03761531629175623,376.1531629175623,0.33842207023696924,0.5993639970349397,0.6975652961532411,673,1193,1388,26.094192679797047,9.820129911830143,35.91432259162719,13804.866887209067,5195.239719099438,19000.106606308505,520,195,715,862.0,157.58683729433272,103.39486437985256,266.3315610808268,162.93669670097427,328,845,517,52885.37,18.611574019836553,0.03519229234821757,38.030881329644494,66.56663111506354,787.4402573445532,-6.630231411569575,-411.28709442699085,OK,48.1940129975853,57.34090349827677
Barangay 726,738.0,43239.14996569966,9798.778475682297,22.661820325920782,18802.65378368321,43.48525306024472,22153.634407017104,51.23512933207736,False,False,False,726,BARANGAY 726,1380610041.0,City of Manila - Malate,133910000,133910041,560.0,595.0,0.04322382,U,No,14407.9460959106,3171.07946873042,14407.9446768588,8003.2509378683,14407.9460959106,3171.07946873042,0.017067865593690754,170.67865593690752,0.2266182032592078,0.4348525306024472,0.5123512933207737,167,321,378,20.82343273432394,7.74987627183264,28.57330900615658,9003.875308000914,3350.980623333893,12354.855931334807,154,57,211,35.0,6.25,129.5122592475179,137.6067754504878,8.094516202969885,244,259,15,43223.82,15.329965699660534,0.03546647589144258,38.030881329644494,66.56663111506354,787.4402573445532,-23.08137805481882,-616.7616014076457,OK,34.11470832979895,41.379345385396796
Barangay 727,2842.0,57898.22491126489,12484.564110877278,21.562947966040724,29787.688151285416,51.44836166728457,32920.20787584033,56.85875158745195,False,False,False,727,BARANGAY 727,1380610042.0,City of Manila - Malate,133910000,133910042,752.0,1790.0,0.05787775,U,No,14469.4339306254,9953.39655877928,14469.4361356119,11142.5000780197,14469.4339306254,9953.39655877928,0.04908613354477902,490.86133544779017,0.21562947966040724,0.5144836166728457,0.5685875158745195,613,1462,1616,29.88541370124385,5.4103899201673755,35.295803621411224,17303.12404040814,3132.5197245549134,20435.643764963053,849,154,1003,1038.0,138.031914893617,129.88308383417953,309.16319157337944,179.2801077391999,387,921,534,57877.75,20.474911264893308,0.03537613550093656,38.030881329644494,66.56663111506354,787.4402573445532,-15.118269447778971,-296.578921896763,OK,37.999925501724846,46.14116421004056
Barangay 728,886.0,71364.76395160741,28872.545838913768,40.45770523180361,60229.66770555281,84.39692695739129,61611.00508922376,86.33252837633192,False,False,False,728,BARANGAY 728,1380610043.0,City of Manila - Malate,133910000,133910043,739.0,840.0,0.07133959,U,No,17834.893970831,18257.9909494434,17834.892201457,13796.8257132605,17834.893970831,18257.9909494434,0.012415090458378008,124.15090458378008,0.4045770523180361,0.8439692695739128,0.8633252837633192,358,748,765,43.93922172558768,1.9356014189406352,45.874823144528314,31357.121866639045,1381.3373836709507,32738.459250309996,390,17,407,101.0,13.667117726657645,103.5525039361326,117.70514655798563,14.152642621853033,624,709,85,71339.59,25.173951607415802,0.03528749128978145,38.030881329644494,66.56663111506354,787.4402573445532,17.830295842327743,-663.2893527607731,OK,64.62427718087685,74.18636209357061
Barangay 729,1775.0,31462.21097853287,11656.084399431427,37.04788709027648,19694.44756898083,62.59715053852587,22562.91680101867,71.71433951801315,False,False,False,729,BARANGAY 729,1380610044.0,City of Manila - Malate,133910000,133910044,480.0,871.0,0.0314511,U,No,10483.6998807853,5114.6862387075,10483.6988598794,1429.40294503011,10483.6998807853,5114.6862387075,0.056416886950860154,564.1688695086015,0.3704788709027648,0.6259715053852587,0.7171433951801315,658,1111,1273,25.549263448249384,9.117188979487281,34.666452427736665,8038.363169549404,2868.469232037838,10906.832401587242,453,162,615,391.0,81.45833333333333,152.56397597979083,276.8400480799954,124.2760721002046,300,545,245,31451.100000000002,11.110978532866284,0.0353277899115334,38.030881329644494,66.56663111506354,787.4402573445532,-3.969480576537677,-223.2713878359517,OK,51.099981986813646,59.85671026825843
Barangay 730,2443.0,45088.86623562613,8021.4297306059325,17.790267088747395,14477.260671736038,32.1082827766849,20056.69526437972,44.48258947024108,False,False,False,730,BARANGAY 730,1380610045.0,City of Manila - Malate,133910000,133910045,1435.0,1539.0,0.04507301,U,No,11268.2555631764,8289.15067728347,15024.3416554367,11342.829365269,11268.2555631764,8289.15067728347,0.054181890208401584,541.8189020840158,0.17790267088747394,0.32108282776684904,0.4448258947024108,435,784,1087,14.318015687937507,12.374306693556179,26.692322381493685,6455.830941130105,5579.434592643682,12035.265533773787,349,303,652,104.0,7.247386759581882,318.26038661095487,341.3259477311913,23.065561120236453,461,494,33,45073.009999999995,15.85623562613182,0.03517900319089367,38.030881329644494,66.56663111506354,787.4402573445532,-34.45834833837864,-245.62135526053737,OK,25.665175717113023,33.478501532123
Barangay 731,2933.0,36278.52835519858,28147.53866678857,77.5873221515479,34897.736450917415,96.19391423278806,34580.46887834066,95.31938159058596,False,True,False,731,BARANGAY 731,1380610046.0,City of Manila - Malate,133910000,133910046,3018.0,2916.0,0.03626575,U,No,18132.8713825415,7209.50445743241,12088.5805444054,7599.60623106284,18132.8713825415,7209.50445743241,0.08084671933997323,808.4671933997323,0.775873221515479,0.9619391423278806,0.9531938159058596,2276,2821,2796,18.606592081240166,-0.874532642202098,17.732059439038068,6750.197784128846,-317.2675725767549,6432.930211552091,545,-25,520,-102.0,-3.3797216699801194,831.8970302353877,803.7812260326012,-28.11580420278642,2903,2805,-98,36265.75,12.778355198577628,0.035235325888965836,38.030881329644494,66.56663111506354,787.4402573445532,29.627283117724517,21.026936055179135,Review 100yr value: lower than expected return-period progression,87.82094779622999,91.19245315559718
Barangay 732,1983.0,23187.97537939442,18693.089710213902,80.61544574014505,21287.97537957807,91.80609790751826,20861.135485911323,89.96531669793474,False,True,False,732,BARANGAY 732,1380610047.0,City of Manila - Malate,133910000,133910047,3583.0,1974.0,0.02317982,U,No,5794.95738542742,7375.31079613163,5794.9573913845,6156.2037289795,5794.95738542742,7375.31079613163,0.08551846237348336,855.1846237348335,0.8061544574014505,0.9180609790751827,0.8996531669793474,1599,1821,1784,11.190652167373216,-1.8407812095835254,9.34987095778969,2594.8856693641683,-426.83989366674723,2168.045775697421,222,-37,185,-1609.0,-44.90650293050516,1545.1974315894647,851.3033016906512,-693.8941298988135,3289,1812,-1477,23179.82,8.15537939441856,0.0351831006212238,38.030881329644494,66.56663111506354,787.4402573445532,25.23946679245472,67.74436639028033,Review 100yr value: lower than expected return-period progression,86.77030443220032,88.27212238184156
Barangay 733,4317.0,40854.669184146864,38846.86355423583,95.08549287020016,40827.94156135172,99.93457878051912,40575.881943692,99.317612292494,False,True,False,733,BARANGAY 733,1380610048.0,City of Manila - Malate,133910000,133910048,4496.0,4303.0,0.04084029,U,No,10210.0720945609,16429.1663769519,10210.0721036571,13933.851776798,10210.0720945609,16429.1663769519,0.10566723672493124,1056.6723672493122,0.9508549287020016,0.9993457878051912,0.9931761229249401,4105,4314,4288,4.849085910318962,-0.6169664880251133,4.232119422293849,1981.0780071158879,-252.05961765971733,1729.0183894561706,209,-26,183,-193.0,-4.29270462633452,1100.486208745172,1053.2455863501948,-47.24062239497721,4493,4300,-193,40840.29,14.379184146862826,0.03520833017312763,38.030881329644494,66.56663111506354,787.4402573445532,33.367947665455574,269.232109904759,Review 100yr value: lower than expected return-period progression,97.75249012087559,98.47552070772934
Barangay 734,792.0,15041.545117460426,2532.176591468949,16.834551049742657,3576.293997877433,23.77610790613541,4708.524860814295,31.30346532916074,False,False,False,734,BARANGAY 734,1380610063.0,City of Manila - Malate,133910000,133910063,879.0,902.0,0.01503624,U,No,3759.06105239448,2970.5719972936,3759.0640202364,4530.0902333121,3759.06105239448,2970.5719972936,0.05265416510173784,526.5416510173784,0.16834551049742658,0.23776107906135413,0.3130346532916074,133,188,248,6.941556856392754,7.527357423025329,14.468914279418083,1044.117406408484,1132.2308629368617,2176.3482693453457,55,60,115,23.0,2.6166097838452784,584.3814535912571,599.6724358809032,15.290982289646081,209,214,5,15036.24,5.305117460426118,0.035282207921834965,38.030881329644494,66.56663111506354,787.4402573445532,-42.790523208928136,-260.8986063271748,OK,20.652407320758673,25.051661661247355
Barangay 735,2038.0,22346.62259341005,12593.675883962904,56.35605931643889,15619.59215002494,69.89688076904787,14801.7146942752,66.2369207355754,False,True,False,735,BARANGAY 735,1380610060.0,City of Manila - Malate,133910000,133910060,2937.0,2063.0,0.02233876,U,No,5534.57580960478,5108.15477611142,5534.57783873159,5269.19595569546,5534.57580960478,5108.15477611142,0.09119946387786582,911.9946387786581,0.5635605931643889,0.6989688076904786,0.662369207355754,1149,1424,1350,13.54082145260898,-3.6599600334724727,9.880861419136508,3025.916266062037,-817.87745574974,2208.038810312297,275,-74,201,-874.0,-29.758256724548858,1314.2925682497148,923.1820116782982,-391.1105565714166,2053,1442,-611,22338.76,7.862593410052796,0.03519708976708106,38.030881329644494,66.56663111506354,787.4402573445532,3.3302496539843247,124.55438143410493,Review 100yr value: lower than expected return-period progression,63.80351111537384,65.04769139250664
Barangay 736,3825.0,14586.538942127738,7338.693485788916,50.31141050598272,12464.592312846818,85.45270651454902,12481.83780803033,85.57093535040879,False,False,False,736,BARANGAY 736,1380610061.0,City of Manila - Malate,133910000,133910061,2713.0,3806.0,0.01458139,U,No,3645.34829912536,3928.32592770481,3645.34917531743,3405.74399115522,3645.34829912536,3928.32592770481,0.26222807310053,2622.2807310053,0.5031141050598272,0.8545270651454903,0.8557093535040878,1924,3269,3273,35.1412960085663,0.1182288358597674,35.25952484442607,5125.898827057902,17.245495183511593,5143.144322241414,1345,4,1349,1093.0,40.287504607445634,1859.9340191417984,2609.255022798999,749.3210036572007,2318,3252,934,14581.39,5.148942127738337,0.03531173727428138,38.030881329644494,66.56663111506354,787.4402573445532,18.886075399485478,1834.8404736607467,OK,69.63912331069419,76.71467404675136
Barangay 737,2615.0,11985.30049208666,655.4850421613868,5.469074743634282,3989.900020604845,33.28994565667496,7121.955483110391,59.42241905251095,False,False,False,737,BARANGAY 737,1380610062.0,City of Manila - Malate,133910000,133910062,2356.0,2209.0,0.01198111,U,No,3439.67360305433,1866.9702806718,3439.67080410803,2048.36519077773,3439.67360305433,1866.9702806718,0.2181839330375207,2181.839330375207,0.05469074743634282,0.3328994565667496,0.5942241905251096,143,871,1554,27.82087091304068,26.132473395835994,53.95334430887667,3334.414978443458,3132.0554625055456,6466.470440949004,728,683,1411,-147.0,-6.239388794567063,1965.7412857988481,1843.0910442825361,-122.65024151631201,784,735,-49,11981.11,4.190492086660015,0.034975825166950435,38.030881329644494,66.56663111506354,787.4402573445532,-33.276685458388584,1394.3990730306537,OK,20.77055374580666,36.787717286749185
Barangay 738,3548.0,32860.86260103175,19395.059398482183,59.02175981793377,27275.78680285352,83.00386734825737,25038.048915943848,76.19413166335357,False,True,False,738,BARANGAY 738,1380610052.0,City of Manila - Malate,133910000,133910052,4052.0,3047.0,0.03284932,U,No,10949.7781676388,4864.43977889074,10949.7804715536,4730.24969998777,10949.7781676388,4864.43977889074,0.10797038541187294,1079.7038541187294,0.5902175981793377,0.8300386734825738,0.7619413166335357,2094,2945,2703,23.982107530323603,-6.809735684903799,17.172371845419804,7880.727404371337,-2237.737886909672,5642.989517461665,851,-242,609,-1005.0,-24.802566633761106,1233.0777950645693,927.2428532975672,-305.8349417670021,3363,2529,-834,32849.32,11.542601031753293,0.03513802121856188,38.030881329644494,66.56663111506354,787.4402573445532,16.43723623319383,292.2635967741762,Review 100yr value: lower than expected return-period progression,72.21191895961175,74.28444619171495
Barangay 739,4598.0,25868.988820284438,12516.493905134794,48.384163726261846,22071.25596290473,85.31936101653181,22268.186377292503,86.08062159674186,False,False,False,739,BARANGAY 739,1380610053.0,City of Manila - Malate,133910000,133910053,3164.0,4530.0,0.02585992,U,No,6464.97742596311,5695.01261030434,6464.97859535925,5217.74918194983,6464.97742596311,5695.01261030434,0.1777417753721633,1777.4177537216328,0.4838416372626185,0.8531936101653181,0.8608062159674187,2225,3923,3958,36.93519729026997,0.7612605802100489,37.69645787048002,9554.762057769934,196.93041438777436,9751.692472157709,1698,35,1733,1366.0,43.173198482932996,1223.0860749837423,1751.131453753588,528.0453787698457,2700,3865,1165,25859.920000000002,9.068820284435787,0.03506901910151225,38.030881329644494,66.56663111506354,787.4402573445532,18.75272990146827,989.9774963770797,OK,68.69852223591033,76.39006592604835
Barangay 740,4185.0,29944.975430193863,9540.775095223717,31.861021617682283,14046.355830013914,46.90722108875338,18568.63145647793,62.00917245620769,False,False,False,740,BARANGAY 740,1380610054.0,City of Manila - Malate,133910000,133910054,3928.0,4138.0,0.02993442,U,No,9978.13816486517,2899.85207708639,9978.14073755532,5474.54337736693,9978.13816486517,2899.85207708639,0.13975633440594565,1397.5633440594565,0.31861021617682284,0.4690722108875338,0.620091724562077,1333,1963,2595,15.046199471071098,15.101951367454312,30.14815083852541,4505.580734790197,4522.2756264640175,9027.856361254215,630,632,1262,210.0,5.346232179226069,1311.73926295473,1381.8678895383587,70.1286265836286,1843,1941,98,29934.42,10.555430193864595,0.035261849716361954,38.030881329644494,66.56663111506354,787.4402573445532,-19.659410026310162,610.1230867149034,OK,40.13643132677139,49.18645176796733
Barangay 741,1296.0,14020.59522592644,1739.8685906869018,12.4093775096623,6945.923093790195,49.540857444811,8160.476398094455,58.20349469189696,False,False,False,741,BARANGAY 741,1380610055.0,City of Manila - Malate,133910000,133910055,2288.0,1207.0,0.01401566,U,No,4632.73348646921,1012.91847385473,4632.73036267085,1831.29784213713,4632.73348646921,1012.91847385473,0.09243544793330015,924.3544793330014,0.12409377509662299,0.49540857444811004,0.5820349469189696,161,642,754,37.131479935148704,8.662637247085954,45.79411718223466,5206.0545031032925,1214.5533043042606,6420.607807407554,481,112,593,-1081.0,-47.24650349650349,1631.885068452089,860.8764325269543,-771.0086359251346,1133,598,-535,14015.66,4.935225926439671,0.03521222636992957,38.030881329644494,66.56663111506354,787.4402573445532,-17.02577367025254,136.91422198844828,OK,32.83169147399409,43.72304235985821
Barangay 742,836.0,7562.596324438189,2266.071281979844,29.96419727782028,4028.098365933859,53.26343220141528,6955.883365506314,91.97745148750953,False,False,False,742,BARANGAY 742,1380610056.0,City of Manila - Malate,133910000,133910056,583.0,807.0,0.00755992,U,No,2384.16411299273,644.463472770135,2384.16396392054,561.581532963993,2384.16411299273,644.463472770135,0.11054404653313356,1105.4404653313356,0.2996419727782028,0.5326343220141527,0.9197745148750953,251,445,769,23.299234923594998,38.71401928609425,62.01325420968925,1762.0270839540149,2927.7849995724546,4689.812083526469,194,324,518,224.0,38.42195540308747,770.8992718757999,1067.0938463186458,296.1945744428459,311,430,119,7559.92,2.6763244381891127,0.035401491526221344,38.030881329644494,66.56663111506354,787.4402573445532,-13.303198913648266,318.00020798678247,OK,42.77877648579753,62.92423118495422
Barangay 743,2028.0,37670.4484574339,16988.997168419643,45.0990042967408,30514.201391395734,81.00302130959646,33609.52561028911,89.2198712427502,False,False,False,743,BARANGAY 743,1380610057.0,City of Manila - Malate,133910000,133910057,1515.0,1607.0,0.03765711,U,No,12454.6039628702,8798.66174941808,12454.6044563401,10148.2418721763,12454.6039628702,8798.66174941808,0.053835302818111094,538.353028181111,0.450990042967408,0.8100302130959647,0.892198712427502,915,1643,1809,35.90401701285566,8.216849933153739,44.1208669460094,13525.204222976092,3095.3242188933727,16620.528441869465,728,166,894,92.0,6.072607260726072,402.1720106974276,426.5943374196476,24.42232672222002,1227,1302,75,37657.11,13.338457433899748,0.03542082075310545,38.030881329644494,66.56663111506354,787.4402573445532,14.436390194532919,-249.0872291634422,OK,64.84621365381142,75.31375702964404
Barangay 744,1253.0,33479.76883660991,27982.26430922879,83.57962220644237,32427.938545111567,96.85831077080744,31177.243197211566,93.12263579048208,False,True,False,744,BARANGAY 744,1380610058.0,City of Manila - Malate,133910000,133910058,1297.0,1223.0,0.03346793,U,No,16733.968111654,9030.48824414644,11155.9789742671,7699.66713476052,16733.968111654,9030.48824414644,0.03742558696014211,374.25586960142107,0.8357962220644236,0.9685831077080743,0.9312263579048208,1047,1214,1167,13.27868856436507,-3.7356749803253564,9.543013584039713,4445.674235882776,-1250.6953479000003,3194.9788879827756,167,-47,120,-74.0,-5.705474171164225,387.39813477497455,365.2952342558164,-22.10290051915814,1256,1185,-71,33467.93,11.838836609909777,0.03537367446958858,38.030881329644494,66.56663111506354,787.4402573445532,30.29167965574389,-413.1843877431321,Review 100yr value: lower than expected return-period progression,90.88290091684316,92.04436863758602
Barangay 745,1826.0,13684.191470764854,10662.854494346102,77.92096827296236,13437.75621936066,98.19912450121237,13090.821861560098,95.6638314329901,False,True,False,745,BARANGAY 745,1380614002.0,City of Manila - Santa Ana,133914000,133914002,1696.0,2015.0,0.01367941,U,No,4559.79890116967,4567.64569649759,4559.79879255461,3340.90088240681,4559.79890116967,4567.64569649759,0.1334386473545842,1334.3864735458417,0.7792096827296235,0.9819912450121236,0.956638314329901,1423,1793,1747,20.278156228250012,-2.5352930682222734,17.74286316002774,2774.901725014559,-346.9343578005628,2427.967367213996,370,-46,324,319.0,18.808962264150946,1239.3863412561598,1472.5020504900717,233.11570923391196,1665,1979,314,13679.41,4.781470764854021,0.034953779182391786,65.42379484316348,80.78620385851642,718.8624007494828,17.41292064269595,615.5240727963588,Review 100yr value: lower than expected return-period progression,89.07395419849988,92.11546821686096
Barangay 746,1494.0,34319.37529689143,30974.41563686205,90.25343663428409,34119.37529689783,99.41723880967112,33122.18335361915,96.51161499032088,False,True,False,746,BARANGAY 746,1380614003.0,City of Manila - Santa Ana,133914000,133914003,2066.0,1663.0,0.03430734,U,No,11435.7864828727,13160.69777301,8576.83984254213,11267.1208276137,11435.7864828727,13160.69777301,0.043532260918960355,435.3226091896035,0.9025343663428409,0.9941723880967112,0.9651161499032088,1348,1485,1442,9.163802175387033,-2.9056238193502395,6.258178356036794,3144.95966003578,-997.1919432786817,2147.7677167570982,137,-43,94,-403.0,-19.50629235237173,601.9923096289965,484.56592977396963,-117.42637985502688,2054,1653,-401,34307.34,12.035296891430335,0.035080822038171235,65.42379484316348,80.78620385851642,718.8624007494828,18.631034951154703,-283.53979155987935,Review 100yr value: lower than expected return-period progression,95.29352783074697,95.96403873808427
Barangay 747,381.0,11625.313720191009,5021.57324114957,43.19516326194305,6674.572739528364,57.41413006288057,5174.581122215473,44.511324569488295,False,True,False,747,BARANGAY 747,1380614004.0,City of Manila - Santa Ana,133914000,133914004,429.0,369.0,0.01162127,U,No,3873.75591828961,827.082795232979,3873.75637564509,897.287908892029,3873.75591828961,827.082795232979,0.03277330910548021,327.7330910548021,0.43195163261943054,0.5741413006288056,0.445113245694883,165,219,170,14.218966800937515,-12.902805493392272,1.3161613075452436,1652.9994983787938,-1499.9916173128904,153.00788106590335,54,-49,5,-60.0,-13.986013986013987,369.0222993766669,317.4107889743359,-51.61151040233102,246,212,-34,11621.269999999999,4.043720191009925,0.03479585442047148,65.42379484316348,80.78620385851642,718.8624007494828,-23.37207379563585,-391.1293096946807,Review 100yr value: lower than expected return-period progression,51.01559500245869,48.698266165289276
Barangay 748,888.0,28627.37535911224,16533.44462122868,57.75396596379206,27005.02063551655,94.33285551593788,27527.37535915153,96.15752409656176,False,False,False,748,BARANGAY 748,1380614005.0,City of Manila - Santa Ana,133914000,133914005,731.0,812.0,0.02861741,U,No,14308.7031329941,3717.15174578389,9539.13564077803,7424.39047992353,14308.7031329941,3717.15174578389,0.031019260021591364,310.1926002159136,0.5775396596379206,0.9433285551593787,0.9615752409656175,513,838,854,36.57888955214582,1.8246685806238787,38.403558132769696,10471.576014287872,522.3547236349805,10993.930737922852,325,16,341,81.0,11.080711354309166,255.34998959215415,283.6445848821192,28.29459528996506,690,766,76,28617.41,9.965359112240549,0.03482271495652663,65.42379484316348,80.78620385851642,718.8624007494828,13.546651657421464,-408.66980053356923,OK,77.87235521747226,85.91800056015097
Barangay 749,673.0,11581.63602572848,4214.961710840127,36.39349139859546,6394.255521117212,55.21029591080606,5592.355903958794,48.28640695956457,False,True,False,749,BARANGAY 749,1380614006.0,City of Manila - Santa Ana,133914000,133914006,580.0,616.0,0.01157762,U,No,3859.20390852339,690.016553703229,3859.20557423214,962.444073544877,3859.20390852339,690.016553703229,0.0581092341794318,581.092341794318,0.36393491398595457,0.5521029591080606,0.4828640695956457,245,372,325,18.816804512210602,-6.923888951241487,11.892915560969115,2179.293810277085,-801.8996171584176,1377.3941931186673,127,-47,80,36.0,6.206896551724138,500.79280570684165,531.8764970955422,31.083691388700515,320,340,20,11577.62,4.01602572847878,0.034687835051407635,65.42379484316348,80.78620385851642,718.8624007494828,-25.575907947710355,-137.7700589551648,Review 100yr value: lower than expected return-period progression,46.74273388031129,47.736539202256814
Barangay 750,1220.0,26229.98527155086,13692.646747878534,52.20226624652218,18305.954679933217,69.7901828400488,16924.28459458004,64.52266144783613,False,True,False,750,BARANGAY 750,1380614007.0,City of Manila - Santa Ana,133914000,133914007,1075.0,1107.0,0.02622082,U,No,6555.20431097615,4482.43778278289,6555.20709822614,3798.84815353211,6555.20431097615,4482.43778278289,0.04651165402380979,465.11654023809785,0.5220226624652218,0.697901828400488,0.6452266144783613,637,851,787,17.58791659352662,-5.267521392212672,12.32039520131395,4613.307932054682,-1381.6700853531765,3231.6378467015056,214,-64,150,32.0,2.9767441860465116,409.8362957016026,422.03607380620844,12.199778104605855,750,773,23,26220.82,9.16527155086078,0.03495417592150352,65.42379484316348,80.78620385851642,718.8624007494828,-10.996021018467616,-253.745860511385,Review 100yr value: lower than expected return-period progression,61.87562037296182,63.286195134782076
Barangay 751,1175.0,25012.659120558463,18988.03383351081,75.91369530920493,22800.4301009318,91.15556243355036,23265.40691632686,93.01452838016932,False,False,False,751,BARANGAY 751,1380614008.0,City of Manila - Santa Ana,133914000,133914008,1559.0,1541.0,0.0250039,U,No,6250.97952609904,7516.48442616966,6250.9794687902,5720.04691548074,6250.97952609904,7516.48442616966,0.04697621289830162,469.7621289830161,0.7591369530920492,0.9115556243355036,0.9301452838016933,892,1071,1093,15.241867124345433,1.8589659466189659,17.1008330709644,3812.3962674209906,464.97681539506084,4277.3730828160515,179,22,201,-18.0,-1.1545862732520846,623.2843907102316,616.0880346917684,-7.196356018463234,1421,1405,-16,25003.899999999998,8.759120558464929,0.03503101739514607,65.42379484316348,80.78620385851642,718.8624007494828,10.369358575033942,-249.10027176646673,OK,84.29672222759493,88.08868203111159
Barangay 752,782.0,17073.10080137711,2812.104911701087,16.47096766086137,11583.960512676833,67.84918947905746,13866.470410731246,81.21823078331958,False,False,False,752,BARANGAY 752,1380614009.0,City of Manila - Santa Ana,133914000,133914009,595.0,763.0,0.01706714,U,No,5689.04980348598,5908.16257276132,5689.05091592481,3224.08699114046,5689.04980348598,5908.16257276132,0.04580304474843399,458.0304474843399,0.1647096766086137,0.6784918947905746,0.8121823078331958,129,531,635,51.37822181819609,13.369041304262126,64.74726312245821,8771.855600975745,2282.5098980544135,11054.365499030158,402,104,506,168.0,28.235294117647058,348.50142743373686,446.90183047385085,98.40040304011399,404,518,114,17067.140000000003,5.960801377106691,0.0349256019292435,65.42379484316348,80.78620385851642,718.8624007494828,-12.937014379458958,-260.83195326514294,OK,44.72898966086922,60.352250546213284
Barangay 753,2531.0,24405.869518285195,19986.176145516136,81.89085879747998,23528.725342060286,96.40601136719287,23545.088919847603,96.47305908198564,False,False,False,753,BARANGAY 753,1380614010.0,City of Manila - Santa Ana,133914000,133914010,2222.0,2380.0,0.0243973,U,No,8132.43978510541,7510.1798825966,6099.32905368368,5429.5826585855,8132.43978510541,7510.1798825966,0.10370456164668675,1037.0456164668674,0.8189085879747998,0.9640601136719288,0.9647305908198563,2073,2440,2442,14.515152569712896,0.06704771479276417,14.58220028450566,3542.5491965441506,16.3635777873169,3558.9127743314675,367,2,369,158.0,7.110711071107111,910.4367284825679,975.1752537302033,64.73852524763538,2142,2294,152,24397.3,8.569518285195954,0.03512486334633732,65.42379484316348,80.78620385851642,718.8624007494828,15.619807508676459,318.18321571738454,OK,89.87419271082209,92.80404231068175
Barangay 754,2595.0,13219.060290078143,11319.790298626924,85.63233732372973,12458.680499329022,94.24785291795786,12479.840888274368,94.40792775293858,False,False,False,754,BARANGAY 754,1380614099.0,City of Manila - Santa Ana,133914000,133914099,2434.0,2584.0,0.01321443,U,No,4404.80820192148,4335.83809723808,3303.60632505983,2983.79836462719,4404.80820192148,4335.83809723808,0.19630744871840355,1963.0744871840354,0.8563233732372972,0.9424785291795785,0.9440792775293858,2222,2446,2450,8.615515594228128,0.16007483498071906,8.775590429208847,1138.8902007020988,21.160388945345403,1160.0505896474442,224,4,228,150.0,6.162695152013147,1841.2806558019047,1954.7531695119644,113.47251371005973,2294,2435,141,13214.429999999998,4.630290078144753,0.03503965042869616,65.42379484316348,80.78620385851642,718.8624007494828,13.461649059441442,1244.2120864345525,OK,90.37087090055522,92.15800395339312
Barangay 755,1722.0,33694.37557514986,31833.46469914285,94.47708751314728,33381.273377198406,99.07075827164942,33269.99188947538,98.74049102133392,False,True,False,755,BARANGAY 755,1380614011.0,City of Manila - Santa Ana,133914000,133914011,780.0,1372.0,0.03368258,U,No,8420.64718457568,13078.1537194845,8420.64692853187,12406.7543423606,8420.64718457568,13078.1537194845,0.0511064523561019,511.06452356101903,0.9447708751314728,0.9907075827164943,0.9874049102133392,1627,1706,1700,4.593670758502142,-0.33026725031550086,4.2634035081866415,1547.8086780555568,-111.28148772302666,1436.5271903325302,79,-6,73,592.0,75.8974358974359,231.49264133425947,407.18962039821025,175.69697906395078,773,1359,586,33682.579999999994,11.795575149866636,0.03501980890379133,65.42379484316348,80.78620385851642,718.8624007494828,18.28455441313301,-207.79787718846381,Review 100yr value: lower than expected return-period progression,97.00360643032346,97.79023368189769
Barangay 756,736.0,27189.31852858364,25858.75529471838,95.1063016439104,26689.16540291792,98.1604793619968,26389.31852859033,97.05766807228991,False,True,False,756,BARANGAY 756,1380614012.0,City of Manila - Santa Ana,133914000,133914012,580.0,721.0,0.02717985,U,No,13589.9213423879,12498.4032878837,9059.94666085798,11249.6144039796,13589.9213423879,12498.4032878837,0.02706945373515914,270.6945373515914,0.951063016439104,0.9816047936199681,0.9705766807228992,700,722,714,3.0541777180864074,-1.1028112897068922,1.9513664283795151,830.4101081995395,-299.846874327588,530.5632338719515,22,-8,14,141.0,24.310344827586206,213.31906476076497,265.17766498708886,51.85860022632389,569,708,139,27179.85,9.468528583642183,0.034836574093095374,65.42379484316348,80.78620385851642,718.8624007494828,17.37427550348039,-448.16786339789144,Review 100yr value: lower than expected return-period progression,96.78609938885793,96.95581041659244
Barangay 757,488.0,13718.18576454946,12276.565125918632,89.49117132998545,13711.8578486993,99.95387206472655,13675.5833445652,99.68944566930742,False,True,False,757,BARANGAY 757,1380614013.0,City of Manila - Santa Ana,133914000,133914013,389.0,477.0,0.01371342,U,No,6856.70967259048,6208.23310534074,4571.13970015228,4910.06443826438,6856.70967259048,6208.23310534074,0.03557321706935109,355.7321706935109,0.8949117132998545,0.9995387206472656,0.9968944566930742,437,488,486,10.462700734741105,-0.26442639541913593,10.19827433932197,1435.2927227806667,-36.274504134098606,1399.0182186465681,51,-2,49,88.0,22.62210796915167,283.56519344216343,347.7136176655834,64.14842422341997,389,477,88,13713.42,4.765764549460073,0.03475256026184623,65.42379484316348,80.78620385851642,718.8624007494828,19.167668206210138,-363.13023005597194,Review 100yr value: lower than expected return-period progression,95.24565673409307,97.23242632287364
Barangay 758,487.0,19191.95489405345,13815.353563843086,71.98512939462836,17707.685542256462,92.26618986971002,18089.073334236356,94.2534172995643,False,False,False,758,BARANGAY 758,1380614014.0,City of Manila - Santa Ana,133914000,133914014,357.0,399.0,0.01918532,U,No,6395.10358032493,6627.5933626789,6395.10361548076,3649.12282488608,6395.10358032493,6627.5933626789,0.02537521595316457,253.7521595316457,0.7198512939462836,0.9226618986971001,0.942534172995643,351,449,459,20.28106047508166,1.9872274298542862,22.268287904935946,3892.3319784133764,381.38779197989425,4273.719770393271,98,10,108,42.0,11.76470588235294,186.0154434349025,207.89961325077337,21.884169815870877,329,368,39,19185.32,6.634894053451717,0.034583181585981976,65.42379484316348,80.78620385851642,718.8624007494828,11.479986011193603,-465.11024121783714,OK,83.13971265592328,87.99081572288131
Barangay 759,802.0,28083.455484269103,19571.02702652001,69.68881389073609,25131.020218392496,89.48692311909264,24127.66914699157,85.91417520008049,False,True,False,759,BARANGAY 759,1380614015.0,City of Manila - Santa Ana,133914000,133914015,750.0,787.0,0.02807372,U,No,9357.90622062296,9210.98001692563,9357.90857480258,4936.60237296134,9357.90622062296,9210.98001692563,0.028557739287077364,285.5773928707736,0.6968881389073609,0.8948692311909263,0.8591417520008049,559,718,689,19.79810922835655,-3.5727479190121443,16.225361309344407,5559.993191872487,-1003.3510714009244,4556.6421204715625,159,-29,130,37.0,4.933333333333334,267.06115293401524,280.23616981209335,13.175016878078111,671,704,33,28073.72,9.735484269102017,0.034678283708400655,65.42379484316348,80.78620385851642,718.8624007494828,8.700719260576221,-433.2850078787092,Review 100yr value: lower than expected return-period progression,80.57777396633219,83.10829664439865
Barangay 760,966.0,28631.54959304893,24931.549593004114,87.0771926331815,28631.54959304893,100.0,28331.54959305505,98.95220480812984,False,True,False,760,BARANGAY 760,1380614016.0,City of Manila - Santa Ana,133914000,133914016,990.0,1041.0,0.02862158,U,No,14310.7938893531,12311.4897789687,14310.7940366171,5094.78146642614,14310.7938893531,12311.4897789687,0.033739005178906635,337.3900517890663,0.870771926331815,1.0,0.9895220480812984,841,966,956,12.922807366818503,-1.047795191870165,11.875012174948338,3700.0000000448163,-299.9999999938809,3400.0000000509353,125,-10,115,51.0,5.151515151515151,345.7724133241984,363.5849315863541,17.81251826215572,990,1041,51,28621.58,9.9695930489288,0.03483243429932519,65.42379484316348,80.78620385851642,718.8624007494828,19.213796141483584,-381.4723489604165,Review 100yr value: lower than expected return-period progression,94.18473668493168,96.35018008154731
Barangay 761,1097.0,29237.723977318397,29137.72397728958,99.6579761129615,29237.723977318397,100.0,29137.72397734313,99.65797611314466,False,True,False,761,BARANGAY 761,1380614017.0,City of Manila - Santa Ana,133914000,133914017,1307.0,1062.0,0.02922751,U,No,14613.75489177,14513.7897698271,14613.7549010949,12941.3825310507,14613.75489177,14513.7897698271,0.03752002039731322,375.20020397313215,0.9965797611296151,1.0,0.9965797611314465,1093,1097,1093,0.3420238870384935,-0.342023886855344,1.8314949556952342e-10,100.00000002881643,-99.99999997526902,5.354741006158292e-08,4,-4,0,-245.0,-18.74521805661821,447.02522023052296,363.22936793023365,-83.79585230028931,1307,1062,-245,29227.510000000002,10.213977318395337,0.034946450513216265,65.42379484316348,80.78620385851642,718.8624007494828,19.213796141483584,-343.6621967763507,Review 100yr value: lower than expected return-period progression,99.84608925083268,99.77768447349824
Barangay 762,391.0,26594.83208800488,26511.30748727099,99.6859367246332,26594.83208800488,100.0,26053.989087098544,97.96636053532268,False,True,True,762,BARANGAY 762,1380614018.0,City of Manila - Santa Ana,133914000,133914018,416.0,365.0,0.0265855,U,No,13292.7526980944,11417.4453430651,8861.83516801271,11417.9593358394,13292.7526980944,11417.4453430651,0.014702104480530016,147.02104480530014,0.996859367246332,1.0,0.9796636053532268,390,391,383,0.3140632753668058,-2.0336394646773215,-1.7195761893105157,83.52460073389011,-540.8430009063377,-457.3184001724476,1,-8,-7,-51.0,-12.259615384615383,156.4213673631838,137.24470934510117,-19.176658018082634,416,365,-51,26585.5,9.33208800488137,0.03510217225510662,65.42379484316348,80.78620385851642,718.8624007494828,19.213796141483584,-571.8413559441827,Review 100yr value: lower than expected return-period progression,99.85867152608495,99.10802839528736
Barangay 763,1984.0,29108.071341438983,16555.097547504894,56.874594518176266,24874.25005204397,85.45482028083518,24517.708681629687,84.22993194580248,False,True,False,763,BARANGAY 763,1380614019.0,City of Manila - Santa Ana,133914000,133914019,1535.0,1779.0,0.02909808,U,No,9699.36038719415,6253.86695055409,9699.36049153172,7792.46724506302,9699.36038719415,6253.86695055409,0.06815978897150522,681.5978897150522,0.5687459451817627,0.8545482028083518,0.8422993194580247,1128,1695,1671,28.580225762658912,-1.224888335032702,27.35533742762621,8319.152504539077,-356.54137041428476,7962.611134124792,567,-24,543,244.0,15.895765472312704,527.3451414882082,611.1706884088094,83.82554692060114,1312,1520,208,29098.079999999998,9.991341438984819,0.034336772182167415,65.42379484316348,80.78620385851642,718.8624007494828,4.668616422318763,-37.2645110344306,Review 100yr value: lower than expected return-period progression,72.59371868763867,77.81980850615737
Barangay 764,2073.0,48003.65700344036,23185.00378679875,48.29841148381072,33933.14723118092,70.68867113342839,35973.57135620548,74.93923088740364,False,False,False,764,BARANGAY 764,1380614020.0,City of Manila - Santa Ana,133914000,133914020,1717.0,2022.0,0.0479871,U,No,15995.7064262154,4182.03221151324,15995.7027748865,3144.56573890713,15995.7064262154,4182.03221151324,0.043184209899913055,431.84209899913054,0.48298411483810716,0.7068867113342838,0.7493923088740364,1001,1465,1553,22.39025964961767,4.250559753975253,26.64081940359292,10748.14344438217,2040.4241250245614,12788.567569406732,464,88,552,305.0,17.763541059988352,357.68108248022537,421.217908430411,63.53682595018563,1214,1429,215,47987.1,16.557003440364497,0.03450302985670003,65.42379484316348,80.78620385851642,718.8624007494828,-10.09753272508803,-287.0203017503523,OK,60.61305429110044,66.79133012261407
Barangay 765,2215.0,29262.05563850697,9226.643591040742,31.53108484592953,15125.055584521377,51.6882879705067,17608.881880421482,60.17650331184981,False,False,False,765,BARANGAY 765,1380614021.0,City of Manila - Santa Ana,133914000,133914021,1744.0,2075.0,0.02925207,U,No,9750.68049307618,4399.6148050782,9750.68408729351,6021.69915130282,9750.68049307618,4399.6148050782,0.0756952972601557,756.952972601557,0.3153108484592953,0.516882879705067,0.601765033118498,698,1145,1333,20.15720312457717,8.488215341343107,28.645418465920276,5898.411993480635,2483.826295900106,8382.23828938074,447,188,635,331.0,18.979357798165136,595.9936723327835,709.1094438592463,113.11577152646282,901,1073,172,29252.070000000003,9.985638506965188,0.03413651925133909,65.42379484316348,80.78620385851642,718.8624007494828,-29.097915888009716,38.09057185207416,OK,42.617546564446975,50.04427332589965
Barangay 766,3321.0,21685.15162470938,3330.565588803628,15.358737842573252,4876.824017383274,22.489231810702787,6416.359793273902,29.58872459975199,False,False,False,766,BARANGAY 766,1380614022.0,City of Manila - Santa Ana,133914000,133914022,3057.0,3101.0,0.02167776,U,No,10838.8808248305,4726.98032282726,10838.8777597127,5963.71773447284,10838.8808248305,4726.98032282726,0.15314626604758672,1531.4626604758673,0.15358737842573253,0.22489231810702787,0.2958872459975199,510,747,983,7.130493968129535,7.099492789049204,14.22998675717874,1546.2584285796456,1539.5357758906284,3085.794204470274,237,236,473,44.0,1.4393195943735688,1409.720371296214,1430.010752826156,20.290381529942124,687,697,10,21677.760000000002,7.391624709376629,0.03409773292709499,65.42379484316348,80.78620385851642,718.8624007494828,-58.296972047813625,812.6002597263845,OK,19.280509525044497,23.546405434290087
Barangay 767,5497.0,42060.88166668793,3273.3012350132103,7.782293440619085,9683.084202328531,23.021591128455825,16719.79038097923,39.751402534724434,False,False,False,767,BARANGAY 767,1380614023.0,City of Manila - Santa Ana,133914000,133914023,4523.0,5429.0,0.04204648,U,No,14015.4846354798,10868.2056277788,21023.2286712212,11343.4703791368,14015.4846354798,10868.2056277788,0.13069150674398736,1306.9150674398736,0.07782293440619086,0.23021591128455823,0.39751402534724434,428,1265,2185,15.23929768783674,16.72981140626861,31.96910909410535,6409.782967315321,7036.706178650698,13446.48914596602,837,920,1757,906.0,20.03095290736237,1075.3459796308075,1290.748026401869,215.40204677106158,1041,1250,209,42046.479999999996,14.401666687932448,0.0342517772901143,65.42379484316348,80.78620385851642,718.8624007494828,-57.76461273006059,588.0526666903908,OK,16.163907168929292,25.903691269004085
Barangay 768,1403.0,26187.26646531913,20662.1331026821,78.90145055821617,26187.26646531913,100.0,26187.26646531913,100.0,False,False,False,768,BARANGAY 768,1380614024.0,City of Manila - Santa Ana,133914000,133914024,1078.0,1147.0,0.02617825,U,No,13089.1233500976,4376.50491355683,13089.1230663587,1642.97919530492,13089.1233500976,4376.50491355683,0.053575656774182606,535.7565677418261,0.7890145055821617,1.0,1.0,1107,1403,1403,21.09854944178383,0.0,21.09854944178383,5525.133362637032,0.0,5525.133362637032,296,0,296,69.0,6.40074211502783,411.6504490560859,437.99913271552,26.348683659434073,1078,1147,69,26178.25,9.016465319131385,0.03444258236945321,65.42379484316348,80.78620385851642,718.8624007494828,19.213796141483584,-183.10583300765677,OK,90.50565275119729,94.72536263955405
Barangay 769,2317.0,33966.92252600588,23244.90679009385,68.43395003564717,26429.644156400795,77.80994623862563,26029.63662322692,76.63230780856878,False,True,False,769,BARANGAY 769,1380614025.0,City of Manila - Santa Ana,133914000,133914025,1827.0,1997.0,0.03395517,U,No,11318.3957476011,6996.21221489053,11318.3939584639,3880.60967428747,11318.3957476011,6996.21221489053,0.06821342140213173,682.1342140213172,0.6843395003564717,0.7780994623862563,0.7663230780856878,1586,1803,1776,9.375996202978456,-1.1776384300568452,8.19835777292161,3184.7373663069448,-400.0075331738735,2784.729833133071,217,-27,190,170.0,9.30487137383689,537.8762231406762,587.924913854368,50.048690713691826,1422,1554,132,33955.17,11.752526005882828,0.034611889753115146,65.42379484316348,80.78620385851642,718.8624007494828,-2.976257619890788,-36.72818672816561,Review 100yr value: lower than expected return-period progression,73.59074794728532,74.99489181585827
Barangay 770,9673.0,54929.38017661949,2251.466225871761,4.098837850768413,2997.1669279389425,5.456400415045421,5659.102808256645,10.302506218093871,False,False,False,770,BARANGAY 770,1380614026.0,City of Manila - Santa Ana,133914000,133914026,7589.0,9651.0,0.05491077,U,No,25110.3131075135,20216.5404584365,25110.3110901892,22114.1601656497,25110.3131075135,20216.5404584365,0.17609883761472483,1760.9883761472481,0.04098837850768413,0.054564004150454204,0.10302506218093871,396,528,997,1.357562564277008,4.8461058030484505,6.2036683673254585,745.7007020671817,2661.935880317703,3407.6365823848846,132,469,601,2062.0,27.1709052576097,1381.5921416914573,1756.9832335570238,375.3910918655665,414,527,113,54910.77,18.61017661949154,0.033891669374681035,65.42379484316348,80.78620385851642,718.8624007494828,-75.329803443471,1042.1259753977652,OK,4.845497261120768,7.055452095195549
Barangay 771,1902.0,28800.83585021003,1253.5872472678875,4.352607173582242,5444.997917807895,18.905694078209144,9594.65413771382,33.313804459059995,False,False,False,771,BARANGAY 771,1380614027.0,City of Manila - Santa Ana,133914000,133914027,2224.0,1813.0,0.02879096,U,No,4259.45097515114,1615.2881783171,4259.44835041622,3107.28645644695,4259.45097515114,1615.2881783171,0.06603975002295392,660.3975002295392,0.043526071735822416,0.18905694078209145,0.3331380445905999,83,360,634,14.553086904626902,14.40811038085085,28.961197285477752,4191.410670540007,4149.656219905925,8341.066890445933,277,274,551,-411.0,-18.480215827338128,772.1998109939512,629.4956193039719,-142.70419168997933,420,343,-77,28790.96,9.875850210031786,0.03430191355214201,65.42379484316348,80.78620385851642,718.8624007494828,-61.88050978030727,-58.464900519943626,OK,12.356804971127039,21.03066650439276
Barangay 772,2439.0,31370.390559502524,1861.453607806502,5.933791625181542,5332.825897140732,16.999552131891917,6468.55422144214,20.61993525127702,False,False,False,772,BARANGAY 772,1380614028.0,City of Manila - Santa Ana,133914000,133914028,2671.0,2426.0,0.03135968,U,No,7632.62702100235,4088.75246060779,11448.94034973,6117.93685021393,7632.62702100235,4088.75246060779,0.07774847416622913,777.4847416622912,0.05933791625181542,0.16999552131891918,0.20619935251277022,145,415,503,11.065760506710376,3.620383119385103,14.686143626095479,3471.37228933423,1135.728324301408,4607.100613635638,270,88,358,-245.0,-9.172594533882442,851.4398298400902,773.34070654888,-78.09912329121016,454,412,-42,31359.68,10.71055950252412,0.03415391835160346,65.42379484316348,80.78620385851642,718.8624007494828,-63.7866517266245,58.62234091280834,OK,12.019959903872248,15.681265252968364
Barangay 773,2656.0,27126.91566774103,1494.1376499684466,5.507952574738364,2562.6409887802006,9.446857210632537,4541.894015123881,16.743127271653083,False,False,False,773,BARANGAY 773,1380614029.0,City of Manila - Santa Ana,133914000,133914029,3108.0,2748.0,0.02711769,U,No,6595.93738378993,4735.54020894877,9893.90751058114,7332.14253258605,6595.93738378993,4735.54020894877,0.09791013591561684,979.1013591561684,0.05507952574738364,0.09446857210632537,0.16743127271653083,146,251,445,3.938904635894173,7.296270061020547,11.235174696914719,1068.503338811754,1979.2530263436806,3047.7563651554347,105,194,299,-360.0,-11.583011583011583,1145.7255362414803,1013.016014669108,-132.7095215723723,294,260,-34,27117.69,9.22566774102961,0.03402084669095934,65.42379484316348,80.78620385851642,718.8624007494828,-71.33934664788387,260.2389584066856,OK,7.67435012448016,11.380639076067212
Barangay 774,2909.0,18821.71670108676,777.3603301896621,4.130124486172814,4000.662988957796,21.255569045552576,1478.2640474022817,7.8540340973091345,False,True,False,774,BARANGAY 774,1380614030.0,City of Manila - Santa Ana,133914000,133914030,3427.0,2878.0,0.01881531,U,No,6271.76888496127,2215.12523951485,6271.76544689793,6237.61353487287,6271.76888496127,2215.12523951485,0.15455550873486665,1545.5550873486663,0.04130124486172814,0.21255569045552578,0.07854034097309134,120,618,228,17.125444559379762,-13.401534948243441,3.72390961113632,3223.3026587681343,-2522.3989415555143,700.9037172126195,498,-390,108,-549.0,-16.0198424277794,1820.7690905272877,1529.084751251104,-291.68433927618366,728,612,-116,18815.309999999998,6.406701086762041,0.034050467873035534,65.42379484316348,80.78620385851642,718.8624007494828,-59.53063481296384,826.6926865991835,Review 100yr value: lower than expected return-period progression,13.549118993831685,11.61359392641026
Barangay 775,12116.0,48510.7009400516,5615.705344814434,11.576219753563638,8117.482096334862,16.733384467823416,9565.792404705073,19.718932564025938,False,False,False,775,BARANGAY 775,1380614031.0,City of Manila - Santa Ana,133914000,133914031,10660.0,12084.0,0.04849415,U,No,24247.0801342938,13350.7646641009,24247.0851450426,16132.3730565536,24247.0801342938,13350.7646641009,0.2497593266065702,2497.593266065702,0.11576219753563638,0.16733384467823417,0.19718932564025937,1403,2027,2389,5.157164714259778,2.985548096202521,8.1427128104623,2501.7767515204278,1448.3103083702108,3950.0870598906386,624,362,986,1424.0,13.358348968105066,2197.453302761669,2490.9967833557234,293.5434805940545,1784,2022,238,48494.15,16.550940051602083,0.03412976627408065,65.42379484316348,80.78620385851642,718.8624007494828,-64.052819390693,1778.7308653162195,OK,14.412660346406517,16.63831252773948
Barangay 776,4606.0,31481.01327314036,6381.52342601568,20.2710229516672,22957.769632488656,72.92576459753363,10920.97488042894,34.69067143955856,False,True,False,776,BARANGAY 776,1380614032.0,City of Manila - Santa Ana,133914000,133914032,4640.0,4592.0,0.03147039,U,No,9597.0525068496,8505.32918855101,9597.05280460213,3362.56326504313,9597.0525068496,8505.32918855101,0.14631041129574585,1463.1041129574585,0.20271022951667197,0.7292576459753363,0.34690671439558557,934,3359,1598,52.65474164586643,-38.23509315797507,14.419648487891358,16576.246206472977,-12036.794752059717,4539.451454413259,2425,-1761,664,-48.0,-1.0344827586206897,1473.90427358285,1458.6569879940619,-15.247285588788145,3384,3349,-35,31470.39,10.623273140361562,0.03375640765926816,65.42379484316348,80.78620385851642,718.8624007494828,-7.860439260982787,744.2417122079756,Review 100yr value: lower than expected return-period progression,49.231130856893735,44.46804192287699
Barangay 777,3100.0,28042.52920355429,7750.627589266048,27.6388321930808,25827.58387725406,92.10147804350152,8831.83123059779,31.49441752022277,False,True,False,777,BARANGAY 777,1380614033.0,City of Manila - Santa Ana,133914000,133914033,3280.0,3011.0,0.028033,U,No,9344.33246130737,10801.9754857677,9344.33238852686,6287.31106602278,9344.33246130737,10801.9754857677,0.11054637680851861,1105.463768085186,0.276388321930808,0.9210147804350152,0.31494417520222767,857,2855,976,64.46264585042071,-60.60706052327875,3.85558532714197,18076.95628798801,-16995.75264665627,1081.2036413317428,1998,-1879,119,-269.0,-8.201219512195122,1169.651986877229,1073.726259904676,-95.9257269725531,3021,2773,-248,28033.0,9.529203554291598,0.033992806885783176,65.42379484316348,80.78620385851642,718.8624007494828,11.3152741849851,386.60136733570323,Review 100yr value: lower than expected return-period progression,63.093287410812195,51.74299237158483
Barangay 778,1860.0,15673.678868983769,0.0,0.0,760.7417590870759,4.853626040485542,3885.420784278313,24.789462746790544,False,False,False,778,BARANGAY 778,1380614034.0,City of Manila - Santa Ana,133914000,133914034,2360.0,1848.0,0.0156684,U,No,3424.49064489917,3847.06536912094,5136.73072029604,4376.24507562601,3424.49064489917,3847.06536912094,0.11867028893138197,1186.7028893138197,0.0,0.048536260404855425,0.24789462746790544,0,90,461,4.853626040485542,19.935836706305004,24.789462746790544,760.7417590870759,3124.679025191237,3885.420784278313,90,371,461,-512.0,-21.694915254237287,1505.709042355169,1179.0467416408273,-326.66230071434165,115,90,-25,15668.4,5.278868983768916,0.03369118087213063,65.42379484316348,80.78620385851642,718.8624007494828,-75.93257781803088,467.84048856433685,OK,2.6694943222670484,11.614554212886159
Barangay 779,4450.0,36872.29488651468,1867.038793653349,5.06352750594914,10841.106797323311,29.40176853838363,12095.486792441468,32.803726563993045,False,False,False,779,BARANGAY 779,1380614035.0,City of Manila - Santa Ana,133914000,133914035,5256.0,4444.0,0.03685982,U,No,9437.42338732737,3316.30804083264,9437.41971288747,6814.07712014618,9437.42338732737,3316.30804083264,0.12068681956727081,1206.8681956727082,0.0506352750594914,0.2940176853838363,0.32803726563993046,225,1308,1460,24.338241032434492,3.4019580256094137,27.740199058043906,8974.068003669961,1254.3799951181572,10228.447998788119,1083,152,1235,-812.0,-15.449010654490106,1425.4605025743267,1205.2409576560708,-220.2195449182559,1545,1307,-238,36859.82,12.474886514683021,0.033844133028004535,65.42379484316348,80.78620385851642,718.8624007494828,-51.38443532013278,488.0057949232254,OK,18.44956007378811,24.67799149051877
Barangay 780,2340.0,31754.911888923238,26394.3542886472,83.11896559805632,31754.911888923227,99.99999999999996,21216.419288706587,66.81303151751874,False,True,True,780,BARANGAY 780,1380614036.0,City of Manila - Santa Ana,133914000,133914036,2791.0,2316.0,0.0317442,U,No,15872.0988118527,15530.8781699884,15872.0987174535,13492.6648737666,15872.0988118527,15530.8781699884,0.07368938727291005,736.8938727291005,0.8311896559805632,0.9999999999999996,0.6681303151751874,1945,2340,1563,16.881034401943637,-33.18696848248122,-16.305934080537583,5360.557600276028,-10538.49260021664,-5177.934999940611,395,-777,-382,-475.0,-17.018989609458977,878.9191447807349,729.3359868549559,-149.583157925779,2791,2316,-475,31744.2,10.711888923236984,0.03374439715991262,65.42379484316348,80.78620385851642,718.8624007494828,19.21379614148354,18.031471979617663,Review 100yr value: lower than expected return-period progression,92.40353451912532,82.50495400652156
Barangay 781,4337.0,32831.84980958505,14315.83906726879,43.603510464065806,32331.849809474465,98.47708854965396,13895.511300342305,42.32326652604751,False,True,True,781,BARANGAY 781,1380614037.0,City of Manila - Santa Ana,133914000,133914037,3383.0,4275.0,0.03282074,U,No,10940.2451284413,14884.7533904555,10940.2450560179,7805.53870092868,10940.2451284413,14884.7533904555,0.13209733917379946,1320.9733917379947,0.4360351046406581,0.9847708854965396,0.4232326652604751,1891,4271,1836,54.87357808558815,-56.153822023606445,-1.2802439380182946,18016.010742205675,-18436.33850913216,-420.3277669264844,2380,-2435,-55,892.0,26.367129766479458,1030.401887076236,1302.0892897578804,271.68740268164424,3331,4210,879,32820.74,11.109809585053881,0.03384996677422228,65.42379484316348,80.78620385851642,718.8624007494828,17.69088469113754,602.1109909885118,Review 100yr value: lower than expected return-period progression,73.78397841113929,62.297165218814335
Barangay 782,1619.0,25177.970803582557,24310.77392255081,96.5557316441548,25177.970803582557,100.0,21048.869465576136,83.60034106712487,False,True,True,782,BARANGAY 782,1380614038.0,City of Manila - Santa Ana,133914000,133914038,1387.0,1483.0,0.02516949,U,No,12584.7495515959,12386.3957777824,12584.7495782475,12383.5052250567,12584.7495515959,12386.3957777824,0.06430224312475705,643.0224312475704,0.9655573164415481,1.0,0.8360034106712487,1563,1619,1353,3.444268355845196,-16.399658932875127,-12.955390577029931,867.1968810317485,-4129.101338006421,-3261.904456974673,56,-266,-210,96.0,6.92141312184571,550.8783892158,589.0069583323946,38.128569116594576,1387,1483,96,25169.489999999998,8.48080358255902,0.033694777218604824,65.42379484316348,80.78620385851642,718.8624007494828,19.213796141483584,-75.83996950191249,Review 100yr value: lower than expected return-period progression,98.45007923986967,92.57906933788865
Barangay 783,2341.0,27149.297633957714,18844.861637370563,69.41196745288852,25087.93396017132,92.40730385891057,16305.386759693014,60.05822684450817,False,True,True,783,BARANGAY 783,1380614039.0,City of Manila - Santa Ana,133914000,133914039,1991.0,2145.0,0.02714018,U,No,8726.38125014134,11102.7358342496,8726.38176780744,9840.50258184919,8726.38125014134,11102.7358342496,0.08622690839235307,862.2690839235307,0.6941196745288852,0.9240730385891056,0.6005822684450817,1625,2163,1406,22.995336406022048,-32.3490770144024,-9.353740608380349,6243.072322800759,-8782.547200478308,-2539.4748776775486,538,-757,-219,154.0,7.734806629834254,733.3523050370567,790.0756877471052,56.723382710048554,1840,1982,142,27140.18,9.117633957714133,0.033594596490200634,65.42379484316348,80.78620385851642,718.8624007494828,11.62110000039415,143.40668317404788,Review 100yr value: lower than expected return-period progression,82.05940247620066,73.71883895164409
Barangay 784,3425.0,25200.979611791616,24606.223902011672,97.63995003788798,25200.97961179161,100.0,24103.70014182806,95.6458856486272,False,True,True,784,BARANGAY 784,1380614040.0,City of Manila - Santa Ana,133914000,133914040,2679.0,3386.0,0.02519229,U,No,12596.1458038045,11313.710418253,8397.43055420664,11041.0495492643,12596.1458038045,11313.710418253,0.1359074152179954,1359.0741521799541,0.9763995003788799,1.0,0.956458856486272,3344,3425,3276,2.360049962112015,-4.3541143513728,-1.9940643892607852,594.7557097799363,-1097.2794699635488,-502.52376018361247,81,-149,-68,707.0,26.390444195595368,1063.05391348616,1343.5985632938175,280.5446498076576,2679,3386,707,25192.29,8.68961179161488,0.03449313973289002,65.42379484316348,80.78620385851642,718.8624007494828,19.213796141483584,640.2117514304713,Review 100yr value: lower than expected return-period progression,98.9379775170496,97.66834176892289
Barangay 785,1081.0,14403.229216730886,6029.751166565607,41.86388396541942,13803.229216741369,95.83426750375844,9984.277047975726,69.31971225159648,False,True,False,785,BARANGAY 785,1380614041.0,City of Manila - Santa Ana,133914000,133914041,936.0,932.0,0.01439828,U,No,7199.13901493439,6799.27632001293,4799.4260104841,3220.39158784132,7199.13901493439,6799.27632001293,0.07505261380859671,750.5261380859671,0.4186388396541942,0.9583426750375844,0.6931971225159649,453,1036,749,53.97038353833902,-26.514555252161955,27.455828286177066,7773.478050175762,-3818.9521687656434,3954.525881410119,583,-287,296,-4.0,-0.4273504273504274,649.8542694250372,647.0771144274943,-2.7771549975428798,897,893,-4,14398.279999999999,4.949216730887201,0.03437366637464476,65.42379484316348,80.78620385851642,718.8624007494828,15.048063645242024,31.663737336484246,Review 100yr value: lower than expected return-period progression,71.54759491150588,71.73584951830891
Barangay 786,1476.0,28509.277403449687,21083.42371949223,73.95285198263596,24317.461751864343,85.29666118062283,23164.02656415524,81.25083717959241,False,True,False,786,BARANGAY 786,1380614042.0,City of Manila - Santa Ana,133914000,133914042,1957.0,1439.0,0.02849944,U,No,6678.52456835546,9347.93687198898,6678.5245194142,7426.00797054548,6678.52456835546,9347.93687198898,0.05177262050918908,517.7262050918907,0.7395285198263596,0.8529666118062283,0.8125083717959241,1092,1259,1199,11.343809197986872,-4.045824001030425,7.297985196956446,3234.038032372111,-1153.435187709103,2080.602844663008,167,-60,107,-518.0,-26.46908533469596,686.4432136618091,504.7479736634355,-181.69523999837355,1669,1227,-442,28499.440000000002,9.837403449684643,0.034517883332741424,65.42379484316348,80.78620385851642,718.8624007494828,4.510457322106419,-201.1361956575921,Review 100yr value: lower than expected return-period progression,80.19194704152875,80.84237928071394
Barangay 787,3646.0,20139.059986360466,18710.056246788157,92.9043175771852,20139.059986360466,100.0,19364.937291183087,96.1561130673345,False,True,False,787,BARANGAY 787,1380614043.0,City of Manila - Santa Ana,133914000,133914043,1995.0,3622.0,0.02013214,U,No,10066.066072653,10051.4629662717,10066.0660601734,8237.69028635956,10066.066072653,10051.4629662717,0.18104122051720975,1810.4122051720974,0.9290431757718519,1.0,0.961561130673345,3387,3646,3506,7.095682422814804,-3.843886932665498,3.2517954901493056,1429.0037395723084,-774.1226951773788,654.8810443949296,259,-140,119,1627.0,81.55388471177945,990.6122735376671,1798.4950650393134,807.8827915016464,1995,3622,1627,20132.14,6.919986360466282,0.03437283051114429,65.42379484316348,80.78620385851642,718.8624007494828,19.213796141483584,1091.5498044226147,Review 100yr value: lower than expected return-period progression,96.80694290973335,96.6885246212301
Barangay 788,933.0,14173.423968421535,14173.423968421535,100.0,14173.423968421535,100.0,13984.486558342262,98.66696000556938,False,True,True,788,BARANGAY 788,1380614044.0,City of Manila - Santa Ana,133914000,133914044,1024.0,969.0,0.01416855,U,No,7084.26970688372,2518.12967179089,7084.26970527548,5593.38407278803,7084.26970688372,2518.12967179089,0.06582742476897106,658.2742476897107,1.0,1.0,0.9866696000556938,933,933,921,0.0,-1.3330399944306208,-1.3330399944306208,0.0,-188.93741007927383,-188.93741007927383,0,-12,-12,-55.0,-5.37109375,722.478917078525,683.6738971182526,-38.805019960272375,1024,969,-55,14168.550000000001,4.8739684215343,0.03439990981105547,65.42379484316348,80.78620385851642,718.8624007494828,19.213796141483584,-60.58815305977214,Review 100yr value: lower than expected return-period progression,100.0,99.46678400222775
Barangay 789,1763.0,19749.535462403022,18233.13777940806,92.32185645134938,19749.535462403022,100.0,17183.878851968086,87.00902805881611,False,True,True,789,BARANGAY 789,1380614045.0,City of Manila - Santa Ana,133914000,133914045,1669.0,1620.0,0.01974274,U,No,9871.37446476353,9869.70236799899,9871.37483313875,8487.43327294951,9871.37446476353,9869.70236799899,0.08926792244588254,892.6792244588254,0.9232185645134937,1.0,0.8700902805881612,1628,1763,1534,7.678143548650624,-12.990971941183886,-5.3128283925332624,1516.3976829949606,-2565.6566104349367,-1049.258927439976,135,-229,-94,-49.0,-2.9358897543439184,845.0831682483151,820.2724580960279,-24.810710152287243,1669,1620,-49,19742.74,6.795462403020792,0.034420057211009165,65.42379484316348,80.78620385851642,718.8624007494828,19.213796141483584,173.81682370934254,Review 100yr value: lower than expected return-period progression,96.54483540310723,92.8840753363638
Barangay 790,1825.0,52456.09499014304,23571.21438261305,44.93512982055238,44377.69668540186,84.59969560017919,27436.51184023508,52.30376345282782,False,True,False,790,BARANGAY 790,1380614046.0,City of Manila - Santa Ana,133914000,133914046,3015.0,1741.0,0.05243812,U,No,17479.3793406124,18957.9508020284,17479.3774676649,6810.78885906627,17479.3793406124,18957.9508020284,0.034790999984709754,347.90999984709754,0.44935129820552383,0.8459969560017919,0.5230376345282782,820,1544,955,39.664565779626805,-32.295932147351365,7.36863363227544,20806.482302788812,-16941.18484516678,3865.297457622033,724,-589,135,-1274.0,-42.25538971807629,574.7663833090405,331.8966080733133,-242.86977523572722,2551,1473,-1078,52438.119999999995,17.974990143047762,0.03427847936395844,65.42379484316348,80.78620385851642,718.8624007494828,3.813491741662773,-370.9524009023853,Review 100yr value: lower than expected return-period progression,66.75064099934713,61.765181296331946
Barangay 791,2060.0,27466.17063399126,11210.328909418,40.81504137873685,27116.02421184966,98.7251720423368,14400.71968645633,52.43075155382039,False,True,False,791,BARANGAY 791,1380614047.0,City of Manila - Santa Ana,133914000,133914047,1794.0,2029.0,0.0274568,U,No,13728.3984193374,13156.5671658233,9152.26555994109,6500.75105288152,13728.3984193374,13156.5671658233,0.07500135448261613,750.0135448261614,0.4081504137873685,0.987251720423368,0.524307515538204,841,2034,1080,57.91013066359994,-46.2944204885164,11.615710175083542,15905.69530243166,-12715.30452539333,3190.3907770383303,1193,-954,239,235.0,13.099219620958753,653.1671356398706,738.7269332292627,85.55979758939213,1771,2003,232,27456.8,9.370633991260547,0.03412864569527602,65.42379484316348,80.78620385851642,718.8624007494828,17.93896818382038,31.15114407667852,Review 100yr value: lower than expected return-period progression,72.66561324371682,65.72987118103025
Barangay 792,2648.0,30359.99949230203,20717.88051156135,68.24071428859708,30359.99949230203,100.0,21039.240003251547,69.29921065573858,False,True,False,792,BARANGAY 792,1380614048.0,City of Manila - Santa Ana,133914000,133914048,2420.0,2559.0,0.03034967,U,No,30349.6676980916,0.0,15174.8338829663,10240.5294566916,30349.6676980916,0.0,0.08722002780900628,872.2002780900629,0.6824071428859707,1.0,0.6929921065573857,1807,2648,1835,31.759285711402924,-30.700789344261423,1.058496367141501,9642.11898074068,-9320.759489050484,321.3594916901966,841,-813,28,139.0,5.743801652892562,797.1014626049669,842.8853895893017,45.78392698433481,2420,2559,139,30349.67,10.329492302033032,0.03403494107854561,65.42379484316348,80.78620385851642,718.8624007494828,19.213796141483584,153.33787734058,Review 100yr value: lower than expected return-period progression,85.70832142986869,79.7798628344447
Barangay 793,1735.0,23005.7491365453,18354.260161260736,79.78118883381399,23005.7491365453,100.0,17463.552941254467,75.90951651956036,False,True,True,793,BARANGAY 793,1380614049.0,City of Manila - Santa Ana,133914000,133914049,1494.0,1722.0,0.02299792,U,No,22997.9213069093,0.0,11498.9605902933,9080.43865194132,22997.9213069093,0.0,0.07541593145705924,754.1593145705924,0.7978118883381399,1.0,0.7590951651956036,1384,1735,1317,20.218811166186015,-24.090483480439644,-3.8716723142536296,4651.488975284563,-5542.196195290831,-890.7072200062685,351,-418,-67,228.0,15.261044176706829,649.4028910481067,748.5085531357695,99.10566208766284,1494,1722,228,22997.920000000002,7.829136545296933,0.034042802763453964,65.42379484316348,80.78620385851642,718.8624007494828,19.213796141483584,35.29691382110957,Review 100yr value: lower than expected return-period progression,90.9015349752163,85.30910381627764
Barangay 794,709.0,11932.214479392276,7288.563360850581,61.08307366950546,9162.353157074876,76.78669515117134,7428.969638038225,62.25977291028876,False,True,False,794,BARANGAY 794,1380614050.0,City of Manila - Santa Ana,133914000,133914050,669.0,710.0,0.01192809,U,No,2982.0194240821,2909.06342647725,2982.02044155341,1934.64926210978,2982.0194240821,2909.06342647725,0.05941897886804582,594.1897886804583,0.6108307366950546,0.7678669515117135,0.6225977291028876,433,544,441,15.703621481665884,-14.526922240882584,1.1766992407833001,1873.789796224295,-1733.3835190366517,140.40627718764335,111,-103,8,41.0,6.128550074738415,560.667092563084,595.0278560833925,34.360763520308524,514,545,31,11928.09,4.124479392276044,0.034577869485190364,65.42379484316348,80.78620385851642,718.8624007494828,-3.999508707345072,-124.67261206902458,Review 100yr value: lower than expected return-period progression,69.7200654844217,67.05002088440185
Barangay 795,1214.0,6153.755890052252,6008.55816989099,97.64050243858424,6153.755890052252,100.0,6153.755890052252,100.0,False,False,False,795,BARANGAY 795,1380614051.0,City of Manila - Santa Ana,133914000,133914051,546.0,1157.0,0.00615163,U,No,3075.80985262693,2168.79772846047,2050.53946865296,1838.47783917196,3075.80985262693,2168.79772846047,0.1972778936458092,1972.778936458092,0.9764050243858423,1.0,1.0,1185,1214,1214,2.3594975614157647,0.0,2.3594975614157647,145.1977201612617,0.0,145.1977201612617,29,0,29,611.0,111.90476190476191,887.2630142554516,1880.1525778270284,992.8895635715768,546,1157,611,6151.63,2.125890052251634,0.034558158605957026,65.42379484316348,80.78620385851642,718.8624007494828,19.213796141483584,1253.916535708609,OK,98.93822609736291,99.41012560964606
Barangay 796,672.0,10823.997154144192,10569.194874282266,97.6459502323098,10823.997154144192,100.0,10823.997154144192,100.0,False,False,False,796,BARANGAY 796,1380614052.0,City of Manila - Santa Ana,133914000,133914052,841.0,631.0,0.01082022,U,No,5410.11581818944,3114.08636719777,3606.74414918829,3460.44623698864,5410.11581818944,3114.08636719777,0.06208427352946142,620.8427352946143,0.976459502323098,1.0,1.0,656,672,672,2.3540497676901992,0.0,2.3540497676901992,254.80227986192585,0.0,254.80227986192585,16,0,16,-210.0,-24.97027348394768,776.9772922362657,582.9639374566988,-194.01335477956695,841,631,-210,10820.22,3.7771541441925365,0.03490829340061973,65.42379484316348,80.78620385851642,718.8624007494828,19.213796141483584,-98.01966545486857,OK,98.94067760453942,99.41148755807745
Barangay 797,268.0,8078.703089677398,7323.8457950763295,90.6562069898869,7774.987468683284,96.2405398784591,8078.703089677397,100.0,False,False,False,797,BARANGAY 797,1380614053.0,City of Manila - Santa Ana,133914000,133914053,710.0,244.0,0.00807591,U,No,7772.28772691078,0.0,3886.14442023408,1966.70605018226,7772.28772691078,0.0,0.03317364148986219,331.7364148986219,0.906562069898869,0.9624053987845911,1.0,243,258,268,5.584332888572206,3.759460121540897,9.343793010113103,451.1416736069541,303.7156209941131,754.8572946010672,15,10,25,-466.0,-65.63380281690141,878.8539349926177,302.0286762509841,-576.8252587416337,683,235,-448,8075.910000000001,2.7930896773968925,0.03458544829495242,65.42379484316348,80.78620385851642,718.8624007494828,15.454336019942687,-387.12598585086096,OK,93.72759007860162,96.34824070493241
Barangay 798,1586.0,27839.32085218204,9130.268822531329,32.79630588335886,10268.906270519388,36.88633902042375,25938.268019872645,93.1713390480918,False,False,False,798,BARANGAY 798,1380614054.0,City of Manila - Santa Ana,133914000,133914054,1585.0,1562.0,0.02782962,U,No,5865.59306061773,2986.37283994322,5865.59168822673,2078.65591461622,5865.59306061773,2986.37283994322,0.056969780564014354,569.6978056401435,0.3279630588335886,0.3688633902042375,0.931713390480918,520,585,1478,4.090033137064886,56.28500002766805,60.37503316473293,1138.6374479880596,15669.361749353257,16807.999197341316,65,893,958,-23.0,-1.451104100946372,569.338601475175,561.076905680898,-8.261695794276989,585,576,-9,27829.62,9.700852182042581,0.03485801165104871,65.42379484316348,80.78620385851642,718.8624007494828,-43.89986483809267,-149.1645951093393,OK,35.045824108744554,58.37783074722475
Barangay 799,570.0,16188.041293353646,7516.803888552706,46.4343014224883,7916.803888576382,48.90526126732082,10724.496049938314,66.24949773473516,False,False,False,799,BARANGAY 799,1380614055.0,City of Manila - Santa Ana,133914000,133914055,495.0,544.0,0.01618239,U,No,3417.77394752753,1907.91959486011,3417.77285196206,1847.44694388477,3417.77394752753,1907.91959486011,0.035211177786779305,352.111777867793,0.46434301422488305,0.48905261267320815,0.6624949773473516,265,279,378,2.470959844832514,17.34423646741434,19.815196312246854,400.00000002367597,2807.6921613619324,3207.6921613856084,14,99,113,49.0,9.8989898989899,305.7812807799255,336.0505388773323,30.269258097406805,242,266,24,16182.390000000001,5.651293353645087,0.034922488913226586,65.42379484316348,80.78620385851642,718.8624007494828,-31.8809425911956,-366.7506228816898,OK,47.79332933714619,55.22521589307843
Barangay 800,1541.0,18785.082039491743,7789.948062945308,41.46879979852394,8363.132348081286,44.52007359083944,7773.443573635704,41.38094024446446,False,True,True,800,BARANGAY 800,1380614056.0,City of Manila - Santa Ana,133914000,133914056,1559.0,1558.0,0.01877852,U,No,4232.69039668086,2955.95553457195,4232.688441521,3428.64159649707,4232.69039668086,2955.95553457195,0.0820331791343986,820.3317913439861,0.41468799798523936,0.4452007359083944,0.4138094024446446,639,686,638,3.0512737923154987,-3.139133346374976,-0.08785955405947732,573.1842851359779,-589.6887744455826,-16.50448930960465,47,-48,-1,-1.0,-0.06414368184733803,829.9138628846686,829.3815255768528,-0.5323373078157374,694,694,0,18778.52,6.5620394917423255,0.03494439120730668,65.42379484316348,80.78620385851642,718.8624007494828,-36.26613026767698,101.46939059450324,Review 100yr value: lower than expected return-period progression,43.14700038429747,42.50160180421057
Barangay 801,832.0,20772.928451543816,8034.315226922099,38.67685408758532,9394.558087935373,45.225005756168095,19848.477551603373,95.54973242170996,False,False,False,801,BARANGAY 801,1380614057.0,City of Manila - Santa Ana,133914000,133914057,674.0,614.0,0.02076578,U,No,5094.82460639393,4296.48267920269,3396.54916818861,2902.16675411289,5094.82460639393,4296.48267920269,0.04005212851624523,400.52128516245233,0.3867685408758532,0.45225005756168096,0.9554973242170997,322,376,795,6.548151668582776,50.32472666554187,56.87287833412464,1360.2428610132738,10453.919463668,11814.162324681274,54,419,473,-60.0,-8.902077151335313,324.4607526436213,295.5770061174829,-28.883746526138395,305,278,-27,20765.780000000002,7.14845154381328,0.034424189911543314,65.42379484316348,80.78620385851642,718.8624007494828,-35.56119810234832,-318.3411155870305,OK,42.27833750530584,63.71785850523915
Barangay 802,1840.0,28259.80039970459,1393.941216751001,4.932593992297174,6054.057829442409,21.422861251014687,28096.36718359385,99.4216759715244,False,False,False,802,BARANGAY 802,1380614058.0,City of Manila - Santa Ana,133914000,133914058,1398.0,1787.0,0.02825002,U,No,5348.53761870124,3420.8122954398,5348.53507611589,3826.23753144269,5348.53761870124,3420.8122954398,0.06511015555577788,651.101555557779,0.04932593992297174,0.21422861251014688,0.9942167597152439,91,394,1829,16.490267258717513,77.9988147205097,94.48908197922722,4660.116612691408,22042.309354151443,26702.42596684285,303,1435,1738,389.0,27.82546494992847,494.69563840748634,632.3469998813864,137.65136147390007,299,383,84,28250.02,9.78039970458849,0.034620859399704815,65.42379484316348,80.78620385851642,718.8624007494828,-59.36334260750173,-67.76084519170388,OK,14.002240984591808,48.4998203245392
Barangay 803,1830.0,45519.95907041487,20317.17278853693,44.63354801595554,28122.489820893006,61.7805692166601,34289.043040811746,75.32749093154936,False,False,False,803,BARANGAY 803,1380614059.0,City of Manila - Santa Ana,133914000,133914059,1565.0,1705.0,0.04550413,U,No,15157.124108685,2619.92042695,15157.1235892205,7314.21333113242,15157.124108685,2619.92042695,0.040202145111096675,402.0214511109668,0.4463354801595554,0.617805692166601,0.7532749093154937,817,1131,1378,17.147021200704557,13.546921714889265,30.693942915593823,7805.317032356077,6166.55321991874,13971.870252274817,314,247,561,140.0,8.945686900958465,343.80523004844974,374.560969477704,30.755739429254277,967,1053,86,45504.13,15.829070414874877,0.03478600824776757,65.42379484316348,80.78620385851642,718.8624007494828,-19.005634641856318,-316.84094963851607,OK,54.06440967634305,62.91258260243967
Barangay 804,1331.0,23634.62476487846,1570.2507623035604,6.64385738265236,2011.187846713713,8.509497682833448,20729.17950869112,87.70682722873227,False,False,False,804,BARANGAY 804,1380614060.0,City of Manila - Santa Ana,133914000,133914060,1155.0,1251.0,0.0236265,U,No,10818.4969148807,7270.1623554171,10818.4911049693,8807.99405435086,10818.4969148807,7270.1623554171,0.05631568147330579,563.1568147330579,0.0664385738265236,0.08509497682833449,0.8770682722873226,88,113,1167,1.865640300181088,79.19732954589881,81.06296984607991,440.9370844101527,18717.991661977405,19158.92874638756,25,1054,1079,96.0,8.311688311688311,488.6897979088519,529.3081707220551,40.61837281320322,98,106,8,23626.5,8.124764878459246,0.03438835578041286,65.42379484316348,80.78620385851642,718.8624007494828,-72.27670617568296,-155.70558601642495,OK,7.66995954775196,39.7220194261477
Barangay 805,1396.0,19549.80516230577,2571.65624794232,13.154383005825366,11745.487412590102,60.07981826456628,19343.32823397952,98.94384150321682,False,False,False,805,BARANGAY 805,1380614061.0,City of Manila - Santa Ana,133914000,133914061,993.0,1237.0,0.01954306,U,No,9771.53001448528,4600.12307239561,9771.53462849995,1969.90367793789,9771.53001448528,4600.12307239561,0.07140736127087575,714.0736127087577,0.13154383005825365,0.6007981826456628,0.9894384150321681,184,839,1381,46.92543525874091,38.86402323865054,85.78945849739145,9173.831164647781,7597.840821389416,16771.6719860372,655,542,1197,244.0,24.57200402819738,507.9334508737796,632.7428788830467,124.80942800926715,597,743,146,19543.06,6.745162305767735,0.034514361137752914,65.42379484316348,80.78620385851642,718.8624007494828,-20.706385593950138,-4.788788040725194,OK,38.96337239813287,63.89406874534127
Barangay 806,1604.0,28804.42353367361,18368.01569784802,63.76803783757386,27706.89690116721,96.18972887541617,27904.423533630244,96.87547991026022,False,False,False,806,BARANGAY 806,1380614062.0,City of Manila - Santa Ana,133914000,133914062,1386.0,1603.0,0.02879448,U,No,14397.2337895939,3646.91638960711,9598.15551769074,10160.8380601654,14397.2337895939,3646.91638960711,0.05568589137445695,556.8589137445695,0.6376803783757385,0.9618972887541617,0.9687547991026022,1023,1543,1554,32.42169103784231,0.6857510348440599,33.10744207268637,9338.88120331919,197.52663246303564,9536.407835782225,520,11,531,217.0,15.656565656565657,481.17609379674144,556.5117448457262,75.33565104898474,1333,1542,209,28794.48,9.943533673609636,0.034532777371251835,65.42379484316348,80.78620385851642,718.8624007494828,15.40352501689975,-162.00348700491338,OK,81.59996790838713,88.35860652989321
Barangay 807,2066.0,31367.637693682344,18359.796023351144,58.53101276749614,21259.62919213269,67.77567823162701,21102.8714067413,67.27593455656229,False,True,False,807,BARANGAY 807,1380614063.0,City of Manila - Santa Ana,133914000,133914063,2588.0,2010.0,0.03135675,U,No,10452.2544553833,4168.34113875315,10452.2540579936,678.174870530879,10452.2544553833,4168.34113875315,0.06586406092085495,658.6406092085496,0.5853101276749614,0.6777567823162701,0.6727593455656229,1209,1400,1390,9.244665464130875,-0.49974367506472106,8.744921789066154,2899.8331687815444,-156.75778539138992,2743.0753833901545,191,-10,181,-578.0,-22.3338485316847,825.0541610027717,640.7878143800506,-184.26634662272113,1754,1362,-392,31356.750000000004,10.887693682339886,0.034722009399379354,65.42379484316348,80.78620385851642,718.8624007494828,-13.010525626889404,-60.22179154093328,Review 100yr value: lower than expected return-period progression,63.615578772768124,65.2646143955684
Barangay 808,2330.0,27703.058836066302,26929.149083482884,97.20641046476834,27505.40127580537,99.28651358887632,26789.111567562704,96.70091568619948,False,True,True,808,BARANGAY 808,1380614100.0,City of Manila - Santa Ana,133914000,133914100,2154.0,2183.0,0.02769337,U,No,9231.12492073604,12813.1422981178,9231.12557755359,12229.1212836177,9231.12492073604,12813.1422981178,0.08410623584160314,841.0623584160313,0.9720641046476834,0.9928651358887631,0.9670091568619948,2265,2313,2253,2.0801031241079784,-2.585597902676838,-0.5054947785688597,576.2521923224849,-716.2897082426643,-140.03751592017943,48,-60,-12,29.0,1.3463324048282266,777.5314678232324,787.9996259322731,10.4681581090407,2139,2167,28,27693.37,9.688836066303338,0.03498612146626914,65.42379484316348,80.78620385851642,718.8624007494828,18.500309730359902,122.19995766654847,Review 100yr value: lower than expected return-period progression,98.35046718302773,97.73224864677859
Barangay 809,1479.0,19585.450468475312,19585.450468475312,100.0,19585.450468475312,100.0,19585.450468475312,100.0,False,False,False,809,BARANGAY 809,1380611023.0,City of Manila - Paco,133911000,133911023,1312.0,1189.0,0.01957863,U,No,19578.6214542681,0.0,9789.31072713406,9489.41508594417,19578.6214542681,0.0,0.07551524037604314,755.1524037604314,1.0,1.0,1.0,1479,1479,1479,0.0,0.0,0.0,0.0,0.0,0.0,0,0,0,-123.0,-9.375,669.8850261891049,607.0833049838762,-62.80172120522866,1312,1189,-123,19578.63,6.820468475310918,0.03483629076861311,82.69434684161475,95.64784631971983,591.1896702928062,4.352153680280168,163.96273346762518,OK,100.0,100.0
Barangay 810,2073.0,25139.15466492592,25084.52409584606,99.78268732657077,25116.261190669367,99.90893299889476,25076.58822456556,99.75111955356375,False,True,True,810,BARANGAY 810,1380611024.0,City of Manila - Paco,133911000,133911024,1791.0,2293.0,0.02513037,U,No,6282.59535986186,9821.06607124809,6282.59536783571,10509.765745811,6282.59535986186,9821.06607124809,0.08246100665000657,824.6100665000657,0.9978268732657076,0.9990893299889475,0.9975111955356375,2068,2071,2068,0.1262456723239893,-0.1578134453310014,-0.03156777300701208,31.737094823307416,-39.672966103807994,-7.935871280500578,3,-3,0,502.0,28.029034059184816,712.4344568748759,912.1229534417032,199.68849656682733,1789,2291,502,25130.37,8.784664925922698,0.03495636922943315,82.69434684161475,95.64784631971983,591.1896702928062,4.261086679174923,233.4203962072595,Review 100yr value: lower than expected return-period progression,99.85212244634897,99.81424620268135
Barangay 811,2242.0,33075.55071529398,13038.883965046389,39.42151735365442,16851.258268922415,50.94777835741513,14911.298522756517,45.08254042724556,False,True,False,811,BARANGAY 811,1380611025.0,City of Manila - Paco,133911000,133911025,1991.0,2332.0,0.03306396,U,No,8265.99122768299,6478.57688582303,8265.990002601,6306.00960627013,8265.99122768299,6478.57688582303,0.06778420771580107,677.8420771580107,0.39421517353654423,0.5094777835741513,0.4508254042724556,884,1142,1011,11.526261003760709,-5.86523793016957,5.661023073591139,3812.374303876026,-1939.9597461658977,1872.414557710128,258,-131,127,341.0,17.12707182320442,601.9552076813557,705.0525084444607,103.09730076310507,1014,1188,174,33063.96000000001,11.590715293976245,0.03505543587028367,82.69434684161475,95.64784631971983,591.1896702928062,-44.7000679623047,86.65240686520451,Review 100yr value: lower than expected return-period progression,45.76096090572281,45.72011793440713
Barangay 812,1722.0,51001.90135447816,49307.69663174816,96.67815379870882,50353.18624433248,98.72805700784188,48768.07601088383,95.62011359523916,False,True,True,812,BARANGAY 812,1380611026.0,City of Manila - Paco,133911000,133911026,1829.0,1703.0,0.05098426,U,No,12746.0660806123,21165.7326326707,12746.0656794849,21031.1448472272,12746.0660806123,21165.7326326707,0.03376344713173721,337.6344713173721,0.9667815379870882,0.9872805700784189,0.9562011359523916,1665,1700,1647,2.0499032091330633,-3.1079434126027223,-1.058040203469659,1045.4896125843225,-1585.1102334486495,-539.6206208643271,35,-53,-18,-126.0,-6.889010388190268,358.6140813237362,333.9091200078309,-24.70496131590528,1806,1681,-125,50984.26,17.641354478160792,0.03460157012803715,82.69434684161475,95.64784631971983,591.1896702928062,3.080210688122051,-253.5551989754341,Review 100yr value: lower than expected return-period progression,97.80560056373201,96.97240384051753
Barangay 813,967.0,22469.27072918085,22186.73507152655,98.74256863491624,22393.707781074725,99.66370538226684,22141.209855609944,98.53995762690752,False,True,True,813,BARANGAY 813,1380611027.0,City of Manila - Paco,133911000,133911027,1120.0,1001.0,0.02246146,U,No,7487.15297078657,10494.877533868,5615.36469836871,9558.02330574904,7487.15297078657,10494.877533868,0.04303655475316147,430.36554753161465,0.9874256863491624,0.9966370538226684,0.9853995762690753,955,964,953,0.9211367473506016,-1.123747755359318,-0.20261100800871645,206.97270954817577,-252.49792546478056,-45.52521591660479,9,-11,-2,-119.0,-10.625,498.45854522793013,445.4973247974625,-52.96122043046762,1116,998,-118,22461.46,7.810729180851922,0.03477391576884104,82.69434684161475,95.64784631971983,591.1896702928062,4.015859062547008,-160.82412276119157,Review 100yr value: lower than expected return-period progression,99.24919384595907,98.98392209328546
Barangay 814,2528.0,17002.247008242928,16464.9117959981,96.83962236294816,17002.247008242928,100.0,14745.121680711622,86.72454689996552,False,True,True,814,BARANGAY 814,1380611028.0,City of Manila - Paco,133911000,133911028,2131.0,2196.0,0.01699632,U,No,16996.3505614998,0.0,8498.17400594609,6506.80337897572,16996.3505614998,0.0,0.14868622945981141,1486.862294598114,0.9683962236294816,1.0,0.8672454689996552,2448,2528,2192,3.1603776370518375,-13.275453100034483,-10.115075462982645,537.3352122448268,-2257.1253275313065,-1719.7901152864797,80,-336,-256,65.0,3.050211168465509,1253.363745960673,1291.593986921463,38.23024096079007,2131,2196,65,16996.32,5.927008242928423,0.03487230319815362,82.69434684161475,95.64784631971983,591.1896702928062,4.352153680280168,895.6726243053077,Review 100yr value: lower than expected return-period progression,98.57783006332667,93.89972435072325
Barangay 815,1470.0,28928.02130949638,26177.784680020457,90.49282838929228,28611.13612537325,98.90457359411892,24962.793385371533,86.2927786117775,False,True,True,815,BARANGAY 815,1380611029.0,City of Manila - Paco,133911000,133911029,1166.0,1374.0,0.02891775,U,No,14458.980957597,13948.1069715275,9639.32111317907,10561.5341838606,14458.980957597,13948.1069715275,0.050815781151178636,508.15781151178635,0.9049282838929229,0.9890457359411892,0.8629277861177751,1330,1454,1269,8.41174520482663,-12.611794982341408,-4.200049777514778,2433.3514453527932,-3648.342740001717,-1214.991294648924,124,-185,-61,208.0,17.83876500857633,403.0693933488047,474.97199524979214,71.90260190098746,1153,1359,206,28917.75,10.271309496380127,0.03551904797703876,82.69434684161475,95.64784631971983,591.1896702928062,3.2567272743990827,-83.03185878101988,Review 100yr value: lower than expected return-period progression,95.11928825194693,91.75691929997569
Barangay 816,806.0,10668.908618452238,10503.216306944189,98.44696100197652,10668.908618452237,99.99999999999996,10407.0652036084,97.5457338308159,False,True,True,816,BARANGAY 816,1380611030.0,City of Manila - Paco,133911000,133911030,1039.0,781.0,0.01066522,U,No,10665.223098713,0.0,5332.61151672853,5164.45069670471,10665.223098713,0.0,0.07554662138599591,755.4662138599592,0.9844696100197652,0.9999999999999996,0.9754573383081591,793,806,786,1.553038998023439,-2.454266169184052,-0.9012271711606132,165.69231150804808,-261.8434148438373,-96.15110333578923,13,-20,-7,-258.0,-24.831568816169394,973.8578116631484,732.0336389883723,-241.82417267477604,1039,781,-258,10665.22,3.6886184522390977,0.03458548864663924,82.69434684161475,95.64784631971983,591.1896702928062,4.352153680280125,164.276543567153,Review 100yr value: lower than expected return-period progression,99.30113245088941,98.63003378282048
Barangay 817,1395.0,8418.794586215623,7421.822109735607,88.15777643378551,8418.79458621562,99.99999999999996,7346.677129925105,87.26519045795544,False,True,True,817,BARANGAY 817,1380611031.0,City of Manila - Paco,133911000,133911031,1122.0,1716.0,0.00841588,U,No,8415.87720611133,0.0,4207.93855826347,2289.3311443237,8415.87720611133,0.0,0.16570068145908687,1657.0068145908685,0.8815777643378552,0.9999999999999996,0.8726519045795544,1230,1395,1217,11.842223566214443,-12.734809542044516,-0.8925859758300732,996.9724764800121,-1072.1174562905144,-75.14497981050226,165,-178,-13,594.0,52.94117647058824,1332.7323627031933,2038.2965547225308,705.5641920193375,1122,1716,594,8415.880000000001,2.9145862156219664,0.034631984006686954,82.69434684161475,95.64784631971983,591.1896702928062,4.352153680280125,1065.8171442980624,Review 100yr value: lower than expected return-period progression,94.67099939520347,91.94552029162854
Barangay 818,1424.0,14193.23727506626,14193.23727506626,100.0,14193.23727506626,100.0,14193.23727506626,100.0,False,False,False,818,BARANGAY 818,1380611032.0,City of Manila - Paco,133911000,133911032,1486.0,1388.0,0.01418835,U,No,7094.17546442815,208.2189424096,7094.17548364843,4951.14296513024,7094.17546442815,208.2189424096,0.10032947187472085,1003.2947187472085,1.0,1.0,1.0,1424,1424,1424,0.0,0.0,0.0,0.0,0.0,0.0,0,0,0,-98.0,-6.594885598923284,1046.977494423,977.9305264193297,-69.04696800367037,1486,1388,-98,14188.35,4.887275066259463,0.034445690064450495,82.69434684161475,95.64784631971983,591.1896702928062,4.352153680280168,412.1050484544023,OK,100.0,100.0
Barangay 818-A,1659.0,8353.231026285728,8353.231026285728,100.0,8353.231026285728,100.0,8353.231026285728,100.0,False,False,False,818,BARANGAY 818-A,1380614101.0,City of Manila - Santa Ana,133914000,133914101,1994.0,1574.0,0.00835036,U,No,4175.18218799584,837.557329600648,4175.182196317,2354.63363613234,4175.18218799584,837.557329600648,0.19860578437008414,1986.0578437008414,1.0,1.0,1.0,1659,1659,1659,0.0,0.0,0.0,0.0,0.0,0.0,0,0,0,-420.0,-21.063189568706118,2387.10026542464,1884.3008113231613,-502.79945410147866,1994,1574,-420,8350.359999999999,2.8710262857293856,0.03438206599151876,65.42379484316348,80.78620385851642,718.8624007494828,19.213796141483584,1267.1954429513585,OK,100.0,100.0
Barangay 819,2280.0,14583.792373078655,14583.792373078652,100.0,14583.792373078652,100.0,14468.156884726508,99.20709589526516,False,True,True,819,BARANGAY 819,1380611034.0,City of Manila - Paco,133911000,133911034,2194.0,2007.0,0.01457878,U,No,7289.38984427252,5979.08452248208,14578.7796655854,0.0,7289.38984427252,5979.08452248208,0.15633793609190622,1563.3793609190623,1.0,1.0,0.9920709589526515,2280,2280,2262,0.0,-0.7929041047348449,-0.7929041047348449,0.0,-115.63548835214351,-115.63548835214351,0,-18,-18,-187.0,-8.523245214220601,1504.4097885335186,1376.1852532300693,-128.22453530344933,2194,2007,-187,14578.779999999999,5.01237307865631,0.034381293075664156,82.69434684161475,95.64784631971983,591.1896702928062,4.352153680280168,972.189690626256,Review 100yr value: lower than expected return-period progression,100.0,99.68283835810607
Barangay 820,1362.0,45146.638336356285,45146.638336356285,100.0,45146.638336356285,100.0,44832.16459045855,99.30343928698564,False,True,True,820,BARANGAY 820,1380611035.0,City of Manila - Paco,133911000,133911035,1432.0,1417.0,0.04513105,U,No,22565.5259860873,8408.99006502036,15043.6839765344,19753.3471334737,22565.5259860873,8408.99006502036,0.03016835915561825,301.6835915561825,1.0,1.0,0.9930343928698564,1362,1362,1353,0.0,-0.6965607130143638,-0.6965607130143638,0.0,-314.47374589773244,-314.47374589773244,0,-9,-9,-15.0,-1.047486033519553,317.18862195921685,313.8661154442809,-3.322506514935924,1432,1417,-15,45131.049999999996,15.588336356289801,0.034540158840288014,82.69434684161475,95.64784631971983,591.1896702928062,4.352153680280168,-289.50607873662375,Review 100yr value: lower than expected return-period progression,100.0,99.72137571479425
Barangay 821,2474.0,13658.053752208987,13489.217785543064,98.76383583101205,13658.053752208983,99.99999999999996,13366.224943784862,97.8633206918158,False,True,True,821,BARANGAY 821,1380611036.0,City of Manila - Paco,133911000,133911036,1748.0,1995.0,0.01365327,U,No,6826.63469545427,6719.22962923406,6826.63474577887,6822.81793730702,6826.63469545427,6719.22962923406,0.18113854615631947,1811.3854615631947,0.9876383583101205,0.9999999999999996,0.978633206918158,2443,2474,2421,1.2361641689879121,-2.1366793081841564,-0.9005151391962443,168.83596666591984,-291.82880842412123,-122.9928417582014,31,-53,-22,247.0,14.130434782608695,1279.8309566743994,1460.6766353349124,180.84567866051293,1748,1995,247,13653.27,4.783752208986698,0.03503741015146333,82.69434684161475,95.64784631971983,591.1896702928062,4.352153680280125,1220.1957912703883,Review 100yr value: lower than expected return-period progression,99.4437261239554,98.83628723447933
Barangay 822,1087.0,13581.550640430867,13481.550640409045,99.26370704885392,13581.550640430867,100.0,13183.116579279997,97.0663580934214,False,True,True,822,BARANGAY 822,1380611037.0,City of Manila - Paco,133911000,133911037,1874.0,897.0,0.01357681,U,No,6788.40255857218,744.579290579293,4525.60169089182,5325.16726921549,6788.40255857218,744.579290579293,0.08003504377210904,800.3504377210904,0.9926370704885392,1.0,0.970663580934214,1079,1087,1055,0.7362929511460834,-2.9336419065786004,-2.197348955432517,100.00000002182242,-398.43406115087055,-298.43406112904813,8,-32,-24,-977.0,-52.13447171824973,1379.8129901465718,660.4547770338713,-719.3582131127005,1874,897,-977,13576.81,4.740640430867643,0.03491718916938252,82.69434684161475,95.64784631971983,591.1896702928062,4.352153680280168,209.1607674282842,Review 100yr value: lower than expected return-period progression,99.66866817198428,98.64246999958203
Barangay 823,3590.0,17145.192656441784,16674.90174162848,97.25701003052534,17075.900511539392,99.59585088198844,16375.254685778771,95.50930697548196,False,True,True,823,BARANGAY 823,1380611038.0,City of Manila - Paco,133911000,133911038,2660.0,3002.0,0.01713922,U,No,5713.07421622363,4404.73652507912,4284.80557111076,5001.49893505517,5713.07421622363,4404.73652507912,0.2093881399840186,2093.8813998401856,0.9725701003052534,0.9959585088198843,0.9550930697548197,3492,3575,3429,2.338840851463104,-4.086543906506478,-1.7477030550433739,400.9987699109115,-700.6458257606209,-299.64705584970943,83,-146,-63,342.0,12.857142857142856,1551.4552990459315,1750.92812320898,199.47282416304847,2649,2990,341,17139.22,5.972656441783329,0.034847889470952166,82.69434684161475,95.64784631971983,591.1896702928062,3.9480045622686077,1502.6917295473795,Review 100yr value: lower than expected return-period progression,98.54337249883005,97.37652310652007
Barangay 824,1378.0,38739.52597941972,17197.522119562105,44.39270147161389,34008.818124694975,87.78842090830456,24167.42847791949,62.38441970291113,False,True,False,824,BARANGAY 824,1380611039.0,City of Manila - Paco,133911000,133911039,1760.0,1302.0,0.03872602,U,No,9681.49783705795,13883.4189622187,12908.6645841271,7559.8809178319,9681.49783705795,13883.4189622187,0.035570905042360594,355.7090504236059,0.4439270147161389,0.8778842090830455,0.6238441970291113,612,1210,860,43.39571943669067,-25.404001205393428,17.99171823129724,16811.29600513287,-9841.389646775486,6969.906358357384,598,-350,248,-458.0,-26.022727272727273,454.31634887194946,336.0908444495899,-118.22550442235956,1545,1143,-402,38726.02,13.50597941972228,0.034875722885342415,82.69434684161475,95.64784631971983,591.1896702928062,-7.859425411415273,-235.48061986920032,Review 100yr value: lower than expected return-period progression,68.26034716179376,66.77789056697452
Barangay 825,463.0,59473.03285221296,30890.619734584907,51.94054893979647,47280.476955621336,79.49901777013892,29152.08660928632,49.01731963414001,False,True,True,825,BARANGAY 825,1380611040.0,City of Manila - Paco,133911000,133911040,453.0,388.0,0.05945255,U,No,14863.0851067698,15694.0243398973,14863.0850079058,9195.82728527786,14863.0851067698,15694.0243398973,0.007785041014311952,77.85041014311953,0.5194054893979647,0.7949901777013892,0.4901731963414001,240,368,227,27.55846883034245,-30.48169813599891,-2.923229305656463,16389.85722103643,-18128.390346335014,-1738.5331252985852,128,-141,-13,-65.0,-14.348785871964681,76.16897579877569,65.23965256054076,-10.929323238234929,360,308,-52,59452.55,20.48285221295373,0.03445243679699816,82.69434684161475,95.64784631971983,591.1896702928062,-16.148828549580912,-513.3392601496867,Review 100yr value: lower than expected return-period progression,67.09770679648481,60.41672130815374
Barangay 826,2048.0,21266.267527898777,21266.267527898777,100.0,21266.267527898777,100.0,21064.70158891963,99.052179990143,False,True,True,826,BARANGAY 826,1380611041.0,City of Manila - Paco,133911000,133911041,2286.0,1760.0,0.02125883,U,No,10629.4137555453,8482.09761940986,10629.4137496741,5414.26979396533,10629.4137555453,8482.09761940986,0.09630274787586826,963.0274787586825,1.0,1.0,0.9905217999014301,2048,2048,2029,0.0,-0.9478200098569971,-0.9478200098569971,0.0,-201.56593897914718,-201.56593897914718,0,-19,-19,-526.0,-23.009623797025373,1074.9418049034903,827.6017395582428,-247.34006534524747,2286,1760,-526,21258.829999999998,7.437527898779081,0.03498559374518297,82.69434684161475,95.64784631971983,591.1896702928062,4.352153680280168,371.83780846587626,Review 100yr value: lower than expected return-period progression,100.0,99.6208719960572
Barangay 827,2719.0,112780.56625897404,102842.72947565302,91.18834289189404,112780.56625897402,100.0,106389.34112362264,94.33304393890393,False,True,False,827,BARANGAY 827,1380611042.0,City of Manila - Paco,133911000,133911042,3409.0,2661.0,0.11274087,U,No,56370.4143386881,20834.2682521894,37580.2769060634,38543.275433399,56370.4143386881,20834.2682521894,0.024108763505908067,241.08763505908067,0.9118834289189404,1.0,0.9433304393890393,2479,2719,2565,8.811657108105962,-5.666956061096073,3.144701047009889,9937.836783321007,-6391.225135351386,3546.611647969621,240,-154,86,-748.0,-21.9419184511587,302.26838834733576,235.94490507253167,-66.32348327480409,3409,2661,-748,112740.87000000001,39.69625897402875,0.035210176197885246,82.69434684161475,95.64784631971983,591.1896702928062,4.352153680280168,-350.1020352337256,Review 100yr value: lower than expected return-period progression,96.03475430135232,95.53030329853507
Barangay 828,2715.0,16252.32982568962,16252.329825689614,99.99999999999996,16252.329825689614,99.99999999999996,16252.329825689614,99.99999999999996,False,False,False,828,BARANGAY 828,1380611043.0,City of Manila - Paco,133911000,133911043,2867.0,2658.0,0.01624664,U,No,8123.31793280414,7990.77651983511,8123.31787543336,743.176519661214,8123.31793280414,7990.77651983511,0.16705297204272046,1670.5297204272047,0.9999999999999996,0.9999999999999996,0.9999999999999996,2715,2715,2715,0.0,0.0,0.0,0.0,0.0,0.0,0,0,0,-209.0,-7.289850017439832,1764.0547729152102,1635.4578257442026,-128.5969471710075,2867,2658,-209,16246.64,5.689825689620193,0.03502155331576371,82.69434684161475,95.64784631971983,591.1896702928062,4.352153680280125,1079.3400501343986,OK,99.99999999999996,99.99999999999996
Barangay 829,4375.0,168893.3626010544,101110.01017914276,59.86618338458703,154293.3626011865,91.355492143078,107260.91861741435,63.50807217378757,False,True,False,829,BARANGAY 829,1380611044.0,City of Manila - Paco,133911000,133911044,4103.0,4226.0,0.16883382,U,No,42208.4424739454,59305.3527622752,42208.4420209873,37429.8916177402,42208.4424739454,59305.3527622752,0.025903919092038298,259.03919092038296,0.5986618338458704,0.91355492143078,0.6350807217378757,2619,3997,2778,31.489308758490964,-27.847419969290428,3.641888789200536,53183.35242204374,-47032.443983772144,6150.9084382715955,1378,-1219,159,123.0,2.997806483061175,242.9343543648757,250.21705618960877,7.282701824733067,3748,3861,113,168833.82,59.5426010543888,0.035266986824315644,82.69434684161475,95.64784631971983,591.1896702928062,-4.292354176641837,-332.15047937242326,Review 100yr value: lower than expected return-period progression,77.18530320175707,72.34419696573909
Barangay 830,5407.0,419226.514560359,323945.5372829649,77.27219677951075,398226.5145596816,94.9907748505125,334170.65236401884,79.71123980897585,False,True,False,830,BARANGAY 830,1380611045.0,City of Manila - Paco,133911000,133911045,7923.0,5191.0,0.41907977,U,No,104769.928996768,110208.311721226,104769.929556445,84682.077812566,104769.928996768,110208.311721226,0.012897562086859648,128.97562086859648,0.7727219677951075,0.9499077485051249,0.7971123980897584,4178,5136,4310,17.718578071001744,-15.279535041536647,2.439043029465097,74280.97727671667,-64055.86219566275,10225.115081053926,958,-826,132,-2732.0,-34.481888173671585,188.9909088481394,123.82327500071838,-65.16763384742103,7526,4931,-2595,419079.77,146.74456035898766,0.03501590171221762,82.69434684161475,95.64784631971983,591.1896702928062,-0.657071469207338,-462.21404942420975,Review 100yr value: lower than expected return-period progression,87.01741471856172,84.4493163161474
Barangay 831,3678.0,173167.15392025403,127223.27507731951,73.46847955698786,158967.15392062897,91.7998305809401,135369.90140322509,78.17296660402751,False,True,False,831,BARANGAY 831,1380611046.0,City of Manila - Paco,133911000,133911046,1324.0,3350.0,0.17310624,U,No,43276.6051468244,51248.1597133693,43276.6044234095,52119.5079476199,43276.6051468244,51248.1597133693,0.021239593749365265,212.3959374936526,0.7346847955698785,0.917998305809401,0.781729666040275,2702,3376,2875,18.331351023952237,-13.626863976912588,4.704487047039649,31743.87884330946,-23597.25251740389,8146.62632590557,674,-501,173,2026.0,153.02114803625378,76.4579176839576,193.4547010885634,116.99678340460581,1215,3075,1860,173106.24,60.91392025403911,0.035188748975218405,82.69434684161475,95.64784631971983,591.1896702928062,-3.8480157387797362,-378.79373279915364,Review 100yr value: lower than expected return-period progression,83.5507226201616,81.766247234187
Barangay 832,2990.0,91259.06807732576,73151.48214389611,80.15804202812294,86813.97071799976,95.12914447519935,69650.37778767482,76.3215965877041,False,True,True,832,BARANGAY 832,1380611047.0,City of Manila - Paco,133911000,133911047,297.0,2888.0,0.0912275,U,No,22806.8584838207,33397.4870980797,22806.858568718,32606.4956553482,22806.8584838207,33397.4870980797,0.0327638673393696,327.63867339369597,0.8015804202812293,0.9512914447519936,0.7632159658770409,2397,2844,2282,14.971102447076419,-18.80754788749526,-3.836445440418842,13662.488574103656,-17163.592930324943,-3501.104356221287,447,-562,-115,2591.0,872.3905723905723,32.54471103609622,316.4617019267538,283.9169908906576,283,2747,2464,91227.5,31.568077325762715,0.03460368564935213,82.69434684161475,95.64784631971983,591.1896702928062,-0.5187018445204785,-263.55099689911026,Review 100yr value: lower than expected return-period progression,88.39214837401497,83.86334970843214
Barangay 833,1517.0,63872.1992983533,61813.24000472141,96.77643902002764,63572.19929837629,99.53031208683502,58596.03575836922,91.73949919065946,False,True,True,833,BARANGAY 833,1380612001.0,City of Manila - Pandacan,133912000,133912001,1669.0,1504.0,0.06385024,U,No,21283.4134876028,17613.8616237478,15962.5600904014,15647.3995207679,21283.4134876028,17613.8616237478,0.023750552144195698,237.505521441957,0.9677643902002764,0.9953031208683503,0.9173949919065946,1468,1510,1392,2.7538730668073867,-7.7908128961755665,-5.03693982936818,1758.9592936548797,-4976.163540007074,-3217.204246352194,42,-118,-76,-165.0,-9.88615937687238,261.3030423774728,235.47020715141946,-25.832835226053362,1661,1497,-164,63850.240000000005,21.95929835329298,0.034391880677806345,88.41746399323884,95.57370564134632,889.9718041591661,3.9566064454887027,-652.4662827172092,Review 100yr value: lower than expected return-period progression,98.29106920677171,95.72551866166296
Barangay 834,1918.0,278735.37061698746,266416.41495569306,95.58041175971816,276335.3706168661,99.1389682641249,249214.67117989957,89.40905871696758,False,True,True,834,BARANGAY 834,1380612002.0,City of Manila - Pandacan,133912000,133912002,1618.0,1733.0,0.27864056,U,No,92880.1834170712,64039.1087863342,69660.1367395728,83057.4464188922,92880.1834170712,64039.1087863342,0.006881078622187276,68.81078622187276,0.9558041175971816,0.9913896826412489,0.8940905871696758,1833,1901,1715,3.558556504406738,-9.72990954715732,-6.171353042750582,9918.955661173037,-27120.699436966534,-17201.743775793497,68,-186,-118,115.0,7.107540173053152,58.04788952397817,62.17366659150443,4.125777067526258,1604,1718,114,278640.56,94.81061698746635,0.034026136391437894,88.41746399323884,95.57370564134632,889.9718041591661,3.565262622778576,-821.1610179372934,Review 100yr value: lower than expected return-period progression,97.53761783714188,94.3573653191603
Barangay 835,2943.0,93087.22708224136,84971.48850839818,91.28157661558332,92791.44551348482,99.68225332515787,80334.32631258869,86.3000530047096,False,True,True,835,BARANGAY 835,1380612003.0,City of Manila - Pandacan,133912000,133912003,2675.0,2706.0,0.09305563,U,No,23263.9094036661,23163.9000105868,23263.9081979986,34123.9665725263,23263.9094036661,23163.9000105868,0.03161550829524547,316.1550829524547,0.9128157661558332,0.9968225332515788,0.863000530047096,2686,2934,2540,8.400676709574554,-13.382200320448277,-4.981523610873722,7819.957005086646,-12457.119200896137,-4637.162195809491,248,-394,-146,31.0,1.1588785046728973,287.364881718592,290.6950915628075,3.33020984421546,2667,2697,30,93055.63,31.597082241351018,0.033955046289355105,88.41746399323884,95.57370564134632,889.9718041591661,4.108547683811551,-573.8167212067115,Review 100yr value: lower than expected return-period progression,95.90194880584933,92.22920401958493
Barangay 836,5673.0,50002.153968331855,38417.56721085256,76.8318245553657,48811.71106091563,97.61921674780216,30103.91873689986,60.20524387002557,False,True,True,836,BARANGAY 836,1380612004.0,City of Manila - Pandacan,133912000,133912004,5953.0,5317.0,0.0499853,U,No,12496.3391505419,11908.9363725467,12496.3382686257,10754.3686113793,12496.3391505419,11908.9363725467,0.11345511242561496,1134.5511242561495,0.768318245553657,0.9761921674780215,0.6020524387002557,4359,5538,3415,20.787392192436457,-37.41397287777659,-16.62658068534013,10394.143850063068,-18707.79232401577,-8313.6484739527,1179,-2123,-944,-636.0,-10.683688896354779,1190.54871191554,1063.3541913749245,-127.19452054061549,5811,5190,-621,49985.3,16.85396833185223,0.03371784971151964,88.41746399323884,95.57370564134632,889.9718041591661,2.045511106455834,244.57932009698334,Review 100yr value: lower than expected return-period progression,88.26489026120575,77.4567795485824
Barangay 837,3188.0,64394.4114505825,61038.10683938357,94.78789457719536,63794.41145073793,99.06824212485424,55720.74527195618,86.53040538264311,False,True,True,837,BARANGAY 837,1380612005.0,City of Manila - Pandacan,133912000,133912005,3218.0,3039.0,0.06437299,U,No,16093.2451026341,25679.9520873072,16093.2450615665,21862.2696811763,16093.2451026341,25679.9520873072,0.049507401778903316,495.0740177890332,0.9478789457719536,0.9906824212485423,0.865304053826431,3022,3158,2759,4.280347547658877,-12.537836742211127,-8.25748919455225,2756.3046113543605,-8073.66617878175,-5317.36156742739,136,-399,-263,-179.0,-5.562461155997514,499.7328071659689,471.9353638835859,-27.79744328238297,3188,3011,-177,64372.990000000005,21.42145058249298,0.03327707876004048,88.41746399323884,95.57370564134632,889.9718041591661,3.4945364835079147,-394.89778637013296,Review 100yr value: lower than expected return-period progression,97.14208572840775,92.98302054105505
Barangay 838,3238.0,49880.39471405622,32026.47765137127,64.20654414417906,38266.619190420206,76.71675296433997,31382.035484590728,62.914569270133136,False,True,True,838,BARANGAY 838,1380612006.0,City of Manila - Pandacan,133912000,133912006,3073.0,2969.0,0.0498637,U,No,12465.9241327596,9903.7467686364,12465.9271514943,6662.51664477767,12465.9241327596,9903.7467686364,0.06491528422263139,649.1528422263139,0.6420654414417907,0.7671675296433997,0.6291456927013314,2079,2484,2037,12.510208820160912,-13.802183694206839,-1.291974874045927,6240.141539048935,-6884.583705829478,-644.4421667805436,405,-447,-42,-104.0,-3.3843150016270744,616.0737134532003,595.2238383477226,-20.849875105477736,2358,2278,-80,49863.7,16.694714056226076,0.033480696491086856,88.41746399323884,95.57370564134632,889.9718041591661,-18.856952677006348,-240.8189619328523,Review 100yr value: lower than expected return-period progression,71.08715899526757,68.06832728161702
Barangay 839,2052.0,95703.24606726484,82033.31254705823,85.71633243181876,95703.24606726484,100.0,72361.58963436646,75.61038168288175,False,True,True,839,BARANGAY 839,1380612007.0,City of Manila - Pandacan,133912000,133912007,1819.0,2007.0,0.0956714,U,No,47835.691386356,22967.941215202,31890.4609436402,20957.5609914412,47835.691386356,22967.941215202,0.02144127899860111,214.4127899860111,0.8571633243181875,1.0,0.7561038168288176,1759,2052,1552,14.283667568181244,-24.38961831711825,-10.105950748937005,13669.933520206614,-23341.65643289838,-9671.722912691766,293,-500,-207,188.0,10.335349092908192,190.0666983355527,209.7107551178968,19.64405678234411,1819,2007,188,95671.40000000001,31.846067264836165,0.033286925104928075,88.41746399323884,95.57370564134632,889.9718041591661,4.426294358653678,-675.559014173155,Review 100yr value: lower than expected return-period progression,93.57234959431844,86.6732357811074
Barangay 840,2820.0,26570.02670178919,26453.95700465076,99.5631555118813,26570.02670178919,100.0,25467.28824846417,95.849690082356,False,True,True,840,BARANGAY 840,1380612008.0,City of Manila - Pandacan,133912000,133912008,2554.0,2541.0,0.02656111,U,No,13280.5568017596,7091.44494628014,13280.5567973007,5745.22927280323,13280.5568017596,7091.44494628014,0.10613463176572965,1061.3463176572966,0.9956315551188131,1.0,0.9584969008235601,2808,2820,2703,0.4368444881186946,-4.150309917643995,-3.7134654295253,116.06969713842773,-1102.7384533250188,-986.668756186591,12,-117,-105,-13.0,-0.5090054815974941,961.2335089704735,956.3407777188619,-4.892731251611622,2554,2541,-13,26561.11,8.916701789188664,0.03357051640232153,88.41746399323884,95.57370564134632,889.9718041591661,4.426294358653678,171.37451349813045,Review 100yr value: lower than expected return-period progression,99.8034199803466,98.23066491091274
Barangay 841,2541.0,41365.15107737458,41365.15107737457,99.99999999999996,41365.15107737457,99.99999999999996,40996.2176366465,99.10810566112043,False,True,True,841,BARANGAY 841,1380612009.0,City of Manila - Pandacan,133912000,133912009,2191.0,2250.0,0.04135073,U,No,20675.3643573938,7245.03852863302,20675.3643745711,15551.2126240958,20675.3643573938,7245.03852863302,0.061428519751976586,614.2851975197658,0.9999999999999996,0.9999999999999996,0.9910810566112044,2541,2541,2518,0.0,-0.8918943388795242,-0.8918943388795242,0.0,-368.9334407280694,-368.9334407280694,0,-23,-23,59.0,2.6928343222272932,529.6729113600185,543.9361253126616,14.263213952643127,2191,2250,59,41350.73,14.421077374579909,0.03487502487762588,88.41746399323884,95.57370564134632,889.9718041591661,4.426294358653635,-275.68660663940034,Review 100yr value: lower than expected return-period progression,99.99999999999996,99.64324226444815
Barangay 842,2831.0,31614.42616516356,30901.82135822424,97.74595052519236,31614.42616516356,100.0,30429.00221723533,96.2503701894344,False,True,True,842,BARANGAY 842,1380612010.0,City of Manila - Pandacan,133912000,133912010,3941.0,2812.0,0.03160345,U,No,15801.7239418269,15031.5613540539,31603.4478517255,0.0,15801.7239418269,15031.5613540539,0.0895477268892998,895.4772688929979,0.9774595052519236,1.0,0.9625037018943441,2767,2831,2725,2.254049474807644,-3.749629810565594,-1.4955803357579498,712.6048069393219,-1185.4239479282296,-472.81914098890775,64,-106,-42,-1129.0,-28.64755138289774,1246.5828034995777,889.467354336669,-357.1154491629087,3941,2812,-1129,31603.449999999997,10.976165163563564,0.03473090806087173,88.41746399323884,95.57370564134632,889.9718041591661,4.426294358653678,5.505464733831786,Review 100yr value: lower than expected return-period progression,98.98567773633657,97.93663570707186
Barangay 843,9355.0,28496.531814771373,28496.531814771373,100.0,28496.531814771373,100.0,28496.531814771373,100.0,False,False,False,843,BARANGAY 843,1380612011.0,City of Manila - Pandacan,133912000,133912011,5462.0,8744.0,0.02848658,U,No,14243.2894491032,947.162241699705,14243.2894551619,10423.5521926398,14243.2894491032,947.162241699705,0.32828556333829967,3282.855633382997,1.0,1.0,1.0,9355,9355,9355,0.0,0.0,0.0,0.0,0.0,0.0,0,0,0,3282.0,60.08787989747345,1916.7244756320608,3068.4435765153316,1151.7191008832708,5462,8744,3282,28486.58,9.951814771371573,0.03493509846170222,88.41746399323884,95.57370564134632,889.9718041591661,4.426294358653678,2392.8838292238306,OK,100.0,100.0
Barangay 844,4285.0,33332.20255796648,19356.081259435206,58.07021370932194,26245.37475675156,78.73879534696052,18702.70853534733,56.11002904120219,False,True,True,844,BARANGAY 844,1380612012.0,City of Manila - Pandacan,133912000,133912012,5273.0,3500.0,0.03332062,U,No,8330.1545562805,5805.96580643509,8330.15482585602,5926.7957989497,8330.1545562805,5805.96580643509,0.12855436098314105,1285.5436098314105,0.5807021370932194,0.7873879534696051,0.5611002904120219,2488,3374,2404,20.668581637638574,-22.628766305758326,-1.9601846681197514,6889.293497316354,-7542.66622140423,-653.3727240878761,886,-970,-84,-1773.0,-33.62412289019534,1581.9536650270777,1050.035620632424,-531.9180443946536,4152,2756,-1396,33320.62,11.582557966474269,0.03476093171878034,88.41746399323884,95.57370564134632,889.9718041591661,-16.834910294385807,395.5718056722444,Review 100yr value: lower than expected return-period progression,69.43793361002317,64.52014341524755
Barangay 845,1527.0,17431.826874499042,14606.62785750742,83.79286900144358,16043.653050108083,92.03655569559544,13422.931540619507,77.00243719294772,False,True,True,845,BARANGAY 845,1380612013.0,City of Manila - Pandacan,133912000,133912013,1939.0,1309.0,0.01742579,U,No,4356.44619311136,4870.9082844566,4356.44585445985,5721.75374745794,4356.44619311136,4870.9082844566,0.08759839178037289,875.9839178037289,0.8379286900144358,0.9203655569559543,0.7700243719294773,1280,1405,1176,8.243686694151862,-15.034118502647715,-6.790431808495853,1437.025192600664,-2620.721509488576,-1183.696316887912,125,-229,-104,-630.0,-32.49097472924188,1112.333213242587,750.9253100229739,-361.407903219613,1785,1205,-580,17425.79,6.036874499041005,0.03464333323792496,88.41746399323884,95.57370564134632,889.9718041591661,-3.5371499457508833,-13.98788635543724,Review 100yr value: lower than expected return-period progression,88.32689668322712,83.96198662099839
Barangay 846,1996.0,13892.759153892175,10386.769916670237,74.76390975769773,11466.271165567166,82.53415350078096,10302.297354974702,74.15587674740928,False,True,True,846,BARANGAY 846,1380612014.0,City of Manila - Pandacan,133912000,133912014,2002.0,1848.0,0.01388796,U,No,3471.9888746031,3430.78133293233,3471.98955112815,4286.03789434273,3471.9888746031,3430.78133293233,0.14367196450251593,1436.7196450251593,0.7476390975769773,0.8253415350078096,0.7415587674740928,1492,1647,1480,7.770243743083228,-8.37827675337168,-0.6080330102884517,1079.5012488969296,-1163.9738105924644,-84.47256169553475,155,-167,-12,-154.0,-7.6923076923076925,1441.038441553291,1330.1893306645763,-110.84911088871468,1652,1525,-127,13887.96,4.799153892176037,0.034556219143603795,88.41746399323884,95.57370564134632,889.9718041591661,-13.039552140565362,546.7478408659931,Review 100yr value: lower than expected return-period progression,79.03754381639351,77.24028186366148
Barangay 847,3132.0,40720.50299624274,40070.10775403836,98.40278190506538,40267.08996940833,98.88652400272106,38580.99859580009,94.74587924260152,False,True,True,847,BARANGAY 847,1380612015.0,City of Manila - Pandacan,133912000,133912015,3188.0,2883.0,0.04070648,U,No,10176.6184960684,12936.4502990535,10176.6184362854,12459.0292518554,10176.6184960684,12936.4502990535,0.07691457053683713,769.1457053683712,0.9840278190506538,0.9888652400272107,0.9474587924260152,3082,3097,2967,0.48374209765567855,-4.140644760119542,-3.656902662463864,196.98221536996425,-1686.0913736082366,-1489.1091582382724,15,-130,-115,-305.0,-9.567126725219573,782.8979912881122,707.99714833238,-74.90084295573217,3153,2851,-302,40706.48,14.022996242740192,0.03444905145996458,88.41746399323884,95.57370564134632,889.9718041591661,3.312818361374738,-120.82609879079496,Review 100yr value: lower than expected return-period progression,98.66884005877601,97.10933057425933
Barangay 848,1589.0,41155.45516386873,40838.64030209246,99.23019959197435,41155.45516386873,100.0,40621.95944378738,98.70370594139432,False,True,True,848,BARANGAY 848,1380612016.0,City of Manila - Pandacan,133912000,133912016,1295.0,1586.0,0.04114132,U,No,20570.6595497896,3608.16539507396,20570.6594526575,16042.159289251,20570.6595497896,3608.16539507396,0.038609705412637925,386.0970541263792,0.9923019959197436,1.0,0.9870370594139432,1577,1589,1568,0.7698004080256453,-1.2962940586056817,-0.5264936505800364,316.81486177627085,-533.4957200813515,-216.68085830508062,12,-21,-9,291.0,22.47104247104247,314.6605947725998,385.3681106635855,70.70751589098575,1295,1586,291,41141.32,14.135163868733798,0.03435758470737885,88.41746399323884,95.57370564134632,889.9718041591661,4.426294358653678,-503.87475003278695,Review 100yr value: lower than expected return-period progression,99.65358981638846,99.28903227455132
Barangay 849,1908.0,12051.297910207948,10468.592002848056,86.86692571080435,12051.297910207948,100.0,11020.23135100943,91.44435257612244,False,True,False,849,BARANGAY 849,1380612017.0,City of Manila - Pandacan,133912000,133912017,2670.0,1849.0,0.0120471,U,No,6023.55175645428,3654.47075945787,4015.7011356866,4256.76558589153,6023.55175645428,3654.47075945787,0.15832319590936716,1583.2319590936715,0.8686692571080435,1.0,0.9144435257612245,1657,1908,1745,13.133074289195648,-8.55564742387756,4.577426865318088,1582.705907359892,-1031.066559198518,551.6393481613741,251,-163,88,-821.0,-30.749063670411985,2215.528999360641,1534.274576710796,-681.2544226498451,2670,1849,-821,12047.1,4.197910207947643,0.03484581524140783,88.41746399323884,95.57370564134632,889.9718041591661,4.426294358653678,693.2601549345054,Review 100yr value: lower than expected return-period progression,94.09011656986198,93.29447245815007
Barangay 850,2655.0,11768.14250401589,11236.459178256122,95.4820114935018,11768.142504015888,100.0,11000.58498944845,93.47766638358168,False,True,True,850,BARANGAY 850,1380612018.0,City of Manila - Pandacan,133912000,133912018,2257.0,2456.0,0.01176406,U,No,5882.02906848537,4452.17270023574,5882.02902618297,5638.26000477654,5882.02906848537,4452.17270023574,0.22560909668573256,2256.090966857326,0.9548201149350181,1.0,0.9347766638358168,2535,2655,2482,4.517988506498199,-6.522333616418322,-2.0043451099201235,531.6833257597664,-767.5575145674375,-235.8741888076711,120,-173,-53,199.0,8.817013735046523,1917.8897597728753,2086.9903633151007,169.10060354222537,2257,2456,199,11764.06,4.082504015890663,0.03470318934016541,88.41746399323884,95.57370564134632,889.9718041591661,4.426294358653678,1366.1191626981597,Review 100yr value: lower than expected return-period progression,97.96690517207583,96.26156942680812
Barangay 851,1121.0,23604.99533907216,13378.753308402353,56.67763588267767,18616.890002555167,78.86843329191244,12027.375578644956,50.952670847329706,False,True,True,851,BARANGAY 851,1380612019.0,City of Manila - Pandacan,133912000,133912019,1142.0,1052.0,0.02359682,U,No,5899.20507447072,5902.91673479157,7865.6046533921,5118.3254501519,5899.20507447072,5902.91673479157,0.0474899479494692,474.899479494692,0.5667763588267767,0.7886843329191244,0.5095267084732971,635,884,571,22.19079740923477,-27.915762444582732,-5.724965035347964,5238.136694152814,-6589.51442391021,-1351.377729757396,249,-313,-64,-90.0,-7.880910683012258,483.795901501283,445.66837861589295,-38.12752288539008,901,830,-71,23596.82,8.175339072160568,0.03464593564794141,88.41746399323884,95.57370564134632,889.9718041591661,-16.705272349433884,-415.07232466447414,Review 100yr value: lower than expected return-period progression,68.88257445775679,62.154428961770655
Barangay 852,979.0,8812.869645933231,8795.575553404262,99.803763209672,8812.869645933228,99.99999999999996,8799.170266398478,99.84455256817428,False,True,False,852,BARANGAY 852,1380612020.0,City of Manila - Pandacan,133912000,133912020,1084.0,1118.0,0.00880981,U,No,4404.90512517601,1028.6701405128,4404.90514082657,4398.72760818267,4404.90512517601,1028.6701405128,0.11108753894388615,1110.8753894388615,0.99803763209672,0.9999999999999996,0.9984455256817428,977,979,977,0.1962367903279585,-0.155447431825678,0.04078935850228049,17.294092528965848,-13.699379534749824,3.5947129942160245,2,-2,0,34.0,3.136531365313653,1230.019328040578,1268.599270063991,38.57994202341297,1084,1118,34,8809.81,3.0596459332318773,0.034729987743570834,88.41746399323884,95.57370564134632,889.9718041591661,4.426294358653635,220.90358527969533,Review 100yr value: lower than expected return-period progression,99.91169344435238,99.8887618296877
Barangay 853,291.0,7322.385133267193,5132.548199422282,70.09393942014871,5332.54819925659,72.82528987760641,4964.211999021173,67.79501362838285,False,True,True,853,BARANGAY 853,1380612021.0,City of Manila - Pandacan,133912000,133912021,569.0,505.0,0.00731984,U,No,1829.96008107857,1748.61457700476,1829.96047192145,1124.93768484349,1829.96008107857,1748.61457700476,0.03974114918893347,397.4114918893347,0.7009393942014871,0.7282528987760641,0.6779501362838285,204,212,197,2.731350457457694,-5.0302762492235615,-2.2989257917658676,199.99999983430826,-368.336200235417,-168.33620040110873,8,-15,-7,-64.0,-11.247803163444638,777.0692057904861,689.6659910794297,-87.40321471105642,414,368,-46,7319.84,2.5451332671927958,0.03477034016034224,88.41746399323884,95.57370564134632,889.9718041591661,-22.748415763739914,-492.56031226983146,Review 100yr value: lower than expected return-period progression,71.59618217175046,70.13034176355256
Barangay 855,2319.0,44237.90106994104,28860.876221907507,65.24015724949939,43197.6708099374,97.64855421517622,27138.29665227615,61.34625738542599,False,True,True,855,BARANGAY 855,1380612023.0,City of Manila - Pandacan,133912000,133912023,1760.0,2142.0,0.04422262,U,No,14740.8755668827,20324.9363623427,14740.8739903174,13793.1606317302,14740.8755668827,20324.9363623427,0.05242111275427857,524.2111275427857,0.6524015724949939,0.9764855421517622,0.61346257385426,1513,2264,1423,32.40839696567683,-36.302296829750226,-3.893899864073397,14336.794588029894,-16059.374157661252,-1722.579569631358,751,-841,-90,382.0,21.704545454545453,397.8488936935329,484.200187665652,86.3512939721191,1719,2092,373,44222.619999999995,15.281069941047463,0.034554872463566075,88.41746399323884,95.57370564134632,889.9718041591661,2.0748485738298967,-365.76067661638047,Review 100yr value: lower than expected return-period progression,83.06477558062166,75.02553624185691
Barangay 856,1733.0,39725.29598904059,39267.27401816016,98.8470269145212,39725.29598904059,100.0,35984.02889783523,90.58215427208522,False,True,True,856,BARANGAY 856,1380612024.0,City of Manila - Pandacan,133912000,133912024,2089.0,1611.0,0.03971158,U,No,19855.7896084148,18983.0028340391,19855.7894946482,19767.6099882167,19855.7896084148,18983.0028340391,0.04362459628942978,436.24596289429786,0.988470269145212,1.0,0.9058215427208522,1713,1733,1570,1.1529730854788056,-9.41784572791478,-8.264872642435975,458.02197088042885,-3741.267091205358,-3283.2451203249293,20,-163,-143,-478.0,-22.881761608425084,525.8614059354808,405.53505263861155,-120.32635329686923,2089,1611,-478,39711.58,13.715989040589193,0.03453901617762172,88.41746399323884,95.57370564134632,889.9718041591661,4.426294358653678,-453.7258412648683,Review 100yr value: lower than expected return-period progression,99.48116211153454,95.94461843746438
Barangay 857,1907.0,15005.281843437784,13226.225446728564,88.14379886181712,14724.936697378706,98.1316902342512,11720.10899628134,78.10655686821944,False,True,True,857,BARANGAY 857,1380612025.0,City of Manila - Pandacan,133912000,133912025,1860.0,1894.0,0.01500009,U,No,3750.02784925423,6162.0929684077,5000.03636205923,6292.6860509965,3750.02784925423,6162.0929684077,0.12708858253362185,1270.8858253362184,0.8814379886181711,0.9813169023425119,0.7810655686821945,1681,1871,1489,9.987891372434078,-20.025133366031753,-10.037241993597675,1498.7112506501417,-3004.827701097365,-1506.1164504472235,190,-382,-192,34.0,1.827956989247312,1239.5635213032858,1262.2222093271093,22.658688023823515,1825,1859,34,15000.09,5.191843437783973,0.03461208191273501,88.41746399323884,95.57370564134632,889.9718041591661,2.557984592904873,380.9140211770523,Review 100yr value: lower than expected return-period progression,93.63713911665587,87.62466404472997
Barangay 858,718.0,14770.529061518817,14770.529061518811,99.99999999999996,14770.529061518811,99.99999999999996,14670.529061514446,99.32297618055608,False,True,True,858,BARANGAY 858,1380612026.0,City of Manila - Pandacan,133912000,133912026,580.0,665.0,0.01476544,U,No,7382.72145820771,3947.64340294039,14765.4431955756,0.0,7382.72145820771,3947.64340294039,0.048610310233949725,486.10310233949724,0.9999999999999996,0.9999999999999996,0.9932297618055608,718,718,713,0.0,-0.6770238194438747,-0.6770238194438747,0.0,-100.00000000436557,-100.00000000436557,0,-5,-5,85.0,14.655172413793101,392.6738152603181,450.2208399105371,57.54702465021899,580,665,85,14765.439999999999,5.089061518818198,0.03446603364896812,88.41746399323884,95.57370564134632,889.9718041591661,4.426294358653635,-403.8687018196689,Review 100yr value: lower than expected return-period progression,99.99999999999996,99.7291904722224
Barangay 859,1377.0,34383.43125421272,31589.963542670142,91.87554118467942,34165.78988593565,99.36701672771414,29591.689006782737,86.063804359715,False,True,True,859,BARANGAY 859,1380612027.0,City of Manila - Pandacan,133912000,133912027,2355.0,1355.0,0.03437164,U,No,11457.2095419427,9295.67870657064,8592.90623869022,13506.1244244923,11457.2095419427,9295.67870657064,0.04004835904302853,400.48359043028535,0.9187554118467942,0.9936701672771414,0.8606380435971499,1265,1368,1185,7.491475543034724,-13.303212367999151,-5.811736824964427,2575.8263432655076,-4574.100879152913,-1998.2745358874054,103,-183,-80,-1000.0,-42.462845010615716,684.9229160953682,394.0851597916025,-290.83775630376573,2340,1346,-994,34371.64,11.791254212723288,0.0343051836127787,88.41746399323884,95.57370564134632,889.9718041591661,3.7933110863678223,-489.4882137288808,Review 100yr value: lower than expected return-period progression,95.99585273334853,92.17286289475581
Barangay 860,3480.0,18580.65989627053,17680.65989651268,95.15625384253174,18580.65989627053,100.0,16981.48955389414,91.39336088543672,False,True,True,860,BARANGAY 860,1380612028.0,City of Manila - Pandacan,133912000,133912028,1390.0,3214.0,0.01857436,U,No,9287.16621967498,3517.84501535717,9287.16508988664,8971.53543750543,9287.16621967498,3517.84501535717,0.18729151813916461,1872.915181391646,0.9515625384253174,1.0,0.9139336088543673,3311,3480,3180,4.84374615746826,-8.60663911456328,-3.762892957095019,899.9999997578489,-1599.1703423763902,-699.1703426185413,169,-300,-131,1824.0,131.22302158273382,748.0896845213758,1729.7555726990663,981.6658881776905,1390,3214,1824,18574.36,6.2998962705278245,0.03391716468577019,88.41746399323884,95.57370564134632,889.9718041591661,4.426294358653678,982.9433772324799,Review 100yr value: lower than expected return-period progression,97.82031422913929,95.34640781480762
Barangay 861,1131.0,20626.52602689549,20626.526026895484,99.99999999999996,20626.526026895484,99.99999999999996,20519.595396493394,99.48158681562435,False,True,True,861,BARANGAY 861,1380612029.0,City of Manila - Pandacan,133912000,133912029,1013.0,1072.0,0.02061952,U,No,10309.7543526333,9866.75175260754,10309.7546471987,1261.53476508867,10309.7543526333,9866.75175260754,0.05483230663880375,548.3230663880374,0.9999999999999996,0.9999999999999996,0.9948158681562436,1131,1131,1125,0.0,-0.5184131843756035,-0.5184131843756035,0.0,-106.93063040209017,-106.93063040209017,0,-6,-6,59.0,5.824284304047384,491.11517794083284,519.7191221644351,28.603944223602298,1013,1072,59,20619.52,7.006026895491232,0.03397764300765115,88.41746399323884,95.57370564134632,889.9718041591661,4.426294358653635,-341.6487377711287,Review 100yr value: lower than expected return-period progression,99.99999999999996,99.79263472624972
Barangay 862,2525.0,43486.30196286722,42586.30695891048,97.93039425443617,43486.30196286721,99.99999999999996,39725.25631884273,91.35119457332556,False,True,True,862,BARANGAY 862,1380612030.0,City of Manila - Pandacan,133912000,133912030,2408.0,2419.0,0.04347145,U,No,21735.7171314271,3594.30705410519,21735.71624609,21635.7503542265,21735.7171314271,3594.30705410519,0.05806426129672023,580.6426129672022,0.9793039425443617,0.9999999999999996,0.9135119457332556,2473,2525,2307,2.0696057455637913,-8.6488054266744,-6.579199681110609,899.9950039567339,-3761.0456440244816,-2861.0506400677477,52,-218,-166,11.0,0.45681063122923593,553.7375889208013,556.2671210961039,2.52953217530262,2408,2419,11,43471.450000000004,14.851962867214752,0.03416486652093443,88.41746399323884,95.57370564134632,889.9718041591661,4.426294358653635,-309.3291911919639,Review 100yr value: lower than expected return-period progression,99.06867741449625,96.02307639293926
Barangay 863,1492.0,37505.05641787236,37299.92584684291,99.4530588922626,37505.056417872336,99.99999999999994,36540.06481023607,97.42703597913685,False,True,True,863,BARANGAY 863,1380612031.0,City of Manila - Pandacan,133912000,133912031,1565.0,1481.0,0.0374922,U,No,18746.1005694285,9409.60526355913,12497.4002541538,13172.9177607814,18746.1005694285,9409.60526355913,0.03978130264294215,397.8130264294215,0.994530588922626,0.9999999999999994,0.9742703597913684,1484,1492,1454,0.5469411077373394,-2.572964020863097,-2.0260229131257574,205.13057102942548,-964.9916076362642,-759.8610366068388,8,-38,-30,-84.0,-5.36741214057508,417.2770686072685,394.88008856700617,-22.39698004026235,1565,1481,-84,37492.200000000004,12.856417872353632,0.03429091350295163,88.41746399323884,95.57370564134632,889.9718041591661,4.426294358653621,-492.15877772974466,Review 100yr value: lower than expected return-period progression,99.75387650151814,98.83407911472037
Barangay 864,822.0,19781.55731482461,17958.31243584139,90.78310746739412,19681.557314873808,99.49447862794976,16530.946150419506,83.56746583359718,False,True,True,864,BARANGAY 864,1380612032.0,City of Manila - Pandacan,133912000,133912032,783.0,813.0,0.01977478,U,No,6591.59141009185,4874.51945130971,4943.69348625231,5865.69075723169,6591.59141009185,4874.51945130971,0.04155385680297174,415.53856802971734,0.9078310746739412,0.9949447862794976,0.8356746583359719,746,818,687,8.711371160555643,-15.927012794352578,-7.215641633796935,1723.244879032416,-3150.6111644543016,-1427.3662854218856,72,-131,-59,30.0,3.8314176245210727,395.82323451005925,410.98887567902705,15.165641168967795,779,809,30,19774.78,6.777314824612404,0.034272516936281486,88.41746399323884,95.57370564134632,889.9718041591661,3.9207729866034384,-474.4332361294488,Review 100yr value: lower than expected return-period progression,95.57436160569972,90.94583072006982
Barangay 865,86.0,186775.4746271474,129435.93878893944,69.30028637182015,180575.47462747712,96.68050636088752,113612.5468810368,60.82840753468146,False,True,True,865,BARANGAY 865,1380612033.0,City of Manila - Pandacan,133912000,133912033,2481.0,79.0,0.18671229,U,No,46678.0812189132,46208.3605665956,46678.082151272,34903.4864485318,46678.0812189132,46208.3605665956,0.00046044589190137754,4.604458919013776,0.6930028637182015,0.9668050636088752,0.6082840753468146,60,83,52,27.38021998906737,-35.85209882620606,-8.47187883713869,51139.535838537675,-66962.92774644031,-15823.391907902638,23,-31,-8,-2402.0,-96.81580008061266,132.83328579154858,4.22967737909405,-128.60360841245452,2399,76,-2323,186712.29,63.18462714739144,0.03384063638627722,88.41746399323884,95.57370564134632,889.9718041591661,1.106800719541198,-885.3673452401524,Review 100yr value: lower than expected return-period progression,84.35940736580721,75.49461183313825
Barangay 866,4046.0,157695.7912072781,153261.32840656934,97.1879637580942,157695.7912072781,100.0,148187.34835634852,93.97038895069082,False,True,True,866,BARANGAY 866,1380614064.0,City of Manila - Santa Ana,133914000,133914064,2487.0,3835.0,0.15764203,U,No,78821.0212744938,22541.3785472629,52547.3475736368,48116.4278007236,78821.0212744938,22541.3785472629,0.025656994197656595,256.569941976566,0.971879637580942,1.0,0.9397038895069082,3932,4046,3802,2.812036241905801,-6.029611049309182,-3.2175748074033805,4434.462800708745,-9508.442850929569,-5073.980050220824,114,-244,-130,1348.0,54.201849618013675,157.7087112446168,243.18974974793142,85.48103850331461,2487,3835,1348,157642.03,53.761207278090296,0.03410334621933649,65.42379484316348,80.78620385851642,718.8624007494828,19.213796141483584,-462.29245877291686,Review 100yr value: lower than expected return-period progression,98.7345836911424,96.88514651979989
Barangay 867,2396.0,30022.648947464902,30022.648947464884,99.99999999999994,30022.648947464884,99.99999999999994,29302.69994269443,97.60198040475952,False,True,True,867,BARANGAY 867,1380612034.0,City of Manila - Pandacan,133912000,133912034,3097.0,2116.0,0.03001236,U,No,15006.1808497492,6418.12215031924,10004.1206171443,12069.661283375,15006.1808497492,6418.12215031924,0.07980641562283987,798.0641562283988,0.9999999999999994,0.9999999999999994,0.9760198040475951,2396,2396,2339,0.0,-2.3980195952404273,-2.3980195952404273,0.0,-719.949004770453,-719.949004770453,0,-57,-57,-981.0,-31.675815305134,1031.554545842801,704.8012331299215,-326.7533127128795,3097,2116,-981,30012.359999999997,10.288947464905505,0.03428236721439269,88.41746399323884,95.57370564134632,889.9718041591661,4.426294358653621,-91.90764793076733,Review 100yr value: lower than expected return-period progression,99.99999999999994,99.04079216190377
Barangay 868,3002.0,18481.672832181543,13233.20499522205,71.60177065887399,15736.284058882598,85.14534480602596,14974.047333907716,81.02106053859957,False,True,False,868,BARANGAY 868,1380612035.0,City of Manila - Pandacan,133912000,133912035,2447.0,2850.0,0.01847532,U,No,4618.83046749742,5962.48771994266,4618.83270251602,4487.39390947126,4618.83046749742,5962.48771994266,0.16243118397663192,1624.3118397663193,0.7160177065887399,0.8514534480602596,0.8102106053859957,2149,2556,2432,13.543574147151972,-4.12428426742639,9.419289879725582,2503.079063660549,-762.2367249748822,1740.8423386856666,407,-124,283,403.0,16.46914589293012,1324.0143477375693,1542.0682023097968,218.05385457222746,2084,2427,343,18475.32,6.352832181542908,0.034385505536807526,88.41746399323884,95.57370564134632,889.9718041591661,-10.428360835320362,734.3400356071531,Review 100yr value: lower than expected return-period progression,79.05073643980758,80.10973756226741
Barangay 869,2078.0,24943.61475911647,21448.6578256826,85.98857075373758,23843.61475873521,95.59005376324124,19873.98069692744,79.67562395768573,False,True,True,869,BARANGAY 869,1380612039.0,City of Manila - Pandacan,133912000,133912039,1761.0,2010.0,0.02493507,U,No,8311.68929362486,6369.21706191249,8311.68924058244,9299.07134608809,8311.68929362486,6369.21706191249,0.08330789342553192,833.0789342553193,0.8598857075373758,0.9559005376324125,0.7967562395768573,1787,1986,1656,9.601483009503667,-15.914429805555514,-6.312946796051847,2394.95693305261,-3969.63406180777,-1574.67712875516,199,-330,-131,249.0,14.139693356047701,705.9923018400467,805.8174484375321,99.8251465974854,1683,1921,238,24935.07,8.544759116470232,0.034268037412649055,88.41746399323884,95.57370564134632,889.9718041591661,0.01634812189492152,-56.89286990384687,Review 100yr value: lower than expected return-period progression,91.2693864089646,86.82391108864311
Barangay 870,3139.0,23738.06325336376,23738.063253363754,99.99999999999996,23738.063253363754,99.99999999999996,23638.063253339307,99.57873564091088,False,True,True,870,BARANGAY 870,1380612036.0,City of Manila - Pandacan,133912000,133912036,1829.0,3049.0,0.02372993,U,No,11864.963731213,408.798206528296,11864.963653692,10327.0632565007,11864.963731213,408.798206528296,0.13223488228573968,1322.348822857397,0.9999999999999996,0.9999999999999996,0.9957873564091088,3139,3139,3126,0.0,-0.4212643590890792,-0.4212643590890792,0.0,-100.00000002444722,-100.00000002444722,0,-13,-13,1220.0,66.70311645708037,770.4925125855938,1284.435030548647,513.9425179630533,1829,3049,1220,23729.93,8.133253363761469,0.0342742408585338,88.41746399323884,95.57370564134632,889.9718041591661,4.426294358653635,432.3770186982308,Review 100yr value: lower than expected return-period progression,99.99999999999996,99.83149425636432
Barangay 871,2480.0,12731.824157097975,12731.824157097975,100.0,12731.824157097975,100.0,12731.824157097975,100.0,False,False,False,871,BARANGAY 871,1380612037.0,City of Manila - Pandacan,133912000,133912037,1989.0,2407.0,0.01272744,U,No,6363.72191524139,3731.4280857163,6363.72198408586,5553.64314734078,6363.72191524139,3731.4280857163,0.1947874844483619,1947.8748444836187,1.0,1.0,1.0,2480,2480,2480,0.0,0.0,0.0,0.0,0.0,0.0,0,0,0,418.0,21.015585721468074,1562.2270426120638,1890.5382059161575,328.3111633040937,1989,2407,418,12727.439999999999,4.38415709797664,0.03444649590158461,88.41746399323884,95.57370564134632,889.9718041591661,4.426294358653678,1057.9030403244526,OK,100.0,100.0
Barangay 872,1950.0,24078.30601372228,19231.17120679774,79.8692864682335,20249.29491262899,84.09767240722363,20254.406537731407,84.11890157965588,False,False,False,872,BARANGAY 872,1380612038.0,City of Manila - Pandacan,133912000,133912038,2406.0,1864.0,0.02406999,U,No,6017.49814546876,4094.17785520172,6017.49966302845,5241.11801846941,6017.49814546876,4094.17785520172,0.08098576365333553,809.8576365333554,0.798692864682335,0.8409767240722362,0.8411890157965588,1557,1640,1640,4.2283859389901295,0.02122917243225686,4.249615111422386,1018.1237058312508,5.111625102417747,1023.2353309336686,83,0,83,-542.0,-22.52701579384871,999.2397299996169,774.1408382041919,-225.09889179542495,2023,1568,-455,24069.989999999998,8.316013722280331,0.03454930277195932,88.41746399323884,95.57370564134632,889.9718041591661,-11.476033234122696,-80.11416762581075,OK,82.19489873467808,83.04906759144899
Barangay 873,1335.0,40794.44523629578,37894.445236086816,92.89118902485096,40794.44523629578,100.0,34094.44523625678,83.57619533436417,False,True,True,873,BARANGAY 873,1380614066.0,City of Manila - Santa Ana,133914000,133914066,846.0,1248.0,0.0407808,U,No,20390.4009477899,13902.3281309067,40780.8015831167,0.0,20390.4009477899,13902.3281309067,0.032725043624621204,327.250436246212,0.9289118902485096,1.0,0.8357619533436417,1240,1335,1116,7.108810975149041,-16.423804665635828,-9.314993690486787,2900.0000002089655,-6700.000000038999,-3799.9999998300336,95,-219,-124,402.0,47.5177304964539,207.38117532906017,305.92400332230153,98.54282799324136,846,1248,402,40780.799999999996,13.645236295786162,0.03345995246730364,65.42379484316348,80.78620385851642,718.8624007494828,19.213796141483584,-391.6119645032708,Review 100yr value: lower than expected return-period progression,96.80103506118294,91.65327538995842
Barangay 874,2030.0,48771.109470334624,48757.992724658085,99.97310550073806,48771.109470334624,100.0,48284.35322703988,99.00195782179034,False,True,True,874,BARANGAY 874,1380614067.0,City of Manila - Santa Ana,133914000,133914067,2170.0,2016.0,0.04875474,U,No,24377.3735042647,3316.98046754671,24377.3736867754,20121.682499321,24377.3735042647,3316.98046754671,0.041623002266019025,416.23002266019023,0.9997310550073806,1.0,0.9900195782179034,2029,2030,2010,0.02689449926194243,-0.9980421782096585,-0.971147678947716,13.116745676539722,-486.7562432947452,-473.6394976182055,1,-20,-19,-154.0,-7.096774193548387,444.9355414643413,413.35947077977517,-31.57607068456616,2170,2016,-154,48754.74,16.369470334626385,0.033575136150098196,65.42379484316348,80.78620385851642,718.8624007494828,19.213796141483584,-302.6323780892926,Review 100yr value: lower than expected return-period progression,99.98789747533213,99.59405950390065
Barangay 875,1003.0,30848.185568943358,30848.18556894335,100.0,30848.18556894335,100.0,30748.185568989626,99.67583182573176,False,True,True,875,BARANGAY 875,1380614068.0,City of Manila - Santa Ana,133914000,133914068,1306.0,1022.0,0.03083787,U,No,15418.9390518097,2475.90022053673,15418.939257493,13554.331623741,15418.9390518097,2475.90022053673,0.03251406789415121,325.14067894151214,1.0,1.0,0.9967583182573176,1003,1003,1000,0.0,-0.3241681742682374,-0.3241681742682374,0.0,-99.99999995372491,-99.99999995372491,0,-3,-3,-284.0,-21.745788667687595,423.36363579024413,331.29987425545903,-92.0637615347851,1306,1022,-284,30837.87,10.315568943358812,0.033450977461669085,65.42379484316348,80.78620385851642,718.8624007494828,19.213796141483584,-393.7217218079707,Review 100yr value: lower than expected return-period progression,100.0,99.87033273029272
Barangay 876,601.0,35722.65139014194,33482.502019070256,93.72905066142464,35222.6513900974,98.60032785757186,29760.46594066558,83.3097902382417,False,True,True,876,BARANGAY 876,1380614069.0,City of Manila - Santa Ana,133914000,133914069,626.0,574.0,0.03571067,U,No,11903.5558838028,9080.70636827001,8927.66689611535,9605.22994251549,11903.5558838028,9080.70636827001,0.01682405915048771,168.2405915048771,0.9372905066142464,0.9860032785757186,0.833097902382417,563,593,501,4.8712771961472185,-15.290537619330152,-10.419260423182934,1740.1493710271461,-5462.185449431821,-3722.036078404675,30,-92,-62,-52.0,-8.30670926517572,175.23895221639447,160.68236193643835,-14.556590279956112,617,566,-51,35710.67,11.98139014194021,0.0335512891299441,65.42379484316348,80.78620385851642,718.8624007494828,17.81412399905544,-550.6218092446057,Review 100yr value: lower than expected return-period progression,96.40825311930561,91.26629351080298
Barangay 877,805.0,29530.78229973546,27933.818304387267,94.5922055869055,29530.78229973546,100.0,25951.785057818823,87.88045231721242,False,True,True,877,BARANGAY 877,1380614070.0,City of Manila - Santa Ana,133914000,133914070,1784.0,1813.0,0.02952082,U,No,29520.8149064146,0.0,14760.4075672394,14453.9590147453,29520.8149064146,0.0,0.027259690983777674,272.5969098377767,0.945922055869055,1.0,0.8788045231721242,761,805,707,5.407794413094507,-12.119547682787584,-6.711753269693077,1596.9639953481928,-3578.997241916637,-1982.0332465684442,44,-98,-54,29.0,1.6255605381165918,604.1153877647126,613.9356491129058,9.820261348193185,1784,1813,29,29520.82,9.962299735459965,0.03374669042208165,65.42379484316348,80.78620385851642,718.8624007494828,19.213796141483584,-446.26549091170614,Review 100yr value: lower than expected return-period progression,97.56649251410748,93.80023232361134
Barangay 878,504.0,22348.258361734537,20448.945512931867,91.5012936665582,22348.258361734534,100.0,19101.422813561145,85.47163946460931,False,True,True,878,BARANGAY 878,1380614071.0,City of Manila - Santa Ana,133914000,133914071,1357.0,960.0,0.02234072,U,No,11170.3644463433,6343.71673009092,11170.3642045259,10377.1845539348,11170.3644463433,6343.71673009092,0.022552092956960184,225.52092956960183,0.9150129366655819,1.0,0.8547163946460931,461,504,431,8.498706333441802,-14.52836053539069,-6.029654201948887,1899.3128488026668,-3246.835548173389,-1347.522699370722,43,-73,-30,-397.0,-29.255711127487103,607.2061536229161,429.5636753706701,-177.64247825224595,1357,960,-397,22340.72,7.538361734536011,0.033742698241310085,65.42379484316348,80.78620385851642,718.8624007494828,19.213796141483584,-493.341471179881,Review 100yr value: lower than expected return-period progression,96.1755821499512,92.06397920248327
Barangay 879,544.0,42666.09487910823,35306.244249822856,82.750118917283,42466.09487914258,99.5312437181506,32368.27833400051,75.86416902159444,False,True,True,879,BARANGAY 879,1380614072.0,City of Manila - Santa Ana,133914000,133914072,925.0,538.0,0.04265184,U,No,14217.2813260633,10887.4731677464,10662.9610129496,12285.3529544405,14217.2813260633,10887.4731677464,0.012750170868493843,127.50170868493842,0.82750118917283,0.9953124371815061,0.7586416902159443,450,541,413,16.7811248008676,-23.66707469655617,-6.885949895688569,7159.850629319728,-10097.816545142072,-2937.965915822344,91,-128,-37,-387.0,-41.83783783783784,216.7997803925883,126.09543983914865,-90.70434055343965,921,535,-386,42651.840000000004,14.254879108222667,0.033421486876586484,65.42379484316348,80.78620385851642,718.8624007494828,18.74503985963419,-591.3606920645444,Review 100yr value: lower than expected return-period progression,91.97973755776019,85.86913263931123
Barangay 880,3751.0,60647.23641571915,55862.411770251645,92.11039953631372,60647.23641571915,100.0,51102.30343769615,84.2615533004748,False,True,True,880,BARANGAY 880,1380614073.0,City of Manila - Santa Ana,133914000,133914073,1471.0,3417.0,0.06062674,U,No,30313.3687450234,19579.1256148299,20208.9124948168,20684.7914689528,30313.3687450234,19579.1256148299,0.061849479410537145,618.4947941053715,0.9211039953631373,1.0,0.842615533004748,3455,3751,3161,7.889600463686278,-15.738446699525198,-7.84884623583892,4784.824645467503,-9544.932978022996,-4760.108332555494,296,-590,-294,1946.0,132.29095853161115,242.55021117808622,563.4222104660236,320.87199928793734,1471,3417,1946,60626.74,20.49641571914981,0.033807550462303944,65.42379484316348,80.78620385851642,718.8624007494828,19.213796141483584,-100.36760664411133,Review 100yr value: lower than expected return-period progression,96.44967979134118,91.73222120426834
Barangay 881,2443.0,43434.15291809788,43434.152918097134,99.99999999999828,43434.15291809624,99.99999999999622,43134.152918134576,99.30929929604244,True,True,True,881,BARANGAY 881,1380614074.0,City of Manila - Santa Ana,133914000,133914074,2496.0,2325.0,0.04341967,U,No,21709.8341469384,16772.7697893224,21709.834165625,699.328844324547,21709.8341469384,16772.7697893224,0.05624606066582377,562.4606066582377,0.9999999999999828,0.9999999999999623,0.9930929929604244,2443,2443,2426,-2.0605739337042905e-12,-0.6907007039537802,-0.6907007039558408,-8.949427865445614e-10,-299.999999961663,-299.9999999625579,0,-17,-17,-171.0,-6.850961538461539,574.6629857629805,535.293045632584,-39.36994013039646,2496,2325,-171,43419.67,14.482918097884976,0.033355661380855675,65.42379484316348,80.78620385851642,718.8624007494828,19.213796141479804,-156.40179409124516,Review 100yr value: lower than expected return-period progression,99.99999999999716,99.72371971841523
Barangay 882,1312.0,22363.944323051037,22363.944323051037,100.0,22363.944323051037,100.0,22363.94432305013,99.99999999999598,False,True,True,882,BARANGAY 882,1380614075.0,City of Manila - Santa Ana,133914000,133914075,1187.0,1298.0,0.02235652,U,No,11178.2597717329,10649.0289049678,11178.2599761838,599.89768591234,11178.2597717329,10649.0289049678,0.0586658588059393,586.6585880593931,1.0,1.0,0.9999999999999598,1312,1312,1312,0.0,-4.021671884402167e-12,-4.021671884402167e-12,0.0,-9.058567229658365e-10,-9.058567229658365e-10,0,0,0,111.0,9.351305812973884,530.7650488006857,580.3985116624178,49.63346286173214,1187,1298,111,22356.52,7.424323051036481,0.03320875991002393,65.42379484316348,80.78620385851642,718.8624007494828,19.213796141483584,-132.20381269008976,Review 100yr value: lower than expected return-period progression,100.0,99.9999999999984
Barangay 883,2239.0,49707.79011140888,44594.32384256321,89.71294789531987,49507.79011146241,99.59764857882796,42333.46312149089,85.16464527312503,False,True,True,883,BARANGAY 883,1380614076.0,City of Manila - Santa Ana,133914000,133914076,1863.0,2199.0,0.04969136,U,No,16563.7835176459,11956.7865163556,12422.8374915744,14062.043441252,16563.7835176459,11956.7865163556,0.04504324161226606,450.4324161226606,0.8971294789531987,0.9959764857882796,0.8516464527312503,2009,2230,1907,9.884700683508086,-14.433003305702925,-4.548302622194839,4913.466268899203,-7174.326989971523,-2260.8607210723203,221,-323,-102,336.0,18.035426731078903,374.79034892207085,442.38538769706594,67.59503877499509,1856,2190,334,49691.35999999999,16.43011140888848,0.033064322266262144,65.42379484316348,80.78620385851642,718.8624007494828,18.811444720311542,-268.42998462682226,Review 100yr value: lower than expected return-period progression,95.14953327124933,91.35327208566977
Barangay 884,2341.0,84099.77985527038,71593.90661517352,85.12971940994547,81082.28994488934,96.4120121175419,72403.36155529028,86.09221294026122,False,True,False,884,BARANGAY 884,1380614077.0,City of Manila - Santa Ana,133914000,133914077,2082.0,2216.0,0.08407195,U,No,21017.9858353499,19745.108171376,21017.9871650424,26293.6105109155,21017.9858353499,19745.108171376,0.027835982496371467,278.3598249637147,0.8512971940994547,0.964120121175419,0.8609221294026121,1993,2257,2015,11.28229270759644,-10.319799177280686,0.9624935303157542,9488.383329715827,-8678.928389599067,809.4549401167606,264,-242,22,134.0,6.43611911623439,247.56307371826313,263.4965280305817,15.933454312318588,2007,2136,129,84071.95000000001,27.829855270363623,0.033102426279351935,65.42379484316348,80.78620385851642,718.8624007494828,15.62580825902549,-440.50257578576816,Review 100yr value: lower than expected return-period progression,91.33498039912351,89.46351926973051
Barangay 885,694.0,31867.34995378517,17432.27805674679,54.70262849602341,25284.839864310965,79.34403049196018,15852.354633372264,49.74481610915795,False,True,True,885,BARANGAY 885,1380614078.0,City of Manila - Santa Ana,133914000,133914078,479.0,623.0,0.03185672,U,No,7964.19633469524,7348.43246628069,7964.19545412688,8817.98106655374,7964.19633469524,7348.43246628069,0.021777775717355105,217.77775717355104,0.5470262849602341,0.7934403049196018,0.4974481610915795,380,551,345,24.641401995936775,-29.59921438280223,-4.957812386865456,7852.561807564176,-9432.4852309387,-1579.9234233745246,171,-206,-35,144.0,30.062630480167012,150.31058456214834,195.49790017164594,45.1873156094976,380,494,114,31856.719999999998,10.629953785173711,0.033368010847236354,65.42379484316348,80.78620385851642,718.8624007494828,-1.4421733665562328,-501.0846435759318,Review 100yr value: lower than expected return-period progression,68.25539959378864,61.34399423985509
Barangay 886,406.0,22302.108488893817,14999.77808055997,67.25721959441493,19728.642750228297,88.4608859294758,13795.589585757349,61.85778170986562,False,True,True,886,BARANGAY 886,1380614079.0,City of Manila - Santa Ana,133914000,133914079,475.0,384.0,0.02229474,U,No,7431.58452619197,3688.82381308982,5573.68775647975,5686.03775777361,7431.58452619197,3688.82381308982,0.018204556766557887,182.0455676655789,0.6725721959441493,0.884608859294758,0.6185778170986562,273,359,251,21.20366633506086,-26.603104219610174,-5.3994378845493145,4728.864669668326,-5933.053164470948,-1204.1884948026218,86,-108,-22,-91.0,-19.157894736842103,212.9843464067733,172.18102951621253,-40.80331689056078,420,340,-80,22294.74,7.368488893815083,0.03305034682537263,65.42379484316348,80.78620385851642,718.8624007494828,7.674682070959378,-536.8168330839039,Review 100yr value: lower than expected return-period progression,78.9192360786984,72.5187276578665
Barangay 887,723.0,36041.67597548482,30095.85359749508,83.50292483059326,34715.14171407761,96.3194434623143,27641.62611534723,76.69350929781619,False,True,True,887,BARANGAY 887,1380614080.0,City of Manila - Santa Ana,133914000,133914080,717.0,665.0,0.03602984,U,No,12009.9458066396,7766.03028371364,9007.45977913332,9657.86400683197,12009.9458066396,7766.03028371364,0.020060110425824184,200.60110425824183,0.8350292483059326,0.9631944346231429,0.7669350929781619,604,696,554,12.816518631721038,-19.625934164498105,-6.8094155327770665,4619.288116582531,-7073.515598730381,-2454.2274821478495,92,-142,-50,-52.0,-7.252440725244072,198.9363648038166,184.50862286546447,-14.427741938352113,691,641,-50,36029.840000000004,11.835975484813389,0.03285048028193682,65.42379484316348,80.78620385851642,718.8624007494828,15.533239603797881,-518.261296491241,Review 100yr value: lower than expected return-period progression,90.55201007803984,85.26494013858479
Barangay 888,846.0,64884.64233859525,50649.5992633599,78.06099785377421,63886.04316574957,98.46096219867474,43826.15222075694,67.544723437102,False,True,True,888,BARANGAY 888,1380614081.0,City of Manila - Santa Ana,133914000,133914081,807.0,837.0,0.06486344,U,No,16215.8602034879,17344.2438931823,16215.8610597924,16399.1552993337,16215.8602034879,17344.2438931823,0.013038524518409419,130.38524518409417,0.780609978537742,0.9846096219867474,0.6754472343710199,660,833,571,20.399964344900525,-30.916238761572743,-10.516274416672218,13236.44390238967,-20059.89094499263,-6823.447042602958,173,-262,-89,30.0,3.717472118959108,124.37457785291254,128.99816810766765,4.623590254755115,795,824,29,64863.439999999995,21.20233859525615,0.032687656706545554,65.42379484316348,80.78620385851642,718.8624007494828,17.67475834015832,-588.4771555653887,Review 100yr value: lower than expected return-period progression,89.2809782434695,80.9944756078205
Barangay 889,952.0,61394.18532385732,42176.19553272924,68.6973779524034,61294.18532381367,99.83711812524892,35316.56415453228,57.52428176746004,False,True,True,889,BARANGAY 889,1380614082.0,City of Manila - Santa Ana,133914000,133914082,902.0,864.0,0.06137383,U,No,30686.883630571,2513.68168824272,15343.4413630715,14442.014758733,30686.883630571,2513.68168824272,0.015506354469534104,155.06354469534102,0.686973779524034,0.9983711812524892,0.5752428176746004,654,950,548,31.13974017284552,-42.31283635778888,-11.173096184943361,19117.98979108443,-25977.62116928139,-6859.631378196958,296,-402,-106,-38.0,-4.212860310421286,146.91945096134202,140.72993972350278,-6.189511237839241,901,863,-38,61373.829999999994,20.35532385732222,0.033166129370323184,65.42379484316348,80.78620385851642,718.8624007494828,19.050914266732505,-563.7988560541419,Review 100yr value: lower than expected return-period progression,85.82423504746845,75.127048538922
Barangay 890,1063.0,87314.16286954522,49240.54952492032,56.39468776501915,79441.79133938829,90.98385499965347,42653.90927153004,48.851077385072806,False,True,True,890,BARANGAY 890,1380614083.0,City of Manila - Santa Ana,133914000,133914083,1288.0,1049.0,0.08728536,U,No,21821.3348241045,18668.9710666719,21821.3352961709,13738.2423854103,21821.3348241045,18668.9710666719,0.012174428123284103,121.74428123284105,0.5639468776501915,0.9098385499965347,0.48851077385072805,599,967,519,34.589167234634324,-42.13277761458067,-7.543610379946344,30201.24181446797,-36787.88206785825,-6586.64025339028,368,-448,-80,-239.0,-18.555900621118013,147.5132965455308,120.140875835607,-27.3724207099238,1172,954,-218,87285.36,28.802869545223075,0.03299851148603051,65.42379484316348,80.78620385851642,718.8624007494828,10.197651141137058,-597.1181195166419,Review 100yr value: lower than expected return-period progression,75.41872974406803,65.48345214516263
Barangay 891,931.0,39496.893493951065,20626.10389680741,52.22209159301677,24867.86419672088,62.96156987771554,16403.39114924096,41.53083875255438,False,True,True,891,BARANGAY 891,1380614084.0,City of Manila - Santa Ana,133914000,133914084,1044.0,760.0,0.03948395,U,No,9870.99081970909,5505.48380350694,9870.98972437508,5548.77193974823,9870.99081970909,5505.48380350694,0.02357147404877759,235.7147404877759,0.5222209159301677,0.6296156987771554,0.41530838752554383,486,586,387,10.73947828469877,-21.43073112516116,-10.69125284046239,4241.760299913469,-8464.473047479918,-4222.712747566449,100,-199,-99,-284.0,-27.203065134099617,264.3245854664211,192.42019631655177,-71.90438914986936,657,479,-178,39483.95,12.943493951068376,0.03278165925918855,65.42379484316348,80.78620385851642,718.8624007494828,-17.824633980800876,-483.14766026170696,Review 100yr value: lower than expected return-period progression,58.12880464960109,51.70440785647639
Barangay 892,1294.0,28322.75632606488,26240.19207892602,92.647028335931,28322.756326061182,99.99999999998695,23916.918083585253,84.44417558885318,False,True,True,892,BARANGAY 892,1380614085.0,City of Manila - Santa Ana,133914000,133914085,1262.0,1144.0,0.02831358,U,No,14156.7856471649,12274.8332570354,9437.85734161992,7003.75180428118,14156.7856471649,12274.8332570354,0.04568764371316351,456.8764371316351,0.9264702833593099,0.9999999999998695,0.8444417558885319,1199,1294,1093,7.352971664055957,-15.55582441113377,-8.202852747077813,2082.564247135164,-4405.838242475929,-2323.2739953407654,95,-201,-106,-118.0,-9.350237717908081,445.57810174661785,403.91549001436675,-41.662611732251094,1262,1144,-118,28313.58,9.176326064876775,0.03240962840049466,65.42379484316348,80.78620385851642,718.8624007494828,19.21379614147054,-261.98596361784774,Review 100yr value: lower than expected return-period progression,96.69116275116178,91.93942731951945
Barangay 893,674.0,54086.17078418333,49980.82171751894,92.40961412660234,51533.29813582869,95.27999003933704,53698.31066757141,99.28288486504329,False,False,False,893,BARANGAY 893,1380614086.0,City of Manila - Santa Ana,133914000,133914086,881.0,662.0,0.05406879,U,No,13517.1999249605,20685.4648214629,13517.1994137895,19737.6256552099,13517.1999249605,20685.4648214629,0.012461595824363684,124.61595824363684,0.9240961412660234,0.9527999003933704,0.9928288486504329,623,642,669,2.8703759127347013,4.0028948257062495,6.873270738440951,1552.4764183097504,2165.0125317427155,3717.488950052466,19,27,46,-219.0,-24.858115777525537,162.88821841638583,122.39727649449196,-40.490941921893864,839,631,-208,54068.79,17.380784183325886,0.03214568734259799,65.42379484316348,80.78620385851642,718.8624007494828,14.49378618082062,-594.2464425058461,OK,93.98832087860643,96.16355399143586
Barangay 894,1724.0,38114.363553217656,37596.92780017693,98.64241271583025,38114.363553217656,100.0,35395.58732287743,92.86679357365075,False,True,True,894,BARANGAY 894,1380614087.0,City of Manila - Santa Ana,133914000,133914087,2279.0,1885.0,0.03810196,U,No,19050.9802113662,18533.7116840434,12700.6534653955,15370.7222090899,19050.9802113662,18533.7116840434,0.045232291432410865,452.3229143241087,0.9864241271583025,1.0,0.9286679357365075,1701,1724,1601,1.3575872841697532,-7.133206426349247,-5.775619142179494,517.4357530407287,-2718.776230340227,-2201.340477299498,23,-123,-100,-394.0,-17.288284335234753,597.9373095966611,494.5642073671374,-103.37310222952368,2279,1885,-394,38101.96,12.403553217656736,0.03255358311660801,65.42379484316348,80.78620385851642,718.8624007494828,19.213796141483584,-266.53948642537415,Review 100yr value: lower than expected return-period progression,99.38908572212361,96.80732060841785
Barangay 895,720.0,20786.035297248018,20786.035297248018,100.0,20786.035297248018,100.0,17964.03607660982,86.42358111933054,False,True,True,895,BARANGAY 895,1380614088.0,City of Manila - Santa Ana,133914000,133914088,597.0,556.0,0.02077931,U,No,20779.3017788716,0.0,10389.6510077286,4874.75119617565,20779.3017788716,0.0,0.03463864030363332,346.38640303633326,1.0,1.0,0.8642358111933054,720,720,622,0.0,-13.576418880669465,-13.576418880669465,0.0,-2821.9992206381976,-2821.9992206381976,0,-98,-98,-41.0,-6.867671691792294,287.21205918429297,267.48727790027954,-19.72478128401343,597,556,-41,20779.309999999998,6.72529724802007,0.03236535403735769,65.42379484316348,80.78620385851642,718.8624007494828,19.213796141483584,-372.4759977131496,Review 100yr value: lower than expected return-period progression,100.0,94.56943244773223
Barangay 896,1371.0,129379.63793870182,91248.00894254271,70.527333664185,129179.6379387466,99.845416169699,79415.35632790634,61.3816498431787,False,True,True,896,BARANGAY 896,1380614089.0,City of Manila - Santa Ana,133914000,133914089,1370.0,1265.0,0.12933667,U,No,43112.2246224363,30727.4532780957,32334.1689685524,35637.8758242942,43112.2246224363,30727.4532780957,0.010596721569506631,105.96721569506632,0.70527333664185,0.9984541616969901,0.613816498431787,967,1369,842,29.318082505514013,-38.46376632652031,-9.145683821006294,37931.628996203886,-49764.28161084026,-11832.652614636376,402,-527,-125,-105.0,-7.664233576642336,105.8899237798985,97.77427268727854,-8.115651092619956,1368,1263,-105,129336.66999999998,42.96793870184047,0.033221775929317236,65.42379484316348,80.78620385851642,718.8624007494828,19.05921231118259,-612.8951850544165,Review 100yr value: lower than expected return-period progression,86.6522790422177,77.13038901271239
Barangay 897,2184.0,67304.54225850532,67195.68377468866,99.83825982591404,67304.5422585053,99.99999999999996,66331.1148315329,98.55369727761666,False,True,True,897,BARANGAY 897,1380614090.0,City of Manila - Santa Ana,133914000,133914090,2219.0,2166.0,0.06728246,U,No,33641.2260560833,33423.680881585,33641.2259310863,27002.4719990237,33641.2260560833,33423.680881585,0.03244951866118674,324.49518661186744,0.9983825982591403,0.9999999999999996,0.9855369727761666,2180,2184,2152,0.16174017408592078,-1.4463027223832938,-1.284562548297373,108.85848381664255,-973.4274269723974,-864.5689431557548,4,-32,-28,-53.0,-2.388463271744029,329.6954299870576,321.82077573319816,-7.874654253859433,2219,2166,-53,67282.46,22.082258505310165,0.03282023057021126,65.42379484316348,80.78620385851642,718.8624007494828,19.21379614148354,-394.3672141376154,Review 100yr value: lower than expected return-period progression,99.9272169216613,99.38104386752516
Barangay 898,7812.0,59781.63121167143,42689.284224889765,71.4086975541667,54881.6312117765,91.80350234582042,39871.55208733313,66.69532309374127,False,True,True,898,BARANGAY 898,1380614091.0,City of Manila - Santa Ana,133914000,133914091,7444.0,7596.0,0.05976168,U,No,14940.4159262788,15023.8583376305,14940.4151343858,10877.3572711255,14940.4159262788,15023.8583376305,0.13067559117515062,1306.7559117515061,0.7140869755416669,0.9180350234582042,0.6669532309374127,5578,7172,5210,20.394804791653726,-25.108179252079154,-4.7133744604254275,12192.346986886732,-15010.079124443364,-2817.7321375566316,1594,-1962,-368,152.0,2.0419129500268673,1245.1985416126743,1270.6244118874092,25.42587027473496,6834,6973,139,59761.68,19.951211671432247,0.033384623175640726,65.42379484316348,80.78620385851642,718.8624007494828,11.017298487304004,587.8935110020233,Review 100yr value: lower than expected return-period progression,82.62584018957625,76.66152944707532
Barangay 899,1569.0,16496.462496554166,16183.801086374806,98.1046760161782,16496.462496554166,100.0,14701.026260806051,89.11623485263492,False,True,True,899,BARANGAY 899,1380614092.0,City of Manila - Santa Ana,133914000,133914092,1575.0,1562.0,0.0164909,U,No,8245.46226848604,974.073288071037,5496.97552745913,5543.67270603772,8245.46226848604,974.073288071037,0.09511130039714501,951.1130039714501,0.981046760161782,1.0,0.8911623485263491,1539,1569,1398,1.8953239838217968,-10.883765147365082,-8.988441163543285,312.66141017936025,-1795.436235748115,-1482.7748255687547,30,-171,-141,-13.0,-0.8253968253968255,954.7501473900791,946.8696699830498,-7.880477407029275,1575,1562,-13,16490.899999999998,5.56249655416832,0.033730703322246335,65.42379484316348,80.78620385851642,718.8624007494828,19.213796141483584,232.25060322196725,Review 100yr value: lower than expected return-period progression,99.1471042072802,95.17266294509852
Barangay 900,8689.0,65079.20022115357,33438.32948787669,51.3809779072973,63026.896488697086,96.84645212989356,35642.97973268299,54.768619791823234,False,True,False,900,BARANGAY 900,1380614093.0,City of Manila - Santa Ana,133914000,133914093,8082.0,8581.0,0.06505738,U,No,16264.3452689497,18399.3248100161,16264.3462083089,12185.1346760248,16264.3452689497,18399.3248100161,0.13351424065558348,1335.142406555835,0.513809779072973,0.9684645212989357,0.5476861979182324,4464,8415,4759,45.465474222596264,-42.07783233807033,3.3876418845259337,29588.567000820396,-27383.9167560141,2204.6502448062965,3951,-3656,295,499.0,6.17421430339025,1241.8714385757,1318.547242565959,76.67580399025906,7827,8310,483,65057.38,21.820221153575403,0.033539962958199984,65.42379484316348,80.78620385851642,718.8624007494828,16.060248271377148,616.280005806352,Review 100yr value: lower than expected return-period progression,76.38698872972525,68.64895063901636
Barangay 901,1616.0,7529.89878250956,7302.340410854769,96.97793584977047,7529.89878250956,100.0,6768.296111213896,89.88561874078952,False,True,True,901,BARANGAY 901,1380614094.0,City of Manila - Santa Ana,133914000,133914094,1639.0,1610.0,0.00752739,U,No,3763.68422163476,957.638916459342,3763.68540774588,2359.01847538256,3763.68422163476,957.638916459342,0.21461111851246167,2146.111185124617,0.9697793584977048,1.0,0.8988561874078953,1567,1616,1453,3.022064150229525,-10.114381259210475,-7.09231710898095,227.5583716547908,-761.6026712956636,-534.0442996408729,49,-163,-114,-29.0,-1.7693715680292863,2176.6560844178507,2138.142950526382,-38.5131338914689,1639,1610,-29,7527.39,2.508782509559751,0.033328716986362486,65.42379484316348,80.78620385851642,718.8624007494828,19.213796141483584,1427.2487843751342,Review 100yr value: lower than expected return-period progression,98.64007113239671,95.19873145875843
Barangay 902,1337.0,11874.245868347767,11040.943559900712,92.98227173593968,11874.245868347763,100.0,10104.08690687402,85.09245150302709,False,True,True,902,BARANGAY 902,1380614095.0,City of Manila - Santa Ana,133914000,133914095,1559.0,1328.0,0.01187023,U,No,5935.12512289011,962.477118295858,5935.12390416593,3371.79028349901,5935.12512289011,962.477118295858,0.11259662422553794,1125.9662422553793,0.9298227173593968,1.0,0.8509245150302709,1243,1337,1138,7.017728264060324,-14.907548496972908,-7.889820232912584,833.3023084470515,-1770.158961473744,-936.8566530266926,94,-199,-105,-231.0,-14.817190506735086,1312.9254836769906,1118.3868135490977,-194.53867012789283,1559,1328,-231,11870.230000000001,4.015868347765718,0.03383142826858213,65.42379484316348,80.78620385851642,718.8624007494828,19.213796141483584,407.1038415058964,Review 100yr value: lower than expected return-period progression,96.84202228117286,92.28254853519576
Barangay 903,3879.0,26182.28768385125,26182.28768385125,100.0,26182.28768385125,100.0,24928.386739265377,95.21088088357055,False,True,True,903,BARANGAY 903,1380614096.0,City of Manila - Santa Ana,133914000,133914096,3115.0,3691.0,0.02617345,U,No,13086.7295022972,12851.652269998,13086.7291531992,8207.10284576243,13086.7295022972,12851.652269998,0.14815359325504987,1481.5359325504987,1.0,1.0,0.9521088088357055,3879,3879,3693,0.0,-4.789119116429447,-4.789119116429447,0.0,-1253.900944585872,-1253.900944585872,0,-186,-186,576.0,18.491171749598717,1189.7356096661003,1409.7316646155944,219.996054949494,3115,3691,576,26173.45,8.837683851248585,0.03376583465782533,65.42379484316348,80.78620385851642,718.8624007494828,19.213796141483584,762.6735318010159,Review 100yr value: lower than expected return-period progression,100.0,98.08435235342822
Barangay 904,1799.0,13260.090241866024,6229.751528817908,46.98121517415274,13260.090241866024,100.0,5539.093881851076,41.77267108154754,False,True,True,904,BARANGAY 904,1380614097.0,City of Manila - Santa Ana,133914000,133914097,1795.0,1797.0,0.01325564,U,No,6627.8207442814,5846.68408493396,6627.82075587031,6527.85423909972,6627.8207442814,5846.68408493396,0.135670268239957,1356.70268239957,0.46981215174152735,1.0,0.4177267108154754,845,1799,751,53.01878482584726,-58.22732891845246,-5.2085440926051945,7030.338713048116,-7720.996360014949,-690.6576469668325,954,-1048,-94,2.0,0.11142061281337048,1353.6861116771697,1355.19439703837,1.508285361200251,1795,1797,2,13255.640000000001,4.450241866023134,0.033572440606588094,65.42379484316348,80.78620385851642,718.8624007494828,19.213796141483584,637.8402816500871,Review 100yr value: lower than expected return-period progression,76.14154682836875,63.454372226157204
Barangay 905,7428.0,163191.94230258034,71269.50830628216,43.67219808814989,101844.24603526643,62.40764378331448,73878.0461272829,45.27064577140875,False,True,False,905,BARANGAY 905,1380614098.0,City of Manila - Santa Ana,133914000,133914098,6527.0,7385.0,0.16313673,U,No,40784.183145566,17401.0852329626,40784.1822311571,15042.1894973213,40784.183145566,17401.0852329626,0.045516953197526536,455.16953197526533,0.4367219808814989,0.6240764378331448,0.4527064577140875,3244,4636,3363,18.735445695164586,-17.136998011905725,1.5984476832588612,30574.73772898427,-27966.199907983537,2608.537821000733,1392,-1273,119,858.0,13.145396047188601,399.95847269824407,452.5345979587149,52.57612526047086,4073,4609,536,163136.73,55.21230258033029,0.03384418860199679,65.42379484316348,80.78620385851642,718.8624007494828,-18.37856007520194,-263.6928687742175,Review 100yr value: lower than expected return-period progression,53.97669322049042,50.86898315476104
